Art;Modell;Speicher GB;Anbieter;Anbietertyp;Tarif;Band;Zustand;Zuzahlung EUR;Tarif/Monat EUR;Geräterate EUR;Bündel/Monat EUR;Laufzeit Monate;Anschlusspreis EUR;Leitzahl-Zeitraum Monate;Kosten über 24 Monate EUR;Kosten über die Bündellaufzeit EUR;Abgerufen am;Quelle;SKU-ID;Status;Lücke
Bündel;iPhone 15;128;1&1;netzbetreiber;1&1 All-Net-Flat L;L;neu;;;;42,99;36;39,90;36;;;2026-10-07;https://mobile.1und1.de/smartphones-all-net-flat-l;apple-iphone-15-128gb-blau;Schätzung;Gerätezuzahlung
Bündel;iPhone 15;128;1&1;netzbetreiber;1&1 All-Net-Flat M;M;neu;;;;37,99;36;39,90;36;;;2026-10-07;https://mobile.1und1.de/smartphones-all-net-flat-m;apple-iphone-15-128gb-blau;Schätzung;Gerätezuzahlung
Bündel;iPhone 15;128;1&1;netzbetreiber;1&1 All-Net-Flat S;XS;neu;220,00;;;32,99;36;39,90;36;;1447,54;2026-10-07;https://mobile.1und1.de/iphone-15;apple-iphone-15-128gb-blau;;
Bündel;iPhone 15;128;1&1;netzbetreiber;1&1 Unlimited on demand L;L;neu;;;;47,99;36;39,90;36;;;2026-10-07;https://mobile.1und1.de/smartphones-unlimited-l;apple-iphone-15-128gb-blau;Schätzung;Gerätezuzahlung
Bündel;iPhone 15;128;1&1;netzbetreiber;1&1 Unlimited on demand M;M;neu;;;;42,99;36;39,90;36;;;2026-10-07;https://mobile.1und1.de/smartphones-unlimited-m;apple-iphone-15-128gb-blau;Schätzung;Gerätezuzahlung
Bündel;iPhone 15;128;1&1;netzbetreiber;1&1 Unlimited on demand S;XS;neu;;;;37,99;36;39,90;36;;;2026-10-07;https://mobile.1und1.de/smartphones-unlimited-s;apple-iphone-15-128gb-blau;Schätzung;Gerätezuzahlung
Bündel;iPhone 15;128;1&1;netzbetreiber;1&1 Unlimited XL;;neu;;;;57,99;36;39,90;36;;;2026-10-07;https://mobile.1und1.de/smartphones-unlimited-xl;apple-iphone-15-128gb-blau;Schätzung;Gerätezuzahlung
Bündel;iPhone 15;128;1&1;netzbetreiber;1&1 All-Net-Flat S;XS;neu;220,00;;;32,99;36;39,90;36;;1447,54;2026-09-14;https://mobile.1und1.de/iphone-15;apple-iphone-15-128gb-schwarz;veraltet;
Bündel;iPhone 15;256;1&1;netzbetreiber;1&1 All-Net-Flat L;L;neu;;;;46,99;36;39,90;36;;;2026-10-01;https://mobile.1und1.de/smartphones-all-net-flat-l;apple-iphone-15-256gb-blau;Schätzung;Gerätezuzahlung
Bündel;iPhone 15;256;1&1;netzbetreiber;1&1 All-Net-Flat M;M;neu;;;;41,99;36;39,90;36;;;2026-10-01;https://mobile.1und1.de/smartphones-all-net-flat-m;apple-iphone-15-256gb-blau;Schätzung;Gerätezuzahlung
Bündel;iPhone 15;256;1&1;netzbetreiber;1&1 All-Net-Flat S;XS;neu;270,00;;;36,99;36;39,90;36;;1641,54;2026-10-01;https://mobile.1und1.de/iphone-15;apple-iphone-15-256gb-blau;veraltet;
Bündel;iPhone 15;256;1&1;netzbetreiber;1&1 Unlimited on demand L;L;neu;;;;51,99;36;39,90;36;;;2026-10-01;https://mobile.1und1.de/smartphones-unlimited-l;apple-iphone-15-256gb-blau;Schätzung;Gerätezuzahlung
Bündel;iPhone 15;256;1&1;netzbetreiber;1&1 Unlimited on demand M;M;neu;;;;46,99;36;39,90;36;;;2026-10-01;https://mobile.1und1.de/smartphones-unlimited-m;apple-iphone-15-256gb-blau;Schätzung;Gerätezuzahlung
Bündel;iPhone 15;256;1&1;netzbetreiber;1&1 Unlimited on demand S;XS;neu;;;;41,99;36;39,90;36;;;2026-10-01;https://mobile.1und1.de/smartphones-unlimited-s;apple-iphone-15-256gb-blau;Schätzung;Gerätezuzahlung
Bündel;iPhone 15;256;1&1;netzbetreiber;1&1 All-Net-Flat S;XS;neu;270,00;;;36,99;36;39,90;36;;1641,54;2026-09-14;https://mobile.1und1.de/iphone-15;apple-iphone-15-256gb-schwarz;veraltet;
Bündel;iPhone 16;128;1&1;netzbetreiber;1&1 All-Net-Flat L;L;neu;;;;47,99;36;39,90;36;;;2026-10-07;https://mobile.1und1.de/smartphones-all-net-flat-l;apple-iphone-16-128gb-blau;Schätzung;Gerätezuzahlung
Bündel;iPhone 16;128;1&1;netzbetreiber;1&1 All-Net-Flat M;M;neu;;;;42,99;36;39,90;36;;;2026-10-07;https://mobile.1und1.de/smartphones-all-net-flat-m;apple-iphone-16-128gb-blau;Schätzung;Gerätezuzahlung
Bündel;iPhone 16;128;1&1;netzbetreiber;1&1 All-Net-Flat S;XS;neu;280,00;;;37,99;36;39,90;36;;1687,54;2026-10-07;https://mobile.1und1.de/iphone-16;apple-iphone-16-128gb-blau;;
Bündel;iPhone 16;128;1&1;netzbetreiber;1&1 Unlimited on demand L;L;neu;;;;52,99;36;39,90;36;;;2026-10-07;https://mobile.1und1.de/smartphones-unlimited-l;apple-iphone-16-128gb-blau;Schätzung;Gerätezuzahlung
Bündel;iPhone 16;128;1&1;netzbetreiber;1&1 Unlimited on demand M;M;neu;;;;47,99;36;39,90;36;;;2026-10-07;https://mobile.1und1.de/smartphones-unlimited-m;apple-iphone-16-128gb-blau;Schätzung;Gerätezuzahlung
Bündel;iPhone 16;128;1&1;netzbetreiber;1&1 Unlimited on demand S;XS;neu;;;;42,99;36;39,90;36;;;2026-10-07;https://mobile.1und1.de/smartphones-unlimited-s;apple-iphone-16-128gb-blau;Schätzung;Gerätezuzahlung
Bündel;iPhone 16;128;1&1;netzbetreiber;1&1 Unlimited XL;;neu;;;;62,99;36;39,90;36;;;2026-10-07;https://mobile.1und1.de/smartphones-unlimited-xl;apple-iphone-16-128gb-blau;Schätzung;Gerätezuzahlung
Bündel;iPhone 16 Plus;128;1&1;netzbetreiber;1&1 All-Net-Flat L;L;neu;;;;49,99;36;39,90;36;;;2026-10-07;https://mobile.1und1.de/smartphones-all-net-flat-l;apple-iphone-16-plus-128gb-blau;Schätzung;Gerätezuzahlung
Bündel;iPhone 16 Plus;128;1&1;netzbetreiber;1&1 All-Net-Flat M;M;neu;;;;44,99;36;39,90;36;;;2026-10-07;https://mobile.1und1.de/smartphones-all-net-flat-m;apple-iphone-16-plus-128gb-blau;Schätzung;Gerätezuzahlung
Bündel;iPhone 16 Plus;128;1&1;netzbetreiber;1&1 All-Net-Flat S;XS;neu;300,00;;;39,99;36;39,90;36;;1779,54;2026-10-07;https://mobile.1und1.de/iphone-16-plus;apple-iphone-16-plus-128gb-blau;;
Bündel;iPhone 16 Plus;128;1&1;netzbetreiber;1&1 Unlimited on demand L;L;neu;;;;54,99;36;39,90;36;;;2026-10-07;https://mobile.1und1.de/smartphones-unlimited-l;apple-iphone-16-plus-128gb-blau;Schätzung;Gerätezuzahlung
Bündel;iPhone 16 Plus;128;1&1;netzbetreiber;1&1 Unlimited on demand M;M;neu;;;;49,99;36;39,90;36;;;2026-10-07;https://mobile.1und1.de/smartphones-unlimited-m;apple-iphone-16-plus-128gb-blau;Schätzung;Gerätezuzahlung
Bündel;iPhone 16 Plus;128;1&1;netzbetreiber;1&1 Unlimited on demand S;XS;neu;;;;44,99;36;39,90;36;;;2026-10-07;https://mobile.1und1.de/smartphones-unlimited-s;apple-iphone-16-plus-128gb-blau;Schätzung;Gerätezuzahlung
Bündel;iPhone 16 Plus;128;1&1;netzbetreiber;1&1 Unlimited XL;;neu;;;;64,99;36;39,90;36;;;2026-10-07;https://mobile.1und1.de/smartphones-unlimited-xl;apple-iphone-16-plus-128gb-blau;Schätzung;Gerätezuzahlung
Bündel;iPhone 16 Plus;256;1&1;netzbetreiber;1&1 All-Net-Flat L;L;neu;;;;53,99;36;39,90;36;;;2026-10-07;https://mobile.1und1.de/smartphones-all-net-flat-l;apple-iphone-16-plus-256gb-blau;Schätzung;Gerätezuzahlung
Bündel;iPhone 16 Plus;256;1&1;netzbetreiber;1&1 All-Net-Flat M;M;neu;;;;48,99;36;39,90;36;;;2026-10-07;https://mobile.1und1.de/smartphones-all-net-flat-m;apple-iphone-16-plus-256gb-blau;Schätzung;Gerätezuzahlung
Bündel;iPhone 16 Plus;256;1&1;netzbetreiber;1&1 All-Net-Flat S;XS;neu;350,00;;;43,99;36;39,90;36;;1973,54;2026-10-07;https://mobile.1und1.de/iphone-16-plus;apple-iphone-16-plus-256gb-blau;;
Bündel;iPhone 16 Plus;256;1&1;netzbetreiber;1&1 Unlimited on demand L;L;neu;;;;58,99;36;39,90;36;;;2026-10-07;https://mobile.1und1.de/smartphones-unlimited-l;apple-iphone-16-plus-256gb-blau;Schätzung;Gerätezuzahlung
Bündel;iPhone 16 Plus;256;1&1;netzbetreiber;1&1 Unlimited on demand M;M;neu;;;;53,99;36;39,90;36;;;2026-10-07;https://mobile.1und1.de/smartphones-unlimited-m;apple-iphone-16-plus-256gb-blau;Schätzung;Gerätezuzahlung
Bündel;iPhone 16 Plus;256;1&1;netzbetreiber;1&1 Unlimited on demand S;XS;neu;;;;48,99;36;39,90;36;;;2026-10-07;https://mobile.1und1.de/smartphones-unlimited-s;apple-iphone-16-plus-256gb-blau;Schätzung;Gerätezuzahlung
Bündel;iPhone 16e;128;1&1;netzbetreiber;1&1 All-Net-Flat L;L;neu;;;;39,99;36;39,90;36;;;2026-10-07;https://mobile.1und1.de/smartphones-all-net-flat-l;apple-iphone-16e-128gb-schwarz;Schätzung;Gerätezuzahlung
Bündel;iPhone 16e;128;1&1;netzbetreiber;1&1 All-Net-Flat M;M;neu;;;;34,99;36;39,90;36;;;2026-10-07;https://mobile.1und1.de/smartphones-all-net-flat-m;apple-iphone-16e-128gb-schwarz;Schätzung;Gerätezuzahlung
Bündel;iPhone 16e;128;1&1;netzbetreiber;1&1 All-Net-Flat S;XS;neu;180,00;;;29,99;36;39,90;36;;1299,54;2026-10-07;https://mobile.1und1.de/iphone-16e;apple-iphone-16e-128gb-schwarz;;
Bündel;iPhone 16e;128;1&1;netzbetreiber;1&1 Unlimited on demand L;L;neu;;;;44,99;36;39,90;36;;;2026-10-07;https://mobile.1und1.de/smartphones-unlimited-l;apple-iphone-16e-128gb-schwarz;Schätzung;Gerätezuzahlung
Bündel;iPhone 16e;128;1&1;netzbetreiber;1&1 Unlimited on demand M;M;neu;;;;39,99;36;39,90;36;;;2026-10-07;https://mobile.1und1.de/smartphones-unlimited-m;apple-iphone-16e-128gb-schwarz;Schätzung;Gerätezuzahlung
Bündel;iPhone 16e;128;1&1;netzbetreiber;1&1 Unlimited on demand S;XS;neu;;;;34,99;36;39,90;36;;;2026-10-07;https://mobile.1und1.de/smartphones-unlimited-s;apple-iphone-16e-128gb-schwarz;Schätzung;Gerätezuzahlung
Bündel;iPhone 16e;128;1&1;netzbetreiber;1&1 Unlimited XL;;neu;;;;54,99;36;39,90;36;;;2026-10-07;https://mobile.1und1.de/smartphones-unlimited-xl;apple-iphone-16e-128gb-schwarz;Schätzung;Gerätezuzahlung
Bündel;iPhone 17;256;1&1;netzbetreiber;1&1 All-Net-Flat L;L;neu;;;;52,99;36;39,90;36;;;2026-10-07;https://mobile.1und1.de/smartphones-all-net-flat-l;apple-iphone-17-256gb-nebelblau;Schätzung;Gerätezuzahlung
Bündel;iPhone 17;256;1&1;netzbetreiber;1&1 All-Net-Flat M;M;neu;;;;47,99;36;39,90;36;;;2026-10-07;https://mobile.1und1.de/smartphones-all-net-flat-m;apple-iphone-17-256gb-nebelblau;Schätzung;Gerätezuzahlung
Bündel;iPhone 17;256;1&1;netzbetreiber;1&1 All-Net-Flat S;XS;neu;340,00;;;42,99;36;39,90;36;;1927,54;2026-10-07;https://mobile.1und1.de/iphone-17;apple-iphone-17-256gb-nebelblau;;
Bündel;iPhone 17;256;1&1;netzbetreiber;1&1 Unlimited on demand L;L;neu;;;;57,99;36;39,90;36;;;2026-10-07;https://mobile.1und1.de/smartphones-unlimited-l;apple-iphone-17-256gb-nebelblau;Schätzung;Gerätezuzahlung
Bündel;iPhone 17;256;1&1;netzbetreiber;1&1 Unlimited on demand M;M;neu;;;;52,99;36;39,90;36;;;2026-10-07;https://mobile.1und1.de/smartphones-unlimited-m;apple-iphone-17-256gb-nebelblau;Schätzung;Gerätezuzahlung
Bündel;iPhone 17;256;1&1;netzbetreiber;1&1 Unlimited on demand S;XS;neu;;;;47,99;36;39,90;36;;;2026-10-07;https://mobile.1und1.de/smartphones-unlimited-s;apple-iphone-17-256gb-nebelblau;Schätzung;Gerätezuzahlung
Bündel;iPhone 17;256;1&1;netzbetreiber;1&1 Unlimited XL;;neu;;;;67,99;36;39,90;36;;;2026-10-07;https://mobile.1und1.de/smartphones-unlimited-xl;apple-iphone-17-256gb-nebelblau;Schätzung;Gerätezuzahlung
Bündel;iPhone 17;512;1&1;netzbetreiber;1&1 All-Net-Flat L;L;neu;;;;59,99;36;39,90;36;;;2026-10-07;https://mobile.1und1.de/smartphones-all-net-flat-l;apple-iphone-17-512gb-nebelblau;Schätzung;Gerätezuzahlung
Bündel;iPhone 17;512;1&1;netzbetreiber;1&1 All-Net-Flat M;M;neu;;;;54,99;36;39,90;36;;;2026-10-07;https://mobile.1und1.de/smartphones-all-net-flat-m;apple-iphone-17-512gb-nebelblau;Schätzung;Gerätezuzahlung
Bündel;iPhone 17;512;1&1;netzbetreiber;1&1 All-Net-Flat S;XS;neu;420,00;;;49,99;36;39,90;36;;2259,54;2026-10-07;https://mobile.1und1.de/iphone-17;apple-iphone-17-512gb-nebelblau;;
Bündel;iPhone 17;512;1&1;netzbetreiber;1&1 Unlimited on demand L;L;neu;;;;64,99;36;39,90;36;;;2026-10-07;https://mobile.1und1.de/smartphones-unlimited-l;apple-iphone-17-512gb-nebelblau;Schätzung;Gerätezuzahlung
Bündel;iPhone 17;512;1&1;netzbetreiber;1&1 Unlimited on demand M;M;neu;;;;59,99;36;39,90;36;;;2026-10-07;https://mobile.1und1.de/smartphones-unlimited-m;apple-iphone-17-512gb-nebelblau;Schätzung;Gerätezuzahlung
Bündel;iPhone 17;512;1&1;netzbetreiber;1&1 Unlimited on demand S;XS;neu;;;;54,99;36;39,90;36;;;2026-10-07;https://mobile.1und1.de/smartphones-unlimited-s;apple-iphone-17-512gb-nebelblau;Schätzung;Gerätezuzahlung
Bündel;iPhone 17 Pro;1024;1&1;netzbetreiber;1&1 All-Net-Flat L;L;neu;;;;68,99;36;39,90;36;;;2026-10-01;https://mobile.1und1.de/smartphones-all-net-flat-l;apple-iphone-17-pro-1024gb-cosmic-orange;Schätzung;Gerätezuzahlung
Bündel;iPhone 17 Pro;1024;1&1;netzbetreiber;1&1 All-Net-Flat M;M;neu;;;;63,99;36;39,90;36;;;2026-10-01;https://mobile.1und1.de/smartphones-all-net-flat-m;apple-iphone-17-pro-1024gb-cosmic-orange;Schätzung;Gerätezuzahlung
Bündel;iPhone 17 Pro;1024;1&1;netzbetreiber;1&1 All-Net-Flat S;XS;neu;530,00;;;58,99;36;39,90;36;;2693,54;2026-10-01;https://mobile.1und1.de/iphone-17-pro;apple-iphone-17-pro-1024gb-cosmic-orange;veraltet;
Bündel;iPhone 17 Pro;1024;1&1;netzbetreiber;1&1 Unlimited on demand L;L;neu;;;;73,99;36;39,90;36;;;2026-10-01;https://mobile.1und1.de/smartphones-unlimited-l;apple-iphone-17-pro-1024gb-cosmic-orange;Schätzung;Gerätezuzahlung
Bündel;iPhone 17 Pro;1024;1&1;netzbetreiber;1&1 Unlimited on demand M;M;neu;;;;68,99;36;39,90;36;;;2026-10-01;https://mobile.1und1.de/smartphones-unlimited-m;apple-iphone-17-pro-1024gb-cosmic-orange;Schätzung;Gerätezuzahlung
Bündel;iPhone 17 Pro;1024;1&1;netzbetreiber;1&1 Unlimited on demand S;XS;neu;;;;63,99;36;39,90;36;;;2026-10-01;https://mobile.1und1.de/smartphones-unlimited-s;apple-iphone-17-pro-1024gb-cosmic-orange;Schätzung;Gerätezuzahlung
Bündel;iPhone 17 Pro;1024;1&1;netzbetreiber;1&1 All-Net-Flat S;XS;neu;530,00;;;58,99;36;39,90;36;;2693,54;2026-09-09;https://mobile.1und1.de/iphone-17-pro;apple-iphone-17-pro-1024gb-tiefblau;veraltet;
Bündel;iPhone 17 Pro;256;1&1;netzbetreiber;1&1 All-Net-Flat L;L;neu;;;;54,99;36;39,90;36;;;2026-10-07;https://mobile.1und1.de/smartphones-all-net-flat-l;apple-iphone-17-pro-256gb-cosmic-orange;Schätzung;Gerätezuzahlung
Bündel;iPhone 17 Pro;256;1&1;netzbetreiber;1&1 All-Net-Flat M;M;neu;;;;49,99;36;39,90;36;;;2026-10-07;https://mobile.1und1.de/smartphones-all-net-flat-m;apple-iphone-17-pro-256gb-cosmic-orange;Schätzung;Gerätezuzahlung
Bündel;iPhone 17 Pro;256;1&1;netzbetreiber;1&1 All-Net-Flat S;XS;neu;360,00;;;44,99;36;39,90;36;;2019,54;2026-10-07;https://mobile.1und1.de/iphone-17-pro;apple-iphone-17-pro-256gb-cosmic-orange;;
Bündel;iPhone 17 Pro;256;1&1;netzbetreiber;1&1 Unlimited on demand L;L;neu;;;;59,99;36;39,90;36;;;2026-10-07;https://mobile.1und1.de/smartphones-unlimited-l;apple-iphone-17-pro-256gb-cosmic-orange;Schätzung;Gerätezuzahlung
Bündel;iPhone 17 Pro;256;1&1;netzbetreiber;1&1 Unlimited on demand M;M;neu;;;;54,99;36;39,90;36;;;2026-10-07;https://mobile.1und1.de/smartphones-unlimited-m;apple-iphone-17-pro-256gb-cosmic-orange;Schätzung;Gerätezuzahlung
Bündel;iPhone 17 Pro;256;1&1;netzbetreiber;1&1 Unlimited on demand S;XS;neu;;;;49,99;36;39,90;36;;;2026-10-07;https://mobile.1und1.de/smartphones-unlimited-s;apple-iphone-17-pro-256gb-cosmic-orange;Schätzung;Gerätezuzahlung
Bündel;iPhone 17 Pro;256;1&1;netzbetreiber;1&1 Unlimited XL;;neu;;;;69,99;36;39,90;36;;;2026-10-07;https://mobile.1und1.de/smartphones-unlimited-xl;apple-iphone-17-pro-256gb-cosmic-orange;Schätzung;Gerätezuzahlung
Bündel;iPhone 17 Pro;512;1&1;netzbetreiber;1&1 All-Net-Flat L;L;neu;;;;61,99;36;39,90;36;;;2026-10-07;https://mobile.1und1.de/smartphones-all-net-flat-l;apple-iphone-17-pro-512gb-tiefblau;Schätzung;Gerätezuzahlung
Bündel;iPhone 17 Pro;512;1&1;netzbetreiber;1&1 All-Net-Flat M;M;neu;;;;56,99;36;39,90;36;;;2026-10-07;https://mobile.1und1.de/smartphones-all-net-flat-m;apple-iphone-17-pro-512gb-tiefblau;Schätzung;Gerätezuzahlung
Bündel;iPhone 17 Pro;512;1&1;netzbetreiber;1&1 All-Net-Flat S;XS;neu;450,00;;;51,99;36;39,90;36;;2361,54;2026-10-07;https://mobile.1und1.de/iphone-17-pro;apple-iphone-17-pro-512gb-tiefblau;;
Bündel;iPhone 17 Pro;512;1&1;netzbetreiber;1&1 Unlimited on demand L;L;neu;;;;66,99;36;39,90;36;;;2026-10-07;https://mobile.1und1.de/smartphones-unlimited-l;apple-iphone-17-pro-512gb-tiefblau;Schätzung;Gerätezuzahlung
Bündel;iPhone 17 Pro;512;1&1;netzbetreiber;1&1 Unlimited on demand M;M;neu;;;;61,99;36;39,90;36;;;2026-10-07;https://mobile.1und1.de/smartphones-unlimited-m;apple-iphone-17-pro-512gb-tiefblau;Schätzung;Gerätezuzahlung
Bündel;iPhone 17 Pro;512;1&1;netzbetreiber;1&1 Unlimited on demand S;XS;neu;;;;56,99;36;39,90;36;;;2026-10-07;https://mobile.1und1.de/smartphones-unlimited-s;apple-iphone-17-pro-512gb-tiefblau;Schätzung;Gerätezuzahlung
Bündel;iPhone 17 Pro Max;1024;1&1;netzbetreiber;1&1 All-Net-Flat L;L;neu;;;;75,99;36;39,90;36;;;2026-10-07;https://mobile.1und1.de/smartphones-all-net-flat-l;apple-iphone-17-pro-max-1024gb-silber;Schätzung;Gerätezuzahlung
Bündel;iPhone 17 Pro Max;1024;1&1;netzbetreiber;1&1 All-Net-Flat M;M;neu;;;;70,99;36;39,90;36;;;2026-10-07;https://mobile.1und1.de/smartphones-all-net-flat-m;apple-iphone-17-pro-max-1024gb-silber;Schätzung;Gerätezuzahlung
Bündel;iPhone 17 Pro Max;1024;1&1;netzbetreiber;1&1 All-Net-Flat S;XS;neu;620,00;;;65,99;36;39,90;36;;3035,54;2026-10-07;https://mobile.1und1.de/iphone-17-pro-max;apple-iphone-17-pro-max-1024gb-silber;;
Bündel;iPhone 17 Pro Max;1024;1&1;netzbetreiber;1&1 Unlimited on demand L;L;neu;;;;80,99;36;39,90;36;;;2026-10-07;https://mobile.1und1.de/smartphones-unlimited-l;apple-iphone-17-pro-max-1024gb-silber;Schätzung;Gerätezuzahlung
Bündel;iPhone 17 Pro Max;1024;1&1;netzbetreiber;1&1 Unlimited on demand M;M;neu;;;;75,99;36;39,90;36;;;2026-10-07;https://mobile.1und1.de/smartphones-unlimited-m;apple-iphone-17-pro-max-1024gb-silber;Schätzung;Gerätezuzahlung
Bündel;iPhone 17 Pro Max;1024;1&1;netzbetreiber;1&1 Unlimited on demand S;XS;neu;;;;70,99;36;39,90;36;;;2026-10-07;https://mobile.1und1.de/smartphones-unlimited-s;apple-iphone-17-pro-max-1024gb-silber;Schätzung;Gerätezuzahlung
Bündel;iPhone 17 Pro Max;2048;1&1;netzbetreiber;1&1 All-Net-Flat L;L;neu;;;;88,99;36;39,90;36;;;2026-10-07;https://mobile.1und1.de/smartphones-all-net-flat-l;apple-iphone-17-pro-max-2048gb-silber;Schätzung;Gerätezuzahlung
Bündel;iPhone 17 Pro Max;2048;1&1;netzbetreiber;1&1 All-Net-Flat M;M;neu;;;;83,99;36;39,90;36;;;2026-10-07;https://mobile.1und1.de/smartphones-all-net-flat-m;apple-iphone-17-pro-max-2048gb-silber;Schätzung;Gerätezuzahlung
Bündel;iPhone 17 Pro Max;2048;1&1;netzbetreiber;1&1 All-Net-Flat S;XS;neu;770,00;;;78,99;36;39,90;36;;3653,54;2026-10-07;https://mobile.1und1.de/iphone-17-pro-max;apple-iphone-17-pro-max-2048gb-silber;;
Bündel;iPhone 17 Pro Max;2048;1&1;netzbetreiber;1&1 Unlimited on demand L;L;neu;;;;93,99;36;39,90;36;;;2026-10-07;https://mobile.1und1.de/smartphones-unlimited-l;apple-iphone-17-pro-max-2048gb-silber;Schätzung;Gerätezuzahlung
Bündel;iPhone 17 Pro Max;2048;1&1;netzbetreiber;1&1 Unlimited on demand M;M;neu;;;;88,99;36;39,90;36;;;2026-10-07;https://mobile.1und1.de/smartphones-unlimited-m;apple-iphone-17-pro-max-2048gb-silber;Schätzung;Gerätezuzahlung
Bündel;iPhone 17 Pro Max;2048;1&1;netzbetreiber;1&1 Unlimited on demand S;XS;neu;;;;83,99;36;39,90;36;;;2026-10-07;https://mobile.1und1.de/smartphones-unlimited-s;apple-iphone-17-pro-max-2048gb-silber;Schätzung;Gerätezuzahlung
Bündel;iPhone 17 Pro Max;256;1&1;netzbetreiber;1&1 All-Net-Flat L;L;neu;;;;59,99;36;39,90;36;;;2026-10-07;https://mobile.1und1.de/smartphones-all-net-flat-l;apple-iphone-17-pro-max-256gb-silber;Schätzung;Gerätezuzahlung
Bündel;iPhone 17 Pro Max;256;1&1;netzbetreiber;1&1 All-Net-Flat M;M;neu;;;;54,99;36;39,90;36;;;2026-10-07;https://mobile.1und1.de/smartphones-all-net-flat-m;apple-iphone-17-pro-max-256gb-silber;Schätzung;Gerätezuzahlung
Bündel;iPhone 17 Pro Max;256;1&1;netzbetreiber;1&1 All-Net-Flat S;XS;neu;420,00;;;49,99;36;39,90;36;;2259,54;2026-10-07;https://mobile.1und1.de/iphone-17-pro-max;apple-iphone-17-pro-max-256gb-silber;;
Bündel;iPhone 17 Pro Max;256;1&1;netzbetreiber;1&1 Unlimited on demand L;L;neu;;;;64,99;36;39,90;36;;;2026-10-07;https://mobile.1und1.de/smartphones-unlimited-l;apple-iphone-17-pro-max-256gb-silber;Schätzung;Gerätezuzahlung
Bündel;iPhone 17 Pro Max;256;1&1;netzbetreiber;1&1 Unlimited on demand M;M;neu;;;;59,99;36;39,90;36;;;2026-10-07;https://mobile.1und1.de/smartphones-unlimited-m;apple-iphone-17-pro-max-256gb-silber;Schätzung;Gerätezuzahlung
Bündel;iPhone 17 Pro Max;256;1&1;netzbetreiber;1&1 Unlimited on demand S;XS;neu;;;;54,99;36;39,90;36;;;2026-10-07;https://mobile.1und1.de/smartphones-unlimited-s;apple-iphone-17-pro-max-256gb-silber;Schätzung;Gerätezuzahlung
Bündel;iPhone 17 Pro Max;256;1&1;netzbetreiber;1&1 Unlimited XL;;neu;;;;74,99;36;39,90;36;;;2026-10-07;https://mobile.1und1.de/smartphones-unlimited-xl;apple-iphone-17-pro-max-256gb-silber;Schätzung;Gerätezuzahlung
Bündel;iPhone 17 Pro Max;512;1&1;netzbetreiber;1&1 All-Net-Flat L;L;neu;;;;68,99;36;39,90;36;;;2026-10-07;https://mobile.1und1.de/smartphones-all-net-flat-l;apple-iphone-17-pro-max-512gb-silber;Schätzung;Gerätezuzahlung
Bündel;iPhone 17 Pro Max;512;1&1;netzbetreiber;1&1 All-Net-Flat M;M;neu;;;;63,99;36;39,90;36;;;2026-10-07;https://mobile.1und1.de/smartphones-all-net-flat-m;apple-iphone-17-pro-max-512gb-silber;Schätzung;Gerätezuzahlung
Bündel;iPhone 17 Pro Max;512;1&1;netzbetreiber;1&1 All-Net-Flat S;XS;neu;530,00;;;58,99;36;39,90;36;;2693,54;2026-10-07;https://mobile.1und1.de/iphone-17-pro-max;apple-iphone-17-pro-max-512gb-silber;;
Bündel;iPhone 17 Pro Max;512;1&1;netzbetreiber;1&1 Unlimited on demand L;L;neu;;;;73,99;36;39,90;36;;;2026-10-07;https://mobile.1und1.de/smartphones-unlimited-l;apple-iphone-17-pro-max-512gb-silber;Schätzung;Gerätezuzahlung
Bündel;iPhone 17 Pro Max;512;1&1;netzbetreiber;1&1 Unlimited on demand M;M;neu;;;;68,99;36;39,90;36;;;2026-10-07;https://mobile.1und1.de/smartphones-unlimited-m;apple-iphone-17-pro-max-512gb-silber;Schätzung;Gerätezuzahlung
Bündel;iPhone 17 Pro Max;512;1&1;netzbetreiber;1&1 Unlimited on demand S;XS;neu;;;;63,99;36;39,90;36;;;2026-10-07;https://mobile.1und1.de/smartphones-unlimited-s;apple-iphone-17-pro-max-512gb-silber;Schätzung;Gerätezuzahlung
Bündel;iPhone 17e;256;1&1;netzbetreiber;1&1 All-Net-Flat L;L;neu;;;;47,99;36;39,90;36;;;2026-10-07;https://mobile.1und1.de/smartphones-all-net-flat-l;apple-iphone-17e-256gb-schwarz;Schätzung;Gerätezuzahlung
Bündel;iPhone 17e;256;1&1;netzbetreiber;1&1 All-Net-Flat M;M;neu;;;;42,99;36;39,90;36;;;2026-10-07;https://mobile.1und1.de/smartphones-all-net-flat-m;apple-iphone-17e-256gb-schwarz;Schätzung;Gerätezuzahlung
Bündel;iPhone 17e;256;1&1;netzbetreiber;1&1 All-Net-Flat S;XS;neu;280,00;;;37,99;36;39,90;36;;1687,54;2026-10-07;https://mobile.1und1.de/iphone-17e;apple-iphone-17e-256gb-schwarz;;
Bündel;iPhone 17e;256;1&1;netzbetreiber;1&1 Unlimited on demand L;L;neu;;;;52,99;36;39,90;36;;;2026-10-07;https://mobile.1und1.de/smartphones-unlimited-l;apple-iphone-17e-256gb-schwarz;Schätzung;Gerätezuzahlung
Bündel;iPhone 17e;256;1&1;netzbetreiber;1&1 Unlimited on demand M;M;neu;;;;47,99;36;39,90;36;;;2026-10-07;https://mobile.1und1.de/smartphones-unlimited-m;apple-iphone-17e-256gb-schwarz;Schätzung;Gerätezuzahlung
Bündel;iPhone 17e;256;1&1;netzbetreiber;1&1 Unlimited on demand S;XS;neu;;;;42,99;36;39,90;36;;;2026-10-07;https://mobile.1und1.de/smartphones-unlimited-s;apple-iphone-17e-256gb-schwarz;Schätzung;Gerätezuzahlung
Bündel;iPhone 17e;256;1&1;netzbetreiber;1&1 Unlimited XL;;neu;;;;62,99;36;39,90;36;;;2026-10-07;https://mobile.1und1.de/smartphones-unlimited-xl;apple-iphone-17e-256gb-schwarz;Schätzung;Gerätezuzahlung
Bündel;iPhone 17e;512;1&1;netzbetreiber;1&1 All-Net-Flat L;L;neu;;;;54,99;36;39,90;36;;;2026-10-07;https://mobile.1und1.de/smartphones-all-net-flat-l;apple-iphone-17e-512gb-schwarz;Schätzung;Gerätezuzahlung
Bündel;iPhone 17e;512;1&1;netzbetreiber;1&1 All-Net-Flat M;M;neu;;;;49,99;36;39,90;36;;;2026-10-07;https://mobile.1und1.de/smartphones-all-net-flat-m;apple-iphone-17e-512gb-schwarz;Schätzung;Gerätezuzahlung
Bündel;iPhone 17e;512;1&1;netzbetreiber;1&1 All-Net-Flat S;XS;neu;360,00;;;44,99;36;39,90;36;;2019,54;2026-10-07;https://mobile.1und1.de/iphone-17e;apple-iphone-17e-512gb-schwarz;;
Bündel;iPhone 17e;512;1&1;netzbetreiber;1&1 Unlimited on demand L;L;neu;;;;59,99;36;39,90;36;;;2026-10-07;https://mobile.1und1.de/smartphones-unlimited-l;apple-iphone-17e-512gb-schwarz;Schätzung;Gerätezuzahlung
Bündel;iPhone 17e;512;1&1;netzbetreiber;1&1 Unlimited on demand M;M;neu;;;;54,99;36;39,90;36;;;2026-10-07;https://mobile.1und1.de/smartphones-unlimited-m;apple-iphone-17e-512gb-schwarz;Schätzung;Gerätezuzahlung
Bündel;iPhone 17e;512;1&1;netzbetreiber;1&1 Unlimited on demand S;XS;neu;;;;49,99;36;39,90;36;;;2026-10-07;https://mobile.1und1.de/smartphones-unlimited-s;apple-iphone-17e-512gb-schwarz;Schätzung;Gerätezuzahlung
Bündel;iPhone 18 Pro;1024;1&1;netzbetreiber;1&1 All-Net-Flat L;L;neu;;;;80,99;36;39,90;36;;;2026-10-07;https://mobile.1und1.de/smartphones-all-net-flat-l;apple-iphone-18-pro-1024gb-polar;Schätzung;Gerätezuzahlung
Bündel;iPhone 18 Pro;1024;1&1;netzbetreiber;1&1 All-Net-Flat M;M;neu;;;;75,99;36;39,90;36;;;2026-10-07;https://mobile.1und1.de/smartphones-all-net-flat-m;apple-iphone-18-pro-1024gb-polar;Schätzung;Gerätezuzahlung
Bündel;iPhone 18 Pro;1024;1&1;netzbetreiber;1&1 All-Net-Flat S;XS;neu;680,00;;;70,99;36;39,90;36;;3275,54;2026-10-07;https://mobile.1und1.de/iphone-18-pro;apple-iphone-18-pro-1024gb-polar;;
Bündel;iPhone 18 Pro;1024;1&1;netzbetreiber;1&1 Unlimited on demand L;L;neu;;;;85,99;36;39,90;36;;;2026-10-07;https://mobile.1und1.de/smartphones-unlimited-l;apple-iphone-18-pro-1024gb-polar;Schätzung;Gerätezuzahlung
Bündel;iPhone 18 Pro;1024;1&1;netzbetreiber;1&1 Unlimited on demand M;M;neu;;;;80,99;36;39,90;36;;;2026-10-07;https://mobile.1und1.de/smartphones-unlimited-m;apple-iphone-18-pro-1024gb-polar;Schätzung;Gerätezuzahlung
Bündel;iPhone 18 Pro;1024;1&1;netzbetreiber;1&1 Unlimited on demand S;XS;neu;;;;75,99;36;39,90;36;;;2026-10-07;https://mobile.1und1.de/smartphones-unlimited-s;apple-iphone-18-pro-1024gb-polar;Schätzung;Gerätezuzahlung
Bündel;iPhone 18 Pro;2048;1&1;netzbetreiber;1&1 All-Net-Flat L;L;neu;;;;101,99;36;39,90;36;;;2026-10-07;https://mobile.1und1.de/smartphones-all-net-flat-l;apple-iphone-18-pro-2048gb-polar;Schätzung;Gerätezuzahlung
Bündel;iPhone 18 Pro;2048;1&1;netzbetreiber;1&1 All-Net-Flat M;M;neu;;;;96,99;36;39,90;36;;;2026-10-07;https://mobile.1und1.de/smartphones-all-net-flat-m;apple-iphone-18-pro-2048gb-polar;Schätzung;Gerätezuzahlung
Bündel;iPhone 18 Pro;2048;1&1;netzbetreiber;1&1 All-Net-Flat S;XS;neu;930,00;;;91,99;36;39,90;36;;4281,54;2026-10-07;https://mobile.1und1.de/iphone-18-pro;apple-iphone-18-pro-2048gb-polar;;
Bündel;iPhone 18 Pro;2048;1&1;netzbetreiber;1&1 Unlimited on demand L;L;neu;;;;106,99;36;39,90;36;;;2026-10-07;https://mobile.1und1.de/smartphones-unlimited-l;apple-iphone-18-pro-2048gb-polar;Schätzung;Gerätezuzahlung
Bündel;iPhone 18 Pro;2048;1&1;netzbetreiber;1&1 Unlimited on demand M;M;neu;;;;101,99;36;39,90;36;;;2026-10-07;https://mobile.1und1.de/smartphones-unlimited-m;apple-iphone-18-pro-2048gb-polar;Schätzung;Gerätezuzahlung
Bündel;iPhone 18 Pro;2048;1&1;netzbetreiber;1&1 Unlimited on demand S;XS;neu;;;;96,99;36;39,90;36;;;2026-10-07;https://mobile.1und1.de/smartphones-unlimited-s;apple-iphone-18-pro-2048gb-polar;Schätzung;Gerätezuzahlung
Bündel;iPhone 18 Pro;256;1&1;netzbetreiber;1&1 All-Net-Flat L;L;neu;;;;59,99;36;39,90;36;;;2026-10-07;https://mobile.1und1.de/smartphones-all-net-flat-l;apple-iphone-18-pro-256gb-polar;Schätzung;Gerätezuzahlung
Bündel;iPhone 18 Pro;256;1&1;netzbetreiber;1&1 All-Net-Flat M;M;neu;;;;54,99;36;39,90;36;;;2026-10-07;https://mobile.1und1.de/smartphones-all-net-flat-m;apple-iphone-18-pro-256gb-polar;Schätzung;Gerätezuzahlung
Bündel;iPhone 18 Pro;256;1&1;netzbetreiber;1&1 All-Net-Flat S;XS;neu;420,00;;;49,99;36;39,90;36;;2259,54;2026-10-07;https://mobile.1und1.de/iphone-18-pro;apple-iphone-18-pro-256gb-polar;;
Bündel;iPhone 18 Pro;256;1&1;netzbetreiber;1&1 Unlimited on demand L;L;neu;;;;64,99;36;39,90;36;;;2026-10-07;https://mobile.1und1.de/smartphones-unlimited-l;apple-iphone-18-pro-256gb-polar;Schätzung;Gerätezuzahlung
Bündel;iPhone 18 Pro;256;1&1;netzbetreiber;1&1 Unlimited on demand M;M;neu;;;;59,99;36;39,90;36;;;2026-10-07;https://mobile.1und1.de/smartphones-unlimited-m;apple-iphone-18-pro-256gb-polar;Schätzung;Gerätezuzahlung
Bündel;iPhone 18 Pro;256;1&1;netzbetreiber;1&1 Unlimited on demand S;XS;neu;;;;54,99;36;39,90;36;;;2026-10-07;https://mobile.1und1.de/smartphones-unlimited-s;apple-iphone-18-pro-256gb-polar;Schätzung;Gerätezuzahlung
Bündel;iPhone 18 Pro;256;1&1;netzbetreiber;1&1 Unlimited XL;;neu;;;;74,99;36;39,90;36;;;2026-10-07;https://mobile.1und1.de/smartphones-unlimited-xl;apple-iphone-18-pro-256gb-polar;Schätzung;Gerätezuzahlung
Bündel;iPhone 18 Pro;512;1&1;netzbetreiber;1&1 All-Net-Flat L;L;neu;;;;66,99;36;39,90;36;;;2026-10-07;https://mobile.1und1.de/smartphones-all-net-flat-l;apple-iphone-18-pro-512gb-polar;Schätzung;Gerätezuzahlung
Bündel;iPhone 18 Pro;512;1&1;netzbetreiber;1&1 All-Net-Flat M;M;neu;;;;61,99;36;39,90;36;;;2026-10-07;https://mobile.1und1.de/smartphones-all-net-flat-m;apple-iphone-18-pro-512gb-polar;Schätzung;Gerätezuzahlung
Bündel;iPhone 18 Pro;512;1&1;netzbetreiber;1&1 All-Net-Flat S;XS;neu;510,00;;;56,99;36;39,90;36;;2601,54;2026-10-07;https://mobile.1und1.de/iphone-18-pro;apple-iphone-18-pro-512gb-polar;;
Bündel;iPhone 18 Pro;512;1&1;netzbetreiber;1&1 Unlimited on demand L;L;neu;;;;71,99;36;39,90;36;;;2026-10-07;https://mobile.1und1.de/smartphones-unlimited-l;apple-iphone-18-pro-512gb-polar;Schätzung;Gerätezuzahlung
Bündel;iPhone 18 Pro;512;1&1;netzbetreiber;1&1 Unlimited on demand M;M;neu;;;;66,99;36;39,90;36;;;2026-10-07;https://mobile.1und1.de/smartphones-unlimited-m;apple-iphone-18-pro-512gb-polar;Schätzung;Gerätezuzahlung
Bündel;iPhone 18 Pro;512;1&1;netzbetreiber;1&1 Unlimited on demand S;XS;neu;;;;61,99;36;39,90;36;;;2026-10-07;https://mobile.1und1.de/smartphones-unlimited-s;apple-iphone-18-pro-512gb-polar;Schätzung;Gerätezuzahlung
Bündel;iPhone 18 Pro Max;1024;1&1;netzbetreiber;1&1 All-Net-Flat L;L;neu;;;;85,99;36;39,90;36;;;2026-10-07;https://mobile.1und1.de/smartphones-all-net-flat-l;apple-iphone-18-pro-max-1024gb-polar;Schätzung;Gerätezuzahlung
Bündel;iPhone 18 Pro Max;1024;1&1;netzbetreiber;1&1 All-Net-Flat M;M;neu;;;;80,99;36;39,90;36;;;2026-10-07;https://mobile.1und1.de/smartphones-all-net-flat-m;apple-iphone-18-pro-max-1024gb-polar;Schätzung;Gerätezuzahlung
Bündel;iPhone 18 Pro Max;1024;1&1;netzbetreiber;1&1 All-Net-Flat S;XS;neu;740,00;;;75,99;36;39,90;36;;3515,54;2026-10-07;https://mobile.1und1.de/iphone-18-pro-max;apple-iphone-18-pro-max-1024gb-polar;;
Bündel;iPhone 18 Pro Max;1024;1&1;netzbetreiber;1&1 Unlimited on demand L;L;neu;;;;90,99;36;39,90;36;;;2026-10-07;https://mobile.1und1.de/smartphones-unlimited-l;apple-iphone-18-pro-max-1024gb-polar;Schätzung;Gerätezuzahlung
Bündel;iPhone 18 Pro Max;1024;1&1;netzbetreiber;1&1 Unlimited on demand M;M;neu;;;;85,99;36;39,90;36;;;2026-10-07;https://mobile.1und1.de/smartphones-unlimited-m;apple-iphone-18-pro-max-1024gb-polar;Schätzung;Gerätezuzahlung
Bündel;iPhone 18 Pro Max;1024;1&1;netzbetreiber;1&1 Unlimited on demand S;XS;neu;;;;80,99;36;39,90;36;;;2026-10-07;https://mobile.1und1.de/smartphones-unlimited-s;apple-iphone-18-pro-max-1024gb-polar;Schätzung;Gerätezuzahlung
Bündel;iPhone 18 Pro Max;2048;1&1;netzbetreiber;1&1 All-Net-Flat L;L;neu;;;;106,99;36;39,90;36;;;2026-10-07;https://mobile.1und1.de/smartphones-all-net-flat-l;apple-iphone-18-pro-max-2048gb-polar;Schätzung;Gerätezuzahlung
Bündel;iPhone 18 Pro Max;2048;1&1;netzbetreiber;1&1 All-Net-Flat M;M;neu;;;;101,99;36;39,90;36;;;2026-10-07;https://mobile.1und1.de/smartphones-all-net-flat-m;apple-iphone-18-pro-max-2048gb-polar;Schätzung;Gerätezuzahlung
Bündel;iPhone 18 Pro Max;2048;1&1;netzbetreiber;1&1 All-Net-Flat S;XS;neu;990,00;;;96,99;36;39,90;36;;4521,54;2026-10-07;https://mobile.1und1.de/iphone-18-pro-max;apple-iphone-18-pro-max-2048gb-polar;;
Bündel;iPhone 18 Pro Max;2048;1&1;netzbetreiber;1&1 Unlimited on demand L;L;neu;;;;111,99;36;39,90;36;;;2026-10-07;https://mobile.1und1.de/smartphones-unlimited-l;apple-iphone-18-pro-max-2048gb-polar;Schätzung;Gerätezuzahlung
Bündel;iPhone 18 Pro Max;2048;1&1;netzbetreiber;1&1 Unlimited on demand M;M;neu;;;;106,99;36;39,90;36;;;2026-10-07;https://mobile.1und1.de/smartphones-unlimited-m;apple-iphone-18-pro-max-2048gb-polar;Schätzung;Gerätezuzahlung
Bündel;iPhone 18 Pro Max;2048;1&1;netzbetreiber;1&1 Unlimited on demand S;XS;neu;;;;101,99;36;39,90;36;;;2026-10-07;https://mobile.1und1.de/smartphones-unlimited-s;apple-iphone-18-pro-max-2048gb-polar;Schätzung;Gerätezuzahlung
Bündel;iPhone 18 Pro Max;256;1&1;netzbetreiber;1&1 All-Net-Flat L;L;neu;;;;64,99;36;39,90;36;;;2026-10-07;https://mobile.1und1.de/smartphones-all-net-flat-l;apple-iphone-18-pro-max-256gb-polar;Schätzung;Gerätezuzahlung
Bündel;iPhone 18 Pro Max;256;1&1;netzbetreiber;1&1 All-Net-Flat M;M;neu;;;;59,99;36;39,90;36;;;2026-10-07;https://mobile.1und1.de/smartphones-all-net-flat-m;apple-iphone-18-pro-max-256gb-polar;Schätzung;Gerätezuzahlung
Bündel;iPhone 18 Pro Max;256;1&1;netzbetreiber;1&1 All-Net-Flat S;XS;neu;480,00;;;54,99;36;39,90;36;;2499,54;2026-10-07;https://mobile.1und1.de/iphone-18-pro-max;apple-iphone-18-pro-max-256gb-polar;;
Bündel;iPhone 18 Pro Max;256;1&1;netzbetreiber;1&1 Unlimited on demand L;L;neu;;;;69,99;36;39,90;36;;;2026-10-07;https://mobile.1und1.de/smartphones-unlimited-l;apple-iphone-18-pro-max-256gb-polar;Schätzung;Gerätezuzahlung
Bündel;iPhone 18 Pro Max;256;1&1;netzbetreiber;1&1 Unlimited on demand M;M;neu;;;;64,99;36;39,90;36;;;2026-10-07;https://mobile.1und1.de/smartphones-unlimited-m;apple-iphone-18-pro-max-256gb-polar;Schätzung;Gerätezuzahlung
Bündel;iPhone 18 Pro Max;256;1&1;netzbetreiber;1&1 Unlimited on demand S;XS;neu;;;;59,99;36;39,90;36;;;2026-10-07;https://mobile.1und1.de/smartphones-unlimited-s;apple-iphone-18-pro-max-256gb-polar;Schätzung;Gerätezuzahlung
Bündel;iPhone 18 Pro Max;256;1&1;netzbetreiber;1&1 Unlimited XL;;neu;;;;79,99;36;39,90;36;;;2026-10-07;https://mobile.1und1.de/smartphones-unlimited-xl;apple-iphone-18-pro-max-256gb-polar;Schätzung;Gerätezuzahlung
Bündel;iPhone 18 Pro Max;512;1&1;netzbetreiber;1&1 All-Net-Flat L;L;neu;;;;71,99;36;39,90;36;;;2026-10-07;https://mobile.1und1.de/smartphones-all-net-flat-l;apple-iphone-18-pro-max-512gb-polar;Schätzung;Gerätezuzahlung
Bündel;iPhone 18 Pro Max;512;1&1;netzbetreiber;1&1 All-Net-Flat M;M;neu;;;;66,99;36;39,90;36;;;2026-10-07;https://mobile.1und1.de/smartphones-all-net-flat-m;apple-iphone-18-pro-max-512gb-polar;Schätzung;Gerätezuzahlung
Bündel;iPhone 18 Pro Max;512;1&1;netzbetreiber;1&1 All-Net-Flat S;XS;neu;570,00;;;61,99;36;39,90;36;;2841,54;2026-10-07;https://mobile.1und1.de/iphone-18-pro-max;apple-iphone-18-pro-max-512gb-polar;;
Bündel;iPhone 18 Pro Max;512;1&1;netzbetreiber;1&1 Unlimited on demand L;L;neu;;;;76,99;36;39,90;36;;;2026-10-07;https://mobile.1und1.de/smartphones-unlimited-l;apple-iphone-18-pro-max-512gb-polar;Schätzung;Gerätezuzahlung
Bündel;iPhone 18 Pro Max;512;1&1;netzbetreiber;1&1 Unlimited on demand M;M;neu;;;;71,99;36;39,90;36;;;2026-10-07;https://mobile.1und1.de/smartphones-unlimited-m;apple-iphone-18-pro-max-512gb-polar;Schätzung;Gerätezuzahlung
Bündel;iPhone 18 Pro Max;512;1&1;netzbetreiber;1&1 Unlimited on demand S;XS;neu;;;;66,99;36;39,90;36;;;2026-10-07;https://mobile.1und1.de/smartphones-unlimited-s;apple-iphone-18-pro-max-512gb-polar;Schätzung;Gerätezuzahlung
Bündel;iPhone Air;1024;1&1;netzbetreiber;1&1 All-Net-Flat L;L;neu;;;;61,99;36;39,90;36;;;2026-10-07;https://mobile.1und1.de/smartphones-all-net-flat-l;apple-iphone-air-1024gb-space-schwarz;Schätzung;Gerätezuzahlung
Bündel;iPhone Air;1024;1&1;netzbetreiber;1&1 All-Net-Flat M;M;neu;;;;56,99;36;39,90;36;;;2026-10-07;https://mobile.1und1.de/smartphones-all-net-flat-m;apple-iphone-air-1024gb-space-schwarz;Schätzung;Gerätezuzahlung
Bündel;iPhone Air;1024;1&1;netzbetreiber;1&1 All-Net-Flat S;XS;neu;450,00;;;51,99;36;39,90;36;;2361,54;2026-10-07;https://mobile.1und1.de/iphone-air;apple-iphone-air-1024gb-space-schwarz;;
Bündel;iPhone Air;1024;1&1;netzbetreiber;1&1 Unlimited on demand L;L;neu;;;;66,99;36;39,90;36;;;2026-10-07;https://mobile.1und1.de/smartphones-unlimited-l;apple-iphone-air-1024gb-space-schwarz;Schätzung;Gerätezuzahlung
Bündel;iPhone Air;1024;1&1;netzbetreiber;1&1 Unlimited on demand M;M;neu;;;;61,99;36;39,90;36;;;2026-10-07;https://mobile.1und1.de/smartphones-unlimited-m;apple-iphone-air-1024gb-space-schwarz;Schätzung;Gerätezuzahlung
Bündel;iPhone Air;1024;1&1;netzbetreiber;1&1 Unlimited on demand S;XS;neu;;;;56,99;36;39,90;36;;;2026-10-07;https://mobile.1und1.de/smartphones-unlimited-s;apple-iphone-air-1024gb-space-schwarz;Schätzung;Gerätezuzahlung
Bündel;iPhone Air;1024;1&1;netzbetreiber;1&1 All-Net-Flat S;XS;neu;450,00;;;51,99;36;39,90;36;;2361,54;2026-09-09;https://mobile.1und1.de/iphone-air;apple-iphone-air-1024gb-wolkenweiss;veraltet;
Bündel;iPhone Air;256;1&1;netzbetreiber;1&1 All-Net-Flat L;L;neu;;;;47,99;36;39,90;36;;;2026-10-07;https://mobile.1und1.de/smartphones-all-net-flat-l;apple-iphone-air-256gb-lichtgold;Schätzung;Gerätezuzahlung
Bündel;iPhone Air;256;1&1;netzbetreiber;1&1 All-Net-Flat M;M;neu;;;;42,99;36;39,90;36;;;2026-10-07;https://mobile.1und1.de/smartphones-all-net-flat-m;apple-iphone-air-256gb-lichtgold;Schätzung;Gerätezuzahlung
Bündel;iPhone Air;256;1&1;netzbetreiber;1&1 All-Net-Flat S;XS;neu;280,00;;;37,99;36;39,90;36;;1687,54;2026-10-07;https://mobile.1und1.de/iphone-air;apple-iphone-air-256gb-lichtgold;;
Bündel;iPhone Air;256;1&1;netzbetreiber;1&1 Unlimited on demand L;L;neu;;;;52,99;36;39,90;36;;;2026-10-07;https://mobile.1und1.de/smartphones-unlimited-l;apple-iphone-air-256gb-lichtgold;Schätzung;Gerätezuzahlung
Bündel;iPhone Air;256;1&1;netzbetreiber;1&1 Unlimited on demand M;M;neu;;;;47,99;36;39,90;36;;;2026-10-07;https://mobile.1und1.de/smartphones-unlimited-m;apple-iphone-air-256gb-lichtgold;Schätzung;Gerätezuzahlung
Bündel;iPhone Air;256;1&1;netzbetreiber;1&1 Unlimited on demand S;XS;neu;;;;42,99;36;39,90;36;;;2026-10-07;https://mobile.1und1.de/smartphones-unlimited-s;apple-iphone-air-256gb-lichtgold;Schätzung;Gerätezuzahlung
Bündel;iPhone Air;256;1&1;netzbetreiber;1&1 Unlimited XL;;neu;;;;62,99;36;39,90;36;;;2026-10-07;https://mobile.1und1.de/smartphones-unlimited-xl;apple-iphone-air-256gb-lichtgold;Schätzung;Gerätezuzahlung
Bündel;iPhone Air;512;1&1;netzbetreiber;1&1 All-Net-Flat L;L;neu;;;;54,99;36;39,90;36;;;2026-10-01;https://mobile.1und1.de/smartphones-all-net-flat-l;apple-iphone-air-512gb-lichtgold;Schätzung;Gerätezuzahlung
Bündel;iPhone Air;512;1&1;netzbetreiber;1&1 All-Net-Flat M;M;neu;;;;49,99;36;39,90;36;;;2026-10-01;https://mobile.1und1.de/smartphones-all-net-flat-m;apple-iphone-air-512gb-lichtgold;Schätzung;Gerätezuzahlung
Bündel;iPhone Air;512;1&1;netzbetreiber;1&1 All-Net-Flat S;XS;neu;360,00;;;44,99;36;39,90;36;;2019,54;2026-10-01;https://mobile.1und1.de/iphone-air;apple-iphone-air-512gb-lichtgold;veraltet;
Bündel;iPhone Air;512;1&1;netzbetreiber;1&1 Unlimited on demand L;L;neu;;;;59,99;36;39,90;36;;;2026-10-01;https://mobile.1und1.de/smartphones-unlimited-l;apple-iphone-air-512gb-lichtgold;Schätzung;Gerätezuzahlung
Bündel;iPhone Air;512;1&1;netzbetreiber;1&1 Unlimited on demand M;M;neu;;;;54,99;36;39,90;36;;;2026-10-01;https://mobile.1und1.de/smartphones-unlimited-m;apple-iphone-air-512gb-lichtgold;Schätzung;Gerätezuzahlung
Bündel;iPhone Air;512;1&1;netzbetreiber;1&1 Unlimited on demand S;XS;neu;;;;49,99;36;39,90;36;;;2026-10-01;https://mobile.1und1.de/smartphones-unlimited-s;apple-iphone-air-512gb-lichtgold;Schätzung;Gerätezuzahlung
Bündel;iPhone Air;512;1&1;netzbetreiber;1&1 All-Net-Flat L;L;neu;;;;54,99;36;39,90;36;;;2026-10-07;https://mobile.1und1.de/smartphones-all-net-flat-l;apple-iphone-air-512gb-wolkenweiss;Schätzung;Gerätezuzahlung
Bündel;iPhone Air;512;1&1;netzbetreiber;1&1 All-Net-Flat M;M;neu;;;;49,99;36;39,90;36;;;2026-10-07;https://mobile.1und1.de/smartphones-all-net-flat-m;apple-iphone-air-512gb-wolkenweiss;Schätzung;Gerätezuzahlung
Bündel;iPhone Air;512;1&1;netzbetreiber;1&1 All-Net-Flat S;XS;neu;360,00;;;44,99;36;39,90;36;;2019,54;2026-10-07;https://mobile.1und1.de/iphone-air;apple-iphone-air-512gb-wolkenweiss;;
Bündel;iPhone Air;512;1&1;netzbetreiber;1&1 Unlimited on demand L;L;neu;;;;59,99;36;39,90;36;;;2026-10-07;https://mobile.1und1.de/smartphones-unlimited-l;apple-iphone-air-512gb-wolkenweiss;Schätzung;Gerätezuzahlung
Bündel;iPhone Air;512;1&1;netzbetreiber;1&1 Unlimited on demand M;M;neu;;;;54,99;36;39,90;36;;;2026-10-07;https://mobile.1und1.de/smartphones-unlimited-m;apple-iphone-air-512gb-wolkenweiss;Schätzung;Gerätezuzahlung
Bündel;iPhone Air;512;1&1;netzbetreiber;1&1 Unlimited on demand S;XS;neu;;;;49,99;36;39,90;36;;;2026-10-07;https://mobile.1und1.de/smartphones-unlimited-s;apple-iphone-air-512gb-wolkenweiss;Schätzung;Gerätezuzahlung
Bündel;Fairphone 6;256;1&1;netzbetreiber;1&1 All-Net-Flat L;L;neu;;;;40,99;36;39,90;36;;;2026-10-07;https://mobile.1und1.de/smartphones-all-net-flat-l;fairphone-6-256gb-forest-green;Schätzung;Gerätezuzahlung
Bündel;Fairphone 6;256;1&1;netzbetreiber;1&1 All-Net-Flat M;M;neu;;;;35,99;36;39,90;36;;;2026-10-07;https://mobile.1und1.de/smartphones-all-net-flat-m;fairphone-6-256gb-forest-green;Schätzung;Gerätezuzahlung
Bündel;Fairphone 6;256;1&1;netzbetreiber;1&1 All-Net-Flat S;XS;neu;200,00;;;30,99;36;39,90;36;;1355,54;2026-10-07;https://mobile.1und1.de/fairphone-6;fairphone-6-256gb-forest-green;;
Bündel;Fairphone 6;256;1&1;netzbetreiber;1&1 Unlimited on demand L;L;neu;;;;45,99;36;39,90;36;;;2026-10-07;https://mobile.1und1.de/smartphones-unlimited-l;fairphone-6-256gb-forest-green;Schätzung;Gerätezuzahlung
Bündel;Fairphone 6;256;1&1;netzbetreiber;1&1 Unlimited on demand M;M;neu;;;;40,99;36;39,90;36;;;2026-10-07;https://mobile.1und1.de/smartphones-unlimited-m;fairphone-6-256gb-forest-green;Schätzung;Gerätezuzahlung
Bündel;Fairphone 6;256;1&1;netzbetreiber;1&1 Unlimited on demand S;XS;neu;;;;35,99;36;39,90;36;;;2026-10-07;https://mobile.1und1.de/smartphones-unlimited-s;fairphone-6-256gb-forest-green;Schätzung;Gerätezuzahlung
Bündel;Fairphone 6;256;1&1;netzbetreiber;1&1 Unlimited XL;;neu;;;;60,99;36;39,90;36;;;2026-10-07;https://mobile.1und1.de/smartphones-unlimited-xl;fairphone-6-256gb-forest-green;Schätzung;Gerätezuzahlung
Bündel;Pixel 10a;128;1&1;netzbetreiber;1&1 All-Net-Flat L;L;neu;;;;35,99;36;39,90;36;;;2026-10-07;https://mobile.1und1.de/smartphones-all-net-flat-l;google-pixel-10a-128gb-violett;Schätzung;Gerätezuzahlung
Bündel;Pixel 10a;128;1&1;netzbetreiber;1&1 All-Net-Flat M;M;neu;;;;30,99;36;39,90;36;;;2026-10-07;https://mobile.1und1.de/smartphones-all-net-flat-m;google-pixel-10a-128gb-violett;Schätzung;Gerätezuzahlung
Bündel;Pixel 10a;128;1&1;netzbetreiber;1&1 All-Net-Flat S;XS;neu;140,00;;;25,99;36;39,90;36;;1115,54;2026-10-07;https://mobile.1und1.de/google-pixel-10a;google-pixel-10a-128gb-violett;;
Bündel;Pixel 10a;128;1&1;netzbetreiber;1&1 Unlimited on demand L;L;neu;;;;40,99;36;39,90;36;;;2026-10-07;https://mobile.1und1.de/smartphones-unlimited-l;google-pixel-10a-128gb-violett;Schätzung;Gerätezuzahlung
Bündel;Pixel 10a;128;1&1;netzbetreiber;1&1 Unlimited on demand M;M;neu;;;;35,99;36;39,90;36;;;2026-10-07;https://mobile.1und1.de/smartphones-unlimited-m;google-pixel-10a-128gb-violett;Schätzung;Gerätezuzahlung
Bündel;Pixel 10a;128;1&1;netzbetreiber;1&1 Unlimited on demand S;XS;neu;;;;30,99;36;39,90;36;;;2026-10-07;https://mobile.1und1.de/smartphones-unlimited-s;google-pixel-10a-128gb-violett;Schätzung;Gerätezuzahlung
Bündel;Pixel 10a;128;1&1;netzbetreiber;1&1 Unlimited XL;;neu;;;;55,99;36;39,90;36;;;2026-10-07;https://mobile.1und1.de/smartphones-unlimited-xl;google-pixel-10a-128gb-violett;Schätzung;Gerätezuzahlung
Bündel;Pixel 10a;256;1&1;netzbetreiber;1&1 All-Net-Flat L;L;neu;;;;38,99;36;39,90;36;;;2026-10-07;https://mobile.1und1.de/smartphones-all-net-flat-l;google-pixel-10a-256gb-violett;Schätzung;Gerätezuzahlung
Bündel;Pixel 10a;256;1&1;netzbetreiber;1&1 All-Net-Flat M;M;neu;;;;33,99;36;39,90;36;;;2026-10-07;https://mobile.1und1.de/smartphones-all-net-flat-m;google-pixel-10a-256gb-violett;Schätzung;Gerätezuzahlung
Bündel;Pixel 10a;256;1&1;netzbetreiber;1&1 All-Net-Flat S;XS;neu;170,00;;;28,99;36;39,90;36;;1253,54;2026-10-07;https://mobile.1und1.de/google-pixel-10a;google-pixel-10a-256gb-violett;;
Bündel;Pixel 10a;256;1&1;netzbetreiber;1&1 Unlimited on demand L;L;neu;;;;43,99;36;39,90;36;;;2026-10-07;https://mobile.1und1.de/smartphones-unlimited-l;google-pixel-10a-256gb-violett;Schätzung;Gerätezuzahlung
Bündel;Pixel 10a;256;1&1;netzbetreiber;1&1 Unlimited on demand M;M;neu;;;;38,99;36;39,90;36;;;2026-10-07;https://mobile.1und1.de/smartphones-unlimited-m;google-pixel-10a-256gb-violett;Schätzung;Gerätezuzahlung
Bündel;Pixel 10a;256;1&1;netzbetreiber;1&1 Unlimited on demand S;XS;neu;;;;33,99;36;39,90;36;;;2026-10-07;https://mobile.1und1.de/smartphones-unlimited-s;google-pixel-10a-256gb-violett;Schätzung;Gerätezuzahlung
Bündel;Pixel 11;256;1&1;netzbetreiber;1&1 All-Net-Flat L;L;neu;;;;47,99;36;39,90;36;;;2026-10-07;https://mobile.1und1.de/smartphones-all-net-flat-l;google-pixel-11-256gb-frost;Schätzung;Gerätezuzahlung
Bündel;Pixel 11;256;1&1;netzbetreiber;1&1 All-Net-Flat M;M;neu;;;;42,99;36;39,90;36;;;2026-10-07;https://mobile.1und1.de/smartphones-all-net-flat-m;google-pixel-11-256gb-frost;Schätzung;Gerätezuzahlung
Bündel;Pixel 11;256;1&1;netzbetreiber;1&1 All-Net-Flat S;XS;neu;280,00;;;37,99;36;39,90;36;;1687,54;2026-10-07;https://mobile.1und1.de/google-pixel-11;google-pixel-11-256gb-frost;;
Bündel;Pixel 11;256;1&1;netzbetreiber;1&1 Unlimited on demand L;L;neu;;;;52,99;36;39,90;36;;;2026-10-07;https://mobile.1und1.de/smartphones-unlimited-l;google-pixel-11-256gb-frost;Schätzung;Gerätezuzahlung
Bündel;Pixel 11;256;1&1;netzbetreiber;1&1 Unlimited on demand M;M;neu;;;;47,99;36;39,90;36;;;2026-10-07;https://mobile.1und1.de/smartphones-unlimited-m;google-pixel-11-256gb-frost;Schätzung;Gerätezuzahlung
Bündel;Pixel 11;256;1&1;netzbetreiber;1&1 Unlimited on demand S;XS;neu;;;;42,99;36;39,90;36;;;2026-10-07;https://mobile.1und1.de/smartphones-unlimited-s;google-pixel-11-256gb-frost;Schätzung;Gerätezuzahlung
Bündel;Pixel 11;256;1&1;netzbetreiber;1&1 Unlimited XL;;neu;;;;67,99;36;39,90;36;;;2026-10-07;https://mobile.1und1.de/smartphones-unlimited-xl;google-pixel-11-256gb-frost;Schätzung;Gerätezuzahlung
Bündel;Pixel 11;512;1&1;netzbetreiber;1&1 All-Net-Flat L;L;neu;;;;50,99;36;39,90;36;;;2026-10-07;https://mobile.1und1.de/smartphones-all-net-flat-l;google-pixel-11-512gb-frost;Schätzung;Gerätezuzahlung
Bündel;Pixel 11;512;1&1;netzbetreiber;1&1 All-Net-Flat M;M;neu;;;;45,99;36;39,90;36;;;2026-10-07;https://mobile.1und1.de/smartphones-all-net-flat-m;google-pixel-11-512gb-frost;Schätzung;Gerätezuzahlung
Bündel;Pixel 11;512;1&1;netzbetreiber;1&1 All-Net-Flat S;XS;neu;320,00;;;40,99;36;39,90;36;;1835,54;2026-10-07;https://mobile.1und1.de/google-pixel-11;google-pixel-11-512gb-frost;;
Bündel;Pixel 11;512;1&1;netzbetreiber;1&1 Unlimited on demand L;L;neu;;;;55,99;36;39,90;36;;;2026-10-07;https://mobile.1und1.de/smartphones-unlimited-l;google-pixel-11-512gb-frost;Schätzung;Gerätezuzahlung
Bündel;Pixel 11;512;1&1;netzbetreiber;1&1 Unlimited on demand M;M;neu;;;;50,99;36;39,90;36;;;2026-10-07;https://mobile.1und1.de/smartphones-unlimited-m;google-pixel-11-512gb-frost;Schätzung;Gerätezuzahlung
Bündel;Pixel 11;512;1&1;netzbetreiber;1&1 Unlimited on demand S;XS;neu;;;;45,99;36;39,90;36;;;2026-10-07;https://mobile.1und1.de/smartphones-unlimited-s;google-pixel-11-512gb-frost;Schätzung;Gerätezuzahlung
Bündel;Pixel 11 Pro;256;1&1;netzbetreiber;1&1 All-Net-Flat L;L;neu;;;;52,99;36;39,90;36;;;2026-10-07;https://mobile.1und1.de/smartphones-all-net-flat-l;google-pixel-11-pro-256gb-canyon;Schätzung;Gerätezuzahlung
Bündel;Pixel 11 Pro;256;1&1;netzbetreiber;1&1 All-Net-Flat M;M;neu;;;;47,99;36;39,90;36;;;2026-10-07;https://mobile.1und1.de/smartphones-all-net-flat-m;google-pixel-11-pro-256gb-canyon;Schätzung;Gerätezuzahlung
Bündel;Pixel 11 Pro;256;1&1;netzbetreiber;1&1 All-Net-Flat S;XS;neu;340,00;;;42,99;36;39,90;36;;1927,54;2026-10-07;https://mobile.1und1.de/google-pixel-11-pro;google-pixel-11-pro-256gb-canyon;;
Bündel;Pixel 11 Pro;256;1&1;netzbetreiber;1&1 Unlimited on demand L;L;neu;;;;57,99;36;39,90;36;;;2026-10-07;https://mobile.1und1.de/smartphones-unlimited-l;google-pixel-11-pro-256gb-canyon;Schätzung;Gerätezuzahlung
Bündel;Pixel 11 Pro;256;1&1;netzbetreiber;1&1 Unlimited on demand M;M;neu;;;;52,99;36;39,90;36;;;2026-10-07;https://mobile.1und1.de/smartphones-unlimited-m;google-pixel-11-pro-256gb-canyon;Schätzung;Gerätezuzahlung
Bündel;Pixel 11 Pro;256;1&1;netzbetreiber;1&1 Unlimited on demand S;XS;neu;;;;47,99;36;39,90;36;;;2026-10-07;https://mobile.1und1.de/smartphones-unlimited-s;google-pixel-11-pro-256gb-canyon;Schätzung;Gerätezuzahlung
Bündel;Pixel 11 Pro;256;1&1;netzbetreiber;1&1 Unlimited XL;;neu;;;;72,99;36;39,90;36;;;2026-10-07;https://mobile.1und1.de/smartphones-unlimited-xl;google-pixel-11-pro-256gb-canyon;Schätzung;Gerätezuzahlung
Bündel;Pixel 11 Pro;512;1&1;netzbetreiber;1&1 All-Net-Flat L;L;neu;;;;55,99;36;39,90;36;;;2026-10-07;https://mobile.1und1.de/smartphones-all-net-flat-l;google-pixel-11-pro-512gb-canyon;Schätzung;Gerätezuzahlung
Bündel;Pixel 11 Pro;512;1&1;netzbetreiber;1&1 All-Net-Flat M;M;neu;;;;50,99;36;39,90;36;;;2026-10-07;https://mobile.1und1.de/smartphones-all-net-flat-m;google-pixel-11-pro-512gb-canyon;Schätzung;Gerätezuzahlung
Bündel;Pixel 11 Pro;512;1&1;netzbetreiber;1&1 All-Net-Flat S;XS;neu;380,00;;;45,99;36;39,90;36;;2075,54;2026-10-07;https://mobile.1und1.de/google-pixel-11-pro;google-pixel-11-pro-512gb-canyon;;
Bündel;Pixel 11 Pro;512;1&1;netzbetreiber;1&1 Unlimited on demand L;L;neu;;;;60,99;36;39,90;36;;;2026-10-07;https://mobile.1und1.de/smartphones-unlimited-l;google-pixel-11-pro-512gb-canyon;Schätzung;Gerätezuzahlung
Bündel;Pixel 11 Pro;512;1&1;netzbetreiber;1&1 Unlimited on demand M;M;neu;;;;55,99;36;39,90;36;;;2026-10-07;https://mobile.1und1.de/smartphones-unlimited-m;google-pixel-11-pro-512gb-canyon;Schätzung;Gerätezuzahlung
Bündel;Pixel 11 Pro;512;1&1;netzbetreiber;1&1 Unlimited on demand S;XS;neu;;;;50,99;36;39,90;36;;;2026-10-07;https://mobile.1und1.de/smartphones-unlimited-s;google-pixel-11-pro-512gb-canyon;Schätzung;Gerätezuzahlung
Bündel;Pixel 11 Pro Fold;256;1&1;netzbetreiber;1&1 All-Net-Flat L;L;neu;;;;77,99;36;39,90;36;;;2026-10-07;https://mobile.1und1.de/smartphones-all-net-flat-l;google-pixel-11-pro-fold-256gb-olive;Schätzung;Gerätezuzahlung
Bündel;Pixel 11 Pro Fold;256;1&1;netzbetreiber;1&1 All-Net-Flat M;M;neu;;;;72,99;36;39,90;36;;;2026-10-07;https://mobile.1und1.de/smartphones-all-net-flat-m;google-pixel-11-pro-fold-256gb-olive;Schätzung;Gerätezuzahlung
Bündel;Pixel 11 Pro Fold;256;1&1;netzbetreiber;1&1 All-Net-Flat S;XS;neu;640,00;;;67,99;36;39,90;36;;3127,54;2026-10-07;https://mobile.1und1.de/google-pixel-11-pro-fold;google-pixel-11-pro-fold-256gb-olive;;
Bündel;Pixel 11 Pro Fold;256;1&1;netzbetreiber;1&1 Unlimited on demand L;L;neu;;;;82,99;36;39,90;36;;;2026-10-07;https://mobile.1und1.de/smartphones-unlimited-l;google-pixel-11-pro-fold-256gb-olive;Schätzung;Gerätezuzahlung
Bündel;Pixel 11 Pro Fold;256;1&1;netzbetreiber;1&1 Unlimited on demand M;M;neu;;;;77,99;36;39,90;36;;;2026-10-07;https://mobile.1und1.de/smartphones-unlimited-m;google-pixel-11-pro-fold-256gb-olive;Schätzung;Gerätezuzahlung
Bündel;Pixel 11 Pro Fold;256;1&1;netzbetreiber;1&1 Unlimited on demand S;XS;neu;;;;72,99;36;39,90;36;;;2026-10-07;https://mobile.1und1.de/smartphones-unlimited-s;google-pixel-11-pro-fold-256gb-olive;Schätzung;Gerätezuzahlung
Bündel;Pixel 11 Pro Fold;256;1&1;netzbetreiber;1&1 Unlimited XL;;neu;;;;97,99;36;39,90;36;;;2026-10-07;https://mobile.1und1.de/smartphones-unlimited-xl;google-pixel-11-pro-fold-256gb-olive;Schätzung;Gerätezuzahlung
Bündel;Pixel 11 Pro Fold;512;1&1;netzbetreiber;1&1 All-Net-Flat L;L;neu;;;;80,99;36;39,90;36;;;2026-10-07;https://mobile.1und1.de/smartphones-all-net-flat-l;google-pixel-11-pro-fold-512gb-olive;Schätzung;Gerätezuzahlung
Bündel;Pixel 11 Pro Fold;512;1&1;netzbetreiber;1&1 All-Net-Flat M;M;neu;;;;75,99;36;39,90;36;;;2026-10-07;https://mobile.1und1.de/smartphones-all-net-flat-m;google-pixel-11-pro-fold-512gb-olive;Schätzung;Gerätezuzahlung
Bündel;Pixel 11 Pro Fold;512;1&1;netzbetreiber;1&1 All-Net-Flat S;XS;neu;680,00;;;70,99;36;39,90;36;;3275,54;2026-10-07;https://mobile.1und1.de/google-pixel-11-pro-fold;google-pixel-11-pro-fold-512gb-olive;;
Bündel;Pixel 11 Pro Fold;512;1&1;netzbetreiber;1&1 Unlimited on demand L;L;neu;;;;85,99;36;39,90;36;;;2026-10-07;https://mobile.1und1.de/smartphones-unlimited-l;google-pixel-11-pro-fold-512gb-olive;Schätzung;Gerätezuzahlung
Bündel;Pixel 11 Pro Fold;512;1&1;netzbetreiber;1&1 Unlimited on demand M;M;neu;;;;80,99;36;39,90;36;;;2026-10-07;https://mobile.1und1.de/smartphones-unlimited-m;google-pixel-11-pro-fold-512gb-olive;Schätzung;Gerätezuzahlung
Bündel;Pixel 11 Pro Fold;512;1&1;netzbetreiber;1&1 Unlimited on demand S;XS;neu;;;;75,99;36;39,90;36;;;2026-10-07;https://mobile.1und1.de/smartphones-unlimited-s;google-pixel-11-pro-fold-512gb-olive;Schätzung;Gerätezuzahlung
Bündel;Pixel 11 Pro XL;256;1&1;netzbetreiber;1&1 All-Net-Flat L;L;neu;;;;60,99;36;39,90;36;;;2026-10-07;https://mobile.1und1.de/smartphones-all-net-flat-l;google-pixel-11-pro-xl-256gb-canyon;Schätzung;Gerätezuzahlung
Bündel;Pixel 11 Pro XL;256;1&1;netzbetreiber;1&1 All-Net-Flat M;M;neu;;;;55,99;36;39,90;36;;;2026-10-07;https://mobile.1und1.de/smartphones-all-net-flat-m;google-pixel-11-pro-xl-256gb-canyon;Schätzung;Gerätezuzahlung
Bündel;Pixel 11 Pro XL;256;1&1;netzbetreiber;1&1 All-Net-Flat S;XS;neu;440,00;;;50,99;36;39,90;36;;2315,54;2026-10-07;https://mobile.1und1.de/google-pixel-11-pro-xl;google-pixel-11-pro-xl-256gb-canyon;;
Bündel;Pixel 11 Pro XL;256;1&1;netzbetreiber;1&1 Unlimited on demand L;L;neu;;;;65,99;36;39,90;36;;;2026-10-07;https://mobile.1und1.de/smartphones-unlimited-l;google-pixel-11-pro-xl-256gb-canyon;Schätzung;Gerätezuzahlung
Bündel;Pixel 11 Pro XL;256;1&1;netzbetreiber;1&1 Unlimited on demand M;M;neu;;;;60,99;36;39,90;36;;;2026-10-07;https://mobile.1und1.de/smartphones-unlimited-m;google-pixel-11-pro-xl-256gb-canyon;Schätzung;Gerätezuzahlung
Bündel;Pixel 11 Pro XL;256;1&1;netzbetreiber;1&1 Unlimited on demand S;XS;neu;;;;55,99;36;39,90;36;;;2026-10-07;https://mobile.1und1.de/smartphones-unlimited-s;google-pixel-11-pro-xl-256gb-canyon;Schätzung;Gerätezuzahlung
Bündel;Pixel 11 Pro XL;256;1&1;netzbetreiber;1&1 Unlimited XL;;neu;;;;80,99;36;39,90;36;;;2026-10-07;https://mobile.1und1.de/smartphones-unlimited-xl;google-pixel-11-pro-xl-256gb-canyon;Schätzung;Gerätezuzahlung
Bündel;Pixel 11 Pro XL;512;1&1;netzbetreiber;1&1 All-Net-Flat L;L;neu;;;;63,99;36;39,90;36;;;2026-10-07;https://mobile.1und1.de/smartphones-all-net-flat-l;google-pixel-11-pro-xl-512gb-canyon;Schätzung;Gerätezuzahlung
Bündel;Pixel 11 Pro XL;512;1&1;netzbetreiber;1&1 All-Net-Flat M;M;neu;;;;58,99;36;39,90;36;;;2026-10-07;https://mobile.1und1.de/smartphones-all-net-flat-m;google-pixel-11-pro-xl-512gb-canyon;Schätzung;Gerätezuzahlung
Bündel;Pixel 11 Pro XL;512;1&1;netzbetreiber;1&1 All-Net-Flat S;XS;neu;470,00;;;53,99;36;39,90;36;;2453,54;2026-10-07;https://mobile.1und1.de/google-pixel-11-pro-xl;google-pixel-11-pro-xl-512gb-canyon;;
Bündel;Pixel 11 Pro XL;512;1&1;netzbetreiber;1&1 Unlimited on demand L;L;neu;;;;68,99;36;39,90;36;;;2026-10-07;https://mobile.1und1.de/smartphones-unlimited-l;google-pixel-11-pro-xl-512gb-canyon;Schätzung;Gerätezuzahlung
Bündel;Pixel 11 Pro XL;512;1&1;netzbetreiber;1&1 Unlimited on demand M;M;neu;;;;63,99;36;39,90;36;;;2026-10-07;https://mobile.1und1.de/smartphones-unlimited-m;google-pixel-11-pro-xl-512gb-canyon;Schätzung;Gerätezuzahlung
Bündel;Pixel 11 Pro XL;512;1&1;netzbetreiber;1&1 Unlimited on demand S;XS;neu;;;;58,99;36;39,90;36;;;2026-10-07;https://mobile.1und1.de/smartphones-unlimited-s;google-pixel-11-pro-xl-512gb-canyon;Schätzung;Gerätezuzahlung
Bündel;Nothing Phone (3);256;1&1;netzbetreiber;1&1 All-Net-Flat L;L;neu;;;;40,99;36;39,90;36;;;2026-10-07;https://mobile.1und1.de/smartphones-all-net-flat-l;nothing-phone-3-256gb-schwarz;Schätzung;Gerätezuzahlung
Bündel;Nothing Phone (3);256;1&1;netzbetreiber;1&1 All-Net-Flat M;M;neu;;;;35,99;36;39,90;36;;;2026-10-07;https://mobile.1und1.de/smartphones-all-net-flat-m;nothing-phone-3-256gb-schwarz;Schätzung;Gerätezuzahlung
Bündel;Nothing Phone (3);256;1&1;netzbetreiber;1&1 All-Net-Flat S;XS;neu;200,00;;;30,99;36;39,90;36;;1355,54;2026-10-07;https://mobile.1und1.de/nothing-phone-3;nothing-phone-3-256gb-schwarz;;
Bündel;Nothing Phone (3);256;1&1;netzbetreiber;1&1 Unlimited on demand L;L;neu;;;;45,99;36;39,90;36;;;2026-10-07;https://mobile.1und1.de/smartphones-unlimited-l;nothing-phone-3-256gb-schwarz;Schätzung;Gerätezuzahlung
Bündel;Nothing Phone (3);256;1&1;netzbetreiber;1&1 Unlimited on demand M;M;neu;;;;40,99;36;39,90;36;;;2026-10-07;https://mobile.1und1.de/smartphones-unlimited-m;nothing-phone-3-256gb-schwarz;Schätzung;Gerätezuzahlung
Bündel;Nothing Phone (3);256;1&1;netzbetreiber;1&1 Unlimited on demand S;XS;neu;;;;35,99;36;39,90;36;;;2026-10-07;https://mobile.1und1.de/smartphones-unlimited-s;nothing-phone-3-256gb-schwarz;Schätzung;Gerätezuzahlung
Bündel;Nothing Phone (3);256;1&1;netzbetreiber;1&1 Unlimited XL;;neu;;;;60,99;36;39,90;36;;;2026-10-07;https://mobile.1und1.de/smartphones-unlimited-xl;nothing-phone-3-256gb-schwarz;Schätzung;Gerätezuzahlung
Bündel;Nothing Phone (4a) Pro;128;1&1;netzbetreiber;1&1 All-Net-Flat L;L;neu;;;;35,99;36;39,90;36;;;2026-10-07;https://mobile.1und1.de/smartphones-all-net-flat-l;nothing-phone-4a-pro-128gb-silber;Schätzung;Gerätezuzahlung
Bündel;Nothing Phone (4a) Pro;128;1&1;netzbetreiber;1&1 All-Net-Flat M;M;neu;;;;30,99;36;39,90;36;;;2026-10-07;https://mobile.1und1.de/smartphones-all-net-flat-m;nothing-phone-4a-pro-128gb-silber;Schätzung;Gerätezuzahlung
Bündel;Nothing Phone (4a) Pro;128;1&1;netzbetreiber;1&1 All-Net-Flat S;XS;neu;140,00;;;25,99;36;39,90;36;;1115,54;2026-10-07;https://mobile.1und1.de/nothing-phone-4a-pro;nothing-phone-4a-pro-128gb-silber;;
Bündel;Nothing Phone (4a) Pro;128;1&1;netzbetreiber;1&1 Unlimited on demand L;L;neu;;;;40,99;36;39,90;36;;;2026-10-07;https://mobile.1und1.de/smartphones-unlimited-l;nothing-phone-4a-pro-128gb-silber;Schätzung;Gerätezuzahlung
Bündel;Nothing Phone (4a) Pro;128;1&1;netzbetreiber;1&1 Unlimited on demand M;M;neu;;;;35,99;36;39,90;36;;;2026-10-07;https://mobile.1und1.de/smartphones-unlimited-m;nothing-phone-4a-pro-128gb-silber;Schätzung;Gerätezuzahlung
Bündel;Nothing Phone (4a) Pro;128;1&1;netzbetreiber;1&1 Unlimited on demand S;XS;neu;;;;30,99;36;39,90;36;;;2026-10-07;https://mobile.1und1.de/smartphones-unlimited-s;nothing-phone-4a-pro-128gb-silber;Schätzung;Gerätezuzahlung
Bündel;Nothing Phone (4a) Pro;128;1&1;netzbetreiber;1&1 Unlimited XL;;neu;;;;55,99;36;39,90;36;;;2026-10-07;https://mobile.1und1.de/smartphones-unlimited-xl;nothing-phone-4a-pro-128gb-silber;Schätzung;Gerätezuzahlung
Bündel;Galaxy A17;128;1&1;netzbetreiber;1&1 All-Net-Flat L;L;neu;;;;27,99;36;39,90;36;;;2026-10-07;https://mobile.1und1.de/smartphones-all-net-flat-l;samsung-galaxy-a17-128gb-schwarz;Schätzung;Gerätezuzahlung
Bündel;Galaxy A17;128;1&1;netzbetreiber;1&1 All-Net-Flat M;M;neu;;;;22,99;36;39,90;36;;;2026-10-07;https://mobile.1und1.de/smartphones-all-net-flat-m;samsung-galaxy-a17-128gb-schwarz;Schätzung;Gerätezuzahlung
Bündel;Galaxy A17;128;1&1;netzbetreiber;1&1 All-Net-Flat S;XS;neu;40,00;;;17,99;36;39,90;36;;727,54;2026-10-07;https://mobile.1und1.de/samsung-galaxy-a17-5g;samsung-galaxy-a17-128gb-schwarz;;
Bündel;Galaxy A17;128;1&1;netzbetreiber;1&1 Unlimited on demand L;L;neu;;;;32,99;36;39,90;36;;;2026-10-07;https://mobile.1und1.de/smartphones-unlimited-l;samsung-galaxy-a17-128gb-schwarz;Schätzung;Gerätezuzahlung
Bündel;Galaxy A17;128;1&1;netzbetreiber;1&1 Unlimited on demand M;M;neu;;;;27,99;36;39,90;36;;;2026-10-07;https://mobile.1und1.de/smartphones-unlimited-m;samsung-galaxy-a17-128gb-schwarz;Schätzung;Gerätezuzahlung
Bündel;Galaxy A17;128;1&1;netzbetreiber;1&1 Unlimited on demand S;XS;neu;;;;22,99;36;39,90;36;;;2026-10-07;https://mobile.1und1.de/smartphones-unlimited-s;samsung-galaxy-a17-128gb-schwarz;Schätzung;Gerätezuzahlung
Bündel;Galaxy A17;128;1&1;netzbetreiber;1&1 Unlimited XL;;neu;;;;47,99;36;39,90;36;;;2026-10-07;https://mobile.1und1.de/smartphones-unlimited-xl;samsung-galaxy-a17-128gb-schwarz;Schätzung;Gerätezuzahlung
Bündel;Galaxy A27;128;1&1;netzbetreiber;1&1 All-Net-Flat L;L;neu;;;;32,99;36;39,90;36;;;2026-10-07;https://mobile.1und1.de/smartphones-all-net-flat-l;samsung-galaxy-a27-128gb-schwarz;Schätzung;Gerätezuzahlung
Bündel;Galaxy A27;128;1&1;netzbetreiber;1&1 All-Net-Flat M;M;neu;;;;27,99;36;39,90;36;;;2026-10-07;https://mobile.1und1.de/smartphones-all-net-flat-m;samsung-galaxy-a27-128gb-schwarz;Schätzung;Gerätezuzahlung
Bündel;Galaxy A27;128;1&1;netzbetreiber;1&1 All-Net-Flat S;XS;neu;100,00;;;22,99;36;39,90;36;;967,54;2026-10-07;https://mobile.1und1.de/samsung-galaxy-a27-5g;samsung-galaxy-a27-128gb-schwarz;;
Bündel;Galaxy A27;128;1&1;netzbetreiber;1&1 Unlimited on demand L;L;neu;;;;37,99;36;39,90;36;;;2026-10-07;https://mobile.1und1.de/smartphones-unlimited-l;samsung-galaxy-a27-128gb-schwarz;Schätzung;Gerätezuzahlung
Bündel;Galaxy A27;128;1&1;netzbetreiber;1&1 Unlimited on demand M;M;neu;;;;32,99;36;39,90;36;;;2026-10-07;https://mobile.1und1.de/smartphones-unlimited-m;samsung-galaxy-a27-128gb-schwarz;Schätzung;Gerätezuzahlung
Bündel;Galaxy A27;128;1&1;netzbetreiber;1&1 Unlimited on demand S;XS;neu;;;;27,99;36;39,90;36;;;2026-10-07;https://mobile.1und1.de/smartphones-unlimited-s;samsung-galaxy-a27-128gb-schwarz;Schätzung;Gerätezuzahlung
Bündel;Galaxy A27;128;1&1;netzbetreiber;1&1 Unlimited XL;;neu;;;;52,99;36;39,90;36;;;2026-10-07;https://mobile.1und1.de/smartphones-unlimited-xl;samsung-galaxy-a27-128gb-schwarz;Schätzung;Gerätezuzahlung
Bündel;Galaxy A57;128;1&1;netzbetreiber;1&1 All-Net-Flat L;L;neu;;;;35,99;36;39,90;36;;;2026-10-07;https://mobile.1und1.de/smartphones-all-net-flat-l;samsung-galaxy-a57-128gb-awesome-gray;Schätzung;Gerätezuzahlung
Bündel;Galaxy A57;128;1&1;netzbetreiber;1&1 All-Net-Flat M;M;neu;;;;30,99;36;39,90;36;;;2026-10-07;https://mobile.1und1.de/smartphones-all-net-flat-m;samsung-galaxy-a57-128gb-awesome-gray;Schätzung;Gerätezuzahlung
Bündel;Galaxy A57;128;1&1;netzbetreiber;1&1 All-Net-Flat S;XS;neu;140,00;;;25,99;36;39,90;36;;1115,54;2026-10-07;https://mobile.1und1.de/samsung-galaxy-a57;samsung-galaxy-a57-128gb-awesome-gray;;
Bündel;Galaxy A57;128;1&1;netzbetreiber;1&1 Unlimited on demand L;L;neu;;;;40,99;36;39,90;36;;;2026-10-07;https://mobile.1und1.de/smartphones-unlimited-l;samsung-galaxy-a57-128gb-awesome-gray;Schätzung;Gerätezuzahlung
Bündel;Galaxy A57;128;1&1;netzbetreiber;1&1 Unlimited on demand M;M;neu;;;;35,99;36;39,90;36;;;2026-10-07;https://mobile.1und1.de/smartphones-unlimited-m;samsung-galaxy-a57-128gb-awesome-gray;Schätzung;Gerätezuzahlung
Bündel;Galaxy A57;128;1&1;netzbetreiber;1&1 Unlimited on demand S;XS;neu;;;;30,99;36;39,90;36;;;2026-10-07;https://mobile.1und1.de/smartphones-unlimited-s;samsung-galaxy-a57-128gb-awesome-gray;Schätzung;Gerätezuzahlung
Bündel;Galaxy A57;128;1&1;netzbetreiber;1&1 Unlimited XL;;neu;;;;55,99;36;39,90;36;;;2026-10-07;https://mobile.1und1.de/smartphones-unlimited-xl;samsung-galaxy-a57-128gb-awesome-gray;Schätzung;Gerätezuzahlung
Bündel;Galaxy A57;256;1&1;netzbetreiber;1&1 All-Net-Flat L;L;neu;;;;37,99;36;39,90;36;;;2026-10-07;https://mobile.1und1.de/smartphones-all-net-flat-l;samsung-galaxy-a57-256gb-awesome-gray;Schätzung;Gerätezuzahlung
Bündel;Galaxy A57;256;1&1;netzbetreiber;1&1 All-Net-Flat M;M;neu;;;;32,99;36;39,90;36;;;2026-10-07;https://mobile.1und1.de/smartphones-all-net-flat-m;samsung-galaxy-a57-256gb-awesome-gray;Schätzung;Gerätezuzahlung
Bündel;Galaxy A57;256;1&1;netzbetreiber;1&1 All-Net-Flat S;XS;neu;160,00;;;27,99;36;39,90;36;;1207,54;2026-10-07;https://mobile.1und1.de/samsung-galaxy-a57;samsung-galaxy-a57-256gb-awesome-gray;;
Bündel;Galaxy A57;256;1&1;netzbetreiber;1&1 Unlimited on demand L;L;neu;;;;42,99;36;39,90;36;;;2026-10-07;https://mobile.1und1.de/smartphones-unlimited-l;samsung-galaxy-a57-256gb-awesome-gray;Schätzung;Gerätezuzahlung
Bündel;Galaxy A57;256;1&1;netzbetreiber;1&1 Unlimited on demand M;M;neu;;;;37,99;36;39,90;36;;;2026-10-07;https://mobile.1und1.de/smartphones-unlimited-m;samsung-galaxy-a57-256gb-awesome-gray;Schätzung;Gerätezuzahlung
Bündel;Galaxy A57;256;1&1;netzbetreiber;1&1 Unlimited on demand S;XS;neu;;;;32,99;36;39,90;36;;;2026-10-07;https://mobile.1und1.de/smartphones-unlimited-s;samsung-galaxy-a57-256gb-awesome-gray;Schätzung;Gerätezuzahlung
Bündel;Galaxy S25;128;1&1;netzbetreiber;1&1 All-Net-Flat S;XS;neu;220,00;;;32,99;36;39,90;36;;1447,54;2026-09-24;https://mobile.1und1.de/samsung-galaxy-s25;samsung-galaxy-s25-128gb-silber;veraltet;
Bündel;Galaxy S25;256;1&1;netzbetreiber;1&1 All-Net-Flat S;XS;neu;240,00;;;34,99;36;39,90;36;;1539,54;2026-09-24;https://mobile.1und1.de/samsung-galaxy-s25;samsung-galaxy-s25-256gb-blueblack;veraltet;
Bündel;Galaxy S26;256;1&1;netzbetreiber;1&1 All-Net-Flat L;L;neu;;;;42,99;36;39,90;36;;;2026-10-07;https://mobile.1und1.de/smartphones-all-net-flat-l;samsung-galaxy-s26-256gb-schwarz;Schätzung;Gerätezuzahlung
Bündel;Galaxy S26;256;1&1;netzbetreiber;1&1 All-Net-Flat M;M;neu;;;;37,99;36;39,90;36;;;2026-10-07;https://mobile.1und1.de/smartphones-all-net-flat-m;samsung-galaxy-s26-256gb-schwarz;Schätzung;Gerätezuzahlung
Bündel;Galaxy S26;256;1&1;netzbetreiber;1&1 All-Net-Flat S;XS;neu;220,00;;;32,99;36;39,90;36;;1447,54;2026-10-07;https://mobile.1und1.de/samsung-galaxy-s26;samsung-galaxy-s26-256gb-schwarz;;
Bündel;Galaxy S26;256;1&1;netzbetreiber;1&1 Unlimited on demand L;L;neu;;;;47,99;36;39,90;36;;;2026-10-07;https://mobile.1und1.de/smartphones-unlimited-l;samsung-galaxy-s26-256gb-schwarz;Schätzung;Gerätezuzahlung
Bündel;Galaxy S26;256;1&1;netzbetreiber;1&1 Unlimited on demand M;M;neu;;;;42,99;36;39,90;36;;;2026-10-07;https://mobile.1und1.de/smartphones-unlimited-m;samsung-galaxy-s26-256gb-schwarz;Schätzung;Gerätezuzahlung
Bündel;Galaxy S26;256;1&1;netzbetreiber;1&1 Unlimited on demand S;XS;neu;;;;37,99;36;39,90;36;;;2026-10-07;https://mobile.1und1.de/smartphones-unlimited-s;samsung-galaxy-s26-256gb-schwarz;Schätzung;Gerätezuzahlung
Bündel;Galaxy S26;256;1&1;netzbetreiber;1&1 Unlimited XL;;neu;;;;62,99;36;39,90;36;;;2026-10-07;https://mobile.1und1.de/smartphones-unlimited-xl;samsung-galaxy-s26-256gb-schwarz;Schätzung;Gerätezuzahlung
Bündel;Galaxy S26;512;1&1;netzbetreiber;1&1 All-Net-Flat L;L;neu;;;;48,99;36;39,90;36;;;2026-10-07;https://mobile.1und1.de/smartphones-all-net-flat-l;samsung-galaxy-s26-512gb-schwarz;Schätzung;Gerätezuzahlung
Bündel;Galaxy S26;512;1&1;netzbetreiber;1&1 All-Net-Flat M;M;neu;;;;43,99;36;39,90;36;;;2026-10-07;https://mobile.1und1.de/smartphones-all-net-flat-m;samsung-galaxy-s26-512gb-schwarz;Schätzung;Gerätezuzahlung
Bündel;Galaxy S26;512;1&1;netzbetreiber;1&1 All-Net-Flat S;XS;neu;290,00;;;38,99;36;39,90;36;;1733,54;2026-10-07;https://mobile.1und1.de/samsung-galaxy-s26;samsung-galaxy-s26-512gb-schwarz;;
Bündel;Galaxy S26;512;1&1;netzbetreiber;1&1 Unlimited on demand L;L;neu;;;;53,99;36;39,90;36;;;2026-10-07;https://mobile.1und1.de/smartphones-unlimited-l;samsung-galaxy-s26-512gb-schwarz;Schätzung;Gerätezuzahlung
Bündel;Galaxy S26;512;1&1;netzbetreiber;1&1 Unlimited on demand M;M;neu;;;;48,99;36;39,90;36;;;2026-10-07;https://mobile.1und1.de/smartphones-unlimited-m;samsung-galaxy-s26-512gb-schwarz;Schätzung;Gerätezuzahlung
Bündel;Galaxy S26;512;1&1;netzbetreiber;1&1 Unlimited on demand S;XS;neu;;;;43,99;36;39,90;36;;;2026-10-07;https://mobile.1und1.de/smartphones-unlimited-s;samsung-galaxy-s26-512gb-schwarz;Schätzung;Gerätezuzahlung
Bündel;Galaxy S26 FE;128;1&1;netzbetreiber;1&1 All-Net-Flat L;L;neu;;;;37,99;36;39,90;36;;;2026-10-07;https://mobile.1und1.de/smartphones-all-net-flat-l;samsung-galaxy-s26-fe-128gb-pistachio;Schätzung;Gerätezuzahlung
Bündel;Galaxy S26 FE;128;1&1;netzbetreiber;1&1 All-Net-Flat M;M;neu;;;;32,99;36;39,90;36;;;2026-10-07;https://mobile.1und1.de/smartphones-all-net-flat-m;samsung-galaxy-s26-fe-128gb-pistachio;Schätzung;Gerätezuzahlung
Bündel;Galaxy S26 FE;128;1&1;netzbetreiber;1&1 All-Net-Flat S;XS;neu;160,00;;;27,99;36;39,90;36;;1207,54;2026-10-07;https://mobile.1und1.de/samsung-galaxy-s26-fe;samsung-galaxy-s26-fe-128gb-pistachio;;
Bündel;Galaxy S26 FE;128;1&1;netzbetreiber;1&1 Unlimited on demand L;L;neu;;;;42,99;36;39,90;36;;;2026-10-07;https://mobile.1und1.de/smartphones-unlimited-l;samsung-galaxy-s26-fe-128gb-pistachio;Schätzung;Gerätezuzahlung
Bündel;Galaxy S26 FE;128;1&1;netzbetreiber;1&1 Unlimited on demand M;M;neu;;;;37,99;36;39,90;36;;;2026-10-07;https://mobile.1und1.de/smartphones-unlimited-m;samsung-galaxy-s26-fe-128gb-pistachio;Schätzung;Gerätezuzahlung
Bündel;Galaxy S26 FE;128;1&1;netzbetreiber;1&1 Unlimited on demand S;XS;neu;;;;32,99;36;39,90;36;;;2026-10-07;https://mobile.1und1.de/smartphones-unlimited-s;samsung-galaxy-s26-fe-128gb-pistachio;Schätzung;Gerätezuzahlung
Bündel;Galaxy S26 FE;128;1&1;netzbetreiber;1&1 Unlimited XL;;neu;;;;57,99;36;39,90;36;;;2026-10-07;https://mobile.1und1.de/smartphones-unlimited-xl;samsung-galaxy-s26-fe-128gb-pistachio;Schätzung;Gerätezuzahlung
Bündel;Galaxy S26 FE;256;1&1;netzbetreiber;1&1 All-Net-Flat L;L;neu;;;;40,99;36;39,90;36;;;2026-10-07;https://mobile.1und1.de/smartphones-all-net-flat-l;samsung-galaxy-s26-fe-256gb-pistachio;Schätzung;Gerätezuzahlung
Bündel;Galaxy S26 FE;256;1&1;netzbetreiber;1&1 All-Net-Flat M;M;neu;;;;35,99;36;39,90;36;;;2026-10-07;https://mobile.1und1.de/smartphones-all-net-flat-m;samsung-galaxy-s26-fe-256gb-pistachio;Schätzung;Gerätezuzahlung
Bündel;Galaxy S26 FE;256;1&1;netzbetreiber;1&1 All-Net-Flat S;XS;neu;200,00;;;30,99;36;39,90;36;;1355,54;2026-10-07;https://mobile.1und1.de/samsung-galaxy-s26-fe;samsung-galaxy-s26-fe-256gb-pistachio;;
Bündel;Galaxy S26 FE;256;1&1;netzbetreiber;1&1 Unlimited on demand L;L;neu;;;;45,99;36;39,90;36;;;2026-10-07;https://mobile.1und1.de/smartphones-unlimited-l;samsung-galaxy-s26-fe-256gb-pistachio;Schätzung;Gerätezuzahlung
Bündel;Galaxy S26 FE;256;1&1;netzbetreiber;1&1 Unlimited on demand M;M;neu;;;;40,99;36;39,90;36;;;2026-10-07;https://mobile.1und1.de/smartphones-unlimited-m;samsung-galaxy-s26-fe-256gb-pistachio;Schätzung;Gerätezuzahlung
Bündel;Galaxy S26 FE;256;1&1;netzbetreiber;1&1 Unlimited on demand S;XS;neu;;;;35,99;36;39,90;36;;;2026-10-07;https://mobile.1und1.de/smartphones-unlimited-s;samsung-galaxy-s26-fe-256gb-pistachio;Schätzung;Gerätezuzahlung
Bündel;Galaxy S26 Plus;256;1&1;netzbetreiber;1&1 All-Net-Flat L;L;neu;;;;52,99;36;39,90;36;;;2026-10-07;https://mobile.1und1.de/smartphones-all-net-flat-l;samsung-galaxy-s26-plus-256gb-cobalt-violet;Schätzung;Gerätezuzahlung
Bündel;Galaxy S26 Plus;256;1&1;netzbetreiber;1&1 All-Net-Flat M;M;neu;;;;47,99;36;39,90;36;;;2026-10-07;https://mobile.1und1.de/smartphones-all-net-flat-m;samsung-galaxy-s26-plus-256gb-cobalt-violet;Schätzung;Gerätezuzahlung
Bündel;Galaxy S26 Plus;256;1&1;netzbetreiber;1&1 All-Net-Flat S;XS;neu;340,00;;;42,99;36;39,90;36;;1927,54;2026-10-07;https://mobile.1und1.de/samsung-galaxy-s26-plus;samsung-galaxy-s26-plus-256gb-cobalt-violet;;
Bündel;Galaxy S26 Plus;256;1&1;netzbetreiber;1&1 Unlimited on demand L;L;neu;;;;57,99;36;39,90;36;;;2026-10-07;https://mobile.1und1.de/smartphones-unlimited-l;samsung-galaxy-s26-plus-256gb-cobalt-violet;Schätzung;Gerätezuzahlung
Bündel;Galaxy S26 Plus;256;1&1;netzbetreiber;1&1 Unlimited on demand M;M;neu;;;;52,99;36;39,90;36;;;2026-10-07;https://mobile.1und1.de/smartphones-unlimited-m;samsung-galaxy-s26-plus-256gb-cobalt-violet;Schätzung;Gerätezuzahlung
Bündel;Galaxy S26 Plus;256;1&1;netzbetreiber;1&1 Unlimited on demand S;XS;neu;;;;47,99;36;39,90;36;;;2026-10-07;https://mobile.1und1.de/smartphones-unlimited-s;samsung-galaxy-s26-plus-256gb-cobalt-violet;Schätzung;Gerätezuzahlung
Bündel;Galaxy S26 Plus;256;1&1;netzbetreiber;1&1 Unlimited XL;;neu;;;;72,99;36;39,90;36;;;2026-10-07;https://mobile.1und1.de/smartphones-unlimited-xl;samsung-galaxy-s26-plus-256gb-cobalt-violet;Schätzung;Gerätezuzahlung
Bündel;Galaxy S26 Plus;512;1&1;netzbetreiber;1&1 All-Net-Flat L;L;neu;;;;58,99;36;39,90;36;;;2026-10-07;https://mobile.1und1.de/smartphones-all-net-flat-l;samsung-galaxy-s26-plus-512gb-cobalt-violet;Schätzung;Gerätezuzahlung
Bündel;Galaxy S26 Plus;512;1&1;netzbetreiber;1&1 All-Net-Flat M;M;neu;;;;53,99;36;39,90;36;;;2026-10-07;https://mobile.1und1.de/smartphones-all-net-flat-m;samsung-galaxy-s26-plus-512gb-cobalt-violet;Schätzung;Gerätezuzahlung
Bündel;Galaxy S26 Plus;512;1&1;netzbetreiber;1&1 All-Net-Flat S;XS;neu;410,00;;;48,99;36;39,90;36;;2213,54;2026-10-07;https://mobile.1und1.de/samsung-galaxy-s26-plus;samsung-galaxy-s26-plus-512gb-cobalt-violet;;
Bündel;Galaxy S26 Plus;512;1&1;netzbetreiber;1&1 Unlimited on demand L;L;neu;;;;63,99;36;39,90;36;;;2026-10-07;https://mobile.1und1.de/smartphones-unlimited-l;samsung-galaxy-s26-plus-512gb-cobalt-violet;Schätzung;Gerätezuzahlung
Bündel;Galaxy S26 Plus;512;1&1;netzbetreiber;1&1 Unlimited on demand M;M;neu;;;;58,99;36;39,90;36;;;2026-10-07;https://mobile.1und1.de/smartphones-unlimited-m;samsung-galaxy-s26-plus-512gb-cobalt-violet;Schätzung;Gerätezuzahlung
Bündel;Galaxy S26 Plus;512;1&1;netzbetreiber;1&1 Unlimited on demand S;XS;neu;;;;53,99;36;39,90;36;;;2026-10-07;https://mobile.1und1.de/smartphones-unlimited-s;samsung-galaxy-s26-plus-512gb-cobalt-violet;Schätzung;Gerätezuzahlung
Bündel;Galaxy S26 Ultra;1024;1&1;netzbetreiber;1&1 All-Net-Flat L;L;neu;;;;66,99;36;39,90;36;;;2026-10-07;https://mobile.1und1.de/smartphones-all-net-flat-l;samsung-galaxy-s26-ultra-1024gb-cobalt-violet;Schätzung;Gerätezuzahlung
Bündel;Galaxy S26 Ultra;1024;1&1;netzbetreiber;1&1 All-Net-Flat M;M;neu;;;;61,99;36;39,90;36;;;2026-10-07;https://mobile.1und1.de/smartphones-all-net-flat-m;samsung-galaxy-s26-ultra-1024gb-cobalt-violet;Schätzung;Gerätezuzahlung
Bündel;Galaxy S26 Ultra;1024;1&1;netzbetreiber;1&1 All-Net-Flat S;XS;neu;510,00;;;56,99;36;39,90;36;;2601,54;2026-10-07;https://mobile.1und1.de/samsung-galaxy-s26-ultra;samsung-galaxy-s26-ultra-1024gb-cobalt-violet;;
Bündel;Galaxy S26 Ultra;1024;1&1;netzbetreiber;1&1 Unlimited on demand L;L;neu;;;;71,99;36;39,90;36;;;2026-10-07;https://mobile.1und1.de/smartphones-unlimited-l;samsung-galaxy-s26-ultra-1024gb-cobalt-violet;Schätzung;Gerätezuzahlung
Bündel;Galaxy S26 Ultra;1024;1&1;netzbetreiber;1&1 Unlimited on demand M;M;neu;;;;66,99;36;39,90;36;;;2026-10-07;https://mobile.1und1.de/smartphones-unlimited-m;samsung-galaxy-s26-ultra-1024gb-cobalt-violet;Schätzung;Gerätezuzahlung
Bündel;Galaxy S26 Ultra;1024;1&1;netzbetreiber;1&1 Unlimited on demand S;XS;neu;;;;61,99;36;39,90;36;;;2026-10-07;https://mobile.1und1.de/smartphones-unlimited-s;samsung-galaxy-s26-ultra-1024gb-cobalt-violet;Schätzung;Gerätezuzahlung
Bündel;Galaxy S26 Ultra;256;1&1;netzbetreiber;1&1 All-Net-Flat L;L;neu;;;;52,99;36;39,90;36;;;2026-10-07;https://mobile.1und1.de/smartphones-all-net-flat-l;samsung-galaxy-s26-ultra-256gb-cobalt-violet;Schätzung;Gerätezuzahlung
Bündel;Galaxy S26 Ultra;256;1&1;netzbetreiber;1&1 All-Net-Flat M;M;neu;;;;47,99;36;39,90;36;;;2026-10-07;https://mobile.1und1.de/smartphones-all-net-flat-m;samsung-galaxy-s26-ultra-256gb-cobalt-violet;Schätzung;Gerätezuzahlung
Bündel;Galaxy S26 Ultra;256;1&1;netzbetreiber;1&1 All-Net-Flat S;XS;neu;340,00;;;42,99;36;39,90;36;;1927,54;2026-10-07;https://mobile.1und1.de/samsung-galaxy-s26-ultra;samsung-galaxy-s26-ultra-256gb-cobalt-violet;;
Bündel;Galaxy S26 Ultra;256;1&1;netzbetreiber;1&1 Unlimited on demand L;L;neu;;;;57,99;36;39,90;36;;;2026-10-07;https://mobile.1und1.de/smartphones-unlimited-l;samsung-galaxy-s26-ultra-256gb-cobalt-violet;Schätzung;Gerätezuzahlung
Bündel;Galaxy S26 Ultra;256;1&1;netzbetreiber;1&1 Unlimited on demand M;M;neu;;;;52,99;36;39,90;36;;;2026-10-07;https://mobile.1und1.de/smartphones-unlimited-m;samsung-galaxy-s26-ultra-256gb-cobalt-violet;Schätzung;Gerätezuzahlung
Bündel;Galaxy S26 Ultra;256;1&1;netzbetreiber;1&1 Unlimited on demand S;XS;neu;;;;47,99;36;39,90;36;;;2026-10-07;https://mobile.1und1.de/smartphones-unlimited-s;samsung-galaxy-s26-ultra-256gb-cobalt-violet;Schätzung;Gerätezuzahlung
Bündel;Galaxy S26 Ultra;256;1&1;netzbetreiber;1&1 Unlimited XL;;neu;;;;72,99;36;39,90;36;;;2026-10-07;https://mobile.1und1.de/smartphones-unlimited-xl;samsung-galaxy-s26-ultra-256gb-cobalt-violet;Schätzung;Gerätezuzahlung
Bündel;Galaxy S26 Ultra;512;1&1;netzbetreiber;1&1 All-Net-Flat L;L;neu;;;;58,99;36;39,90;36;;;2026-10-07;https://mobile.1und1.de/smartphones-all-net-flat-l;samsung-galaxy-s26-ultra-512gb-cobalt-violet;Schätzung;Gerätezuzahlung
Bündel;Galaxy S26 Ultra;512;1&1;netzbetreiber;1&1 All-Net-Flat M;M;neu;;;;53,99;36;39,90;36;;;2026-10-07;https://mobile.1und1.de/smartphones-all-net-flat-m;samsung-galaxy-s26-ultra-512gb-cobalt-violet;Schätzung;Gerätezuzahlung
Bündel;Galaxy S26 Ultra;512;1&1;netzbetreiber;1&1 All-Net-Flat S;XS;neu;410,00;;;48,99;36;39,90;36;;2213,54;2026-10-07;https://mobile.1und1.de/samsung-galaxy-s26-ultra;samsung-galaxy-s26-ultra-512gb-cobalt-violet;;
Bündel;Galaxy S26 Ultra;512;1&1;netzbetreiber;1&1 Unlimited on demand L;L;neu;;;;63,99;36;39,90;36;;;2026-10-07;https://mobile.1und1.de/smartphones-unlimited-l;samsung-galaxy-s26-ultra-512gb-cobalt-violet;Schätzung;Gerätezuzahlung
Bündel;Galaxy S26 Ultra;512;1&1;netzbetreiber;1&1 Unlimited on demand M;M;neu;;;;58,99;36;39,90;36;;;2026-10-07;https://mobile.1und1.de/smartphones-unlimited-m;samsung-galaxy-s26-ultra-512gb-cobalt-violet;Schätzung;Gerätezuzahlung
Bündel;Galaxy S26 Ultra;512;1&1;netzbetreiber;1&1 Unlimited on demand S;XS;neu;;;;53,99;36;39,90;36;;;2026-10-07;https://mobile.1und1.de/smartphones-unlimited-s;samsung-galaxy-s26-ultra-512gb-cobalt-violet;Schätzung;Gerätezuzahlung
Bündel;Galaxy Z Flip8;256;1&1;netzbetreiber;1&1 All-Net-Flat L;L;neu;;;;52,99;36;39,90;36;;;2026-10-07;https://mobile.1und1.de/smartphones-all-net-flat-l;samsung-galaxy-z-flip8-256gb-grau;Schätzung;Gerätezuzahlung
Bündel;Galaxy Z Flip8;256;1&1;netzbetreiber;1&1 All-Net-Flat M;M;neu;;;;47,99;36;39,90;36;;;2026-10-07;https://mobile.1und1.de/smartphones-all-net-flat-m;samsung-galaxy-z-flip8-256gb-grau;Schätzung;Gerätezuzahlung
Bündel;Galaxy Z Flip8;256;1&1;netzbetreiber;1&1 All-Net-Flat S;XS;neu;340,00;;;42,99;36;39,90;36;;1927,54;2026-10-07;https://mobile.1und1.de/samsung-galaxy-z-flip8;samsung-galaxy-z-flip8-256gb-grau;;
Bündel;Galaxy Z Flip8;256;1&1;netzbetreiber;1&1 Unlimited on demand L;L;neu;;;;57,99;36;39,90;36;;;2026-10-07;https://mobile.1und1.de/smartphones-unlimited-l;samsung-galaxy-z-flip8-256gb-grau;Schätzung;Gerätezuzahlung
Bündel;Galaxy Z Flip8;256;1&1;netzbetreiber;1&1 Unlimited on demand M;M;neu;;;;52,99;36;39,90;36;;;2026-10-07;https://mobile.1und1.de/smartphones-unlimited-m;samsung-galaxy-z-flip8-256gb-grau;Schätzung;Gerätezuzahlung
Bündel;Galaxy Z Flip8;256;1&1;netzbetreiber;1&1 Unlimited on demand S;XS;neu;;;;47,99;36;39,90;36;;;2026-10-07;https://mobile.1und1.de/smartphones-unlimited-s;samsung-galaxy-z-flip8-256gb-grau;Schätzung;Gerätezuzahlung
Bündel;Galaxy Z Flip8;256;1&1;netzbetreiber;1&1 Unlimited XL;;neu;;;;72,99;36;39,90;36;;;2026-10-07;https://mobile.1und1.de/smartphones-unlimited-xl;samsung-galaxy-z-flip8-256gb-grau;Schätzung;Gerätezuzahlung
Bündel;Galaxy Z Flip8;512;1&1;netzbetreiber;1&1 All-Net-Flat L;L;neu;;;;58,99;36;39,90;36;;;2026-10-07;https://mobile.1und1.de/smartphones-all-net-flat-l;samsung-galaxy-z-flip8-512gb-grau;Schätzung;Gerätezuzahlung
Bündel;Galaxy Z Flip8;512;1&1;netzbetreiber;1&1 All-Net-Flat M;M;neu;;;;53,99;36;39,90;36;;;2026-10-07;https://mobile.1und1.de/smartphones-all-net-flat-m;samsung-galaxy-z-flip8-512gb-grau;Schätzung;Gerätezuzahlung
Bündel;Galaxy Z Flip8;512;1&1;netzbetreiber;1&1 All-Net-Flat S;XS;neu;410,00;;;48,99;36;39,90;36;;2213,54;2026-10-07;https://mobile.1und1.de/samsung-galaxy-z-flip8;samsung-galaxy-z-flip8-512gb-grau;;
Bündel;Galaxy Z Flip8;512;1&1;netzbetreiber;1&1 Unlimited on demand L;L;neu;;;;63,99;36;39,90;36;;;2026-10-07;https://mobile.1und1.de/smartphones-unlimited-l;samsung-galaxy-z-flip8-512gb-grau;Schätzung;Gerätezuzahlung
Bündel;Galaxy Z Flip8;512;1&1;netzbetreiber;1&1 Unlimited on demand M;M;neu;;;;58,99;36;39,90;36;;;2026-10-07;https://mobile.1und1.de/smartphones-unlimited-m;samsung-galaxy-z-flip8-512gb-grau;Schätzung;Gerätezuzahlung
Bündel;Galaxy Z Flip8;512;1&1;netzbetreiber;1&1 Unlimited on demand S;XS;neu;;;;53,99;36;39,90;36;;;2026-10-07;https://mobile.1und1.de/smartphones-unlimited-s;samsung-galaxy-z-flip8-512gb-grau;Schätzung;Gerätezuzahlung
Bündel;Galaxy Z Fold8;256;1&1;netzbetreiber;1&1 All-Net-Flat L;L;neu;;;;72,99;36;39,90;36;;;2026-10-07;https://mobile.1und1.de/smartphones-all-net-flat-l;samsung-galaxy-z-fold8-256gb-grau;Schätzung;Gerätezuzahlung
Bündel;Galaxy Z Fold8;256;1&1;netzbetreiber;1&1 All-Net-Flat M;M;neu;;;;67,99;36;39,90;36;;;2026-10-07;https://mobile.1und1.de/smartphones-all-net-flat-m;samsung-galaxy-z-fold8-256gb-grau;Schätzung;Gerätezuzahlung
Bündel;Galaxy Z Fold8;256;1&1;netzbetreiber;1&1 All-Net-Flat S;XS;neu;580,00;;;62,99;36;39,90;36;;2887,54;2026-10-07;https://mobile.1und1.de/samsung-galaxy-z-fold8;samsung-galaxy-z-fold8-256gb-grau;;
Bündel;Galaxy Z Fold8;256;1&1;netzbetreiber;1&1 Unlimited on demand L;L;neu;;;;77,99;36;39,90;36;;;2026-10-07;https://mobile.1und1.de/smartphones-unlimited-l;samsung-galaxy-z-fold8-256gb-grau;Schätzung;Gerätezuzahlung
Bündel;Galaxy Z Fold8;256;1&1;netzbetreiber;1&1 Unlimited on demand M;M;neu;;;;72,99;36;39,90;36;;;2026-10-07;https://mobile.1und1.de/smartphones-unlimited-m;samsung-galaxy-z-fold8-256gb-grau;Schätzung;Gerätezuzahlung
Bündel;Galaxy Z Fold8;256;1&1;netzbetreiber;1&1 Unlimited on demand S;XS;neu;;;;67,99;36;39,90;36;;;2026-10-07;https://mobile.1und1.de/smartphones-unlimited-s;samsung-galaxy-z-fold8-256gb-grau;Schätzung;Gerätezuzahlung
Bündel;Galaxy Z Fold8;256;1&1;netzbetreiber;1&1 Unlimited XL;;neu;;;;92,99;36;39,90;36;;;2026-10-07;https://mobile.1und1.de/smartphones-unlimited-xl;samsung-galaxy-z-fold8-256gb-grau;Schätzung;Gerätezuzahlung
Bündel;Galaxy Z Fold8;512;1&1;netzbetreiber;1&1 All-Net-Flat L;L;neu;;;;78,99;36;39,90;36;;;2026-10-07;https://mobile.1und1.de/smartphones-all-net-flat-l;samsung-galaxy-z-fold8-512gb-grau;Schätzung;Gerätezuzahlung
Bündel;Galaxy Z Fold8;512;1&1;netzbetreiber;1&1 All-Net-Flat M;M;neu;;;;73,99;36;39,90;36;;;2026-10-07;https://mobile.1und1.de/smartphones-all-net-flat-m;samsung-galaxy-z-fold8-512gb-grau;Schätzung;Gerätezuzahlung
Bündel;Galaxy Z Fold8;512;1&1;netzbetreiber;1&1 All-Net-Flat S;XS;neu;650,00;;;68,99;36;39,90;36;;3173,54;2026-10-07;https://mobile.1und1.de/samsung-galaxy-z-fold8;samsung-galaxy-z-fold8-512gb-grau;;
Bündel;Galaxy Z Fold8;512;1&1;netzbetreiber;1&1 Unlimited on demand L;L;neu;;;;83,99;36;39,90;36;;;2026-10-07;https://mobile.1und1.de/smartphones-unlimited-l;samsung-galaxy-z-fold8-512gb-grau;Schätzung;Gerätezuzahlung
Bündel;Galaxy Z Fold8;512;1&1;netzbetreiber;1&1 Unlimited on demand M;M;neu;;;;78,99;36;39,90;36;;;2026-10-07;https://mobile.1und1.de/smartphones-unlimited-m;samsung-galaxy-z-fold8-512gb-grau;Schätzung;Gerätezuzahlung
Bündel;Galaxy Z Fold8;512;1&1;netzbetreiber;1&1 Unlimited on demand S;XS;neu;;;;73,99;36;39,90;36;;;2026-10-07;https://mobile.1und1.de/smartphones-unlimited-s;samsung-galaxy-z-fold8-512gb-grau;Schätzung;Gerätezuzahlung
Bündel;Galaxy Z Fold8 Ultra;1024;1&1;netzbetreiber;1&1 All-Net-Flat L;L;neu;;;;94,99;36;39,90;36;;;2026-10-07;https://mobile.1und1.de/smartphones-all-net-flat-l;samsung-galaxy-z-fold8-ultra-1024gb-grau;Schätzung;Gerätezuzahlung
Bündel;Galaxy Z Fold8 Ultra;1024;1&1;netzbetreiber;1&1 All-Net-Flat M;M;neu;;;;89,99;36;39,90;36;;;2026-10-07;https://mobile.1und1.de/smartphones-all-net-flat-m;samsung-galaxy-z-fold8-ultra-1024gb-grau;Schätzung;Gerätezuzahlung
Bündel;Galaxy Z Fold8 Ultra;1024;1&1;netzbetreiber;1&1 All-Net-Flat S;XS;neu;840,00;;;84,99;36;39,90;36;;3939,54;2026-10-07;https://mobile.1und1.de/samsung-galaxy-z-fold8-ultra;samsung-galaxy-z-fold8-ultra-1024gb-grau;;
Bündel;Galaxy Z Fold8 Ultra;1024;1&1;netzbetreiber;1&1 Unlimited on demand L;L;neu;;;;99,99;36;39,90;36;;;2026-10-07;https://mobile.1und1.de/smartphones-unlimited-l;samsung-galaxy-z-fold8-ultra-1024gb-grau;Schätzung;Gerätezuzahlung
Bündel;Galaxy Z Fold8 Ultra;1024;1&1;netzbetreiber;1&1 Unlimited on demand M;M;neu;;;;94,99;36;39,90;36;;;2026-10-07;https://mobile.1und1.de/smartphones-unlimited-m;samsung-galaxy-z-fold8-ultra-1024gb-grau;Schätzung;Gerätezuzahlung
Bündel;Galaxy Z Fold8 Ultra;1024;1&1;netzbetreiber;1&1 Unlimited on demand S;XS;neu;;;;89,99;36;39,90;36;;;2026-10-07;https://mobile.1und1.de/smartphones-unlimited-s;samsung-galaxy-z-fold8-ultra-1024gb-grau;Schätzung;Gerätezuzahlung
Bündel;Galaxy Z Fold8 Ultra;256;1&1;netzbetreiber;1&1 All-Net-Flat L;L;neu;;;;77,99;36;39,90;36;;;2026-10-07;https://mobile.1und1.de/smartphones-all-net-flat-l;samsung-galaxy-z-fold8-ultra-256gb-grau;Schätzung;Gerätezuzahlung
Bündel;Galaxy Z Fold8 Ultra;256;1&1;netzbetreiber;1&1 All-Net-Flat M;M;neu;;;;72,99;36;39,90;36;;;2026-10-07;https://mobile.1und1.de/smartphones-all-net-flat-m;samsung-galaxy-z-fold8-ultra-256gb-grau;Schätzung;Gerätezuzahlung
Bündel;Galaxy Z Fold8 Ultra;256;1&1;netzbetreiber;1&1 All-Net-Flat S;XS;neu;640,00;;;67,99;36;39,90;36;;3127,54;2026-10-07;https://mobile.1und1.de/samsung-galaxy-z-fold8-ultra;samsung-galaxy-z-fold8-ultra-256gb-grau;;
Bündel;Galaxy Z Fold8 Ultra;256;1&1;netzbetreiber;1&1 Unlimited on demand L;L;neu;;;;82,99;36;39,90;36;;;2026-10-07;https://mobile.1und1.de/smartphones-unlimited-l;samsung-galaxy-z-fold8-ultra-256gb-grau;Schätzung;Gerätezuzahlung
Bündel;Galaxy Z Fold8 Ultra;256;1&1;netzbetreiber;1&1 Unlimited on demand M;M;neu;;;;77,99;36;39,90;36;;;2026-10-07;https://mobile.1und1.de/smartphones-unlimited-m;samsung-galaxy-z-fold8-ultra-256gb-grau;Schätzung;Gerätezuzahlung
Bündel;Galaxy Z Fold8 Ultra;256;1&1;netzbetreiber;1&1 Unlimited on demand S;XS;neu;;;;72,99;36;39,90;36;;;2026-10-07;https://mobile.1und1.de/smartphones-unlimited-s;samsung-galaxy-z-fold8-ultra-256gb-grau;Schätzung;Gerätezuzahlung
Bündel;Galaxy Z Fold8 Ultra;256;1&1;netzbetreiber;1&1 Unlimited XL;;neu;;;;97,99;36;39,90;36;;;2026-10-07;https://mobile.1und1.de/smartphones-unlimited-xl;samsung-galaxy-z-fold8-ultra-256gb-grau;Schätzung;Gerätezuzahlung
Bündel;Galaxy Z Fold8 Ultra;512;1&1;netzbetreiber;1&1 All-Net-Flat L;L;neu;;;;83,99;36;39,90;36;;;2026-10-07;https://mobile.1und1.de/smartphones-all-net-flat-l;samsung-galaxy-z-fold8-ultra-512gb-grau;Schätzung;Gerätezuzahlung
Bündel;Galaxy Z Fold8 Ultra;512;1&1;netzbetreiber;1&1 All-Net-Flat M;M;neu;;;;78,99;36;39,90;36;;;2026-10-07;https://mobile.1und1.de/smartphones-all-net-flat-m;samsung-galaxy-z-fold8-ultra-512gb-grau;Schätzung;Gerätezuzahlung
Bündel;Galaxy Z Fold8 Ultra;512;1&1;netzbetreiber;1&1 All-Net-Flat S;XS;neu;710,00;;;73,99;36;39,90;36;;3413,54;2026-10-07;https://mobile.1und1.de/samsung-galaxy-z-fold8-ultra;samsung-galaxy-z-fold8-ultra-512gb-grau;;
Bündel;Galaxy Z Fold8 Ultra;512;1&1;netzbetreiber;1&1 Unlimited on demand L;L;neu;;;;88,99;36;39,90;36;;;2026-10-07;https://mobile.1und1.de/smartphones-unlimited-l;samsung-galaxy-z-fold8-ultra-512gb-grau;Schätzung;Gerätezuzahlung
Bündel;Galaxy Z Fold8 Ultra;512;1&1;netzbetreiber;1&1 Unlimited on demand M;M;neu;;;;83,99;36;39,90;36;;;2026-10-07;https://mobile.1und1.de/smartphones-unlimited-m;samsung-galaxy-z-fold8-ultra-512gb-grau;Schätzung;Gerätezuzahlung
Bündel;Galaxy Z Fold8 Ultra;512;1&1;netzbetreiber;1&1 Unlimited on demand S;XS;neu;;;;78,99;36;39,90;36;;;2026-10-07;https://mobile.1und1.de/smartphones-unlimited-s;samsung-galaxy-z-fold8-ultra-512gb-grau;Schätzung;Gerätezuzahlung
Bündel;Xiaomi 17;512;1&1;netzbetreiber;1&1 All-Net-Flat L;L;neu;;;;47,99;36;39,90;36;;;2026-10-07;https://mobile.1und1.de/smartphones-all-net-flat-l;xiaomi-17-512gb-schwarz;Schätzung;Gerätezuzahlung
Bündel;Xiaomi 17;512;1&1;netzbetreiber;1&1 All-Net-Flat M;M;neu;;;;42,99;36;39,90;36;;;2026-10-07;https://mobile.1und1.de/smartphones-all-net-flat-m;xiaomi-17-512gb-schwarz;Schätzung;Gerätezuzahlung
Bündel;Xiaomi 17;512;1&1;netzbetreiber;1&1 All-Net-Flat S;XS;neu;280,00;;;37,99;36;39,90;36;;1687,54;2026-10-07;https://mobile.1und1.de/xiaomi-17;xiaomi-17-512gb-schwarz;;
Bündel;Xiaomi 17;512;1&1;netzbetreiber;1&1 Unlimited on demand L;L;neu;;;;52,99;36;39,90;36;;;2026-10-07;https://mobile.1und1.de/smartphones-unlimited-l;xiaomi-17-512gb-schwarz;Schätzung;Gerätezuzahlung
Bündel;Xiaomi 17;512;1&1;netzbetreiber;1&1 Unlimited on demand M;M;neu;;;;47,99;36;39,90;36;;;2026-10-07;https://mobile.1und1.de/smartphones-unlimited-m;xiaomi-17-512gb-schwarz;Schätzung;Gerätezuzahlung
Bündel;Xiaomi 17;512;1&1;netzbetreiber;1&1 Unlimited on demand S;XS;neu;;;;42,99;36;39,90;36;;;2026-10-07;https://mobile.1und1.de/smartphones-unlimited-s;xiaomi-17-512gb-schwarz;Schätzung;Gerätezuzahlung
Bündel;Xiaomi 17;512;1&1;netzbetreiber;1&1 Unlimited XL;;neu;;;;67,99;36;39,90;36;;;2026-10-07;https://mobile.1und1.de/smartphones-unlimited-xl;xiaomi-17-512gb-schwarz;Schätzung;Gerätezuzahlung
Bündel;Xiaomi 17 Ultra;512;1&1;netzbetreiber;1&1 All-Net-Flat L;L;neu;;;;55,99;36;39,90;36;;;2026-10-07;https://mobile.1und1.de/smartphones-all-net-flat-l;xiaomi-17-ultra-512gb-schwarz;Schätzung;Gerätezuzahlung
Bündel;Xiaomi 17 Ultra;512;1&1;netzbetreiber;1&1 All-Net-Flat M;M;neu;;;;50,99;36;39,90;36;;;2026-10-07;https://mobile.1und1.de/smartphones-all-net-flat-m;xiaomi-17-ultra-512gb-schwarz;Schätzung;Gerätezuzahlung
Bündel;Xiaomi 17 Ultra;512;1&1;netzbetreiber;1&1 All-Net-Flat S;XS;neu;380,00;;;45,99;36;39,90;36;;2075,54;2026-10-07;https://mobile.1und1.de/xiaomi-17-ultra;xiaomi-17-ultra-512gb-schwarz;;
Bündel;Xiaomi 17 Ultra;512;1&1;netzbetreiber;1&1 Unlimited on demand L;L;neu;;;;60,99;36;39,90;36;;;2026-10-07;https://mobile.1und1.de/smartphones-unlimited-l;xiaomi-17-ultra-512gb-schwarz;Schätzung;Gerätezuzahlung
Bündel;Xiaomi 17 Ultra;512;1&1;netzbetreiber;1&1 Unlimited on demand M;M;neu;;;;55,99;36;39,90;36;;;2026-10-07;https://mobile.1und1.de/smartphones-unlimited-m;xiaomi-17-ultra-512gb-schwarz;Schätzung;Gerätezuzahlung
Bündel;Xiaomi 17 Ultra;512;1&1;netzbetreiber;1&1 Unlimited on demand S;XS;neu;;;;50,99;36;39,90;36;;;2026-10-07;https://mobile.1und1.de/smartphones-unlimited-s;xiaomi-17-ultra-512gb-schwarz;Schätzung;Gerätezuzahlung
Bündel;Xiaomi 17 Ultra;512;1&1;netzbetreiber;1&1 Unlimited XL;;neu;;;;75,99;36;39,90;36;;;2026-10-07;https://mobile.1und1.de/smartphones-unlimited-xl;xiaomi-17-ultra-512gb-schwarz;Schätzung;Gerätezuzahlung
Bündel;Xiaomi 17T;256;1&1;netzbetreiber;1&1 All-Net-Flat L;L;neu;;;;37,99;36;39,90;36;;;2026-10-07;https://mobile.1und1.de/smartphones-all-net-flat-l;xiaomi-17t-256gb-schwarz;Schätzung;Gerätezuzahlung
Bündel;Xiaomi 17T;256;1&1;netzbetreiber;1&1 All-Net-Flat M;M;neu;;;;32,99;36;39,90;36;;;2026-10-07;https://mobile.1und1.de/smartphones-all-net-flat-m;xiaomi-17t-256gb-schwarz;Schätzung;Gerätezuzahlung
Bündel;Xiaomi 17T;256;1&1;netzbetreiber;1&1 All-Net-Flat S;XS;neu;160,00;;;27,99;36;39,90;36;;1207,54;2026-10-07;https://mobile.1und1.de/xiaomi-17t;xiaomi-17t-256gb-schwarz;;
Bündel;Xiaomi 17T;256;1&1;netzbetreiber;1&1 Unlimited on demand L;L;neu;;;;42,99;36;39,90;36;;;2026-10-07;https://mobile.1und1.de/smartphones-unlimited-l;xiaomi-17t-256gb-schwarz;Schätzung;Gerätezuzahlung
Bündel;Xiaomi 17T;256;1&1;netzbetreiber;1&1 Unlimited on demand M;M;neu;;;;37,99;36;39,90;36;;;2026-10-07;https://mobile.1und1.de/smartphones-unlimited-m;xiaomi-17t-256gb-schwarz;Schätzung;Gerätezuzahlung
Bündel;Xiaomi 17T;256;1&1;netzbetreiber;1&1 Unlimited on demand S;XS;neu;;;;32,99;36;39,90;36;;;2026-10-07;https://mobile.1und1.de/smartphones-unlimited-s;xiaomi-17t-256gb-schwarz;Schätzung;Gerätezuzahlung
Bündel;Xiaomi 17T;256;1&1;netzbetreiber;1&1 Unlimited XL;;neu;;;;57,99;36;39,90;36;;;2026-10-07;https://mobile.1und1.de/smartphones-unlimited-xl;xiaomi-17t-256gb-schwarz;Schätzung;Gerätezuzahlung
Bündel;Xiaomi 17T Pro;512;1&1;netzbetreiber;1&1 All-Net-Flat L;L;neu;;;;40,99;36;39,90;36;;;2026-10-07;https://mobile.1und1.de/smartphones-all-net-flat-l;xiaomi-17t-pro-512gb-schwarz;Schätzung;Gerätezuzahlung
Bündel;Xiaomi 17T Pro;512;1&1;netzbetreiber;1&1 All-Net-Flat M;M;neu;;;;35,99;36;39,90;36;;;2026-10-07;https://mobile.1und1.de/smartphones-all-net-flat-m;xiaomi-17t-pro-512gb-schwarz;Schätzung;Gerätezuzahlung
Bündel;Xiaomi 17T Pro;512;1&1;netzbetreiber;1&1 All-Net-Flat S;XS;neu;200,00;;;30,99;36;39,90;36;;1355,54;2026-10-07;https://mobile.1und1.de/xiaomi-17t-pro;xiaomi-17t-pro-512gb-schwarz;;
Bündel;Xiaomi 17T Pro;512;1&1;netzbetreiber;1&1 Unlimited on demand L;L;neu;;;;45,99;36;39,90;36;;;2026-10-07;https://mobile.1und1.de/smartphones-unlimited-l;xiaomi-17t-pro-512gb-schwarz;Schätzung;Gerätezuzahlung
Bündel;Xiaomi 17T Pro;512;1&1;netzbetreiber;1&1 Unlimited on demand M;M;neu;;;;40,99;36;39,90;36;;;2026-10-07;https://mobile.1und1.de/smartphones-unlimited-m;xiaomi-17t-pro-512gb-schwarz;Schätzung;Gerätezuzahlung
Bündel;Xiaomi 17T Pro;512;1&1;netzbetreiber;1&1 Unlimited on demand S;XS;neu;;;;35,99;36;39,90;36;;;2026-10-07;https://mobile.1und1.de/smartphones-unlimited-s;xiaomi-17t-pro-512gb-schwarz;Schätzung;Gerätezuzahlung
Bündel;Xiaomi 17T Pro;512;1&1;netzbetreiber;1&1 Unlimited XL;;neu;;;;60,99;36;39,90;36;;;2026-10-07;https://mobile.1und1.de/smartphones-unlimited-xl;xiaomi-17t-pro-512gb-schwarz;Schätzung;Gerätezuzahlung
Bündel;Redmi Note 17;128;1&1;netzbetreiber;1&1 All-Net-Flat L;L;neu;;;;30,99;36;39,90;36;;;2026-10-07;https://mobile.1und1.de/smartphones-all-net-flat-l;xiaomi-redmi-note-17-128gb-violett;Schätzung;Gerätezuzahlung
Bündel;Redmi Note 17;128;1&1;netzbetreiber;1&1 All-Net-Flat M;M;neu;;;;25,99;36;39,90;36;;;2026-10-07;https://mobile.1und1.de/smartphones-all-net-flat-m;xiaomi-redmi-note-17-128gb-violett;Schätzung;Gerätezuzahlung
Bündel;Redmi Note 17;128;1&1;netzbetreiber;1&1 All-Net-Flat S;XS;neu;80,00;;;20,99;36;39,90;36;;875,54;2026-10-07;https://mobile.1und1.de/xiaomi-redmi-note-17-5g;xiaomi-redmi-note-17-128gb-violett;;
Bündel;Redmi Note 17;128;1&1;netzbetreiber;1&1 Unlimited on demand L;L;neu;;;;35,99;36;39,90;36;;;2026-10-07;https://mobile.1und1.de/smartphones-unlimited-l;xiaomi-redmi-note-17-128gb-violett;Schätzung;Gerätezuzahlung
Bündel;Redmi Note 17;128;1&1;netzbetreiber;1&1 Unlimited on demand M;M;neu;;;;30,99;36;39,90;36;;;2026-10-07;https://mobile.1und1.de/smartphones-unlimited-m;xiaomi-redmi-note-17-128gb-violett;Schätzung;Gerätezuzahlung
Bündel;Redmi Note 17;128;1&1;netzbetreiber;1&1 Unlimited on demand S;XS;neu;;;;25,99;36;39,90;36;;;2026-10-07;https://mobile.1und1.de/smartphones-unlimited-s;xiaomi-redmi-note-17-128gb-violett;Schätzung;Gerätezuzahlung
Bündel;Redmi Note 17;128;1&1;netzbetreiber;1&1 Unlimited XL;;neu;;;;50,99;36;39,90;36;;;2026-10-07;https://mobile.1und1.de/smartphones-unlimited-xl;xiaomi-redmi-note-17-128gb-violett;Schätzung;Gerätezuzahlung
Bündel;Redmi Note 17 Pro;256;1&1;netzbetreiber;1&1 All-Net-Flat L;L;neu;;;;30,99;36;39,90;36;;;2026-10-07;https://mobile.1und1.de/smartphones-all-net-flat-l;xiaomi-redmi-note-17-pro-256gb-sky-blue;Schätzung;Gerätezuzahlung
Bündel;Redmi Note 17 Pro;256;1&1;netzbetreiber;1&1 All-Net-Flat M;M;neu;;;;25,99;36;39,90;36;;;2026-10-07;https://mobile.1und1.de/smartphones-all-net-flat-m;xiaomi-redmi-note-17-pro-256gb-sky-blue;Schätzung;Gerätezuzahlung
Bündel;Redmi Note 17 Pro;256;1&1;netzbetreiber;1&1 All-Net-Flat S;XS;neu;80,00;;;20,99;36;39,90;36;;875,54;2026-10-07;https://mobile.1und1.de/xiaomi-redmi-note-17-pro-5g;xiaomi-redmi-note-17-pro-256gb-sky-blue;;
Bündel;Redmi Note 17 Pro;256;1&1;netzbetreiber;1&1 Unlimited on demand L;L;neu;;;;35,99;36;39,90;36;;;2026-10-07;https://mobile.1und1.de/smartphones-unlimited-l;xiaomi-redmi-note-17-pro-256gb-sky-blue;Schätzung;Gerätezuzahlung
Bündel;Redmi Note 17 Pro;256;1&1;netzbetreiber;1&1 Unlimited on demand M;M;neu;;;;30,99;36;39,90;36;;;2026-10-07;https://mobile.1und1.de/smartphones-unlimited-m;xiaomi-redmi-note-17-pro-256gb-sky-blue;Schätzung;Gerätezuzahlung
Bündel;Redmi Note 17 Pro;256;1&1;netzbetreiber;1&1 Unlimited on demand S;XS;neu;;;;25,99;36;39,90;36;;;2026-10-07;https://mobile.1und1.de/smartphones-unlimited-s;xiaomi-redmi-note-17-pro-256gb-sky-blue;Schätzung;Gerätezuzahlung
Bündel;Redmi Note 17 Pro;256;1&1;netzbetreiber;1&1 Unlimited XL;;neu;;;;50,99;36;39,90;36;;;2026-10-07;https://mobile.1und1.de/smartphones-unlimited-xl;xiaomi-redmi-note-17-pro-256gb-sky-blue;Schätzung;Gerätezuzahlung
Bündel;Redmi Note 17 Pro Max;256;1&1;netzbetreiber;1&1 All-Net-Flat L;L;neu;;;;35,99;36;39,90;36;;;2026-10-07;https://mobile.1und1.de/smartphones-all-net-flat-l;xiaomi-redmi-note-17-pro-max-256gb-cloud-blush;Schätzung;Gerätezuzahlung
Bündel;Redmi Note 17 Pro Max;256;1&1;netzbetreiber;1&1 All-Net-Flat M;M;neu;;;;30,99;36;39,90;36;;;2026-10-07;https://mobile.1und1.de/smartphones-all-net-flat-m;xiaomi-redmi-note-17-pro-max-256gb-cloud-blush;Schätzung;Gerätezuzahlung
Bündel;Redmi Note 17 Pro Max;256;1&1;netzbetreiber;1&1 All-Net-Flat S;XS;neu;140,00;;;25,99;36;39,90;36;;1115,54;2026-10-07;https://mobile.1und1.de/xiaomi-redmi-note-17-pro-max-5g;xiaomi-redmi-note-17-pro-max-256gb-cloud-blush;;
Bündel;Redmi Note 17 Pro Max;256;1&1;netzbetreiber;1&1 Unlimited on demand L;L;neu;;;;40,99;36;39,90;36;;;2026-10-07;https://mobile.1und1.de/smartphones-unlimited-l;xiaomi-redmi-note-17-pro-max-256gb-cloud-blush;Schätzung;Gerätezuzahlung
Bündel;Redmi Note 17 Pro Max;256;1&1;netzbetreiber;1&1 Unlimited on demand M;M;neu;;;;35,99;36;39,90;36;;;2026-10-07;https://mobile.1und1.de/smartphones-unlimited-m;xiaomi-redmi-note-17-pro-max-256gb-cloud-blush;Schätzung;Gerätezuzahlung
Bündel;Redmi Note 17 Pro Max;256;1&1;netzbetreiber;1&1 Unlimited on demand S;XS;neu;;;;30,99;36;39,90;36;;;2026-10-07;https://mobile.1und1.de/smartphones-unlimited-s;xiaomi-redmi-note-17-pro-max-256gb-cloud-blush;Schätzung;Gerätezuzahlung
Bündel;Redmi Note 17 Pro Max;256;1&1;netzbetreiber;1&1 Unlimited XL;;neu;;;;55,99;36;39,90;36;;;2026-10-07;https://mobile.1und1.de/smartphones-unlimited-xl;xiaomi-redmi-note-17-pro-max-256gb-cloud-blush;Schätzung;Gerätezuzahlung
Bündel;iPhone 17;256;Telekom;netzbetreiber;MagentaMobil L;L;neu;1,00;59,95;20,50;;36;39,95;36;;;2026-09-09;https://www.telekom.de/shop/geraet/apple/apple-iphone-17/lavendel-256-gb?tariffId=MF_17797&categoryId=smartphones;apple-iphone-17-256gb-violett;veraltet;Tarifgrundpreis Monat 25–36
Bündel;iPhone 17;256;Telekom;netzbetreiber;MagentaMobil M;M;neu;1,00;49,95;23,20;;36;39,95;36;;;2026-09-09;https://www.telekom.de/shop/geraet/apple/apple-iphone-17/lavendel-256-gb?tariffId=MF_17791&categoryId=smartphones;apple-iphone-17-256gb-violett;veraltet;Tarifgrundpreis Monat 25–36
Bündel;iPhone 17;256;Telekom;netzbetreiber;MagentaMobil S;S;neu;99,00;39,95;23,30;;36;39,95;36;;;2026-09-09;https://www.telekom.de/shop/geraet/apple/apple-iphone-17/lavendel-256-gb?tariffId=MF_17785&categoryId=smartphones;apple-iphone-17-256gb-violett;veraltet;Tarifgrundpreis Monat 25–36
Bündel;iPhone 17;256;Telekom;netzbetreiber;MagentaMobil XL;XL;neu;1,00;84,95;17,70;;36;39,95;36;;;2026-09-09;https://www.telekom.de/shop/geraet/apple/apple-iphone-17/lavendel-256-gb?tariffId=MF_17803&categoryId=smartphones;apple-iphone-17-256gb-violett;veraltet;Tarifgrundpreis Monat 25–36
Bündel;iPhone 17;256;Telekom;netzbetreiber;MagentaMobil XS;XS;neu;99,00;29,95;23,30;;36;39,95;36;;;2026-09-09;https://www.telekom.de/shop/geraet/apple/apple-iphone-17/lavendel-256-gb?tariffId=MF_17779&categoryId=smartphones;apple-iphone-17-256gb-violett;veraltet;Tarifgrundpreis Monat 25–36
Bündel;iPhone 17 Pro;256;Telekom;netzbetreiber;MagentaMobil L;L;neu;99,00;59,95;24,10;;36;39,95;36;;;2026-09-15;https://www.telekom.de/shop/geraet/apple/apple-iphone-17-pro/tiefblau-256-gb?tariffId=MF_17797&categoryId=smartphones&forwardTradeInApplied=false;apple-iphone-17-pro-256gb-tiefblau;veraltet;Tarifgrundpreis Monat 25–36
Bündel;iPhone 17 Pro;256;Telekom;netzbetreiber;MagentaMobil M;M;neu;99,00;49,95;26,90;;36;39,95;36;;;2026-09-15;https://www.telekom.de/shop/geraet/apple/apple-iphone-17-pro/tiefblau-256-gb?tariffId=MF_17791&categoryId=smartphones&forwardTradeInApplied=false;apple-iphone-17-pro-256gb-tiefblau;veraltet;Tarifgrundpreis Monat 25–36
Bündel;iPhone 17 Pro;256;Telekom;netzbetreiber;MagentaMobil S;S;neu;99,00;39,95;29,70;;36;39,95;36;;;2026-09-15;https://www.telekom.de/shop/geraet/apple/apple-iphone-17-pro/tiefblau-256-gb?tariffId=MF_17785&categoryId=smartphones&forwardTradeInApplied=false;apple-iphone-17-pro-256gb-tiefblau;veraltet;Tarifgrundpreis Monat 25–36
Bündel;iPhone 17 Pro;256;Telekom;netzbetreiber;MagentaMobil XL;XL;neu;1,00;84,95;24,10;;36;39,95;36;;;2026-09-15;https://www.telekom.de/shop/geraet/apple/apple-iphone-17-pro/tiefblau-256-gb?tariffId=MF_17803&categoryId=smartphones&forwardTradeInApplied=false;apple-iphone-17-pro-256gb-tiefblau;veraltet;Tarifgrundpreis Monat 25–36
Bündel;iPhone 17 Pro;256;Telekom;netzbetreiber;MagentaMobil XS;XS;neu;99,00;29,95;29,70;;36;39,95;36;;;2026-09-15;https://www.telekom.de/shop/geraet/apple/apple-iphone-17-pro/tiefblau-256-gb?tariffId=MF_17779&categoryId=smartphones&forwardTradeInApplied=false;apple-iphone-17-pro-256gb-tiefblau;veraltet;Tarifgrundpreis Monat 25–36
Bündel;Pixel 11;256;Telekom;netzbetreiber;MagentaMobil L;L;neu;1,00;59,95;18,00;;36;39,95;36;;;2026-09-15;https://www.telekom.de/shop/geraet/google/google-pixel-11/frost-256-gb?tariffId=MF_17797&categoryId=smartphones&forwardTradeInApplied=false;google-pixel-11-256gb-frost;veraltet;Tarifgrundpreis Monat 25–36
Bündel;Pixel 11;256;Telekom;netzbetreiber;MagentaMobil M;M;neu;1,00;49,95;21,60;;36;39,95;36;;;2026-09-15;https://www.telekom.de/shop/geraet/google/google-pixel-11/frost-256-gb?tariffId=MF_17791&categoryId=smartphones&forwardTradeInApplied=false;google-pixel-11-256gb-frost;veraltet;Tarifgrundpreis Monat 25–36
Bündel;Pixel 11;256;Telekom;netzbetreiber;MagentaMobil S;S;neu;1,00;39,95;24,30;;36;39,95;36;;;2026-09-15;https://www.telekom.de/shop/geraet/google/google-pixel-11/frost-256-gb?tariffId=MF_17785&categoryId=smartphones&forwardTradeInApplied=false;google-pixel-11-256gb-frost;veraltet;Tarifgrundpreis Monat 25–36
Bündel;Pixel 11;256;Telekom;netzbetreiber;MagentaMobil XL;XL;neu;1,00;84,95;16,00;;36;39,95;36;;;2026-09-15;https://www.telekom.de/shop/geraet/google/google-pixel-11/frost-256-gb?tariffId=MF_17803&categoryId=smartphones&forwardTradeInApplied=false;google-pixel-11-256gb-frost;veraltet;Tarifgrundpreis Monat 25–36
Bündel;Pixel 11;256;Telekom;netzbetreiber;MagentaMobil XS;XS;neu;1,00;29,95;24,30;;36;39,95;36;;;2026-09-15;https://www.telekom.de/shop/geraet/google/google-pixel-11/frost-256-gb?tariffId=MF_17779&categoryId=smartphones&forwardTradeInApplied=false;google-pixel-11-256gb-frost;veraltet;Tarifgrundpreis Monat 25–36
Bündel;Pixel 11 Pro;256;Telekom;netzbetreiber;MagentaMobil L;L;neu;1,00;59,95;24,50;;36;39,95;36;;;2026-09-15;https://www.telekom.de/shop/geraet/google/google-pixel-11-pro/olive-256-gb?tariffId=MF_17797&categoryId=smartphones&forwardTradeInApplied=false;google-pixel-11-pro-256gb-olive;veraltet;Tarifgrundpreis Monat 25–36
Bündel;Pixel 11 Pro;256;Telekom;netzbetreiber;MagentaMobil M;M;neu;99,00;49,95;25,50;;36;39,95;36;;;2026-09-15;https://www.telekom.de/shop/geraet/google/google-pixel-11-pro/olive-256-gb?tariffId=MF_17791&categoryId=smartphones&forwardTradeInApplied=false;google-pixel-11-pro-256gb-olive;veraltet;Tarifgrundpreis Monat 25–36
Bündel;Pixel 11 Pro;256;Telekom;netzbetreiber;MagentaMobil S;S;neu;99,00;39,95;28,30;;36;39,95;36;;;2026-09-15;https://www.telekom.de/shop/geraet/google/google-pixel-11-pro/olive-256-gb?tariffId=MF_17785&categoryId=smartphones&forwardTradeInApplied=false;google-pixel-11-pro-256gb-olive;veraltet;Tarifgrundpreis Monat 25–36
Bündel;Pixel 11 Pro;256;Telekom;netzbetreiber;MagentaMobil XL;XL;neu;1,00;84,95;22,70;;36;39,95;36;;;2026-09-15;https://www.telekom.de/shop/geraet/google/google-pixel-11-pro/olive-256-gb?tariffId=MF_17803&categoryId=smartphones&forwardTradeInApplied=false;google-pixel-11-pro-256gb-olive;veraltet;Tarifgrundpreis Monat 25–36
Bündel;Pixel 11 Pro;256;Telekom;netzbetreiber;MagentaMobil XS;XS;neu;99,00;29,95;28,30;;36;39,95;36;;;2026-09-15;https://www.telekom.de/shop/geraet/google/google-pixel-11-pro/olive-256-gb?tariffId=MF_17779&categoryId=smartphones&forwardTradeInApplied=false;google-pixel-11-pro-256gb-olive;veraltet;Tarifgrundpreis Monat 25–36
Bündel;Pixel 11 Pro XL;256;Telekom;netzbetreiber;MagentaMobil L;L;neu;99,00;59,95;25,50;;36;39,95;36;;;2026-09-15;https://www.telekom.de/shop/geraet/google/google-pixel-11-pro-xl/obsidian-256-gb?tariffId=MF_17797&categoryId=smartphones&forwardTradeInApplied=false;google-pixel-11-pro-xl-256gb-schwarz;veraltet;Tarifgrundpreis Monat 25–36
Bündel;Pixel 11 Pro XL;256;Telekom;netzbetreiber;MagentaMobil M;M;neu;99,00;49,95;28,80;;36;39,95;36;;;2026-09-15;https://www.telekom.de/shop/geraet/google/google-pixel-11-pro-xl/obsidian-256-gb?tariffId=MF_17791&categoryId=smartphones&forwardTradeInApplied=false;google-pixel-11-pro-xl-256gb-schwarz;veraltet;Tarifgrundpreis Monat 25–36
Bündel;Pixel 11 Pro XL;256;Telekom;netzbetreiber;MagentaMobil S;S;neu;99,00;39,95;31,60;;36;39,95;36;;;2026-09-15;https://www.telekom.de/shop/geraet/google/google-pixel-11-pro-xl/obsidian-256-gb?tariffId=MF_17785&categoryId=smartphones&forwardTradeInApplied=false;google-pixel-11-pro-xl-256gb-schwarz;veraltet;Tarifgrundpreis Monat 25–36
Bündel;Pixel 11 Pro XL;256;Telekom;netzbetreiber;MagentaMobil XL;XL;neu;99,00;84,95;23,30;;36;39,95;36;;;2026-09-15;https://www.telekom.de/shop/geraet/google/google-pixel-11-pro-xl/obsidian-256-gb?tariffId=MF_17803&categoryId=smartphones&forwardTradeInApplied=false;google-pixel-11-pro-xl-256gb-schwarz;veraltet;Tarifgrundpreis Monat 25–36
Bündel;Pixel 11 Pro XL;256;Telekom;netzbetreiber;MagentaMobil XS;XS;neu;99,00;29,95;31,60;;36;39,95;36;;;2026-09-15;https://www.telekom.de/shop/geraet/google/google-pixel-11-pro-xl/obsidian-256-gb?tariffId=MF_17779&categoryId=smartphones&forwardTradeInApplied=false;google-pixel-11-pro-xl-256gb-schwarz;veraltet;Tarifgrundpreis Monat 25–36
Bündel;Galaxy Z Flip8;256;Telekom;netzbetreiber;MagentaMobil L;L;neu;99,00;59,95;26,10;;36;39,95;36;;;2026-09-15;https://www.telekom.de/shop/geraet/samsung/samsung-galaxy-z-flip8/pink-256-gb?tariffId=MF_17797&categoryId=smartphones&forwardTradeInApplied=false;samsung-galaxy-z-flip8-256gb-rosa;veraltet;Tarifgrundpreis Monat 25–36
Bündel;Galaxy Z Flip8;256;Telekom;netzbetreiber;MagentaMobil M;M;neu;99,00;49,95;28,80;;36;39,95;36;;;2026-09-15;https://www.telekom.de/shop/geraet/samsung/samsung-galaxy-z-flip8/pink-256-gb?tariffId=MF_17791&categoryId=smartphones&forwardTradeInApplied=false;samsung-galaxy-z-flip8-256gb-rosa;veraltet;Tarifgrundpreis Monat 25–36
Bündel;Galaxy Z Flip8;256;Telekom;netzbetreiber;MagentaMobil S;S;neu;99,00;39,95;31,60;;36;39,95;36;;;2026-09-15;https://www.telekom.de/shop/geraet/samsung/samsung-galaxy-z-flip8/pink-256-gb?tariffId=MF_17785&categoryId=smartphones&forwardTradeInApplied=false;samsung-galaxy-z-flip8-256gb-rosa;veraltet;Tarifgrundpreis Monat 25–36
Bündel;Galaxy Z Flip8;256;Telekom;netzbetreiber;MagentaMobil XL;XL;neu;99,00;84,95;23,30;;36;39,95;36;;;2026-09-15;https://www.telekom.de/shop/geraet/samsung/samsung-galaxy-z-flip8/pink-256-gb?tariffId=MF_17803&categoryId=smartphones&forwardTradeInApplied=false;samsung-galaxy-z-flip8-256gb-rosa;veraltet;Tarifgrundpreis Monat 25–36
Bündel;Galaxy Z Flip8;256;Telekom;netzbetreiber;MagentaMobil XS;XS;neu;99,00;29,95;31,60;;36;39,95;36;;;2026-09-15;https://www.telekom.de/shop/geraet/samsung/samsung-galaxy-z-flip8/pink-256-gb?tariffId=MF_17779&categoryId=smartphones&forwardTradeInApplied=false;samsung-galaxy-z-flip8-256gb-rosa;veraltet;Tarifgrundpreis Monat 25–36
Bündel;Galaxy Z Fold8;256;Telekom;netzbetreiber;MagentaMobil L;L;neu;299,00;59,95;38,30;;36;39,95;36;;;2026-09-15;https://www.telekom.de/shop/geraet/samsung/samsung-galaxy-z-fold8/cream-256-gb?tariffId=MF_17797&categoryId=smartphones&forwardTradeInApplied=false;samsung-galaxy-z-fold8-256gb-cream;veraltet;Tarifgrundpreis Monat 25–36
Bündel;Galaxy Z Fold8;256;Telekom;netzbetreiber;MagentaMobil M;M;neu;299,00;49,95;41,10;;36;39,95;36;;;2026-09-15;https://www.telekom.de/shop/geraet/samsung/samsung-galaxy-z-fold8/cream-256-gb?tariffId=MF_17791&categoryId=smartphones&forwardTradeInApplied=false;samsung-galaxy-z-fold8-256gb-cream;veraltet;Tarifgrundpreis Monat 25–36
Bündel;Galaxy Z Fold8;256;Telekom;netzbetreiber;MagentaMobil S;S;neu;299,00;39,95;43,80;;36;39,95;36;;;2026-09-15;https://www.telekom.de/shop/geraet/samsung/samsung-galaxy-z-fold8/cream-256-gb?tariffId=MF_17785&categoryId=smartphones&forwardTradeInApplied=false;samsung-galaxy-z-fold8-256gb-cream;veraltet;Tarifgrundpreis Monat 25–36
Bündel;Galaxy Z Fold8;256;Telekom;netzbetreiber;MagentaMobil XL;XL;neu;299,00;84,95;35,50;;36;39,95;36;;;2026-09-15;https://www.telekom.de/shop/geraet/samsung/samsung-galaxy-z-fold8/cream-256-gb?tariffId=MF_17803&categoryId=smartphones&forwardTradeInApplied=false;samsung-galaxy-z-fold8-256gb-cream;veraltet;Tarifgrundpreis Monat 25–36
Bündel;Galaxy Z Fold8;256;Telekom;netzbetreiber;MagentaMobil XS;XS;neu;299,00;29,95;43,80;;36;39,95;36;;;2026-09-15;https://www.telekom.de/shop/geraet/samsung/samsung-galaxy-z-fold8/cream-256-gb?tariffId=MF_17779&categoryId=smartphones&forwardTradeInApplied=false;samsung-galaxy-z-fold8-256gb-cream;veraltet;Tarifgrundpreis Monat 25–36
Bündel;Galaxy Z Fold8 Ultra;256;Telekom;netzbetreiber;MagentaMobil L;L;neu;299,00;59,95;43,30;;36;39,95;36;;;2026-09-15;https://www.telekom.de/shop/geraet/samsung/samsung-galaxy-z-fold8-ultra/violet-shadow-256-gb?tariffId=MF_17797&categoryId=smartphones&forwardTradeInApplied=false;samsung-galaxy-z-fold8-ultra-256gb-violet-shadow;veraltet;Tarifgrundpreis Monat 25–36
Bündel;Galaxy Z Fold8 Ultra;256;Telekom;netzbetreiber;MagentaMobil M;M;neu;299,00;49,95;46,10;;36;39,95;36;;;2026-09-15;https://www.telekom.de/shop/geraet/samsung/samsung-galaxy-z-fold8-ultra/violet-shadow-256-gb?tariffId=MF_17791&categoryId=smartphones&forwardTradeInApplied=false;samsung-galaxy-z-fold8-ultra-256gb-violet-shadow;veraltet;Tarifgrundpreis Monat 25–36
Bündel;Galaxy Z Fold8 Ultra;256;Telekom;netzbetreiber;MagentaMobil S;S;neu;399,00;39,95;46,10;;36;39,95;36;;;2026-09-15;https://www.telekom.de/shop/geraet/samsung/samsung-galaxy-z-fold8-ultra/violet-shadow-256-gb?tariffId=MF_17785&categoryId=smartphones&forwardTradeInApplied=false;samsung-galaxy-z-fold8-ultra-256gb-violet-shadow;veraltet;Tarifgrundpreis Monat 25–36
Bündel;Galaxy Z Fold8 Ultra;256;Telekom;netzbetreiber;MagentaMobil XL;XL;neu;299,00;84,95;40,50;;36;39,95;36;;;2026-09-15;https://www.telekom.de/shop/geraet/samsung/samsung-galaxy-z-fold8-ultra/violet-shadow-256-gb?tariffId=MF_17803&categoryId=smartphones&forwardTradeInApplied=false;samsung-galaxy-z-fold8-ultra-256gb-violet-shadow;veraltet;Tarifgrundpreis Monat 25–36
Bündel;Galaxy Z Fold8 Ultra;256;Telekom;netzbetreiber;MagentaMobil XS;XS;neu;399,00;29,95;46,10;;36;39,95;36;;;2026-09-15;https://www.telekom.de/shop/geraet/samsung/samsung-galaxy-z-fold8-ultra/violet-shadow-256-gb?tariffId=MF_17779&categoryId=smartphones&forwardTradeInApplied=false;samsung-galaxy-z-fold8-ultra-256gb-violet-shadow;veraltet;Tarifgrundpreis Monat 25–36
Bündel;Xiaomi 17T Pro;512;Telekom;netzbetreiber;MagentaMobil L;L;neu;1,00;59,95;14,30;;36;39,95;36;;;2026-09-09;https://www.telekom.de/shop/geraet/xiaomi/xiaomi-17t-pro/black-512-gb?tariffId=MF_17797&categoryId=smartphones;xiaomi-17t-pro-512gb-schwarz;veraltet;Tarifgrundpreis Monat 25–36
Bündel;Xiaomi 17T Pro;512;Telekom;netzbetreiber;MagentaMobil M;M;neu;1,00;49,95;17,10;;36;39,95;36;;;2026-09-09;https://www.telekom.de/shop/geraet/xiaomi/xiaomi-17t-pro/black-512-gb?tariffId=MF_17791&categoryId=smartphones;xiaomi-17t-pro-512gb-schwarz;veraltet;Tarifgrundpreis Monat 25–36
Bündel;Xiaomi 17T Pro;512;Telekom;netzbetreiber;MagentaMobil S;S;neu;1,00;39,95;19,90;;36;39,95;36;;;2026-09-09;https://www.telekom.de/shop/geraet/xiaomi/xiaomi-17t-pro/black-512-gb?tariffId=MF_17785&categoryId=smartphones;xiaomi-17t-pro-512gb-schwarz;veraltet;Tarifgrundpreis Monat 25–36
Bündel;Xiaomi 17T Pro;512;Telekom;netzbetreiber;MagentaMobil XL;XL;neu;1,00;84,95;11,60;;36;39,95;36;;;2026-09-09;https://www.telekom.de/shop/geraet/xiaomi/xiaomi-17t-pro/black-512-gb?tariffId=MF_17803&categoryId=smartphones;xiaomi-17t-pro-512gb-schwarz;veraltet;Tarifgrundpreis Monat 25–36
Bündel;Xiaomi 17T Pro;512;Telekom;netzbetreiber;MagentaMobil XS;XS;neu;1,00;29,95;19,90;;36;39,95;36;;;2026-09-09;https://www.telekom.de/shop/geraet/xiaomi/xiaomi-17t-pro/black-512-gb?tariffId=MF_17779&categoryId=smartphones;xiaomi-17t-pro-512gb-schwarz;veraltet;Tarifgrundpreis Monat 25–36
Bündel;iPhone 15;128;Vodafone;netzbetreiber;Mobil XS;XS;neu;1,00;31,95;19,50;;36;0,00;36;;;2026-09-14;https://www.vodafone.de/privat/handys/iphone-15.html;apple-iphone-15-128gb-schwarz;veraltet;Tarifgrundpreis Monat 25–36
Bündel;iPhone 15;256;Vodafone;netzbetreiber;Mobil XS;XS;neu;1,00;31,95;23,00;;36;0,00;36;;;2026-09-16;https://www.vodafone.de/privat/handys/iphone-15.html;apple-iphone-15-256gb-schwarz;veraltet;Tarifgrundpreis Monat 25–36
Bündel;iPhone 16;128;Vodafone;netzbetreiber;Mobil L;L;neu;1,00;61,95;27,00;;36;0,00;36;;;2026-10-07;https://www.vodafone.de/privat/handys/iphone-16.html;apple-iphone-16-128gb-blau;;Tarifgrundpreis Monat 25–36
Bündel;iPhone 16;128;Vodafone;netzbetreiber;Mobil M;M;neu;1,00;51,95;27,00;;36;0,00;36;;;2026-10-07;https://www.vodafone.de/privat/handys/iphone-16.html;apple-iphone-16-128gb-blau;;Tarifgrundpreis Monat 25–36
Bündel;iPhone 16;128;Vodafone;netzbetreiber;Mobil S;S;neu;1,00;41,95;27,00;;36;0,00;36;;;2026-10-07;https://www.vodafone.de/privat/handys/iphone-16.html;apple-iphone-16-128gb-blau;;Tarifgrundpreis Monat 25–36
Bündel;iPhone 16;128;Vodafone;netzbetreiber;Mobil XL;XL;neu;1,00;81,95;27,00;;36;0,00;36;;;2026-10-07;https://www.vodafone.de/privat/handys/iphone-16.html;apple-iphone-16-128gb-blau;;Tarifgrundpreis Monat 25–36
Bündel;iPhone 16;128;Vodafone;netzbetreiber;Mobil XS;XS;neu;1,00;31,95;27,00;;36;0,00;36;;;2026-10-07;https://www.vodafone.de/privat/handys/iphone-16.html;apple-iphone-16-128gb-blau;;Tarifgrundpreis Monat 25–36
Bündel;iPhone 16;128;Vodafone;netzbetreiber;Mobil L;L;neu;1,00;61,95;27,00;;36;0,00;36;;;2026-10-07;https://www.vodafone.de/privat/handys/iphone-16.html;apple-iphone-16-128gb-blaugruen;;Tarifgrundpreis Monat 25–36
Bündel;iPhone 16;128;Vodafone;netzbetreiber;Mobil M;M;neu;1,00;51,95;27,00;;36;0,00;36;;;2026-10-07;https://www.vodafone.de/privat/handys/iphone-16.html;apple-iphone-16-128gb-blaugruen;;Tarifgrundpreis Monat 25–36
Bündel;iPhone 16;128;Vodafone;netzbetreiber;Mobil S;S;neu;1,00;41,95;27,00;;36;0,00;36;;;2026-10-07;https://www.vodafone.de/privat/handys/iphone-16.html;apple-iphone-16-128gb-blaugruen;;Tarifgrundpreis Monat 25–36
Bündel;iPhone 16;128;Vodafone;netzbetreiber;Mobil XL;XL;neu;1,00;81,95;27,00;;36;0,00;36;;;2026-10-07;https://www.vodafone.de/privat/handys/iphone-16.html;apple-iphone-16-128gb-blaugruen;;Tarifgrundpreis Monat 25–36
Bündel;iPhone 16;128;Vodafone;netzbetreiber;Mobil XS;XS;neu;1,00;31,95;27,00;;36;0,00;36;;;2026-10-07;https://www.vodafone.de/privat/handys/iphone-16.html;apple-iphone-16-128gb-blaugruen;;Tarifgrundpreis Monat 25–36
Bündel;iPhone 16;128;Vodafone;netzbetreiber;Mobil L;L;neu;1,00;61,95;27,00;;36;0,00;36;;;2026-10-07;https://www.vodafone.de/privat/handys/iphone-16.html;apple-iphone-16-128gb-rosa;;Tarifgrundpreis Monat 25–36
Bündel;iPhone 16;128;Vodafone;netzbetreiber;Mobil M;M;neu;1,00;51,95;27,00;;36;0,00;36;;;2026-10-07;https://www.vodafone.de/privat/handys/iphone-16.html;apple-iphone-16-128gb-rosa;;Tarifgrundpreis Monat 25–36
Bündel;iPhone 16;128;Vodafone;netzbetreiber;Mobil S;S;neu;1,00;41,95;27,00;;36;0,00;36;;;2026-10-07;https://www.vodafone.de/privat/handys/iphone-16.html;apple-iphone-16-128gb-rosa;;Tarifgrundpreis Monat 25–36
Bündel;iPhone 16;128;Vodafone;netzbetreiber;Mobil XL;XL;neu;1,00;81,95;27,00;;36;0,00;36;;;2026-10-07;https://www.vodafone.de/privat/handys/iphone-16.html;apple-iphone-16-128gb-rosa;;Tarifgrundpreis Monat 25–36
Bündel;iPhone 16;128;Vodafone;netzbetreiber;Mobil XS;XS;neu;1,00;31,95;27,00;;36;0,00;36;;;2026-10-07;https://www.vodafone.de/privat/handys/iphone-16.html;apple-iphone-16-128gb-rosa;;Tarifgrundpreis Monat 25–36
Bündel;iPhone 16;128;Vodafone;netzbetreiber;Mobil L;L;neu;1,00;61,95;27,00;;36;0,00;36;;;2026-10-07;https://www.vodafone.de/privat/handys/iphone-16.html;apple-iphone-16-128gb-schwarz;;Tarifgrundpreis Monat 25–36
Bündel;iPhone 16;128;Vodafone;netzbetreiber;Mobil M;M;neu;1,00;51,95;27,00;;36;0,00;36;;;2026-10-07;https://www.vodafone.de/privat/handys/iphone-16.html;apple-iphone-16-128gb-schwarz;;Tarifgrundpreis Monat 25–36
Bündel;iPhone 16;128;Vodafone;netzbetreiber;Mobil S;S;neu;1,00;41,95;27,00;;36;0,00;36;;;2026-10-07;https://www.vodafone.de/privat/handys/iphone-16.html;apple-iphone-16-128gb-schwarz;;Tarifgrundpreis Monat 25–36
Bündel;iPhone 16;128;Vodafone;netzbetreiber;Mobil XL;XL;neu;1,00;81,95;27,00;;36;0,00;36;;;2026-10-07;https://www.vodafone.de/privat/handys/iphone-16.html;apple-iphone-16-128gb-schwarz;;Tarifgrundpreis Monat 25–36
Bündel;iPhone 16;128;Vodafone;netzbetreiber;Mobil XS;XS;neu;1,00;31,95;27,00;;36;0,00;36;;;2026-10-07;https://www.vodafone.de/privat/handys/iphone-16.html;apple-iphone-16-128gb-schwarz;;Tarifgrundpreis Monat 25–36
Bündel;iPhone 16;128;Vodafone;netzbetreiber;Mobil L;L;neu;1,00;61,95;27,00;;36;0,00;36;;;2026-10-07;https://www.vodafone.de/privat/handys/iphone-16.html;apple-iphone-16-128gb-weiss;;Tarifgrundpreis Monat 25–36
Bündel;iPhone 16;128;Vodafone;netzbetreiber;Mobil M;M;neu;1,00;51,95;27,00;;36;0,00;36;;;2026-10-07;https://www.vodafone.de/privat/handys/iphone-16.html;apple-iphone-16-128gb-weiss;;Tarifgrundpreis Monat 25–36
Bündel;iPhone 16;128;Vodafone;netzbetreiber;Mobil S;S;neu;1,00;41,95;27,00;;36;0,00;36;;;2026-10-07;https://www.vodafone.de/privat/handys/iphone-16.html;apple-iphone-16-128gb-weiss;;Tarifgrundpreis Monat 25–36
Bündel;iPhone 16;128;Vodafone;netzbetreiber;Mobil XL;XL;neu;1,00;81,95;27,00;;36;0,00;36;;;2026-10-07;https://www.vodafone.de/privat/handys/iphone-16.html;apple-iphone-16-128gb-weiss;;Tarifgrundpreis Monat 25–36
Bündel;iPhone 16;128;Vodafone;netzbetreiber;Mobil XS;XS;neu;1,00;31,95;27,00;;36;0,00;36;;;2026-10-07;https://www.vodafone.de/privat/handys/iphone-16.html;apple-iphone-16-128gb-weiss;;Tarifgrundpreis Monat 25–36
Bündel;iPhone 16 Plus;128;Vodafone;netzbetreiber;Mobil XS;XS;neu;0,99;31,95;26,00;;36;0,00;36;;;2026-09-28;https://www.vodafone.de/privat/handys/iphone-16-plus.html;apple-iphone-16-plus-128gb-schwarz;veraltet;Tarifgrundpreis Monat 25–36
Bündel;iPhone 16e;128;Vodafone;netzbetreiber;Mobil L;L;neu;1,00;61,95;18,50;;36;0,00;36;;;2026-10-07;https://www.vodafone.de/privat/handys/iphone-16e.html;apple-iphone-16e-128gb-schwarz;;Tarifgrundpreis Monat 25–36
Bündel;iPhone 16e;128;Vodafone;netzbetreiber;Mobil M;M;neu;1,00;51,95;18,50;;36;0,00;36;;;2026-10-07;https://www.vodafone.de/privat/handys/iphone-16e.html;apple-iphone-16e-128gb-schwarz;;Tarifgrundpreis Monat 25–36
Bündel;iPhone 16e;128;Vodafone;netzbetreiber;Mobil S;S;neu;1,00;41,95;18,50;;36;0,00;36;;;2026-10-07;https://www.vodafone.de/privat/handys/iphone-16e.html;apple-iphone-16e-128gb-schwarz;;Tarifgrundpreis Monat 25–36
Bündel;iPhone 16e;128;Vodafone;netzbetreiber;Mobil XL;XL;neu;1,00;81,95;18,50;;36;0,00;36;;;2026-10-07;https://www.vodafone.de/privat/handys/iphone-16e.html;apple-iphone-16e-128gb-schwarz;;Tarifgrundpreis Monat 25–36
Bündel;iPhone 16e;128;Vodafone;netzbetreiber;Mobil XS;XS;neu;1,00;31,95;18,50;;36;0,00;36;;;2026-10-07;https://www.vodafone.de/privat/handys/iphone-16e.html;apple-iphone-16e-128gb-schwarz;;Tarifgrundpreis Monat 25–36
Bündel;iPhone 16e;128;Vodafone;netzbetreiber;Mobil L;L;neu;1,00;61,95;18,50;;36;0,00;36;;;2026-10-07;https://www.vodafone.de/privat/handys/iphone-16e.html;apple-iphone-16e-128gb-weiss;;Tarifgrundpreis Monat 25–36
Bündel;iPhone 16e;128;Vodafone;netzbetreiber;Mobil M;M;neu;1,00;51,95;18,50;;36;0,00;36;;;2026-10-07;https://www.vodafone.de/privat/handys/iphone-16e.html;apple-iphone-16e-128gb-weiss;;Tarifgrundpreis Monat 25–36
Bündel;iPhone 16e;128;Vodafone;netzbetreiber;Mobil S;S;neu;1,00;41,95;18,50;;36;0,00;36;;;2026-10-07;https://www.vodafone.de/privat/handys/iphone-16e.html;apple-iphone-16e-128gb-weiss;;Tarifgrundpreis Monat 25–36
Bündel;iPhone 16e;128;Vodafone;netzbetreiber;Mobil XL;XL;neu;1,00;81,95;18,50;;36;0,00;36;;;2026-10-07;https://www.vodafone.de/privat/handys/iphone-16e.html;apple-iphone-16e-128gb-weiss;;Tarifgrundpreis Monat 25–36
Bündel;iPhone 16e;128;Vodafone;netzbetreiber;Mobil XS;XS;neu;1,00;31,95;18,50;;36;0,00;36;;;2026-10-07;https://www.vodafone.de/privat/handys/iphone-16e.html;apple-iphone-16e-128gb-weiss;;Tarifgrundpreis Monat 25–36
Bündel;iPhone 17;256;Vodafone;netzbetreiber;Mobil L;L;neu;1,00;61,95;30,00;;36;0,00;36;;;2026-10-07;https://www.vodafone.de/privat/handys/iphone-17.html;apple-iphone-17-256gb-gruen;;Tarifgrundpreis Monat 25–36
Bündel;iPhone 17;256;Vodafone;netzbetreiber;Mobil M;M;neu;1,00;51,95;30,00;;36;0,00;36;;;2026-10-07;https://www.vodafone.de/privat/handys/iphone-17.html;apple-iphone-17-256gb-gruen;;Tarifgrundpreis Monat 25–36
Bündel;iPhone 17;256;Vodafone;netzbetreiber;Mobil S;S;neu;1,00;41,95;30,00;;36;0,00;36;;;2026-10-07;https://www.vodafone.de/privat/handys/iphone-17.html;apple-iphone-17-256gb-gruen;;Tarifgrundpreis Monat 25–36
Bündel;iPhone 17;256;Vodafone;netzbetreiber;Mobil XL;XL;neu;1,00;81,95;30,00;;36;0,00;36;;;2026-10-07;https://www.vodafone.de/privat/handys/iphone-17.html;apple-iphone-17-256gb-gruen;;Tarifgrundpreis Monat 25–36
Bündel;iPhone 17;256;Vodafone;netzbetreiber;Mobil XS;XS;neu;1,00;31,95;30,00;;36;0,00;36;;;2026-10-07;https://www.vodafone.de/privat/handys/iphone-17.html;apple-iphone-17-256gb-gruen;;Tarifgrundpreis Monat 25–36
Bündel;iPhone 17;256;Vodafone;netzbetreiber;Mobil L;L;neu;1,00;61,95;30,00;;36;0,00;36;;;2026-10-07;https://www.vodafone.de/privat/handys/iphone-17.html;apple-iphone-17-256gb-nebelblau;;Tarifgrundpreis Monat 25–36
Bündel;iPhone 17;256;Vodafone;netzbetreiber;Mobil M;M;neu;1,00;51,95;30,00;;36;0,00;36;;;2026-10-07;https://www.vodafone.de/privat/handys/iphone-17.html;apple-iphone-17-256gb-nebelblau;;Tarifgrundpreis Monat 25–36
Bündel;iPhone 17;256;Vodafone;netzbetreiber;Mobil S;S;neu;1,00;41,95;30,00;;36;0,00;36;;;2026-10-07;https://www.vodafone.de/privat/handys/iphone-17.html;apple-iphone-17-256gb-nebelblau;;Tarifgrundpreis Monat 25–36
Bündel;iPhone 17;256;Vodafone;netzbetreiber;Mobil XL;XL;neu;1,00;81,95;30,00;;36;0,00;36;;;2026-10-07;https://www.vodafone.de/privat/handys/iphone-17.html;apple-iphone-17-256gb-nebelblau;;Tarifgrundpreis Monat 25–36
Bündel;iPhone 17;256;Vodafone;netzbetreiber;Mobil XS;XS;neu;1,00;31,95;30,00;;36;0,00;36;;;2026-10-07;https://www.vodafone.de/privat/handys/iphone-17.html;apple-iphone-17-256gb-nebelblau;;Tarifgrundpreis Monat 25–36
Bündel;iPhone 17;256;Vodafone;netzbetreiber;Mobil L;L;neu;1,00;61,95;30,00;;36;0,00;36;;;2026-10-07;https://www.vodafone.de/privat/handys/iphone-17.html;apple-iphone-17-256gb-schwarz;;Tarifgrundpreis Monat 25–36
Bündel;iPhone 17;256;Vodafone;netzbetreiber;Mobil M;M;neu;1,00;51,95;30,00;;36;0,00;36;;;2026-10-07;https://www.vodafone.de/privat/handys/iphone-17.html;apple-iphone-17-256gb-schwarz;;Tarifgrundpreis Monat 25–36
Bündel;iPhone 17;256;Vodafone;netzbetreiber;Mobil S;S;neu;1,00;41,95;30,00;;36;0,00;36;;;2026-10-07;https://www.vodafone.de/privat/handys/iphone-17.html;apple-iphone-17-256gb-schwarz;;Tarifgrundpreis Monat 25–36
Bündel;iPhone 17;256;Vodafone;netzbetreiber;Mobil XL;XL;neu;1,00;81,95;30,00;;36;0,00;36;;;2026-10-07;https://www.vodafone.de/privat/handys/iphone-17.html;apple-iphone-17-256gb-schwarz;;Tarifgrundpreis Monat 25–36
Bündel;iPhone 17;256;Vodafone;netzbetreiber;Mobil XS;XS;neu;1,00;31,95;30,00;;36;0,00;36;;;2026-10-07;https://www.vodafone.de/privat/handys/iphone-17.html;apple-iphone-17-256gb-schwarz;;Tarifgrundpreis Monat 25–36
Bündel;iPhone 17;256;Vodafone;netzbetreiber;Mobil L;L;neu;1,00;61,95;30,00;;36;0,00;36;;;2026-10-07;https://www.vodafone.de/privat/handys/iphone-17.html;apple-iphone-17-256gb-violett;;Tarifgrundpreis Monat 25–36
Bündel;iPhone 17;256;Vodafone;netzbetreiber;Mobil M;M;neu;1,00;51,95;30,00;;36;0,00;36;;;2026-10-07;https://www.vodafone.de/privat/handys/iphone-17.html;apple-iphone-17-256gb-violett;;Tarifgrundpreis Monat 25–36
Bündel;iPhone 17;256;Vodafone;netzbetreiber;Mobil S;S;neu;1,00;41,95;30,00;;36;0,00;36;;;2026-10-07;https://www.vodafone.de/privat/handys/iphone-17.html;apple-iphone-17-256gb-violett;;Tarifgrundpreis Monat 25–36
Bündel;iPhone 17;256;Vodafone;netzbetreiber;Mobil XL;XL;neu;1,00;81,95;30,00;;36;0,00;36;;;2026-10-07;https://www.vodafone.de/privat/handys/iphone-17.html;apple-iphone-17-256gb-violett;;Tarifgrundpreis Monat 25–36
Bündel;iPhone 17;256;Vodafone;netzbetreiber;Mobil XS;XS;neu;1,00;31,95;30,00;;36;0,00;36;;;2026-10-07;https://www.vodafone.de/privat/handys/iphone-17.html;apple-iphone-17-256gb-violett;;Tarifgrundpreis Monat 25–36
Bündel;iPhone 17;256;Vodafone;netzbetreiber;Mobil L;L;neu;1,00;61,95;30,00;;36;0,00;36;;;2026-10-07;https://www.vodafone.de/privat/handys/iphone-17.html;apple-iphone-17-256gb-weiss;;Tarifgrundpreis Monat 25–36
Bündel;iPhone 17;256;Vodafone;netzbetreiber;Mobil M;M;neu;1,00;51,95;30,00;;36;0,00;36;;;2026-10-07;https://www.vodafone.de/privat/handys/iphone-17.html;apple-iphone-17-256gb-weiss;;Tarifgrundpreis Monat 25–36
Bündel;iPhone 17;256;Vodafone;netzbetreiber;Mobil S;S;neu;1,00;41,95;30,00;;36;0,00;36;;;2026-10-07;https://www.vodafone.de/privat/handys/iphone-17.html;apple-iphone-17-256gb-weiss;;Tarifgrundpreis Monat 25–36
Bündel;iPhone 17;256;Vodafone;netzbetreiber;Mobil XL;XL;neu;1,00;81,95;30,00;;36;0,00;36;;;2026-10-07;https://www.vodafone.de/privat/handys/iphone-17.html;apple-iphone-17-256gb-weiss;;Tarifgrundpreis Monat 25–36
Bündel;iPhone 17;256;Vodafone;netzbetreiber;Mobil XS;XS;neu;1,00;31,95;30,00;;36;0,00;36;;;2026-10-07;https://www.vodafone.de/privat/handys/iphone-17.html;apple-iphone-17-256gb-weiss;;Tarifgrundpreis Monat 25–36
Bündel;iPhone 17;512;Vodafone;netzbetreiber;Mobil L;L;neu;1,00;61,95;37,00;;36;0,00;36;;;2026-10-07;https://www.vodafone.de/privat/handys/iphone-17.html;apple-iphone-17-512gb-gruen;;Tarifgrundpreis Monat 25–36
Bündel;iPhone 17;512;Vodafone;netzbetreiber;Mobil M;M;neu;1,00;51,95;37,00;;36;0,00;36;;;2026-10-07;https://www.vodafone.de/privat/handys/iphone-17.html;apple-iphone-17-512gb-gruen;;Tarifgrundpreis Monat 25–36
Bündel;iPhone 17;512;Vodafone;netzbetreiber;Mobil S;S;neu;1,00;41,95;37,00;;36;0,00;36;;;2026-10-07;https://www.vodafone.de/privat/handys/iphone-17.html;apple-iphone-17-512gb-gruen;;Tarifgrundpreis Monat 25–36
Bündel;iPhone 17;512;Vodafone;netzbetreiber;Mobil XL;XL;neu;1,00;81,95;37,00;;36;0,00;36;;;2026-10-07;https://www.vodafone.de/privat/handys/iphone-17.html;apple-iphone-17-512gb-gruen;;Tarifgrundpreis Monat 25–36
Bündel;iPhone 17;512;Vodafone;netzbetreiber;Mobil XS;XS;neu;1,00;31,95;37,00;;36;0,00;36;;;2026-10-07;https://www.vodafone.de/privat/handys/iphone-17.html;apple-iphone-17-512gb-gruen;;Tarifgrundpreis Monat 25–36
Bündel;iPhone 17;512;Vodafone;netzbetreiber;Mobil L;L;neu;1,00;61,95;37,00;;36;0,00;36;;;2026-10-07;https://www.vodafone.de/privat/handys/iphone-17.html;apple-iphone-17-512gb-nebelblau;;Tarifgrundpreis Monat 25–36
Bündel;iPhone 17;512;Vodafone;netzbetreiber;Mobil M;M;neu;1,00;51,95;37,00;;36;0,00;36;;;2026-10-07;https://www.vodafone.de/privat/handys/iphone-17.html;apple-iphone-17-512gb-nebelblau;;Tarifgrundpreis Monat 25–36
Bündel;iPhone 17;512;Vodafone;netzbetreiber;Mobil S;S;neu;1,00;41,95;37,00;;36;0,00;36;;;2026-10-07;https://www.vodafone.de/privat/handys/iphone-17.html;apple-iphone-17-512gb-nebelblau;;Tarifgrundpreis Monat 25–36
Bündel;iPhone 17;512;Vodafone;netzbetreiber;Mobil XL;XL;neu;1,00;81,95;37,00;;36;0,00;36;;;2026-10-07;https://www.vodafone.de/privat/handys/iphone-17.html;apple-iphone-17-512gb-nebelblau;;Tarifgrundpreis Monat 25–36
Bündel;iPhone 17;512;Vodafone;netzbetreiber;Mobil XS;XS;neu;1,00;31,95;37,00;;36;0,00;36;;;2026-10-07;https://www.vodafone.de/privat/handys/iphone-17.html;apple-iphone-17-512gb-nebelblau;;Tarifgrundpreis Monat 25–36
Bündel;iPhone 17;512;Vodafone;netzbetreiber;Mobil L;L;neu;1,00;61,95;37,00;;36;0,00;36;;;2026-10-07;https://www.vodafone.de/privat/handys/iphone-17.html;apple-iphone-17-512gb-schwarz;;Tarifgrundpreis Monat 25–36
Bündel;iPhone 17;512;Vodafone;netzbetreiber;Mobil M;M;neu;1,00;51,95;37,00;;36;0,00;36;;;2026-10-07;https://www.vodafone.de/privat/handys/iphone-17.html;apple-iphone-17-512gb-schwarz;;Tarifgrundpreis Monat 25–36
Bündel;iPhone 17;512;Vodafone;netzbetreiber;Mobil S;S;neu;1,00;41,95;37,00;;36;0,00;36;;;2026-10-07;https://www.vodafone.de/privat/handys/iphone-17.html;apple-iphone-17-512gb-schwarz;;Tarifgrundpreis Monat 25–36
Bündel;iPhone 17;512;Vodafone;netzbetreiber;Mobil XL;XL;neu;1,00;81,95;37,00;;36;0,00;36;;;2026-10-07;https://www.vodafone.de/privat/handys/iphone-17.html;apple-iphone-17-512gb-schwarz;;Tarifgrundpreis Monat 25–36
Bündel;iPhone 17;512;Vodafone;netzbetreiber;Mobil XS;XS;neu;1,00;31,95;37,00;;36;0,00;36;;;2026-10-07;https://www.vodafone.de/privat/handys/iphone-17.html;apple-iphone-17-512gb-schwarz;;Tarifgrundpreis Monat 25–36
Bündel;iPhone 17;512;Vodafone;netzbetreiber;Mobil L;L;neu;1,00;61,95;37,00;;36;0,00;36;;;2026-10-07;https://www.vodafone.de/privat/handys/iphone-17.html;apple-iphone-17-512gb-violett;;Tarifgrundpreis Monat 25–36
Bündel;iPhone 17;512;Vodafone;netzbetreiber;Mobil M;M;neu;1,00;51,95;37,00;;36;0,00;36;;;2026-10-07;https://www.vodafone.de/privat/handys/iphone-17.html;apple-iphone-17-512gb-violett;;Tarifgrundpreis Monat 25–36
Bündel;iPhone 17;512;Vodafone;netzbetreiber;Mobil S;S;neu;1,00;41,95;37,00;;36;0,00;36;;;2026-10-07;https://www.vodafone.de/privat/handys/iphone-17.html;apple-iphone-17-512gb-violett;;Tarifgrundpreis Monat 25–36
Bündel;iPhone 17;512;Vodafone;netzbetreiber;Mobil XL;XL;neu;1,00;81,95;37,00;;36;0,00;36;;;2026-10-07;https://www.vodafone.de/privat/handys/iphone-17.html;apple-iphone-17-512gb-violett;;Tarifgrundpreis Monat 25–36
Bündel;iPhone 17;512;Vodafone;netzbetreiber;Mobil XS;XS;neu;1,00;31,95;37,00;;36;0,00;36;;;2026-10-07;https://www.vodafone.de/privat/handys/iphone-17.html;apple-iphone-17-512gb-violett;;Tarifgrundpreis Monat 25–36
Bündel;iPhone 17;512;Vodafone;netzbetreiber;Mobil L;L;neu;1,00;61,95;37,00;;36;0,00;36;;;2026-10-07;https://www.vodafone.de/privat/handys/iphone-17.html;apple-iphone-17-512gb-weiss;;Tarifgrundpreis Monat 25–36
Bündel;iPhone 17;512;Vodafone;netzbetreiber;Mobil M;M;neu;1,00;51,95;37,00;;36;0,00;36;;;2026-10-07;https://www.vodafone.de/privat/handys/iphone-17.html;apple-iphone-17-512gb-weiss;;Tarifgrundpreis Monat 25–36
Bündel;iPhone 17;512;Vodafone;netzbetreiber;Mobil S;S;neu;1,00;41,95;37,00;;36;0,00;36;;;2026-10-07;https://www.vodafone.de/privat/handys/iphone-17.html;apple-iphone-17-512gb-weiss;;Tarifgrundpreis Monat 25–36
Bündel;iPhone 17;512;Vodafone;netzbetreiber;Mobil XL;XL;neu;1,00;81,95;37,00;;36;0,00;36;;;2026-10-07;https://www.vodafone.de/privat/handys/iphone-17.html;apple-iphone-17-512gb-weiss;;Tarifgrundpreis Monat 25–36
Bündel;iPhone 17;512;Vodafone;netzbetreiber;Mobil XS;XS;neu;1,00;31,95;37,00;;36;0,00;36;;;2026-10-07;https://www.vodafone.de/privat/handys/iphone-17.html;apple-iphone-17-512gb-weiss;;Tarifgrundpreis Monat 25–36
Bündel;iPhone 17 Pro;1024;Vodafone;netzbetreiber;Mobil L;L;neu;1,00;61,95;47,00;;36;0,00;36;;;2026-10-07;https://www.vodafone.de/privat/handys/iphone-17-pro.html;apple-iphone-17-pro-1024gb-cosmic-orange;;Tarifgrundpreis Monat 25–36
Bündel;iPhone 17 Pro;1024;Vodafone;netzbetreiber;Mobil M;M;neu;1,00;51,95;47,00;;36;0,00;36;;;2026-10-07;https://www.vodafone.de/privat/handys/iphone-17-pro.html;apple-iphone-17-pro-1024gb-cosmic-orange;;Tarifgrundpreis Monat 25–36
Bündel;iPhone 17 Pro;1024;Vodafone;netzbetreiber;Mobil S;S;neu;1,00;41,95;47,00;;36;0,00;36;;;2026-10-07;https://www.vodafone.de/privat/handys/iphone-17-pro.html;apple-iphone-17-pro-1024gb-cosmic-orange;;Tarifgrundpreis Monat 25–36
Bündel;iPhone 17 Pro;1024;Vodafone;netzbetreiber;Mobil XL;XL;neu;1,00;81,95;47,00;;36;0,00;36;;;2026-10-07;https://www.vodafone.de/privat/handys/iphone-17-pro.html;apple-iphone-17-pro-1024gb-cosmic-orange;;Tarifgrundpreis Monat 25–36
Bündel;iPhone 17 Pro;1024;Vodafone;netzbetreiber;Mobil XS;XS;neu;1,00;31,95;47,00;;36;0,00;36;;;2026-10-07;https://www.vodafone.de/privat/handys/iphone-17-pro.html;apple-iphone-17-pro-1024gb-cosmic-orange;;Tarifgrundpreis Monat 25–36
Bündel;iPhone 17 Pro;1024;Vodafone;netzbetreiber;Mobil XS;XS;neu;1,00;31,95;47,00;;36;0,00;36;;;2026-09-11;https://www.vodafone.de/privat/handys/iphone-17-pro.html;apple-iphone-17-pro-1024gb-tiefblau;veraltet;Tarifgrundpreis Monat 25–36
Bündel;iPhone 17 Pro;256;Vodafone;netzbetreiber;Mobil L;L;neu;1,00;61,95;33,00;;36;0,00;36;;;2026-10-07;https://www.vodafone.de/privat/handys/iphone-17-pro.html;apple-iphone-17-pro-256gb-cosmic-orange;;Tarifgrundpreis Monat 25–36
Bündel;iPhone 17 Pro;256;Vodafone;netzbetreiber;Mobil M;M;neu;1,00;51,95;33,00;;36;0,00;36;;;2026-10-07;https://www.vodafone.de/privat/handys/iphone-17-pro.html;apple-iphone-17-pro-256gb-cosmic-orange;;Tarifgrundpreis Monat 25–36
Bündel;iPhone 17 Pro;256;Vodafone;netzbetreiber;Mobil S;S;neu;1,00;41,95;33,00;;36;0,00;36;;;2026-10-07;https://www.vodafone.de/privat/handys/iphone-17-pro.html;apple-iphone-17-pro-256gb-cosmic-orange;;Tarifgrundpreis Monat 25–36
Bündel;iPhone 17 Pro;256;Vodafone;netzbetreiber;Mobil XL;XL;neu;1,00;81,95;33,00;;36;0,00;36;;;2026-10-07;https://www.vodafone.de/privat/handys/iphone-17-pro.html;apple-iphone-17-pro-256gb-cosmic-orange;;Tarifgrundpreis Monat 25–36
Bündel;iPhone 17 Pro;256;Vodafone;netzbetreiber;Mobil XS;XS;neu;1,00;31,95;33,00;;36;0,00;36;;;2026-10-07;https://www.vodafone.de/privat/handys/iphone-17-pro.html;apple-iphone-17-pro-256gb-cosmic-orange;;Tarifgrundpreis Monat 25–36
Bündel;iPhone 17 Pro;256;Vodafone;netzbetreiber;Mobil L;L;neu;1,00;61,95;33,00;;36;0,00;36;;;2026-10-07;https://www.vodafone.de/privat/handys/iphone-17-pro.html;apple-iphone-17-pro-256gb-silber;;Tarifgrundpreis Monat 25–36
Bündel;iPhone 17 Pro;256;Vodafone;netzbetreiber;Mobil M;M;neu;1,00;51,95;33,00;;36;0,00;36;;;2026-10-07;https://www.vodafone.de/privat/handys/iphone-17-pro.html;apple-iphone-17-pro-256gb-silber;;Tarifgrundpreis Monat 25–36
Bündel;iPhone 17 Pro;256;Vodafone;netzbetreiber;Mobil S;S;neu;1,00;41,95;33,00;;36;0,00;36;;;2026-10-07;https://www.vodafone.de/privat/handys/iphone-17-pro.html;apple-iphone-17-pro-256gb-silber;;Tarifgrundpreis Monat 25–36
Bündel;iPhone 17 Pro;256;Vodafone;netzbetreiber;Mobil XL;XL;neu;1,00;81,95;33,00;;36;0,00;36;;;2026-10-07;https://www.vodafone.de/privat/handys/iphone-17-pro.html;apple-iphone-17-pro-256gb-silber;;Tarifgrundpreis Monat 25–36
Bündel;iPhone 17 Pro;256;Vodafone;netzbetreiber;Mobil XS;XS;neu;1,00;31,95;33,00;;36;0,00;36;;;2026-10-07;https://www.vodafone.de/privat/handys/iphone-17-pro.html;apple-iphone-17-pro-256gb-silber;;Tarifgrundpreis Monat 25–36
Bündel;iPhone 17 Pro;256;Vodafone;netzbetreiber;Mobil L;L;neu;1,00;61,95;33,00;;36;0,00;36;;;2026-10-07;https://www.vodafone.de/privat/handys/iphone-17-pro.html;apple-iphone-17-pro-256gb-tiefblau;;Tarifgrundpreis Monat 25–36
Bündel;iPhone 17 Pro;256;Vodafone;netzbetreiber;Mobil M;M;neu;1,00;51,95;33,00;;36;0,00;36;;;2026-10-07;https://www.vodafone.de/privat/handys/iphone-17-pro.html;apple-iphone-17-pro-256gb-tiefblau;;Tarifgrundpreis Monat 25–36
Bündel;iPhone 17 Pro;256;Vodafone;netzbetreiber;Mobil S;S;neu;1,00;41,95;33,00;;36;0,00;36;;;2026-10-07;https://www.vodafone.de/privat/handys/iphone-17-pro.html;apple-iphone-17-pro-256gb-tiefblau;;Tarifgrundpreis Monat 25–36
Bündel;iPhone 17 Pro;256;Vodafone;netzbetreiber;Mobil XL;XL;neu;1,00;81,95;33,00;;36;0,00;36;;;2026-10-07;https://www.vodafone.de/privat/handys/iphone-17-pro.html;apple-iphone-17-pro-256gb-tiefblau;;Tarifgrundpreis Monat 25–36
Bündel;iPhone 17 Pro;256;Vodafone;netzbetreiber;Mobil XS;XS;neu;1,00;31,95;33,00;;36;0,00;36;;;2026-10-07;https://www.vodafone.de/privat/handys/iphone-17-pro.html;apple-iphone-17-pro-256gb-tiefblau;;Tarifgrundpreis Monat 25–36
Bündel;iPhone 17 Pro;512;Vodafone;netzbetreiber;Mobil L;L;neu;0,99;61,95;40,00;;36;0,00;36;;;2026-10-07;https://www.vodafone.de/privat/handys/iphone-17-pro.html;apple-iphone-17-pro-512gb-cosmic-orange;;Tarifgrundpreis Monat 25–36
Bündel;iPhone 17 Pro;512;Vodafone;netzbetreiber;Mobil M;M;neu;0,99;51,95;40,00;;36;0,00;36;;;2026-10-07;https://www.vodafone.de/privat/handys/iphone-17-pro.html;apple-iphone-17-pro-512gb-cosmic-orange;;Tarifgrundpreis Monat 25–36
Bündel;iPhone 17 Pro;512;Vodafone;netzbetreiber;Mobil S;S;neu;0,99;41,95;40,00;;36;0,00;36;;;2026-10-07;https://www.vodafone.de/privat/handys/iphone-17-pro.html;apple-iphone-17-pro-512gb-cosmic-orange;;Tarifgrundpreis Monat 25–36
Bündel;iPhone 17 Pro;512;Vodafone;netzbetreiber;Mobil XL;XL;neu;0,99;81,95;40,00;;36;0,00;36;;;2026-10-07;https://www.vodafone.de/privat/handys/iphone-17-pro.html;apple-iphone-17-pro-512gb-cosmic-orange;;Tarifgrundpreis Monat 25–36
Bündel;iPhone 17 Pro;512;Vodafone;netzbetreiber;Mobil XS;XS;neu;0,99;31,95;40,00;;36;0,00;36;;;2026-10-07;https://www.vodafone.de/privat/handys/iphone-17-pro.html;apple-iphone-17-pro-512gb-cosmic-orange;;Tarifgrundpreis Monat 25–36
Bündel;iPhone 17 Pro;512;Vodafone;netzbetreiber;Mobil L;L;neu;0,99;61,95;40,00;;36;0,00;36;;;2026-10-07;https://www.vodafone.de/privat/handys/iphone-17-pro.html;apple-iphone-17-pro-512gb-silber;;Tarifgrundpreis Monat 25–36
Bündel;iPhone 17 Pro;512;Vodafone;netzbetreiber;Mobil M;M;neu;0,99;51,95;40,00;;36;0,00;36;;;2026-10-07;https://www.vodafone.de/privat/handys/iphone-17-pro.html;apple-iphone-17-pro-512gb-silber;;Tarifgrundpreis Monat 25–36
Bündel;iPhone 17 Pro;512;Vodafone;netzbetreiber;Mobil S;S;neu;0,99;41,95;40,00;;36;0,00;36;;;2026-10-07;https://www.vodafone.de/privat/handys/iphone-17-pro.html;apple-iphone-17-pro-512gb-silber;;Tarifgrundpreis Monat 25–36
Bündel;iPhone 17 Pro;512;Vodafone;netzbetreiber;Mobil XL;XL;neu;0,99;81,95;40,00;;36;0,00;36;;;2026-10-07;https://www.vodafone.de/privat/handys/iphone-17-pro.html;apple-iphone-17-pro-512gb-silber;;Tarifgrundpreis Monat 25–36
Bündel;iPhone 17 Pro;512;Vodafone;netzbetreiber;Mobil XS;XS;neu;0,99;31,95;40,00;;36;0,00;36;;;2026-10-07;https://www.vodafone.de/privat/handys/iphone-17-pro.html;apple-iphone-17-pro-512gb-silber;;Tarifgrundpreis Monat 25–36
Bündel;iPhone 17 Pro;512;Vodafone;netzbetreiber;Mobil L;L;neu;0,99;61,95;40,00;;36;0,00;36;;;2026-10-07;https://www.vodafone.de/privat/handys/iphone-17-pro.html;apple-iphone-17-pro-512gb-tiefblau;;Tarifgrundpreis Monat 25–36
Bündel;iPhone 17 Pro;512;Vodafone;netzbetreiber;Mobil M;M;neu;0,99;51,95;40,00;;36;0,00;36;;;2026-10-07;https://www.vodafone.de/privat/handys/iphone-17-pro.html;apple-iphone-17-pro-512gb-tiefblau;;Tarifgrundpreis Monat 25–36
Bündel;iPhone 17 Pro;512;Vodafone;netzbetreiber;Mobil S;S;neu;0,99;41,95;40,00;;36;0,00;36;;;2026-10-07;https://www.vodafone.de/privat/handys/iphone-17-pro.html;apple-iphone-17-pro-512gb-tiefblau;;Tarifgrundpreis Monat 25–36
Bündel;iPhone 17 Pro;512;Vodafone;netzbetreiber;Mobil XL;XL;neu;0,99;81,95;40,00;;36;0,00;36;;;2026-10-07;https://www.vodafone.de/privat/handys/iphone-17-pro.html;apple-iphone-17-pro-512gb-tiefblau;;Tarifgrundpreis Monat 25–36
Bündel;iPhone 17 Pro;512;Vodafone;netzbetreiber;Mobil XS;XS;neu;0,99;31,95;40,00;;36;0,00;36;;;2026-10-07;https://www.vodafone.de/privat/handys/iphone-17-pro.html;apple-iphone-17-pro-512gb-tiefblau;;Tarifgrundpreis Monat 25–36
Bündel;iPhone 17 Pro Max;256;Vodafone;netzbetreiber;Mobil L;L;neu;1,00;61,95;37,00;;36;0,00;36;;;2026-10-07;https://www.vodafone.de/privat/handys/iphone-17-pro-max.html;apple-iphone-17-pro-max-256gb-cosmic-orange;;Tarifgrundpreis Monat 25–36
Bündel;iPhone 17 Pro Max;256;Vodafone;netzbetreiber;Mobil M;M;neu;1,00;51,95;37,00;;36;0,00;36;;;2026-10-07;https://www.vodafone.de/privat/handys/iphone-17-pro-max.html;apple-iphone-17-pro-max-256gb-cosmic-orange;;Tarifgrundpreis Monat 25–36
Bündel;iPhone 17 Pro Max;256;Vodafone;netzbetreiber;Mobil S;S;neu;1,00;41,95;37,00;;36;0,00;36;;;2026-10-07;https://www.vodafone.de/privat/handys/iphone-17-pro-max.html;apple-iphone-17-pro-max-256gb-cosmic-orange;;Tarifgrundpreis Monat 25–36
Bündel;iPhone 17 Pro Max;256;Vodafone;netzbetreiber;Mobil XL;XL;neu;1,00;81,95;37,00;;36;0,00;36;;;2026-10-07;https://www.vodafone.de/privat/handys/iphone-17-pro-max.html;apple-iphone-17-pro-max-256gb-cosmic-orange;;Tarifgrundpreis Monat 25–36
Bündel;iPhone 17 Pro Max;256;Vodafone;netzbetreiber;Mobil XS;XS;neu;1,00;31,95;37,00;;36;0,00;36;;;2026-10-07;https://www.vodafone.de/privat/handys/iphone-17-pro-max.html;apple-iphone-17-pro-max-256gb-cosmic-orange;;Tarifgrundpreis Monat 25–36
Bündel;iPhone 17 Pro Max;256;Vodafone;netzbetreiber;Mobil L;L;neu;1,00;61,95;37,00;;36;0,00;36;;;2026-10-07;https://www.vodafone.de/privat/handys/iphone-17-pro-max.html;apple-iphone-17-pro-max-256gb-silber;;Tarifgrundpreis Monat 25–36
Bündel;iPhone 17 Pro Max;256;Vodafone;netzbetreiber;Mobil M;M;neu;1,00;51,95;37,00;;36;0,00;36;;;2026-10-07;https://www.vodafone.de/privat/handys/iphone-17-pro-max.html;apple-iphone-17-pro-max-256gb-silber;;Tarifgrundpreis Monat 25–36
Bündel;iPhone 17 Pro Max;256;Vodafone;netzbetreiber;Mobil S;S;neu;1,00;41,95;37,00;;36;0,00;36;;;2026-10-07;https://www.vodafone.de/privat/handys/iphone-17-pro-max.html;apple-iphone-17-pro-max-256gb-silber;;Tarifgrundpreis Monat 25–36
Bündel;iPhone 17 Pro Max;256;Vodafone;netzbetreiber;Mobil XL;XL;neu;1,00;81,95;37,00;;36;0,00;36;;;2026-10-07;https://www.vodafone.de/privat/handys/iphone-17-pro-max.html;apple-iphone-17-pro-max-256gb-silber;;Tarifgrundpreis Monat 25–36
Bündel;iPhone 17 Pro Max;256;Vodafone;netzbetreiber;Mobil XS;XS;neu;1,00;31,95;37,00;;36;0,00;36;;;2026-10-07;https://www.vodafone.de/privat/handys/iphone-17-pro-max.html;apple-iphone-17-pro-max-256gb-silber;;Tarifgrundpreis Monat 25–36
Bündel;iPhone 17 Pro Max;256;Vodafone;netzbetreiber;Mobil L;L;neu;1,00;61,95;37,00;;36;0,00;36;;;2026-10-07;https://www.vodafone.de/privat/handys/iphone-17-pro-max.html;apple-iphone-17-pro-max-256gb-tiefblau;;Tarifgrundpreis Monat 25–36
Bündel;iPhone 17 Pro Max;256;Vodafone;netzbetreiber;Mobil M;M;neu;1,00;51,95;37,00;;36;0,00;36;;;2026-10-07;https://www.vodafone.de/privat/handys/iphone-17-pro-max.html;apple-iphone-17-pro-max-256gb-tiefblau;;Tarifgrundpreis Monat 25–36
Bündel;iPhone 17 Pro Max;256;Vodafone;netzbetreiber;Mobil S;S;neu;1,00;41,95;37,00;;36;0,00;36;;;2026-10-07;https://www.vodafone.de/privat/handys/iphone-17-pro-max.html;apple-iphone-17-pro-max-256gb-tiefblau;;Tarifgrundpreis Monat 25–36
Bündel;iPhone 17 Pro Max;256;Vodafone;netzbetreiber;Mobil XL;XL;neu;1,00;81,95;37,00;;36;0,00;36;;;2026-10-07;https://www.vodafone.de/privat/handys/iphone-17-pro-max.html;apple-iphone-17-pro-max-256gb-tiefblau;;Tarifgrundpreis Monat 25–36
Bündel;iPhone 17 Pro Max;256;Vodafone;netzbetreiber;Mobil XS;XS;neu;1,00;31,95;37,00;;36;0,00;36;;;2026-10-07;https://www.vodafone.de/privat/handys/iphone-17-pro-max.html;apple-iphone-17-pro-max-256gb-tiefblau;;Tarifgrundpreis Monat 25–36
Bündel;iPhone 17 Pro Max;512;Vodafone;netzbetreiber;Mobil L;L;neu;1,00;61,95;44,00;;36;0,00;36;;;2026-10-07;https://www.vodafone.de/privat/handys/iphone-17-pro-max.html;apple-iphone-17-pro-max-512gb-cosmic-orange;;Tarifgrundpreis Monat 25–36
Bündel;iPhone 17 Pro Max;512;Vodafone;netzbetreiber;Mobil M;M;neu;1,00;51,95;44,00;;36;0,00;36;;;2026-10-07;https://www.vodafone.de/privat/handys/iphone-17-pro-max.html;apple-iphone-17-pro-max-512gb-cosmic-orange;;Tarifgrundpreis Monat 25–36
Bündel;iPhone 17 Pro Max;512;Vodafone;netzbetreiber;Mobil S;S;neu;1,00;41,95;44,00;;36;0,00;36;;;2026-10-07;https://www.vodafone.de/privat/handys/iphone-17-pro-max.html;apple-iphone-17-pro-max-512gb-cosmic-orange;;Tarifgrundpreis Monat 25–36
Bündel;iPhone 17 Pro Max;512;Vodafone;netzbetreiber;Mobil XL;XL;neu;1,00;81,95;44,00;;36;0,00;36;;;2026-10-07;https://www.vodafone.de/privat/handys/iphone-17-pro-max.html;apple-iphone-17-pro-max-512gb-cosmic-orange;;Tarifgrundpreis Monat 25–36
Bündel;iPhone 17 Pro Max;512;Vodafone;netzbetreiber;Mobil XS;XS;neu;1,00;31,95;44,00;;36;0,00;36;;;2026-10-07;https://www.vodafone.de/privat/handys/iphone-17-pro-max.html;apple-iphone-17-pro-max-512gb-cosmic-orange;;Tarifgrundpreis Monat 25–36
Bündel;iPhone 17 Pro Max;512;Vodafone;netzbetreiber;Mobil L;L;neu;1,00;61,95;44,00;;36;0,00;36;;;2026-10-07;https://www.vodafone.de/privat/handys/iphone-17-pro-max.html;apple-iphone-17-pro-max-512gb-silber;;Tarifgrundpreis Monat 25–36
Bündel;iPhone 17 Pro Max;512;Vodafone;netzbetreiber;Mobil M;M;neu;1,00;51,95;44,00;;36;0,00;36;;;2026-10-07;https://www.vodafone.de/privat/handys/iphone-17-pro-max.html;apple-iphone-17-pro-max-512gb-silber;;Tarifgrundpreis Monat 25–36
Bündel;iPhone 17 Pro Max;512;Vodafone;netzbetreiber;Mobil S;S;neu;1,00;41,95;44,00;;36;0,00;36;;;2026-10-07;https://www.vodafone.de/privat/handys/iphone-17-pro-max.html;apple-iphone-17-pro-max-512gb-silber;;Tarifgrundpreis Monat 25–36
Bündel;iPhone 17 Pro Max;512;Vodafone;netzbetreiber;Mobil XL;XL;neu;1,00;81,95;44,00;;36;0,00;36;;;2026-10-07;https://www.vodafone.de/privat/handys/iphone-17-pro-max.html;apple-iphone-17-pro-max-512gb-silber;;Tarifgrundpreis Monat 25–36
Bündel;iPhone 17 Pro Max;512;Vodafone;netzbetreiber;Mobil XS;XS;neu;1,00;31,95;44,00;;36;0,00;36;;;2026-10-07;https://www.vodafone.de/privat/handys/iphone-17-pro-max.html;apple-iphone-17-pro-max-512gb-silber;;Tarifgrundpreis Monat 25–36
Bündel;iPhone 17 Pro Max;512;Vodafone;netzbetreiber;Mobil L;L;neu;1,00;61,95;44,00;;36;0,00;36;;;2026-10-07;https://www.vodafone.de/privat/handys/iphone-17-pro-max.html;apple-iphone-17-pro-max-512gb-tiefblau;;Tarifgrundpreis Monat 25–36
Bündel;iPhone 17 Pro Max;512;Vodafone;netzbetreiber;Mobil M;M;neu;1,00;51,95;44,00;;36;0,00;36;;;2026-10-07;https://www.vodafone.de/privat/handys/iphone-17-pro-max.html;apple-iphone-17-pro-max-512gb-tiefblau;;Tarifgrundpreis Monat 25–36
Bündel;iPhone 17 Pro Max;512;Vodafone;netzbetreiber;Mobil S;S;neu;1,00;41,95;44,00;;36;0,00;36;;;2026-10-07;https://www.vodafone.de/privat/handys/iphone-17-pro-max.html;apple-iphone-17-pro-max-512gb-tiefblau;;Tarifgrundpreis Monat 25–36
Bündel;iPhone 17 Pro Max;512;Vodafone;netzbetreiber;Mobil XL;XL;neu;1,00;81,95;44,00;;36;0,00;36;;;2026-10-07;https://www.vodafone.de/privat/handys/iphone-17-pro-max.html;apple-iphone-17-pro-max-512gb-tiefblau;;Tarifgrundpreis Monat 25–36
Bündel;iPhone 17 Pro Max;512;Vodafone;netzbetreiber;Mobil XS;XS;neu;1,00;31,95;44,00;;36;0,00;36;;;2026-10-07;https://www.vodafone.de/privat/handys/iphone-17-pro-max.html;apple-iphone-17-pro-max-512gb-tiefblau;;Tarifgrundpreis Monat 25–36
Bündel;iPhone 17e;256;Vodafone;netzbetreiber;Mobil L;L;neu;1,00;61,95;23,00;;36;0,00;36;;;2026-10-07;https://www.vodafone.de/privat/handys/iphone-17e.html;apple-iphone-17e-256gb-hellrosa;;Tarifgrundpreis Monat 25–36
Bündel;iPhone 17e;256;Vodafone;netzbetreiber;Mobil M;M;neu;1,00;51,95;23,00;;36;0,00;36;;;2026-10-07;https://www.vodafone.de/privat/handys/iphone-17e.html;apple-iphone-17e-256gb-hellrosa;;Tarifgrundpreis Monat 25–36
Bündel;iPhone 17e;256;Vodafone;netzbetreiber;Mobil S;S;neu;1,00;41,95;23,00;;36;0,00;36;;;2026-10-07;https://www.vodafone.de/privat/handys/iphone-17e.html;apple-iphone-17e-256gb-hellrosa;;Tarifgrundpreis Monat 25–36
Bündel;iPhone 17e;256;Vodafone;netzbetreiber;Mobil XL;XL;neu;1,00;81,95;23,00;;36;0,00;36;;;2026-10-07;https://www.vodafone.de/privat/handys/iphone-17e.html;apple-iphone-17e-256gb-hellrosa;;Tarifgrundpreis Monat 25–36
Bündel;iPhone 17e;256;Vodafone;netzbetreiber;Mobil XS;XS;neu;1,00;31,95;23,00;;36;0,00;36;;;2026-10-07;https://www.vodafone.de/privat/handys/iphone-17e.html;apple-iphone-17e-256gb-hellrosa;;Tarifgrundpreis Monat 25–36
Bündel;iPhone 17e;256;Vodafone;netzbetreiber;Mobil L;L;neu;1,00;61,95;23,00;;36;0,00;36;;;2026-10-07;https://www.vodafone.de/privat/handys/iphone-17e.html;apple-iphone-17e-256gb-schwarz;;Tarifgrundpreis Monat 25–36
Bündel;iPhone 17e;256;Vodafone;netzbetreiber;Mobil M;M;neu;1,00;51,95;23,00;;36;0,00;36;;;2026-10-07;https://www.vodafone.de/privat/handys/iphone-17e.html;apple-iphone-17e-256gb-schwarz;;Tarifgrundpreis Monat 25–36
Bündel;iPhone 17e;256;Vodafone;netzbetreiber;Mobil S;S;neu;1,00;41,95;23,00;;36;0,00;36;;;2026-10-07;https://www.vodafone.de/privat/handys/iphone-17e.html;apple-iphone-17e-256gb-schwarz;;Tarifgrundpreis Monat 25–36
Bündel;iPhone 17e;256;Vodafone;netzbetreiber;Mobil XL;XL;neu;1,00;81,95;23,00;;36;0,00;36;;;2026-10-07;https://www.vodafone.de/privat/handys/iphone-17e.html;apple-iphone-17e-256gb-schwarz;;Tarifgrundpreis Monat 25–36
Bündel;iPhone 17e;256;Vodafone;netzbetreiber;Mobil XS;XS;neu;1,00;31,95;23,00;;36;0,00;36;;;2026-10-07;https://www.vodafone.de/privat/handys/iphone-17e.html;apple-iphone-17e-256gb-schwarz;;Tarifgrundpreis Monat 25–36
Bündel;iPhone 17e;256;Vodafone;netzbetreiber;Mobil L;L;neu;1,00;61,95;23,00;;36;0,00;36;;;2026-10-07;https://www.vodafone.de/privat/handys/iphone-17e.html;apple-iphone-17e-256gb-weiss;;Tarifgrundpreis Monat 25–36
Bündel;iPhone 17e;256;Vodafone;netzbetreiber;Mobil M;M;neu;1,00;51,95;23,00;;36;0,00;36;;;2026-10-07;https://www.vodafone.de/privat/handys/iphone-17e.html;apple-iphone-17e-256gb-weiss;;Tarifgrundpreis Monat 25–36
Bündel;iPhone 17e;256;Vodafone;netzbetreiber;Mobil S;S;neu;1,00;41,95;23,00;;36;0,00;36;;;2026-10-07;https://www.vodafone.de/privat/handys/iphone-17e.html;apple-iphone-17e-256gb-weiss;;Tarifgrundpreis Monat 25–36
Bündel;iPhone 17e;256;Vodafone;netzbetreiber;Mobil XL;XL;neu;1,00;81,95;23,00;;36;0,00;36;;;2026-10-07;https://www.vodafone.de/privat/handys/iphone-17e.html;apple-iphone-17e-256gb-weiss;;Tarifgrundpreis Monat 25–36
Bündel;iPhone 17e;256;Vodafone;netzbetreiber;Mobil XS;XS;neu;1,00;31,95;23,00;;36;0,00;36;;;2026-10-07;https://www.vodafone.de/privat/handys/iphone-17e.html;apple-iphone-17e-256gb-weiss;;Tarifgrundpreis Monat 25–36
Bündel;iPhone 17e;512;Vodafone;netzbetreiber;Mobil L;L;neu;1,00;61,95;30,00;;36;0,00;36;;;2026-10-07;https://www.vodafone.de/privat/handys/iphone-17e.html;apple-iphone-17e-512gb-hellrosa;;Tarifgrundpreis Monat 25–36
Bündel;iPhone 17e;512;Vodafone;netzbetreiber;Mobil M;M;neu;1,00;51,95;30,00;;36;0,00;36;;;2026-10-07;https://www.vodafone.de/privat/handys/iphone-17e.html;apple-iphone-17e-512gb-hellrosa;;Tarifgrundpreis Monat 25–36
Bündel;iPhone 17e;512;Vodafone;netzbetreiber;Mobil S;S;neu;1,00;41,95;30,00;;36;0,00;36;;;2026-10-07;https://www.vodafone.de/privat/handys/iphone-17e.html;apple-iphone-17e-512gb-hellrosa;;Tarifgrundpreis Monat 25–36
Bündel;iPhone 17e;512;Vodafone;netzbetreiber;Mobil XL;XL;neu;1,00;81,95;30,00;;36;0,00;36;;;2026-10-07;https://www.vodafone.de/privat/handys/iphone-17e.html;apple-iphone-17e-512gb-hellrosa;;Tarifgrundpreis Monat 25–36
Bündel;iPhone 17e;512;Vodafone;netzbetreiber;Mobil XS;XS;neu;1,00;31,95;30,00;;36;0,00;36;;;2026-10-07;https://www.vodafone.de/privat/handys/iphone-17e.html;apple-iphone-17e-512gb-hellrosa;;Tarifgrundpreis Monat 25–36
Bündel;iPhone 17e;512;Vodafone;netzbetreiber;Mobil L;L;neu;1,00;61,95;30,00;;36;0,00;36;;;2026-10-07;https://www.vodafone.de/privat/handys/iphone-17e.html;apple-iphone-17e-512gb-schwarz;;Tarifgrundpreis Monat 25–36
Bündel;iPhone 17e;512;Vodafone;netzbetreiber;Mobil M;M;neu;1,00;51,95;30,00;;36;0,00;36;;;2026-10-07;https://www.vodafone.de/privat/handys/iphone-17e.html;apple-iphone-17e-512gb-schwarz;;Tarifgrundpreis Monat 25–36
Bündel;iPhone 17e;512;Vodafone;netzbetreiber;Mobil S;S;neu;1,00;41,95;30,00;;36;0,00;36;;;2026-10-07;https://www.vodafone.de/privat/handys/iphone-17e.html;apple-iphone-17e-512gb-schwarz;;Tarifgrundpreis Monat 25–36
Bündel;iPhone 17e;512;Vodafone;netzbetreiber;Mobil XL;XL;neu;1,00;81,95;30,00;;36;0,00;36;;;2026-10-07;https://www.vodafone.de/privat/handys/iphone-17e.html;apple-iphone-17e-512gb-schwarz;;Tarifgrundpreis Monat 25–36
Bündel;iPhone 17e;512;Vodafone;netzbetreiber;Mobil XS;XS;neu;1,00;31,95;30,00;;36;0,00;36;;;2026-10-07;https://www.vodafone.de/privat/handys/iphone-17e.html;apple-iphone-17e-512gb-schwarz;;Tarifgrundpreis Monat 25–36
Bündel;iPhone 17e;512;Vodafone;netzbetreiber;Mobil L;L;neu;1,00;61,95;30,00;;36;0,00;36;;;2026-10-07;https://www.vodafone.de/privat/handys/iphone-17e.html;apple-iphone-17e-512gb-weiss;;Tarifgrundpreis Monat 25–36
Bündel;iPhone 17e;512;Vodafone;netzbetreiber;Mobil M;M;neu;1,00;51,95;30,00;;36;0,00;36;;;2026-10-07;https://www.vodafone.de/privat/handys/iphone-17e.html;apple-iphone-17e-512gb-weiss;;Tarifgrundpreis Monat 25–36
Bündel;iPhone 17e;512;Vodafone;netzbetreiber;Mobil S;S;neu;1,00;41,95;30,00;;36;0,00;36;;;2026-10-07;https://www.vodafone.de/privat/handys/iphone-17e.html;apple-iphone-17e-512gb-weiss;;Tarifgrundpreis Monat 25–36
Bündel;iPhone 17e;512;Vodafone;netzbetreiber;Mobil XL;XL;neu;1,00;81,95;30,00;;36;0,00;36;;;2026-10-07;https://www.vodafone.de/privat/handys/iphone-17e.html;apple-iphone-17e-512gb-weiss;;Tarifgrundpreis Monat 25–36
Bündel;iPhone 17e;512;Vodafone;netzbetreiber;Mobil XS;XS;neu;1,00;31,95;30,00;;36;0,00;36;;;2026-10-07;https://www.vodafone.de/privat/handys/iphone-17e.html;apple-iphone-17e-512gb-weiss;;Tarifgrundpreis Monat 25–36
Bündel;iPhone 18 Pro;1024;Vodafone;netzbetreiber;Mobil L;L;neu;145,00;61,95;55,50;;36;0,00;36;;;2026-10-07;https://www.vodafone.de/privat/handys/iphone-18-pro.html;apple-iphone-18-pro-1024gb-burgunder;;Tarifgrundpreis Monat 25–36
Bündel;iPhone 18 Pro;1024;Vodafone;netzbetreiber;Mobil M;M;neu;145,00;51,95;55,50;;36;0,00;36;;;2026-10-07;https://www.vodafone.de/privat/handys/iphone-18-pro.html;apple-iphone-18-pro-1024gb-burgunder;;Tarifgrundpreis Monat 25–36
Bündel;iPhone 18 Pro;1024;Vodafone;netzbetreiber;Mobil S;S;neu;145,00;41,95;55,50;;36;0,00;36;;;2026-10-07;https://www.vodafone.de/privat/handys/iphone-18-pro.html;apple-iphone-18-pro-1024gb-burgunder;;Tarifgrundpreis Monat 25–36
Bündel;iPhone 18 Pro;1024;Vodafone;netzbetreiber;Mobil XL;XL;neu;145,00;81,95;55,50;;36;0,00;36;;;2026-10-07;https://www.vodafone.de/privat/handys/iphone-18-pro.html;apple-iphone-18-pro-1024gb-burgunder;;Tarifgrundpreis Monat 25–36
Bündel;iPhone 18 Pro;1024;Vodafone;netzbetreiber;Mobil XS;XS;neu;145,00;31,95;55,50;;36;0,00;36;;;2026-10-07;https://www.vodafone.de/privat/handys/iphone-18-pro.html;apple-iphone-18-pro-1024gb-burgunder;;Tarifgrundpreis Monat 25–36
Bündel;iPhone 18 Pro;1024;Vodafone;netzbetreiber;Mobil L;L;neu;145,00;61,95;55,50;;36;0,00;36;;;2026-10-07;https://www.vodafone.de/privat/handys/iphone-18-pro.html;apple-iphone-18-pro-1024gb-polar;;Tarifgrundpreis Monat 25–36
Bündel;iPhone 18 Pro;1024;Vodafone;netzbetreiber;Mobil M;M;neu;145,00;51,95;55,50;;36;0,00;36;;;2026-10-07;https://www.vodafone.de/privat/handys/iphone-18-pro.html;apple-iphone-18-pro-1024gb-polar;;Tarifgrundpreis Monat 25–36
Bündel;iPhone 18 Pro;1024;Vodafone;netzbetreiber;Mobil S;S;neu;145,00;41,95;55,50;;36;0,00;36;;;2026-10-07;https://www.vodafone.de/privat/handys/iphone-18-pro.html;apple-iphone-18-pro-1024gb-polar;;Tarifgrundpreis Monat 25–36
Bündel;iPhone 18 Pro;1024;Vodafone;netzbetreiber;Mobil XL;XL;neu;145,00;81,95;55,50;;36;0,00;36;;;2026-10-07;https://www.vodafone.de/privat/handys/iphone-18-pro.html;apple-iphone-18-pro-1024gb-polar;;Tarifgrundpreis Monat 25–36
Bündel;iPhone 18 Pro;1024;Vodafone;netzbetreiber;Mobil XS;XS;neu;145,00;31,95;55,50;;36;0,00;36;;;2026-10-07;https://www.vodafone.de/privat/handys/iphone-18-pro.html;apple-iphone-18-pro-1024gb-polar;;Tarifgrundpreis Monat 25–36
Bündel;iPhone 18 Pro;1024;Vodafone;netzbetreiber;Mobil L;L;neu;145,00;61,95;55,50;;36;0,00;36;;;2026-10-07;https://www.vodafone.de/privat/handys/iphone-18-pro.html;apple-iphone-18-pro-1024gb-schwarz;;Tarifgrundpreis Monat 25–36
Bündel;iPhone 18 Pro;1024;Vodafone;netzbetreiber;Mobil M;M;neu;145,00;51,95;55,50;;36;0,00;36;;;2026-10-07;https://www.vodafone.de/privat/handys/iphone-18-pro.html;apple-iphone-18-pro-1024gb-schwarz;;Tarifgrundpreis Monat 25–36
Bündel;iPhone 18 Pro;1024;Vodafone;netzbetreiber;Mobil S;S;neu;145,00;41,95;55,50;;36;0,00;36;;;2026-10-07;https://www.vodafone.de/privat/handys/iphone-18-pro.html;apple-iphone-18-pro-1024gb-schwarz;;Tarifgrundpreis Monat 25–36
Bündel;iPhone 18 Pro;1024;Vodafone;netzbetreiber;Mobil XL;XL;neu;145,00;81,95;55,50;;36;0,00;36;;;2026-10-07;https://www.vodafone.de/privat/handys/iphone-18-pro.html;apple-iphone-18-pro-1024gb-schwarz;;Tarifgrundpreis Monat 25–36
Bündel;iPhone 18 Pro;1024;Vodafone;netzbetreiber;Mobil XS;XS;neu;145,00;31,95;55,50;;36;0,00;36;;;2026-10-07;https://www.vodafone.de/privat/handys/iphone-18-pro.html;apple-iphone-18-pro-1024gb-schwarz;;Tarifgrundpreis Monat 25–36
Bündel;iPhone 18 Pro;1024;Vodafone;netzbetreiber;Mobil L;L;neu;145,00;61,95;55,50;;36;0,00;36;;;2026-10-07;https://www.vodafone.de/privat/handys/iphone-18-pro.html;apple-iphone-18-pro-1024gb-silber;;Tarifgrundpreis Monat 25–36
Bündel;iPhone 18 Pro;1024;Vodafone;netzbetreiber;Mobil M;M;neu;145,00;51,95;55,50;;36;0,00;36;;;2026-10-07;https://www.vodafone.de/privat/handys/iphone-18-pro.html;apple-iphone-18-pro-1024gb-silber;;Tarifgrundpreis Monat 25–36
Bündel;iPhone 18 Pro;1024;Vodafone;netzbetreiber;Mobil S;S;neu;145,00;41,95;55,50;;36;0,00;36;;;2026-10-07;https://www.vodafone.de/privat/handys/iphone-18-pro.html;apple-iphone-18-pro-1024gb-silber;;Tarifgrundpreis Monat 25–36
Bündel;iPhone 18 Pro;1024;Vodafone;netzbetreiber;Mobil XL;XL;neu;145,00;81,95;55,50;;36;0,00;36;;;2026-10-07;https://www.vodafone.de/privat/handys/iphone-18-pro.html;apple-iphone-18-pro-1024gb-silber;;Tarifgrundpreis Monat 25–36
Bündel;iPhone 18 Pro;1024;Vodafone;netzbetreiber;Mobil XS;XS;neu;145,00;31,95;55,50;;36;0,00;36;;;2026-10-07;https://www.vodafone.de/privat/handys/iphone-18-pro.html;apple-iphone-18-pro-1024gb-silber;;Tarifgrundpreis Monat 25–36
Bündel;iPhone 18 Pro;2048;Vodafone;netzbetreiber;Mobil L;L;neu;829,00;61,95;55,50;;36;0,00;36;;;2026-10-07;https://www.vodafone.de/privat/handys/iphone-18-pro.html;apple-iphone-18-pro-2048gb-burgunder;;Tarifgrundpreis Monat 25–36
Bündel;iPhone 18 Pro;2048;Vodafone;netzbetreiber;Mobil M;M;neu;829,00;51,95;55,50;;36;0,00;36;;;2026-10-07;https://www.vodafone.de/privat/handys/iphone-18-pro.html;apple-iphone-18-pro-2048gb-burgunder;;Tarifgrundpreis Monat 25–36
Bündel;iPhone 18 Pro;2048;Vodafone;netzbetreiber;Mobil S;S;neu;829,00;41,95;55,50;;36;0,00;36;;;2026-10-07;https://www.vodafone.de/privat/handys/iphone-18-pro.html;apple-iphone-18-pro-2048gb-burgunder;;Tarifgrundpreis Monat 25–36
Bündel;iPhone 18 Pro;2048;Vodafone;netzbetreiber;Mobil XL;XL;neu;829,00;81,95;55,50;;36;0,00;36;;;2026-10-07;https://www.vodafone.de/privat/handys/iphone-18-pro.html;apple-iphone-18-pro-2048gb-burgunder;;Tarifgrundpreis Monat 25–36
Bündel;iPhone 18 Pro;2048;Vodafone;netzbetreiber;Mobil XS;XS;neu;829,00;31,95;55,50;;36;0,00;36;;;2026-10-07;https://www.vodafone.de/privat/handys/iphone-18-pro.html;apple-iphone-18-pro-2048gb-burgunder;;Tarifgrundpreis Monat 25–36
Bündel;iPhone 18 Pro;2048;Vodafone;netzbetreiber;Mobil L;L;neu;829,00;61,95;55,50;;36;0,00;36;;;2026-10-07;https://www.vodafone.de/privat/handys/iphone-18-pro.html;apple-iphone-18-pro-2048gb-polar;;Tarifgrundpreis Monat 25–36
Bündel;iPhone 18 Pro;2048;Vodafone;netzbetreiber;Mobil M;M;neu;829,00;51,95;55,50;;36;0,00;36;;;2026-10-07;https://www.vodafone.de/privat/handys/iphone-18-pro.html;apple-iphone-18-pro-2048gb-polar;;Tarifgrundpreis Monat 25–36
Bündel;iPhone 18 Pro;2048;Vodafone;netzbetreiber;Mobil S;S;neu;829,00;41,95;55,50;;36;0,00;36;;;2026-10-07;https://www.vodafone.de/privat/handys/iphone-18-pro.html;apple-iphone-18-pro-2048gb-polar;;Tarifgrundpreis Monat 25–36
Bündel;iPhone 18 Pro;2048;Vodafone;netzbetreiber;Mobil XL;XL;neu;829,00;81,95;55,50;;36;0,00;36;;;2026-10-07;https://www.vodafone.de/privat/handys/iphone-18-pro.html;apple-iphone-18-pro-2048gb-polar;;Tarifgrundpreis Monat 25–36
Bündel;iPhone 18 Pro;2048;Vodafone;netzbetreiber;Mobil XS;XS;neu;829,00;31,95;55,50;;36;0,00;36;;;2026-10-07;https://www.vodafone.de/privat/handys/iphone-18-pro.html;apple-iphone-18-pro-2048gb-polar;;Tarifgrundpreis Monat 25–36
Bündel;iPhone 18 Pro;2048;Vodafone;netzbetreiber;Mobil L;L;neu;829,00;61,95;55,50;;36;0,00;36;;;2026-10-07;https://www.vodafone.de/privat/handys/iphone-18-pro.html;apple-iphone-18-pro-2048gb-schwarz;;Tarifgrundpreis Monat 25–36
Bündel;iPhone 18 Pro;2048;Vodafone;netzbetreiber;Mobil M;M;neu;829,00;51,95;55,50;;36;0,00;36;;;2026-10-07;https://www.vodafone.de/privat/handys/iphone-18-pro.html;apple-iphone-18-pro-2048gb-schwarz;;Tarifgrundpreis Monat 25–36
Bündel;iPhone 18 Pro;2048;Vodafone;netzbetreiber;Mobil S;S;neu;829,00;41,95;55,50;;36;0,00;36;;;2026-10-07;https://www.vodafone.de/privat/handys/iphone-18-pro.html;apple-iphone-18-pro-2048gb-schwarz;;Tarifgrundpreis Monat 25–36
Bündel;iPhone 18 Pro;2048;Vodafone;netzbetreiber;Mobil XL;XL;neu;829,00;81,95;55,50;;36;0,00;36;;;2026-10-07;https://www.vodafone.de/privat/handys/iphone-18-pro.html;apple-iphone-18-pro-2048gb-schwarz;;Tarifgrundpreis Monat 25–36
Bündel;iPhone 18 Pro;2048;Vodafone;netzbetreiber;Mobil XS;XS;neu;829,00;31,95;55,50;;36;0,00;36;;;2026-10-07;https://www.vodafone.de/privat/handys/iphone-18-pro.html;apple-iphone-18-pro-2048gb-schwarz;;Tarifgrundpreis Monat 25–36
Bündel;iPhone 18 Pro;2048;Vodafone;netzbetreiber;Mobil L;L;neu;829,00;61,95;55,50;;36;0,00;36;;;2026-10-07;https://www.vodafone.de/privat/handys/iphone-18-pro.html;apple-iphone-18-pro-2048gb-silber;;Tarifgrundpreis Monat 25–36
Bündel;iPhone 18 Pro;2048;Vodafone;netzbetreiber;Mobil M;M;neu;829,00;51,95;55,50;;36;0,00;36;;;2026-10-07;https://www.vodafone.de/privat/handys/iphone-18-pro.html;apple-iphone-18-pro-2048gb-silber;;Tarifgrundpreis Monat 25–36
Bündel;iPhone 18 Pro;2048;Vodafone;netzbetreiber;Mobil S;S;neu;829,00;41,95;55,50;;36;0,00;36;;;2026-10-07;https://www.vodafone.de/privat/handys/iphone-18-pro.html;apple-iphone-18-pro-2048gb-silber;;Tarifgrundpreis Monat 25–36
Bündel;iPhone 18 Pro;2048;Vodafone;netzbetreiber;Mobil XL;XL;neu;829,00;81,95;55,50;;36;0,00;36;;;2026-10-07;https://www.vodafone.de/privat/handys/iphone-18-pro.html;apple-iphone-18-pro-2048gb-silber;;Tarifgrundpreis Monat 25–36
Bündel;iPhone 18 Pro;2048;Vodafone;netzbetreiber;Mobil XS;XS;neu;829,00;31,95;55,50;;36;0,00;36;;;2026-10-07;https://www.vodafone.de/privat/handys/iphone-18-pro.html;apple-iphone-18-pro-2048gb-silber;;Tarifgrundpreis Monat 25–36
Bündel;iPhone 18 Pro;256;Vodafone;netzbetreiber;Mobil L;L;neu;0,99;61,95;40,00;;36;0,00;36;;;2026-10-07;https://www.vodafone.de/privat/handys/iphone-18-pro.html;apple-iphone-18-pro-256gb-burgunder;;Tarifgrundpreis Monat 25–36
Bündel;iPhone 18 Pro;256;Vodafone;netzbetreiber;Mobil M;M;neu;0,99;51,95;40,00;;36;0,00;36;;;2026-10-07;https://www.vodafone.de/privat/handys/iphone-18-pro.html;apple-iphone-18-pro-256gb-burgunder;;Tarifgrundpreis Monat 25–36
Bündel;iPhone 18 Pro;256;Vodafone;netzbetreiber;Mobil S;S;neu;0,99;41,95;40,00;;36;0,00;36;;;2026-10-07;https://www.vodafone.de/privat/handys/iphone-18-pro.html;apple-iphone-18-pro-256gb-burgunder;;Tarifgrundpreis Monat 25–36
Bündel;iPhone 18 Pro;256;Vodafone;netzbetreiber;Mobil XL;XL;neu;0,99;81,95;40,00;;36;0,00;36;;;2026-10-07;https://www.vodafone.de/privat/handys/iphone-18-pro.html;apple-iphone-18-pro-256gb-burgunder;;Tarifgrundpreis Monat 25–36
Bündel;iPhone 18 Pro;256;Vodafone;netzbetreiber;Mobil XS;XS;neu;0,99;31,95;40,00;;36;0,00;36;;;2026-10-07;https://www.vodafone.de/privat/handys/iphone-18-pro.html;apple-iphone-18-pro-256gb-burgunder;;Tarifgrundpreis Monat 25–36
Bündel;iPhone 18 Pro;256;Vodafone;netzbetreiber;Mobil L;L;neu;0,99;61,95;40,00;;36;0,00;36;;;2026-10-07;https://www.vodafone.de/privat/handys/iphone-18-pro.html;apple-iphone-18-pro-256gb-polar;;Tarifgrundpreis Monat 25–36
Bündel;iPhone 18 Pro;256;Vodafone;netzbetreiber;Mobil M;M;neu;0,99;51,95;40,00;;36;0,00;36;;;2026-10-07;https://www.vodafone.de/privat/handys/iphone-18-pro.html;apple-iphone-18-pro-256gb-polar;;Tarifgrundpreis Monat 25–36
Bündel;iPhone 18 Pro;256;Vodafone;netzbetreiber;Mobil S;S;neu;0,99;41,95;40,00;;36;0,00;36;;;2026-10-07;https://www.vodafone.de/privat/handys/iphone-18-pro.html;apple-iphone-18-pro-256gb-polar;;Tarifgrundpreis Monat 25–36
Bündel;iPhone 18 Pro;256;Vodafone;netzbetreiber;Mobil XL;XL;neu;0,99;81,95;40,00;;36;0,00;36;;;2026-10-07;https://www.vodafone.de/privat/handys/iphone-18-pro.html;apple-iphone-18-pro-256gb-polar;;Tarifgrundpreis Monat 25–36
Bündel;iPhone 18 Pro;256;Vodafone;netzbetreiber;Mobil XS;XS;neu;0,99;31,95;40,00;;36;0,00;36;;;2026-10-07;https://www.vodafone.de/privat/handys/iphone-18-pro.html;apple-iphone-18-pro-256gb-polar;;Tarifgrundpreis Monat 25–36
Bündel;iPhone 18 Pro;256;Vodafone;netzbetreiber;Mobil L;L;neu;0,99;61,95;40,00;;36;0,00;36;;;2026-10-07;https://www.vodafone.de/privat/handys/iphone-18-pro.html;apple-iphone-18-pro-256gb-schwarz;;Tarifgrundpreis Monat 25–36
Bündel;iPhone 18 Pro;256;Vodafone;netzbetreiber;Mobil M;M;neu;0,99;51,95;40,00;;36;0,00;36;;;2026-10-07;https://www.vodafone.de/privat/handys/iphone-18-pro.html;apple-iphone-18-pro-256gb-schwarz;;Tarifgrundpreis Monat 25–36
Bündel;iPhone 18 Pro;256;Vodafone;netzbetreiber;Mobil S;S;neu;0,99;41,95;40,00;;36;0,00;36;;;2026-10-07;https://www.vodafone.de/privat/handys/iphone-18-pro.html;apple-iphone-18-pro-256gb-schwarz;;Tarifgrundpreis Monat 25–36
Bündel;iPhone 18 Pro;256;Vodafone;netzbetreiber;Mobil XL;XL;neu;0,99;81,95;40,00;;36;0,00;36;;;2026-10-07;https://www.vodafone.de/privat/handys/iphone-18-pro.html;apple-iphone-18-pro-256gb-schwarz;;Tarifgrundpreis Monat 25–36
Bündel;iPhone 18 Pro;256;Vodafone;netzbetreiber;Mobil XS;XS;neu;0,99;31,95;40,00;;36;0,00;36;;;2026-10-07;https://www.vodafone.de/privat/handys/iphone-18-pro.html;apple-iphone-18-pro-256gb-schwarz;;Tarifgrundpreis Monat 25–36
Bündel;iPhone 18 Pro;256;Vodafone;netzbetreiber;Mobil L;L;neu;0,99;61,95;40,00;;36;0,00;36;;;2026-10-07;https://www.vodafone.de/privat/handys/iphone-18-pro.html;apple-iphone-18-pro-256gb-silber;;Tarifgrundpreis Monat 25–36
Bündel;iPhone 18 Pro;256;Vodafone;netzbetreiber;Mobil M;M;neu;0,99;51,95;40,00;;36;0,00;36;;;2026-10-07;https://www.vodafone.de/privat/handys/iphone-18-pro.html;apple-iphone-18-pro-256gb-silber;;Tarifgrundpreis Monat 25–36
Bündel;iPhone 18 Pro;256;Vodafone;netzbetreiber;Mobil S;S;neu;0,99;41,95;40,00;;36;0,00;36;;;2026-10-07;https://www.vodafone.de/privat/handys/iphone-18-pro.html;apple-iphone-18-pro-256gb-silber;;Tarifgrundpreis Monat 25–36
Bündel;iPhone 18 Pro;256;Vodafone;netzbetreiber;Mobil XL;XL;neu;0,99;81,95;40,00;;36;0,00;36;;;2026-10-07;https://www.vodafone.de/privat/handys/iphone-18-pro.html;apple-iphone-18-pro-256gb-silber;;Tarifgrundpreis Monat 25–36
Bündel;iPhone 18 Pro;256;Vodafone;netzbetreiber;Mobil XS;XS;neu;0,99;31,95;40,00;;36;0,00;36;;;2026-10-07;https://www.vodafone.de/privat/handys/iphone-18-pro.html;apple-iphone-18-pro-256gb-silber;;Tarifgrundpreis Monat 25–36
Bündel;iPhone 18 Pro;512;Vodafone;netzbetreiber;Mobil L;L;neu;1,00;61,95;47,00;;36;0,00;36;;;2026-10-07;https://www.vodafone.de/privat/handys/iphone-18-pro.html;apple-iphone-18-pro-512gb-burgunder;;Tarifgrundpreis Monat 25–36
Bündel;iPhone 18 Pro;512;Vodafone;netzbetreiber;Mobil M;M;neu;1,00;51,95;47,00;;36;0,00;36;;;2026-10-07;https://www.vodafone.de/privat/handys/iphone-18-pro.html;apple-iphone-18-pro-512gb-burgunder;;Tarifgrundpreis Monat 25–36
Bündel;iPhone 18 Pro;512;Vodafone;netzbetreiber;Mobil S;S;neu;1,00;41,95;47,00;;36;0,00;36;;;2026-10-07;https://www.vodafone.de/privat/handys/iphone-18-pro.html;apple-iphone-18-pro-512gb-burgunder;;Tarifgrundpreis Monat 25–36
Bündel;iPhone 18 Pro;512;Vodafone;netzbetreiber;Mobil XL;XL;neu;1,00;81,95;47,00;;36;0,00;36;;;2026-10-07;https://www.vodafone.de/privat/handys/iphone-18-pro.html;apple-iphone-18-pro-512gb-burgunder;;Tarifgrundpreis Monat 25–36
Bündel;iPhone 18 Pro;512;Vodafone;netzbetreiber;Mobil XS;XS;neu;1,00;31,95;47,00;;36;0,00;36;;;2026-10-07;https://www.vodafone.de/privat/handys/iphone-18-pro.html;apple-iphone-18-pro-512gb-burgunder;;Tarifgrundpreis Monat 25–36
Bündel;iPhone 18 Pro;512;Vodafone;netzbetreiber;Mobil L;L;neu;1,00;61,95;47,00;;36;0,00;36;;;2026-10-07;https://www.vodafone.de/privat/handys/iphone-18-pro.html;apple-iphone-18-pro-512gb-polar;;Tarifgrundpreis Monat 25–36
Bündel;iPhone 18 Pro;512;Vodafone;netzbetreiber;Mobil M;M;neu;1,00;51,95;47,00;;36;0,00;36;;;2026-10-07;https://www.vodafone.de/privat/handys/iphone-18-pro.html;apple-iphone-18-pro-512gb-polar;;Tarifgrundpreis Monat 25–36
Bündel;iPhone 18 Pro;512;Vodafone;netzbetreiber;Mobil S;S;neu;1,00;41,95;47,00;;36;0,00;36;;;2026-10-07;https://www.vodafone.de/privat/handys/iphone-18-pro.html;apple-iphone-18-pro-512gb-polar;;Tarifgrundpreis Monat 25–36
Bündel;iPhone 18 Pro;512;Vodafone;netzbetreiber;Mobil XL;XL;neu;1,00;81,95;47,00;;36;0,00;36;;;2026-10-07;https://www.vodafone.de/privat/handys/iphone-18-pro.html;apple-iphone-18-pro-512gb-polar;;Tarifgrundpreis Monat 25–36
Bündel;iPhone 18 Pro;512;Vodafone;netzbetreiber;Mobil XS;XS;neu;1,00;31,95;47,00;;36;0,00;36;;;2026-10-07;https://www.vodafone.de/privat/handys/iphone-18-pro.html;apple-iphone-18-pro-512gb-polar;;Tarifgrundpreis Monat 25–36
Bündel;iPhone 18 Pro;512;Vodafone;netzbetreiber;Mobil L;L;neu;1,00;61,95;47,00;;36;0,00;36;;;2026-10-07;https://www.vodafone.de/privat/handys/iphone-18-pro.html;apple-iphone-18-pro-512gb-schwarz;;Tarifgrundpreis Monat 25–36
Bündel;iPhone 18 Pro;512;Vodafone;netzbetreiber;Mobil M;M;neu;1,00;51,95;47,00;;36;0,00;36;;;2026-10-07;https://www.vodafone.de/privat/handys/iphone-18-pro.html;apple-iphone-18-pro-512gb-schwarz;;Tarifgrundpreis Monat 25–36
Bündel;iPhone 18 Pro;512;Vodafone;netzbetreiber;Mobil S;S;neu;1,00;41,95;47,00;;36;0,00;36;;;2026-10-07;https://www.vodafone.de/privat/handys/iphone-18-pro.html;apple-iphone-18-pro-512gb-schwarz;;Tarifgrundpreis Monat 25–36
Bündel;iPhone 18 Pro;512;Vodafone;netzbetreiber;Mobil XL;XL;neu;1,00;81,95;47,00;;36;0,00;36;;;2026-10-07;https://www.vodafone.de/privat/handys/iphone-18-pro.html;apple-iphone-18-pro-512gb-schwarz;;Tarifgrundpreis Monat 25–36
Bündel;iPhone 18 Pro;512;Vodafone;netzbetreiber;Mobil XS;XS;neu;1,00;31,95;47,00;;36;0,00;36;;;2026-10-07;https://www.vodafone.de/privat/handys/iphone-18-pro.html;apple-iphone-18-pro-512gb-schwarz;;Tarifgrundpreis Monat 25–36
Bündel;iPhone 18 Pro;512;Vodafone;netzbetreiber;Mobil L;L;neu;1,00;61,95;47,00;;36;0,00;36;;;2026-10-07;https://www.vodafone.de/privat/handys/iphone-18-pro.html;apple-iphone-18-pro-512gb-silber;;Tarifgrundpreis Monat 25–36
Bündel;iPhone 18 Pro;512;Vodafone;netzbetreiber;Mobil M;M;neu;1,00;51,95;47,00;;36;0,00;36;;;2026-10-07;https://www.vodafone.de/privat/handys/iphone-18-pro.html;apple-iphone-18-pro-512gb-silber;;Tarifgrundpreis Monat 25–36
Bündel;iPhone 18 Pro;512;Vodafone;netzbetreiber;Mobil S;S;neu;1,00;41,95;47,00;;36;0,00;36;;;2026-10-07;https://www.vodafone.de/privat/handys/iphone-18-pro.html;apple-iphone-18-pro-512gb-silber;;Tarifgrundpreis Monat 25–36
Bündel;iPhone 18 Pro;512;Vodafone;netzbetreiber;Mobil XL;XL;neu;1,00;81,95;47,00;;36;0,00;36;;;2026-10-07;https://www.vodafone.de/privat/handys/iphone-18-pro.html;apple-iphone-18-pro-512gb-silber;;Tarifgrundpreis Monat 25–36
Bündel;iPhone 18 Pro;512;Vodafone;netzbetreiber;Mobil XS;XS;neu;1,00;31,95;47,00;;36;0,00;36;;;2026-10-07;https://www.vodafone.de/privat/handys/iphone-18-pro.html;apple-iphone-18-pro-512gb-silber;;Tarifgrundpreis Monat 25–36
Bündel;iPhone 18 Pro Max;1024;Vodafone;netzbetreiber;Mobil L;L;neu;306,99;61,95;55,50;;36;0,00;36;;;2026-10-07;https://www.vodafone.de/privat/handys/iphone-18-pro-max.html;apple-iphone-18-pro-max-1024gb-burgunder;;Tarifgrundpreis Monat 25–36
Bündel;iPhone 18 Pro Max;1024;Vodafone;netzbetreiber;Mobil M;M;neu;306,99;51,95;55,50;;36;0,00;36;;;2026-10-07;https://www.vodafone.de/privat/handys/iphone-18-pro-max.html;apple-iphone-18-pro-max-1024gb-burgunder;;Tarifgrundpreis Monat 25–36
Bündel;iPhone 18 Pro Max;1024;Vodafone;netzbetreiber;Mobil S;S;neu;306,99;41,95;55,50;;36;0,00;36;;;2026-10-07;https://www.vodafone.de/privat/handys/iphone-18-pro-max.html;apple-iphone-18-pro-max-1024gb-burgunder;;Tarifgrundpreis Monat 25–36
Bündel;iPhone 18 Pro Max;1024;Vodafone;netzbetreiber;Mobil XL;XL;neu;306,99;81,95;55,50;;36;0,00;36;;;2026-10-07;https://www.vodafone.de/privat/handys/iphone-18-pro-max.html;apple-iphone-18-pro-max-1024gb-burgunder;;Tarifgrundpreis Monat 25–36
Bündel;iPhone 18 Pro Max;1024;Vodafone;netzbetreiber;Mobil XS;XS;neu;306,99;31,95;55,50;;36;0,00;36;;;2026-10-07;https://www.vodafone.de/privat/handys/iphone-18-pro-max.html;apple-iphone-18-pro-max-1024gb-burgunder;;Tarifgrundpreis Monat 25–36
Bündel;iPhone 18 Pro Max;1024;Vodafone;netzbetreiber;Mobil L;L;neu;306,99;61,95;55,50;;36;0,00;36;;;2026-10-07;https://www.vodafone.de/privat/handys/iphone-18-pro-max.html;apple-iphone-18-pro-max-1024gb-polar;;Tarifgrundpreis Monat 25–36
Bündel;iPhone 18 Pro Max;1024;Vodafone;netzbetreiber;Mobil M;M;neu;306,99;51,95;55,50;;36;0,00;36;;;2026-10-07;https://www.vodafone.de/privat/handys/iphone-18-pro-max.html;apple-iphone-18-pro-max-1024gb-polar;;Tarifgrundpreis Monat 25–36
Bündel;iPhone 18 Pro Max;1024;Vodafone;netzbetreiber;Mobil S;S;neu;306,99;41,95;55,50;;36;0,00;36;;;2026-10-07;https://www.vodafone.de/privat/handys/iphone-18-pro-max.html;apple-iphone-18-pro-max-1024gb-polar;;Tarifgrundpreis Monat 25–36
Bündel;iPhone 18 Pro Max;1024;Vodafone;netzbetreiber;Mobil XL;XL;neu;306,99;81,95;55,50;;36;0,00;36;;;2026-10-07;https://www.vodafone.de/privat/handys/iphone-18-pro-max.html;apple-iphone-18-pro-max-1024gb-polar;;Tarifgrundpreis Monat 25–36
Bündel;iPhone 18 Pro Max;1024;Vodafone;netzbetreiber;Mobil XS;XS;neu;306,99;31,95;55,50;;36;0,00;36;;;2026-10-07;https://www.vodafone.de/privat/handys/iphone-18-pro-max.html;apple-iphone-18-pro-max-1024gb-polar;;Tarifgrundpreis Monat 25–36
Bündel;iPhone 18 Pro Max;1024;Vodafone;netzbetreiber;Mobil L;L;neu;306,99;61,95;55,50;;36;0,00;36;;;2026-10-07;https://www.vodafone.de/privat/handys/iphone-18-pro-max.html;apple-iphone-18-pro-max-1024gb-schwarz;;Tarifgrundpreis Monat 25–36
Bündel;iPhone 18 Pro Max;1024;Vodafone;netzbetreiber;Mobil M;M;neu;306,99;51,95;55,50;;36;0,00;36;;;2026-10-07;https://www.vodafone.de/privat/handys/iphone-18-pro-max.html;apple-iphone-18-pro-max-1024gb-schwarz;;Tarifgrundpreis Monat 25–36
Bündel;iPhone 18 Pro Max;1024;Vodafone;netzbetreiber;Mobil S;S;neu;306,99;41,95;55,50;;36;0,00;36;;;2026-10-07;https://www.vodafone.de/privat/handys/iphone-18-pro-max.html;apple-iphone-18-pro-max-1024gb-schwarz;;Tarifgrundpreis Monat 25–36
Bündel;iPhone 18 Pro Max;1024;Vodafone;netzbetreiber;Mobil XL;XL;neu;306,99;81,95;55,50;;36;0,00;36;;;2026-10-07;https://www.vodafone.de/privat/handys/iphone-18-pro-max.html;apple-iphone-18-pro-max-1024gb-schwarz;;Tarifgrundpreis Monat 25–36
Bündel;iPhone 18 Pro Max;1024;Vodafone;netzbetreiber;Mobil XS;XS;neu;306,99;31,95;55,50;;36;0,00;36;;;2026-10-07;https://www.vodafone.de/privat/handys/iphone-18-pro-max.html;apple-iphone-18-pro-max-1024gb-schwarz;;Tarifgrundpreis Monat 25–36
Bündel;iPhone 18 Pro Max;1024;Vodafone;netzbetreiber;Mobil L;L;neu;306,99;61,95;55,50;;36;0,00;36;;;2026-10-07;https://www.vodafone.de/privat/handys/iphone-18-pro-max.html;apple-iphone-18-pro-max-1024gb-silber;;Tarifgrundpreis Monat 25–36
Bündel;iPhone 18 Pro Max;1024;Vodafone;netzbetreiber;Mobil M;M;neu;306,99;51,95;55,50;;36;0,00;36;;;2026-10-07;https://www.vodafone.de/privat/handys/iphone-18-pro-max.html;apple-iphone-18-pro-max-1024gb-silber;;Tarifgrundpreis Monat 25–36
Bündel;iPhone 18 Pro Max;1024;Vodafone;netzbetreiber;Mobil S;S;neu;306,99;41,95;55,50;;36;0,00;36;;;2026-10-07;https://www.vodafone.de/privat/handys/iphone-18-pro-max.html;apple-iphone-18-pro-max-1024gb-silber;;Tarifgrundpreis Monat 25–36
Bündel;iPhone 18 Pro Max;1024;Vodafone;netzbetreiber;Mobil XL;XL;neu;306,99;81,95;55,50;;36;0,00;36;;;2026-10-07;https://www.vodafone.de/privat/handys/iphone-18-pro-max.html;apple-iphone-18-pro-max-1024gb-silber;;Tarifgrundpreis Monat 25–36
Bündel;iPhone 18 Pro Max;1024;Vodafone;netzbetreiber;Mobil XS;XS;neu;306,99;31,95;55,50;;36;0,00;36;;;2026-10-07;https://www.vodafone.de/privat/handys/iphone-18-pro-max.html;apple-iphone-18-pro-max-1024gb-silber;;Tarifgrundpreis Monat 25–36
Bündel;iPhone 18 Pro Max;2048;Vodafone;netzbetreiber;Mobil L;L;neu;1045,00;61,95;55,50;;36;0,00;36;;;2026-10-07;https://www.vodafone.de/privat/handys/iphone-18-pro-max.html;apple-iphone-18-pro-max-2048gb-burgunder;;Tarifgrundpreis Monat 25–36
Bündel;iPhone 18 Pro Max;2048;Vodafone;netzbetreiber;Mobil M;M;neu;1045,00;51,95;55,50;;36;0,00;36;;;2026-10-07;https://www.vodafone.de/privat/handys/iphone-18-pro-max.html;apple-iphone-18-pro-max-2048gb-burgunder;;Tarifgrundpreis Monat 25–36
Bündel;iPhone 18 Pro Max;2048;Vodafone;netzbetreiber;Mobil S;S;neu;1045,00;41,95;55,50;;36;0,00;36;;;2026-10-07;https://www.vodafone.de/privat/handys/iphone-18-pro-max.html;apple-iphone-18-pro-max-2048gb-burgunder;;Tarifgrundpreis Monat 25–36
Bündel;iPhone 18 Pro Max;2048;Vodafone;netzbetreiber;Mobil XL;XL;neu;1045,00;81,95;55,50;;36;0,00;36;;;2026-10-07;https://www.vodafone.de/privat/handys/iphone-18-pro-max.html;apple-iphone-18-pro-max-2048gb-burgunder;;Tarifgrundpreis Monat 25–36
Bündel;iPhone 18 Pro Max;2048;Vodafone;netzbetreiber;Mobil XS;XS;neu;1045,00;31,95;55,50;;36;0,00;36;;;2026-10-07;https://www.vodafone.de/privat/handys/iphone-18-pro-max.html;apple-iphone-18-pro-max-2048gb-burgunder;;Tarifgrundpreis Monat 25–36
Bündel;iPhone 18 Pro Max;2048;Vodafone;netzbetreiber;Mobil L;L;neu;1045,00;61,95;55,50;;36;0,00;36;;;2026-10-07;https://www.vodafone.de/privat/handys/iphone-18-pro-max.html;apple-iphone-18-pro-max-2048gb-polar;;Tarifgrundpreis Monat 25–36
Bündel;iPhone 18 Pro Max;2048;Vodafone;netzbetreiber;Mobil M;M;neu;1045,00;51,95;55,50;;36;0,00;36;;;2026-10-07;https://www.vodafone.de/privat/handys/iphone-18-pro-max.html;apple-iphone-18-pro-max-2048gb-polar;;Tarifgrundpreis Monat 25–36
Bündel;iPhone 18 Pro Max;2048;Vodafone;netzbetreiber;Mobil S;S;neu;1045,00;41,95;55,50;;36;0,00;36;;;2026-10-07;https://www.vodafone.de/privat/handys/iphone-18-pro-max.html;apple-iphone-18-pro-max-2048gb-polar;;Tarifgrundpreis Monat 25–36
Bündel;iPhone 18 Pro Max;2048;Vodafone;netzbetreiber;Mobil XL;XL;neu;1045,00;81,95;55,50;;36;0,00;36;;;2026-10-07;https://www.vodafone.de/privat/handys/iphone-18-pro-max.html;apple-iphone-18-pro-max-2048gb-polar;;Tarifgrundpreis Monat 25–36
Bündel;iPhone 18 Pro Max;2048;Vodafone;netzbetreiber;Mobil XS;XS;neu;1045,00;31,95;55,50;;36;0,00;36;;;2026-10-07;https://www.vodafone.de/privat/handys/iphone-18-pro-max.html;apple-iphone-18-pro-max-2048gb-polar;;Tarifgrundpreis Monat 25–36
Bündel;iPhone 18 Pro Max;2048;Vodafone;netzbetreiber;Mobil L;L;neu;1045,00;61,95;55,50;;36;0,00;36;;;2026-10-07;https://www.vodafone.de/privat/handys/iphone-18-pro-max.html;apple-iphone-18-pro-max-2048gb-schwarz;;Tarifgrundpreis Monat 25–36
Bündel;iPhone 18 Pro Max;2048;Vodafone;netzbetreiber;Mobil M;M;neu;1045,00;51,95;55,50;;36;0,00;36;;;2026-10-07;https://www.vodafone.de/privat/handys/iphone-18-pro-max.html;apple-iphone-18-pro-max-2048gb-schwarz;;Tarifgrundpreis Monat 25–36
Bündel;iPhone 18 Pro Max;2048;Vodafone;netzbetreiber;Mobil S;S;neu;1045,00;41,95;55,50;;36;0,00;36;;;2026-10-07;https://www.vodafone.de/privat/handys/iphone-18-pro-max.html;apple-iphone-18-pro-max-2048gb-schwarz;;Tarifgrundpreis Monat 25–36
Bündel;iPhone 18 Pro Max;2048;Vodafone;netzbetreiber;Mobil XL;XL;neu;1045,00;81,95;55,50;;36;0,00;36;;;2026-10-07;https://www.vodafone.de/privat/handys/iphone-18-pro-max.html;apple-iphone-18-pro-max-2048gb-schwarz;;Tarifgrundpreis Monat 25–36
Bündel;iPhone 18 Pro Max;2048;Vodafone;netzbetreiber;Mobil XS;XS;neu;1045,00;31,95;55,50;;36;0,00;36;;;2026-10-07;https://www.vodafone.de/privat/handys/iphone-18-pro-max.html;apple-iphone-18-pro-max-2048gb-schwarz;;Tarifgrundpreis Monat 25–36
Bündel;iPhone 18 Pro Max;2048;Vodafone;netzbetreiber;Mobil L;L;neu;1045,00;61,95;55,50;;36;0,00;36;;;2026-10-07;https://www.vodafone.de/privat/handys/iphone-18-pro-max.html;apple-iphone-18-pro-max-2048gb-silber;;Tarifgrundpreis Monat 25–36
Bündel;iPhone 18 Pro Max;2048;Vodafone;netzbetreiber;Mobil M;M;neu;1045,00;51,95;55,50;;36;0,00;36;;;2026-10-07;https://www.vodafone.de/privat/handys/iphone-18-pro-max.html;apple-iphone-18-pro-max-2048gb-silber;;Tarifgrundpreis Monat 25–36
Bündel;iPhone 18 Pro Max;2048;Vodafone;netzbetreiber;Mobil S;S;neu;1045,00;41,95;55,50;;36;0,00;36;;;2026-10-07;https://www.vodafone.de/privat/handys/iphone-18-pro-max.html;apple-iphone-18-pro-max-2048gb-silber;;Tarifgrundpreis Monat 25–36
Bündel;iPhone 18 Pro Max;2048;Vodafone;netzbetreiber;Mobil XL;XL;neu;1045,00;81,95;55,50;;36;0,00;36;;;2026-10-07;https://www.vodafone.de/privat/handys/iphone-18-pro-max.html;apple-iphone-18-pro-max-2048gb-silber;;Tarifgrundpreis Monat 25–36
Bündel;iPhone 18 Pro Max;2048;Vodafone;netzbetreiber;Mobil XS;XS;neu;1045,00;31,95;55,50;;36;0,00;36;;;2026-10-07;https://www.vodafone.de/privat/handys/iphone-18-pro-max.html;apple-iphone-18-pro-max-2048gb-silber;;Tarifgrundpreis Monat 25–36
Bündel;iPhone 18 Pro Max;256;Vodafone;netzbetreiber;Mobil L;L;neu;1,00;61,95;44,00;;36;0,00;36;;;2026-10-07;https://www.vodafone.de/privat/handys/iphone-18-pro-max.html;apple-iphone-18-pro-max-256gb-burgunder;;Tarifgrundpreis Monat 25–36
Bündel;iPhone 18 Pro Max;256;Vodafone;netzbetreiber;Mobil M;M;neu;1,00;51,95;44,00;;36;0,00;36;;;2026-10-07;https://www.vodafone.de/privat/handys/iphone-18-pro-max.html;apple-iphone-18-pro-max-256gb-burgunder;;Tarifgrundpreis Monat 25–36
Bündel;iPhone 18 Pro Max;256;Vodafone;netzbetreiber;Mobil S;S;neu;1,00;41,95;44,00;;36;0,00;36;;;2026-10-07;https://www.vodafone.de/privat/handys/iphone-18-pro-max.html;apple-iphone-18-pro-max-256gb-burgunder;;Tarifgrundpreis Monat 25–36
Bündel;iPhone 18 Pro Max;256;Vodafone;netzbetreiber;Mobil XL;XL;neu;1,00;81,95;44,00;;36;0,00;36;;;2026-10-07;https://www.vodafone.de/privat/handys/iphone-18-pro-max.html;apple-iphone-18-pro-max-256gb-burgunder;;Tarifgrundpreis Monat 25–36
Bündel;iPhone 18 Pro Max;256;Vodafone;netzbetreiber;Mobil XS;XS;neu;1,00;31,95;44,00;;36;0,00;36;;;2026-10-07;https://www.vodafone.de/privat/handys/iphone-18-pro-max.html;apple-iphone-18-pro-max-256gb-burgunder;;Tarifgrundpreis Monat 25–36
Bündel;iPhone 18 Pro Max;256;Vodafone;netzbetreiber;Mobil L;L;neu;1,00;61,95;44,00;;36;0,00;36;;;2026-10-07;https://www.vodafone.de/privat/handys/iphone-18-pro-max.html;apple-iphone-18-pro-max-256gb-polar;;Tarifgrundpreis Monat 25–36
Bündel;iPhone 18 Pro Max;256;Vodafone;netzbetreiber;Mobil M;M;neu;1,00;51,95;44,00;;36;0,00;36;;;2026-10-07;https://www.vodafone.de/privat/handys/iphone-18-pro-max.html;apple-iphone-18-pro-max-256gb-polar;;Tarifgrundpreis Monat 25–36
Bündel;iPhone 18 Pro Max;256;Vodafone;netzbetreiber;Mobil S;S;neu;1,00;41,95;44,00;;36;0,00;36;;;2026-10-07;https://www.vodafone.de/privat/handys/iphone-18-pro-max.html;apple-iphone-18-pro-max-256gb-polar;;Tarifgrundpreis Monat 25–36
Bündel;iPhone 18 Pro Max;256;Vodafone;netzbetreiber;Mobil XL;XL;neu;1,00;81,95;44,00;;36;0,00;36;;;2026-10-07;https://www.vodafone.de/privat/handys/iphone-18-pro-max.html;apple-iphone-18-pro-max-256gb-polar;;Tarifgrundpreis Monat 25–36
Bündel;iPhone 18 Pro Max;256;Vodafone;netzbetreiber;Mobil XS;XS;neu;1,00;31,95;44,00;;36;0,00;36;;;2026-10-07;https://www.vodafone.de/privat/handys/iphone-18-pro-max.html;apple-iphone-18-pro-max-256gb-polar;;Tarifgrundpreis Monat 25–36
Bündel;iPhone 18 Pro Max;256;Vodafone;netzbetreiber;Mobil L;L;neu;1,00;61,95;44,00;;36;0,00;36;;;2026-10-07;https://www.vodafone.de/privat/handys/iphone-18-pro-max.html;apple-iphone-18-pro-max-256gb-schwarz;;Tarifgrundpreis Monat 25–36
Bündel;iPhone 18 Pro Max;256;Vodafone;netzbetreiber;Mobil M;M;neu;1,00;51,95;44,00;;36;0,00;36;;;2026-10-07;https://www.vodafone.de/privat/handys/iphone-18-pro-max.html;apple-iphone-18-pro-max-256gb-schwarz;;Tarifgrundpreis Monat 25–36
Bündel;iPhone 18 Pro Max;256;Vodafone;netzbetreiber;Mobil S;S;neu;1,00;41,95;44,00;;36;0,00;36;;;2026-10-07;https://www.vodafone.de/privat/handys/iphone-18-pro-max.html;apple-iphone-18-pro-max-256gb-schwarz;;Tarifgrundpreis Monat 25–36
Bündel;iPhone 18 Pro Max;256;Vodafone;netzbetreiber;Mobil XL;XL;neu;1,00;81,95;44,00;;36;0,00;36;;;2026-10-07;https://www.vodafone.de/privat/handys/iphone-18-pro-max.html;apple-iphone-18-pro-max-256gb-schwarz;;Tarifgrundpreis Monat 25–36
Bündel;iPhone 18 Pro Max;256;Vodafone;netzbetreiber;Mobil XS;XS;neu;1,00;31,95;44,00;;36;0,00;36;;;2026-10-07;https://www.vodafone.de/privat/handys/iphone-18-pro-max.html;apple-iphone-18-pro-max-256gb-schwarz;;Tarifgrundpreis Monat 25–36
Bündel;iPhone 18 Pro Max;256;Vodafone;netzbetreiber;Mobil L;L;neu;1,00;61,95;44,00;;36;0,00;36;;;2026-10-07;https://www.vodafone.de/privat/handys/iphone-18-pro-max.html;apple-iphone-18-pro-max-256gb-silber;;Tarifgrundpreis Monat 25–36
Bündel;iPhone 18 Pro Max;256;Vodafone;netzbetreiber;Mobil M;M;neu;1,00;51,95;44,00;;36;0,00;36;;;2026-10-07;https://www.vodafone.de/privat/handys/iphone-18-pro-max.html;apple-iphone-18-pro-max-256gb-silber;;Tarifgrundpreis Monat 25–36
Bündel;iPhone 18 Pro Max;256;Vodafone;netzbetreiber;Mobil S;S;neu;1,00;41,95;44,00;;36;0,00;36;;;2026-10-07;https://www.vodafone.de/privat/handys/iphone-18-pro-max.html;apple-iphone-18-pro-max-256gb-silber;;Tarifgrundpreis Monat 25–36
Bündel;iPhone 18 Pro Max;256;Vodafone;netzbetreiber;Mobil XL;XL;neu;1,00;81,95;44,00;;36;0,00;36;;;2026-10-07;https://www.vodafone.de/privat/handys/iphone-18-pro-max.html;apple-iphone-18-pro-max-256gb-silber;;Tarifgrundpreis Monat 25–36
Bündel;iPhone 18 Pro Max;256;Vodafone;netzbetreiber;Mobil XS;XS;neu;1,00;31,95;44,00;;36;0,00;36;;;2026-10-07;https://www.vodafone.de/privat/handys/iphone-18-pro-max.html;apple-iphone-18-pro-max-256gb-silber;;Tarifgrundpreis Monat 25–36
Bündel;iPhone 18 Pro Max;512;Vodafone;netzbetreiber;Mobil L;L;neu;1,00;61,95;51,00;;36;0,00;36;;;2026-10-07;https://www.vodafone.de/privat/handys/iphone-18-pro-max.html;apple-iphone-18-pro-max-512gb-burgunder;;Tarifgrundpreis Monat 25–36
Bündel;iPhone 18 Pro Max;512;Vodafone;netzbetreiber;Mobil M;M;neu;1,00;51,95;51,00;;36;0,00;36;;;2026-10-07;https://www.vodafone.de/privat/handys/iphone-18-pro-max.html;apple-iphone-18-pro-max-512gb-burgunder;;Tarifgrundpreis Monat 25–36
Bündel;iPhone 18 Pro Max;512;Vodafone;netzbetreiber;Mobil S;S;neu;1,00;41,95;51,00;;36;0,00;36;;;2026-10-07;https://www.vodafone.de/privat/handys/iphone-18-pro-max.html;apple-iphone-18-pro-max-512gb-burgunder;;Tarifgrundpreis Monat 25–36
Bündel;iPhone 18 Pro Max;512;Vodafone;netzbetreiber;Mobil XL;XL;neu;1,00;81,95;51,00;;36;0,00;36;;;2026-10-07;https://www.vodafone.de/privat/handys/iphone-18-pro-max.html;apple-iphone-18-pro-max-512gb-burgunder;;Tarifgrundpreis Monat 25–36
Bündel;iPhone 18 Pro Max;512;Vodafone;netzbetreiber;Mobil XS;XS;neu;1,00;31,95;51,00;;36;0,00;36;;;2026-10-07;https://www.vodafone.de/privat/handys/iphone-18-pro-max.html;apple-iphone-18-pro-max-512gb-burgunder;;Tarifgrundpreis Monat 25–36
Bündel;iPhone 18 Pro Max;512;Vodafone;netzbetreiber;Mobil L;L;neu;1,00;61,95;51,00;;36;0,00;36;;;2026-10-07;https://www.vodafone.de/privat/handys/iphone-18-pro-max.html;apple-iphone-18-pro-max-512gb-polar;;Tarifgrundpreis Monat 25–36
Bündel;iPhone 18 Pro Max;512;Vodafone;netzbetreiber;Mobil M;M;neu;1,00;51,95;51,00;;36;0,00;36;;;2026-10-07;https://www.vodafone.de/privat/handys/iphone-18-pro-max.html;apple-iphone-18-pro-max-512gb-polar;;Tarifgrundpreis Monat 25–36
Bündel;iPhone 18 Pro Max;512;Vodafone;netzbetreiber;Mobil S;S;neu;1,00;41,95;51,00;;36;0,00;36;;;2026-10-07;https://www.vodafone.de/privat/handys/iphone-18-pro-max.html;apple-iphone-18-pro-max-512gb-polar;;Tarifgrundpreis Monat 25–36
Bündel;iPhone 18 Pro Max;512;Vodafone;netzbetreiber;Mobil XL;XL;neu;1,00;81,95;51,00;;36;0,00;36;;;2026-10-07;https://www.vodafone.de/privat/handys/iphone-18-pro-max.html;apple-iphone-18-pro-max-512gb-polar;;Tarifgrundpreis Monat 25–36
Bündel;iPhone 18 Pro Max;512;Vodafone;netzbetreiber;Mobil XS;XS;neu;1,00;31,95;51,00;;36;0,00;36;;;2026-10-07;https://www.vodafone.de/privat/handys/iphone-18-pro-max.html;apple-iphone-18-pro-max-512gb-polar;;Tarifgrundpreis Monat 25–36
Bündel;iPhone 18 Pro Max;512;Vodafone;netzbetreiber;Mobil L;L;neu;1,00;61,95;51,00;;36;0,00;36;;;2026-10-07;https://www.vodafone.de/privat/handys/iphone-18-pro-max.html;apple-iphone-18-pro-max-512gb-schwarz;;Tarifgrundpreis Monat 25–36
Bündel;iPhone 18 Pro Max;512;Vodafone;netzbetreiber;Mobil M;M;neu;1,00;51,95;51,00;;36;0,00;36;;;2026-10-07;https://www.vodafone.de/privat/handys/iphone-18-pro-max.html;apple-iphone-18-pro-max-512gb-schwarz;;Tarifgrundpreis Monat 25–36
Bündel;iPhone 18 Pro Max;512;Vodafone;netzbetreiber;Mobil S;S;neu;1,00;41,95;51,00;;36;0,00;36;;;2026-10-07;https://www.vodafone.de/privat/handys/iphone-18-pro-max.html;apple-iphone-18-pro-max-512gb-schwarz;;Tarifgrundpreis Monat 25–36
Bündel;iPhone 18 Pro Max;512;Vodafone;netzbetreiber;Mobil XL;XL;neu;1,00;81,95;51,00;;36;0,00;36;;;2026-10-07;https://www.vodafone.de/privat/handys/iphone-18-pro-max.html;apple-iphone-18-pro-max-512gb-schwarz;;Tarifgrundpreis Monat 25–36
Bündel;iPhone 18 Pro Max;512;Vodafone;netzbetreiber;Mobil XS;XS;neu;1,00;31,95;51,00;;36;0,00;36;;;2026-10-07;https://www.vodafone.de/privat/handys/iphone-18-pro-max.html;apple-iphone-18-pro-max-512gb-schwarz;;Tarifgrundpreis Monat 25–36
Bündel;iPhone 18 Pro Max;512;Vodafone;netzbetreiber;Mobil L;L;neu;1,00;61,95;51,00;;36;0,00;36;;;2026-10-07;https://www.vodafone.de/privat/handys/iphone-18-pro-max.html;apple-iphone-18-pro-max-512gb-silber;;Tarifgrundpreis Monat 25–36
Bündel;iPhone 18 Pro Max;512;Vodafone;netzbetreiber;Mobil M;M;neu;1,00;51,95;51,00;;36;0,00;36;;;2026-10-07;https://www.vodafone.de/privat/handys/iphone-18-pro-max.html;apple-iphone-18-pro-max-512gb-silber;;Tarifgrundpreis Monat 25–36
Bündel;iPhone 18 Pro Max;512;Vodafone;netzbetreiber;Mobil S;S;neu;1,00;41,95;51,00;;36;0,00;36;;;2026-10-07;https://www.vodafone.de/privat/handys/iphone-18-pro-max.html;apple-iphone-18-pro-max-512gb-silber;;Tarifgrundpreis Monat 25–36
Bündel;iPhone 18 Pro Max;512;Vodafone;netzbetreiber;Mobil XL;XL;neu;1,00;81,95;51,00;;36;0,00;36;;;2026-10-07;https://www.vodafone.de/privat/handys/iphone-18-pro-max.html;apple-iphone-18-pro-max-512gb-silber;;Tarifgrundpreis Monat 25–36
Bündel;iPhone 18 Pro Max;512;Vodafone;netzbetreiber;Mobil XS;XS;neu;1,00;31,95;51,00;;36;0,00;36;;;2026-10-07;https://www.vodafone.de/privat/handys/iphone-18-pro-max.html;apple-iphone-18-pro-max-512gb-silber;;Tarifgrundpreis Monat 25–36
Bündel;iPhone Air;1024;Vodafone;netzbetreiber;Mobil L;L;neu;1,00;61,95;35,00;;36;0,00;36;;;2026-10-07;https://www.vodafone.de/privat/handys/iphone-air.html;apple-iphone-air-1024gb-himmelblau;;Tarifgrundpreis Monat 25–36
Bündel;iPhone Air;1024;Vodafone;netzbetreiber;Mobil M;M;neu;1,00;51,95;35,00;;36;0,00;36;;;2026-10-07;https://www.vodafone.de/privat/handys/iphone-air.html;apple-iphone-air-1024gb-himmelblau;;Tarifgrundpreis Monat 25–36
Bündel;iPhone Air;1024;Vodafone;netzbetreiber;Mobil S;S;neu;1,00;41,95;35,00;;36;0,00;36;;;2026-10-07;https://www.vodafone.de/privat/handys/iphone-air.html;apple-iphone-air-1024gb-himmelblau;;Tarifgrundpreis Monat 25–36
Bündel;iPhone Air;1024;Vodafone;netzbetreiber;Mobil XL;XL;neu;1,00;81,95;35,00;;36;0,00;36;;;2026-10-07;https://www.vodafone.de/privat/handys/iphone-air.html;apple-iphone-air-1024gb-himmelblau;;Tarifgrundpreis Monat 25–36
Bündel;iPhone Air;1024;Vodafone;netzbetreiber;Mobil XS;XS;neu;1,00;31,95;35,00;;36;0,00;36;;;2026-10-07;https://www.vodafone.de/privat/handys/iphone-air.html;apple-iphone-air-1024gb-himmelblau;;Tarifgrundpreis Monat 25–36
Bündel;iPhone Air;1024;Vodafone;netzbetreiber;Mobil L;L;neu;1,00;61,95;35,00;;36;0,00;36;;;2026-10-07;https://www.vodafone.de/privat/handys/iphone-air.html;apple-iphone-air-1024gb-lichtgold;;Tarifgrundpreis Monat 25–36
Bündel;iPhone Air;1024;Vodafone;netzbetreiber;Mobil M;M;neu;1,00;51,95;35,00;;36;0,00;36;;;2026-10-07;https://www.vodafone.de/privat/handys/iphone-air.html;apple-iphone-air-1024gb-lichtgold;;Tarifgrundpreis Monat 25–36
Bündel;iPhone Air;1024;Vodafone;netzbetreiber;Mobil S;S;neu;1,00;41,95;35,00;;36;0,00;36;;;2026-10-07;https://www.vodafone.de/privat/handys/iphone-air.html;apple-iphone-air-1024gb-lichtgold;;Tarifgrundpreis Monat 25–36
Bündel;iPhone Air;1024;Vodafone;netzbetreiber;Mobil XL;XL;neu;1,00;81,95;35,00;;36;0,00;36;;;2026-10-07;https://www.vodafone.de/privat/handys/iphone-air.html;apple-iphone-air-1024gb-lichtgold;;Tarifgrundpreis Monat 25–36
Bündel;iPhone Air;1024;Vodafone;netzbetreiber;Mobil XS;XS;neu;1,00;31,95;35,00;;36;0,00;36;;;2026-10-07;https://www.vodafone.de/privat/handys/iphone-air.html;apple-iphone-air-1024gb-lichtgold;;Tarifgrundpreis Monat 25–36
Bündel;iPhone Air;1024;Vodafone;netzbetreiber;Mobil L;L;neu;1,00;61,95;35,00;;36;0,00;36;;;2026-10-07;https://www.vodafone.de/privat/handys/iphone-air.html;apple-iphone-air-1024gb-space-schwarz;;Tarifgrundpreis Monat 25–36
Bündel;iPhone Air;1024;Vodafone;netzbetreiber;Mobil M;M;neu;1,00;51,95;35,00;;36;0,00;36;;;2026-10-07;https://www.vodafone.de/privat/handys/iphone-air.html;apple-iphone-air-1024gb-space-schwarz;;Tarifgrundpreis Monat 25–36
Bündel;iPhone Air;1024;Vodafone;netzbetreiber;Mobil S;S;neu;1,00;41,95;35,00;;36;0,00;36;;;2026-10-07;https://www.vodafone.de/privat/handys/iphone-air.html;apple-iphone-air-1024gb-space-schwarz;;Tarifgrundpreis Monat 25–36
Bündel;iPhone Air;1024;Vodafone;netzbetreiber;Mobil XL;XL;neu;1,00;81,95;35,00;;36;0,00;36;;;2026-10-07;https://www.vodafone.de/privat/handys/iphone-air.html;apple-iphone-air-1024gb-space-schwarz;;Tarifgrundpreis Monat 25–36
Bündel;iPhone Air;1024;Vodafone;netzbetreiber;Mobil XS;XS;neu;1,00;31,95;35,00;;36;0,00;36;;;2026-10-07;https://www.vodafone.de/privat/handys/iphone-air.html;apple-iphone-air-1024gb-space-schwarz;;Tarifgrundpreis Monat 25–36
Bündel;iPhone Air;256;Vodafone;netzbetreiber;Mobil L;L;neu;1,00;61,95;29,00;;36;0,00;36;;;2026-10-07;https://www.vodafone.de/privat/handys/iphone-air.html;apple-iphone-air-256gb-himmelblau;;Tarifgrundpreis Monat 25–36
Bündel;iPhone Air;256;Vodafone;netzbetreiber;Mobil M;M;neu;1,00;51,95;29,00;;36;0,00;36;;;2026-10-07;https://www.vodafone.de/privat/handys/iphone-air.html;apple-iphone-air-256gb-himmelblau;;Tarifgrundpreis Monat 25–36
Bündel;iPhone Air;256;Vodafone;netzbetreiber;Mobil S;S;neu;1,00;41,95;29,00;;36;0,00;36;;;2026-10-07;https://www.vodafone.de/privat/handys/iphone-air.html;apple-iphone-air-256gb-himmelblau;;Tarifgrundpreis Monat 25–36
Bündel;iPhone Air;256;Vodafone;netzbetreiber;Mobil XL;XL;neu;1,00;81,95;29,00;;36;0,00;36;;;2026-10-07;https://www.vodafone.de/privat/handys/iphone-air.html;apple-iphone-air-256gb-himmelblau;;Tarifgrundpreis Monat 25–36
Bündel;iPhone Air;256;Vodafone;netzbetreiber;Mobil XS;XS;neu;1,00;31,95;29,00;;36;0,00;36;;;2026-10-07;https://www.vodafone.de/privat/handys/iphone-air.html;apple-iphone-air-256gb-himmelblau;;Tarifgrundpreis Monat 25–36
Bündel;iPhone Air;256;Vodafone;netzbetreiber;Mobil L;L;neu;1,00;61,95;29,00;;36;0,00;36;;;2026-10-07;https://www.vodafone.de/privat/handys/iphone-air.html;apple-iphone-air-256gb-space-schwarz;;Tarifgrundpreis Monat 25–36
Bündel;iPhone Air;256;Vodafone;netzbetreiber;Mobil M;M;neu;1,00;51,95;29,00;;36;0,00;36;;;2026-10-07;https://www.vodafone.de/privat/handys/iphone-air.html;apple-iphone-air-256gb-space-schwarz;;Tarifgrundpreis Monat 25–36
Bündel;iPhone Air;256;Vodafone;netzbetreiber;Mobil S;S;neu;1,00;41,95;29,00;;36;0,00;36;;;2026-10-07;https://www.vodafone.de/privat/handys/iphone-air.html;apple-iphone-air-256gb-space-schwarz;;Tarifgrundpreis Monat 25–36
Bündel;iPhone Air;256;Vodafone;netzbetreiber;Mobil XL;XL;neu;1,00;81,95;29,00;;36;0,00;36;;;2026-10-07;https://www.vodafone.de/privat/handys/iphone-air.html;apple-iphone-air-256gb-space-schwarz;;Tarifgrundpreis Monat 25–36
Bündel;iPhone Air;256;Vodafone;netzbetreiber;Mobil XS;XS;neu;1,00;31,95;29,00;;36;0,00;36;;;2026-10-07;https://www.vodafone.de/privat/handys/iphone-air.html;apple-iphone-air-256gb-space-schwarz;;Tarifgrundpreis Monat 25–36
Bündel;iPhone Air;256;Vodafone;netzbetreiber;Mobil XS;XS;neu;0,99;31,95;26,00;;36;0,00;36;;;2026-09-11;https://www.vodafone.de/privat/handys/iphone-air.html;apple-iphone-air-256gb-wolkenweiss;veraltet;Tarifgrundpreis Monat 25–36
Bündel;iPhone Air;512;Vodafone;netzbetreiber;Mobil L;L;neu;1,00;61,95;29,00;;36;0,00;36;;;2026-10-07;https://www.vodafone.de/privat/handys/iphone-air.html;apple-iphone-air-512gb-himmelblau;;Tarifgrundpreis Monat 25–36
Bündel;iPhone Air;512;Vodafone;netzbetreiber;Mobil M;M;neu;1,00;51,95;29,00;;36;0,00;36;;;2026-10-07;https://www.vodafone.de/privat/handys/iphone-air.html;apple-iphone-air-512gb-himmelblau;;Tarifgrundpreis Monat 25–36
Bündel;iPhone Air;512;Vodafone;netzbetreiber;Mobil S;S;neu;1,00;41,95;29,00;;36;0,00;36;;;2026-10-07;https://www.vodafone.de/privat/handys/iphone-air.html;apple-iphone-air-512gb-himmelblau;;Tarifgrundpreis Monat 25–36
Bündel;iPhone Air;512;Vodafone;netzbetreiber;Mobil XL;XL;neu;1,00;81,95;29,00;;36;0,00;36;;;2026-10-07;https://www.vodafone.de/privat/handys/iphone-air.html;apple-iphone-air-512gb-himmelblau;;Tarifgrundpreis Monat 25–36
Bündel;iPhone Air;512;Vodafone;netzbetreiber;Mobil XS;XS;neu;1,00;31,95;29,00;;36;0,00;36;;;2026-10-07;https://www.vodafone.de/privat/handys/iphone-air.html;apple-iphone-air-512gb-himmelblau;;Tarifgrundpreis Monat 25–36
Bündel;iPhone Air;512;Vodafone;netzbetreiber;Mobil L;L;neu;1,00;61,95;29,00;;36;0,00;36;;;2026-09-30;https://www.vodafone.de/privat/handys/iphone-air.html;apple-iphone-air-512gb-lichtgold;veraltet;Tarifgrundpreis Monat 25–36
Bündel;iPhone Air;512;Vodafone;netzbetreiber;Mobil M;M;neu;1,00;51,95;29,00;;36;0,00;36;;;2026-09-30;https://www.vodafone.de/privat/handys/iphone-air.html;apple-iphone-air-512gb-lichtgold;veraltet;Tarifgrundpreis Monat 25–36
Bündel;iPhone Air;512;Vodafone;netzbetreiber;Mobil S;S;neu;1,00;41,95;29,00;;36;0,00;36;;;2026-09-30;https://www.vodafone.de/privat/handys/iphone-air.html;apple-iphone-air-512gb-lichtgold;veraltet;Tarifgrundpreis Monat 25–36
Bündel;iPhone Air;512;Vodafone;netzbetreiber;Mobil XL;XL;neu;1,00;81,95;29,00;;36;0,00;36;;;2026-09-30;https://www.vodafone.de/privat/handys/iphone-air.html;apple-iphone-air-512gb-lichtgold;veraltet;Tarifgrundpreis Monat 25–36
Bündel;iPhone Air;512;Vodafone;netzbetreiber;Mobil XS;XS;neu;1,00;31,95;29,00;;36;0,00;36;;;2026-09-30;https://www.vodafone.de/privat/handys/iphone-air.html;apple-iphone-air-512gb-lichtgold;veraltet;Tarifgrundpreis Monat 25–36
Bündel;iPhone Air;512;Vodafone;netzbetreiber;Mobil L;L;neu;1,00;61,95;29,00;;36;0,00;36;;;2026-10-07;https://www.vodafone.de/privat/handys/iphone-air.html;apple-iphone-air-512gb-space-schwarz;;Tarifgrundpreis Monat 25–36
Bündel;iPhone Air;512;Vodafone;netzbetreiber;Mobil M;M;neu;1,00;51,95;29,00;;36;0,00;36;;;2026-10-07;https://www.vodafone.de/privat/handys/iphone-air.html;apple-iphone-air-512gb-space-schwarz;;Tarifgrundpreis Monat 25–36
Bündel;iPhone Air;512;Vodafone;netzbetreiber;Mobil S;S;neu;1,00;41,95;29,00;;36;0,00;36;;;2026-10-07;https://www.vodafone.de/privat/handys/iphone-air.html;apple-iphone-air-512gb-space-schwarz;;Tarifgrundpreis Monat 25–36
Bündel;iPhone Air;512;Vodafone;netzbetreiber;Mobil XL;XL;neu;1,00;81,95;29,00;;36;0,00;36;;;2026-10-07;https://www.vodafone.de/privat/handys/iphone-air.html;apple-iphone-air-512gb-space-schwarz;;Tarifgrundpreis Monat 25–36
Bündel;iPhone Air;512;Vodafone;netzbetreiber;Mobil XS;XS;neu;1,00;31,95;29,00;;36;0,00;36;;;2026-10-07;https://www.vodafone.de/privat/handys/iphone-air.html;apple-iphone-air-512gb-space-schwarz;;Tarifgrundpreis Monat 25–36
Bündel;Fairphone 6;256;Vodafone;netzbetreiber;Mobil L;L;neu;1,00;61,95;15,00;;36;0,00;36;;;2026-10-07;https://www.vodafone.de/privat/handys/fairphone-6.html;fairphone-6-256gb-horizon-black;;Tarifgrundpreis Monat 25–36
Bündel;Fairphone 6;256;Vodafone;netzbetreiber;Mobil M;M;neu;1,00;51,95;15,00;;36;0,00;36;;;2026-10-07;https://www.vodafone.de/privat/handys/fairphone-6.html;fairphone-6-256gb-horizon-black;;Tarifgrundpreis Monat 25–36
Bündel;Fairphone 6;256;Vodafone;netzbetreiber;Mobil S;S;neu;1,00;41,95;15,00;;36;0,00;36;;;2026-10-07;https://www.vodafone.de/privat/handys/fairphone-6.html;fairphone-6-256gb-horizon-black;;Tarifgrundpreis Monat 25–36
Bündel;Fairphone 6;256;Vodafone;netzbetreiber;Mobil XL;XL;neu;1,00;81,95;15,00;;36;0,00;36;;;2026-10-07;https://www.vodafone.de/privat/handys/fairphone-6.html;fairphone-6-256gb-horizon-black;;Tarifgrundpreis Monat 25–36
Bündel;Fairphone 6;256;Vodafone;netzbetreiber;Mobil XS;XS;neu;1,00;31,95;15,00;;36;0,00;36;;;2026-10-07;https://www.vodafone.de/privat/handys/fairphone-6.html;fairphone-6-256gb-horizon-black;;Tarifgrundpreis Monat 25–36
Bündel;Pixel 10;128;Vodafone;netzbetreiber;Mobil L;L;neu;1,00;61,95;16,00;;36;0,00;36;;;2026-10-07;https://www.vodafone.de/privat/handys/google-pixel-10.html;google-pixel-10-128gb-schwarz;;Tarifgrundpreis Monat 25–36
Bündel;Pixel 10;128;Vodafone;netzbetreiber;Mobil M;M;neu;1,00;51,95;16,00;;36;0,00;36;;;2026-10-07;https://www.vodafone.de/privat/handys/google-pixel-10.html;google-pixel-10-128gb-schwarz;;Tarifgrundpreis Monat 25–36
Bündel;Pixel 10;128;Vodafone;netzbetreiber;Mobil S;S;neu;1,00;41,95;16,00;;36;0,00;36;;;2026-10-07;https://www.vodafone.de/privat/handys/google-pixel-10.html;google-pixel-10-128gb-schwarz;;Tarifgrundpreis Monat 25–36
Bündel;Pixel 10;128;Vodafone;netzbetreiber;Mobil XL;XL;neu;1,00;81,95;16,00;;36;0,00;36;;;2026-10-07;https://www.vodafone.de/privat/handys/google-pixel-10.html;google-pixel-10-128gb-schwarz;;Tarifgrundpreis Monat 25–36
Bündel;Pixel 10;128;Vodafone;netzbetreiber;Mobil XS;XS;neu;1,00;31,95;16,00;;36;0,00;36;;;2026-10-07;https://www.vodafone.de/privat/handys/google-pixel-10.html;google-pixel-10-128gb-schwarz;;Tarifgrundpreis Monat 25–36
Bündel;Pixel 10 Pro;128;Vodafone;netzbetreiber;Mobil XS;XS;neu;1,00;31,95;19,00;;36;0,00;36;;;2026-09-24;https://www.vodafone.de/privat/handys/google-pixel-10-pro.html;google-pixel-10-pro-128gb-schwarz;veraltet;Tarifgrundpreis Monat 25–36
Bündel;Pixel 10 Pro XL;256;Vodafone;netzbetreiber;Mobil XS;XS;neu;1,00;31,95;23,00;;36;0,00;36;;;2026-09-06;https://www.vodafone.de/privat/handys/google-pixel-10-pro-xl.html;google-pixel-10-pro-xl-256gb-schwarz;veraltet;Tarifgrundpreis Monat 25–36
Bündel;Pixel 10a;128;Vodafone;netzbetreiber;Mobil L;L;neu;1,00;61,95;14,50;;36;0,00;36;;;2026-10-07;https://www.vodafone.de/privat/handys/google-pixel-10a.html;google-pixel-10a-128gb-berry;;Tarifgrundpreis Monat 25–36
Bündel;Pixel 10a;128;Vodafone;netzbetreiber;Mobil M;M;neu;1,00;51,95;14,50;;36;0,00;36;;;2026-10-07;https://www.vodafone.de/privat/handys/google-pixel-10a.html;google-pixel-10a-128gb-berry;;Tarifgrundpreis Monat 25–36
Bündel;Pixel 10a;128;Vodafone;netzbetreiber;Mobil S;S;neu;1,00;41,95;14,50;;36;0,00;36;;;2026-10-07;https://www.vodafone.de/privat/handys/google-pixel-10a.html;google-pixel-10a-128gb-berry;;Tarifgrundpreis Monat 25–36
Bündel;Pixel 10a;128;Vodafone;netzbetreiber;Mobil XL;XL;neu;1,00;81,95;14,50;;36;0,00;36;;;2026-10-07;https://www.vodafone.de/privat/handys/google-pixel-10a.html;google-pixel-10a-128gb-berry;;Tarifgrundpreis Monat 25–36
Bündel;Pixel 10a;128;Vodafone;netzbetreiber;Mobil XS;XS;neu;1,00;31,95;14,50;;36;0,00;36;;;2026-10-07;https://www.vodafone.de/privat/handys/google-pixel-10a.html;google-pixel-10a-128gb-berry;;Tarifgrundpreis Monat 25–36
Bündel;Pixel 10a;128;Vodafone;netzbetreiber;Mobil L;L;neu;1,00;61,95;14,50;;36;0,00;36;;;2026-10-07;https://www.vodafone.de/privat/handys/google-pixel-10a.html;google-pixel-10a-128gb-fog;;Tarifgrundpreis Monat 25–36
Bündel;Pixel 10a;128;Vodafone;netzbetreiber;Mobil M;M;neu;1,00;51,95;14,50;;36;0,00;36;;;2026-10-07;https://www.vodafone.de/privat/handys/google-pixel-10a.html;google-pixel-10a-128gb-fog;;Tarifgrundpreis Monat 25–36
Bündel;Pixel 10a;128;Vodafone;netzbetreiber;Mobil S;S;neu;1,00;41,95;14,50;;36;0,00;36;;;2026-10-07;https://www.vodafone.de/privat/handys/google-pixel-10a.html;google-pixel-10a-128gb-fog;;Tarifgrundpreis Monat 25–36
Bündel;Pixel 10a;128;Vodafone;netzbetreiber;Mobil XL;XL;neu;1,00;81,95;14,50;;36;0,00;36;;;2026-10-07;https://www.vodafone.de/privat/handys/google-pixel-10a.html;google-pixel-10a-128gb-fog;;Tarifgrundpreis Monat 25–36
Bündel;Pixel 10a;128;Vodafone;netzbetreiber;Mobil XS;XS;neu;1,00;31,95;14,50;;36;0,00;36;;;2026-10-07;https://www.vodafone.de/privat/handys/google-pixel-10a.html;google-pixel-10a-128gb-fog;;Tarifgrundpreis Monat 25–36
Bündel;Pixel 10a;128;Vodafone;netzbetreiber;Mobil L;L;neu;1,00;61,95;14,50;;36;0,00;36;;;2026-10-07;https://www.vodafone.de/privat/handys/google-pixel-10a.html;google-pixel-10a-128gb-schwarz;;Tarifgrundpreis Monat 25–36
Bündel;Pixel 10a;128;Vodafone;netzbetreiber;Mobil M;M;neu;1,00;51,95;14,50;;36;0,00;36;;;2026-10-07;https://www.vodafone.de/privat/handys/google-pixel-10a.html;google-pixel-10a-128gb-schwarz;;Tarifgrundpreis Monat 25–36
Bündel;Pixel 10a;128;Vodafone;netzbetreiber;Mobil S;S;neu;1,00;41,95;14,50;;36;0,00;36;;;2026-10-07;https://www.vodafone.de/privat/handys/google-pixel-10a.html;google-pixel-10a-128gb-schwarz;;Tarifgrundpreis Monat 25–36
Bündel;Pixel 10a;128;Vodafone;netzbetreiber;Mobil XL;XL;neu;1,00;81,95;14,50;;36;0,00;36;;;2026-10-07;https://www.vodafone.de/privat/handys/google-pixel-10a.html;google-pixel-10a-128gb-schwarz;;Tarifgrundpreis Monat 25–36
Bündel;Pixel 10a;128;Vodafone;netzbetreiber;Mobil XS;XS;neu;1,00;31,95;14,50;;36;0,00;36;;;2026-10-07;https://www.vodafone.de/privat/handys/google-pixel-10a.html;google-pixel-10a-128gb-schwarz;;Tarifgrundpreis Monat 25–36
Bündel;Pixel 10a;128;Vodafone;netzbetreiber;Mobil L;L;neu;1,00;61,95;14,50;;36;0,00;36;;;2026-10-07;https://www.vodafone.de/privat/handys/google-pixel-10a.html;google-pixel-10a-128gb-violett;;Tarifgrundpreis Monat 25–36
Bündel;Pixel 10a;128;Vodafone;netzbetreiber;Mobil M;M;neu;1,00;51,95;14,50;;36;0,00;36;;;2026-10-07;https://www.vodafone.de/privat/handys/google-pixel-10a.html;google-pixel-10a-128gb-violett;;Tarifgrundpreis Monat 25–36
Bündel;Pixel 10a;128;Vodafone;netzbetreiber;Mobil S;S;neu;1,00;41,95;14,50;;36;0,00;36;;;2026-10-07;https://www.vodafone.de/privat/handys/google-pixel-10a.html;google-pixel-10a-128gb-violett;;Tarifgrundpreis Monat 25–36
Bündel;Pixel 10a;128;Vodafone;netzbetreiber;Mobil XL;XL;neu;1,00;81,95;14,50;;36;0,00;36;;;2026-10-07;https://www.vodafone.de/privat/handys/google-pixel-10a.html;google-pixel-10a-128gb-violett;;Tarifgrundpreis Monat 25–36
Bündel;Pixel 10a;128;Vodafone;netzbetreiber;Mobil XS;XS;neu;1,00;31,95;14,50;;36;0,00;36;;;2026-10-07;https://www.vodafone.de/privat/handys/google-pixel-10a.html;google-pixel-10a-128gb-violett;;Tarifgrundpreis Monat 25–36
Bündel;Pixel 10a;256;Vodafone;netzbetreiber;Mobil L;L;neu;1,00;61,95;17,00;;36;0,00;36;;;2026-10-07;https://www.vodafone.de/privat/handys/google-pixel-10a.html;google-pixel-10a-256gb-schwarz;;Tarifgrundpreis Monat 25–36
Bündel;Pixel 10a;256;Vodafone;netzbetreiber;Mobil M;M;neu;1,00;51,95;17,00;;36;0,00;36;;;2026-10-07;https://www.vodafone.de/privat/handys/google-pixel-10a.html;google-pixel-10a-256gb-schwarz;;Tarifgrundpreis Monat 25–36
Bündel;Pixel 10a;256;Vodafone;netzbetreiber;Mobil S;S;neu;1,00;41,95;17,00;;36;0,00;36;;;2026-10-07;https://www.vodafone.de/privat/handys/google-pixel-10a.html;google-pixel-10a-256gb-schwarz;;Tarifgrundpreis Monat 25–36
Bündel;Pixel 10a;256;Vodafone;netzbetreiber;Mobil XL;XL;neu;1,00;81,95;17,00;;36;0,00;36;;;2026-10-07;https://www.vodafone.de/privat/handys/google-pixel-10a.html;google-pixel-10a-256gb-schwarz;;Tarifgrundpreis Monat 25–36
Bündel;Pixel 10a;256;Vodafone;netzbetreiber;Mobil XS;XS;neu;1,00;31,95;17,00;;36;0,00;36;;;2026-10-07;https://www.vodafone.de/privat/handys/google-pixel-10a.html;google-pixel-10a-256gb-schwarz;;Tarifgrundpreis Monat 25–36
Bündel;Pixel 11;256;Vodafone;netzbetreiber;Mobil L;L;neu;0,99;61,95;23,50;;36;0,00;36;;;2026-10-07;https://www.vodafone.de/privat/handys/google-pixel-11.html;google-pixel-11-256gb-frost;;Tarifgrundpreis Monat 25–36
Bündel;Pixel 11;256;Vodafone;netzbetreiber;Mobil M;M;neu;0,99;51,95;23,50;;36;0,00;36;;;2026-10-07;https://www.vodafone.de/privat/handys/google-pixel-11.html;google-pixel-11-256gb-frost;;Tarifgrundpreis Monat 25–36
Bündel;Pixel 11;256;Vodafone;netzbetreiber;Mobil S;S;neu;0,99;41,95;23,50;;36;0,00;36;;;2026-10-07;https://www.vodafone.de/privat/handys/google-pixel-11.html;google-pixel-11-256gb-frost;;Tarifgrundpreis Monat 25–36
Bündel;Pixel 11;256;Vodafone;netzbetreiber;Mobil XL;XL;neu;0,99;81,95;23,50;;36;0,00;36;;;2026-10-07;https://www.vodafone.de/privat/handys/google-pixel-11.html;google-pixel-11-256gb-frost;;Tarifgrundpreis Monat 25–36
Bündel;Pixel 11;256;Vodafone;netzbetreiber;Mobil XS;XS;neu;0,99;31,95;23,50;;36;0,00;36;;;2026-10-07;https://www.vodafone.de/privat/handys/google-pixel-11.html;google-pixel-11-256gb-frost;;Tarifgrundpreis Monat 25–36
Bündel;Pixel 11;256;Vodafone;netzbetreiber;Mobil L;L;neu;0,99;61,95;23,50;;36;0,00;36;;;2026-10-07;https://www.vodafone.de/privat/handys/google-pixel-11.html;google-pixel-11-256gb-hibiscus;;Tarifgrundpreis Monat 25–36
Bündel;Pixel 11;256;Vodafone;netzbetreiber;Mobil M;M;neu;0,99;51,95;23,50;;36;0,00;36;;;2026-10-07;https://www.vodafone.de/privat/handys/google-pixel-11.html;google-pixel-11-256gb-hibiscus;;Tarifgrundpreis Monat 25–36
Bündel;Pixel 11;256;Vodafone;netzbetreiber;Mobil S;S;neu;0,99;41,95;23,50;;36;0,00;36;;;2026-10-07;https://www.vodafone.de/privat/handys/google-pixel-11.html;google-pixel-11-256gb-hibiscus;;Tarifgrundpreis Monat 25–36
Bündel;Pixel 11;256;Vodafone;netzbetreiber;Mobil XL;XL;neu;0,99;81,95;23,50;;36;0,00;36;;;2026-10-07;https://www.vodafone.de/privat/handys/google-pixel-11.html;google-pixel-11-256gb-hibiscus;;Tarifgrundpreis Monat 25–36
Bündel;Pixel 11;256;Vodafone;netzbetreiber;Mobil XS;XS;neu;0,99;31,95;23,50;;36;0,00;36;;;2026-10-07;https://www.vodafone.de/privat/handys/google-pixel-11.html;google-pixel-11-256gb-hibiscus;;Tarifgrundpreis Monat 25–36
Bündel;Pixel 11;256;Vodafone;netzbetreiber;Mobil L;L;neu;0,99;61,95;23,50;;36;0,00;36;;;2026-10-07;https://www.vodafone.de/privat/handys/google-pixel-11.html;google-pixel-11-256gb-pistachio;;Tarifgrundpreis Monat 25–36
Bündel;Pixel 11;256;Vodafone;netzbetreiber;Mobil M;M;neu;0,99;51,95;23,50;;36;0,00;36;;;2026-10-07;https://www.vodafone.de/privat/handys/google-pixel-11.html;google-pixel-11-256gb-pistachio;;Tarifgrundpreis Monat 25–36
Bündel;Pixel 11;256;Vodafone;netzbetreiber;Mobil S;S;neu;0,99;41,95;23,50;;36;0,00;36;;;2026-10-07;https://www.vodafone.de/privat/handys/google-pixel-11.html;google-pixel-11-256gb-pistachio;;Tarifgrundpreis Monat 25–36
Bündel;Pixel 11;256;Vodafone;netzbetreiber;Mobil XL;XL;neu;0,99;81,95;23,50;;36;0,00;36;;;2026-10-07;https://www.vodafone.de/privat/handys/google-pixel-11.html;google-pixel-11-256gb-pistachio;;Tarifgrundpreis Monat 25–36
Bündel;Pixel 11;256;Vodafone;netzbetreiber;Mobil XS;XS;neu;0,99;31,95;23,50;;36;0,00;36;;;2026-10-07;https://www.vodafone.de/privat/handys/google-pixel-11.html;google-pixel-11-256gb-pistachio;;Tarifgrundpreis Monat 25–36
Bündel;Pixel 11;256;Vodafone;netzbetreiber;Mobil L;L;neu;0,99;61,95;23,50;;36;0,00;36;;;2026-10-07;https://www.vodafone.de/privat/handys/google-pixel-11.html;google-pixel-11-256gb-schwarz;;Tarifgrundpreis Monat 25–36
Bündel;Pixel 11;256;Vodafone;netzbetreiber;Mobil M;M;neu;0,99;51,95;23,50;;36;0,00;36;;;2026-10-07;https://www.vodafone.de/privat/handys/google-pixel-11.html;google-pixel-11-256gb-schwarz;;Tarifgrundpreis Monat 25–36
Bündel;Pixel 11;256;Vodafone;netzbetreiber;Mobil S;S;neu;0,99;41,95;23,50;;36;0,00;36;;;2026-10-07;https://www.vodafone.de/privat/handys/google-pixel-11.html;google-pixel-11-256gb-schwarz;;Tarifgrundpreis Monat 25–36
Bündel;Pixel 11;256;Vodafone;netzbetreiber;Mobil XL;XL;neu;0,99;81,95;23,50;;36;0,00;36;;;2026-10-07;https://www.vodafone.de/privat/handys/google-pixel-11.html;google-pixel-11-256gb-schwarz;;Tarifgrundpreis Monat 25–36
Bündel;Pixel 11;256;Vodafone;netzbetreiber;Mobil XS;XS;neu;0,99;31,95;23,50;;36;0,00;36;;;2026-10-07;https://www.vodafone.de/privat/handys/google-pixel-11.html;google-pixel-11-256gb-schwarz;;Tarifgrundpreis Monat 25–36
Bündel;Pixel 11;512;Vodafone;netzbetreiber;Mobil L;L;neu;1,00;61,95;27,00;;36;0,00;36;;;2026-10-07;https://www.vodafone.de/privat/handys/google-pixel-11.html;google-pixel-11-512gb-frost;;Tarifgrundpreis Monat 25–36
Bündel;Pixel 11;512;Vodafone;netzbetreiber;Mobil M;M;neu;1,00;51,95;27,00;;36;0,00;36;;;2026-10-07;https://www.vodafone.de/privat/handys/google-pixel-11.html;google-pixel-11-512gb-frost;;Tarifgrundpreis Monat 25–36
Bündel;Pixel 11;512;Vodafone;netzbetreiber;Mobil S;S;neu;1,00;41,95;27,00;;36;0,00;36;;;2026-10-07;https://www.vodafone.de/privat/handys/google-pixel-11.html;google-pixel-11-512gb-frost;;Tarifgrundpreis Monat 25–36
Bündel;Pixel 11;512;Vodafone;netzbetreiber;Mobil XL;XL;neu;1,00;81,95;27,00;;36;0,00;36;;;2026-10-07;https://www.vodafone.de/privat/handys/google-pixel-11.html;google-pixel-11-512gb-frost;;Tarifgrundpreis Monat 25–36
Bündel;Pixel 11;512;Vodafone;netzbetreiber;Mobil XS;XS;neu;1,00;31,95;27,00;;36;0,00;36;;;2026-10-07;https://www.vodafone.de/privat/handys/google-pixel-11.html;google-pixel-11-512gb-frost;;Tarifgrundpreis Monat 25–36
Bündel;Pixel 11;512;Vodafone;netzbetreiber;Mobil L;L;neu;1,00;61,95;27,00;;36;0,00;36;;;2026-10-07;https://www.vodafone.de/privat/handys/google-pixel-11.html;google-pixel-11-512gb-schwarz;;Tarifgrundpreis Monat 25–36
Bündel;Pixel 11;512;Vodafone;netzbetreiber;Mobil M;M;neu;1,00;51,95;27,00;;36;0,00;36;;;2026-10-07;https://www.vodafone.de/privat/handys/google-pixel-11.html;google-pixel-11-512gb-schwarz;;Tarifgrundpreis Monat 25–36
Bündel;Pixel 11;512;Vodafone;netzbetreiber;Mobil S;S;neu;1,00;41,95;27,00;;36;0,00;36;;;2026-10-07;https://www.vodafone.de/privat/handys/google-pixel-11.html;google-pixel-11-512gb-schwarz;;Tarifgrundpreis Monat 25–36
Bündel;Pixel 11;512;Vodafone;netzbetreiber;Mobil XL;XL;neu;1,00;81,95;27,00;;36;0,00;36;;;2026-10-07;https://www.vodafone.de/privat/handys/google-pixel-11.html;google-pixel-11-512gb-schwarz;;Tarifgrundpreis Monat 25–36
Bündel;Pixel 11;512;Vodafone;netzbetreiber;Mobil XS;XS;neu;1,00;31,95;27,00;;36;0,00;36;;;2026-10-07;https://www.vodafone.de/privat/handys/google-pixel-11.html;google-pixel-11-512gb-schwarz;;Tarifgrundpreis Monat 25–36
Bündel;Pixel 11 Pro;256;Vodafone;netzbetreiber;Mobil L;L;neu;1,00;61,95;29,50;;36;0,00;36;;;2026-10-07;https://www.vodafone.de/privat/handys/google-pixel-11-pro.html;google-pixel-11-pro-256gb-canyon;;Tarifgrundpreis Monat 25–36
Bündel;Pixel 11 Pro;256;Vodafone;netzbetreiber;Mobil M;M;neu;1,00;51,95;29,50;;36;0,00;36;;;2026-10-07;https://www.vodafone.de/privat/handys/google-pixel-11-pro.html;google-pixel-11-pro-256gb-canyon;;Tarifgrundpreis Monat 25–36
Bündel;Pixel 11 Pro;256;Vodafone;netzbetreiber;Mobil S;S;neu;1,00;41,95;29,50;;36;0,00;36;;;2026-10-07;https://www.vodafone.de/privat/handys/google-pixel-11-pro.html;google-pixel-11-pro-256gb-canyon;;Tarifgrundpreis Monat 25–36
Bündel;Pixel 11 Pro;256;Vodafone;netzbetreiber;Mobil XL;XL;neu;1,00;81,95;29,50;;36;0,00;36;;;2026-10-07;https://www.vodafone.de/privat/handys/google-pixel-11-pro.html;google-pixel-11-pro-256gb-canyon;;Tarifgrundpreis Monat 25–36
Bündel;Pixel 11 Pro;256;Vodafone;netzbetreiber;Mobil XS;XS;neu;1,00;31,95;29,50;;36;0,00;36;;;2026-10-07;https://www.vodafone.de/privat/handys/google-pixel-11-pro.html;google-pixel-11-pro-256gb-canyon;;Tarifgrundpreis Monat 25–36
Bündel;Pixel 11 Pro;256;Vodafone;netzbetreiber;Mobil L;L;neu;1,00;61,95;29,50;;36;0,00;36;;;2026-10-07;https://www.vodafone.de/privat/handys/google-pixel-11-pro.html;google-pixel-11-pro-256gb-fog;;Tarifgrundpreis Monat 25–36
Bündel;Pixel 11 Pro;256;Vodafone;netzbetreiber;Mobil M;M;neu;1,00;51,95;29,50;;36;0,00;36;;;2026-10-07;https://www.vodafone.de/privat/handys/google-pixel-11-pro.html;google-pixel-11-pro-256gb-fog;;Tarifgrundpreis Monat 25–36
Bündel;Pixel 11 Pro;256;Vodafone;netzbetreiber;Mobil S;S;neu;1,00;41,95;29,50;;36;0,00;36;;;2026-10-07;https://www.vodafone.de/privat/handys/google-pixel-11-pro.html;google-pixel-11-pro-256gb-fog;;Tarifgrundpreis Monat 25–36
Bündel;Pixel 11 Pro;256;Vodafone;netzbetreiber;Mobil XL;XL;neu;1,00;81,95;29,50;;36;0,00;36;;;2026-10-07;https://www.vodafone.de/privat/handys/google-pixel-11-pro.html;google-pixel-11-pro-256gb-fog;;Tarifgrundpreis Monat 25–36
Bündel;Pixel 11 Pro;256;Vodafone;netzbetreiber;Mobil XS;XS;neu;1,00;31,95;29,50;;36;0,00;36;;;2026-10-07;https://www.vodafone.de/privat/handys/google-pixel-11-pro.html;google-pixel-11-pro-256gb-fog;;Tarifgrundpreis Monat 25–36
Bündel;Pixel 11 Pro;256;Vodafone;netzbetreiber;Mobil L;L;neu;1,00;61,95;29,50;;36;0,00;36;;;2026-10-07;https://www.vodafone.de/privat/handys/google-pixel-11-pro.html;google-pixel-11-pro-256gb-olive;;Tarifgrundpreis Monat 25–36
Bündel;Pixel 11 Pro;256;Vodafone;netzbetreiber;Mobil M;M;neu;1,00;51,95;29,50;;36;0,00;36;;;2026-10-07;https://www.vodafone.de/privat/handys/google-pixel-11-pro.html;google-pixel-11-pro-256gb-olive;;Tarifgrundpreis Monat 25–36
Bündel;Pixel 11 Pro;256;Vodafone;netzbetreiber;Mobil S;S;neu;1,00;41,95;29,50;;36;0,00;36;;;2026-10-07;https://www.vodafone.de/privat/handys/google-pixel-11-pro.html;google-pixel-11-pro-256gb-olive;;Tarifgrundpreis Monat 25–36
Bündel;Pixel 11 Pro;256;Vodafone;netzbetreiber;Mobil XL;XL;neu;1,00;81,95;29,50;;36;0,00;36;;;2026-10-07;https://www.vodafone.de/privat/handys/google-pixel-11-pro.html;google-pixel-11-pro-256gb-olive;;Tarifgrundpreis Monat 25–36
Bündel;Pixel 11 Pro;256;Vodafone;netzbetreiber;Mobil XS;XS;neu;1,00;31,95;29,50;;36;0,00;36;;;2026-10-07;https://www.vodafone.de/privat/handys/google-pixel-11-pro.html;google-pixel-11-pro-256gb-olive;;Tarifgrundpreis Monat 25–36
Bündel;Pixel 11 Pro;256;Vodafone;netzbetreiber;Mobil L;L;neu;1,00;61,95;29,50;;36;0,00;36;;;2026-10-07;https://www.vodafone.de/privat/handys/google-pixel-11-pro.html;google-pixel-11-pro-256gb-schwarz;;Tarifgrundpreis Monat 25–36
Bündel;Pixel 11 Pro;256;Vodafone;netzbetreiber;Mobil M;M;neu;1,00;51,95;29,50;;36;0,00;36;;;2026-10-07;https://www.vodafone.de/privat/handys/google-pixel-11-pro.html;google-pixel-11-pro-256gb-schwarz;;Tarifgrundpreis Monat 25–36
Bündel;Pixel 11 Pro;256;Vodafone;netzbetreiber;Mobil S;S;neu;1,00;41,95;29,50;;36;0,00;36;;;2026-10-07;https://www.vodafone.de/privat/handys/google-pixel-11-pro.html;google-pixel-11-pro-256gb-schwarz;;Tarifgrundpreis Monat 25–36
Bündel;Pixel 11 Pro;256;Vodafone;netzbetreiber;Mobil XL;XL;neu;1,00;81,95;29,50;;36;0,00;36;;;2026-10-07;https://www.vodafone.de/privat/handys/google-pixel-11-pro.html;google-pixel-11-pro-256gb-schwarz;;Tarifgrundpreis Monat 25–36
Bündel;Pixel 11 Pro;256;Vodafone;netzbetreiber;Mobil XS;XS;neu;1,00;31,95;29,50;;36;0,00;36;;;2026-10-07;https://www.vodafone.de/privat/handys/google-pixel-11-pro.html;google-pixel-11-pro-256gb-schwarz;;Tarifgrundpreis Monat 25–36
Bündel;Pixel 11 Pro;512;Vodafone;netzbetreiber;Mobil L;L;neu;1,00;61,95;33,00;;36;0,00;36;;;2026-10-07;https://www.vodafone.de/privat/handys/google-pixel-11-pro.html;google-pixel-11-pro-512gb-canyon;;Tarifgrundpreis Monat 25–36
Bündel;Pixel 11 Pro;512;Vodafone;netzbetreiber;Mobil M;M;neu;1,00;51,95;33,00;;36;0,00;36;;;2026-10-07;https://www.vodafone.de/privat/handys/google-pixel-11-pro.html;google-pixel-11-pro-512gb-canyon;;Tarifgrundpreis Monat 25–36
Bündel;Pixel 11 Pro;512;Vodafone;netzbetreiber;Mobil S;S;neu;1,00;41,95;33,00;;36;0,00;36;;;2026-10-07;https://www.vodafone.de/privat/handys/google-pixel-11-pro.html;google-pixel-11-pro-512gb-canyon;;Tarifgrundpreis Monat 25–36
Bündel;Pixel 11 Pro;512;Vodafone;netzbetreiber;Mobil XL;XL;neu;1,00;81,95;33,00;;36;0,00;36;;;2026-10-07;https://www.vodafone.de/privat/handys/google-pixel-11-pro.html;google-pixel-11-pro-512gb-canyon;;Tarifgrundpreis Monat 25–36
Bündel;Pixel 11 Pro;512;Vodafone;netzbetreiber;Mobil XS;XS;neu;1,00;31,95;33,00;;36;0,00;36;;;2026-10-07;https://www.vodafone.de/privat/handys/google-pixel-11-pro.html;google-pixel-11-pro-512gb-canyon;;Tarifgrundpreis Monat 25–36
Bündel;Pixel 11 Pro;512;Vodafone;netzbetreiber;Mobil L;L;neu;1,00;61,95;33,00;;36;0,00;36;;;2026-10-07;https://www.vodafone.de/privat/handys/google-pixel-11-pro.html;google-pixel-11-pro-512gb-fog;;Tarifgrundpreis Monat 25–36
Bündel;Pixel 11 Pro;512;Vodafone;netzbetreiber;Mobil M;M;neu;1,00;51,95;33,00;;36;0,00;36;;;2026-10-07;https://www.vodafone.de/privat/handys/google-pixel-11-pro.html;google-pixel-11-pro-512gb-fog;;Tarifgrundpreis Monat 25–36
Bündel;Pixel 11 Pro;512;Vodafone;netzbetreiber;Mobil S;S;neu;1,00;41,95;33,00;;36;0,00;36;;;2026-10-07;https://www.vodafone.de/privat/handys/google-pixel-11-pro.html;google-pixel-11-pro-512gb-fog;;Tarifgrundpreis Monat 25–36
Bündel;Pixel 11 Pro;512;Vodafone;netzbetreiber;Mobil XL;XL;neu;1,00;81,95;33,00;;36;0,00;36;;;2026-10-07;https://www.vodafone.de/privat/handys/google-pixel-11-pro.html;google-pixel-11-pro-512gb-fog;;Tarifgrundpreis Monat 25–36
Bündel;Pixel 11 Pro;512;Vodafone;netzbetreiber;Mobil XS;XS;neu;1,00;31,95;33,00;;36;0,00;36;;;2026-10-07;https://www.vodafone.de/privat/handys/google-pixel-11-pro.html;google-pixel-11-pro-512gb-fog;;Tarifgrundpreis Monat 25–36
Bündel;Pixel 11 Pro;512;Vodafone;netzbetreiber;Mobil L;L;neu;1,00;61,95;33,00;;36;0,00;36;;;2026-10-07;https://www.vodafone.de/privat/handys/google-pixel-11-pro.html;google-pixel-11-pro-512gb-olive;;Tarifgrundpreis Monat 25–36
Bündel;Pixel 11 Pro;512;Vodafone;netzbetreiber;Mobil M;M;neu;1,00;51,95;33,00;;36;0,00;36;;;2026-10-07;https://www.vodafone.de/privat/handys/google-pixel-11-pro.html;google-pixel-11-pro-512gb-olive;;Tarifgrundpreis Monat 25–36
Bündel;Pixel 11 Pro;512;Vodafone;netzbetreiber;Mobil S;S;neu;1,00;41,95;33,00;;36;0,00;36;;;2026-10-07;https://www.vodafone.de/privat/handys/google-pixel-11-pro.html;google-pixel-11-pro-512gb-olive;;Tarifgrundpreis Monat 25–36
Bündel;Pixel 11 Pro;512;Vodafone;netzbetreiber;Mobil XL;XL;neu;1,00;81,95;33,00;;36;0,00;36;;;2026-10-07;https://www.vodafone.de/privat/handys/google-pixel-11-pro.html;google-pixel-11-pro-512gb-olive;;Tarifgrundpreis Monat 25–36
Bündel;Pixel 11 Pro;512;Vodafone;netzbetreiber;Mobil XS;XS;neu;1,00;31,95;33,00;;36;0,00;36;;;2026-10-07;https://www.vodafone.de/privat/handys/google-pixel-11-pro.html;google-pixel-11-pro-512gb-olive;;Tarifgrundpreis Monat 25–36
Bündel;Pixel 11 Pro;512;Vodafone;netzbetreiber;Mobil L;L;neu;1,00;61,95;33,00;;36;0,00;36;;;2026-10-07;https://www.vodafone.de/privat/handys/google-pixel-11-pro.html;google-pixel-11-pro-512gb-schwarz;;Tarifgrundpreis Monat 25–36
Bündel;Pixel 11 Pro;512;Vodafone;netzbetreiber;Mobil M;M;neu;1,00;51,95;33,00;;36;0,00;36;;;2026-10-07;https://www.vodafone.de/privat/handys/google-pixel-11-pro.html;google-pixel-11-pro-512gb-schwarz;;Tarifgrundpreis Monat 25–36
Bündel;Pixel 11 Pro;512;Vodafone;netzbetreiber;Mobil S;S;neu;1,00;41,95;33,00;;36;0,00;36;;;2026-10-07;https://www.vodafone.de/privat/handys/google-pixel-11-pro.html;google-pixel-11-pro-512gb-schwarz;;Tarifgrundpreis Monat 25–36
Bündel;Pixel 11 Pro;512;Vodafone;netzbetreiber;Mobil XL;XL;neu;1,00;81,95;33,00;;36;0,00;36;;;2026-10-07;https://www.vodafone.de/privat/handys/google-pixel-11-pro.html;google-pixel-11-pro-512gb-schwarz;;Tarifgrundpreis Monat 25–36
Bündel;Pixel 11 Pro;512;Vodafone;netzbetreiber;Mobil XS;XS;neu;1,00;31,95;33,00;;36;0,00;36;;;2026-10-07;https://www.vodafone.de/privat/handys/google-pixel-11-pro.html;google-pixel-11-pro-512gb-schwarz;;Tarifgrundpreis Monat 25–36
Bündel;Pixel 11 Pro Fold;256;Vodafone;netzbetreiber;Mobil L;L;neu;1,00;61,95;54,50;;36;0,00;36;;;2026-10-07;https://www.vodafone.de/privat/handys/google-pixel-11-pro-fold.html;google-pixel-11-pro-fold-256gb-schwarz;;Tarifgrundpreis Monat 25–36
Bündel;Pixel 11 Pro Fold;256;Vodafone;netzbetreiber;Mobil M;M;neu;1,00;51,95;54,50;;36;0,00;36;;;2026-10-07;https://www.vodafone.de/privat/handys/google-pixel-11-pro-fold.html;google-pixel-11-pro-fold-256gb-schwarz;;Tarifgrundpreis Monat 25–36
Bündel;Pixel 11 Pro Fold;256;Vodafone;netzbetreiber;Mobil S;S;neu;1,00;41,95;54,50;;36;0,00;36;;;2026-10-07;https://www.vodafone.de/privat/handys/google-pixel-11-pro-fold.html;google-pixel-11-pro-fold-256gb-schwarz;;Tarifgrundpreis Monat 25–36
Bündel;Pixel 11 Pro Fold;256;Vodafone;netzbetreiber;Mobil XL;XL;neu;1,00;81,95;54,50;;36;0,00;36;;;2026-10-07;https://www.vodafone.de/privat/handys/google-pixel-11-pro-fold.html;google-pixel-11-pro-fold-256gb-schwarz;;Tarifgrundpreis Monat 25–36
Bündel;Pixel 11 Pro Fold;256;Vodafone;netzbetreiber;Mobil XS;XS;neu;1,00;31,95;54,50;;36;0,00;36;;;2026-10-07;https://www.vodafone.de/privat/handys/google-pixel-11-pro-fold.html;google-pixel-11-pro-fold-256gb-schwarz;;Tarifgrundpreis Monat 25–36
Bündel;Pixel 11 Pro XL;256;Vodafone;netzbetreiber;Mobil L;L;neu;1,00;61,95;34,50;;36;0,00;36;;;2026-10-07;https://www.vodafone.de/privat/handys/google-pixel-11-pro-xl.html;google-pixel-11-pro-xl-256gb-canyon;;Tarifgrundpreis Monat 25–36
Bündel;Pixel 11 Pro XL;256;Vodafone;netzbetreiber;Mobil M;M;neu;1,00;51,95;34,50;;36;0,00;36;;;2026-10-07;https://www.vodafone.de/privat/handys/google-pixel-11-pro-xl.html;google-pixel-11-pro-xl-256gb-canyon;;Tarifgrundpreis Monat 25–36
Bündel;Pixel 11 Pro XL;256;Vodafone;netzbetreiber;Mobil S;S;neu;1,00;41,95;34,50;;36;0,00;36;;;2026-10-07;https://www.vodafone.de/privat/handys/google-pixel-11-pro-xl.html;google-pixel-11-pro-xl-256gb-canyon;;Tarifgrundpreis Monat 25–36
Bündel;Pixel 11 Pro XL;256;Vodafone;netzbetreiber;Mobil XL;XL;neu;1,00;81,95;34,50;;36;0,00;36;;;2026-10-07;https://www.vodafone.de/privat/handys/google-pixel-11-pro-xl.html;google-pixel-11-pro-xl-256gb-canyon;;Tarifgrundpreis Monat 25–36
Bündel;Pixel 11 Pro XL;256;Vodafone;netzbetreiber;Mobil XS;XS;neu;1,00;31,95;34,50;;36;0,00;36;;;2026-10-07;https://www.vodafone.de/privat/handys/google-pixel-11-pro-xl.html;google-pixel-11-pro-xl-256gb-canyon;;Tarifgrundpreis Monat 25–36
Bündel;Pixel 11 Pro XL;256;Vodafone;netzbetreiber;Mobil L;L;neu;1,00;61,95;34,50;;36;0,00;36;;;2026-10-07;https://www.vodafone.de/privat/handys/google-pixel-11-pro-xl.html;google-pixel-11-pro-xl-256gb-fog;;Tarifgrundpreis Monat 25–36
Bündel;Pixel 11 Pro XL;256;Vodafone;netzbetreiber;Mobil M;M;neu;1,00;51,95;34,50;;36;0,00;36;;;2026-10-07;https://www.vodafone.de/privat/handys/google-pixel-11-pro-xl.html;google-pixel-11-pro-xl-256gb-fog;;Tarifgrundpreis Monat 25–36
Bündel;Pixel 11 Pro XL;256;Vodafone;netzbetreiber;Mobil S;S;neu;1,00;41,95;34,50;;36;0,00;36;;;2026-10-07;https://www.vodafone.de/privat/handys/google-pixel-11-pro-xl.html;google-pixel-11-pro-xl-256gb-fog;;Tarifgrundpreis Monat 25–36
Bündel;Pixel 11 Pro XL;256;Vodafone;netzbetreiber;Mobil XL;XL;neu;1,00;81,95;34,50;;36;0,00;36;;;2026-10-07;https://www.vodafone.de/privat/handys/google-pixel-11-pro-xl.html;google-pixel-11-pro-xl-256gb-fog;;Tarifgrundpreis Monat 25–36
Bündel;Pixel 11 Pro XL;256;Vodafone;netzbetreiber;Mobil XS;XS;neu;1,00;31,95;34,50;;36;0,00;36;;;2026-10-07;https://www.vodafone.de/privat/handys/google-pixel-11-pro-xl.html;google-pixel-11-pro-xl-256gb-fog;;Tarifgrundpreis Monat 25–36
Bündel;Pixel 11 Pro XL;256;Vodafone;netzbetreiber;Mobil L;L;neu;1,00;61,95;34,50;;36;0,00;36;;;2026-10-07;https://www.vodafone.de/privat/handys/google-pixel-11-pro-xl.html;google-pixel-11-pro-xl-256gb-olive;;Tarifgrundpreis Monat 25–36
Bündel;Pixel 11 Pro XL;256;Vodafone;netzbetreiber;Mobil M;M;neu;1,00;51,95;34,50;;36;0,00;36;;;2026-10-07;https://www.vodafone.de/privat/handys/google-pixel-11-pro-xl.html;google-pixel-11-pro-xl-256gb-olive;;Tarifgrundpreis Monat 25–36
Bündel;Pixel 11 Pro XL;256;Vodafone;netzbetreiber;Mobil S;S;neu;1,00;41,95;34,50;;36;0,00;36;;;2026-10-07;https://www.vodafone.de/privat/handys/google-pixel-11-pro-xl.html;google-pixel-11-pro-xl-256gb-olive;;Tarifgrundpreis Monat 25–36
Bündel;Pixel 11 Pro XL;256;Vodafone;netzbetreiber;Mobil XL;XL;neu;1,00;81,95;34,50;;36;0,00;36;;;2026-10-07;https://www.vodafone.de/privat/handys/google-pixel-11-pro-xl.html;google-pixel-11-pro-xl-256gb-olive;;Tarifgrundpreis Monat 25–36
Bündel;Pixel 11 Pro XL;256;Vodafone;netzbetreiber;Mobil XS;XS;neu;1,00;31,95;34,50;;36;0,00;36;;;2026-10-07;https://www.vodafone.de/privat/handys/google-pixel-11-pro-xl.html;google-pixel-11-pro-xl-256gb-olive;;Tarifgrundpreis Monat 25–36
Bündel;Pixel 11 Pro XL;256;Vodafone;netzbetreiber;Mobil L;L;neu;1,00;61,95;34,50;;36;0,00;36;;;2026-10-07;https://www.vodafone.de/privat/handys/google-pixel-11-pro-xl.html;google-pixel-11-pro-xl-256gb-schwarz;;Tarifgrundpreis Monat 25–36
Bündel;Pixel 11 Pro XL;256;Vodafone;netzbetreiber;Mobil M;M;neu;1,00;51,95;34,50;;36;0,00;36;;;2026-10-07;https://www.vodafone.de/privat/handys/google-pixel-11-pro-xl.html;google-pixel-11-pro-xl-256gb-schwarz;;Tarifgrundpreis Monat 25–36
Bündel;Pixel 11 Pro XL;256;Vodafone;netzbetreiber;Mobil S;S;neu;1,00;41,95;34,50;;36;0,00;36;;;2026-10-07;https://www.vodafone.de/privat/handys/google-pixel-11-pro-xl.html;google-pixel-11-pro-xl-256gb-schwarz;;Tarifgrundpreis Monat 25–36
Bündel;Pixel 11 Pro XL;256;Vodafone;netzbetreiber;Mobil XL;XL;neu;1,00;81,95;34,50;;36;0,00;36;;;2026-10-07;https://www.vodafone.de/privat/handys/google-pixel-11-pro-xl.html;google-pixel-11-pro-xl-256gb-schwarz;;Tarifgrundpreis Monat 25–36
Bündel;Pixel 11 Pro XL;256;Vodafone;netzbetreiber;Mobil XS;XS;neu;1,00;31,95;34,50;;36;0,00;36;;;2026-10-07;https://www.vodafone.de/privat/handys/google-pixel-11-pro-xl.html;google-pixel-11-pro-xl-256gb-schwarz;;Tarifgrundpreis Monat 25–36
Bündel;Pixel 11 Pro XL;512;Vodafone;netzbetreiber;Mobil L;L;neu;1,00;61,95;38,00;;36;0,00;36;;;2026-10-07;https://www.vodafone.de/privat/handys/google-pixel-11-pro-xl.html;google-pixel-11-pro-xl-512gb-canyon;;Tarifgrundpreis Monat 25–36
Bündel;Pixel 11 Pro XL;512;Vodafone;netzbetreiber;Mobil M;M;neu;1,00;51,95;38,00;;36;0,00;36;;;2026-10-07;https://www.vodafone.de/privat/handys/google-pixel-11-pro-xl.html;google-pixel-11-pro-xl-512gb-canyon;;Tarifgrundpreis Monat 25–36
Bündel;Pixel 11 Pro XL;512;Vodafone;netzbetreiber;Mobil S;S;neu;1,00;41,95;38,00;;36;0,00;36;;;2026-10-07;https://www.vodafone.de/privat/handys/google-pixel-11-pro-xl.html;google-pixel-11-pro-xl-512gb-canyon;;Tarifgrundpreis Monat 25–36
Bündel;Pixel 11 Pro XL;512;Vodafone;netzbetreiber;Mobil XL;XL;neu;1,00;81,95;38,00;;36;0,00;36;;;2026-10-07;https://www.vodafone.de/privat/handys/google-pixel-11-pro-xl.html;google-pixel-11-pro-xl-512gb-canyon;;Tarifgrundpreis Monat 25–36
Bündel;Pixel 11 Pro XL;512;Vodafone;netzbetreiber;Mobil XS;XS;neu;1,00;31,95;38,00;;36;0,00;36;;;2026-10-07;https://www.vodafone.de/privat/handys/google-pixel-11-pro-xl.html;google-pixel-11-pro-xl-512gb-canyon;;Tarifgrundpreis Monat 25–36
Bündel;Pixel 11 Pro XL;512;Vodafone;netzbetreiber;Mobil L;L;neu;1,00;61,95;38,00;;36;0,00;36;;;2026-10-07;https://www.vodafone.de/privat/handys/google-pixel-11-pro-xl.html;google-pixel-11-pro-xl-512gb-fog;;Tarifgrundpreis Monat 25–36
Bündel;Pixel 11 Pro XL;512;Vodafone;netzbetreiber;Mobil M;M;neu;1,00;51,95;38,00;;36;0,00;36;;;2026-10-07;https://www.vodafone.de/privat/handys/google-pixel-11-pro-xl.html;google-pixel-11-pro-xl-512gb-fog;;Tarifgrundpreis Monat 25–36
Bündel;Pixel 11 Pro XL;512;Vodafone;netzbetreiber;Mobil S;S;neu;1,00;41,95;38,00;;36;0,00;36;;;2026-10-07;https://www.vodafone.de/privat/handys/google-pixel-11-pro-xl.html;google-pixel-11-pro-xl-512gb-fog;;Tarifgrundpreis Monat 25–36
Bündel;Pixel 11 Pro XL;512;Vodafone;netzbetreiber;Mobil XL;XL;neu;1,00;81,95;38,00;;36;0,00;36;;;2026-10-07;https://www.vodafone.de/privat/handys/google-pixel-11-pro-xl.html;google-pixel-11-pro-xl-512gb-fog;;Tarifgrundpreis Monat 25–36
Bündel;Pixel 11 Pro XL;512;Vodafone;netzbetreiber;Mobil XS;XS;neu;1,00;31,95;38,00;;36;0,00;36;;;2026-10-07;https://www.vodafone.de/privat/handys/google-pixel-11-pro-xl.html;google-pixel-11-pro-xl-512gb-fog;;Tarifgrundpreis Monat 25–36
Bündel;Pixel 11 Pro XL;512;Vodafone;netzbetreiber;Mobil L;L;neu;1,00;61,95;38,00;;36;0,00;36;;;2026-10-07;https://www.vodafone.de/privat/handys/google-pixel-11-pro-xl.html;google-pixel-11-pro-xl-512gb-olive;;Tarifgrundpreis Monat 25–36
Bündel;Pixel 11 Pro XL;512;Vodafone;netzbetreiber;Mobil M;M;neu;1,00;51,95;38,00;;36;0,00;36;;;2026-10-07;https://www.vodafone.de/privat/handys/google-pixel-11-pro-xl.html;google-pixel-11-pro-xl-512gb-olive;;Tarifgrundpreis Monat 25–36
Bündel;Pixel 11 Pro XL;512;Vodafone;netzbetreiber;Mobil S;S;neu;1,00;41,95;38,00;;36;0,00;36;;;2026-10-07;https://www.vodafone.de/privat/handys/google-pixel-11-pro-xl.html;google-pixel-11-pro-xl-512gb-olive;;Tarifgrundpreis Monat 25–36
Bündel;Pixel 11 Pro XL;512;Vodafone;netzbetreiber;Mobil XL;XL;neu;1,00;81,95;38,00;;36;0,00;36;;;2026-10-07;https://www.vodafone.de/privat/handys/google-pixel-11-pro-xl.html;google-pixel-11-pro-xl-512gb-olive;;Tarifgrundpreis Monat 25–36
Bündel;Pixel 11 Pro XL;512;Vodafone;netzbetreiber;Mobil XS;XS;neu;1,00;31,95;38,00;;36;0,00;36;;;2026-10-07;https://www.vodafone.de/privat/handys/google-pixel-11-pro-xl.html;google-pixel-11-pro-xl-512gb-olive;;Tarifgrundpreis Monat 25–36
Bündel;Pixel 11 Pro XL;512;Vodafone;netzbetreiber;Mobil L;L;neu;1,00;61,95;38,00;;36;0,00;36;;;2026-10-07;https://www.vodafone.de/privat/handys/google-pixel-11-pro-xl.html;google-pixel-11-pro-xl-512gb-schwarz;;Tarifgrundpreis Monat 25–36
Bündel;Pixel 11 Pro XL;512;Vodafone;netzbetreiber;Mobil M;M;neu;1,00;51,95;38,00;;36;0,00;36;;;2026-10-07;https://www.vodafone.de/privat/handys/google-pixel-11-pro-xl.html;google-pixel-11-pro-xl-512gb-schwarz;;Tarifgrundpreis Monat 25–36
Bündel;Pixel 11 Pro XL;512;Vodafone;netzbetreiber;Mobil S;S;neu;1,00;41,95;38,00;;36;0,00;36;;;2026-10-07;https://www.vodafone.de/privat/handys/google-pixel-11-pro-xl.html;google-pixel-11-pro-xl-512gb-schwarz;;Tarifgrundpreis Monat 25–36
Bündel;Pixel 11 Pro XL;512;Vodafone;netzbetreiber;Mobil XL;XL;neu;1,00;81,95;38,00;;36;0,00;36;;;2026-10-07;https://www.vodafone.de/privat/handys/google-pixel-11-pro-xl.html;google-pixel-11-pro-xl-512gb-schwarz;;Tarifgrundpreis Monat 25–36
Bündel;Pixel 11 Pro XL;512;Vodafone;netzbetreiber;Mobil XS;XS;neu;1,00;31,95;38,00;;36;0,00;36;;;2026-10-07;https://www.vodafone.de/privat/handys/google-pixel-11-pro-xl.html;google-pixel-11-pro-xl-512gb-schwarz;;Tarifgrundpreis Monat 25–36
Bündel;Galaxy A17;128;Vodafone;netzbetreiber;Mobil L;L;neu;1,00;61,95;5,50;;36;0,00;36;;;2026-10-07;https://www.vodafone.de/privat/handys/samsung-galaxy-a17-5g.html;samsung-galaxy-a17-128gb-blau;;Tarifgrundpreis Monat 25–36
Bündel;Galaxy A17;128;Vodafone;netzbetreiber;Mobil M;M;neu;1,00;51,95;5,50;;36;0,00;36;;;2026-10-07;https://www.vodafone.de/privat/handys/samsung-galaxy-a17-5g.html;samsung-galaxy-a17-128gb-blau;;Tarifgrundpreis Monat 25–36
Bündel;Galaxy A17;128;Vodafone;netzbetreiber;Mobil S;S;neu;1,00;41,95;5,50;;36;0,00;36;;;2026-10-07;https://www.vodafone.de/privat/handys/samsung-galaxy-a17-5g.html;samsung-galaxy-a17-128gb-blau;;Tarifgrundpreis Monat 25–36
Bündel;Galaxy A17;128;Vodafone;netzbetreiber;Mobil XL;XL;neu;1,00;81,95;5,50;;36;0,00;36;;;2026-10-07;https://www.vodafone.de/privat/handys/samsung-galaxy-a17-5g.html;samsung-galaxy-a17-128gb-blau;;Tarifgrundpreis Monat 25–36
Bündel;Galaxy A17;128;Vodafone;netzbetreiber;Mobil XS;XS;neu;1,00;31,95;5,50;;36;0,00;36;;;2026-10-07;https://www.vodafone.de/privat/handys/samsung-galaxy-a17-5g.html;samsung-galaxy-a17-128gb-blau;;Tarifgrundpreis Monat 25–36
Bündel;Galaxy A17;128;Vodafone;netzbetreiber;Mobil L;L;neu;1,00;61,95;5,50;;36;0,00;36;;;2026-10-07;https://www.vodafone.de/privat/handys/samsung-galaxy-a17-5g.html;samsung-galaxy-a17-128gb-schwarz;;Tarifgrundpreis Monat 25–36
Bündel;Galaxy A17;128;Vodafone;netzbetreiber;Mobil M;M;neu;1,00;51,95;5,50;;36;0,00;36;;;2026-10-07;https://www.vodafone.de/privat/handys/samsung-galaxy-a17-5g.html;samsung-galaxy-a17-128gb-schwarz;;Tarifgrundpreis Monat 25–36
Bündel;Galaxy A17;128;Vodafone;netzbetreiber;Mobil S;S;neu;1,00;41,95;5,50;;36;0,00;36;;;2026-10-07;https://www.vodafone.de/privat/handys/samsung-galaxy-a17-5g.html;samsung-galaxy-a17-128gb-schwarz;;Tarifgrundpreis Monat 25–36
Bündel;Galaxy A17;128;Vodafone;netzbetreiber;Mobil XL;XL;neu;1,00;81,95;5,50;;36;0,00;36;;;2026-10-07;https://www.vodafone.de/privat/handys/samsung-galaxy-a17-5g.html;samsung-galaxy-a17-128gb-schwarz;;Tarifgrundpreis Monat 25–36
Bündel;Galaxy A17;128;Vodafone;netzbetreiber;Mobil XS;XS;neu;1,00;31,95;5,50;;36;0,00;36;;;2026-10-07;https://www.vodafone.de/privat/handys/samsung-galaxy-a17-5g.html;samsung-galaxy-a17-128gb-schwarz;;Tarifgrundpreis Monat 25–36
Bündel;Galaxy A37;128;Vodafone;netzbetreiber;Mobil L;L;neu;1,00;61,95;10,00;;36;0,00;36;;;2026-10-07;https://www.vodafone.de/privat/handys/samsung-galaxy-a37-5g.html;samsung-galaxy-a37-128gb-awesome-charcoal;;Tarifgrundpreis Monat 25–36
Bündel;Galaxy A37;128;Vodafone;netzbetreiber;Mobil M;M;neu;1,00;51,95;10,00;;36;0,00;36;;;2026-10-07;https://www.vodafone.de/privat/handys/samsung-galaxy-a37-5g.html;samsung-galaxy-a37-128gb-awesome-charcoal;;Tarifgrundpreis Monat 25–36
Bündel;Galaxy A37;128;Vodafone;netzbetreiber;Mobil S;S;neu;1,00;41,95;10,00;;36;0,00;36;;;2026-10-07;https://www.vodafone.de/privat/handys/samsung-galaxy-a37-5g.html;samsung-galaxy-a37-128gb-awesome-charcoal;;Tarifgrundpreis Monat 25–36
Bündel;Galaxy A37;128;Vodafone;netzbetreiber;Mobil XL;XL;neu;1,00;81,95;10,00;;36;0,00;36;;;2026-10-07;https://www.vodafone.de/privat/handys/samsung-galaxy-a37-5g.html;samsung-galaxy-a37-128gb-awesome-charcoal;;Tarifgrundpreis Monat 25–36
Bündel;Galaxy A37;128;Vodafone;netzbetreiber;Mobil XS;XS;neu;1,00;31,95;10,00;;36;0,00;36;;;2026-10-07;https://www.vodafone.de/privat/handys/samsung-galaxy-a37-5g.html;samsung-galaxy-a37-128gb-awesome-charcoal;;Tarifgrundpreis Monat 25–36
Bündel;Galaxy A57;256;Vodafone;netzbetreiber;Mobil L;L;neu;1,00;61,95;10,50;;36;0,00;36;;;2026-10-07;https://www.vodafone.de/privat/handys/samsung-galaxy-a57-5g.html;samsung-galaxy-a57-256gb-awesome-gray;;Tarifgrundpreis Monat 25–36
Bündel;Galaxy A57;256;Vodafone;netzbetreiber;Mobil M;M;neu;1,00;51,95;10,50;;36;0,00;36;;;2026-10-07;https://www.vodafone.de/privat/handys/samsung-galaxy-a57-5g.html;samsung-galaxy-a57-256gb-awesome-gray;;Tarifgrundpreis Monat 25–36
Bündel;Galaxy A57;256;Vodafone;netzbetreiber;Mobil S;S;neu;1,00;41,95;10,50;;36;0,00;36;;;2026-10-07;https://www.vodafone.de/privat/handys/samsung-galaxy-a57-5g.html;samsung-galaxy-a57-256gb-awesome-gray;;Tarifgrundpreis Monat 25–36
Bündel;Galaxy A57;256;Vodafone;netzbetreiber;Mobil XL;XL;neu;1,00;81,95;10,50;;36;0,00;36;;;2026-10-07;https://www.vodafone.de/privat/handys/samsung-galaxy-a57-5g.html;samsung-galaxy-a57-256gb-awesome-gray;;Tarifgrundpreis Monat 25–36
Bündel;Galaxy A57;256;Vodafone;netzbetreiber;Mobil XS;XS;neu;1,00;31,95;10,50;;36;0,00;36;;;2026-10-07;https://www.vodafone.de/privat/handys/samsung-galaxy-a57-5g.html;samsung-galaxy-a57-256gb-awesome-gray;;Tarifgrundpreis Monat 25–36
Bündel;Galaxy A57;256;Vodafone;netzbetreiber;Mobil L;L;neu;1,00;61,95;10,50;;36;0,00;36;;;2026-10-07;https://www.vodafone.de/privat/handys/samsung-galaxy-a57-5g.html;samsung-galaxy-a57-256gb-awesome-navy;;Tarifgrundpreis Monat 25–36
Bündel;Galaxy A57;256;Vodafone;netzbetreiber;Mobil M;M;neu;1,00;51,95;10,50;;36;0,00;36;;;2026-10-07;https://www.vodafone.de/privat/handys/samsung-galaxy-a57-5g.html;samsung-galaxy-a57-256gb-awesome-navy;;Tarifgrundpreis Monat 25–36
Bündel;Galaxy A57;256;Vodafone;netzbetreiber;Mobil S;S;neu;1,00;41,95;10,50;;36;0,00;36;;;2026-10-07;https://www.vodafone.de/privat/handys/samsung-galaxy-a57-5g.html;samsung-galaxy-a57-256gb-awesome-navy;;Tarifgrundpreis Monat 25–36
Bündel;Galaxy A57;256;Vodafone;netzbetreiber;Mobil XL;XL;neu;1,00;81,95;10,50;;36;0,00;36;;;2026-10-07;https://www.vodafone.de/privat/handys/samsung-galaxy-a57-5g.html;samsung-galaxy-a57-256gb-awesome-navy;;Tarifgrundpreis Monat 25–36
Bündel;Galaxy A57;256;Vodafone;netzbetreiber;Mobil XS;XS;neu;1,00;31,95;10,50;;36;0,00;36;;;2026-10-07;https://www.vodafone.de/privat/handys/samsung-galaxy-a57-5g.html;samsung-galaxy-a57-256gb-awesome-navy;;Tarifgrundpreis Monat 25–36
Bündel;Galaxy S25;128;Vodafone;netzbetreiber;Mobil L;L;neu;0,99;61,95;21,00;;36;0,00;36;;;2026-10-07;https://www.vodafone.de/privat/handys/samsung-galaxy-s25.html;samsung-galaxy-s25-128gb-blau;;Tarifgrundpreis Monat 25–36
Bündel;Galaxy S25;128;Vodafone;netzbetreiber;Mobil M;M;neu;0,99;51,95;21,00;;36;0,00;36;;;2026-10-07;https://www.vodafone.de/privat/handys/samsung-galaxy-s25.html;samsung-galaxy-s25-128gb-blau;;Tarifgrundpreis Monat 25–36
Bündel;Galaxy S25;128;Vodafone;netzbetreiber;Mobil S;S;neu;0,99;41,95;21,00;;36;0,00;36;;;2026-10-07;https://www.vodafone.de/privat/handys/samsung-galaxy-s25.html;samsung-galaxy-s25-128gb-blau;;Tarifgrundpreis Monat 25–36
Bündel;Galaxy S25;128;Vodafone;netzbetreiber;Mobil XL;XL;neu;0,99;81,95;21,00;;36;0,00;36;;;2026-10-07;https://www.vodafone.de/privat/handys/samsung-galaxy-s25.html;samsung-galaxy-s25-128gb-blau;;Tarifgrundpreis Monat 25–36
Bündel;Galaxy S25;128;Vodafone;netzbetreiber;Mobil XS;XS;neu;0,99;31,95;21,00;;36;0,00;36;;;2026-10-07;https://www.vodafone.de/privat/handys/samsung-galaxy-s25.html;samsung-galaxy-s25-128gb-blau;;Tarifgrundpreis Monat 25–36
Bündel;Galaxy S25 FE;128;Vodafone;netzbetreiber;Mobil L;L;neu;1,00;61,95;18,50;;36;0,00;36;;;2026-10-07;https://www.vodafone.de/privat/handys/samsung-galaxy-s25-fe.html;samsung-galaxy-s25-fe-128gb-blau;;Tarifgrundpreis Monat 25–36
Bündel;Galaxy S25 FE;128;Vodafone;netzbetreiber;Mobil M;M;neu;1,00;51,95;18,50;;36;0,00;36;;;2026-10-07;https://www.vodafone.de/privat/handys/samsung-galaxy-s25-fe.html;samsung-galaxy-s25-fe-128gb-blau;;Tarifgrundpreis Monat 25–36
Bündel;Galaxy S25 FE;128;Vodafone;netzbetreiber;Mobil S;S;neu;1,00;41,95;18,50;;36;0,00;36;;;2026-10-07;https://www.vodafone.de/privat/handys/samsung-galaxy-s25-fe.html;samsung-galaxy-s25-fe-128gb-blau;;Tarifgrundpreis Monat 25–36
Bündel;Galaxy S25 FE;128;Vodafone;netzbetreiber;Mobil XL;XL;neu;1,00;81,95;18,50;;36;0,00;36;;;2026-10-07;https://www.vodafone.de/privat/handys/samsung-galaxy-s25-fe.html;samsung-galaxy-s25-fe-128gb-blau;;Tarifgrundpreis Monat 25–36
Bündel;Galaxy S25 FE;128;Vodafone;netzbetreiber;Mobil XS;XS;neu;1,00;31,95;18,50;;36;0,00;36;;;2026-10-07;https://www.vodafone.de/privat/handys/samsung-galaxy-s25-fe.html;samsung-galaxy-s25-fe-128gb-blau;;Tarifgrundpreis Monat 25–36
Bündel;Galaxy S25 FE;128;Vodafone;netzbetreiber;Mobil L;L;neu;1,00;61,95;18,50;;36;0,00;36;;;2026-10-07;https://www.vodafone.de/privat/handys/samsung-galaxy-s25-fe.html;samsung-galaxy-s25-fe-128gb-jetblack;;Tarifgrundpreis Monat 25–36
Bündel;Galaxy S25 FE;128;Vodafone;netzbetreiber;Mobil M;M;neu;1,00;51,95;18,50;;36;0,00;36;;;2026-10-07;https://www.vodafone.de/privat/handys/samsung-galaxy-s25-fe.html;samsung-galaxy-s25-fe-128gb-jetblack;;Tarifgrundpreis Monat 25–36
Bündel;Galaxy S25 FE;128;Vodafone;netzbetreiber;Mobil S;S;neu;1,00;41,95;18,50;;36;0,00;36;;;2026-10-07;https://www.vodafone.de/privat/handys/samsung-galaxy-s25-fe.html;samsung-galaxy-s25-fe-128gb-jetblack;;Tarifgrundpreis Monat 25–36
Bündel;Galaxy S25 FE;128;Vodafone;netzbetreiber;Mobil XL;XL;neu;1,00;81,95;18,50;;36;0,00;36;;;2026-10-07;https://www.vodafone.de/privat/handys/samsung-galaxy-s25-fe.html;samsung-galaxy-s25-fe-128gb-jetblack;;Tarifgrundpreis Monat 25–36
Bündel;Galaxy S25 FE;128;Vodafone;netzbetreiber;Mobil XS;XS;neu;1,00;31,95;18,50;;36;0,00;36;;;2026-10-07;https://www.vodafone.de/privat/handys/samsung-galaxy-s25-fe.html;samsung-galaxy-s25-fe-128gb-jetblack;;Tarifgrundpreis Monat 25–36
Bündel;Galaxy S26;256;Vodafone;netzbetreiber;Mobil L;L;neu;0,99;61,95;21,00;;36;0,00;36;;;2026-10-07;https://www.vodafone.de/privat/handys/samsung-galaxy-s26.html;samsung-galaxy-s26-256gb-cobalt-violet;;Tarifgrundpreis Monat 25–36
Bündel;Galaxy S26;256;Vodafone;netzbetreiber;Mobil M;M;neu;0,99;51,95;21,00;;36;0,00;36;;;2026-10-07;https://www.vodafone.de/privat/handys/samsung-galaxy-s26.html;samsung-galaxy-s26-256gb-cobalt-violet;;Tarifgrundpreis Monat 25–36
Bündel;Galaxy S26;256;Vodafone;netzbetreiber;Mobil S;S;neu;0,99;41,95;21,00;;36;0,00;36;;;2026-10-07;https://www.vodafone.de/privat/handys/samsung-galaxy-s26.html;samsung-galaxy-s26-256gb-cobalt-violet;;Tarifgrundpreis Monat 25–36
Bündel;Galaxy S26;256;Vodafone;netzbetreiber;Mobil XL;XL;neu;0,99;81,95;21,00;;36;0,00;36;;;2026-10-07;https://www.vodafone.de/privat/handys/samsung-galaxy-s26.html;samsung-galaxy-s26-256gb-cobalt-violet;;Tarifgrundpreis Monat 25–36
Bündel;Galaxy S26;256;Vodafone;netzbetreiber;Mobil XS;XS;neu;0,99;31,95;21,00;;36;0,00;36;;;2026-10-07;https://www.vodafone.de/privat/handys/samsung-galaxy-s26.html;samsung-galaxy-s26-256gb-cobalt-violet;;Tarifgrundpreis Monat 25–36
Bündel;Galaxy S26;256;Vodafone;netzbetreiber;Mobil L;L;neu;0,99;61,95;21,00;;36;0,00;36;;;2026-10-07;https://www.vodafone.de/privat/handys/samsung-galaxy-s26.html;samsung-galaxy-s26-256gb-schwarz;;Tarifgrundpreis Monat 25–36
Bündel;Galaxy S26;256;Vodafone;netzbetreiber;Mobil M;M;neu;0,99;51,95;21,00;;36;0,00;36;;;2026-10-07;https://www.vodafone.de/privat/handys/samsung-galaxy-s26.html;samsung-galaxy-s26-256gb-schwarz;;Tarifgrundpreis Monat 25–36
Bündel;Galaxy S26;256;Vodafone;netzbetreiber;Mobil S;S;neu;0,99;41,95;21,00;;36;0,00;36;;;2026-10-07;https://www.vodafone.de/privat/handys/samsung-galaxy-s26.html;samsung-galaxy-s26-256gb-schwarz;;Tarifgrundpreis Monat 25–36
Bündel;Galaxy S26;256;Vodafone;netzbetreiber;Mobil XL;XL;neu;0,99;81,95;21,00;;36;0,00;36;;;2026-10-07;https://www.vodafone.de/privat/handys/samsung-galaxy-s26.html;samsung-galaxy-s26-256gb-schwarz;;Tarifgrundpreis Monat 25–36
Bündel;Galaxy S26;256;Vodafone;netzbetreiber;Mobil XS;XS;neu;0,99;31,95;21,00;;36;0,00;36;;;2026-10-07;https://www.vodafone.de/privat/handys/samsung-galaxy-s26.html;samsung-galaxy-s26-256gb-schwarz;;Tarifgrundpreis Monat 25–36
Bündel;Galaxy S26;256;Vodafone;netzbetreiber;Mobil L;L;neu;0,99;61,95;21,00;;36;0,00;36;;;2026-10-07;https://www.vodafone.de/privat/handys/samsung-galaxy-s26.html;samsung-galaxy-s26-256gb-sky-blue;;Tarifgrundpreis Monat 25–36
Bündel;Galaxy S26;256;Vodafone;netzbetreiber;Mobil M;M;neu;0,99;51,95;21,00;;36;0,00;36;;;2026-10-07;https://www.vodafone.de/privat/handys/samsung-galaxy-s26.html;samsung-galaxy-s26-256gb-sky-blue;;Tarifgrundpreis Monat 25–36
Bündel;Galaxy S26;256;Vodafone;netzbetreiber;Mobil S;S;neu;0,99;41,95;21,00;;36;0,00;36;;;2026-10-07;https://www.vodafone.de/privat/handys/samsung-galaxy-s26.html;samsung-galaxy-s26-256gb-sky-blue;;Tarifgrundpreis Monat 25–36
Bündel;Galaxy S26;256;Vodafone;netzbetreiber;Mobil XL;XL;neu;0,99;81,95;21,00;;36;0,00;36;;;2026-10-07;https://www.vodafone.de/privat/handys/samsung-galaxy-s26.html;samsung-galaxy-s26-256gb-sky-blue;;Tarifgrundpreis Monat 25–36
Bündel;Galaxy S26;256;Vodafone;netzbetreiber;Mobil XS;XS;neu;0,99;31,95;21,00;;36;0,00;36;;;2026-10-07;https://www.vodafone.de/privat/handys/samsung-galaxy-s26.html;samsung-galaxy-s26-256gb-sky-blue;;Tarifgrundpreis Monat 25–36
Bündel;Galaxy S26;256;Vodafone;netzbetreiber;Mobil L;L;neu;0,99;61,95;21,00;;36;0,00;36;;;2026-10-07;https://www.vodafone.de/privat/handys/samsung-galaxy-s26.html;samsung-galaxy-s26-256gb-weiss;;Tarifgrundpreis Monat 25–36
Bündel;Galaxy S26;256;Vodafone;netzbetreiber;Mobil M;M;neu;0,99;51,95;21,00;;36;0,00;36;;;2026-10-07;https://www.vodafone.de/privat/handys/samsung-galaxy-s26.html;samsung-galaxy-s26-256gb-weiss;;Tarifgrundpreis Monat 25–36
Bündel;Galaxy S26;256;Vodafone;netzbetreiber;Mobil S;S;neu;0,99;41,95;21,00;;36;0,00;36;;;2026-10-07;https://www.vodafone.de/privat/handys/samsung-galaxy-s26.html;samsung-galaxy-s26-256gb-weiss;;Tarifgrundpreis Monat 25–36
Bündel;Galaxy S26;256;Vodafone;netzbetreiber;Mobil XL;XL;neu;0,99;81,95;21,00;;36;0,00;36;;;2026-10-07;https://www.vodafone.de/privat/handys/samsung-galaxy-s26.html;samsung-galaxy-s26-256gb-weiss;;Tarifgrundpreis Monat 25–36
Bündel;Galaxy S26;256;Vodafone;netzbetreiber;Mobil XS;XS;neu;0,99;31,95;21,00;;36;0,00;36;;;2026-10-07;https://www.vodafone.de/privat/handys/samsung-galaxy-s26.html;samsung-galaxy-s26-256gb-weiss;;Tarifgrundpreis Monat 25–36
Bündel;Galaxy S26;512;Vodafone;netzbetreiber;Mobil L;L;neu;0,99;61,95;26,00;;36;0,00;36;;;2026-10-07;https://www.vodafone.de/privat/handys/samsung-galaxy-s26.html;samsung-galaxy-s26-512gb-cobalt-violet;;Tarifgrundpreis Monat 25–36
Bündel;Galaxy S26;512;Vodafone;netzbetreiber;Mobil M;M;neu;0,99;51,95;26,00;;36;0,00;36;;;2026-10-07;https://www.vodafone.de/privat/handys/samsung-galaxy-s26.html;samsung-galaxy-s26-512gb-cobalt-violet;;Tarifgrundpreis Monat 25–36
Bündel;Galaxy S26;512;Vodafone;netzbetreiber;Mobil S;S;neu;0,99;41,95;26,00;;36;0,00;36;;;2026-10-07;https://www.vodafone.de/privat/handys/samsung-galaxy-s26.html;samsung-galaxy-s26-512gb-cobalt-violet;;Tarifgrundpreis Monat 25–36
Bündel;Galaxy S26;512;Vodafone;netzbetreiber;Mobil XL;XL;neu;0,99;81,95;26,00;;36;0,00;36;;;2026-10-07;https://www.vodafone.de/privat/handys/samsung-galaxy-s26.html;samsung-galaxy-s26-512gb-cobalt-violet;;Tarifgrundpreis Monat 25–36
Bündel;Galaxy S26;512;Vodafone;netzbetreiber;Mobil XS;XS;neu;0,99;31,95;26,00;;36;0,00;36;;;2026-10-07;https://www.vodafone.de/privat/handys/samsung-galaxy-s26.html;samsung-galaxy-s26-512gb-cobalt-violet;;Tarifgrundpreis Monat 25–36
Bündel;Galaxy S26;512;Vodafone;netzbetreiber;Mobil L;L;neu;0,99;61,95;26,00;;36;0,00;36;;;2026-10-07;https://www.vodafone.de/privat/handys/samsung-galaxy-s26.html;samsung-galaxy-s26-512gb-schwarz;;Tarifgrundpreis Monat 25–36
Bündel;Galaxy S26;512;Vodafone;netzbetreiber;Mobil M;M;neu;0,99;51,95;26,00;;36;0,00;36;;;2026-10-07;https://www.vodafone.de/privat/handys/samsung-galaxy-s26.html;samsung-galaxy-s26-512gb-schwarz;;Tarifgrundpreis Monat 25–36
Bündel;Galaxy S26;512;Vodafone;netzbetreiber;Mobil S;S;neu;0,99;41,95;26,00;;36;0,00;36;;;2026-10-07;https://www.vodafone.de/privat/handys/samsung-galaxy-s26.html;samsung-galaxy-s26-512gb-schwarz;;Tarifgrundpreis Monat 25–36
Bündel;Galaxy S26;512;Vodafone;netzbetreiber;Mobil XL;XL;neu;0,99;81,95;26,00;;36;0,00;36;;;2026-10-07;https://www.vodafone.de/privat/handys/samsung-galaxy-s26.html;samsung-galaxy-s26-512gb-schwarz;;Tarifgrundpreis Monat 25–36
Bündel;Galaxy S26;512;Vodafone;netzbetreiber;Mobil XS;XS;neu;0,99;31,95;26,00;;36;0,00;36;;;2026-10-07;https://www.vodafone.de/privat/handys/samsung-galaxy-s26.html;samsung-galaxy-s26-512gb-schwarz;;Tarifgrundpreis Monat 25–36
Bündel;Galaxy S26;512;Vodafone;netzbetreiber;Mobil L;L;neu;0,99;61,95;26,00;;36;0,00;36;;;2026-10-07;https://www.vodafone.de/privat/handys/samsung-galaxy-s26.html;samsung-galaxy-s26-512gb-sky-blue;;Tarifgrundpreis Monat 25–36
Bündel;Galaxy S26;512;Vodafone;netzbetreiber;Mobil M;M;neu;0,99;51,95;26,00;;36;0,00;36;;;2026-10-07;https://www.vodafone.de/privat/handys/samsung-galaxy-s26.html;samsung-galaxy-s26-512gb-sky-blue;;Tarifgrundpreis Monat 25–36
Bündel;Galaxy S26;512;Vodafone;netzbetreiber;Mobil S;S;neu;0,99;41,95;26,00;;36;0,00;36;;;2026-10-07;https://www.vodafone.de/privat/handys/samsung-galaxy-s26.html;samsung-galaxy-s26-512gb-sky-blue;;Tarifgrundpreis Monat 25–36
Bündel;Galaxy S26;512;Vodafone;netzbetreiber;Mobil XL;XL;neu;0,99;81,95;26,00;;36;0,00;36;;;2026-10-07;https://www.vodafone.de/privat/handys/samsung-galaxy-s26.html;samsung-galaxy-s26-512gb-sky-blue;;Tarifgrundpreis Monat 25–36
Bündel;Galaxy S26;512;Vodafone;netzbetreiber;Mobil XS;XS;neu;0,99;31,95;26,00;;36;0,00;36;;;2026-10-07;https://www.vodafone.de/privat/handys/samsung-galaxy-s26.html;samsung-galaxy-s26-512gb-sky-blue;;Tarifgrundpreis Monat 25–36
Bündel;Galaxy S26;512;Vodafone;netzbetreiber;Mobil L;L;neu;0,99;61,95;26,00;;36;0,00;36;;;2026-10-07;https://www.vodafone.de/privat/handys/samsung-galaxy-s26.html;samsung-galaxy-s26-512gb-weiss;;Tarifgrundpreis Monat 25–36
Bündel;Galaxy S26;512;Vodafone;netzbetreiber;Mobil M;M;neu;0,99;51,95;26,00;;36;0,00;36;;;2026-10-07;https://www.vodafone.de/privat/handys/samsung-galaxy-s26.html;samsung-galaxy-s26-512gb-weiss;;Tarifgrundpreis Monat 25–36
Bündel;Galaxy S26;512;Vodafone;netzbetreiber;Mobil S;S;neu;0,99;41,95;26,00;;36;0,00;36;;;2026-10-07;https://www.vodafone.de/privat/handys/samsung-galaxy-s26.html;samsung-galaxy-s26-512gb-weiss;;Tarifgrundpreis Monat 25–36
Bündel;Galaxy S26;512;Vodafone;netzbetreiber;Mobil XL;XL;neu;0,99;81,95;26,00;;36;0,00;36;;;2026-10-07;https://www.vodafone.de/privat/handys/samsung-galaxy-s26.html;samsung-galaxy-s26-512gb-weiss;;Tarifgrundpreis Monat 25–36
Bündel;Galaxy S26;512;Vodafone;netzbetreiber;Mobil XS;XS;neu;0,99;31,95;26,00;;36;0,00;36;;;2026-10-07;https://www.vodafone.de/privat/handys/samsung-galaxy-s26.html;samsung-galaxy-s26-512gb-weiss;;Tarifgrundpreis Monat 25–36
Bündel;Galaxy S26 FE;128;Vodafone;netzbetreiber;Mobil L;L;neu;1,00;61,95;19,00;;36;0,00;36;;;2026-10-07;https://www.vodafone.de/privat/handys/samsung-galaxy-s26-fe.html;samsung-galaxy-s26-fe-128gb-grau;;Tarifgrundpreis Monat 25–36
Bündel;Galaxy S26 FE;128;Vodafone;netzbetreiber;Mobil M;M;neu;1,00;51,95;19,00;;36;0,00;36;;;2026-10-07;https://www.vodafone.de/privat/handys/samsung-galaxy-s26-fe.html;samsung-galaxy-s26-fe-128gb-grau;;Tarifgrundpreis Monat 25–36
Bündel;Galaxy S26 FE;128;Vodafone;netzbetreiber;Mobil S;S;neu;1,00;41,95;19,00;;36;0,00;36;;;2026-10-07;https://www.vodafone.de/privat/handys/samsung-galaxy-s26-fe.html;samsung-galaxy-s26-fe-128gb-grau;;Tarifgrundpreis Monat 25–36
Bündel;Galaxy S26 FE;128;Vodafone;netzbetreiber;Mobil XL;XL;neu;1,00;81,95;19,00;;36;0,00;36;;;2026-10-07;https://www.vodafone.de/privat/handys/samsung-galaxy-s26-fe.html;samsung-galaxy-s26-fe-128gb-grau;;Tarifgrundpreis Monat 25–36
Bündel;Galaxy S26 FE;128;Vodafone;netzbetreiber;Mobil XS;XS;neu;1,00;31,95;19,00;;36;0,00;36;;;2026-10-07;https://www.vodafone.de/privat/handys/samsung-galaxy-s26-fe.html;samsung-galaxy-s26-fe-128gb-grau;;Tarifgrundpreis Monat 25–36
Bündel;Galaxy S26 FE;128;Vodafone;netzbetreiber;Mobil L;L;neu;1,00;61,95;19,00;;36;0,00;36;;;2026-10-07;https://www.vodafone.de/privat/handys/samsung-galaxy-s26-fe.html;samsung-galaxy-s26-fe-128gb-pistachio;;Tarifgrundpreis Monat 25–36
Bündel;Galaxy S26 FE;128;Vodafone;netzbetreiber;Mobil M;M;neu;1,00;51,95;19,00;;36;0,00;36;;;2026-10-07;https://www.vodafone.de/privat/handys/samsung-galaxy-s26-fe.html;samsung-galaxy-s26-fe-128gb-pistachio;;Tarifgrundpreis Monat 25–36
Bündel;Galaxy S26 FE;128;Vodafone;netzbetreiber;Mobil S;S;neu;1,00;41,95;19,00;;36;0,00;36;;;2026-10-07;https://www.vodafone.de/privat/handys/samsung-galaxy-s26-fe.html;samsung-galaxy-s26-fe-128gb-pistachio;;Tarifgrundpreis Monat 25–36
Bündel;Galaxy S26 FE;128;Vodafone;netzbetreiber;Mobil XL;XL;neu;1,00;81,95;19,00;;36;0,00;36;;;2026-10-07;https://www.vodafone.de/privat/handys/samsung-galaxy-s26-fe.html;samsung-galaxy-s26-fe-128gb-pistachio;;Tarifgrundpreis Monat 25–36
Bündel;Galaxy S26 FE;128;Vodafone;netzbetreiber;Mobil XS;XS;neu;1,00;31,95;19,00;;36;0,00;36;;;2026-10-07;https://www.vodafone.de/privat/handys/samsung-galaxy-s26-fe.html;samsung-galaxy-s26-fe-128gb-pistachio;;Tarifgrundpreis Monat 25–36
Bündel;Galaxy S26 FE;256;Vodafone;netzbetreiber;Mobil L;L;neu;1,00;61,95;21,50;;36;0,00;36;;;2026-10-07;https://www.vodafone.de/privat/handys/samsung-galaxy-s26-fe.html;samsung-galaxy-s26-fe-256gb-grau;;Tarifgrundpreis Monat 25–36
Bündel;Galaxy S26 FE;256;Vodafone;netzbetreiber;Mobil M;M;neu;1,00;51,95;21,50;;36;0,00;36;;;2026-10-07;https://www.vodafone.de/privat/handys/samsung-galaxy-s26-fe.html;samsung-galaxy-s26-fe-256gb-grau;;Tarifgrundpreis Monat 25–36
Bündel;Galaxy S26 FE;256;Vodafone;netzbetreiber;Mobil S;S;neu;1,00;41,95;21,50;;36;0,00;36;;;2026-10-07;https://www.vodafone.de/privat/handys/samsung-galaxy-s26-fe.html;samsung-galaxy-s26-fe-256gb-grau;;Tarifgrundpreis Monat 25–36
Bündel;Galaxy S26 FE;256;Vodafone;netzbetreiber;Mobil XL;XL;neu;1,00;81,95;21,50;;36;0,00;36;;;2026-10-07;https://www.vodafone.de/privat/handys/samsung-galaxy-s26-fe.html;samsung-galaxy-s26-fe-256gb-grau;;Tarifgrundpreis Monat 25–36
Bündel;Galaxy S26 FE;256;Vodafone;netzbetreiber;Mobil XS;XS;neu;1,00;31,95;21,50;;36;0,00;36;;;2026-10-07;https://www.vodafone.de/privat/handys/samsung-galaxy-s26-fe.html;samsung-galaxy-s26-fe-256gb-grau;;Tarifgrundpreis Monat 25–36
Bündel;Galaxy S26 FE;256;Vodafone;netzbetreiber;Mobil L;L;neu;1,00;61,95;21,50;;36;0,00;36;;;2026-10-07;https://www.vodafone.de/privat/handys/samsung-galaxy-s26-fe.html;samsung-galaxy-s26-fe-256gb-pistachio;;Tarifgrundpreis Monat 25–36
Bündel;Galaxy S26 FE;256;Vodafone;netzbetreiber;Mobil M;M;neu;1,00;51,95;21,50;;36;0,00;36;;;2026-10-07;https://www.vodafone.de/privat/handys/samsung-galaxy-s26-fe.html;samsung-galaxy-s26-fe-256gb-pistachio;;Tarifgrundpreis Monat 25–36
Bündel;Galaxy S26 FE;256;Vodafone;netzbetreiber;Mobil S;S;neu;1,00;41,95;21,50;;36;0,00;36;;;2026-10-07;https://www.vodafone.de/privat/handys/samsung-galaxy-s26-fe.html;samsung-galaxy-s26-fe-256gb-pistachio;;Tarifgrundpreis Monat 25–36
Bündel;Galaxy S26 FE;256;Vodafone;netzbetreiber;Mobil XL;XL;neu;1,00;81,95;21,50;;36;0,00;36;;;2026-10-07;https://www.vodafone.de/privat/handys/samsung-galaxy-s26-fe.html;samsung-galaxy-s26-fe-256gb-pistachio;;Tarifgrundpreis Monat 25–36
Bündel;Galaxy S26 FE;256;Vodafone;netzbetreiber;Mobil XS;XS;neu;1,00;31,95;21,50;;36;0,00;36;;;2026-10-07;https://www.vodafone.de/privat/handys/samsung-galaxy-s26-fe.html;samsung-galaxy-s26-fe-256gb-pistachio;;Tarifgrundpreis Monat 25–36
Bündel;Galaxy S26 Plus;256;Vodafone;netzbetreiber;Mobil L;L;neu;1,00;61,95;32,00;;36;0,00;36;;;2026-10-07;https://www.vodafone.de/privat/handys/samsung-galaxy-s26-plus.html;samsung-galaxy-s26-plus-256gb-cobalt-violet;;Tarifgrundpreis Monat 25–36
Bündel;Galaxy S26 Plus;256;Vodafone;netzbetreiber;Mobil M;M;neu;1,00;51,95;32,00;;36;0,00;36;;;2026-10-07;https://www.vodafone.de/privat/handys/samsung-galaxy-s26-plus.html;samsung-galaxy-s26-plus-256gb-cobalt-violet;;Tarifgrundpreis Monat 25–36
Bündel;Galaxy S26 Plus;256;Vodafone;netzbetreiber;Mobil S;S;neu;1,00;41,95;32,00;;36;0,00;36;;;2026-10-07;https://www.vodafone.de/privat/handys/samsung-galaxy-s26-plus.html;samsung-galaxy-s26-plus-256gb-cobalt-violet;;Tarifgrundpreis Monat 25–36
Bündel;Galaxy S26 Plus;256;Vodafone;netzbetreiber;Mobil XL;XL;neu;1,00;81,95;32,00;;36;0,00;36;;;2026-10-07;https://www.vodafone.de/privat/handys/samsung-galaxy-s26-plus.html;samsung-galaxy-s26-plus-256gb-cobalt-violet;;Tarifgrundpreis Monat 25–36
Bündel;Galaxy S26 Plus;256;Vodafone;netzbetreiber;Mobil XS;XS;neu;1,00;31,95;32,00;;36;0,00;36;;;2026-10-07;https://www.vodafone.de/privat/handys/samsung-galaxy-s26-plus.html;samsung-galaxy-s26-plus-256gb-cobalt-violet;;Tarifgrundpreis Monat 25–36
Bündel;Galaxy S26 Plus;256;Vodafone;netzbetreiber;Mobil L;L;neu;1,00;61,95;32,00;;36;0,00;36;;;2026-10-07;https://www.vodafone.de/privat/handys/samsung-galaxy-s26-plus.html;samsung-galaxy-s26-plus-256gb-schwarz;;Tarifgrundpreis Monat 25–36
Bündel;Galaxy S26 Plus;256;Vodafone;netzbetreiber;Mobil M;M;neu;1,00;51,95;32,00;;36;0,00;36;;;2026-10-07;https://www.vodafone.de/privat/handys/samsung-galaxy-s26-plus.html;samsung-galaxy-s26-plus-256gb-schwarz;;Tarifgrundpreis Monat 25–36
Bündel;Galaxy S26 Plus;256;Vodafone;netzbetreiber;Mobil S;S;neu;1,00;41,95;32,00;;36;0,00;36;;;2026-10-07;https://www.vodafone.de/privat/handys/samsung-galaxy-s26-plus.html;samsung-galaxy-s26-plus-256gb-schwarz;;Tarifgrundpreis Monat 25–36
Bündel;Galaxy S26 Plus;256;Vodafone;netzbetreiber;Mobil XL;XL;neu;1,00;81,95;32,00;;36;0,00;36;;;2026-10-07;https://www.vodafone.de/privat/handys/samsung-galaxy-s26-plus.html;samsung-galaxy-s26-plus-256gb-schwarz;;Tarifgrundpreis Monat 25–36
Bündel;Galaxy S26 Plus;256;Vodafone;netzbetreiber;Mobil XS;XS;neu;1,00;31,95;32,00;;36;0,00;36;;;2026-10-07;https://www.vodafone.de/privat/handys/samsung-galaxy-s26-plus.html;samsung-galaxy-s26-plus-256gb-schwarz;;Tarifgrundpreis Monat 25–36
Bündel;Galaxy S26 Plus;256;Vodafone;netzbetreiber;Mobil L;L;neu;1,00;61,95;32,00;;36;0,00;36;;;2026-10-07;https://www.vodafone.de/privat/handys/samsung-galaxy-s26-plus.html;samsung-galaxy-s26-plus-256gb-sky-blue;;Tarifgrundpreis Monat 25–36
Bündel;Galaxy S26 Plus;256;Vodafone;netzbetreiber;Mobil M;M;neu;1,00;51,95;32,00;;36;0,00;36;;;2026-10-07;https://www.vodafone.de/privat/handys/samsung-galaxy-s26-plus.html;samsung-galaxy-s26-plus-256gb-sky-blue;;Tarifgrundpreis Monat 25–36
Bündel;Galaxy S26 Plus;256;Vodafone;netzbetreiber;Mobil S;S;neu;1,00;41,95;32,00;;36;0,00;36;;;2026-10-07;https://www.vodafone.de/privat/handys/samsung-galaxy-s26-plus.html;samsung-galaxy-s26-plus-256gb-sky-blue;;Tarifgrundpreis Monat 25–36
Bündel;Galaxy S26 Plus;256;Vodafone;netzbetreiber;Mobil XL;XL;neu;1,00;81,95;32,00;;36;0,00;36;;;2026-10-07;https://www.vodafone.de/privat/handys/samsung-galaxy-s26-plus.html;samsung-galaxy-s26-plus-256gb-sky-blue;;Tarifgrundpreis Monat 25–36
Bündel;Galaxy S26 Plus;256;Vodafone;netzbetreiber;Mobil XS;XS;neu;1,00;31,95;32,00;;36;0,00;36;;;2026-10-07;https://www.vodafone.de/privat/handys/samsung-galaxy-s26-plus.html;samsung-galaxy-s26-plus-256gb-sky-blue;;Tarifgrundpreis Monat 25–36
Bündel;Galaxy S26 Plus;256;Vodafone;netzbetreiber;Mobil L;L;neu;1,00;61,95;32,00;;36;0,00;36;;;2026-10-07;https://www.vodafone.de/privat/handys/samsung-galaxy-s26-plus.html;samsung-galaxy-s26-plus-256gb-weiss;;Tarifgrundpreis Monat 25–36
Bündel;Galaxy S26 Plus;256;Vodafone;netzbetreiber;Mobil M;M;neu;1,00;51,95;32,00;;36;0,00;36;;;2026-10-07;https://www.vodafone.de/privat/handys/samsung-galaxy-s26-plus.html;samsung-galaxy-s26-plus-256gb-weiss;;Tarifgrundpreis Monat 25–36
Bündel;Galaxy S26 Plus;256;Vodafone;netzbetreiber;Mobil S;S;neu;1,00;41,95;32,00;;36;0,00;36;;;2026-10-07;https://www.vodafone.de/privat/handys/samsung-galaxy-s26-plus.html;samsung-galaxy-s26-plus-256gb-weiss;;Tarifgrundpreis Monat 25–36
Bündel;Galaxy S26 Plus;256;Vodafone;netzbetreiber;Mobil XL;XL;neu;1,00;81,95;32,00;;36;0,00;36;;;2026-10-07;https://www.vodafone.de/privat/handys/samsung-galaxy-s26-plus.html;samsung-galaxy-s26-plus-256gb-weiss;;Tarifgrundpreis Monat 25–36
Bündel;Galaxy S26 Plus;256;Vodafone;netzbetreiber;Mobil XS;XS;neu;1,00;31,95;32,00;;36;0,00;36;;;2026-10-07;https://www.vodafone.de/privat/handys/samsung-galaxy-s26-plus.html;samsung-galaxy-s26-plus-256gb-weiss;;Tarifgrundpreis Monat 25–36
Bündel;Galaxy S26 Plus;512;Vodafone;netzbetreiber;Mobil L;L;neu;1,00;61,95;37,00;;36;0,00;36;;;2026-10-07;https://www.vodafone.de/privat/handys/samsung-galaxy-s26-plus.html;samsung-galaxy-s26-plus-512gb-sky-blue;;Tarifgrundpreis Monat 25–36
Bündel;Galaxy S26 Plus;512;Vodafone;netzbetreiber;Mobil M;M;neu;1,00;51,95;37,00;;36;0,00;36;;;2026-10-07;https://www.vodafone.de/privat/handys/samsung-galaxy-s26-plus.html;samsung-galaxy-s26-plus-512gb-sky-blue;;Tarifgrundpreis Monat 25–36
Bündel;Galaxy S26 Plus;512;Vodafone;netzbetreiber;Mobil S;S;neu;1,00;41,95;37,00;;36;0,00;36;;;2026-10-07;https://www.vodafone.de/privat/handys/samsung-galaxy-s26-plus.html;samsung-galaxy-s26-plus-512gb-sky-blue;;Tarifgrundpreis Monat 25–36
Bündel;Galaxy S26 Plus;512;Vodafone;netzbetreiber;Mobil XL;XL;neu;1,00;81,95;37,00;;36;0,00;36;;;2026-10-07;https://www.vodafone.de/privat/handys/samsung-galaxy-s26-plus.html;samsung-galaxy-s26-plus-512gb-sky-blue;;Tarifgrundpreis Monat 25–36
Bündel;Galaxy S26 Plus;512;Vodafone;netzbetreiber;Mobil XS;XS;neu;1,00;31,95;37,00;;36;0,00;36;;;2026-10-07;https://www.vodafone.de/privat/handys/samsung-galaxy-s26-plus.html;samsung-galaxy-s26-plus-512gb-sky-blue;;Tarifgrundpreis Monat 25–36
Bündel;Galaxy S26 Plus;512;Vodafone;netzbetreiber;Mobil XS;XS;neu;1,00;31,95;35,50;;36;0,00;36;;;2026-09-20;https://www.vodafone.de/privat/handys/samsung-galaxy-s26-plus.html;samsung-galaxy-s26-plus-512gb-weiss;veraltet;Tarifgrundpreis Monat 25–36
Bündel;Galaxy S26 Ultra;1024;Vodafone;netzbetreiber;Mobil L;L;neu;1,00;61,95;46,50;;36;0,00;36;;;2026-10-07;https://www.vodafone.de/privat/handys/samsung-galaxy-s26-ultra.html;samsung-galaxy-s26-ultra-1024gb-schwarz;;Tarifgrundpreis Monat 25–36
Bündel;Galaxy S26 Ultra;1024;Vodafone;netzbetreiber;Mobil M;M;neu;1,00;51,95;46,50;;36;0,00;36;;;2026-10-07;https://www.vodafone.de/privat/handys/samsung-galaxy-s26-ultra.html;samsung-galaxy-s26-ultra-1024gb-schwarz;;Tarifgrundpreis Monat 25–36
Bündel;Galaxy S26 Ultra;1024;Vodafone;netzbetreiber;Mobil S;S;neu;1,00;41,95;46,50;;36;0,00;36;;;2026-10-07;https://www.vodafone.de/privat/handys/samsung-galaxy-s26-ultra.html;samsung-galaxy-s26-ultra-1024gb-schwarz;;Tarifgrundpreis Monat 25–36
Bündel;Galaxy S26 Ultra;1024;Vodafone;netzbetreiber;Mobil XL;XL;neu;1,00;81,95;46,50;;36;0,00;36;;;2026-10-07;https://www.vodafone.de/privat/handys/samsung-galaxy-s26-ultra.html;samsung-galaxy-s26-ultra-1024gb-schwarz;;Tarifgrundpreis Monat 25–36
Bündel;Galaxy S26 Ultra;1024;Vodafone;netzbetreiber;Mobil XS;XS;neu;1,00;31,95;46,50;;36;0,00;36;;;2026-10-07;https://www.vodafone.de/privat/handys/samsung-galaxy-s26-ultra.html;samsung-galaxy-s26-ultra-1024gb-schwarz;;Tarifgrundpreis Monat 25–36
Bündel;Galaxy S26 Ultra;256;Vodafone;netzbetreiber;Mobil L;L;neu;1,00;61,95;34,00;;36;0,00;36;;;2026-10-07;https://www.vodafone.de/privat/handys/samsung-galaxy-s26-ultra.html;samsung-galaxy-s26-ultra-256gb-cobalt-violet;;Tarifgrundpreis Monat 25–36
Bündel;Galaxy S26 Ultra;256;Vodafone;netzbetreiber;Mobil M;M;neu;1,00;51,95;34,00;;36;0,00;36;;;2026-10-07;https://www.vodafone.de/privat/handys/samsung-galaxy-s26-ultra.html;samsung-galaxy-s26-ultra-256gb-cobalt-violet;;Tarifgrundpreis Monat 25–36
Bündel;Galaxy S26 Ultra;256;Vodafone;netzbetreiber;Mobil S;S;neu;1,00;41,95;34,00;;36;0,00;36;;;2026-10-07;https://www.vodafone.de/privat/handys/samsung-galaxy-s26-ultra.html;samsung-galaxy-s26-ultra-256gb-cobalt-violet;;Tarifgrundpreis Monat 25–36
Bündel;Galaxy S26 Ultra;256;Vodafone;netzbetreiber;Mobil XL;XL;neu;1,00;81,95;34,00;;36;0,00;36;;;2026-10-07;https://www.vodafone.de/privat/handys/samsung-galaxy-s26-ultra.html;samsung-galaxy-s26-ultra-256gb-cobalt-violet;;Tarifgrundpreis Monat 25–36
Bündel;Galaxy S26 Ultra;256;Vodafone;netzbetreiber;Mobil XS;XS;neu;1,00;31,95;34,00;;36;0,00;36;;;2026-10-07;https://www.vodafone.de/privat/handys/samsung-galaxy-s26-ultra.html;samsung-galaxy-s26-ultra-256gb-cobalt-violet;;Tarifgrundpreis Monat 25–36
Bündel;Galaxy S26 Ultra;256;Vodafone;netzbetreiber;Mobil L;L;neu;1,00;61,95;34,00;;36;0,00;36;;;2026-10-07;https://www.vodafone.de/privat/handys/samsung-galaxy-s26-ultra.html;samsung-galaxy-s26-ultra-256gb-schwarz;;Tarifgrundpreis Monat 25–36
Bündel;Galaxy S26 Ultra;256;Vodafone;netzbetreiber;Mobil M;M;neu;1,00;51,95;34,00;;36;0,00;36;;;2026-10-07;https://www.vodafone.de/privat/handys/samsung-galaxy-s26-ultra.html;samsung-galaxy-s26-ultra-256gb-schwarz;;Tarifgrundpreis Monat 25–36
Bündel;Galaxy S26 Ultra;256;Vodafone;netzbetreiber;Mobil S;S;neu;1,00;41,95;34,00;;36;0,00;36;;;2026-10-07;https://www.vodafone.de/privat/handys/samsung-galaxy-s26-ultra.html;samsung-galaxy-s26-ultra-256gb-schwarz;;Tarifgrundpreis Monat 25–36
Bündel;Galaxy S26 Ultra;256;Vodafone;netzbetreiber;Mobil XL;XL;neu;1,00;81,95;34,00;;36;0,00;36;;;2026-10-07;https://www.vodafone.de/privat/handys/samsung-galaxy-s26-ultra.html;samsung-galaxy-s26-ultra-256gb-schwarz;;Tarifgrundpreis Monat 25–36
Bündel;Galaxy S26 Ultra;256;Vodafone;netzbetreiber;Mobil XS;XS;neu;1,00;31,95;34,00;;36;0,00;36;;;2026-10-07;https://www.vodafone.de/privat/handys/samsung-galaxy-s26-ultra.html;samsung-galaxy-s26-ultra-256gb-schwarz;;Tarifgrundpreis Monat 25–36
Bündel;Galaxy S26 Ultra;256;Vodafone;netzbetreiber;Mobil L;L;neu;1,00;61,95;34,00;;36;0,00;36;;;2026-10-07;https://www.vodafone.de/privat/handys/samsung-galaxy-s26-ultra.html;samsung-galaxy-s26-ultra-256gb-sky-blue;;Tarifgrundpreis Monat 25–36
Bündel;Galaxy S26 Ultra;256;Vodafone;netzbetreiber;Mobil M;M;neu;1,00;51,95;34,00;;36;0,00;36;;;2026-10-07;https://www.vodafone.de/privat/handys/samsung-galaxy-s26-ultra.html;samsung-galaxy-s26-ultra-256gb-sky-blue;;Tarifgrundpreis Monat 25–36
Bündel;Galaxy S26 Ultra;256;Vodafone;netzbetreiber;Mobil S;S;neu;1,00;41,95;34,00;;36;0,00;36;;;2026-10-07;https://www.vodafone.de/privat/handys/samsung-galaxy-s26-ultra.html;samsung-galaxy-s26-ultra-256gb-sky-blue;;Tarifgrundpreis Monat 25–36
Bündel;Galaxy S26 Ultra;256;Vodafone;netzbetreiber;Mobil XL;XL;neu;1,00;81,95;34,00;;36;0,00;36;;;2026-10-07;https://www.vodafone.de/privat/handys/samsung-galaxy-s26-ultra.html;samsung-galaxy-s26-ultra-256gb-sky-blue;;Tarifgrundpreis Monat 25–36
Bündel;Galaxy S26 Ultra;256;Vodafone;netzbetreiber;Mobil XS;XS;neu;1,00;31,95;34,00;;36;0,00;36;;;2026-10-07;https://www.vodafone.de/privat/handys/samsung-galaxy-s26-ultra.html;samsung-galaxy-s26-ultra-256gb-sky-blue;;Tarifgrundpreis Monat 25–36
Bündel;Galaxy S26 Ultra;256;Vodafone;netzbetreiber;Mobil L;L;neu;1,00;61,95;34,00;;36;0,00;36;;;2026-10-07;https://www.vodafone.de/privat/handys/samsung-galaxy-s26-ultra.html;samsung-galaxy-s26-ultra-256gb-weiss;;Tarifgrundpreis Monat 25–36
Bündel;Galaxy S26 Ultra;256;Vodafone;netzbetreiber;Mobil M;M;neu;1,00;51,95;34,00;;36;0,00;36;;;2026-10-07;https://www.vodafone.de/privat/handys/samsung-galaxy-s26-ultra.html;samsung-galaxy-s26-ultra-256gb-weiss;;Tarifgrundpreis Monat 25–36
Bündel;Galaxy S26 Ultra;256;Vodafone;netzbetreiber;Mobil S;S;neu;1,00;41,95;34,00;;36;0,00;36;;;2026-10-07;https://www.vodafone.de/privat/handys/samsung-galaxy-s26-ultra.html;samsung-galaxy-s26-ultra-256gb-weiss;;Tarifgrundpreis Monat 25–36
Bündel;Galaxy S26 Ultra;256;Vodafone;netzbetreiber;Mobil XL;XL;neu;1,00;81,95;34,00;;36;0,00;36;;;2026-10-07;https://www.vodafone.de/privat/handys/samsung-galaxy-s26-ultra.html;samsung-galaxy-s26-ultra-256gb-weiss;;Tarifgrundpreis Monat 25–36
Bündel;Galaxy S26 Ultra;256;Vodafone;netzbetreiber;Mobil XS;XS;neu;1,00;31,95;34,00;;36;0,00;36;;;2026-10-07;https://www.vodafone.de/privat/handys/samsung-galaxy-s26-ultra.html;samsung-galaxy-s26-ultra-256gb-weiss;;Tarifgrundpreis Monat 25–36
Bündel;Galaxy S26 Ultra;512;Vodafone;netzbetreiber;Mobil L;L;neu;1,00;61,95;39,00;;36;0,00;36;;;2026-10-07;https://www.vodafone.de/privat/handys/samsung-galaxy-s26-ultra.html;samsung-galaxy-s26-ultra-512gb-cobalt-violet;;Tarifgrundpreis Monat 25–36
Bündel;Galaxy S26 Ultra;512;Vodafone;netzbetreiber;Mobil M;M;neu;1,00;51,95;39,00;;36;0,00;36;;;2026-10-07;https://www.vodafone.de/privat/handys/samsung-galaxy-s26-ultra.html;samsung-galaxy-s26-ultra-512gb-cobalt-violet;;Tarifgrundpreis Monat 25–36
Bündel;Galaxy S26 Ultra;512;Vodafone;netzbetreiber;Mobil S;S;neu;1,00;41,95;39,00;;36;0,00;36;;;2026-10-07;https://www.vodafone.de/privat/handys/samsung-galaxy-s26-ultra.html;samsung-galaxy-s26-ultra-512gb-cobalt-violet;;Tarifgrundpreis Monat 25–36
Bündel;Galaxy S26 Ultra;512;Vodafone;netzbetreiber;Mobil XL;XL;neu;1,00;81,95;39,00;;36;0,00;36;;;2026-10-07;https://www.vodafone.de/privat/handys/samsung-galaxy-s26-ultra.html;samsung-galaxy-s26-ultra-512gb-cobalt-violet;;Tarifgrundpreis Monat 25–36
Bündel;Galaxy S26 Ultra;512;Vodafone;netzbetreiber;Mobil XS;XS;neu;1,00;31,95;39,00;;36;0,00;36;;;2026-10-07;https://www.vodafone.de/privat/handys/samsung-galaxy-s26-ultra.html;samsung-galaxy-s26-ultra-512gb-cobalt-violet;;Tarifgrundpreis Monat 25–36
Bündel;Galaxy S26 Ultra;512;Vodafone;netzbetreiber;Mobil L;L;neu;1,00;61,95;39,00;;36;0,00;36;;;2026-10-07;https://www.vodafone.de/privat/handys/samsung-galaxy-s26-ultra.html;samsung-galaxy-s26-ultra-512gb-schwarz;;Tarifgrundpreis Monat 25–36
Bündel;Galaxy S26 Ultra;512;Vodafone;netzbetreiber;Mobil M;M;neu;1,00;51,95;39,00;;36;0,00;36;;;2026-10-07;https://www.vodafone.de/privat/handys/samsung-galaxy-s26-ultra.html;samsung-galaxy-s26-ultra-512gb-schwarz;;Tarifgrundpreis Monat 25–36
Bündel;Galaxy S26 Ultra;512;Vodafone;netzbetreiber;Mobil S;S;neu;1,00;41,95;39,00;;36;0,00;36;;;2026-10-07;https://www.vodafone.de/privat/handys/samsung-galaxy-s26-ultra.html;samsung-galaxy-s26-ultra-512gb-schwarz;;Tarifgrundpreis Monat 25–36
Bündel;Galaxy S26 Ultra;512;Vodafone;netzbetreiber;Mobil XL;XL;neu;1,00;81,95;39,00;;36;0,00;36;;;2026-10-07;https://www.vodafone.de/privat/handys/samsung-galaxy-s26-ultra.html;samsung-galaxy-s26-ultra-512gb-schwarz;;Tarifgrundpreis Monat 25–36
Bündel;Galaxy S26 Ultra;512;Vodafone;netzbetreiber;Mobil XS;XS;neu;1,00;31,95;39,00;;36;0,00;36;;;2026-10-07;https://www.vodafone.de/privat/handys/samsung-galaxy-s26-ultra.html;samsung-galaxy-s26-ultra-512gb-schwarz;;Tarifgrundpreis Monat 25–36
Bündel;Galaxy S26 Ultra;512;Vodafone;netzbetreiber;Mobil L;L;neu;1,00;61,95;39,00;;36;0,00;36;;;2026-10-07;https://www.vodafone.de/privat/handys/samsung-galaxy-s26-ultra.html;samsung-galaxy-s26-ultra-512gb-sky-blue;;Tarifgrundpreis Monat 25–36
Bündel;Galaxy S26 Ultra;512;Vodafone;netzbetreiber;Mobil M;M;neu;1,00;51,95;39,00;;36;0,00;36;;;2026-10-07;https://www.vodafone.de/privat/handys/samsung-galaxy-s26-ultra.html;samsung-galaxy-s26-ultra-512gb-sky-blue;;Tarifgrundpreis Monat 25–36
Bündel;Galaxy S26 Ultra;512;Vodafone;netzbetreiber;Mobil S;S;neu;1,00;41,95;39,00;;36;0,00;36;;;2026-10-07;https://www.vodafone.de/privat/handys/samsung-galaxy-s26-ultra.html;samsung-galaxy-s26-ultra-512gb-sky-blue;;Tarifgrundpreis Monat 25–36
Bündel;Galaxy S26 Ultra;512;Vodafone;netzbetreiber;Mobil XL;XL;neu;1,00;81,95;39,00;;36;0,00;36;;;2026-10-07;https://www.vodafone.de/privat/handys/samsung-galaxy-s26-ultra.html;samsung-galaxy-s26-ultra-512gb-sky-blue;;Tarifgrundpreis Monat 25–36
Bündel;Galaxy S26 Ultra;512;Vodafone;netzbetreiber;Mobil XS;XS;neu;1,00;31,95;39,00;;36;0,00;36;;;2026-10-07;https://www.vodafone.de/privat/handys/samsung-galaxy-s26-ultra.html;samsung-galaxy-s26-ultra-512gb-sky-blue;;Tarifgrundpreis Monat 25–36
Bündel;Galaxy S26 Ultra;512;Vodafone;netzbetreiber;Mobil L;L;neu;1,00;61,95;39,00;;36;0,00;36;;;2026-10-07;https://www.vodafone.de/privat/handys/samsung-galaxy-s26-ultra.html;samsung-galaxy-s26-ultra-512gb-weiss;;Tarifgrundpreis Monat 25–36
Bündel;Galaxy S26 Ultra;512;Vodafone;netzbetreiber;Mobil M;M;neu;1,00;51,95;39,00;;36;0,00;36;;;2026-10-07;https://www.vodafone.de/privat/handys/samsung-galaxy-s26-ultra.html;samsung-galaxy-s26-ultra-512gb-weiss;;Tarifgrundpreis Monat 25–36
Bündel;Galaxy S26 Ultra;512;Vodafone;netzbetreiber;Mobil S;S;neu;1,00;41,95;39,00;;36;0,00;36;;;2026-10-07;https://www.vodafone.de/privat/handys/samsung-galaxy-s26-ultra.html;samsung-galaxy-s26-ultra-512gb-weiss;;Tarifgrundpreis Monat 25–36
Bündel;Galaxy S26 Ultra;512;Vodafone;netzbetreiber;Mobil XL;XL;neu;1,00;81,95;39,00;;36;0,00;36;;;2026-10-07;https://www.vodafone.de/privat/handys/samsung-galaxy-s26-ultra.html;samsung-galaxy-s26-ultra-512gb-weiss;;Tarifgrundpreis Monat 25–36
Bündel;Galaxy S26 Ultra;512;Vodafone;netzbetreiber;Mobil XS;XS;neu;1,00;31,95;39,00;;36;0,00;36;;;2026-10-07;https://www.vodafone.de/privat/handys/samsung-galaxy-s26-ultra.html;samsung-galaxy-s26-ultra-512gb-weiss;;Tarifgrundpreis Monat 25–36
Bündel;Galaxy Z Flip 7;256;Vodafone;netzbetreiber;Mobil L;L;neu;1,00;61,95;29,50;;36;0,00;36;;;2026-10-07;https://www.vodafone.de/privat/handys/samsung-galaxy-z-flip7.html;samsung-galaxy-z-flip-7-256gb-jetblack;;Tarifgrundpreis Monat 25–36
Bündel;Galaxy Z Flip 7;256;Vodafone;netzbetreiber;Mobil M;M;neu;1,00;51,95;29,50;;36;0,00;36;;;2026-10-07;https://www.vodafone.de/privat/handys/samsung-galaxy-z-flip7.html;samsung-galaxy-z-flip-7-256gb-jetblack;;Tarifgrundpreis Monat 25–36
Bündel;Galaxy Z Flip 7;256;Vodafone;netzbetreiber;Mobil S;S;neu;1,00;41,95;29,50;;36;0,00;36;;;2026-10-07;https://www.vodafone.de/privat/handys/samsung-galaxy-z-flip7.html;samsung-galaxy-z-flip-7-256gb-jetblack;;Tarifgrundpreis Monat 25–36
Bündel;Galaxy Z Flip 7;256;Vodafone;netzbetreiber;Mobil XL;XL;neu;1,00;81,95;29,50;;36;0,00;36;;;2026-10-07;https://www.vodafone.de/privat/handys/samsung-galaxy-z-flip7.html;samsung-galaxy-z-flip-7-256gb-jetblack;;Tarifgrundpreis Monat 25–36
Bündel;Galaxy Z Flip 7;256;Vodafone;netzbetreiber;Mobil XS;XS;neu;1,00;31,95;29,50;;36;0,00;36;;;2026-10-07;https://www.vodafone.de/privat/handys/samsung-galaxy-z-flip7.html;samsung-galaxy-z-flip-7-256gb-jetblack;;Tarifgrundpreis Monat 25–36
Bündel;Galaxy Z Flip8;256;Vodafone;netzbetreiber;Mobil L;L;neu;1,00;61,95;30,50;;36;0,00;36;;;2026-10-07;https://www.vodafone.de/privat/handys/samsung-galaxy-z-flip8.html;samsung-galaxy-z-flip8-256gb-cream;;Tarifgrundpreis Monat 25–36
Bündel;Galaxy Z Flip8;256;Vodafone;netzbetreiber;Mobil M;M;neu;1,00;51,95;30,50;;36;0,00;36;;;2026-10-07;https://www.vodafone.de/privat/handys/samsung-galaxy-z-flip8.html;samsung-galaxy-z-flip8-256gb-cream;;Tarifgrundpreis Monat 25–36
Bündel;Galaxy Z Flip8;256;Vodafone;netzbetreiber;Mobil S;S;neu;1,00;41,95;30,50;;36;0,00;36;;;2026-10-07;https://www.vodafone.de/privat/handys/samsung-galaxy-z-flip8.html;samsung-galaxy-z-flip8-256gb-cream;;Tarifgrundpreis Monat 25–36
Bündel;Galaxy Z Flip8;256;Vodafone;netzbetreiber;Mobil XL;XL;neu;1,00;81,95;30,50;;36;0,00;36;;;2026-10-07;https://www.vodafone.de/privat/handys/samsung-galaxy-z-flip8.html;samsung-galaxy-z-flip8-256gb-cream;;Tarifgrundpreis Monat 25–36
Bündel;Galaxy Z Flip8;256;Vodafone;netzbetreiber;Mobil XS;XS;neu;1,00;31,95;30,50;;36;0,00;36;;;2026-10-07;https://www.vodafone.de/privat/handys/samsung-galaxy-z-flip8.html;samsung-galaxy-z-flip8-256gb-cream;;Tarifgrundpreis Monat 25–36
Bündel;Galaxy Z Flip8;256;Vodafone;netzbetreiber;Mobil L;L;neu;1,00;61,95;30,50;;36;0,00;36;;;2026-10-07;https://www.vodafone.de/privat/handys/samsung-galaxy-z-flip8.html;samsung-galaxy-z-flip8-256gb-grau;;Tarifgrundpreis Monat 25–36
Bündel;Galaxy Z Flip8;256;Vodafone;netzbetreiber;Mobil M;M;neu;1,00;51,95;30,50;;36;0,00;36;;;2026-10-07;https://www.vodafone.de/privat/handys/samsung-galaxy-z-flip8.html;samsung-galaxy-z-flip8-256gb-grau;;Tarifgrundpreis Monat 25–36
Bündel;Galaxy Z Flip8;256;Vodafone;netzbetreiber;Mobil S;S;neu;1,00;41,95;30,50;;36;0,00;36;;;2026-10-07;https://www.vodafone.de/privat/handys/samsung-galaxy-z-flip8.html;samsung-galaxy-z-flip8-256gb-grau;;Tarifgrundpreis Monat 25–36
Bündel;Galaxy Z Flip8;256;Vodafone;netzbetreiber;Mobil XL;XL;neu;1,00;81,95;30,50;;36;0,00;36;;;2026-10-07;https://www.vodafone.de/privat/handys/samsung-galaxy-z-flip8.html;samsung-galaxy-z-flip8-256gb-grau;;Tarifgrundpreis Monat 25–36
Bündel;Galaxy Z Flip8;256;Vodafone;netzbetreiber;Mobil XS;XS;neu;1,00;31,95;30,50;;36;0,00;36;;;2026-10-07;https://www.vodafone.de/privat/handys/samsung-galaxy-z-flip8.html;samsung-galaxy-z-flip8-256gb-grau;;Tarifgrundpreis Monat 25–36
Bündel;Galaxy Z Flip8;256;Vodafone;netzbetreiber;Mobil L;L;neu;1,00;61,95;30,50;;36;0,00;36;;;2026-10-07;https://www.vodafone.de/privat/handys/samsung-galaxy-z-flip8.html;samsung-galaxy-z-flip8-256gb-rosa;;Tarifgrundpreis Monat 25–36
Bündel;Galaxy Z Flip8;256;Vodafone;netzbetreiber;Mobil M;M;neu;1,00;51,95;30,50;;36;0,00;36;;;2026-10-07;https://www.vodafone.de/privat/handys/samsung-galaxy-z-flip8.html;samsung-galaxy-z-flip8-256gb-rosa;;Tarifgrundpreis Monat 25–36
Bündel;Galaxy Z Flip8;256;Vodafone;netzbetreiber;Mobil S;S;neu;1,00;41,95;30,50;;36;0,00;36;;;2026-10-07;https://www.vodafone.de/privat/handys/samsung-galaxy-z-flip8.html;samsung-galaxy-z-flip8-256gb-rosa;;Tarifgrundpreis Monat 25–36
Bündel;Galaxy Z Flip8;256;Vodafone;netzbetreiber;Mobil XL;XL;neu;1,00;81,95;30,50;;36;0,00;36;;;2026-10-07;https://www.vodafone.de/privat/handys/samsung-galaxy-z-flip8.html;samsung-galaxy-z-flip8-256gb-rosa;;Tarifgrundpreis Monat 25–36
Bündel;Galaxy Z Flip8;256;Vodafone;netzbetreiber;Mobil XS;XS;neu;1,00;31,95;30,50;;36;0,00;36;;;2026-10-07;https://www.vodafone.de/privat/handys/samsung-galaxy-z-flip8.html;samsung-galaxy-z-flip8-256gb-rosa;;Tarifgrundpreis Monat 25–36
Bündel;Galaxy Z Flip8;512;Vodafone;netzbetreiber;Mobil L;L;neu;1,00;61,95;36,00;;36;0,00;36;;;2026-10-07;https://www.vodafone.de/privat/handys/samsung-galaxy-z-flip8.html;samsung-galaxy-z-flip8-512gb-cream;;Tarifgrundpreis Monat 25–36
Bündel;Galaxy Z Flip8;512;Vodafone;netzbetreiber;Mobil M;M;neu;1,00;51,95;36,00;;36;0,00;36;;;2026-10-07;https://www.vodafone.de/privat/handys/samsung-galaxy-z-flip8.html;samsung-galaxy-z-flip8-512gb-cream;;Tarifgrundpreis Monat 25–36
Bündel;Galaxy Z Flip8;512;Vodafone;netzbetreiber;Mobil S;S;neu;1,00;41,95;36,00;;36;0,00;36;;;2026-10-07;https://www.vodafone.de/privat/handys/samsung-galaxy-z-flip8.html;samsung-galaxy-z-flip8-512gb-cream;;Tarifgrundpreis Monat 25–36
Bündel;Galaxy Z Flip8;512;Vodafone;netzbetreiber;Mobil XL;XL;neu;1,00;81,95;36,00;;36;0,00;36;;;2026-10-07;https://www.vodafone.de/privat/handys/samsung-galaxy-z-flip8.html;samsung-galaxy-z-flip8-512gb-cream;;Tarifgrundpreis Monat 25–36
Bündel;Galaxy Z Flip8;512;Vodafone;netzbetreiber;Mobil XS;XS;neu;1,00;31,95;36,00;;36;0,00;36;;;2026-10-07;https://www.vodafone.de/privat/handys/samsung-galaxy-z-flip8.html;samsung-galaxy-z-flip8-512gb-cream;;Tarifgrundpreis Monat 25–36
Bündel;Galaxy Z Flip8;512;Vodafone;netzbetreiber;Mobil L;L;neu;1,00;61,95;36,00;;36;0,00;36;;;2026-10-07;https://www.vodafone.de/privat/handys/samsung-galaxy-z-flip8.html;samsung-galaxy-z-flip8-512gb-grau;;Tarifgrundpreis Monat 25–36
Bündel;Galaxy Z Flip8;512;Vodafone;netzbetreiber;Mobil M;M;neu;1,00;51,95;36,00;;36;0,00;36;;;2026-10-07;https://www.vodafone.de/privat/handys/samsung-galaxy-z-flip8.html;samsung-galaxy-z-flip8-512gb-grau;;Tarifgrundpreis Monat 25–36
Bündel;Galaxy Z Flip8;512;Vodafone;netzbetreiber;Mobil S;S;neu;1,00;41,95;36,00;;36;0,00;36;;;2026-10-07;https://www.vodafone.de/privat/handys/samsung-galaxy-z-flip8.html;samsung-galaxy-z-flip8-512gb-grau;;Tarifgrundpreis Monat 25–36
Bündel;Galaxy Z Flip8;512;Vodafone;netzbetreiber;Mobil XL;XL;neu;1,00;81,95;36,00;;36;0,00;36;;;2026-10-07;https://www.vodafone.de/privat/handys/samsung-galaxy-z-flip8.html;samsung-galaxy-z-flip8-512gb-grau;;Tarifgrundpreis Monat 25–36
Bündel;Galaxy Z Flip8;512;Vodafone;netzbetreiber;Mobil XS;XS;neu;1,00;31,95;36,00;;36;0,00;36;;;2026-10-07;https://www.vodafone.de/privat/handys/samsung-galaxy-z-flip8.html;samsung-galaxy-z-flip8-512gb-grau;;Tarifgrundpreis Monat 25–36
Bündel;Galaxy Z Flip8;512;Vodafone;netzbetreiber;Mobil L;L;neu;1,00;61,95;36,00;;36;0,00;36;;;2026-10-07;https://www.vodafone.de/privat/handys/samsung-galaxy-z-flip8.html;samsung-galaxy-z-flip8-512gb-rosa;;Tarifgrundpreis Monat 25–36
Bündel;Galaxy Z Flip8;512;Vodafone;netzbetreiber;Mobil M;M;neu;1,00;51,95;36,00;;36;0,00;36;;;2026-10-07;https://www.vodafone.de/privat/handys/samsung-galaxy-z-flip8.html;samsung-galaxy-z-flip8-512gb-rosa;;Tarifgrundpreis Monat 25–36
Bündel;Galaxy Z Flip8;512;Vodafone;netzbetreiber;Mobil S;S;neu;1,00;41,95;36,00;;36;0,00;36;;;2026-10-07;https://www.vodafone.de/privat/handys/samsung-galaxy-z-flip8.html;samsung-galaxy-z-flip8-512gb-rosa;;Tarifgrundpreis Monat 25–36
Bündel;Galaxy Z Flip8;512;Vodafone;netzbetreiber;Mobil XL;XL;neu;1,00;81,95;36,00;;36;0,00;36;;;2026-10-07;https://www.vodafone.de/privat/handys/samsung-galaxy-z-flip8.html;samsung-galaxy-z-flip8-512gb-rosa;;Tarifgrundpreis Monat 25–36
Bündel;Galaxy Z Flip8;512;Vodafone;netzbetreiber;Mobil XS;XS;neu;1,00;31,95;36,00;;36;0,00;36;;;2026-10-07;https://www.vodafone.de/privat/handys/samsung-galaxy-z-flip8.html;samsung-galaxy-z-flip8-512gb-rosa;;Tarifgrundpreis Monat 25–36
Bündel;Galaxy Z Fold 7;256;Vodafone;netzbetreiber;Mobil L;L;neu;1,00;61,95;46,50;;36;0,00;36;;;2026-10-07;https://www.vodafone.de/privat/handys/samsung-galaxy-z-fold7.html;samsung-galaxy-z-fold-7-256gb-jetblack;;Tarifgrundpreis Monat 25–36
Bündel;Galaxy Z Fold 7;256;Vodafone;netzbetreiber;Mobil M;M;neu;1,00;51,95;46,50;;36;0,00;36;;;2026-10-07;https://www.vodafone.de/privat/handys/samsung-galaxy-z-fold7.html;samsung-galaxy-z-fold-7-256gb-jetblack;;Tarifgrundpreis Monat 25–36
Bündel;Galaxy Z Fold 7;256;Vodafone;netzbetreiber;Mobil S;S;neu;1,00;41,95;46,50;;36;0,00;36;;;2026-10-07;https://www.vodafone.de/privat/handys/samsung-galaxy-z-fold7.html;samsung-galaxy-z-fold-7-256gb-jetblack;;Tarifgrundpreis Monat 25–36
Bündel;Galaxy Z Fold 7;256;Vodafone;netzbetreiber;Mobil XL;XL;neu;1,00;81,95;46,50;;36;0,00;36;;;2026-10-07;https://www.vodafone.de/privat/handys/samsung-galaxy-z-fold7.html;samsung-galaxy-z-fold-7-256gb-jetblack;;Tarifgrundpreis Monat 25–36
Bündel;Galaxy Z Fold 7;256;Vodafone;netzbetreiber;Mobil XS;XS;neu;1,00;31,95;46,50;;36;0,00;36;;;2026-10-07;https://www.vodafone.de/privat/handys/samsung-galaxy-z-fold7.html;samsung-galaxy-z-fold-7-256gb-jetblack;;Tarifgrundpreis Monat 25–36
Bündel;Galaxy Z Fold8;256;Vodafone;netzbetreiber;Mobil L;L;neu;0,99;61,95;45,00;;36;0,00;36;;;2026-10-07;https://www.vodafone.de/privat/handys/samsung-galaxy-z-fold8.html;samsung-galaxy-z-fold8-256gb-cream;;Tarifgrundpreis Monat 25–36
Bündel;Galaxy Z Fold8;256;Vodafone;netzbetreiber;Mobil M;M;neu;0,99;51,95;45,00;;36;0,00;36;;;2026-10-07;https://www.vodafone.de/privat/handys/samsung-galaxy-z-fold8.html;samsung-galaxy-z-fold8-256gb-cream;;Tarifgrundpreis Monat 25–36
Bündel;Galaxy Z Fold8;256;Vodafone;netzbetreiber;Mobil S;S;neu;0,99;41,95;45,00;;36;0,00;36;;;2026-10-07;https://www.vodafone.de/privat/handys/samsung-galaxy-z-fold8.html;samsung-galaxy-z-fold8-256gb-cream;;Tarifgrundpreis Monat 25–36
Bündel;Galaxy Z Fold8;256;Vodafone;netzbetreiber;Mobil XL;XL;neu;0,99;81,95;45,00;;36;0,00;36;;;2026-10-07;https://www.vodafone.de/privat/handys/samsung-galaxy-z-fold8.html;samsung-galaxy-z-fold8-256gb-cream;;Tarifgrundpreis Monat 25–36
Bündel;Galaxy Z Fold8;256;Vodafone;netzbetreiber;Mobil XS;XS;neu;0,99;31,95;45,00;;36;0,00;36;;;2026-10-07;https://www.vodafone.de/privat/handys/samsung-galaxy-z-fold8.html;samsung-galaxy-z-fold8-256gb-cream;;Tarifgrundpreis Monat 25–36
Bündel;Galaxy Z Fold8;256;Vodafone;netzbetreiber;Mobil L;L;neu;0,99;61,95;45,00;;36;0,00;36;;;2026-10-07;https://www.vodafone.de/privat/handys/samsung-galaxy-z-fold8.html;samsung-galaxy-z-fold8-256gb-grau;;Tarifgrundpreis Monat 25–36
Bündel;Galaxy Z Fold8;256;Vodafone;netzbetreiber;Mobil M;M;neu;0,99;51,95;45,00;;36;0,00;36;;;2026-10-07;https://www.vodafone.de/privat/handys/samsung-galaxy-z-fold8.html;samsung-galaxy-z-fold8-256gb-grau;;Tarifgrundpreis Monat 25–36
Bündel;Galaxy Z Fold8;256;Vodafone;netzbetreiber;Mobil S;S;neu;0,99;41,95;45,00;;36;0,00;36;;;2026-10-07;https://www.vodafone.de/privat/handys/samsung-galaxy-z-fold8.html;samsung-galaxy-z-fold8-256gb-grau;;Tarifgrundpreis Monat 25–36
Bündel;Galaxy Z Fold8;256;Vodafone;netzbetreiber;Mobil XL;XL;neu;0,99;81,95;45,00;;36;0,00;36;;;2026-10-07;https://www.vodafone.de/privat/handys/samsung-galaxy-z-fold8.html;samsung-galaxy-z-fold8-256gb-grau;;Tarifgrundpreis Monat 25–36
Bündel;Galaxy Z Fold8;256;Vodafone;netzbetreiber;Mobil XS;XS;neu;0,99;31,95;45,00;;36;0,00;36;;;2026-10-07;https://www.vodafone.de/privat/handys/samsung-galaxy-z-fold8.html;samsung-galaxy-z-fold8-256gb-grau;;Tarifgrundpreis Monat 25–36
Bündel;Galaxy Z Fold8;256;Vodafone;netzbetreiber;Mobil L;L;neu;0,99;61,95;45,00;;36;0,00;36;;;2026-10-07;https://www.vodafone.de/privat/handys/samsung-galaxy-z-fold8.html;samsung-galaxy-z-fold8-256gb-violett;;Tarifgrundpreis Monat 25–36
Bündel;Galaxy Z Fold8;256;Vodafone;netzbetreiber;Mobil M;M;neu;0,99;51,95;45,00;;36;0,00;36;;;2026-10-07;https://www.vodafone.de/privat/handys/samsung-galaxy-z-fold8.html;samsung-galaxy-z-fold8-256gb-violett;;Tarifgrundpreis Monat 25–36
Bündel;Galaxy Z Fold8;256;Vodafone;netzbetreiber;Mobil S;S;neu;0,99;41,95;45,00;;36;0,00;36;;;2026-10-07;https://www.vodafone.de/privat/handys/samsung-galaxy-z-fold8.html;samsung-galaxy-z-fold8-256gb-violett;;Tarifgrundpreis Monat 25–36
Bündel;Galaxy Z Fold8;256;Vodafone;netzbetreiber;Mobil XL;XL;neu;0,99;81,95;45,00;;36;0,00;36;;;2026-10-07;https://www.vodafone.de/privat/handys/samsung-galaxy-z-fold8.html;samsung-galaxy-z-fold8-256gb-violett;;Tarifgrundpreis Monat 25–36
Bündel;Galaxy Z Fold8;256;Vodafone;netzbetreiber;Mobil XS;XS;neu;0,99;31,95;45,00;;36;0,00;36;;;2026-10-07;https://www.vodafone.de/privat/handys/samsung-galaxy-z-fold8.html;samsung-galaxy-z-fold8-256gb-violett;;Tarifgrundpreis Monat 25–36
Bündel;Galaxy Z Fold8;512;Vodafone;netzbetreiber;Mobil L;L;neu;1,00;61,95;50,50;;36;0,00;36;;;2026-10-07;https://www.vodafone.de/privat/handys/samsung-galaxy-z-fold8.html;samsung-galaxy-z-fold8-512gb-cream;;Tarifgrundpreis Monat 25–36
Bündel;Galaxy Z Fold8;512;Vodafone;netzbetreiber;Mobil M;M;neu;1,00;51,95;50,50;;36;0,00;36;;;2026-10-07;https://www.vodafone.de/privat/handys/samsung-galaxy-z-fold8.html;samsung-galaxy-z-fold8-512gb-cream;;Tarifgrundpreis Monat 25–36
Bündel;Galaxy Z Fold8;512;Vodafone;netzbetreiber;Mobil S;S;neu;1,00;41,95;50,50;;36;0,00;36;;;2026-10-07;https://www.vodafone.de/privat/handys/samsung-galaxy-z-fold8.html;samsung-galaxy-z-fold8-512gb-cream;;Tarifgrundpreis Monat 25–36
Bündel;Galaxy Z Fold8;512;Vodafone;netzbetreiber;Mobil XL;XL;neu;1,00;81,95;50,50;;36;0,00;36;;;2026-10-07;https://www.vodafone.de/privat/handys/samsung-galaxy-z-fold8.html;samsung-galaxy-z-fold8-512gb-cream;;Tarifgrundpreis Monat 25–36
Bündel;Galaxy Z Fold8;512;Vodafone;netzbetreiber;Mobil XS;XS;neu;1,00;31,95;50,50;;36;0,00;36;;;2026-10-07;https://www.vodafone.de/privat/handys/samsung-galaxy-z-fold8.html;samsung-galaxy-z-fold8-512gb-cream;;Tarifgrundpreis Monat 25–36
Bündel;Galaxy Z Fold8;512;Vodafone;netzbetreiber;Mobil L;L;neu;1,00;61,95;50,50;;36;0,00;36;;;2026-10-07;https://www.vodafone.de/privat/handys/samsung-galaxy-z-fold8.html;samsung-galaxy-z-fold8-512gb-grau;;Tarifgrundpreis Monat 25–36
Bündel;Galaxy Z Fold8;512;Vodafone;netzbetreiber;Mobil M;M;neu;1,00;51,95;50,50;;36;0,00;36;;;2026-10-07;https://www.vodafone.de/privat/handys/samsung-galaxy-z-fold8.html;samsung-galaxy-z-fold8-512gb-grau;;Tarifgrundpreis Monat 25–36
Bündel;Galaxy Z Fold8;512;Vodafone;netzbetreiber;Mobil S;S;neu;1,00;41,95;50,50;;36;0,00;36;;;2026-10-07;https://www.vodafone.de/privat/handys/samsung-galaxy-z-fold8.html;samsung-galaxy-z-fold8-512gb-grau;;Tarifgrundpreis Monat 25–36
Bündel;Galaxy Z Fold8;512;Vodafone;netzbetreiber;Mobil XL;XL;neu;1,00;81,95;50,50;;36;0,00;36;;;2026-10-07;https://www.vodafone.de/privat/handys/samsung-galaxy-z-fold8.html;samsung-galaxy-z-fold8-512gb-grau;;Tarifgrundpreis Monat 25–36
Bündel;Galaxy Z Fold8;512;Vodafone;netzbetreiber;Mobil XS;XS;neu;1,00;31,95;50,50;;36;0,00;36;;;2026-10-07;https://www.vodafone.de/privat/handys/samsung-galaxy-z-fold8.html;samsung-galaxy-z-fold8-512gb-grau;;Tarifgrundpreis Monat 25–36
Bündel;Galaxy Z Fold8;512;Vodafone;netzbetreiber;Mobil L;L;neu;1,00;61,95;50,50;;36;0,00;36;;;2026-10-07;https://www.vodafone.de/privat/handys/samsung-galaxy-z-fold8.html;samsung-galaxy-z-fold8-512gb-violett;;Tarifgrundpreis Monat 25–36
Bündel;Galaxy Z Fold8;512;Vodafone;netzbetreiber;Mobil M;M;neu;1,00;51,95;50,50;;36;0,00;36;;;2026-10-07;https://www.vodafone.de/privat/handys/samsung-galaxy-z-fold8.html;samsung-galaxy-z-fold8-512gb-violett;;Tarifgrundpreis Monat 25–36
Bündel;Galaxy Z Fold8;512;Vodafone;netzbetreiber;Mobil S;S;neu;1,00;41,95;50,50;;36;0,00;36;;;2026-10-07;https://www.vodafone.de/privat/handys/samsung-galaxy-z-fold8.html;samsung-galaxy-z-fold8-512gb-violett;;Tarifgrundpreis Monat 25–36
Bündel;Galaxy Z Fold8;512;Vodafone;netzbetreiber;Mobil XL;XL;neu;1,00;81,95;50,50;;36;0,00;36;;;2026-10-07;https://www.vodafone.de/privat/handys/samsung-galaxy-z-fold8.html;samsung-galaxy-z-fold8-512gb-violett;;Tarifgrundpreis Monat 25–36
Bündel;Galaxy Z Fold8;512;Vodafone;netzbetreiber;Mobil XS;XS;neu;1,00;31,95;50,50;;36;0,00;36;;;2026-10-07;https://www.vodafone.de/privat/handys/samsung-galaxy-z-fold8.html;samsung-galaxy-z-fold8-512gb-violett;;Tarifgrundpreis Monat 25–36
Bündel;Galaxy Z Fold8 Ultra;256;Vodafone;netzbetreiber;Mobil L;L;neu;1,00;61,95;50,50;;36;0,00;36;;;2026-10-07;https://www.vodafone.de/privat/handys/samsung-galaxy-z-fold8-ultra.html;samsung-galaxy-z-fold8-ultra-256gb-cream;;Tarifgrundpreis Monat 25–36
Bündel;Galaxy Z Fold8 Ultra;256;Vodafone;netzbetreiber;Mobil M;M;neu;1,00;51,95;50,50;;36;0,00;36;;;2026-10-07;https://www.vodafone.de/privat/handys/samsung-galaxy-z-fold8-ultra.html;samsung-galaxy-z-fold8-ultra-256gb-cream;;Tarifgrundpreis Monat 25–36
Bündel;Galaxy Z Fold8 Ultra;256;Vodafone;netzbetreiber;Mobil S;S;neu;1,00;41,95;50,50;;36;0,00;36;;;2026-10-07;https://www.vodafone.de/privat/handys/samsung-galaxy-z-fold8-ultra.html;samsung-galaxy-z-fold8-ultra-256gb-cream;;Tarifgrundpreis Monat 25–36
Bündel;Galaxy Z Fold8 Ultra;256;Vodafone;netzbetreiber;Mobil XL;XL;neu;1,00;81,95;50,50;;36;0,00;36;;;2026-10-07;https://www.vodafone.de/privat/handys/samsung-galaxy-z-fold8-ultra.html;samsung-galaxy-z-fold8-ultra-256gb-cream;;Tarifgrundpreis Monat 25–36
Bündel;Galaxy Z Fold8 Ultra;256;Vodafone;netzbetreiber;Mobil XS;XS;neu;1,00;31,95;50,50;;36;0,00;36;;;2026-10-07;https://www.vodafone.de/privat/handys/samsung-galaxy-z-fold8-ultra.html;samsung-galaxy-z-fold8-ultra-256gb-cream;;Tarifgrundpreis Monat 25–36
Bündel;Galaxy Z Fold8 Ultra;256;Vodafone;netzbetreiber;Mobil L;L;neu;1,00;61,95;50,50;;36;0,00;36;;;2026-10-07;https://www.vodafone.de/privat/handys/samsung-galaxy-z-fold8-ultra.html;samsung-galaxy-z-fold8-ultra-256gb-grau;;Tarifgrundpreis Monat 25–36
Bündel;Galaxy Z Fold8 Ultra;256;Vodafone;netzbetreiber;Mobil M;M;neu;1,00;51,95;50,50;;36;0,00;36;;;2026-10-07;https://www.vodafone.de/privat/handys/samsung-galaxy-z-fold8-ultra.html;samsung-galaxy-z-fold8-ultra-256gb-grau;;Tarifgrundpreis Monat 25–36
Bündel;Galaxy Z Fold8 Ultra;256;Vodafone;netzbetreiber;Mobil S;S;neu;1,00;41,95;50,50;;36;0,00;36;;;2026-10-07;https://www.vodafone.de/privat/handys/samsung-galaxy-z-fold8-ultra.html;samsung-galaxy-z-fold8-ultra-256gb-grau;;Tarifgrundpreis Monat 25–36
Bündel;Galaxy Z Fold8 Ultra;256;Vodafone;netzbetreiber;Mobil XL;XL;neu;1,00;81,95;50,50;;36;0,00;36;;;2026-10-07;https://www.vodafone.de/privat/handys/samsung-galaxy-z-fold8-ultra.html;samsung-galaxy-z-fold8-ultra-256gb-grau;;Tarifgrundpreis Monat 25–36
Bündel;Galaxy Z Fold8 Ultra;256;Vodafone;netzbetreiber;Mobil XS;XS;neu;1,00;31,95;50,50;;36;0,00;36;;;2026-10-07;https://www.vodafone.de/privat/handys/samsung-galaxy-z-fold8-ultra.html;samsung-galaxy-z-fold8-ultra-256gb-grau;;Tarifgrundpreis Monat 25–36
Bündel;Galaxy Z Fold8 Ultra;256;Vodafone;netzbetreiber;Mobil L;L;neu;1,00;61,95;50,50;;36;0,00;36;;;2026-10-07;https://www.vodafone.de/privat/handys/samsung-galaxy-z-fold8-ultra.html;samsung-galaxy-z-fold8-ultra-256gb-violet-shadow;;Tarifgrundpreis Monat 25–36
Bündel;Galaxy Z Fold8 Ultra;256;Vodafone;netzbetreiber;Mobil M;M;neu;1,00;51,95;50,50;;36;0,00;36;;;2026-10-07;https://www.vodafone.de/privat/handys/samsung-galaxy-z-fold8-ultra.html;samsung-galaxy-z-fold8-ultra-256gb-violet-shadow;;Tarifgrundpreis Monat 25–36
Bündel;Galaxy Z Fold8 Ultra;256;Vodafone;netzbetreiber;Mobil S;S;neu;1,00;41,95;50,50;;36;0,00;36;;;2026-10-07;https://www.vodafone.de/privat/handys/samsung-galaxy-z-fold8-ultra.html;samsung-galaxy-z-fold8-ultra-256gb-violet-shadow;;Tarifgrundpreis Monat 25–36
Bündel;Galaxy Z Fold8 Ultra;256;Vodafone;netzbetreiber;Mobil XL;XL;neu;1,00;81,95;50,50;;36;0,00;36;;;2026-10-07;https://www.vodafone.de/privat/handys/samsung-galaxy-z-fold8-ultra.html;samsung-galaxy-z-fold8-ultra-256gb-violet-shadow;;Tarifgrundpreis Monat 25–36
Bündel;Galaxy Z Fold8 Ultra;256;Vodafone;netzbetreiber;Mobil XS;XS;neu;1,00;31,95;50,50;;36;0,00;36;;;2026-10-07;https://www.vodafone.de/privat/handys/samsung-galaxy-z-fold8-ultra.html;samsung-galaxy-z-fold8-ultra-256gb-violet-shadow;;Tarifgrundpreis Monat 25–36
Bündel;Galaxy Z Fold8 Ultra;512;Vodafone;netzbetreiber;Mobil L;L;neu;1,00;61,95;56,00;;36;0,00;36;;;2026-10-07;https://www.vodafone.de/privat/handys/samsung-galaxy-z-fold8-ultra.html;samsung-galaxy-z-fold8-ultra-512gb-cream;;Tarifgrundpreis Monat 25–36
Bündel;Galaxy Z Fold8 Ultra;512;Vodafone;netzbetreiber;Mobil M;M;neu;1,00;51,95;56,00;;36;0,00;36;;;2026-10-07;https://www.vodafone.de/privat/handys/samsung-galaxy-z-fold8-ultra.html;samsung-galaxy-z-fold8-ultra-512gb-cream;;Tarifgrundpreis Monat 25–36
Bündel;Galaxy Z Fold8 Ultra;512;Vodafone;netzbetreiber;Mobil S;S;neu;1,00;41,95;56,00;;36;0,00;36;;;2026-10-07;https://www.vodafone.de/privat/handys/samsung-galaxy-z-fold8-ultra.html;samsung-galaxy-z-fold8-ultra-512gb-cream;;Tarifgrundpreis Monat 25–36
Bündel;Galaxy Z Fold8 Ultra;512;Vodafone;netzbetreiber;Mobil XL;XL;neu;1,00;81,95;56,00;;36;0,00;36;;;2026-10-07;https://www.vodafone.de/privat/handys/samsung-galaxy-z-fold8-ultra.html;samsung-galaxy-z-fold8-ultra-512gb-cream;;Tarifgrundpreis Monat 25–36
Bündel;Galaxy Z Fold8 Ultra;512;Vodafone;netzbetreiber;Mobil XS;XS;neu;1,00;31,95;56,00;;36;0,00;36;;;2026-10-07;https://www.vodafone.de/privat/handys/samsung-galaxy-z-fold8-ultra.html;samsung-galaxy-z-fold8-ultra-512gb-cream;;Tarifgrundpreis Monat 25–36
Bündel;Galaxy Z Fold8 Ultra;512;Vodafone;netzbetreiber;Mobil L;L;neu;1,00;61,95;56,00;;36;0,00;36;;;2026-10-07;https://www.vodafone.de/privat/handys/samsung-galaxy-z-fold8-ultra.html;samsung-galaxy-z-fold8-ultra-512gb-grau;;Tarifgrundpreis Monat 25–36
Bündel;Galaxy Z Fold8 Ultra;512;Vodafone;netzbetreiber;Mobil M;M;neu;1,00;51,95;56,00;;36;0,00;36;;;2026-10-07;https://www.vodafone.de/privat/handys/samsung-galaxy-z-fold8-ultra.html;samsung-galaxy-z-fold8-ultra-512gb-grau;;Tarifgrundpreis Monat 25–36
Bündel;Galaxy Z Fold8 Ultra;512;Vodafone;netzbetreiber;Mobil S;S;neu;1,00;41,95;56,00;;36;0,00;36;;;2026-10-07;https://www.vodafone.de/privat/handys/samsung-galaxy-z-fold8-ultra.html;samsung-galaxy-z-fold8-ultra-512gb-grau;;Tarifgrundpreis Monat 25–36
Bündel;Galaxy Z Fold8 Ultra;512;Vodafone;netzbetreiber;Mobil XL;XL;neu;1,00;81,95;56,00;;36;0,00;36;;;2026-10-07;https://www.vodafone.de/privat/handys/samsung-galaxy-z-fold8-ultra.html;samsung-galaxy-z-fold8-ultra-512gb-grau;;Tarifgrundpreis Monat 25–36
Bündel;Galaxy Z Fold8 Ultra;512;Vodafone;netzbetreiber;Mobil XS;XS;neu;1,00;31,95;56,00;;36;0,00;36;;;2026-10-07;https://www.vodafone.de/privat/handys/samsung-galaxy-z-fold8-ultra.html;samsung-galaxy-z-fold8-ultra-512gb-grau;;Tarifgrundpreis Monat 25–36
Bündel;Galaxy Z Fold8 Ultra;512;Vodafone;netzbetreiber;Mobil L;L;neu;1,00;61,95;56,00;;36;0,00;36;;;2026-10-07;https://www.vodafone.de/privat/handys/samsung-galaxy-z-fold8-ultra.html;samsung-galaxy-z-fold8-ultra-512gb-violet-shadow;;Tarifgrundpreis Monat 25–36
Bündel;Galaxy Z Fold8 Ultra;512;Vodafone;netzbetreiber;Mobil M;M;neu;1,00;51,95;56,00;;36;0,00;36;;;2026-10-07;https://www.vodafone.de/privat/handys/samsung-galaxy-z-fold8-ultra.html;samsung-galaxy-z-fold8-ultra-512gb-violet-shadow;;Tarifgrundpreis Monat 25–36
Bündel;Galaxy Z Fold8 Ultra;512;Vodafone;netzbetreiber;Mobil S;S;neu;1,00;41,95;56,00;;36;0,00;36;;;2026-10-07;https://www.vodafone.de/privat/handys/samsung-galaxy-z-fold8-ultra.html;samsung-galaxy-z-fold8-ultra-512gb-violet-shadow;;Tarifgrundpreis Monat 25–36
Bündel;Galaxy Z Fold8 Ultra;512;Vodafone;netzbetreiber;Mobil XL;XL;neu;1,00;81,95;56,00;;36;0,00;36;;;2026-10-07;https://www.vodafone.de/privat/handys/samsung-galaxy-z-fold8-ultra.html;samsung-galaxy-z-fold8-ultra-512gb-violet-shadow;;Tarifgrundpreis Monat 25–36
Bündel;Galaxy Z Fold8 Ultra;512;Vodafone;netzbetreiber;Mobil XS;XS;neu;1,00;31,95;56,00;;36;0,00;36;;;2026-10-07;https://www.vodafone.de/privat/handys/samsung-galaxy-z-fold8-ultra.html;samsung-galaxy-z-fold8-ultra-512gb-violet-shadow;;Tarifgrundpreis Monat 25–36
Bündel;Xiaomi 17;512;Vodafone;netzbetreiber;Mobil L;L;neu;1,00;61,95;27,00;;36;0,00;36;;;2026-10-07;https://www.vodafone.de/privat/handys/xiaomi-17.html;xiaomi-17-512gb-schwarz;;Tarifgrundpreis Monat 25–36
Bündel;Xiaomi 17;512;Vodafone;netzbetreiber;Mobil M;M;neu;1,00;51,95;27,00;;36;0,00;36;;;2026-10-07;https://www.vodafone.de/privat/handys/xiaomi-17.html;xiaomi-17-512gb-schwarz;;Tarifgrundpreis Monat 25–36
Bündel;Xiaomi 17;512;Vodafone;netzbetreiber;Mobil S;S;neu;1,00;41,95;27,00;;36;0,00;36;;;2026-10-07;https://www.vodafone.de/privat/handys/xiaomi-17.html;xiaomi-17-512gb-schwarz;;Tarifgrundpreis Monat 25–36
Bündel;Xiaomi 17;512;Vodafone;netzbetreiber;Mobil XL;XL;neu;1,00;81,95;27,00;;36;0,00;36;;;2026-10-07;https://www.vodafone.de/privat/handys/xiaomi-17.html;xiaomi-17-512gb-schwarz;;Tarifgrundpreis Monat 25–36
Bündel;Xiaomi 17;512;Vodafone;netzbetreiber;Mobil XS;XS;neu;1,00;31,95;27,00;;36;0,00;36;;;2026-10-07;https://www.vodafone.de/privat/handys/xiaomi-17.html;xiaomi-17-512gb-schwarz;;Tarifgrundpreis Monat 25–36
Bündel;Xiaomi 17 Ultra;512;Vodafone;netzbetreiber;Mobil L;L;neu;1,00;61,95;35,50;;36;0,00;36;;;2026-10-07;https://www.vodafone.de/privat/handys/xiaomi-17-ultra.html;xiaomi-17-ultra-512gb-schwarz;;Tarifgrundpreis Monat 25–36
Bündel;Xiaomi 17 Ultra;512;Vodafone;netzbetreiber;Mobil M;M;neu;1,00;51,95;35,50;;36;0,00;36;;;2026-10-07;https://www.vodafone.de/privat/handys/xiaomi-17-ultra.html;xiaomi-17-ultra-512gb-schwarz;;Tarifgrundpreis Monat 25–36
Bündel;Xiaomi 17 Ultra;512;Vodafone;netzbetreiber;Mobil S;S;neu;1,00;41,95;35,50;;36;0,00;36;;;2026-10-07;https://www.vodafone.de/privat/handys/xiaomi-17-ultra.html;xiaomi-17-ultra-512gb-schwarz;;Tarifgrundpreis Monat 25–36
Bündel;Xiaomi 17 Ultra;512;Vodafone;netzbetreiber;Mobil XL;XL;neu;1,00;81,95;35,50;;36;0,00;36;;;2026-10-07;https://www.vodafone.de/privat/handys/xiaomi-17-ultra.html;xiaomi-17-ultra-512gb-schwarz;;Tarifgrundpreis Monat 25–36
Bündel;Xiaomi 17 Ultra;512;Vodafone;netzbetreiber;Mobil XS;XS;neu;1,00;31,95;35,50;;36;0,00;36;;;2026-10-07;https://www.vodafone.de/privat/handys/xiaomi-17-ultra.html;xiaomi-17-ultra-512gb-schwarz;;Tarifgrundpreis Monat 25–36
Bündel;Xiaomi 17T;256;Vodafone;netzbetreiber;Mobil L;L;neu;1,00;61,95;17,00;;36;0,00;36;;;2026-10-07;https://www.vodafone.de/privat/handys/xiaomi-17t.html;xiaomi-17t-256gb-schwarz;;Tarifgrundpreis Monat 25–36
Bündel;Xiaomi 17T;256;Vodafone;netzbetreiber;Mobil M;M;neu;1,00;51,95;17,00;;36;0,00;36;;;2026-10-07;https://www.vodafone.de/privat/handys/xiaomi-17t.html;xiaomi-17t-256gb-schwarz;;Tarifgrundpreis Monat 25–36
Bündel;Xiaomi 17T;256;Vodafone;netzbetreiber;Mobil S;S;neu;1,00;41,95;17,00;;36;0,00;36;;;2026-10-07;https://www.vodafone.de/privat/handys/xiaomi-17t.html;xiaomi-17t-256gb-schwarz;;Tarifgrundpreis Monat 25–36
Bündel;Xiaomi 17T;256;Vodafone;netzbetreiber;Mobil XL;XL;neu;1,00;81,95;17,00;;36;0,00;36;;;2026-10-07;https://www.vodafone.de/privat/handys/xiaomi-17t.html;xiaomi-17t-256gb-schwarz;;Tarifgrundpreis Monat 25–36
Bündel;Xiaomi 17T;256;Vodafone;netzbetreiber;Mobil XS;XS;neu;1,00;31,95;17,00;;36;0,00;36;;;2026-10-07;https://www.vodafone.de/privat/handys/xiaomi-17t.html;xiaomi-17t-256gb-schwarz;;Tarifgrundpreis Monat 25–36
Bündel;Xiaomi 17T Pro;512;Vodafone;netzbetreiber;Mobil L;L;neu;1,00;61,95;22,00;;36;0,00;36;;;2026-10-07;https://www.vodafone.de/privat/handys/xiaomi-17t-pro.html;xiaomi-17t-pro-512gb-deep-blue;;Tarifgrundpreis Monat 25–36
Bündel;Xiaomi 17T Pro;512;Vodafone;netzbetreiber;Mobil M;M;neu;1,00;51,95;22,00;;36;0,00;36;;;2026-10-07;https://www.vodafone.de/privat/handys/xiaomi-17t-pro.html;xiaomi-17t-pro-512gb-deep-blue;;Tarifgrundpreis Monat 25–36
Bündel;Xiaomi 17T Pro;512;Vodafone;netzbetreiber;Mobil S;S;neu;1,00;41,95;22,00;;36;0,00;36;;;2026-10-07;https://www.vodafone.de/privat/handys/xiaomi-17t-pro.html;xiaomi-17t-pro-512gb-deep-blue;;Tarifgrundpreis Monat 25–36
Bündel;Xiaomi 17T Pro;512;Vodafone;netzbetreiber;Mobil XL;XL;neu;1,00;81,95;22,00;;36;0,00;36;;;2026-10-07;https://www.vodafone.de/privat/handys/xiaomi-17t-pro.html;xiaomi-17t-pro-512gb-deep-blue;;Tarifgrundpreis Monat 25–36
Bündel;Xiaomi 17T Pro;512;Vodafone;netzbetreiber;Mobil XS;XS;neu;1,00;31,95;22,00;;36;0,00;36;;;2026-10-07;https://www.vodafone.de/privat/handys/xiaomi-17t-pro.html;xiaomi-17t-pro-512gb-deep-blue;;Tarifgrundpreis Monat 25–36
Bündel;Xiaomi 17T Pro;512;Vodafone;netzbetreiber;Mobil L;L;neu;1,00;61,95;22,00;;36;0,00;36;;;2026-10-07;https://www.vodafone.de/privat/handys/xiaomi-17t-pro.html;xiaomi-17t-pro-512gb-schwarz;;Tarifgrundpreis Monat 25–36
Bündel;Xiaomi 17T Pro;512;Vodafone;netzbetreiber;Mobil M;M;neu;1,00;51,95;22,00;;36;0,00;36;;;2026-10-07;https://www.vodafone.de/privat/handys/xiaomi-17t-pro.html;xiaomi-17t-pro-512gb-schwarz;;Tarifgrundpreis Monat 25–36
Bündel;Xiaomi 17T Pro;512;Vodafone;netzbetreiber;Mobil S;S;neu;1,00;41,95;22,00;;36;0,00;36;;;2026-10-07;https://www.vodafone.de/privat/handys/xiaomi-17t-pro.html;xiaomi-17t-pro-512gb-schwarz;;Tarifgrundpreis Monat 25–36
Bündel;Xiaomi 17T Pro;512;Vodafone;netzbetreiber;Mobil XL;XL;neu;1,00;81,95;22,00;;36;0,00;36;;;2026-10-07;https://www.vodafone.de/privat/handys/xiaomi-17t-pro.html;xiaomi-17t-pro-512gb-schwarz;;Tarifgrundpreis Monat 25–36
Bündel;Xiaomi 17T Pro;512;Vodafone;netzbetreiber;Mobil XS;XS;neu;1,00;31,95;22,00;;36;0,00;36;;;2026-10-07;https://www.vodafone.de/privat/handys/xiaomi-17t-pro.html;xiaomi-17t-pro-512gb-schwarz;;Tarifgrundpreis Monat 25–36
Bündel;Redmi 17;128;Vodafone;netzbetreiber;Mobil L;L;neu;1,00;61,95;6,00;;36;0,00;36;;;2026-10-07;https://www.vodafone.de/privat/handys/xiaomi-redmi-17-5g.html;xiaomi-redmi-17-128gb-deep-blue;;Tarifgrundpreis Monat 25–36
Bündel;Redmi 17;128;Vodafone;netzbetreiber;Mobil M;M;neu;1,00;51,95;6,00;;36;0,00;36;;;2026-10-07;https://www.vodafone.de/privat/handys/xiaomi-redmi-17-5g.html;xiaomi-redmi-17-128gb-deep-blue;;Tarifgrundpreis Monat 25–36
Bündel;Redmi 17;128;Vodafone;netzbetreiber;Mobil S;S;neu;1,00;41,95;6,00;;36;0,00;36;;;2026-10-07;https://www.vodafone.de/privat/handys/xiaomi-redmi-17-5g.html;xiaomi-redmi-17-128gb-deep-blue;;Tarifgrundpreis Monat 25–36
Bündel;Redmi 17;128;Vodafone;netzbetreiber;Mobil XL;XL;neu;1,00;81,95;6,00;;36;0,00;36;;;2026-10-07;https://www.vodafone.de/privat/handys/xiaomi-redmi-17-5g.html;xiaomi-redmi-17-128gb-deep-blue;;Tarifgrundpreis Monat 25–36
Bündel;Redmi 17;128;Vodafone;netzbetreiber;Mobil XS;XS;neu;1,00;31,95;6,00;;36;0,00;36;;;2026-10-07;https://www.vodafone.de/privat/handys/xiaomi-redmi-17-5g.html;xiaomi-redmi-17-128gb-deep-blue;;Tarifgrundpreis Monat 25–36
Bündel;Redmi 17;128;Vodafone;netzbetreiber;Mobil L;L;neu;1,00;61,95;6,00;;36;0,00;36;;;2026-10-07;https://www.vodafone.de/privat/handys/xiaomi-redmi-17-5g.html;xiaomi-redmi-17-128gb-schwarz;;Tarifgrundpreis Monat 25–36
Bündel;Redmi 17;128;Vodafone;netzbetreiber;Mobil M;M;neu;1,00;51,95;6,00;;36;0,00;36;;;2026-10-07;https://www.vodafone.de/privat/handys/xiaomi-redmi-17-5g.html;xiaomi-redmi-17-128gb-schwarz;;Tarifgrundpreis Monat 25–36
Bündel;Redmi 17;128;Vodafone;netzbetreiber;Mobil S;S;neu;1,00;41,95;6,00;;36;0,00;36;;;2026-10-07;https://www.vodafone.de/privat/handys/xiaomi-redmi-17-5g.html;xiaomi-redmi-17-128gb-schwarz;;Tarifgrundpreis Monat 25–36
Bündel;Redmi 17;128;Vodafone;netzbetreiber;Mobil XL;XL;neu;1,00;81,95;6,00;;36;0,00;36;;;2026-10-07;https://www.vodafone.de/privat/handys/xiaomi-redmi-17-5g.html;xiaomi-redmi-17-128gb-schwarz;;Tarifgrundpreis Monat 25–36
Bündel;Redmi 17;128;Vodafone;netzbetreiber;Mobil XS;XS;neu;1,00;31,95;6,00;;36;0,00;36;;;2026-10-07;https://www.vodafone.de/privat/handys/xiaomi-redmi-17-5g.html;xiaomi-redmi-17-128gb-schwarz;;Tarifgrundpreis Monat 25–36
Bündel;Redmi Note 15;256;Vodafone;netzbetreiber;Mobil L;L;neu;1,00;61,95;7,50;;36;0,00;36;;;2026-10-07;https://www.vodafone.de/privat/handys/xiaomi-redmi-note-15-5g.html;xiaomi-redmi-note-15-256gb-blau;;Tarifgrundpreis Monat 25–36
Bündel;Redmi Note 15;256;Vodafone;netzbetreiber;Mobil M;M;neu;1,00;51,95;7,50;;36;0,00;36;;;2026-10-07;https://www.vodafone.de/privat/handys/xiaomi-redmi-note-15-5g.html;xiaomi-redmi-note-15-256gb-blau;;Tarifgrundpreis Monat 25–36
Bündel;Redmi Note 15;256;Vodafone;netzbetreiber;Mobil S;S;neu;1,00;41,95;7,50;;36;0,00;36;;;2026-10-07;https://www.vodafone.de/privat/handys/xiaomi-redmi-note-15-5g.html;xiaomi-redmi-note-15-256gb-blau;;Tarifgrundpreis Monat 25–36
Bündel;Redmi Note 15;256;Vodafone;netzbetreiber;Mobil XL;XL;neu;1,00;81,95;7,50;;36;0,00;36;;;2026-10-07;https://www.vodafone.de/privat/handys/xiaomi-redmi-note-15-5g.html;xiaomi-redmi-note-15-256gb-blau;;Tarifgrundpreis Monat 25–36
Bündel;Redmi Note 15;256;Vodafone;netzbetreiber;Mobil XS;XS;neu;1,00;31,95;7,50;;36;0,00;36;;;2026-10-07;https://www.vodafone.de/privat/handys/xiaomi-redmi-note-15-5g.html;xiaomi-redmi-note-15-256gb-blau;;Tarifgrundpreis Monat 25–36
Bündel;Redmi Note 17;128;Vodafone;netzbetreiber;Mobil L;L;neu;1,00;61,95;8,00;;36;0,00;36;;;2026-10-07;https://www.vodafone.de/privat/handys/xiaomi-redmi-note-17-5g.html;xiaomi-redmi-note-17-128gb-schwarz;;Tarifgrundpreis Monat 25–36
Bündel;Redmi Note 17;128;Vodafone;netzbetreiber;Mobil M;M;neu;1,00;51,95;8,00;;36;0,00;36;;;2026-10-07;https://www.vodafone.de/privat/handys/xiaomi-redmi-note-17-5g.html;xiaomi-redmi-note-17-128gb-schwarz;;Tarifgrundpreis Monat 25–36
Bündel;Redmi Note 17;128;Vodafone;netzbetreiber;Mobil S;S;neu;1,00;41,95;8,00;;36;0,00;36;;;2026-10-07;https://www.vodafone.de/privat/handys/xiaomi-redmi-note-17-5g.html;xiaomi-redmi-note-17-128gb-schwarz;;Tarifgrundpreis Monat 25–36
Bündel;Redmi Note 17;128;Vodafone;netzbetreiber;Mobil XL;XL;neu;1,00;81,95;8,00;;36;0,00;36;;;2026-10-07;https://www.vodafone.de/privat/handys/xiaomi-redmi-note-17-5g.html;xiaomi-redmi-note-17-128gb-schwarz;;Tarifgrundpreis Monat 25–36
Bündel;Redmi Note 17;128;Vodafone;netzbetreiber;Mobil XS;XS;neu;1,00;31,95;8,00;;36;0,00;36;;;2026-10-07;https://www.vodafone.de/privat/handys/xiaomi-redmi-note-17-5g.html;xiaomi-redmi-note-17-128gb-schwarz;;Tarifgrundpreis Monat 25–36
Bündel;Redmi Note 17 Pro;256;Vodafone;netzbetreiber;Mobil L;L;neu;1,00;61,95;11,00;;36;0,00;36;;;2026-10-07;https://www.vodafone.de/privat/handys/xiaomi-redmi-note-17-pro-5g.html;xiaomi-redmi-note-17-pro-256gb-schwarz;;Tarifgrundpreis Monat 25–36
Bündel;Redmi Note 17 Pro;256;Vodafone;netzbetreiber;Mobil M;M;neu;1,00;51,95;11,00;;36;0,00;36;;;2026-10-07;https://www.vodafone.de/privat/handys/xiaomi-redmi-note-17-pro-5g.html;xiaomi-redmi-note-17-pro-256gb-schwarz;;Tarifgrundpreis Monat 25–36
Bündel;Redmi Note 17 Pro;256;Vodafone;netzbetreiber;Mobil S;S;neu;1,00;41,95;11,00;;36;0,00;36;;;2026-10-07;https://www.vodafone.de/privat/handys/xiaomi-redmi-note-17-pro-5g.html;xiaomi-redmi-note-17-pro-256gb-schwarz;;Tarifgrundpreis Monat 25–36
Bündel;Redmi Note 17 Pro;256;Vodafone;netzbetreiber;Mobil XL;XL;neu;1,00;81,95;11,00;;36;0,00;36;;;2026-10-07;https://www.vodafone.de/privat/handys/xiaomi-redmi-note-17-pro-5g.html;xiaomi-redmi-note-17-pro-256gb-schwarz;;Tarifgrundpreis Monat 25–36
Bündel;Redmi Note 17 Pro;256;Vodafone;netzbetreiber;Mobil XS;XS;neu;1,00;31,95;11,00;;36;0,00;36;;;2026-10-07;https://www.vodafone.de/privat/handys/xiaomi-redmi-note-17-pro-5g.html;xiaomi-redmi-note-17-pro-256gb-schwarz;;Tarifgrundpreis Monat 25–36
Bündel;Redmi Note 17 Pro;256;Vodafone;netzbetreiber;Mobil L;L;neu;1,00;61,95;11,00;;36;0,00;36;;;2026-10-07;https://www.vodafone.de/privat/handys/xiaomi-redmi-note-17-pro-5g.html;xiaomi-redmi-note-17-pro-256gb-sky-blue;;Tarifgrundpreis Monat 25–36
Bündel;Redmi Note 17 Pro;256;Vodafone;netzbetreiber;Mobil M;M;neu;1,00;51,95;11,00;;36;0,00;36;;;2026-10-07;https://www.vodafone.de/privat/handys/xiaomi-redmi-note-17-pro-5g.html;xiaomi-redmi-note-17-pro-256gb-sky-blue;;Tarifgrundpreis Monat 25–36
Bündel;Redmi Note 17 Pro;256;Vodafone;netzbetreiber;Mobil S;S;neu;1,00;41,95;11,00;;36;0,00;36;;;2026-10-07;https://www.vodafone.de/privat/handys/xiaomi-redmi-note-17-pro-5g.html;xiaomi-redmi-note-17-pro-256gb-sky-blue;;Tarifgrundpreis Monat 25–36
Bündel;Redmi Note 17 Pro;256;Vodafone;netzbetreiber;Mobil XL;XL;neu;1,00;81,95;11,00;;36;0,00;36;;;2026-10-07;https://www.vodafone.de/privat/handys/xiaomi-redmi-note-17-pro-5g.html;xiaomi-redmi-note-17-pro-256gb-sky-blue;;Tarifgrundpreis Monat 25–36
Bündel;Redmi Note 17 Pro;256;Vodafone;netzbetreiber;Mobil XS;XS;neu;1,00;31,95;11,00;;36;0,00;36;;;2026-10-07;https://www.vodafone.de/privat/handys/xiaomi-redmi-note-17-pro-5g.html;xiaomi-redmi-note-17-pro-256gb-sky-blue;;Tarifgrundpreis Monat 25–36
Bündel;iPhone 16;128;congstar;discount;Allnet Flat L;L;neu;1,00;30,00;18,00;;36;15,00;36;;;2026-10-07;https://www.congstar.de/geraete/apple/apple-iphone-16/;apple-iphone-16-128gb-weiss;;Tarifgrundpreis Monat 25–36
Bündel;iPhone 16;128;congstar;discount;Allnet Flat L Flex;L;neu;1,00;30,00;21,00;;36;35,00;36;;;2026-10-07;https://www.congstar.de/geraete/apple/apple-iphone-16/;apple-iphone-16-128gb-weiss;;Tarifgrundpreis Monat 25–36
Bündel;iPhone 16;128;congstar;discount;Allnet Flat M;L;neu;1,00;25,00;18,00;;36;15,00;36;;;2026-10-07;https://www.congstar.de/geraete/apple/apple-iphone-16/;apple-iphone-16-128gb-weiss;;Tarifgrundpreis Monat 25–36
Bündel;iPhone 16;128;congstar;discount;Allnet Flat M Flex;L;neu;1,00;25,00;21,00;;36;35,00;36;;;2026-10-07;https://www.congstar.de/geraete/apple/apple-iphone-16/;apple-iphone-16-128gb-weiss;;Tarifgrundpreis Monat 25–36
Bündel;iPhone 16;128;congstar;discount;Allnet Flat S;M;neu;1,00;20,00;20,00;;36;15,00;36;;;2026-10-07;https://www.congstar.de/geraete/apple/apple-iphone-16/;apple-iphone-16-128gb-weiss;;Tarifgrundpreis Monat 25–36
Bündel;iPhone 16;128;congstar;discount;Allnet Flat S Flex;M;neu;1,00;20,00;21,00;;36;35,00;36;;;2026-10-07;https://www.congstar.de/geraete/apple/apple-iphone-16/;apple-iphone-16-128gb-weiss;;Tarifgrundpreis Monat 25–36
Bündel;iPhone 16;128;congstar;discount;Allnet Flat XS;XS;neu;1,00;15,00;21,00;;36;15,00;36;;;2026-10-07;https://www.congstar.de/geraete/apple/apple-iphone-16/;apple-iphone-16-128gb-weiss;;Tarifgrundpreis Monat 25–36
Bündel;iPhone 16;128;congstar;discount;Allnet Flat XS Flex;XS;neu;1,00;15,00;21,00;;36;35,00;36;;;2026-10-07;https://www.congstar.de/geraete/apple/apple-iphone-16/;apple-iphone-16-128gb-weiss;;Tarifgrundpreis Monat 25–36
Bündel;iPhone 16e;128;congstar;discount;Allnet Flat L;L;neu;39,00;30,00;8,50;;36;15,00;36;;;2026-10-04;https://www.congstar.de/geraete/apple/apple-iphone-16e/;apple-iphone-16e-128gb-schwarz;;Tarifgrundpreis Monat 25–36
Bündel;iPhone 16e;128;congstar;discount;Allnet Flat L Flex;L;neu;39,00;30,00;15,00;;36;35,00;36;;;2026-10-04;https://www.congstar.de/geraete/apple/apple-iphone-16e/;apple-iphone-16e-128gb-schwarz;;Tarifgrundpreis Monat 25–36
Bündel;iPhone 16e;128;congstar;discount;Allnet Flat M;L;neu;39,00;25,00;9,50;;36;15,00;36;;;2026-10-04;https://www.congstar.de/geraete/apple/apple-iphone-16e/;apple-iphone-16e-128gb-schwarz;;Tarifgrundpreis Monat 25–36
Bündel;iPhone 16e;128;congstar;discount;Allnet Flat M Flex;L;neu;39,00;25,00;15,00;;36;35,00;36;;;2026-10-04;https://www.congstar.de/geraete/apple/apple-iphone-16e/;apple-iphone-16e-128gb-schwarz;;Tarifgrundpreis Monat 25–36
Bündel;iPhone 16e;128;congstar;discount;Allnet Flat S;M;neu;39,00;20,00;11,50;;36;15,00;36;;;2026-10-04;https://www.congstar.de/geraete/apple/apple-iphone-16e/;apple-iphone-16e-128gb-schwarz;;Tarifgrundpreis Monat 25–36
Bündel;iPhone 16e;128;congstar;discount;Allnet Flat S Flex;M;neu;39,00;20,00;15,00;;36;35,00;36;;;2026-10-04;https://www.congstar.de/geraete/apple/apple-iphone-16e/;apple-iphone-16e-128gb-schwarz;;Tarifgrundpreis Monat 25–36
Bündel;iPhone 16e;128;congstar;discount;Allnet Flat XS;XS;neu;39,00;15,00;12,50;;36;15,00;36;;;2026-10-04;https://www.congstar.de/geraete/apple/apple-iphone-16e/;apple-iphone-16e-128gb-schwarz;;Tarifgrundpreis Monat 25–36
Bündel;iPhone 16e;128;congstar;discount;Allnet Flat XS Flex;XS;neu;39,00;15,00;15,00;;36;35,00;36;;;2026-10-04;https://www.congstar.de/geraete/apple/apple-iphone-16e/;apple-iphone-16e-128gb-schwarz;;Tarifgrundpreis Monat 25–36
Bündel;iPhone 16e;128;congstar;discount;Allnet Flat L;L;neu;39,00;30,00;8,50;;36;15,00;36;;;2026-10-07;https://www.congstar.de/geraete/apple/apple-iphone-16e/;apple-iphone-16e-128gb-weiss;;Tarifgrundpreis Monat 25–36
Bündel;iPhone 16e;128;congstar;discount;Allnet Flat L Flex;L;neu;39,00;30,00;15,00;;36;35,00;36;;;2026-10-07;https://www.congstar.de/geraete/apple/apple-iphone-16e/;apple-iphone-16e-128gb-weiss;;Tarifgrundpreis Monat 25–36
Bündel;iPhone 16e;128;congstar;discount;Allnet Flat M;L;neu;39,00;25,00;9,50;;36;15,00;36;;;2026-10-07;https://www.congstar.de/geraete/apple/apple-iphone-16e/;apple-iphone-16e-128gb-weiss;;Tarifgrundpreis Monat 25–36
Bündel;iPhone 16e;128;congstar;discount;Allnet Flat M Flex;L;neu;39,00;25,00;15,00;;36;35,00;36;;;2026-10-07;https://www.congstar.de/geraete/apple/apple-iphone-16e/;apple-iphone-16e-128gb-weiss;;Tarifgrundpreis Monat 25–36
Bündel;iPhone 16e;128;congstar;discount;Allnet Flat S;M;neu;39,00;20,00;11,50;;36;15,00;36;;;2026-10-07;https://www.congstar.de/geraete/apple/apple-iphone-16e/;apple-iphone-16e-128gb-weiss;;Tarifgrundpreis Monat 25–36
Bündel;iPhone 16e;128;congstar;discount;Allnet Flat S Flex;M;neu;39,00;20,00;15,00;;36;35,00;36;;;2026-10-07;https://www.congstar.de/geraete/apple/apple-iphone-16e/;apple-iphone-16e-128gb-weiss;;Tarifgrundpreis Monat 25–36
Bündel;iPhone 16e;128;congstar;discount;Allnet Flat XS;XS;neu;39,00;15,00;12,50;;36;15,00;36;;;2026-10-07;https://www.congstar.de/geraete/apple/apple-iphone-16e/;apple-iphone-16e-128gb-weiss;;Tarifgrundpreis Monat 25–36
Bündel;iPhone 16e;128;congstar;discount;Allnet Flat XS Flex;XS;neu;39,00;15,00;15,00;;36;35,00;36;;;2026-10-07;https://www.congstar.de/geraete/apple/apple-iphone-16e/;apple-iphone-16e-128gb-weiss;;Tarifgrundpreis Monat 25–36
Bündel;iPhone 17;256;congstar;discount;Allnet Flat L;L;neu;79,00;30,00;23,00;;36;15,00;36;;;2026-10-07;https://www.congstar.de/geraete/apple/apple-iphone-17/;apple-iphone-17-256gb-weiss;;Tarifgrundpreis Monat 25–36
Bündel;iPhone 17;256;congstar;discount;Allnet Flat L Flex;L;neu;79,00;30,00;27,00;;36;35,00;36;;;2026-10-07;https://www.congstar.de/geraete/apple/apple-iphone-17/;apple-iphone-17-256gb-weiss;;Tarifgrundpreis Monat 25–36
Bündel;iPhone 17;256;congstar;discount;Allnet Flat M;L;neu;79,00;25,00;24,00;;36;15,00;36;;;2026-10-07;https://www.congstar.de/geraete/apple/apple-iphone-17/;apple-iphone-17-256gb-weiss;;Tarifgrundpreis Monat 25–36
Bündel;iPhone 17;256;congstar;discount;Allnet Flat M Flex;L;neu;79,00;25,00;27,00;;36;35,00;36;;;2026-10-07;https://www.congstar.de/geraete/apple/apple-iphone-17/;apple-iphone-17-256gb-weiss;;Tarifgrundpreis Monat 25–36
Bündel;iPhone 17;256;congstar;discount;Allnet Flat S;M;neu;79,00;20,00;25,00;;36;15,00;36;;;2026-10-07;https://www.congstar.de/geraete/apple/apple-iphone-17/;apple-iphone-17-256gb-weiss;;Tarifgrundpreis Monat 25–36
Bündel;iPhone 17;256;congstar;discount;Allnet Flat S Flex;M;neu;79,00;20,00;27,00;;36;35,00;36;;;2026-10-07;https://www.congstar.de/geraete/apple/apple-iphone-17/;apple-iphone-17-256gb-weiss;;Tarifgrundpreis Monat 25–36
Bündel;iPhone 17;256;congstar;discount;Allnet Flat XS;XS;neu;79,00;15,00;26,00;;36;15,00;36;;;2026-10-07;https://www.congstar.de/geraete/apple/apple-iphone-17/;apple-iphone-17-256gb-weiss;;Tarifgrundpreis Monat 25–36
Bündel;iPhone 17;256;congstar;discount;Allnet Flat XS Flex;XS;neu;79,00;15,00;27,00;;36;35,00;36;;;2026-10-07;https://www.congstar.de/geraete/apple/apple-iphone-17/;apple-iphone-17-256gb-weiss;;Tarifgrundpreis Monat 25–36
Bündel;iPhone 17;256;congstar;discount;Allnet Flat L;L;refurbished;1,00;29,00;21,00;;36;0,00;36;;;2026-09-29;https://www.congstar.de/geraete/apple/apple-iphone-17-zustand-wie-neu/;apple-iphone-17-256gb-weiss-refurbished;Aktion abgelaufen;Tarifgrundpreis Monat 25–36
Bündel;iPhone 17;256;congstar;discount;Allnet Flat L Flex;L;refurbished;1,00;29,00;21,00;;36;0,00;36;;;2026-09-29;https://www.congstar.de/geraete/apple/apple-iphone-17-zustand-wie-neu/;apple-iphone-17-256gb-weiss-refurbished;Aktion abgelaufen;Tarifgrundpreis Monat 25–36
Bündel;iPhone 17;256;congstar;discount;Allnet Flat M;L;refurbished;1,00;24,00;21,00;;36;0,00;36;;;2026-09-29;https://www.congstar.de/geraete/apple/apple-iphone-17-zustand-wie-neu/;apple-iphone-17-256gb-weiss-refurbished;Aktion abgelaufen;Tarifgrundpreis Monat 25–36
Bündel;iPhone 17;256;congstar;discount;Allnet Flat M Flex;L;refurbished;1,00;24,00;21,00;;36;0,00;36;;;2026-09-29;https://www.congstar.de/geraete/apple/apple-iphone-17-zustand-wie-neu/;apple-iphone-17-256gb-weiss-refurbished;Aktion abgelaufen;Tarifgrundpreis Monat 25–36
Bündel;iPhone 17;256;congstar;discount;Allnet Flat S;M;refurbished;1,00;20,00;21,00;;36;0,00;36;;;2026-09-29;https://www.congstar.de/geraete/apple/apple-iphone-17-zustand-wie-neu/;apple-iphone-17-256gb-weiss-refurbished;Aktion abgelaufen;Tarifgrundpreis Monat 25–36
Bündel;iPhone 17;256;congstar;discount;Allnet Flat S Flex;M;refurbished;1,00;20,00;21,00;;36;0,00;36;;;2026-09-29;https://www.congstar.de/geraete/apple/apple-iphone-17-zustand-wie-neu/;apple-iphone-17-256gb-weiss-refurbished;Aktion abgelaufen;Tarifgrundpreis Monat 25–36
Bündel;iPhone 17;256;congstar;discount;Allnet Flat XS;XS;refurbished;1,00;15,00;21,00;;36;0,00;36;;;2026-09-29;https://www.congstar.de/geraete/apple/apple-iphone-17-zustand-wie-neu/;apple-iphone-17-256gb-weiss-refurbished;Aktion abgelaufen;Tarifgrundpreis Monat 25–36
Bündel;iPhone 17;256;congstar;discount;Allnet Flat XS Flex;XS;refurbished;1,00;15,00;21,00;;36;0,00;36;;;2026-09-29;https://www.congstar.de/geraete/apple/apple-iphone-17-zustand-wie-neu/;apple-iphone-17-256gb-weiss-refurbished;Aktion abgelaufen;Tarifgrundpreis Monat 25–36
Bündel;iPhone 17;512;congstar;discount;Allnet Flat L;L;neu;1,00;29,00;29,00;;36;0,00;36;;;2026-09-12;https://www.congstar.de/handytarife/allnet-flat-tarife/allnet-flat-l/;apple-iphone-17-512gb-schwarz;veraltet;Tarifgrundpreis Monat 25–36
Bündel;iPhone 17;512;congstar;discount;Allnet Flat L Flex;L;neu;1,00;29,00;33,00;;36;0,00;36;;;2026-09-12;https://www.congstar.de/handytarife/allnet-flat-tarife/allnet-flat-l/;apple-iphone-17-512gb-schwarz;veraltet;Tarifgrundpreis Monat 25–36
Bündel;iPhone 17;512;congstar;discount;Allnet Flat M;L;neu;1,00;24,00;30,00;;36;0,00;36;;;2026-09-12;https://www.congstar.de/handytarife/allnet-flat-tarife/allnet-flat-m/;apple-iphone-17-512gb-schwarz;Quarantäne;Tarifgrundpreis Monat 25–36
Bündel;iPhone 17;512;congstar;discount;Allnet Flat M Flex;L;neu;1,00;24,00;33,00;;36;0,00;36;;;2026-09-12;https://www.congstar.de/handytarife/allnet-flat-tarife/allnet-flat-m/;apple-iphone-17-512gb-schwarz;Quarantäne;Tarifgrundpreis Monat 25–36
Bündel;iPhone 17;512;congstar;discount;Allnet Flat S;M;neu;1,00;20,00;31,00;;36;0,00;36;;;2026-09-12;https://www.congstar.de/handytarife/allnet-flat-tarife/allnet-flat-s/;apple-iphone-17-512gb-schwarz;veraltet;Tarifgrundpreis Monat 25–36
Bündel;iPhone 17;512;congstar;discount;Allnet Flat S Flex;M;neu;1,00;20,00;33,00;;36;0,00;36;;;2026-09-12;https://www.congstar.de/handytarife/allnet-flat-tarife/allnet-flat-s/;apple-iphone-17-512gb-schwarz;veraltet;Tarifgrundpreis Monat 25–36
Bündel;iPhone 17;512;congstar;discount;Allnet Flat XS;XS;neu;1,00;15,00;32,00;;36;0,00;36;;;2026-09-12;https://www.congstar.de/handytarife/allnet-flat-tarife/allnet-flat-xs/;apple-iphone-17-512gb-schwarz;veraltet;Tarifgrundpreis Monat 25–36
Bündel;iPhone 17;512;congstar;discount;Allnet Flat XS Flex;XS;neu;1,00;15,00;33,00;;36;0,00;36;;;2026-09-12;https://www.congstar.de/handytarife/allnet-flat-tarife/allnet-flat-xs/;apple-iphone-17-512gb-schwarz;veraltet;Tarifgrundpreis Monat 25–36
Bündel;iPhone 17;512;congstar;discount;Allnet Flat L;L;neu;149,00;30,00;28,50;;36;15,00;36;;;2026-10-07;https://www.congstar.de/geraete/apple/apple-iphone-17/;apple-iphone-17-512gb-weiss;;Tarifgrundpreis Monat 25–36
Bündel;iPhone 17;512;congstar;discount;Allnet Flat L Flex;L;neu;149,00;30,00;32,50;;36;35,00;36;;;2026-10-07;https://www.congstar.de/geraete/apple/apple-iphone-17/;apple-iphone-17-512gb-weiss;;Tarifgrundpreis Monat 25–36
Bündel;iPhone 17;512;congstar;discount;Allnet Flat M;L;neu;149,00;25,00;29,50;;36;15,00;36;;;2026-10-07;https://www.congstar.de/geraete/apple/apple-iphone-17/;apple-iphone-17-512gb-weiss;;Tarifgrundpreis Monat 25–36
Bündel;iPhone 17;512;congstar;discount;Allnet Flat M Flex;L;neu;149,00;25,00;32,50;;36;35,00;36;;;2026-10-07;https://www.congstar.de/geraete/apple/apple-iphone-17/;apple-iphone-17-512gb-weiss;;Tarifgrundpreis Monat 25–36
Bündel;iPhone 17;512;congstar;discount;Allnet Flat S;M;neu;149,00;20,00;30,50;;36;15,00;36;;;2026-10-07;https://www.congstar.de/geraete/apple/apple-iphone-17/;apple-iphone-17-512gb-weiss;;Tarifgrundpreis Monat 25–36
Bündel;iPhone 17;512;congstar;discount;Allnet Flat S Flex;M;neu;149,00;20,00;32,50;;36;35,00;36;;;2026-10-07;https://www.congstar.de/geraete/apple/apple-iphone-17/;apple-iphone-17-512gb-weiss;;Tarifgrundpreis Monat 25–36
Bündel;iPhone 17;512;congstar;discount;Allnet Flat XS;XS;neu;149,00;15,00;31,50;;36;15,00;36;;;2026-10-07;https://www.congstar.de/geraete/apple/apple-iphone-17/;apple-iphone-17-512gb-weiss;;Tarifgrundpreis Monat 25–36
Bündel;iPhone 17;512;congstar;discount;Allnet Flat XS Flex;XS;neu;149,00;15,00;32,50;;36;35,00;36;;;2026-10-07;https://www.congstar.de/geraete/apple/apple-iphone-17/;apple-iphone-17-512gb-weiss;;Tarifgrundpreis Monat 25–36
Bündel;iPhone 17 Pro;256;congstar;discount;Allnet Flat L;L;neu;1,00;29,00;26,50;;36;0,00;36;;;2026-09-21;https://www.congstar.de/handytarife/allnet-flat-tarife/allnet-flat-l/;apple-iphone-17-pro-256gb-cosmic-orange;veraltet;Tarifgrundpreis Monat 25–36
Bündel;iPhone 17 Pro;256;congstar;discount;Allnet Flat L Flex;L;neu;1,00;29,00;34,00;;36;0,00;36;;;2026-09-21;https://www.congstar.de/handytarife/allnet-flat-tarife/allnet-flat-l/;apple-iphone-17-pro-256gb-cosmic-orange;veraltet;Tarifgrundpreis Monat 25–36
Bündel;iPhone 17 Pro;256;congstar;discount;Allnet Flat M;L;neu;1,00;24,00;27,50;;36;0,00;36;;;2026-09-21;https://www.congstar.de/handytarife/allnet-flat-tarife/allnet-flat-m/;apple-iphone-17-pro-256gb-cosmic-orange;Quarantäne;Tarifgrundpreis Monat 25–36
Bündel;iPhone 17 Pro;256;congstar;discount;Allnet Flat M Flex;L;neu;1,00;24,00;34,00;;36;0,00;36;;;2026-09-21;https://www.congstar.de/handytarife/allnet-flat-tarife/allnet-flat-m/;apple-iphone-17-pro-256gb-cosmic-orange;Quarantäne;Tarifgrundpreis Monat 25–36
Bündel;iPhone 17 Pro;256;congstar;discount;Allnet Flat S;M;neu;1,00;20,00;28,50;;36;0,00;36;;;2026-09-21;https://www.congstar.de/handytarife/allnet-flat-tarife/allnet-flat-s/;apple-iphone-17-pro-256gb-cosmic-orange;veraltet;Tarifgrundpreis Monat 25–36
Bündel;iPhone 17 Pro;256;congstar;discount;Allnet Flat S Flex;M;neu;1,00;20,00;34,00;;36;0,00;36;;;2026-09-21;https://www.congstar.de/handytarife/allnet-flat-tarife/allnet-flat-s/;apple-iphone-17-pro-256gb-cosmic-orange;veraltet;Tarifgrundpreis Monat 25–36
Bündel;iPhone 17 Pro;256;congstar;discount;Allnet Flat XS;XS;neu;1,00;15,00;30,50;;36;0,00;36;;;2026-09-21;https://www.congstar.de/handytarife/allnet-flat-tarife/allnet-flat-xs/;apple-iphone-17-pro-256gb-cosmic-orange;veraltet;Tarifgrundpreis Monat 25–36
Bündel;iPhone 17 Pro;256;congstar;discount;Allnet Flat XS Flex;XS;neu;1,00;15,00;34,00;;36;0,00;36;;;2026-09-21;https://www.congstar.de/handytarife/allnet-flat-tarife/allnet-flat-xs/;apple-iphone-17-pro-256gb-cosmic-orange;veraltet;Tarifgrundpreis Monat 25–36
Bündel;iPhone 17 Pro;256;congstar;discount;Allnet Flat L;L;neu;1,00;29,00;26,50;;36;0,00;36;;;2026-09-28;https://www.congstar.de/handytarife/allnet-flat-tarife/allnet-flat-l/;apple-iphone-17-pro-256gb-silber;Aktion abgelaufen;Tarifgrundpreis Monat 25–36
Bündel;iPhone 17 Pro;256;congstar;discount;Allnet Flat L Flex;L;neu;1,00;29,00;34,00;;36;0,00;36;;;2026-09-28;https://www.congstar.de/handytarife/allnet-flat-tarife/allnet-flat-l/;apple-iphone-17-pro-256gb-silber;Aktion abgelaufen;Tarifgrundpreis Monat 25–36
Bündel;iPhone 17 Pro;256;congstar;discount;Allnet Flat M;L;neu;1,00;24,00;27,50;;36;0,00;36;;;2026-09-28;https://www.congstar.de/handytarife/allnet-flat-tarife/allnet-flat-m/;apple-iphone-17-pro-256gb-silber;Aktion abgelaufen;Tarifgrundpreis Monat 25–36
Bündel;iPhone 17 Pro;256;congstar;discount;Allnet Flat M Flex;L;neu;1,00;24,00;34,00;;36;0,00;36;;;2026-09-28;https://www.congstar.de/handytarife/allnet-flat-tarife/allnet-flat-m/;apple-iphone-17-pro-256gb-silber;Aktion abgelaufen;Tarifgrundpreis Monat 25–36
Bündel;iPhone 17 Pro;256;congstar;discount;Allnet Flat S;M;neu;1,00;20,00;28,50;;36;0,00;36;;;2026-09-28;https://www.congstar.de/handytarife/allnet-flat-tarife/allnet-flat-s/;apple-iphone-17-pro-256gb-silber;Aktion abgelaufen;Tarifgrundpreis Monat 25–36
Bündel;iPhone 17 Pro;256;congstar;discount;Allnet Flat S Flex;M;neu;1,00;20,00;34,00;;36;0,00;36;;;2026-09-28;https://www.congstar.de/handytarife/allnet-flat-tarife/allnet-flat-s/;apple-iphone-17-pro-256gb-silber;Aktion abgelaufen;Tarifgrundpreis Monat 25–36
Bündel;iPhone 17 Pro;256;congstar;discount;Allnet Flat XS;XS;neu;1,00;15,00;30,50;;36;0,00;36;;;2026-09-28;https://www.congstar.de/handytarife/allnet-flat-tarife/allnet-flat-xs/;apple-iphone-17-pro-256gb-silber;Aktion abgelaufen;Tarifgrundpreis Monat 25–36
Bündel;iPhone 17 Pro;256;congstar;discount;Allnet Flat XS Flex;XS;neu;1,00;15,00;34,00;;36;0,00;36;;;2026-09-28;https://www.congstar.de/handytarife/allnet-flat-tarife/allnet-flat-xs/;apple-iphone-17-pro-256gb-silber;Aktion abgelaufen;Tarifgrundpreis Monat 25–36
Bündel;iPhone 17 Pro;512;congstar;discount;Allnet Flat L;L;neu;179,00;30,00;30,00;;36;15,00;36;;;2026-10-07;https://www.congstar.de/geraete/apple/apple-iphone-17-pro/;apple-iphone-17-pro-512gb-cosmic-orange;;Tarifgrundpreis Monat 25–36
Bündel;iPhone 17 Pro;512;congstar;discount;Allnet Flat L Flex;L;neu;179,00;30,00;37,50;;36;35,00;36;;;2026-10-07;https://www.congstar.de/geraete/apple/apple-iphone-17-pro/;apple-iphone-17-pro-512gb-cosmic-orange;;Tarifgrundpreis Monat 25–36
Bündel;iPhone 17 Pro;512;congstar;discount;Allnet Flat M;L;neu;179,00;25,00;31,00;;36;15,00;36;;;2026-10-07;https://www.congstar.de/geraete/apple/apple-iphone-17-pro/;apple-iphone-17-pro-512gb-cosmic-orange;;Tarifgrundpreis Monat 25–36
Bündel;iPhone 17 Pro;512;congstar;discount;Allnet Flat M Flex;L;neu;179,00;25,00;37,50;;36;35,00;36;;;2026-10-07;https://www.congstar.de/geraete/apple/apple-iphone-17-pro/;apple-iphone-17-pro-512gb-cosmic-orange;;Tarifgrundpreis Monat 25–36
Bündel;iPhone 17 Pro;512;congstar;discount;Allnet Flat S;M;neu;179,00;20,00;32,00;;36;15,00;36;;;2026-10-07;https://www.congstar.de/geraete/apple/apple-iphone-17-pro/;apple-iphone-17-pro-512gb-cosmic-orange;;Tarifgrundpreis Monat 25–36
Bündel;iPhone 17 Pro;512;congstar;discount;Allnet Flat S Flex;M;neu;179,00;20,00;37,50;;36;35,00;36;;;2026-10-07;https://www.congstar.de/geraete/apple/apple-iphone-17-pro/;apple-iphone-17-pro-512gb-cosmic-orange;;Tarifgrundpreis Monat 25–36
Bündel;iPhone 17 Pro;512;congstar;discount;Allnet Flat XS;XS;neu;179,00;15,00;34,00;;36;15,00;36;;;2026-10-07;https://www.congstar.de/geraete/apple/apple-iphone-17-pro/;apple-iphone-17-pro-512gb-cosmic-orange;;Tarifgrundpreis Monat 25–36
Bündel;iPhone 17 Pro;512;congstar;discount;Allnet Flat XS Flex;XS;neu;179,00;15,00;37,50;;36;35,00;36;;;2026-10-07;https://www.congstar.de/geraete/apple/apple-iphone-17-pro/;apple-iphone-17-pro-512gb-cosmic-orange;;Tarifgrundpreis Monat 25–36
Bündel;iPhone 17 Pro Max;256;congstar;discount;Allnet Flat L;L;neu;79,00;30,00;29,50;;36;15,00;36;;;2026-10-07;https://www.congstar.de/geraete/apple/apple-iphone-17-pro-max/;apple-iphone-17-pro-max-256gb-cosmic-orange;;Tarifgrundpreis Monat 25–36
Bündel;iPhone 17 Pro Max;256;congstar;discount;Allnet Flat L Flex;L;neu;79,00;30,00;36,50;;36;35,00;36;;;2026-10-07;https://www.congstar.de/geraete/apple/apple-iphone-17-pro-max/;apple-iphone-17-pro-max-256gb-cosmic-orange;;Tarifgrundpreis Monat 25–36
Bündel;iPhone 17 Pro Max;256;congstar;discount;Allnet Flat M;L;neu;79,00;25,00;30,50;;36;15,00;36;;;2026-10-07;https://www.congstar.de/geraete/apple/apple-iphone-17-pro-max/;apple-iphone-17-pro-max-256gb-cosmic-orange;;Tarifgrundpreis Monat 25–36
Bündel;iPhone 17 Pro Max;256;congstar;discount;Allnet Flat M Flex;L;neu;79,00;25,00;36,50;;36;35,00;36;;;2026-10-07;https://www.congstar.de/geraete/apple/apple-iphone-17-pro-max/;apple-iphone-17-pro-max-256gb-cosmic-orange;;Tarifgrundpreis Monat 25–36
Bündel;iPhone 17 Pro Max;256;congstar;discount;Allnet Flat S;M;neu;79,00;20,00;32,50;;36;15,00;36;;;2026-10-07;https://www.congstar.de/geraete/apple/apple-iphone-17-pro-max/;apple-iphone-17-pro-max-256gb-cosmic-orange;;Tarifgrundpreis Monat 25–36
Bündel;iPhone 17 Pro Max;256;congstar;discount;Allnet Flat S Flex;M;neu;79,00;20,00;36,50;;36;35,00;36;;;2026-10-07;https://www.congstar.de/geraete/apple/apple-iphone-17-pro-max/;apple-iphone-17-pro-max-256gb-cosmic-orange;;Tarifgrundpreis Monat 25–36
Bündel;iPhone 17 Pro Max;256;congstar;discount;Allnet Flat XS;XS;neu;79,00;15,00;33,50;;36;15,00;36;;;2026-10-07;https://www.congstar.de/geraete/apple/apple-iphone-17-pro-max/;apple-iphone-17-pro-max-256gb-cosmic-orange;;Tarifgrundpreis Monat 25–36
Bündel;iPhone 17 Pro Max;256;congstar;discount;Allnet Flat XS Flex;XS;neu;79,00;15,00;36,50;;36;35,00;36;;;2026-10-07;https://www.congstar.de/geraete/apple/apple-iphone-17-pro-max/;apple-iphone-17-pro-max-256gb-cosmic-orange;;Tarifgrundpreis Monat 25–36
Bündel;iPhone 17 Pro Max;256;congstar;discount;Allnet Flat L;L;refurbished;99,00;29,00;30,00;;36;0,00;36;;;2026-09-29;https://www.congstar.de/geraete/apple/apple-iphone-17-pro-max-zustand-wie-neu/;apple-iphone-17-pro-max-256gb-deep-blue-refurbished;Aktion abgelaufen;Tarifgrundpreis Monat 25–36
Bündel;iPhone 17 Pro Max;256;congstar;discount;Allnet Flat L Flex;L;refurbished;99,00;29,00;30,00;;36;0,00;36;;;2026-09-29;https://www.congstar.de/geraete/apple/apple-iphone-17-pro-max-zustand-wie-neu/;apple-iphone-17-pro-max-256gb-deep-blue-refurbished;Aktion abgelaufen;Tarifgrundpreis Monat 25–36
Bündel;iPhone 17 Pro Max;256;congstar;discount;Allnet Flat M;L;refurbished;99,00;24,00;30,00;;36;0,00;36;;;2026-09-29;https://www.congstar.de/geraete/apple/apple-iphone-17-pro-max-zustand-wie-neu/;apple-iphone-17-pro-max-256gb-deep-blue-refurbished;Aktion abgelaufen;Tarifgrundpreis Monat 25–36
Bündel;iPhone 17 Pro Max;256;congstar;discount;Allnet Flat M Flex;L;refurbished;99,00;24,00;30,00;;36;0,00;36;;;2026-09-29;https://www.congstar.de/geraete/apple/apple-iphone-17-pro-max-zustand-wie-neu/;apple-iphone-17-pro-max-256gb-deep-blue-refurbished;Aktion abgelaufen;Tarifgrundpreis Monat 25–36
Bündel;iPhone 17 Pro Max;256;congstar;discount;Allnet Flat S;M;refurbished;99,00;20,00;30,00;;36;0,00;36;;;2026-09-29;https://www.congstar.de/geraete/apple/apple-iphone-17-pro-max-zustand-wie-neu/;apple-iphone-17-pro-max-256gb-deep-blue-refurbished;Aktion abgelaufen;Tarifgrundpreis Monat 25–36
Bündel;iPhone 17 Pro Max;256;congstar;discount;Allnet Flat S Flex;M;refurbished;99,00;20,00;30,00;;36;0,00;36;;;2026-09-29;https://www.congstar.de/geraete/apple/apple-iphone-17-pro-max-zustand-wie-neu/;apple-iphone-17-pro-max-256gb-deep-blue-refurbished;Aktion abgelaufen;Tarifgrundpreis Monat 25–36
Bündel;iPhone 17 Pro Max;256;congstar;discount;Allnet Flat XS;XS;refurbished;99,00;15,00;30,00;;36;0,00;36;;;2026-09-29;https://www.congstar.de/geraete/apple/apple-iphone-17-pro-max-zustand-wie-neu/;apple-iphone-17-pro-max-256gb-deep-blue-refurbished;Aktion abgelaufen;Tarifgrundpreis Monat 25–36
Bündel;iPhone 17 Pro Max;256;congstar;discount;Allnet Flat XS Flex;XS;refurbished;99,00;15,00;30,00;;36;0,00;36;;;2026-09-29;https://www.congstar.de/geraete/apple/apple-iphone-17-pro-max-zustand-wie-neu/;apple-iphone-17-pro-max-256gb-deep-blue-refurbished;Aktion abgelaufen;Tarifgrundpreis Monat 25–36
Bündel;iPhone 17 Pro Max;512;congstar;discount;Allnet Flat L;L;neu;79,00;30,00;36,50;;36;15,00;36;;;2026-10-07;https://www.congstar.de/geraete/apple/apple-iphone-17-pro-max/;apple-iphone-17-pro-max-512gb-cosmic-orange;;Tarifgrundpreis Monat 25–36
Bündel;iPhone 17 Pro Max;512;congstar;discount;Allnet Flat L Flex;L;neu;79,00;30,00;43,50;;36;35,00;36;;;2026-10-07;https://www.congstar.de/geraete/apple/apple-iphone-17-pro-max/;apple-iphone-17-pro-max-512gb-cosmic-orange;;Tarifgrundpreis Monat 25–36
Bündel;iPhone 17 Pro Max;512;congstar;discount;Allnet Flat M;L;neu;79,00;25,00;37,50;;36;15,00;36;;;2026-10-07;https://www.congstar.de/geraete/apple/apple-iphone-17-pro-max/;apple-iphone-17-pro-max-512gb-cosmic-orange;;Tarifgrundpreis Monat 25–36
Bündel;iPhone 17 Pro Max;512;congstar;discount;Allnet Flat M Flex;L;neu;79,00;25,00;43,50;;36;35,00;36;;;2026-10-07;https://www.congstar.de/geraete/apple/apple-iphone-17-pro-max/;apple-iphone-17-pro-max-512gb-cosmic-orange;;Tarifgrundpreis Monat 25–36
Bündel;iPhone 17 Pro Max;512;congstar;discount;Allnet Flat S;M;neu;79,00;20,00;39,50;;36;15,00;36;;;2026-10-07;https://www.congstar.de/geraete/apple/apple-iphone-17-pro-max/;apple-iphone-17-pro-max-512gb-cosmic-orange;;Tarifgrundpreis Monat 25–36
Bündel;iPhone 17 Pro Max;512;congstar;discount;Allnet Flat S Flex;M;neu;79,00;20,00;43,50;;36;35,00;36;;;2026-10-07;https://www.congstar.de/geraete/apple/apple-iphone-17-pro-max/;apple-iphone-17-pro-max-512gb-cosmic-orange;;Tarifgrundpreis Monat 25–36
Bündel;iPhone 17 Pro Max;512;congstar;discount;Allnet Flat XS;XS;neu;79,00;15,00;40,50;;36;15,00;36;;;2026-10-07;https://www.congstar.de/geraete/apple/apple-iphone-17-pro-max/;apple-iphone-17-pro-max-512gb-cosmic-orange;;Tarifgrundpreis Monat 25–36
Bündel;iPhone 17 Pro Max;512;congstar;discount;Allnet Flat XS Flex;XS;neu;79,00;15,00;43,50;;36;35,00;36;;;2026-10-07;https://www.congstar.de/geraete/apple/apple-iphone-17-pro-max/;apple-iphone-17-pro-max-512gb-cosmic-orange;;Tarifgrundpreis Monat 25–36
Bündel;iPhone 17e;256;congstar;discount;Allnet Flat L;L;neu;19,00;30,00;16,50;;36;15,00;36;;;2026-10-07;https://www.congstar.de/geraete/apple/apple-iphone-17e/;apple-iphone-17e-256gb-rosa;;Tarifgrundpreis Monat 25–36
Bündel;iPhone 17e;256;congstar;discount;Allnet Flat L Flex;L;neu;19,00;30,00;21,00;;36;35,00;36;;;2026-10-07;https://www.congstar.de/geraete/apple/apple-iphone-17e/;apple-iphone-17e-256gb-rosa;;Tarifgrundpreis Monat 25–36
Bündel;iPhone 17e;256;congstar;discount;Allnet Flat M;L;neu;19,00;25,00;16,50;;36;15,00;36;;;2026-10-07;https://www.congstar.de/geraete/apple/apple-iphone-17e/;apple-iphone-17e-256gb-rosa;;Tarifgrundpreis Monat 25–36
Bündel;iPhone 17e;256;congstar;discount;Allnet Flat M Flex;L;neu;19,00;25,00;21,00;;36;35,00;36;;;2026-10-07;https://www.congstar.de/geraete/apple/apple-iphone-17e/;apple-iphone-17e-256gb-rosa;;Tarifgrundpreis Monat 25–36
Bündel;iPhone 17e;256;congstar;discount;Allnet Flat S;M;neu;19,00;20,00;17,50;;36;15,00;36;;;2026-10-07;https://www.congstar.de/geraete/apple/apple-iphone-17e/;apple-iphone-17e-256gb-rosa;;Tarifgrundpreis Monat 25–36
Bündel;iPhone 17e;256;congstar;discount;Allnet Flat S Flex;M;neu;19,00;20,00;21,00;;36;35,00;36;;;2026-10-07;https://www.congstar.de/geraete/apple/apple-iphone-17e/;apple-iphone-17e-256gb-rosa;;Tarifgrundpreis Monat 25–36
Bündel;iPhone 17e;256;congstar;discount;Allnet Flat XS;XS;neu;19,00;15,00;19,50;;36;15,00;36;;;2026-10-07;https://www.congstar.de/geraete/apple/apple-iphone-17e/;apple-iphone-17e-256gb-rosa;;Tarifgrundpreis Monat 25–36
Bündel;iPhone 17e;256;congstar;discount;Allnet Flat XS Flex;XS;neu;19,00;15,00;21,00;;36;35,00;36;;;2026-10-07;https://www.congstar.de/geraete/apple/apple-iphone-17e/;apple-iphone-17e-256gb-rosa;;Tarifgrundpreis Monat 25–36
Bündel;iPhone 18 Pro;1024;congstar;discount;Allnet Flat L;L;neu;279,00;30,00;53,00;;36;15,00;36;;;2026-10-07;https://www.congstar.de/geraete/apple/apple-iphone-18-pro/;apple-iphone-18-pro-1024gb-burgunder;;Tarifgrundpreis Monat 25–36
Bündel;iPhone 18 Pro;1024;congstar;discount;Allnet Flat L Flex;L;neu;279,00;30,00;53,00;;36;35,00;36;;;2026-10-07;https://www.congstar.de/geraete/apple/apple-iphone-18-pro/;apple-iphone-18-pro-1024gb-burgunder;;Tarifgrundpreis Monat 25–36
Bündel;iPhone 18 Pro;1024;congstar;discount;Allnet Flat M;L;neu;279,00;25,00;53,00;;36;15,00;36;;;2026-10-07;https://www.congstar.de/geraete/apple/apple-iphone-18-pro/;apple-iphone-18-pro-1024gb-burgunder;;Tarifgrundpreis Monat 25–36
Bündel;iPhone 18 Pro;1024;congstar;discount;Allnet Flat M Flex;L;neu;279,00;25,00;53,00;;36;35,00;36;;;2026-10-07;https://www.congstar.de/geraete/apple/apple-iphone-18-pro/;apple-iphone-18-pro-1024gb-burgunder;;Tarifgrundpreis Monat 25–36
Bündel;iPhone 18 Pro;1024;congstar;discount;Allnet Flat S;M;neu;279,00;20,00;53,00;;36;15,00;36;;;2026-10-07;https://www.congstar.de/geraete/apple/apple-iphone-18-pro/;apple-iphone-18-pro-1024gb-burgunder;;Tarifgrundpreis Monat 25–36
Bündel;iPhone 18 Pro;1024;congstar;discount;Allnet Flat S Flex;M;neu;279,00;20,00;53,00;;36;35,00;36;;;2026-10-07;https://www.congstar.de/geraete/apple/apple-iphone-18-pro/;apple-iphone-18-pro-1024gb-burgunder;;Tarifgrundpreis Monat 25–36
Bündel;iPhone 18 Pro;1024;congstar;discount;Allnet Flat XS;XS;neu;279,00;15,00;53,00;;36;15,00;36;;;2026-10-07;https://www.congstar.de/geraete/apple/apple-iphone-18-pro/;apple-iphone-18-pro-1024gb-burgunder;;Tarifgrundpreis Monat 25–36
Bündel;iPhone 18 Pro;1024;congstar;discount;Allnet Flat XS Flex;XS;neu;279,00;15,00;53,00;;36;35,00;36;;;2026-10-07;https://www.congstar.de/geraete/apple/apple-iphone-18-pro/;apple-iphone-18-pro-1024gb-burgunder;;Tarifgrundpreis Monat 25–36
Bündel;iPhone 18 Pro;256;congstar;discount;Allnet Flat L;L;neu;199,00;30,00;33,00;;36;15,00;36;;;2026-10-07;https://www.congstar.de/geraete/apple/apple-iphone-18-pro/;apple-iphone-18-pro-256gb-burgunder;;Tarifgrundpreis Monat 25–36
Bündel;iPhone 18 Pro;256;congstar;discount;Allnet Flat L Flex;L;neu;199,00;30,00;33,00;;36;35,00;36;;;2026-10-07;https://www.congstar.de/geraete/apple/apple-iphone-18-pro/;apple-iphone-18-pro-256gb-burgunder;;Tarifgrundpreis Monat 25–36
Bündel;iPhone 18 Pro;256;congstar;discount;Allnet Flat M;L;neu;199,00;25,00;33,00;;36;15,00;36;;;2026-10-07;https://www.congstar.de/geraete/apple/apple-iphone-18-pro/;apple-iphone-18-pro-256gb-burgunder;;Tarifgrundpreis Monat 25–36
Bündel;iPhone 18 Pro;256;congstar;discount;Allnet Flat M Flex;L;neu;199,00;25,00;33,00;;36;35,00;36;;;2026-10-07;https://www.congstar.de/geraete/apple/apple-iphone-18-pro/;apple-iphone-18-pro-256gb-burgunder;;Tarifgrundpreis Monat 25–36
Bündel;iPhone 18 Pro;256;congstar;discount;Allnet Flat S;M;neu;199,00;20,00;33,00;;36;15,00;36;;;2026-10-07;https://www.congstar.de/geraete/apple/apple-iphone-18-pro/;apple-iphone-18-pro-256gb-burgunder;;Tarifgrundpreis Monat 25–36
Bündel;iPhone 18 Pro;256;congstar;discount;Allnet Flat S Flex;M;neu;199,00;20,00;33,00;;36;35,00;36;;;2026-10-07;https://www.congstar.de/geraete/apple/apple-iphone-18-pro/;apple-iphone-18-pro-256gb-burgunder;;Tarifgrundpreis Monat 25–36
Bündel;iPhone 18 Pro;256;congstar;discount;Allnet Flat XS;XS;neu;199,00;15,00;33,00;;36;15,00;36;;;2026-10-07;https://www.congstar.de/geraete/apple/apple-iphone-18-pro/;apple-iphone-18-pro-256gb-burgunder;;Tarifgrundpreis Monat 25–36
Bündel;iPhone 18 Pro;256;congstar;discount;Allnet Flat XS Flex;XS;neu;199,00;15,00;33,00;;36;35,00;36;;;2026-10-07;https://www.congstar.de/geraete/apple/apple-iphone-18-pro/;apple-iphone-18-pro-256gb-burgunder;;Tarifgrundpreis Monat 25–36
Bündel;iPhone 18 Pro;512;congstar;discount;Allnet Flat L;L;neu;249,00;30,00;40,00;;36;15,00;36;;;2026-10-07;https://www.congstar.de/geraete/apple/apple-iphone-18-pro/;apple-iphone-18-pro-512gb-burgunder;;Tarifgrundpreis Monat 25–36
Bündel;iPhone 18 Pro;512;congstar;discount;Allnet Flat L Flex;L;neu;249,00;30,00;40,00;;36;35,00;36;;;2026-10-07;https://www.congstar.de/geraete/apple/apple-iphone-18-pro/;apple-iphone-18-pro-512gb-burgunder;;Tarifgrundpreis Monat 25–36
Bündel;iPhone 18 Pro;512;congstar;discount;Allnet Flat M;L;neu;249,00;25,00;40,00;;36;15,00;36;;;2026-10-07;https://www.congstar.de/geraete/apple/apple-iphone-18-pro/;apple-iphone-18-pro-512gb-burgunder;;Tarifgrundpreis Monat 25–36
Bündel;iPhone 18 Pro;512;congstar;discount;Allnet Flat M Flex;L;neu;249,00;25,00;40,00;;36;35,00;36;;;2026-10-07;https://www.congstar.de/geraete/apple/apple-iphone-18-pro/;apple-iphone-18-pro-512gb-burgunder;;Tarifgrundpreis Monat 25–36
Bündel;iPhone 18 Pro;512;congstar;discount;Allnet Flat S;M;neu;249,00;20,00;40,00;;36;15,00;36;;;2026-10-07;https://www.congstar.de/geraete/apple/apple-iphone-18-pro/;apple-iphone-18-pro-512gb-burgunder;;Tarifgrundpreis Monat 25–36
Bündel;iPhone 18 Pro;512;congstar;discount;Allnet Flat S Flex;M;neu;249,00;20,00;40,00;;36;35,00;36;;;2026-10-07;https://www.congstar.de/geraete/apple/apple-iphone-18-pro/;apple-iphone-18-pro-512gb-burgunder;;Tarifgrundpreis Monat 25–36
Bündel;iPhone 18 Pro;512;congstar;discount;Allnet Flat XS;XS;neu;249,00;15,00;40,00;;36;15,00;36;;;2026-10-07;https://www.congstar.de/geraete/apple/apple-iphone-18-pro/;apple-iphone-18-pro-512gb-burgunder;;Tarifgrundpreis Monat 25–36
Bündel;iPhone 18 Pro;512;congstar;discount;Allnet Flat XS Flex;XS;neu;249,00;15,00;40,00;;36;35,00;36;;;2026-10-07;https://www.congstar.de/geraete/apple/apple-iphone-18-pro/;apple-iphone-18-pro-512gb-burgunder;;Tarifgrundpreis Monat 25–36
Bündel;iPhone 18 Pro Max;1024;congstar;discount;Allnet Flat L;L;neu;259,00;29,00;58,00;;36;0,00;36;;;2026-09-17;https://www.congstar.de/handytarife/allnet-flat-tarife/allnet-flat-l/;apple-iphone-18-pro-max-1024gb-burgunder;veraltet;Tarifgrundpreis Monat 25–36
Bündel;iPhone 18 Pro Max;1024;congstar;discount;Allnet Flat L Flex;L;neu;259,00;29,00;58,00;;36;0,00;36;;;2026-09-17;https://www.congstar.de/handytarife/allnet-flat-tarife/allnet-flat-l/;apple-iphone-18-pro-max-1024gb-burgunder;veraltet;Tarifgrundpreis Monat 25–36
Bündel;iPhone 18 Pro Max;1024;congstar;discount;Allnet Flat M;L;neu;259,00;24,00;58,00;;36;0,00;36;;;2026-09-17;https://www.congstar.de/handytarife/allnet-flat-tarife/allnet-flat-m/;apple-iphone-18-pro-max-1024gb-burgunder;Quarantäne;Tarifgrundpreis Monat 25–36
Bündel;iPhone 18 Pro Max;1024;congstar;discount;Allnet Flat M Flex;L;neu;259,00;24,00;58,00;;36;0,00;36;;;2026-09-17;https://www.congstar.de/handytarife/allnet-flat-tarife/allnet-flat-m/;apple-iphone-18-pro-max-1024gb-burgunder;Quarantäne;Tarifgrundpreis Monat 25–36
Bündel;iPhone 18 Pro Max;1024;congstar;discount;Allnet Flat S;M;neu;259,00;20,00;58,00;;36;0,00;36;;;2026-09-17;https://www.congstar.de/handytarife/allnet-flat-tarife/allnet-flat-s/;apple-iphone-18-pro-max-1024gb-burgunder;veraltet;Tarifgrundpreis Monat 25–36
Bündel;iPhone 18 Pro Max;1024;congstar;discount;Allnet Flat S Flex;M;neu;259,00;20,00;58,00;;36;0,00;36;;;2026-09-17;https://www.congstar.de/handytarife/allnet-flat-tarife/allnet-flat-s/;apple-iphone-18-pro-max-1024gb-burgunder;veraltet;Tarifgrundpreis Monat 25–36
Bündel;iPhone 18 Pro Max;1024;congstar;discount;Allnet Flat XS;XS;neu;259,00;15,00;58,00;;36;0,00;36;;;2026-09-17;https://www.congstar.de/handytarife/allnet-flat-tarife/allnet-flat-xs/;apple-iphone-18-pro-max-1024gb-burgunder;veraltet;Tarifgrundpreis Monat 25–36
Bündel;iPhone 18 Pro Max;1024;congstar;discount;Allnet Flat XS Flex;XS;neu;259,00;15,00;58,00;;36;0,00;36;;;2026-09-17;https://www.congstar.de/handytarife/allnet-flat-tarife/allnet-flat-xs/;apple-iphone-18-pro-max-1024gb-burgunder;veraltet;Tarifgrundpreis Monat 25–36
Bündel;iPhone 18 Pro Max;1024;congstar;discount;Allnet Flat L;L;neu;259,00;30,00;58,00;;36;15,00;36;;;2026-10-07;https://www.congstar.de/geraete/apple/apple-iphone-18-pro-max/;apple-iphone-18-pro-max-1024gb-polar;;Tarifgrundpreis Monat 25–36
Bündel;iPhone 18 Pro Max;1024;congstar;discount;Allnet Flat L Flex;L;neu;259,00;30,00;58,00;;36;35,00;36;;;2026-10-07;https://www.congstar.de/geraete/apple/apple-iphone-18-pro-max/;apple-iphone-18-pro-max-1024gb-polar;;Tarifgrundpreis Monat 25–36
Bündel;iPhone 18 Pro Max;1024;congstar;discount;Allnet Flat M;L;neu;259,00;25,00;58,00;;36;15,00;36;;;2026-10-07;https://www.congstar.de/geraete/apple/apple-iphone-18-pro-max/;apple-iphone-18-pro-max-1024gb-polar;;Tarifgrundpreis Monat 25–36
Bündel;iPhone 18 Pro Max;1024;congstar;discount;Allnet Flat M Flex;L;neu;259,00;25,00;58,00;;36;35,00;36;;;2026-10-07;https://www.congstar.de/geraete/apple/apple-iphone-18-pro-max/;apple-iphone-18-pro-max-1024gb-polar;;Tarifgrundpreis Monat 25–36
Bündel;iPhone 18 Pro Max;1024;congstar;discount;Allnet Flat S;M;neu;259,00;20,00;58,00;;36;15,00;36;;;2026-10-07;https://www.congstar.de/geraete/apple/apple-iphone-18-pro-max/;apple-iphone-18-pro-max-1024gb-polar;;Tarifgrundpreis Monat 25–36
Bündel;iPhone 18 Pro Max;1024;congstar;discount;Allnet Flat S Flex;M;neu;259,00;20,00;58,00;;36;35,00;36;;;2026-10-07;https://www.congstar.de/geraete/apple/apple-iphone-18-pro-max/;apple-iphone-18-pro-max-1024gb-polar;;Tarifgrundpreis Monat 25–36
Bündel;iPhone 18 Pro Max;1024;congstar;discount;Allnet Flat XS;XS;neu;259,00;15,00;58,00;;36;15,00;36;;;2026-10-07;https://www.congstar.de/geraete/apple/apple-iphone-18-pro-max/;apple-iphone-18-pro-max-1024gb-polar;;Tarifgrundpreis Monat 25–36
Bündel;iPhone 18 Pro Max;1024;congstar;discount;Allnet Flat XS Flex;XS;neu;259,00;15,00;58,00;;36;35,00;36;;;2026-10-07;https://www.congstar.de/geraete/apple/apple-iphone-18-pro-max/;apple-iphone-18-pro-max-1024gb-polar;;Tarifgrundpreis Monat 25–36
Bündel;iPhone 18 Pro Max;256;congstar;discount;Allnet Flat L;L;neu;189,00;29,00;39,00;;36;0,00;36;;;2026-09-22;https://www.congstar.de/handytarife/allnet-flat-tarife/allnet-flat-l/;apple-iphone-18-pro-max-256gb-burgunder;veraltet;Tarifgrundpreis Monat 25–36
Bündel;iPhone 18 Pro Max;256;congstar;discount;Allnet Flat L Flex;L;neu;189,00;29,00;39,00;;36;0,00;36;;;2026-09-22;https://www.congstar.de/handytarife/allnet-flat-tarife/allnet-flat-l/;apple-iphone-18-pro-max-256gb-burgunder;veraltet;Tarifgrundpreis Monat 25–36
Bündel;iPhone 18 Pro Max;256;congstar;discount;Allnet Flat M;L;neu;189,00;24,00;39,00;;36;0,00;36;;;2026-09-22;https://www.congstar.de/handytarife/allnet-flat-tarife/allnet-flat-m/;apple-iphone-18-pro-max-256gb-burgunder;Quarantäne;Tarifgrundpreis Monat 25–36
Bündel;iPhone 18 Pro Max;256;congstar;discount;Allnet Flat M Flex;L;neu;189,00;24,00;39,00;;36;0,00;36;;;2026-09-22;https://www.congstar.de/handytarife/allnet-flat-tarife/allnet-flat-m/;apple-iphone-18-pro-max-256gb-burgunder;Quarantäne;Tarifgrundpreis Monat 25–36
Bündel;iPhone 18 Pro Max;256;congstar;discount;Allnet Flat S;M;neu;189,00;20,00;39,00;;36;0,00;36;;;2026-09-22;https://www.congstar.de/handytarife/allnet-flat-tarife/allnet-flat-s/;apple-iphone-18-pro-max-256gb-burgunder;veraltet;Tarifgrundpreis Monat 25–36
Bündel;iPhone 18 Pro Max;256;congstar;discount;Allnet Flat S Flex;M;neu;189,00;20,00;39,00;;36;0,00;36;;;2026-09-22;https://www.congstar.de/handytarife/allnet-flat-tarife/allnet-flat-s/;apple-iphone-18-pro-max-256gb-burgunder;veraltet;Tarifgrundpreis Monat 25–36
Bündel;iPhone 18 Pro Max;256;congstar;discount;Allnet Flat XS;XS;neu;189,00;15,00;39,00;;36;0,00;36;;;2026-09-22;https://www.congstar.de/handytarife/allnet-flat-tarife/allnet-flat-xs/;apple-iphone-18-pro-max-256gb-burgunder;veraltet;Tarifgrundpreis Monat 25–36
Bündel;iPhone 18 Pro Max;256;congstar;discount;Allnet Flat XS Flex;XS;neu;189,00;15,00;39,00;;36;0,00;36;;;2026-09-22;https://www.congstar.de/handytarife/allnet-flat-tarife/allnet-flat-xs/;apple-iphone-18-pro-max-256gb-burgunder;veraltet;Tarifgrundpreis Monat 25–36
Bündel;iPhone 18 Pro Max;256;congstar;discount;Allnet Flat L;L;neu;189,00;30,00;39,00;;36;15,00;36;;;2026-10-07;https://www.congstar.de/geraete/apple/apple-iphone-18-pro-max/;apple-iphone-18-pro-max-256gb-polar;;Tarifgrundpreis Monat 25–36
Bündel;iPhone 18 Pro Max;256;congstar;discount;Allnet Flat L Flex;L;neu;189,00;30,00;39,00;;36;35,00;36;;;2026-10-07;https://www.congstar.de/geraete/apple/apple-iphone-18-pro-max/;apple-iphone-18-pro-max-256gb-polar;;Tarifgrundpreis Monat 25–36
Bündel;iPhone 18 Pro Max;256;congstar;discount;Allnet Flat M;L;neu;189,00;25,00;39,00;;36;15,00;36;;;2026-10-07;https://www.congstar.de/geraete/apple/apple-iphone-18-pro-max/;apple-iphone-18-pro-max-256gb-polar;;Tarifgrundpreis Monat 25–36
Bündel;iPhone 18 Pro Max;256;congstar;discount;Allnet Flat M Flex;L;neu;189,00;25,00;39,00;;36;35,00;36;;;2026-10-07;https://www.congstar.de/geraete/apple/apple-iphone-18-pro-max/;apple-iphone-18-pro-max-256gb-polar;;Tarifgrundpreis Monat 25–36
Bündel;iPhone 18 Pro Max;256;congstar;discount;Allnet Flat S;M;neu;189,00;20,00;39,00;;36;15,00;36;;;2026-10-07;https://www.congstar.de/geraete/apple/apple-iphone-18-pro-max/;apple-iphone-18-pro-max-256gb-polar;;Tarifgrundpreis Monat 25–36
Bündel;iPhone 18 Pro Max;256;congstar;discount;Allnet Flat S Flex;M;neu;189,00;20,00;39,00;;36;35,00;36;;;2026-10-07;https://www.congstar.de/geraete/apple/apple-iphone-18-pro-max/;apple-iphone-18-pro-max-256gb-polar;;Tarifgrundpreis Monat 25–36
Bündel;iPhone 18 Pro Max;256;congstar;discount;Allnet Flat XS;XS;neu;189,00;15,00;39,00;;36;15,00;36;;;2026-10-07;https://www.congstar.de/geraete/apple/apple-iphone-18-pro-max/;apple-iphone-18-pro-max-256gb-polar;;Tarifgrundpreis Monat 25–36
Bündel;iPhone 18 Pro Max;256;congstar;discount;Allnet Flat XS Flex;XS;neu;189,00;15,00;39,00;;36;35,00;36;;;2026-10-07;https://www.congstar.de/geraete/apple/apple-iphone-18-pro-max/;apple-iphone-18-pro-max-256gb-polar;;Tarifgrundpreis Monat 25–36
Bündel;iPhone 18 Pro Max;512;congstar;discount;Allnet Flat L;L;neu;229,00;29,00;45,00;;36;0,00;36;;;2026-09-21;https://www.congstar.de/handytarife/allnet-flat-tarife/allnet-flat-l/;apple-iphone-18-pro-max-512gb-burgunder;veraltet;Tarifgrundpreis Monat 25–36
Bündel;iPhone 18 Pro Max;512;congstar;discount;Allnet Flat L Flex;L;neu;229,00;29,00;45,00;;36;0,00;36;;;2026-09-21;https://www.congstar.de/handytarife/allnet-flat-tarife/allnet-flat-l/;apple-iphone-18-pro-max-512gb-burgunder;veraltet;Tarifgrundpreis Monat 25–36
Bündel;iPhone 18 Pro Max;512;congstar;discount;Allnet Flat M;L;neu;229,00;24,00;45,00;;36;0,00;36;;;2026-09-21;https://www.congstar.de/handytarife/allnet-flat-tarife/allnet-flat-m/;apple-iphone-18-pro-max-512gb-burgunder;Quarantäne;Tarifgrundpreis Monat 25–36
Bündel;iPhone 18 Pro Max;512;congstar;discount;Allnet Flat M Flex;L;neu;229,00;24,00;45,00;;36;0,00;36;;;2026-09-21;https://www.congstar.de/handytarife/allnet-flat-tarife/allnet-flat-m/;apple-iphone-18-pro-max-512gb-burgunder;Quarantäne;Tarifgrundpreis Monat 25–36
Bündel;iPhone 18 Pro Max;512;congstar;discount;Allnet Flat S;M;neu;229,00;20,00;45,00;;36;0,00;36;;;2026-09-21;https://www.congstar.de/handytarife/allnet-flat-tarife/allnet-flat-s/;apple-iphone-18-pro-max-512gb-burgunder;veraltet;Tarifgrundpreis Monat 25–36
Bündel;iPhone 18 Pro Max;512;congstar;discount;Allnet Flat S Flex;M;neu;229,00;20,00;45,00;;36;0,00;36;;;2026-09-21;https://www.congstar.de/handytarife/allnet-flat-tarife/allnet-flat-s/;apple-iphone-18-pro-max-512gb-burgunder;veraltet;Tarifgrundpreis Monat 25–36
Bündel;iPhone 18 Pro Max;512;congstar;discount;Allnet Flat XS;XS;neu;229,00;15,00;45,00;;36;0,00;36;;;2026-09-21;https://www.congstar.de/handytarife/allnet-flat-tarife/allnet-flat-xs/;apple-iphone-18-pro-max-512gb-burgunder;veraltet;Tarifgrundpreis Monat 25–36
Bündel;iPhone 18 Pro Max;512;congstar;discount;Allnet Flat XS Flex;XS;neu;229,00;15,00;45,00;;36;0,00;36;;;2026-09-21;https://www.congstar.de/handytarife/allnet-flat-tarife/allnet-flat-xs/;apple-iphone-18-pro-max-512gb-burgunder;veraltet;Tarifgrundpreis Monat 25–36
Bündel;iPhone 18 Pro Max;512;congstar;discount;Allnet Flat L;L;neu;229,00;30,00;45,00;;36;15,00;36;;;2026-10-07;https://www.congstar.de/geraete/apple/apple-iphone-18-pro-max/;apple-iphone-18-pro-max-512gb-polar;;Tarifgrundpreis Monat 25–36
Bündel;iPhone 18 Pro Max;512;congstar;discount;Allnet Flat L Flex;L;neu;229,00;30,00;45,00;;36;35,00;36;;;2026-10-07;https://www.congstar.de/geraete/apple/apple-iphone-18-pro-max/;apple-iphone-18-pro-max-512gb-polar;;Tarifgrundpreis Monat 25–36
Bündel;iPhone 18 Pro Max;512;congstar;discount;Allnet Flat M;L;neu;229,00;25,00;45,00;;36;15,00;36;;;2026-10-07;https://www.congstar.de/geraete/apple/apple-iphone-18-pro-max/;apple-iphone-18-pro-max-512gb-polar;;Tarifgrundpreis Monat 25–36
Bündel;iPhone 18 Pro Max;512;congstar;discount;Allnet Flat M Flex;L;neu;229,00;25,00;45,00;;36;35,00;36;;;2026-10-07;https://www.congstar.de/geraete/apple/apple-iphone-18-pro-max/;apple-iphone-18-pro-max-512gb-polar;;Tarifgrundpreis Monat 25–36
Bündel;iPhone 18 Pro Max;512;congstar;discount;Allnet Flat S;M;neu;229,00;20,00;45,00;;36;15,00;36;;;2026-10-07;https://www.congstar.de/geraete/apple/apple-iphone-18-pro-max/;apple-iphone-18-pro-max-512gb-polar;;Tarifgrundpreis Monat 25–36
Bündel;iPhone 18 Pro Max;512;congstar;discount;Allnet Flat S Flex;M;neu;229,00;20,00;45,00;;36;35,00;36;;;2026-10-07;https://www.congstar.de/geraete/apple/apple-iphone-18-pro-max/;apple-iphone-18-pro-max-512gb-polar;;Tarifgrundpreis Monat 25–36
Bündel;iPhone 18 Pro Max;512;congstar;discount;Allnet Flat XS;XS;neu;229,00;15,00;45,00;;36;15,00;36;;;2026-10-07;https://www.congstar.de/geraete/apple/apple-iphone-18-pro-max/;apple-iphone-18-pro-max-512gb-polar;;Tarifgrundpreis Monat 25–36
Bündel;iPhone 18 Pro Max;512;congstar;discount;Allnet Flat XS Flex;XS;neu;229,00;15,00;45,00;;36;35,00;36;;;2026-10-07;https://www.congstar.de/geraete/apple/apple-iphone-18-pro-max/;apple-iphone-18-pro-max-512gb-polar;;Tarifgrundpreis Monat 25–36
Bündel;iPhone Air;256;congstar;discount;Allnet Flat L;L;neu;79,00;30,00;16,50;;36;15,00;36;;;2026-10-07;https://www.congstar.de/geraete/apple/apple-iphone-air/;apple-iphone-air-256gb-sky-blue;;Tarifgrundpreis Monat 25–36
Bündel;iPhone Air;256;congstar;discount;Allnet Flat L Flex;L;neu;79,00;30,00;22,50;;36;35,00;36;;;2026-10-07;https://www.congstar.de/geraete/apple/apple-iphone-air/;apple-iphone-air-256gb-sky-blue;;Tarifgrundpreis Monat 25–36
Bündel;iPhone Air;256;congstar;discount;Allnet Flat M;L;neu;79,00;25,00;17,50;;36;15,00;36;;;2026-10-07;https://www.congstar.de/geraete/apple/apple-iphone-air/;apple-iphone-air-256gb-sky-blue;;Tarifgrundpreis Monat 25–36
Bündel;iPhone Air;256;congstar;discount;Allnet Flat M Flex;L;neu;79,00;25,00;22,50;;36;35,00;36;;;2026-10-07;https://www.congstar.de/geraete/apple/apple-iphone-air/;apple-iphone-air-256gb-sky-blue;;Tarifgrundpreis Monat 25–36
Bündel;iPhone Air;256;congstar;discount;Allnet Flat S;M;neu;79,00;20,00;19,50;;36;15,00;36;;;2026-10-07;https://www.congstar.de/geraete/apple/apple-iphone-air/;apple-iphone-air-256gb-sky-blue;;Tarifgrundpreis Monat 25–36
Bündel;iPhone Air;256;congstar;discount;Allnet Flat S Flex;M;neu;79,00;20,00;22,50;;36;35,00;36;;;2026-10-07;https://www.congstar.de/geraete/apple/apple-iphone-air/;apple-iphone-air-256gb-sky-blue;;Tarifgrundpreis Monat 25–36
Bündel;iPhone Air;256;congstar;discount;Allnet Flat XS;XS;neu;79,00;15,00;20,50;;36;15,00;36;;;2026-10-07;https://www.congstar.de/geraete/apple/apple-iphone-air/;apple-iphone-air-256gb-sky-blue;;Tarifgrundpreis Monat 25–36
Bündel;iPhone Air;256;congstar;discount;Allnet Flat XS Flex;XS;neu;79,00;15,00;22,50;;36;35,00;36;;;2026-10-07;https://www.congstar.de/geraete/apple/apple-iphone-air/;apple-iphone-air-256gb-sky-blue;;Tarifgrundpreis Monat 25–36
Bündel;iPhone Air;512;congstar;discount;Allnet Flat L;L;neu;89,00;30,00;22,00;;36;15,00;36;;;2026-10-07;https://www.congstar.de/geraete/apple/apple-iphone-air/;apple-iphone-air-512gb-schwarz;;Tarifgrundpreis Monat 25–36
Bündel;iPhone Air;512;congstar;discount;Allnet Flat L Flex;L;neu;89,00;30,00;27,50;;36;35,00;36;;;2026-10-07;https://www.congstar.de/geraete/apple/apple-iphone-air/;apple-iphone-air-512gb-schwarz;;Tarifgrundpreis Monat 25–36
Bündel;iPhone Air;512;congstar;discount;Allnet Flat M;L;neu;89,00;25,00;23,00;;36;15,00;36;;;2026-10-07;https://www.congstar.de/geraete/apple/apple-iphone-air/;apple-iphone-air-512gb-schwarz;;Tarifgrundpreis Monat 25–36
Bündel;iPhone Air;512;congstar;discount;Allnet Flat M Flex;L;neu;89,00;25,00;27,50;;36;35,00;36;;;2026-10-07;https://www.congstar.de/geraete/apple/apple-iphone-air/;apple-iphone-air-512gb-schwarz;;Tarifgrundpreis Monat 25–36
Bündel;iPhone Air;512;congstar;discount;Allnet Flat S;M;neu;89,00;20,00;25,00;;36;15,00;36;;;2026-10-07;https://www.congstar.de/geraete/apple/apple-iphone-air/;apple-iphone-air-512gb-schwarz;;Tarifgrundpreis Monat 25–36
Bündel;iPhone Air;512;congstar;discount;Allnet Flat S Flex;M;neu;89,00;20,00;27,50;;36;35,00;36;;;2026-10-07;https://www.congstar.de/geraete/apple/apple-iphone-air/;apple-iphone-air-512gb-schwarz;;Tarifgrundpreis Monat 25–36
Bündel;iPhone Air;512;congstar;discount;Allnet Flat XS;XS;neu;89,00;15,00;26,00;;36;15,00;36;;;2026-10-07;https://www.congstar.de/geraete/apple/apple-iphone-air/;apple-iphone-air-512gb-schwarz;;Tarifgrundpreis Monat 25–36
Bündel;iPhone Air;512;congstar;discount;Allnet Flat XS Flex;XS;neu;89,00;15,00;27,50;;36;35,00;36;;;2026-10-07;https://www.congstar.de/geraete/apple/apple-iphone-air/;apple-iphone-air-512gb-schwarz;;Tarifgrundpreis Monat 25–36
Bündel;Fairphone 6;256;congstar;discount;Allnet Flat L;L;neu;1,00;30,00;10,00;;36;15,00;36;;;2026-10-07;https://www.congstar.de/geraete/fairphone/fairphone-gen-6-1/;fairphone-6-256gb-schwarz;;Tarifgrundpreis Monat 25–36
Bündel;Fairphone 6;256;congstar;discount;Allnet Flat L Flex;L;neu;1,00;30,00;15,00;;36;35,00;36;;;2026-10-07;https://www.congstar.de/geraete/fairphone/fairphone-gen-6-1/;fairphone-6-256gb-schwarz;;Tarifgrundpreis Monat 25–36
Bündel;Fairphone 6;256;congstar;discount;Allnet Flat M;L;neu;1,00;25,00;11,00;;36;15,00;36;;;2026-10-07;https://www.congstar.de/geraete/fairphone/fairphone-gen-6-1/;fairphone-6-256gb-schwarz;;Tarifgrundpreis Monat 25–36
Bündel;Fairphone 6;256;congstar;discount;Allnet Flat M Flex;L;neu;1,00;25,00;15,00;;36;35,00;36;;;2026-10-07;https://www.congstar.de/geraete/fairphone/fairphone-gen-6-1/;fairphone-6-256gb-schwarz;;Tarifgrundpreis Monat 25–36
Bündel;Fairphone 6;256;congstar;discount;Allnet Flat S;M;neu;1,00;20,00;13,00;;36;15,00;36;;;2026-10-07;https://www.congstar.de/geraete/fairphone/fairphone-gen-6-1/;fairphone-6-256gb-schwarz;;Tarifgrundpreis Monat 25–36
Bündel;Fairphone 6;256;congstar;discount;Allnet Flat S Flex;M;neu;1,00;20,00;15,00;;36;35,00;36;;;2026-10-07;https://www.congstar.de/geraete/fairphone/fairphone-gen-6-1/;fairphone-6-256gb-schwarz;;Tarifgrundpreis Monat 25–36
Bündel;Fairphone 6;256;congstar;discount;Allnet Flat XS;XS;neu;1,00;15,00;14,00;;36;15,00;36;;;2026-10-07;https://www.congstar.de/geraete/fairphone/fairphone-gen-6-1/;fairphone-6-256gb-schwarz;;Tarifgrundpreis Monat 25–36
Bündel;Fairphone 6;256;congstar;discount;Allnet Flat XS Flex;XS;neu;1,00;15,00;15,00;;36;35,00;36;;;2026-10-07;https://www.congstar.de/geraete/fairphone/fairphone-gen-6-1/;fairphone-6-256gb-schwarz;;Tarifgrundpreis Monat 25–36
Bündel;Pixel 10a;128;congstar;discount;Allnet Flat L;L;neu;1,00;30,00;3,00;;36;15,00;36;;;2026-10-07;https://www.congstar.de/geraete/google/google-pixel-10a/;google-pixel-10a-128gb-fog;;Tarifgrundpreis Monat 25–36
Bündel;Pixel 10a;128;congstar;discount;Allnet Flat L Flex;L;neu;1,00;30,00;11,00;;36;35,00;36;;;2026-10-07;https://www.congstar.de/geraete/google/google-pixel-10a/;google-pixel-10a-128gb-fog;;Tarifgrundpreis Monat 25–36
Bündel;Pixel 10a;128;congstar;discount;Allnet Flat M;L;neu;1,00;25,00;4,00;;36;15,00;36;;;2026-10-07;https://www.congstar.de/geraete/google/google-pixel-10a/;google-pixel-10a-128gb-fog;;Tarifgrundpreis Monat 25–36
Bündel;Pixel 10a;128;congstar;discount;Allnet Flat M Flex;L;neu;1,00;25,00;11,00;;36;35,00;36;;;2026-10-07;https://www.congstar.de/geraete/google/google-pixel-10a/;google-pixel-10a-128gb-fog;;Tarifgrundpreis Monat 25–36
Bündel;Pixel 10a;128;congstar;discount;Allnet Flat S;M;neu;1,00;20,00;6,00;;36;15,00;36;;;2026-10-07;https://www.congstar.de/geraete/google/google-pixel-10a/;google-pixel-10a-128gb-fog;;Tarifgrundpreis Monat 25–36
Bündel;Pixel 10a;128;congstar;discount;Allnet Flat S Flex;M;neu;1,00;20,00;11,00;;36;35,00;36;;;2026-10-07;https://www.congstar.de/geraete/google/google-pixel-10a/;google-pixel-10a-128gb-fog;;Tarifgrundpreis Monat 25–36
Bündel;Pixel 10a;128;congstar;discount;Allnet Flat XS;XS;neu;1,00;15,00;7,00;;36;15,00;36;;;2026-10-07;https://www.congstar.de/geraete/google/google-pixel-10a/;google-pixel-10a-128gb-fog;;Tarifgrundpreis Monat 25–36
Bündel;Pixel 10a;128;congstar;discount;Allnet Flat XS Flex;XS;neu;1,00;15,00;11,00;;36;35,00;36;;;2026-10-07;https://www.congstar.de/geraete/google/google-pixel-10a/;google-pixel-10a-128gb-fog;;Tarifgrundpreis Monat 25–36
Bündel;Pixel 10a;256;congstar;discount;Allnet Flat L;L;neu;29,00;30,00;5,00;;36;15,00;36;;;2026-10-05;https://www.congstar.de/geraete/google/google-pixel-10a/;google-pixel-10a-256gb-schwarz;;Tarifgrundpreis Monat 25–36
Bündel;Pixel 10a;256;congstar;discount;Allnet Flat L Flex;L;neu;29,00;30,00;13,00;;36;35,00;36;;;2026-10-05;https://www.congstar.de/geraete/google/google-pixel-10a/;google-pixel-10a-256gb-schwarz;;Tarifgrundpreis Monat 25–36
Bündel;Pixel 10a;256;congstar;discount;Allnet Flat M;L;neu;29,00;25,00;6,00;;36;15,00;36;;;2026-10-05;https://www.congstar.de/geraete/google/google-pixel-10a/;google-pixel-10a-256gb-schwarz;;Tarifgrundpreis Monat 25–36
Bündel;Pixel 10a;256;congstar;discount;Allnet Flat M Flex;L;neu;29,00;25,00;13,00;;36;35,00;36;;;2026-10-05;https://www.congstar.de/geraete/google/google-pixel-10a/;google-pixel-10a-256gb-schwarz;;Tarifgrundpreis Monat 25–36
Bündel;Pixel 10a;256;congstar;discount;Allnet Flat S;M;neu;29,00;20,00;8,00;;36;15,00;36;;;2026-10-05;https://www.congstar.de/geraete/google/google-pixel-10a/;google-pixel-10a-256gb-schwarz;;Tarifgrundpreis Monat 25–36
Bündel;Pixel 10a;256;congstar;discount;Allnet Flat S Flex;M;neu;29,00;20,00;13,00;;36;35,00;36;;;2026-10-05;https://www.congstar.de/geraete/google/google-pixel-10a/;google-pixel-10a-256gb-schwarz;;Tarifgrundpreis Monat 25–36
Bündel;Pixel 10a;256;congstar;discount;Allnet Flat XS;XS;neu;29,00;15,00;9,00;;36;15,00;36;;;2026-10-05;https://www.congstar.de/geraete/google/google-pixel-10a/;google-pixel-10a-256gb-schwarz;;Tarifgrundpreis Monat 25–36
Bündel;Pixel 10a;256;congstar;discount;Allnet Flat XS Flex;XS;neu;29,00;15,00;13,00;;36;35,00;36;;;2026-10-05;https://www.congstar.de/geraete/google/google-pixel-10a/;google-pixel-10a-256gb-schwarz;;Tarifgrundpreis Monat 25–36
Bündel;Pixel 11;256;congstar;discount;Allnet Flat L;L;neu;1,00;30,00;17,00;;36;15,00;36;;;2026-10-07;https://www.congstar.de/geraete/google/google-pixel-11/;google-pixel-11-256gb-frost;;Tarifgrundpreis Monat 25–36
Bündel;Pixel 11;256;congstar;discount;Allnet Flat L Flex;L;neu;1,00;30,00;27,00;;36;35,00;36;;;2026-10-07;https://www.congstar.de/geraete/google/google-pixel-11/;google-pixel-11-256gb-frost;;Tarifgrundpreis Monat 25–36
Bündel;Pixel 11;256;congstar;discount;Allnet Flat M;L;neu;1,00;25,00;19,00;;36;15,00;36;;;2026-10-07;https://www.congstar.de/geraete/google/google-pixel-11/;google-pixel-11-256gb-frost;;Tarifgrundpreis Monat 25–36
Bündel;Pixel 11;256;congstar;discount;Allnet Flat M Flex;L;neu;1,00;25,00;27,00;;36;35,00;36;;;2026-10-07;https://www.congstar.de/geraete/google/google-pixel-11/;google-pixel-11-256gb-frost;;Tarifgrundpreis Monat 25–36
Bündel;Pixel 11;256;congstar;discount;Allnet Flat S;M;neu;1,00;20,00;20,00;;36;15,00;36;;;2026-10-07;https://www.congstar.de/geraete/google/google-pixel-11/;google-pixel-11-256gb-frost;;Tarifgrundpreis Monat 25–36
Bündel;Pixel 11;256;congstar;discount;Allnet Flat S Flex;M;neu;1,00;20,00;27,00;;36;35,00;36;;;2026-10-07;https://www.congstar.de/geraete/google/google-pixel-11/;google-pixel-11-256gb-frost;;Tarifgrundpreis Monat 25–36
Bündel;Pixel 11;256;congstar;discount;Allnet Flat XS;XS;neu;1,00;15,00;21,00;;36;15,00;36;;;2026-10-07;https://www.congstar.de/geraete/google/google-pixel-11/;google-pixel-11-256gb-frost;;Tarifgrundpreis Monat 25–36
Bündel;Pixel 11;256;congstar;discount;Allnet Flat XS Flex;XS;neu;1,00;15,00;27,00;;36;35,00;36;;;2026-10-07;https://www.congstar.de/geraete/google/google-pixel-11/;google-pixel-11-256gb-frost;;Tarifgrundpreis Monat 25–36
Bündel;Pixel 11;512;congstar;discount;Allnet Flat L;L;neu;19,00;30,00;20,50;;36;15,00;36;;;2026-10-07;https://www.congstar.de/geraete/google/google-pixel-11/;google-pixel-11-512gb-schwarz;;Tarifgrundpreis Monat 25–36
Bündel;Pixel 11;512;congstar;discount;Allnet Flat L Flex;L;neu;19,00;30,00;30,50;;36;35,00;36;;;2026-10-07;https://www.congstar.de/geraete/google/google-pixel-11/;google-pixel-11-512gb-schwarz;;Tarifgrundpreis Monat 25–36
Bündel;Pixel 11;512;congstar;discount;Allnet Flat M;L;neu;19,00;25,00;22,50;;36;15,00;36;;;2026-10-07;https://www.congstar.de/geraete/google/google-pixel-11/;google-pixel-11-512gb-schwarz;;Tarifgrundpreis Monat 25–36
Bündel;Pixel 11;512;congstar;discount;Allnet Flat M Flex;L;neu;19,00;25,00;30,50;;36;35,00;36;;;2026-10-07;https://www.congstar.de/geraete/google/google-pixel-11/;google-pixel-11-512gb-schwarz;;Tarifgrundpreis Monat 25–36
Bündel;Pixel 11;512;congstar;discount;Allnet Flat S;M;neu;19,00;20,00;23,50;;36;15,00;36;;;2026-10-07;https://www.congstar.de/geraete/google/google-pixel-11/;google-pixel-11-512gb-schwarz;;Tarifgrundpreis Monat 25–36
Bündel;Pixel 11;512;congstar;discount;Allnet Flat S Flex;M;neu;19,00;20,00;30,50;;36;35,00;36;;;2026-10-07;https://www.congstar.de/geraete/google/google-pixel-11/;google-pixel-11-512gb-schwarz;;Tarifgrundpreis Monat 25–36
Bündel;Pixel 11;512;congstar;discount;Allnet Flat XS;XS;neu;19,00;15,00;24,50;;36;15,00;36;;;2026-10-07;https://www.congstar.de/geraete/google/google-pixel-11/;google-pixel-11-512gb-schwarz;;Tarifgrundpreis Monat 25–36
Bündel;Pixel 11;512;congstar;discount;Allnet Flat XS Flex;XS;neu;19,00;15,00;30,50;;36;35,00;36;;;2026-10-07;https://www.congstar.de/geraete/google/google-pixel-11/;google-pixel-11-512gb-schwarz;;Tarifgrundpreis Monat 25–36
Bündel;Pixel 11 Pro;256;congstar;discount;Allnet Flat L;L;neu;39,00;30,00;21,00;;36;15,00;36;;;2026-10-07;https://www.congstar.de/geraete/google/google-pixel-11-pro/;google-pixel-11-pro-256gb-canyon;;Tarifgrundpreis Monat 25–36
Bündel;Pixel 11 Pro;256;congstar;discount;Allnet Flat L Flex;L;neu;39,00;30,00;31,00;;36;35,00;36;;;2026-10-07;https://www.congstar.de/geraete/google/google-pixel-11-pro/;google-pixel-11-pro-256gb-canyon;;Tarifgrundpreis Monat 25–36
Bündel;Pixel 11 Pro;256;congstar;discount;Allnet Flat M;L;neu;39,00;25,00;23,00;;36;15,00;36;;;2026-10-07;https://www.congstar.de/geraete/google/google-pixel-11-pro/;google-pixel-11-pro-256gb-canyon;;Tarifgrundpreis Monat 25–36
Bündel;Pixel 11 Pro;256;congstar;discount;Allnet Flat M Flex;L;neu;39,00;25,00;31,00;;36;35,00;36;;;2026-10-07;https://www.congstar.de/geraete/google/google-pixel-11-pro/;google-pixel-11-pro-256gb-canyon;;Tarifgrundpreis Monat 25–36
Bündel;Pixel 11 Pro;256;congstar;discount;Allnet Flat S;M;neu;39,00;20,00;26,00;;36;15,00;36;;;2026-10-07;https://www.congstar.de/geraete/google/google-pixel-11-pro/;google-pixel-11-pro-256gb-canyon;;Tarifgrundpreis Monat 25–36
Bündel;Pixel 11 Pro;256;congstar;discount;Allnet Flat S Flex;M;neu;39,00;20,00;31,00;;36;35,00;36;;;2026-10-07;https://www.congstar.de/geraete/google/google-pixel-11-pro/;google-pixel-11-pro-256gb-canyon;;Tarifgrundpreis Monat 25–36
Bündel;Pixel 11 Pro;256;congstar;discount;Allnet Flat XS;XS;neu;39,00;15,00;29,00;;36;15,00;36;;;2026-10-07;https://www.congstar.de/geraete/google/google-pixel-11-pro/;google-pixel-11-pro-256gb-canyon;;Tarifgrundpreis Monat 25–36
Bündel;Pixel 11 Pro;256;congstar;discount;Allnet Flat XS Flex;XS;neu;39,00;15,00;31,00;;36;35,00;36;;;2026-10-07;https://www.congstar.de/geraete/google/google-pixel-11-pro/;google-pixel-11-pro-256gb-canyon;;Tarifgrundpreis Monat 25–36
Bündel;Pixel 11 Pro;512;congstar;discount;Allnet Flat L;L;neu;69,00;30,00;25,50;;36;15,00;36;;;2026-10-07;https://www.congstar.de/geraete/google/google-pixel-11-pro/;google-pixel-11-pro-512gb-fog;;Tarifgrundpreis Monat 25–36
Bündel;Pixel 11 Pro;512;congstar;discount;Allnet Flat L Flex;L;neu;69,00;30,00;35,00;;36;35,00;36;;;2026-10-07;https://www.congstar.de/geraete/google/google-pixel-11-pro/;google-pixel-11-pro-512gb-fog;;Tarifgrundpreis Monat 25–36
Bündel;Pixel 11 Pro;512;congstar;discount;Allnet Flat M;L;neu;69,00;25,00;26,50;;36;15,00;36;;;2026-10-07;https://www.congstar.de/geraete/google/google-pixel-11-pro/;google-pixel-11-pro-512gb-fog;;Tarifgrundpreis Monat 25–36
Bündel;Pixel 11 Pro;512;congstar;discount;Allnet Flat M Flex;L;neu;69,00;25,00;35,00;;36;35,00;36;;;2026-10-07;https://www.congstar.de/geraete/google/google-pixel-11-pro/;google-pixel-11-pro-512gb-fog;;Tarifgrundpreis Monat 25–36
Bündel;Pixel 11 Pro;512;congstar;discount;Allnet Flat S;M;neu;69,00;20,00;29,50;;36;15,00;36;;;2026-10-07;https://www.congstar.de/geraete/google/google-pixel-11-pro/;google-pixel-11-pro-512gb-fog;;Tarifgrundpreis Monat 25–36
Bündel;Pixel 11 Pro;512;congstar;discount;Allnet Flat S Flex;M;neu;69,00;20,00;35,00;;36;35,00;36;;;2026-10-07;https://www.congstar.de/geraete/google/google-pixel-11-pro/;google-pixel-11-pro-512gb-fog;;Tarifgrundpreis Monat 25–36
Bündel;Pixel 11 Pro;512;congstar;discount;Allnet Flat XS;XS;neu;69,00;15,00;32,50;;36;15,00;36;;;2026-10-07;https://www.congstar.de/geraete/google/google-pixel-11-pro/;google-pixel-11-pro-512gb-fog;;Tarifgrundpreis Monat 25–36
Bündel;Pixel 11 Pro;512;congstar;discount;Allnet Flat XS Flex;XS;neu;69,00;15,00;35,00;;36;35,00;36;;;2026-10-07;https://www.congstar.de/geraete/google/google-pixel-11-pro/;google-pixel-11-pro-512gb-fog;;Tarifgrundpreis Monat 25–36
Bündel;Pixel 11 Pro XL;256;congstar;discount;Allnet Flat L;L;neu;29,00;30,00;27,50;;36;15,00;36;;;2026-10-07;https://www.congstar.de/geraete/google/google-pixel-11-pro-xl/;google-pixel-11-pro-xl-256gb-fog;;Tarifgrundpreis Monat 25–36
Bündel;Pixel 11 Pro XL;256;congstar;discount;Allnet Flat L Flex;L;neu;29,00;30,00;36,50;;36;35,00;36;;;2026-10-07;https://www.congstar.de/geraete/google/google-pixel-11-pro-xl/;google-pixel-11-pro-xl-256gb-fog;;Tarifgrundpreis Monat 25–36
Bündel;Pixel 11 Pro XL;256;congstar;discount;Allnet Flat M;L;neu;29,00;25,00;28,50;;36;15,00;36;;;2026-10-07;https://www.congstar.de/geraete/google/google-pixel-11-pro-xl/;google-pixel-11-pro-xl-256gb-fog;;Tarifgrundpreis Monat 25–36
Bündel;Pixel 11 Pro XL;256;congstar;discount;Allnet Flat M Flex;L;neu;29,00;25,00;36,50;;36;35,00;36;;;2026-10-07;https://www.congstar.de/geraete/google/google-pixel-11-pro-xl/;google-pixel-11-pro-xl-256gb-fog;;Tarifgrundpreis Monat 25–36
Bündel;Pixel 11 Pro XL;256;congstar;discount;Allnet Flat S;M;neu;29,00;20,00;31,50;;36;15,00;36;;;2026-10-07;https://www.congstar.de/geraete/google/google-pixel-11-pro-xl/;google-pixel-11-pro-xl-256gb-fog;;Tarifgrundpreis Monat 25–36
Bündel;Pixel 11 Pro XL;256;congstar;discount;Allnet Flat S Flex;M;neu;29,00;20,00;36,50;;36;35,00;36;;;2026-10-07;https://www.congstar.de/geraete/google/google-pixel-11-pro-xl/;google-pixel-11-pro-xl-256gb-fog;;Tarifgrundpreis Monat 25–36
Bündel;Pixel 11 Pro XL;256;congstar;discount;Allnet Flat XS;XS;neu;29,00;15,00;33,50;;36;15,00;36;;;2026-10-07;https://www.congstar.de/geraete/google/google-pixel-11-pro-xl/;google-pixel-11-pro-xl-256gb-fog;;Tarifgrundpreis Monat 25–36
Bündel;Pixel 11 Pro XL;256;congstar;discount;Allnet Flat XS Flex;XS;neu;29,00;15,00;36,50;;36;35,00;36;;;2026-10-07;https://www.congstar.de/geraete/google/google-pixel-11-pro-xl/;google-pixel-11-pro-xl-256gb-fog;;Tarifgrundpreis Monat 25–36
Bündel;Pixel 11 Pro XL;512;congstar;discount;Allnet Flat L;L;neu;129,00;30,00;28,00;;36;15,00;36;;;2026-10-07;https://www.congstar.de/geraete/google/google-pixel-11-pro-xl/;google-pixel-11-pro-xl-512gb-schwarz;;Tarifgrundpreis Monat 25–36
Bündel;Pixel 11 Pro XL;512;congstar;discount;Allnet Flat L Flex;L;neu;129,00;30,00;36,50;;36;35,00;36;;;2026-10-07;https://www.congstar.de/geraete/google/google-pixel-11-pro-xl/;google-pixel-11-pro-xl-512gb-schwarz;;Tarifgrundpreis Monat 25–36
Bündel;Pixel 11 Pro XL;512;congstar;discount;Allnet Flat M;L;neu;129,00;25,00;29,00;;36;15,00;36;;;2026-10-07;https://www.congstar.de/geraete/google/google-pixel-11-pro-xl/;google-pixel-11-pro-xl-512gb-schwarz;;Tarifgrundpreis Monat 25–36
Bündel;Pixel 11 Pro XL;512;congstar;discount;Allnet Flat M Flex;L;neu;129,00;25,00;36,50;;36;35,00;36;;;2026-10-07;https://www.congstar.de/geraete/google/google-pixel-11-pro-xl/;google-pixel-11-pro-xl-512gb-schwarz;;Tarifgrundpreis Monat 25–36
Bündel;Pixel 11 Pro XL;512;congstar;discount;Allnet Flat S;M;neu;129,00;20,00;32,00;;36;15,00;36;;;2026-10-07;https://www.congstar.de/geraete/google/google-pixel-11-pro-xl/;google-pixel-11-pro-xl-512gb-schwarz;;Tarifgrundpreis Monat 25–36
Bündel;Pixel 11 Pro XL;512;congstar;discount;Allnet Flat S Flex;M;neu;129,00;20,00;36,50;;36;35,00;36;;;2026-10-07;https://www.congstar.de/geraete/google/google-pixel-11-pro-xl/;google-pixel-11-pro-xl-512gb-schwarz;;Tarifgrundpreis Monat 25–36
Bündel;Pixel 11 Pro XL;512;congstar;discount;Allnet Flat XS;XS;neu;129,00;15,00;34,00;;36;15,00;36;;;2026-10-07;https://www.congstar.de/geraete/google/google-pixel-11-pro-xl/;google-pixel-11-pro-xl-512gb-schwarz;;Tarifgrundpreis Monat 25–36
Bündel;Pixel 11 Pro XL;512;congstar;discount;Allnet Flat XS Flex;XS;neu;129,00;15,00;36,50;;36;35,00;36;;;2026-10-07;https://www.congstar.de/geraete/google/google-pixel-11-pro-xl/;google-pixel-11-pro-xl-512gb-schwarz;;Tarifgrundpreis Monat 25–36
Bündel;Nothing Phone (4a) Pro;256;congstar;discount;Allnet Flat L;L;neu;49,00;30,00;7,00;;36;15,00;36;;;2026-10-07;https://www.congstar.de/geraete/nothing/nothing-phone-4a-pro/;nothing-phone-4a-pro-256gb-silber;;Tarifgrundpreis Monat 25–36
Bündel;Nothing Phone (4a) Pro;256;congstar;discount;Allnet Flat L Flex;L;neu;49,00;30,00;13,00;;36;35,00;36;;;2026-10-07;https://www.congstar.de/geraete/nothing/nothing-phone-4a-pro/;nothing-phone-4a-pro-256gb-silber;;Tarifgrundpreis Monat 25–36
Bündel;Nothing Phone (4a) Pro;256;congstar;discount;Allnet Flat M;L;neu;49,00;25,00;8,00;;36;15,00;36;;;2026-10-07;https://www.congstar.de/geraete/nothing/nothing-phone-4a-pro/;nothing-phone-4a-pro-256gb-silber;;Tarifgrundpreis Monat 25–36
Bündel;Nothing Phone (4a) Pro;256;congstar;discount;Allnet Flat M Flex;L;neu;49,00;25,00;13,00;;36;35,00;36;;;2026-10-07;https://www.congstar.de/geraete/nothing/nothing-phone-4a-pro/;nothing-phone-4a-pro-256gb-silber;;Tarifgrundpreis Monat 25–36
Bündel;Nothing Phone (4a) Pro;256;congstar;discount;Allnet Flat S;M;neu;49,00;20,00;9,00;;36;15,00;36;;;2026-10-07;https://www.congstar.de/geraete/nothing/nothing-phone-4a-pro/;nothing-phone-4a-pro-256gb-silber;;Tarifgrundpreis Monat 25–36
Bündel;Nothing Phone (4a) Pro;256;congstar;discount;Allnet Flat S Flex;M;neu;49,00;20,00;13,00;;36;35,00;36;;;2026-10-07;https://www.congstar.de/geraete/nothing/nothing-phone-4a-pro/;nothing-phone-4a-pro-256gb-silber;;Tarifgrundpreis Monat 25–36
Bündel;Nothing Phone (4a) Pro;256;congstar;discount;Allnet Flat XS;XS;neu;49,00;15,00;10,00;;36;15,00;36;;;2026-10-07;https://www.congstar.de/geraete/nothing/nothing-phone-4a-pro/;nothing-phone-4a-pro-256gb-silber;;Tarifgrundpreis Monat 25–36
Bündel;Nothing Phone (4a) Pro;256;congstar;discount;Allnet Flat XS Flex;XS;neu;49,00;15,00;13,00;;36;35,00;36;;;2026-10-07;https://www.congstar.de/geraete/nothing/nothing-phone-4a-pro/;nothing-phone-4a-pro-256gb-silber;;Tarifgrundpreis Monat 25–36
Bündel;Galaxy A17;128;congstar;discount;Allnet Flat L;L;neu;9,00;30,00;1,00;;36;15,00;36;;;2026-10-07;https://www.congstar.de/geraete/samsung/samsung-galaxy-a17-5g/;samsung-galaxy-a17-128gb-schwarz;;Tarifgrundpreis Monat 25–36
Bündel;Galaxy A17;128;congstar;discount;Allnet Flat L Flex;L;neu;9,00;30,00;6,00;;36;35,00;36;;;2026-10-07;https://www.congstar.de/geraete/samsung/samsung-galaxy-a17-5g/;samsung-galaxy-a17-128gb-schwarz;;Tarifgrundpreis Monat 25–36
Bündel;Galaxy A17;128;congstar;discount;Allnet Flat M;L;neu;9,00;25,00;1,00;;36;15,00;36;;;2026-10-07;https://www.congstar.de/geraete/samsung/samsung-galaxy-a17-5g/;samsung-galaxy-a17-128gb-schwarz;;Tarifgrundpreis Monat 25–36
Bündel;Galaxy A17;128;congstar;discount;Allnet Flat M Flex;L;neu;9,00;25,00;6,00;;36;35,00;36;;;2026-10-07;https://www.congstar.de/geraete/samsung/samsung-galaxy-a17-5g/;samsung-galaxy-a17-128gb-schwarz;;Tarifgrundpreis Monat 25–36
Bündel;Galaxy A17;128;congstar;discount;Allnet Flat S;M;neu;9,00;20,00;2,00;;36;15,00;36;;;2026-10-07;https://www.congstar.de/geraete/samsung/samsung-galaxy-a17-5g/;samsung-galaxy-a17-128gb-schwarz;;Tarifgrundpreis Monat 25–36
Bündel;Galaxy A17;128;congstar;discount;Allnet Flat S Flex;M;neu;9,00;20,00;6,00;;36;35,00;36;;;2026-10-07;https://www.congstar.de/geraete/samsung/samsung-galaxy-a17-5g/;samsung-galaxy-a17-128gb-schwarz;;Tarifgrundpreis Monat 25–36
Bündel;Galaxy A17;128;congstar;discount;Allnet Flat XS;XS;neu;9,00;15,00;4,00;;36;15,00;36;;;2026-10-07;https://www.congstar.de/geraete/samsung/samsung-galaxy-a17-5g/;samsung-galaxy-a17-128gb-schwarz;;Tarifgrundpreis Monat 25–36
Bündel;Galaxy A17;128;congstar;discount;Allnet Flat XS Flex;XS;neu;9,00;15,00;6,00;;36;35,00;36;;;2026-10-07;https://www.congstar.de/geraete/samsung/samsung-galaxy-a17-5g/;samsung-galaxy-a17-128gb-schwarz;;Tarifgrundpreis Monat 25–36
Bündel;Galaxy A37;128;congstar;discount;Allnet Flat L;L;neu;49,00;30,00;3,00;;36;15,00;36;;;2026-10-07;https://www.congstar.de/geraete/samsung/samsung-galaxy-a37/;samsung-galaxy-a37-128gb-awesome-white;;Tarifgrundpreis Monat 25–36
Bündel;Galaxy A37;128;congstar;discount;Allnet Flat L Flex;L;neu;49,00;30,00;8,00;;36;35,00;36;;;2026-10-07;https://www.congstar.de/geraete/samsung/samsung-galaxy-a37/;samsung-galaxy-a37-128gb-awesome-white;;Tarifgrundpreis Monat 25–36
Bündel;Galaxy A37;128;congstar;discount;Allnet Flat M;L;neu;49,00;25,00;4,00;;36;15,00;36;;;2026-10-07;https://www.congstar.de/geraete/samsung/samsung-galaxy-a37/;samsung-galaxy-a37-128gb-awesome-white;;Tarifgrundpreis Monat 25–36
Bündel;Galaxy A37;128;congstar;discount;Allnet Flat M Flex;L;neu;49,00;25,00;8,00;;36;35,00;36;;;2026-10-07;https://www.congstar.de/geraete/samsung/samsung-galaxy-a37/;samsung-galaxy-a37-128gb-awesome-white;;Tarifgrundpreis Monat 25–36
Bündel;Galaxy A37;128;congstar;discount;Allnet Flat S;M;neu;49,00;20,00;5,00;;36;15,00;36;;;2026-10-07;https://www.congstar.de/geraete/samsung/samsung-galaxy-a37/;samsung-galaxy-a37-128gb-awesome-white;;Tarifgrundpreis Monat 25–36
Bündel;Galaxy A37;128;congstar;discount;Allnet Flat S Flex;M;neu;49,00;20,00;8,00;;36;35,00;36;;;2026-10-07;https://www.congstar.de/geraete/samsung/samsung-galaxy-a37/;samsung-galaxy-a37-128gb-awesome-white;;Tarifgrundpreis Monat 25–36
Bündel;Galaxy A37;128;congstar;discount;Allnet Flat XS;XS;neu;49,00;15,00;7,00;;36;15,00;36;;;2026-10-07;https://www.congstar.de/geraete/samsung/samsung-galaxy-a37/;samsung-galaxy-a37-128gb-awesome-white;;Tarifgrundpreis Monat 25–36
Bündel;Galaxy A37;128;congstar;discount;Allnet Flat XS Flex;XS;neu;49,00;15,00;8,00;;36;35,00;36;;;2026-10-07;https://www.congstar.de/geraete/samsung/samsung-galaxy-a37/;samsung-galaxy-a37-128gb-awesome-white;;Tarifgrundpreis Monat 25–36
Bündel;Galaxy A37;256;congstar;discount;Allnet Flat L;L;neu;49,00;30,00;6,00;;36;15,00;36;;;2026-10-07;https://www.congstar.de/geraete/samsung/samsung-galaxy-a37/;samsung-galaxy-a37-256gb-awesome-white;;Tarifgrundpreis Monat 25–36
Bündel;Galaxy A37;256;congstar;discount;Allnet Flat L Flex;L;neu;49,00;30,00;11,00;;36;35,00;36;;;2026-10-07;https://www.congstar.de/geraete/samsung/samsung-galaxy-a37/;samsung-galaxy-a37-256gb-awesome-white;;Tarifgrundpreis Monat 25–36
Bündel;Galaxy A37;256;congstar;discount;Allnet Flat M;L;neu;49,00;25,00;7,00;;36;15,00;36;;;2026-10-07;https://www.congstar.de/geraete/samsung/samsung-galaxy-a37/;samsung-galaxy-a37-256gb-awesome-white;;Tarifgrundpreis Monat 25–36
Bündel;Galaxy A37;256;congstar;discount;Allnet Flat M Flex;L;neu;49,00;25,00;11,00;;36;35,00;36;;;2026-10-07;https://www.congstar.de/geraete/samsung/samsung-galaxy-a37/;samsung-galaxy-a37-256gb-awesome-white;;Tarifgrundpreis Monat 25–36
Bündel;Galaxy A37;256;congstar;discount;Allnet Flat S;M;neu;49,00;20,00;8,00;;36;15,00;36;;;2026-10-07;https://www.congstar.de/geraete/samsung/samsung-galaxy-a37/;samsung-galaxy-a37-256gb-awesome-white;;Tarifgrundpreis Monat 25–36
Bündel;Galaxy A37;256;congstar;discount;Allnet Flat S Flex;M;neu;49,00;20,00;11,00;;36;35,00;36;;;2026-10-07;https://www.congstar.de/geraete/samsung/samsung-galaxy-a37/;samsung-galaxy-a37-256gb-awesome-white;;Tarifgrundpreis Monat 25–36
Bündel;Galaxy A37;256;congstar;discount;Allnet Flat XS;XS;neu;49,00;15,00;10,00;;36;15,00;36;;;2026-10-07;https://www.congstar.de/geraete/samsung/samsung-galaxy-a37/;samsung-galaxy-a37-256gb-awesome-white;;Tarifgrundpreis Monat 25–36
Bündel;Galaxy A37;256;congstar;discount;Allnet Flat XS Flex;XS;neu;49,00;15,00;11,00;;36;35,00;36;;;2026-10-07;https://www.congstar.de/geraete/samsung/samsung-galaxy-a37/;samsung-galaxy-a37-256gb-awesome-white;;Tarifgrundpreis Monat 25–36
Bündel;Galaxy A57;128;congstar;discount;Allnet Flat L;L;neu;9,00;30,00;7,00;;36;15,00;36;;;2026-10-07;https://www.congstar.de/geraete/samsung/samsung-galaxy-a57/;samsung-galaxy-a57-128gb-awesome-lilac;;Tarifgrundpreis Monat 25–36
Bündel;Galaxy A57;128;congstar;discount;Allnet Flat L Flex;L;neu;9,00;30,00;11,50;;36;35,00;36;;;2026-10-07;https://www.congstar.de/geraete/samsung/samsung-galaxy-a57/;samsung-galaxy-a57-128gb-awesome-lilac;;Tarifgrundpreis Monat 25–36
Bündel;Galaxy A57;128;congstar;discount;Allnet Flat M;L;neu;9,00;25,00;8,00;;36;15,00;36;;;2026-10-07;https://www.congstar.de/geraete/samsung/samsung-galaxy-a57/;samsung-galaxy-a57-128gb-awesome-lilac;;Tarifgrundpreis Monat 25–36
Bündel;Galaxy A57;128;congstar;discount;Allnet Flat M Flex;L;neu;9,00;25,00;11,50;;36;35,00;36;;;2026-10-07;https://www.congstar.de/geraete/samsung/samsung-galaxy-a57/;samsung-galaxy-a57-128gb-awesome-lilac;;Tarifgrundpreis Monat 25–36
Bündel;Galaxy A57;128;congstar;discount;Allnet Flat S;M;neu;9,00;20,00;9,00;;36;15,00;36;;;2026-10-07;https://www.congstar.de/geraete/samsung/samsung-galaxy-a57/;samsung-galaxy-a57-128gb-awesome-lilac;;Tarifgrundpreis Monat 25–36
Bündel;Galaxy A57;128;congstar;discount;Allnet Flat S Flex;M;neu;9,00;20,00;11,50;;36;35,00;36;;;2026-10-07;https://www.congstar.de/geraete/samsung/samsung-galaxy-a57/;samsung-galaxy-a57-128gb-awesome-lilac;;Tarifgrundpreis Monat 25–36
Bündel;Galaxy A57;128;congstar;discount;Allnet Flat XS;XS;neu;9,00;15,00;10,00;;36;15,00;36;;;2026-10-07;https://www.congstar.de/geraete/samsung/samsung-galaxy-a57/;samsung-galaxy-a57-128gb-awesome-lilac;;Tarifgrundpreis Monat 25–36
Bündel;Galaxy A57;128;congstar;discount;Allnet Flat XS Flex;XS;neu;9,00;15,00;11,50;;36;35,00;36;;;2026-10-07;https://www.congstar.de/geraete/samsung/samsung-galaxy-a57/;samsung-galaxy-a57-128gb-awesome-lilac;;Tarifgrundpreis Monat 25–36
Bündel;Galaxy A57;256;congstar;discount;Allnet Flat L;L;neu;69,00;30,00;7,00;;36;15,00;36;;;2026-10-07;https://www.congstar.de/geraete/samsung/samsung-galaxy-a57/;samsung-galaxy-a57-256gb-awesome-icyblue;;Tarifgrundpreis Monat 25–36
Bündel;Galaxy A57;256;congstar;discount;Allnet Flat L Flex;L;neu;69,00;30,00;11,50;;36;35,00;36;;;2026-10-07;https://www.congstar.de/geraete/samsung/samsung-galaxy-a57/;samsung-galaxy-a57-256gb-awesome-icyblue;;Tarifgrundpreis Monat 25–36
Bündel;Galaxy A57;256;congstar;discount;Allnet Flat M;L;neu;69,00;25,00;8,00;;36;15,00;36;;;2026-10-07;https://www.congstar.de/geraete/samsung/samsung-galaxy-a57/;samsung-galaxy-a57-256gb-awesome-icyblue;;Tarifgrundpreis Monat 25–36
Bündel;Galaxy A57;256;congstar;discount;Allnet Flat M Flex;L;neu;69,00;25,00;11,50;;36;35,00;36;;;2026-10-07;https://www.congstar.de/geraete/samsung/samsung-galaxy-a57/;samsung-galaxy-a57-256gb-awesome-icyblue;;Tarifgrundpreis Monat 25–36
Bündel;Galaxy A57;256;congstar;discount;Allnet Flat S;M;neu;69,00;20,00;9,00;;36;15,00;36;;;2026-10-07;https://www.congstar.de/geraete/samsung/samsung-galaxy-a57/;samsung-galaxy-a57-256gb-awesome-icyblue;;Tarifgrundpreis Monat 25–36
Bündel;Galaxy A57;256;congstar;discount;Allnet Flat S Flex;M;neu;69,00;20,00;11,50;;36;35,00;36;;;2026-10-07;https://www.congstar.de/geraete/samsung/samsung-galaxy-a57/;samsung-galaxy-a57-256gb-awesome-icyblue;;Tarifgrundpreis Monat 25–36
Bündel;Galaxy A57;256;congstar;discount;Allnet Flat XS;XS;neu;69,00;15,00;10,00;;36;15,00;36;;;2026-10-07;https://www.congstar.de/geraete/samsung/samsung-galaxy-a57/;samsung-galaxy-a57-256gb-awesome-icyblue;;Tarifgrundpreis Monat 25–36
Bündel;Galaxy A57;256;congstar;discount;Allnet Flat XS Flex;XS;neu;69,00;15,00;11,50;;36;35,00;36;;;2026-10-07;https://www.congstar.de/geraete/samsung/samsung-galaxy-a57/;samsung-galaxy-a57-256gb-awesome-icyblue;;Tarifgrundpreis Monat 25–36
Bündel;Galaxy S25;128;congstar;discount;Allnet Flat L;L;neu;15,00;30,00;13,00;;36;15,00;36;;;2026-10-07;https://www.congstar.de/geraete/samsung/samsung-galaxy-s25/;samsung-galaxy-s25-128gb-silber;Quarantäne;Tarifgrundpreis Monat 25–36
Bündel;Galaxy S25;128;congstar;discount;Allnet Flat L Flex;L;neu;15,00;30,00;21,00;;36;35,00;36;;;2026-10-07;https://www.congstar.de/geraete/samsung/samsung-galaxy-s25/;samsung-galaxy-s25-128gb-silber;Quarantäne;Tarifgrundpreis Monat 25–36
Bündel;Galaxy S25;128;congstar;discount;Allnet Flat M;L;neu;15,00;25,00;16,00;;36;15,00;36;;;2026-10-07;https://www.congstar.de/geraete/samsung/samsung-galaxy-s25/;samsung-galaxy-s25-128gb-silber;Quarantäne;Tarifgrundpreis Monat 25–36
Bündel;Galaxy S25;128;congstar;discount;Allnet Flat M Flex;L;neu;15,00;25,00;21,00;;36;35,00;36;;;2026-10-07;https://www.congstar.de/geraete/samsung/samsung-galaxy-s25/;samsung-galaxy-s25-128gb-silber;Quarantäne;Tarifgrundpreis Monat 25–36
Bündel;Galaxy S25;128;congstar;discount;Allnet Flat S;M;neu;15,00;20,00;17,00;;36;15,00;36;;;2026-10-07;https://www.congstar.de/geraete/samsung/samsung-galaxy-s25/;samsung-galaxy-s25-128gb-silber;Quarantäne;Tarifgrundpreis Monat 25–36
Bündel;Galaxy S25;128;congstar;discount;Allnet Flat S Flex;M;neu;15,00;20,00;21,00;;36;35,00;36;;;2026-10-07;https://www.congstar.de/geraete/samsung/samsung-galaxy-s25/;samsung-galaxy-s25-128gb-silber;Quarantäne;Tarifgrundpreis Monat 25–36
Bündel;Galaxy S25;128;congstar;discount;Allnet Flat XS;XS;neu;15,00;15,00;20,00;;36;15,00;36;;;2026-10-07;https://www.congstar.de/geraete/samsung/samsung-galaxy-s25/;samsung-galaxy-s25-128gb-silber;Quarantäne;Tarifgrundpreis Monat 25–36
Bündel;Galaxy S25;128;congstar;discount;Allnet Flat XS Flex;XS;neu;15,00;15,00;21,00;;36;35,00;36;;;2026-10-07;https://www.congstar.de/geraete/samsung/samsung-galaxy-s25/;samsung-galaxy-s25-128gb-silber;Quarantäne;Tarifgrundpreis Monat 25–36
Bündel;Galaxy S25;256;congstar;discount;Allnet Flat L;L;neu;75,00;30,00;11,00;;36;15,00;36;;;2026-10-07;https://www.congstar.de/geraete/samsung/samsung-galaxy-s25/;samsung-galaxy-s25-256gb-silber;Quarantäne;Tarifgrundpreis Monat 25–36
Bündel;Galaxy S25;256;congstar;discount;Allnet Flat L Flex;L;neu;75,00;30,00;19,00;;36;35,00;36;;;2026-10-07;https://www.congstar.de/geraete/samsung/samsung-galaxy-s25/;samsung-galaxy-s25-256gb-silber;Quarantäne;Tarifgrundpreis Monat 25–36
Bündel;Galaxy S25;256;congstar;discount;Allnet Flat M;L;neu;75,00;25,00;14,00;;36;15,00;36;;;2026-10-07;https://www.congstar.de/geraete/samsung/samsung-galaxy-s25/;samsung-galaxy-s25-256gb-silber;Quarantäne;Tarifgrundpreis Monat 25–36
Bündel;Galaxy S25;256;congstar;discount;Allnet Flat M Flex;L;neu;75,00;25,00;19,00;;36;35,00;36;;;2026-10-07;https://www.congstar.de/geraete/samsung/samsung-galaxy-s25/;samsung-galaxy-s25-256gb-silber;Quarantäne;Tarifgrundpreis Monat 25–36
Bündel;Galaxy S25;256;congstar;discount;Allnet Flat S;M;neu;75,00;20,00;15,00;;36;15,00;36;;;2026-10-07;https://www.congstar.de/geraete/samsung/samsung-galaxy-s25/;samsung-galaxy-s25-256gb-silber;Quarantäne;Tarifgrundpreis Monat 25–36
Bündel;Galaxy S25;256;congstar;discount;Allnet Flat S Flex;M;neu;75,00;20,00;19,00;;36;35,00;36;;;2026-10-07;https://www.congstar.de/geraete/samsung/samsung-galaxy-s25/;samsung-galaxy-s25-256gb-silber;Quarantäne;Tarifgrundpreis Monat 25–36
Bündel;Galaxy S25;256;congstar;discount;Allnet Flat XS;XS;neu;75,00;15,00;18,00;;36;15,00;36;;;2026-10-07;https://www.congstar.de/geraete/samsung/samsung-galaxy-s25/;samsung-galaxy-s25-256gb-silber;Quarantäne;Tarifgrundpreis Monat 25–36
Bündel;Galaxy S25;256;congstar;discount;Allnet Flat XS Flex;XS;neu;75,00;15,00;19,00;;36;35,00;36;;;2026-10-07;https://www.congstar.de/geraete/samsung/samsung-galaxy-s25/;samsung-galaxy-s25-256gb-silber;Quarantäne;Tarifgrundpreis Monat 25–36
Bündel;Galaxy S25 FE;128;congstar;discount;Allnet Flat L;L;neu;19,00;29,00;10,00;;36;0,00;36;;;2026-09-30;https://www.congstar.de/geraete/samsung/samsung-galaxy-s25-fe/;samsung-galaxy-s25-fe-128gb-jetblack;Aktion abgelaufen;Tarifgrundpreis Monat 25–36
Bündel;Galaxy S25 FE;128;congstar;discount;Allnet Flat L Flex;L;neu;19,00;29,00;16,00;;36;0,00;36;;;2026-09-30;https://www.congstar.de/geraete/samsung/samsung-galaxy-s25-fe/;samsung-galaxy-s25-fe-128gb-jetblack;Aktion abgelaufen;Tarifgrundpreis Monat 25–36
Bündel;Galaxy S25 FE;128;congstar;discount;Allnet Flat M;L;neu;19,00;24,00;11,00;;36;0,00;36;;;2026-09-30;https://www.congstar.de/geraete/samsung/samsung-galaxy-s25-fe/;samsung-galaxy-s25-fe-128gb-jetblack;Aktion abgelaufen;Tarifgrundpreis Monat 25–36
Bündel;Galaxy S25 FE;128;congstar;discount;Allnet Flat M Flex;L;neu;19,00;24,00;16,00;;36;0,00;36;;;2026-09-30;https://www.congstar.de/geraete/samsung/samsung-galaxy-s25-fe/;samsung-galaxy-s25-fe-128gb-jetblack;Aktion abgelaufen;Tarifgrundpreis Monat 25–36
Bündel;Galaxy S25 FE;128;congstar;discount;Allnet Flat S;M;neu;19,00;20,00;13,00;;36;0,00;36;;;2026-09-30;https://www.congstar.de/geraete/samsung/samsung-galaxy-s25-fe/;samsung-galaxy-s25-fe-128gb-jetblack;Aktion abgelaufen;Tarifgrundpreis Monat 25–36
Bündel;Galaxy S25 FE;128;congstar;discount;Allnet Flat S Flex;M;neu;19,00;20,00;16,00;;36;0,00;36;;;2026-09-30;https://www.congstar.de/geraete/samsung/samsung-galaxy-s25-fe/;samsung-galaxy-s25-fe-128gb-jetblack;Aktion abgelaufen;Tarifgrundpreis Monat 25–36
Bündel;Galaxy S25 FE;128;congstar;discount;Allnet Flat XS;XS;neu;19,00;15,00;14,00;;36;0,00;36;;;2026-09-30;https://www.congstar.de/geraete/samsung/samsung-galaxy-s25-fe/;samsung-galaxy-s25-fe-128gb-jetblack;Aktion abgelaufen;Tarifgrundpreis Monat 25–36
Bündel;Galaxy S25 FE;128;congstar;discount;Allnet Flat XS Flex;XS;neu;19,00;15,00;16,00;;36;0,00;36;;;2026-09-30;https://www.congstar.de/geraete/samsung/samsung-galaxy-s25-fe/;samsung-galaxy-s25-fe-128gb-jetblack;Aktion abgelaufen;Tarifgrundpreis Monat 25–36
Bündel;Galaxy S26;256;congstar;discount;Allnet Flat L;L;neu;1,00;30,00;15,00;;36;15,00;36;;;2026-10-07;https://www.congstar.de/geraete/samsung/samsung-galaxy-s26/;samsung-galaxy-s26-256gb-cobalt-violet;;Tarifgrundpreis Monat 25–36
Bündel;Galaxy S26;256;congstar;discount;Allnet Flat L Flex;L;neu;1,00;30,00;22,00;;36;35,00;36;;;2026-10-07;https://www.congstar.de/geraete/samsung/samsung-galaxy-s26/;samsung-galaxy-s26-256gb-cobalt-violet;;Tarifgrundpreis Monat 25–36
Bündel;Galaxy S26;256;congstar;discount;Allnet Flat M;L;neu;1,00;25,00;17,00;;36;15,00;36;;;2026-10-07;https://www.congstar.de/geraete/samsung/samsung-galaxy-s26/;samsung-galaxy-s26-256gb-cobalt-violet;;Tarifgrundpreis Monat 25–36
Bündel;Galaxy S26;256;congstar;discount;Allnet Flat M Flex;L;neu;1,00;25,00;22,00;;36;35,00;36;;;2026-10-07;https://www.congstar.de/geraete/samsung/samsung-galaxy-s26/;samsung-galaxy-s26-256gb-cobalt-violet;;Tarifgrundpreis Monat 25–36
Bündel;Galaxy S26;256;congstar;discount;Allnet Flat S;M;neu;1,00;20,00;19,00;;36;15,00;36;;;2026-10-07;https://www.congstar.de/geraete/samsung/samsung-galaxy-s26/;samsung-galaxy-s26-256gb-cobalt-violet;;Tarifgrundpreis Monat 25–36
Bündel;Galaxy S26;256;congstar;discount;Allnet Flat S Flex;M;neu;1,00;20,00;22,00;;36;35,00;36;;;2026-10-07;https://www.congstar.de/geraete/samsung/samsung-galaxy-s26/;samsung-galaxy-s26-256gb-cobalt-violet;;Tarifgrundpreis Monat 25–36
Bündel;Galaxy S26;256;congstar;discount;Allnet Flat XS;XS;neu;1,00;15,00;21,00;;36;15,00;36;;;2026-10-07;https://www.congstar.de/geraete/samsung/samsung-galaxy-s26/;samsung-galaxy-s26-256gb-cobalt-violet;;Tarifgrundpreis Monat 25–36
Bündel;Galaxy S26;256;congstar;discount;Allnet Flat XS Flex;XS;neu;1,00;15,00;22,00;;36;35,00;36;;;2026-10-07;https://www.congstar.de/geraete/samsung/samsung-galaxy-s26/;samsung-galaxy-s26-256gb-cobalt-violet;;Tarifgrundpreis Monat 25–36
Bündel;Galaxy S26;256;congstar;discount;Allnet Flat L;L;refurbished;1,00;30,00;19,00;;36;15,00;36;;;2026-10-07;https://www.congstar.de/geraete/samsung/samsung-galaxy-s26-zustand-wie-neu/;samsung-galaxy-s26-256gb-cobalt-violet-refurbished;;Tarifgrundpreis Monat 25–36
Bündel;Galaxy S26;256;congstar;discount;Allnet Flat L Flex;L;refurbished;1,00;30,00;19,00;;36;35,00;36;;;2026-10-07;https://www.congstar.de/geraete/samsung/samsung-galaxy-s26-zustand-wie-neu/;samsung-galaxy-s26-256gb-cobalt-violet-refurbished;;Tarifgrundpreis Monat 25–36
Bündel;Galaxy S26;256;congstar;discount;Allnet Flat M;L;refurbished;1,00;25,00;19,00;;36;15,00;36;;;2026-10-07;https://www.congstar.de/geraete/samsung/samsung-galaxy-s26-zustand-wie-neu/;samsung-galaxy-s26-256gb-cobalt-violet-refurbished;;Tarifgrundpreis Monat 25–36
Bündel;Galaxy S26;256;congstar;discount;Allnet Flat M Flex;L;refurbished;1,00;25,00;19,00;;36;35,00;36;;;2026-10-07;https://www.congstar.de/geraete/samsung/samsung-galaxy-s26-zustand-wie-neu/;samsung-galaxy-s26-256gb-cobalt-violet-refurbished;;Tarifgrundpreis Monat 25–36
Bündel;Galaxy S26;256;congstar;discount;Allnet Flat S;M;refurbished;1,00;20,00;19,00;;36;15,00;36;;;2026-10-07;https://www.congstar.de/geraete/samsung/samsung-galaxy-s26-zustand-wie-neu/;samsung-galaxy-s26-256gb-cobalt-violet-refurbished;;Tarifgrundpreis Monat 25–36
Bündel;Galaxy S26;256;congstar;discount;Allnet Flat S Flex;M;refurbished;1,00;20,00;19,00;;36;35,00;36;;;2026-10-07;https://www.congstar.de/geraete/samsung/samsung-galaxy-s26-zustand-wie-neu/;samsung-galaxy-s26-256gb-cobalt-violet-refurbished;;Tarifgrundpreis Monat 25–36
Bündel;Galaxy S26;256;congstar;discount;Allnet Flat XS;XS;refurbished;1,00;15,00;19,00;;36;15,00;36;;;2026-10-07;https://www.congstar.de/geraete/samsung/samsung-galaxy-s26-zustand-wie-neu/;samsung-galaxy-s26-256gb-cobalt-violet-refurbished;;Tarifgrundpreis Monat 25–36
Bündel;Galaxy S26;256;congstar;discount;Allnet Flat XS Flex;XS;refurbished;1,00;15,00;19,00;;36;35,00;36;;;2026-10-07;https://www.congstar.de/geraete/samsung/samsung-galaxy-s26-zustand-wie-neu/;samsung-galaxy-s26-256gb-cobalt-violet-refurbished;;Tarifgrundpreis Monat 25–36
Bündel;Galaxy S26;256;congstar;discount;Allnet Flat L;L;neu;1,00;30,00;15,00;;36;15,00;36;;;2026-10-01;https://www.congstar.de/geraete/samsung/samsung-galaxy-s26/;samsung-galaxy-s26-256gb-weiss;veraltet;Tarifgrundpreis Monat 25–36
Bündel;Galaxy S26;256;congstar;discount;Allnet Flat L Flex;L;neu;1,00;30,00;22,00;;36;35,00;36;;;2026-10-01;https://www.congstar.de/geraete/samsung/samsung-galaxy-s26/;samsung-galaxy-s26-256gb-weiss;veraltet;Tarifgrundpreis Monat 25–36
Bündel;Galaxy S26;256;congstar;discount;Allnet Flat M;L;neu;1,00;25,00;17,00;;36;15,00;36;;;2026-10-01;https://www.congstar.de/geraete/samsung/samsung-galaxy-s26/;samsung-galaxy-s26-256gb-weiss;veraltet;Tarifgrundpreis Monat 25–36
Bündel;Galaxy S26;256;congstar;discount;Allnet Flat M Flex;L;neu;1,00;25,00;22,00;;36;35,00;36;;;2026-10-01;https://www.congstar.de/geraete/samsung/samsung-galaxy-s26/;samsung-galaxy-s26-256gb-weiss;veraltet;Tarifgrundpreis Monat 25–36
Bündel;Galaxy S26;256;congstar;discount;Allnet Flat S;M;neu;1,00;20,00;19,00;;36;15,00;36;;;2026-10-01;https://www.congstar.de/geraete/samsung/samsung-galaxy-s26/;samsung-galaxy-s26-256gb-weiss;veraltet;Tarifgrundpreis Monat 25–36
Bündel;Galaxy S26;256;congstar;discount;Allnet Flat S Flex;M;neu;1,00;20,00;22,00;;36;35,00;36;;;2026-10-01;https://www.congstar.de/geraete/samsung/samsung-galaxy-s26/;samsung-galaxy-s26-256gb-weiss;veraltet;Tarifgrundpreis Monat 25–36
Bündel;Galaxy S26;256;congstar;discount;Allnet Flat XS;XS;neu;1,00;15,00;21,00;;36;15,00;36;;;2026-10-01;https://www.congstar.de/geraete/samsung/samsung-galaxy-s26/;samsung-galaxy-s26-256gb-weiss;veraltet;Tarifgrundpreis Monat 25–36
Bündel;Galaxy S26;256;congstar;discount;Allnet Flat XS Flex;XS;neu;1,00;15,00;22,00;;36;35,00;36;;;2026-10-01;https://www.congstar.de/geraete/samsung/samsung-galaxy-s26/;samsung-galaxy-s26-256gb-weiss;veraltet;Tarifgrundpreis Monat 25–36
Bündel;Galaxy S26;512;congstar;discount;Allnet Flat L;L;neu;1,00;30,00;23,00;;36;15,00;36;;;2026-10-07;https://www.congstar.de/geraete/samsung/samsung-galaxy-s26/;samsung-galaxy-s26-512gb-cobalt-violet;;Tarifgrundpreis Monat 25–36
Bündel;Galaxy S26;512;congstar;discount;Allnet Flat L Flex;L;neu;1,00;30,00;28,50;;36;35,00;36;;;2026-10-07;https://www.congstar.de/geraete/samsung/samsung-galaxy-s26/;samsung-galaxy-s26-512gb-cobalt-violet;;Tarifgrundpreis Monat 25–36
Bündel;Galaxy S26;512;congstar;discount;Allnet Flat M;L;neu;1,00;25,00;24,00;;36;15,00;36;;;2026-10-07;https://www.congstar.de/geraete/samsung/samsung-galaxy-s26/;samsung-galaxy-s26-512gb-cobalt-violet;;Tarifgrundpreis Monat 25–36
Bündel;Galaxy S26;512;congstar;discount;Allnet Flat M Flex;L;neu;1,00;25,00;28,50;;36;35,00;36;;;2026-10-07;https://www.congstar.de/geraete/samsung/samsung-galaxy-s26/;samsung-galaxy-s26-512gb-cobalt-violet;;Tarifgrundpreis Monat 25–36
Bündel;Galaxy S26;512;congstar;discount;Allnet Flat S;M;neu;1,00;20,00;26,00;;36;15,00;36;;;2026-10-07;https://www.congstar.de/geraete/samsung/samsung-galaxy-s26/;samsung-galaxy-s26-512gb-cobalt-violet;;Tarifgrundpreis Monat 25–36
Bündel;Galaxy S26;512;congstar;discount;Allnet Flat S Flex;M;neu;1,00;20,00;28,50;;36;35,00;36;;;2026-10-07;https://www.congstar.de/geraete/samsung/samsung-galaxy-s26/;samsung-galaxy-s26-512gb-cobalt-violet;;Tarifgrundpreis Monat 25–36
Bündel;Galaxy S26;512;congstar;discount;Allnet Flat XS;XS;neu;1,00;15,00;27,00;;36;15,00;36;;;2026-10-07;https://www.congstar.de/geraete/samsung/samsung-galaxy-s26/;samsung-galaxy-s26-512gb-cobalt-violet;;Tarifgrundpreis Monat 25–36
Bündel;Galaxy S26;512;congstar;discount;Allnet Flat XS Flex;XS;neu;1,00;15,00;28,50;;36;35,00;36;;;2026-10-07;https://www.congstar.de/geraete/samsung/samsung-galaxy-s26/;samsung-galaxy-s26-512gb-cobalt-violet;;Tarifgrundpreis Monat 25–36
Bündel;Galaxy S26;512;congstar;discount;Allnet Flat L;L;refurbished;1,00;30,00;23,00;;36;15,00;36;;;2026-10-07;https://www.congstar.de/geraete/samsung/samsung-galaxy-s26-zustand-wie-neu/;samsung-galaxy-s26-512gb-schwarz-refurbished;;Tarifgrundpreis Monat 25–36
Bündel;Galaxy S26;512;congstar;discount;Allnet Flat L Flex;L;refurbished;1,00;30,00;23,00;;36;35,00;36;;;2026-10-07;https://www.congstar.de/geraete/samsung/samsung-galaxy-s26-zustand-wie-neu/;samsung-galaxy-s26-512gb-schwarz-refurbished;;Tarifgrundpreis Monat 25–36
Bündel;Galaxy S26;512;congstar;discount;Allnet Flat M;L;refurbished;1,00;25,00;23,00;;36;15,00;36;;;2026-10-07;https://www.congstar.de/geraete/samsung/samsung-galaxy-s26-zustand-wie-neu/;samsung-galaxy-s26-512gb-schwarz-refurbished;;Tarifgrundpreis Monat 25–36
Bündel;Galaxy S26;512;congstar;discount;Allnet Flat M Flex;L;refurbished;1,00;25,00;23,00;;36;35,00;36;;;2026-10-07;https://www.congstar.de/geraete/samsung/samsung-galaxy-s26-zustand-wie-neu/;samsung-galaxy-s26-512gb-schwarz-refurbished;;Tarifgrundpreis Monat 25–36
Bündel;Galaxy S26;512;congstar;discount;Allnet Flat S;M;refurbished;1,00;20,00;23,00;;36;15,00;36;;;2026-10-07;https://www.congstar.de/geraete/samsung/samsung-galaxy-s26-zustand-wie-neu/;samsung-galaxy-s26-512gb-schwarz-refurbished;;Tarifgrundpreis Monat 25–36
Bündel;Galaxy S26;512;congstar;discount;Allnet Flat S Flex;M;refurbished;1,00;20,00;23,00;;36;35,00;36;;;2026-10-07;https://www.congstar.de/geraete/samsung/samsung-galaxy-s26-zustand-wie-neu/;samsung-galaxy-s26-512gb-schwarz-refurbished;;Tarifgrundpreis Monat 25–36
Bündel;Galaxy S26;512;congstar;discount;Allnet Flat XS;XS;refurbished;1,00;15,00;23,00;;36;15,00;36;;;2026-10-07;https://www.congstar.de/geraete/samsung/samsung-galaxy-s26-zustand-wie-neu/;samsung-galaxy-s26-512gb-schwarz-refurbished;;Tarifgrundpreis Monat 25–36
Bündel;Galaxy S26;512;congstar;discount;Allnet Flat XS Flex;XS;refurbished;1,00;15,00;23,00;;36;35,00;36;;;2026-10-07;https://www.congstar.de/geraete/samsung/samsung-galaxy-s26-zustand-wie-neu/;samsung-galaxy-s26-512gb-schwarz-refurbished;;Tarifgrundpreis Monat 25–36
Bündel;Galaxy S26 FE;128;congstar;discount;Allnet Flat L;L;neu;1,00;30,00;18,00;;36;15,00;36;;;2026-10-07;https://www.congstar.de/geraete/samsung/samsung-galaxy-s26-fe/;samsung-galaxy-s26-fe-128gb-grau;;Tarifgrundpreis Monat 25–36
Bündel;Galaxy S26 FE;128;congstar;discount;Allnet Flat L Flex;L;neu;1,00;30,00;22,00;;36;35,00;36;;;2026-10-07;https://www.congstar.de/geraete/samsung/samsung-galaxy-s26-fe/;samsung-galaxy-s26-fe-128gb-grau;;Tarifgrundpreis Monat 25–36
Bündel;Galaxy S26 FE;128;congstar;discount;Allnet Flat M;L;neu;1,00;25,00;19,00;;36;15,00;36;;;2026-10-07;https://www.congstar.de/geraete/samsung/samsung-galaxy-s26-fe/;samsung-galaxy-s26-fe-128gb-grau;;Tarifgrundpreis Monat 25–36
Bündel;Galaxy S26 FE;128;congstar;discount;Allnet Flat M Flex;L;neu;1,00;25,00;22,00;;36;35,00;36;;;2026-10-07;https://www.congstar.de/geraete/samsung/samsung-galaxy-s26-fe/;samsung-galaxy-s26-fe-128gb-grau;;Tarifgrundpreis Monat 25–36
Bündel;Galaxy S26 FE;128;congstar;discount;Allnet Flat S;M;neu;1,00;20,00;20,00;;36;15,00;36;;;2026-10-07;https://www.congstar.de/geraete/samsung/samsung-galaxy-s26-fe/;samsung-galaxy-s26-fe-128gb-grau;;Tarifgrundpreis Monat 25–36
Bündel;Galaxy S26 FE;128;congstar;discount;Allnet Flat S Flex;M;neu;1,00;20,00;22,00;;36;35,00;36;;;2026-10-07;https://www.congstar.de/geraete/samsung/samsung-galaxy-s26-fe/;samsung-galaxy-s26-fe-128gb-grau;;Tarifgrundpreis Monat 25–36
Bündel;Galaxy S26 FE;128;congstar;discount;Allnet Flat XS;XS;neu;1,00;15,00;21,00;;36;15,00;36;;;2026-10-07;https://www.congstar.de/geraete/samsung/samsung-galaxy-s26-fe/;samsung-galaxy-s26-fe-128gb-grau;;Tarifgrundpreis Monat 25–36
Bündel;Galaxy S26 FE;128;congstar;discount;Allnet Flat XS Flex;XS;neu;1,00;15,00;22,00;;36;35,00;36;;;2026-10-07;https://www.congstar.de/geraete/samsung/samsung-galaxy-s26-fe/;samsung-galaxy-s26-fe-128gb-grau;;Tarifgrundpreis Monat 25–36
Bündel;Galaxy S26 FE;256;congstar;discount;Allnet Flat L;L;neu;29,00;30,00;20,00;;36;15,00;36;;;2026-10-07;https://www.congstar.de/geraete/samsung/samsung-galaxy-s26-fe/;samsung-galaxy-s26-fe-256gb-blueberry;;Tarifgrundpreis Monat 25–36
Bündel;Galaxy S26 FE;256;congstar;discount;Allnet Flat L Flex;L;neu;29,00;30,00;24,00;;36;35,00;36;;;2026-10-07;https://www.congstar.de/geraete/samsung/samsung-galaxy-s26-fe/;samsung-galaxy-s26-fe-256gb-blueberry;;Tarifgrundpreis Monat 25–36
Bündel;Galaxy S26 FE;256;congstar;discount;Allnet Flat M;L;neu;29,00;25,00;21,00;;36;15,00;36;;;2026-10-07;https://www.congstar.de/geraete/samsung/samsung-galaxy-s26-fe/;samsung-galaxy-s26-fe-256gb-blueberry;;Tarifgrundpreis Monat 25–36
Bündel;Galaxy S26 FE;256;congstar;discount;Allnet Flat M Flex;L;neu;29,00;25,00;24,00;;36;35,00;36;;;2026-10-07;https://www.congstar.de/geraete/samsung/samsung-galaxy-s26-fe/;samsung-galaxy-s26-fe-256gb-blueberry;;Tarifgrundpreis Monat 25–36
Bündel;Galaxy S26 FE;256;congstar;discount;Allnet Flat S;M;neu;29,00;20,00;22,00;;36;15,00;36;;;2026-10-07;https://www.congstar.de/geraete/samsung/samsung-galaxy-s26-fe/;samsung-galaxy-s26-fe-256gb-blueberry;;Tarifgrundpreis Monat 25–36
Bündel;Galaxy S26 FE;256;congstar;discount;Allnet Flat S Flex;M;neu;29,00;20,00;24,00;;36;35,00;36;;;2026-10-07;https://www.congstar.de/geraete/samsung/samsung-galaxy-s26-fe/;samsung-galaxy-s26-fe-256gb-blueberry;;Tarifgrundpreis Monat 25–36
Bündel;Galaxy S26 FE;256;congstar;discount;Allnet Flat XS;XS;neu;29,00;15,00;23,00;;36;15,00;36;;;2026-10-07;https://www.congstar.de/geraete/samsung/samsung-galaxy-s26-fe/;samsung-galaxy-s26-fe-256gb-blueberry;;Tarifgrundpreis Monat 25–36
Bündel;Galaxy S26 FE;256;congstar;discount;Allnet Flat XS Flex;XS;neu;29,00;15,00;24,00;;36;35,00;36;;;2026-10-07;https://www.congstar.de/geraete/samsung/samsung-galaxy-s26-fe/;samsung-galaxy-s26-fe-256gb-blueberry;;Tarifgrundpreis Monat 25–36
Bündel;Galaxy S26 Plus;256;congstar;discount;Allnet Flat L;L;neu;49,00;30,00;26,00;;36;15,00;36;;;2026-10-07;https://www.congstar.de/geraete/samsung/samsung-galaxy-s26-1/;samsung-galaxy-s26-plus-256gb-weiss;;Tarifgrundpreis Monat 25–36
Bündel;Galaxy S26 Plus;256;congstar;discount;Allnet Flat L Flex;L;neu;49,00;30,00;34,00;;36;35,00;36;;;2026-10-07;https://www.congstar.de/geraete/samsung/samsung-galaxy-s26-1/;samsung-galaxy-s26-plus-256gb-weiss;;Tarifgrundpreis Monat 25–36
Bündel;Galaxy S26 Plus;256;congstar;discount;Allnet Flat M;L;neu;49,00;25,00;28,00;;36;15,00;36;;;2026-10-07;https://www.congstar.de/geraete/samsung/samsung-galaxy-s26-1/;samsung-galaxy-s26-plus-256gb-weiss;;Tarifgrundpreis Monat 25–36
Bündel;Galaxy S26 Plus;256;congstar;discount;Allnet Flat M Flex;L;neu;49,00;25,00;34,00;;36;35,00;36;;;2026-10-07;https://www.congstar.de/geraete/samsung/samsung-galaxy-s26-1/;samsung-galaxy-s26-plus-256gb-weiss;;Tarifgrundpreis Monat 25–36
Bündel;Galaxy S26 Plus;256;congstar;discount;Allnet Flat S;M;neu;49,00;20,00;30,00;;36;15,00;36;;;2026-10-07;https://www.congstar.de/geraete/samsung/samsung-galaxy-s26-1/;samsung-galaxy-s26-plus-256gb-weiss;;Tarifgrundpreis Monat 25–36
Bündel;Galaxy S26 Plus;256;congstar;discount;Allnet Flat S Flex;M;neu;49,00;20,00;34,00;;36;35,00;36;;;2026-10-07;https://www.congstar.de/geraete/samsung/samsung-galaxy-s26-1/;samsung-galaxy-s26-plus-256gb-weiss;;Tarifgrundpreis Monat 25–36
Bündel;Galaxy S26 Plus;256;congstar;discount;Allnet Flat XS;XS;neu;49,00;15,00;31,00;;36;15,00;36;;;2026-10-07;https://www.congstar.de/geraete/samsung/samsung-galaxy-s26-1/;samsung-galaxy-s26-plus-256gb-weiss;;Tarifgrundpreis Monat 25–36
Bündel;Galaxy S26 Plus;256;congstar;discount;Allnet Flat XS Flex;XS;neu;49,00;15,00;34,00;;36;35,00;36;;;2026-10-07;https://www.congstar.de/geraete/samsung/samsung-galaxy-s26-1/;samsung-galaxy-s26-plus-256gb-weiss;;Tarifgrundpreis Monat 25–36
Bündel;Galaxy S26 Plus;512;congstar;discount;Allnet Flat L;L;neu;69,00;30,00;29,00;;36;15,00;36;;;2026-10-07;https://www.congstar.de/geraete/samsung/samsung-galaxy-s26-1/;samsung-galaxy-s26-plus-512gb-cobalt-violet;;Tarifgrundpreis Monat 25–36
Bündel;Galaxy S26 Plus;512;congstar;discount;Allnet Flat L Flex;L;neu;69,00;30,00;37,50;;36;35,00;36;;;2026-10-07;https://www.congstar.de/geraete/samsung/samsung-galaxy-s26-1/;samsung-galaxy-s26-plus-512gb-cobalt-violet;;Tarifgrundpreis Monat 25–36
Bündel;Galaxy S26 Plus;512;congstar;discount;Allnet Flat M;L;neu;69,00;25,00;31,00;;36;15,00;36;;;2026-10-07;https://www.congstar.de/geraete/samsung/samsung-galaxy-s26-1/;samsung-galaxy-s26-plus-512gb-cobalt-violet;;Tarifgrundpreis Monat 25–36
Bündel;Galaxy S26 Plus;512;congstar;discount;Allnet Flat M Flex;L;neu;69,00;25,00;37,50;;36;35,00;36;;;2026-10-07;https://www.congstar.de/geraete/samsung/samsung-galaxy-s26-1/;samsung-galaxy-s26-plus-512gb-cobalt-violet;;Tarifgrundpreis Monat 25–36
Bündel;Galaxy S26 Plus;512;congstar;discount;Allnet Flat S;M;neu;69,00;20,00;33,00;;36;15,00;36;;;2026-10-07;https://www.congstar.de/geraete/samsung/samsung-galaxy-s26-1/;samsung-galaxy-s26-plus-512gb-cobalt-violet;;Tarifgrundpreis Monat 25–36
Bündel;Galaxy S26 Plus;512;congstar;discount;Allnet Flat S Flex;M;neu;69,00;20,00;37,50;;36;35,00;36;;;2026-10-07;https://www.congstar.de/geraete/samsung/samsung-galaxy-s26-1/;samsung-galaxy-s26-plus-512gb-cobalt-violet;;Tarifgrundpreis Monat 25–36
Bündel;Galaxy S26 Plus;512;congstar;discount;Allnet Flat XS;XS;neu;69,00;15,00;34,00;;36;15,00;36;;;2026-10-07;https://www.congstar.de/geraete/samsung/samsung-galaxy-s26-1/;samsung-galaxy-s26-plus-512gb-cobalt-violet;;Tarifgrundpreis Monat 25–36
Bündel;Galaxy S26 Plus;512;congstar;discount;Allnet Flat XS Flex;XS;neu;69,00;15,00;37,50;;36;35,00;36;;;2026-10-07;https://www.congstar.de/geraete/samsung/samsung-galaxy-s26-1/;samsung-galaxy-s26-plus-512gb-cobalt-violet;;Tarifgrundpreis Monat 25–36
Bündel;Galaxy S26 Ultra;1024;congstar;discount;Allnet Flat L;L;neu;225,00;30,00;36,50;;36;15,00;36;;;2026-10-07;https://www.congstar.de/geraete/samsung/samsung-galaxy-s26-ultra/;samsung-galaxy-s26-ultra-1024gb-cobalt-violet;;Tarifgrundpreis Monat 25–36
Bündel;Galaxy S26 Ultra;1024;congstar;discount;Allnet Flat L Flex;L;neu;225,00;30,00;46,50;;36;35,00;36;;;2026-10-07;https://www.congstar.de/geraete/samsung/samsung-galaxy-s26-ultra/;samsung-galaxy-s26-ultra-1024gb-cobalt-violet;;Tarifgrundpreis Monat 25–36
Bündel;Galaxy S26 Ultra;1024;congstar;discount;Allnet Flat M;L;neu;225,00;25,00;40,50;;36;15,00;36;;;2026-10-07;https://www.congstar.de/geraete/samsung/samsung-galaxy-s26-ultra/;samsung-galaxy-s26-ultra-1024gb-cobalt-violet;;Tarifgrundpreis Monat 25–36
Bündel;Galaxy S26 Ultra;1024;congstar;discount;Allnet Flat M Flex;L;neu;225,00;25,00;46,50;;36;35,00;36;;;2026-10-07;https://www.congstar.de/geraete/samsung/samsung-galaxy-s26-ultra/;samsung-galaxy-s26-ultra-1024gb-cobalt-violet;;Tarifgrundpreis Monat 25–36
Bündel;Galaxy S26 Ultra;1024;congstar;discount;Allnet Flat S;M;neu;225,00;20,00;40,50;;36;15,00;36;;;2026-10-07;https://www.congstar.de/geraete/samsung/samsung-galaxy-s26-ultra/;samsung-galaxy-s26-ultra-1024gb-cobalt-violet;;Tarifgrundpreis Monat 25–36
Bündel;Galaxy S26 Ultra;1024;congstar;discount;Allnet Flat S Flex;M;neu;225,00;20,00;46,50;;36;35,00;36;;;2026-10-07;https://www.congstar.de/geraete/samsung/samsung-galaxy-s26-ultra/;samsung-galaxy-s26-ultra-1024gb-cobalt-violet;;Tarifgrundpreis Monat 25–36
Bündel;Galaxy S26 Ultra;1024;congstar;discount;Allnet Flat XS;XS;neu;225,00;15,00;44,50;;36;15,00;36;;;2026-10-07;https://www.congstar.de/geraete/samsung/samsung-galaxy-s26-ultra/;samsung-galaxy-s26-ultra-1024gb-cobalt-violet;;Tarifgrundpreis Monat 25–36
Bündel;Galaxy S26 Ultra;1024;congstar;discount;Allnet Flat XS Flex;XS;neu;225,00;15,00;46,50;;36;35,00;36;;;2026-10-07;https://www.congstar.de/geraete/samsung/samsung-galaxy-s26-ultra/;samsung-galaxy-s26-ultra-1024gb-cobalt-violet;;Tarifgrundpreis Monat 25–36
Bündel;Galaxy S26 Ultra;256;congstar;discount;Allnet Flat L;L;neu;119,00;30,00;25,00;;36;15,00;36;;;2026-10-07;https://www.congstar.de/geraete/samsung/samsung-galaxy-s26-ultra/;samsung-galaxy-s26-ultra-256gb-cobalt-violet;;Tarifgrundpreis Monat 25–36
Bündel;Galaxy S26 Ultra;256;congstar;discount;Allnet Flat L Flex;L;neu;119,00;30,00;35,00;;36;35,00;36;;;2026-10-07;https://www.congstar.de/geraete/samsung/samsung-galaxy-s26-ultra/;samsung-galaxy-s26-ultra-256gb-cobalt-violet;;Tarifgrundpreis Monat 25–36
Bündel;Galaxy S26 Ultra;256;congstar;discount;Allnet Flat M;L;neu;119,00;25,00;29,00;;36;15,00;36;;;2026-10-07;https://www.congstar.de/geraete/samsung/samsung-galaxy-s26-ultra/;samsung-galaxy-s26-ultra-256gb-cobalt-violet;;Tarifgrundpreis Monat 25–36
Bündel;Galaxy S26 Ultra;256;congstar;discount;Allnet Flat M Flex;L;neu;119,00;25,00;35,00;;36;35,00;36;;;2026-10-07;https://www.congstar.de/geraete/samsung/samsung-galaxy-s26-ultra/;samsung-galaxy-s26-ultra-256gb-cobalt-violet;;Tarifgrundpreis Monat 25–36
Bündel;Galaxy S26 Ultra;256;congstar;discount;Allnet Flat S;M;neu;119,00;20,00;29,00;;36;15,00;36;;;2026-10-07;https://www.congstar.de/geraete/samsung/samsung-galaxy-s26-ultra/;samsung-galaxy-s26-ultra-256gb-cobalt-violet;;Tarifgrundpreis Monat 25–36
Bündel;Galaxy S26 Ultra;256;congstar;discount;Allnet Flat S Flex;M;neu;119,00;20,00;35,00;;36;35,00;36;;;2026-10-07;https://www.congstar.de/geraete/samsung/samsung-galaxy-s26-ultra/;samsung-galaxy-s26-ultra-256gb-cobalt-violet;;Tarifgrundpreis Monat 25–36
Bündel;Galaxy S26 Ultra;256;congstar;discount;Allnet Flat XS;XS;neu;119,00;15,00;33,00;;36;15,00;36;;;2026-10-07;https://www.congstar.de/geraete/samsung/samsung-galaxy-s26-ultra/;samsung-galaxy-s26-ultra-256gb-cobalt-violet;;Tarifgrundpreis Monat 25–36
Bündel;Galaxy S26 Ultra;256;congstar;discount;Allnet Flat XS Flex;XS;neu;119,00;15,00;35,00;;36;35,00;36;;;2026-10-07;https://www.congstar.de/geraete/samsung/samsung-galaxy-s26-ultra/;samsung-galaxy-s26-ultra-256gb-cobalt-violet;;Tarifgrundpreis Monat 25–36
Bündel;Galaxy S26 Ultra;256;congstar;discount;Allnet Flat L;L;refurbished;49,00;30,00;24,00;;36;15,00;36;;;2026-10-07;https://www.congstar.de/geraete/samsung/samsung-galaxy-s26-ultra-zustand-wie-neu/;samsung-galaxy-s26-ultra-256gb-cobalt-violet-refurbished;;Tarifgrundpreis Monat 25–36
Bündel;Galaxy S26 Ultra;256;congstar;discount;Allnet Flat L Flex;L;refurbished;49,00;30,00;24,00;;36;35,00;36;;;2026-10-07;https://www.congstar.de/geraete/samsung/samsung-galaxy-s26-ultra-zustand-wie-neu/;samsung-galaxy-s26-ultra-256gb-cobalt-violet-refurbished;;Tarifgrundpreis Monat 25–36
Bündel;Galaxy S26 Ultra;256;congstar;discount;Allnet Flat M;L;refurbished;49,00;25,00;24,00;;36;15,00;36;;;2026-10-07;https://www.congstar.de/geraete/samsung/samsung-galaxy-s26-ultra-zustand-wie-neu/;samsung-galaxy-s26-ultra-256gb-cobalt-violet-refurbished;;Tarifgrundpreis Monat 25–36
Bündel;Galaxy S26 Ultra;256;congstar;discount;Allnet Flat M Flex;L;refurbished;49,00;25,00;24,00;;36;35,00;36;;;2026-10-07;https://www.congstar.de/geraete/samsung/samsung-galaxy-s26-ultra-zustand-wie-neu/;samsung-galaxy-s26-ultra-256gb-cobalt-violet-refurbished;;Tarifgrundpreis Monat 25–36
Bündel;Galaxy S26 Ultra;256;congstar;discount;Allnet Flat S;M;refurbished;49,00;20,00;24,00;;36;15,00;36;;;2026-10-07;https://www.congstar.de/geraete/samsung/samsung-galaxy-s26-ultra-zustand-wie-neu/;samsung-galaxy-s26-ultra-256gb-cobalt-violet-refurbished;;Tarifgrundpreis Monat 25–36
Bündel;Galaxy S26 Ultra;256;congstar;discount;Allnet Flat S Flex;M;refurbished;49,00;20,00;24,00;;36;35,00;36;;;2026-10-07;https://www.congstar.de/geraete/samsung/samsung-galaxy-s26-ultra-zustand-wie-neu/;samsung-galaxy-s26-ultra-256gb-cobalt-violet-refurbished;;Tarifgrundpreis Monat 25–36
Bündel;Galaxy S26 Ultra;256;congstar;discount;Allnet Flat XS;XS;refurbished;49,00;15,00;24,00;;36;15,00;36;;;2026-10-07;https://www.congstar.de/geraete/samsung/samsung-galaxy-s26-ultra-zustand-wie-neu/;samsung-galaxy-s26-ultra-256gb-cobalt-violet-refurbished;;Tarifgrundpreis Monat 25–36
Bündel;Galaxy S26 Ultra;256;congstar;discount;Allnet Flat XS Flex;XS;refurbished;49,00;15,00;24,00;;36;35,00;36;;;2026-10-07;https://www.congstar.de/geraete/samsung/samsung-galaxy-s26-ultra-zustand-wie-neu/;samsung-galaxy-s26-ultra-256gb-cobalt-violet-refurbished;;Tarifgrundpreis Monat 25–36
Bündel;Galaxy S26 Ultra;512;congstar;discount;Allnet Flat L;L;neu;179,00;30,00;27,50;;36;15,00;36;;;2026-10-07;https://www.congstar.de/geraete/samsung/samsung-galaxy-s26-ultra/;samsung-galaxy-s26-ultra-512gb-cobalt-violet;;Tarifgrundpreis Monat 25–36
Bündel;Galaxy S26 Ultra;512;congstar;discount;Allnet Flat L Flex;L;neu;179,00;30,00;37,50;;36;35,00;36;;;2026-10-07;https://www.congstar.de/geraete/samsung/samsung-galaxy-s26-ultra/;samsung-galaxy-s26-ultra-512gb-cobalt-violet;;Tarifgrundpreis Monat 25–36
Bündel;Galaxy S26 Ultra;512;congstar;discount;Allnet Flat M;L;neu;179,00;25,00;31,50;;36;15,00;36;;;2026-10-07;https://www.congstar.de/geraete/samsung/samsung-galaxy-s26-ultra/;samsung-galaxy-s26-ultra-512gb-cobalt-violet;;Tarifgrundpreis Monat 25–36
Bündel;Galaxy S26 Ultra;512;congstar;discount;Allnet Flat M Flex;L;neu;179,00;25,00;37,50;;36;35,00;36;;;2026-10-07;https://www.congstar.de/geraete/samsung/samsung-galaxy-s26-ultra/;samsung-galaxy-s26-ultra-512gb-cobalt-violet;;Tarifgrundpreis Monat 25–36
Bündel;Galaxy S26 Ultra;512;congstar;discount;Allnet Flat S;M;neu;179,00;20,00;31,50;;36;15,00;36;;;2026-10-07;https://www.congstar.de/geraete/samsung/samsung-galaxy-s26-ultra/;samsung-galaxy-s26-ultra-512gb-cobalt-violet;;Tarifgrundpreis Monat 25–36
Bündel;Galaxy S26 Ultra;512;congstar;discount;Allnet Flat S Flex;M;neu;179,00;20,00;37,50;;36;35,00;36;;;2026-10-07;https://www.congstar.de/geraete/samsung/samsung-galaxy-s26-ultra/;samsung-galaxy-s26-ultra-512gb-cobalt-violet;;Tarifgrundpreis Monat 25–36
Bündel;Galaxy S26 Ultra;512;congstar;discount;Allnet Flat XS;XS;neu;179,00;15,00;35,50;;36;15,00;36;;;2026-10-07;https://www.congstar.de/geraete/samsung/samsung-galaxy-s26-ultra/;samsung-galaxy-s26-ultra-512gb-cobalt-violet;;Tarifgrundpreis Monat 25–36
Bündel;Galaxy S26 Ultra;512;congstar;discount;Allnet Flat XS Flex;XS;neu;179,00;15,00;37,50;;36;35,00;36;;;2026-10-07;https://www.congstar.de/geraete/samsung/samsung-galaxy-s26-ultra/;samsung-galaxy-s26-ultra-512gb-cobalt-violet;;Tarifgrundpreis Monat 25–36
Bündel;Galaxy S26 Ultra;512;congstar;discount;Allnet Flat L;L;refurbished;89,00;30,00;28,00;;36;15,00;36;;;2026-10-07;https://www.congstar.de/geraete/samsung/samsung-galaxy-s26-ultra-zustand-wie-neu/;samsung-galaxy-s26-ultra-512gb-sky-blue-refurbished;;Tarifgrundpreis Monat 25–36
Bündel;Galaxy S26 Ultra;512;congstar;discount;Allnet Flat L Flex;L;refurbished;89,00;30,00;28,00;;36;35,00;36;;;2026-10-07;https://www.congstar.de/geraete/samsung/samsung-galaxy-s26-ultra-zustand-wie-neu/;samsung-galaxy-s26-ultra-512gb-sky-blue-refurbished;;Tarifgrundpreis Monat 25–36
Bündel;Galaxy S26 Ultra;512;congstar;discount;Allnet Flat M;L;refurbished;89,00;25,00;28,00;;36;15,00;36;;;2026-10-07;https://www.congstar.de/geraete/samsung/samsung-galaxy-s26-ultra-zustand-wie-neu/;samsung-galaxy-s26-ultra-512gb-sky-blue-refurbished;;Tarifgrundpreis Monat 25–36
Bündel;Galaxy S26 Ultra;512;congstar;discount;Allnet Flat M Flex;L;refurbished;89,00;25,00;28,00;;36;35,00;36;;;2026-10-07;https://www.congstar.de/geraete/samsung/samsung-galaxy-s26-ultra-zustand-wie-neu/;samsung-galaxy-s26-ultra-512gb-sky-blue-refurbished;;Tarifgrundpreis Monat 25–36
Bündel;Galaxy S26 Ultra;512;congstar;discount;Allnet Flat S;M;refurbished;89,00;20,00;28,00;;36;15,00;36;;;2026-10-07;https://www.congstar.de/geraete/samsung/samsung-galaxy-s26-ultra-zustand-wie-neu/;samsung-galaxy-s26-ultra-512gb-sky-blue-refurbished;;Tarifgrundpreis Monat 25–36
Bündel;Galaxy S26 Ultra;512;congstar;discount;Allnet Flat S Flex;M;refurbished;89,00;20,00;28,00;;36;35,00;36;;;2026-10-07;https://www.congstar.de/geraete/samsung/samsung-galaxy-s26-ultra-zustand-wie-neu/;samsung-galaxy-s26-ultra-512gb-sky-blue-refurbished;;Tarifgrundpreis Monat 25–36
Bündel;Galaxy S26 Ultra;512;congstar;discount;Allnet Flat XS;XS;refurbished;89,00;15,00;28,00;;36;15,00;36;;;2026-10-07;https://www.congstar.de/geraete/samsung/samsung-galaxy-s26-ultra-zustand-wie-neu/;samsung-galaxy-s26-ultra-512gb-sky-blue-refurbished;;Tarifgrundpreis Monat 25–36
Bündel;Galaxy S26 Ultra;512;congstar;discount;Allnet Flat XS Flex;XS;refurbished;89,00;15,00;28,00;;36;35,00;36;;;2026-10-07;https://www.congstar.de/geraete/samsung/samsung-galaxy-s26-ultra-zustand-wie-neu/;samsung-galaxy-s26-ultra-512gb-sky-blue-refurbished;;Tarifgrundpreis Monat 25–36
Bündel;Galaxy Xcover 7 EE;128;congstar;discount;Allnet Flat L;L;neu;1,00;30,00;1,00;;36;15,00;36;;;2026-10-07;https://www.congstar.de/geraete/samsung/samsung-galaxy-xcover-7-ee/;samsung-galaxy-xcover-7-ee-128gb-schwarz;;Tarifgrundpreis Monat 25–36
Bündel;Galaxy Xcover 7 EE;128;congstar;discount;Allnet Flat L Flex;L;neu;1,00;30,00;7,00;;36;35,00;36;;;2026-10-07;https://www.congstar.de/geraete/samsung/samsung-galaxy-xcover-7-ee/;samsung-galaxy-xcover-7-ee-128gb-schwarz;;Tarifgrundpreis Monat 25–36
Bündel;Galaxy Xcover 7 EE;128;congstar;discount;Allnet Flat M;L;neu;1,00;25,00;3,00;;36;15,00;36;;;2026-10-07;https://www.congstar.de/geraete/samsung/samsung-galaxy-xcover-7-ee/;samsung-galaxy-xcover-7-ee-128gb-schwarz;;Tarifgrundpreis Monat 25–36
Bündel;Galaxy Xcover 7 EE;128;congstar;discount;Allnet Flat M Flex;L;neu;1,00;25,00;7,00;;36;35,00;36;;;2026-10-07;https://www.congstar.de/geraete/samsung/samsung-galaxy-xcover-7-ee/;samsung-galaxy-xcover-7-ee-128gb-schwarz;;Tarifgrundpreis Monat 25–36
Bündel;Galaxy Xcover 7 EE;128;congstar;discount;Allnet Flat S;M;neu;1,00;20,00;4,00;;36;15,00;36;;;2026-10-07;https://www.congstar.de/geraete/samsung/samsung-galaxy-xcover-7-ee/;samsung-galaxy-xcover-7-ee-128gb-schwarz;;Tarifgrundpreis Monat 25–36
Bündel;Galaxy Xcover 7 EE;128;congstar;discount;Allnet Flat S Flex;M;neu;1,00;20,00;7,00;;36;35,00;36;;;2026-10-07;https://www.congstar.de/geraete/samsung/samsung-galaxy-xcover-7-ee/;samsung-galaxy-xcover-7-ee-128gb-schwarz;;Tarifgrundpreis Monat 25–36
Bündel;Galaxy Xcover 7 EE;128;congstar;discount;Allnet Flat XS;XS;neu;1,00;15,00;5,00;;36;15,00;36;;;2026-10-07;https://www.congstar.de/geraete/samsung/samsung-galaxy-xcover-7-ee/;samsung-galaxy-xcover-7-ee-128gb-schwarz;;Tarifgrundpreis Monat 25–36
Bündel;Galaxy Xcover 7 EE;128;congstar;discount;Allnet Flat XS Flex;XS;neu;1,00;15,00;7,00;;36;35,00;36;;;2026-10-07;https://www.congstar.de/geraete/samsung/samsung-galaxy-xcover-7-ee/;samsung-galaxy-xcover-7-ee-128gb-schwarz;;Tarifgrundpreis Monat 25–36
Bündel;Galaxy Z Flip8;256;congstar;discount;Allnet Flat L;L;neu;1,00;30,00;26,50;;36;15,00;36;;;2026-10-01;https://www.congstar.de/geraete/samsung/samsung-galaxy-z-flip8/;samsung-galaxy-z-flip8-256gb-grau;veraltet;Tarifgrundpreis Monat 25–36
Bündel;Galaxy Z Flip8;256;congstar;discount;Allnet Flat L Flex;L;neu;1,00;30,00;36,00;;36;35,00;36;;;2026-10-01;https://www.congstar.de/geraete/samsung/samsung-galaxy-z-flip8/;samsung-galaxy-z-flip8-256gb-grau;veraltet;Tarifgrundpreis Monat 25–36
Bündel;Galaxy Z Flip8;256;congstar;discount;Allnet Flat M;L;neu;1,00;25,00;27,50;;36;15,00;36;;;2026-10-01;https://www.congstar.de/geraete/samsung/samsung-galaxy-z-flip8/;samsung-galaxy-z-flip8-256gb-grau;veraltet;Tarifgrundpreis Monat 25–36
Bündel;Galaxy Z Flip8;256;congstar;discount;Allnet Flat M Flex;L;neu;1,00;25,00;36,00;;36;35,00;36;;;2026-10-01;https://www.congstar.de/geraete/samsung/samsung-galaxy-z-flip8/;samsung-galaxy-z-flip8-256gb-grau;veraltet;Tarifgrundpreis Monat 25–36
Bündel;Galaxy Z Flip8;256;congstar;discount;Allnet Flat S;M;neu;1,00;20,00;29,50;;36;15,00;36;;;2026-10-01;https://www.congstar.de/geraete/samsung/samsung-galaxy-z-flip8/;samsung-galaxy-z-flip8-256gb-grau;veraltet;Tarifgrundpreis Monat 25–36
Bündel;Galaxy Z Flip8;256;congstar;discount;Allnet Flat S Flex;M;neu;1,00;20,00;36,00;;36;35,00;36;;;2026-10-01;https://www.congstar.de/geraete/samsung/samsung-galaxy-z-flip8/;samsung-galaxy-z-flip8-256gb-grau;veraltet;Tarifgrundpreis Monat 25–36
Bündel;Galaxy Z Flip8;256;congstar;discount;Allnet Flat XS;XS;neu;1,00;15,00;32,50;;36;15,00;36;;;2026-10-01;https://www.congstar.de/geraete/samsung/samsung-galaxy-z-flip8/;samsung-galaxy-z-flip8-256gb-grau;veraltet;Tarifgrundpreis Monat 25–36
Bündel;Galaxy Z Flip8;256;congstar;discount;Allnet Flat XS Flex;XS;neu;1,00;15,00;36,00;;36;35,00;36;;;2026-10-01;https://www.congstar.de/geraete/samsung/samsung-galaxy-z-flip8/;samsung-galaxy-z-flip8-256gb-grau;veraltet;Tarifgrundpreis Monat 25–36
Bündel;Galaxy Z Flip8;256;congstar;discount;Allnet Flat L;L;neu;1,00;30,00;26,50;;36;15,00;36;;;2026-10-07;https://www.congstar.de/geraete/samsung/samsung-galaxy-z-flip8/;samsung-galaxy-z-flip8-256gb-rosa;;Tarifgrundpreis Monat 25–36
Bündel;Galaxy Z Flip8;256;congstar;discount;Allnet Flat L Flex;L;neu;1,00;30,00;36,00;;36;35,00;36;;;2026-10-07;https://www.congstar.de/geraete/samsung/samsung-galaxy-z-flip8/;samsung-galaxy-z-flip8-256gb-rosa;;Tarifgrundpreis Monat 25–36
Bündel;Galaxy Z Flip8;256;congstar;discount;Allnet Flat M;L;neu;1,00;25,00;27,50;;36;15,00;36;;;2026-10-07;https://www.congstar.de/geraete/samsung/samsung-galaxy-z-flip8/;samsung-galaxy-z-flip8-256gb-rosa;;Tarifgrundpreis Monat 25–36
Bündel;Galaxy Z Flip8;256;congstar;discount;Allnet Flat M Flex;L;neu;1,00;25,00;36,00;;36;35,00;36;;;2026-10-07;https://www.congstar.de/geraete/samsung/samsung-galaxy-z-flip8/;samsung-galaxy-z-flip8-256gb-rosa;;Tarifgrundpreis Monat 25–36
Bündel;Galaxy Z Flip8;256;congstar;discount;Allnet Flat S;M;neu;1,00;20,00;29,50;;36;15,00;36;;;2026-10-07;https://www.congstar.de/geraete/samsung/samsung-galaxy-z-flip8/;samsung-galaxy-z-flip8-256gb-rosa;;Tarifgrundpreis Monat 25–36
Bündel;Galaxy Z Flip8;256;congstar;discount;Allnet Flat S Flex;M;neu;1,00;20,00;36,00;;36;35,00;36;;;2026-10-07;https://www.congstar.de/geraete/samsung/samsung-galaxy-z-flip8/;samsung-galaxy-z-flip8-256gb-rosa;;Tarifgrundpreis Monat 25–36
Bündel;Galaxy Z Flip8;256;congstar;discount;Allnet Flat XS;XS;neu;1,00;15,00;32,50;;36;15,00;36;;;2026-10-07;https://www.congstar.de/geraete/samsung/samsung-galaxy-z-flip8/;samsung-galaxy-z-flip8-256gb-rosa;;Tarifgrundpreis Monat 25–36
Bündel;Galaxy Z Flip8;256;congstar;discount;Allnet Flat XS Flex;XS;neu;1,00;15,00;36,00;;36;35,00;36;;;2026-10-07;https://www.congstar.de/geraete/samsung/samsung-galaxy-z-flip8/;samsung-galaxy-z-flip8-256gb-rosa;;Tarifgrundpreis Monat 25–36
Bündel;Galaxy Z Flip8;512;congstar;discount;Allnet Flat L;L;neu;59,00;30,00;31,00;;36;15,00;36;;;2026-10-07;https://www.congstar.de/geraete/samsung/samsung-galaxy-z-flip8/;samsung-galaxy-z-flip8-512gb-rosa;;Tarifgrundpreis Monat 25–36
Bündel;Galaxy Z Flip8;512;congstar;discount;Allnet Flat L Flex;L;neu;59,00;30,00;40,00;;36;35,00;36;;;2026-10-07;https://www.congstar.de/geraete/samsung/samsung-galaxy-z-flip8/;samsung-galaxy-z-flip8-512gb-rosa;;Tarifgrundpreis Monat 25–36
Bündel;Galaxy Z Flip8;512;congstar;discount;Allnet Flat M;L;neu;59,00;25,00;32,00;;36;15,00;36;;;2026-10-07;https://www.congstar.de/geraete/samsung/samsung-galaxy-z-flip8/;samsung-galaxy-z-flip8-512gb-rosa;;Tarifgrundpreis Monat 25–36
Bündel;Galaxy Z Flip8;512;congstar;discount;Allnet Flat M Flex;L;neu;59,00;25,00;40,00;;36;35,00;36;;;2026-10-07;https://www.congstar.de/geraete/samsung/samsung-galaxy-z-flip8/;samsung-galaxy-z-flip8-512gb-rosa;;Tarifgrundpreis Monat 25–36
Bündel;Galaxy Z Flip8;512;congstar;discount;Allnet Flat S;M;neu;59,00;20,00;34,00;;36;15,00;36;;;2026-10-07;https://www.congstar.de/geraete/samsung/samsung-galaxy-z-flip8/;samsung-galaxy-z-flip8-512gb-rosa;;Tarifgrundpreis Monat 25–36
Bündel;Galaxy Z Flip8;512;congstar;discount;Allnet Flat S Flex;M;neu;59,00;20,00;40,00;;36;35,00;36;;;2026-10-07;https://www.congstar.de/geraete/samsung/samsung-galaxy-z-flip8/;samsung-galaxy-z-flip8-512gb-rosa;;Tarifgrundpreis Monat 25–36
Bündel;Galaxy Z Flip8;512;congstar;discount;Allnet Flat XS;XS;neu;59,00;15,00;37,00;;36;15,00;36;;;2026-10-07;https://www.congstar.de/geraete/samsung/samsung-galaxy-z-flip8/;samsung-galaxy-z-flip8-512gb-rosa;;Tarifgrundpreis Monat 25–36
Bündel;Galaxy Z Flip8;512;congstar;discount;Allnet Flat XS Flex;XS;neu;59,00;15,00;40,00;;36;35,00;36;;;2026-10-07;https://www.congstar.de/geraete/samsung/samsung-galaxy-z-flip8/;samsung-galaxy-z-flip8-512gb-rosa;;Tarifgrundpreis Monat 25–36
Bündel;Galaxy Z Fold8;256;congstar;discount;Allnet Flat L;L;neu;49,00;30,00;44,00;;36;15,00;36;;;2026-10-07;https://www.congstar.de/geraete/samsung/samsung-galaxy-z-fold8/;samsung-galaxy-z-fold8-256gb-violett;;Tarifgrundpreis Monat 25–36
Bündel;Galaxy Z Fold8;256;congstar;discount;Allnet Flat L Flex;L;neu;49,00;30,00;53,50;;36;35,00;36;;;2026-10-07;https://www.congstar.de/geraete/samsung/samsung-galaxy-z-fold8/;samsung-galaxy-z-fold8-256gb-violett;;Tarifgrundpreis Monat 25–36
Bündel;Galaxy Z Fold8;256;congstar;discount;Allnet Flat M;L;neu;49,00;25,00;45,00;;36;15,00;36;;;2026-10-07;https://www.congstar.de/geraete/samsung/samsung-galaxy-z-fold8/;samsung-galaxy-z-fold8-256gb-violett;;Tarifgrundpreis Monat 25–36
Bündel;Galaxy Z Fold8;256;congstar;discount;Allnet Flat M Flex;L;neu;49,00;25,00;53,50;;36;35,00;36;;;2026-10-07;https://www.congstar.de/geraete/samsung/samsung-galaxy-z-fold8/;samsung-galaxy-z-fold8-256gb-violett;;Tarifgrundpreis Monat 25–36
Bündel;Galaxy Z Fold8;256;congstar;discount;Allnet Flat S;M;neu;49,00;20,00;47,00;;36;15,00;36;;;2026-10-07;https://www.congstar.de/geraete/samsung/samsung-galaxy-z-fold8/;samsung-galaxy-z-fold8-256gb-violett;;Tarifgrundpreis Monat 25–36
Bündel;Galaxy Z Fold8;256;congstar;discount;Allnet Flat S Flex;M;neu;49,00;20,00;53,50;;36;35,00;36;;;2026-10-07;https://www.congstar.de/geraete/samsung/samsung-galaxy-z-fold8/;samsung-galaxy-z-fold8-256gb-violett;;Tarifgrundpreis Monat 25–36
Bündel;Galaxy Z Fold8;256;congstar;discount;Allnet Flat XS;XS;neu;49,00;15,00;48,00;;36;15,00;36;;;2026-10-07;https://www.congstar.de/geraete/samsung/samsung-galaxy-z-fold8/;samsung-galaxy-z-fold8-256gb-violett;;Tarifgrundpreis Monat 25–36
Bündel;Galaxy Z Fold8;256;congstar;discount;Allnet Flat XS Flex;XS;neu;49,00;15,00;53,50;;36;35,00;36;;;2026-10-07;https://www.congstar.de/geraete/samsung/samsung-galaxy-z-fold8/;samsung-galaxy-z-fold8-256gb-violett;;Tarifgrundpreis Monat 25–36
Bündel;Galaxy Z Fold8;512;congstar;discount;Allnet Flat L;L;neu;109,00;30,00;47,00;;36;15,00;36;;;2026-10-07;https://www.congstar.de/geraete/samsung/samsung-galaxy-z-fold8/;samsung-galaxy-z-fold8-512gb-violett;;Tarifgrundpreis Monat 25–36
Bündel;Galaxy Z Fold8;512;congstar;discount;Allnet Flat L Flex;L;neu;109,00;30,00;56,00;;36;35,00;36;;;2026-10-07;https://www.congstar.de/geraete/samsung/samsung-galaxy-z-fold8/;samsung-galaxy-z-fold8-512gb-violett;;Tarifgrundpreis Monat 25–36
Bündel;Galaxy Z Fold8;512;congstar;discount;Allnet Flat M;L;neu;109,00;25,00;48,00;;36;15,00;36;;;2026-10-07;https://www.congstar.de/geraete/samsung/samsung-galaxy-z-fold8/;samsung-galaxy-z-fold8-512gb-violett;;Tarifgrundpreis Monat 25–36
Bündel;Galaxy Z Fold8;512;congstar;discount;Allnet Flat M Flex;L;neu;109,00;25,00;56,00;;36;35,00;36;;;2026-10-07;https://www.congstar.de/geraete/samsung/samsung-galaxy-z-fold8/;samsung-galaxy-z-fold8-512gb-violett;;Tarifgrundpreis Monat 25–36
Bündel;Galaxy Z Fold8;512;congstar;discount;Allnet Flat S;M;neu;109,00;20,00;50,00;;36;15,00;36;;;2026-10-07;https://www.congstar.de/geraete/samsung/samsung-galaxy-z-fold8/;samsung-galaxy-z-fold8-512gb-violett;;Tarifgrundpreis Monat 25–36
Bündel;Galaxy Z Fold8;512;congstar;discount;Allnet Flat S Flex;M;neu;109,00;20,00;56,00;;36;35,00;36;;;2026-10-07;https://www.congstar.de/geraete/samsung/samsung-galaxy-z-fold8/;samsung-galaxy-z-fold8-512gb-violett;;Tarifgrundpreis Monat 25–36
Bündel;Galaxy Z Fold8;512;congstar;discount;Allnet Flat XS;XS;neu;109,00;15,00;51,00;;36;15,00;36;;;2026-10-07;https://www.congstar.de/geraete/samsung/samsung-galaxy-z-fold8/;samsung-galaxy-z-fold8-512gb-violett;;Tarifgrundpreis Monat 25–36
Bündel;Galaxy Z Fold8;512;congstar;discount;Allnet Flat XS Flex;XS;neu;109,00;15,00;56,00;;36;35,00;36;;;2026-10-07;https://www.congstar.de/geraete/samsung/samsung-galaxy-z-fold8/;samsung-galaxy-z-fold8-512gb-violett;;Tarifgrundpreis Monat 25–36
Bündel;Galaxy Z Fold8 Ultra;256;congstar;discount;Allnet Flat L;L;neu;99,00;30,00;47,00;;36;15,00;36;;;2026-10-07;https://www.congstar.de/geraete/samsung/samsung-galaxy-z-fold8-ultra/;samsung-galaxy-z-fold8-ultra-256gb-violet-shadow;;Tarifgrundpreis Monat 25–36
Bündel;Galaxy Z Fold8 Ultra;256;congstar;discount;Allnet Flat L Flex;L;neu;99,00;30,00;56,00;;36;35,00;36;;;2026-10-07;https://www.congstar.de/geraete/samsung/samsung-galaxy-z-fold8-ultra/;samsung-galaxy-z-fold8-ultra-256gb-violet-shadow;;Tarifgrundpreis Monat 25–36
Bündel;Galaxy Z Fold8 Ultra;256;congstar;discount;Allnet Flat M;L;neu;99,00;25,00;48,00;;36;15,00;36;;;2026-10-07;https://www.congstar.de/geraete/samsung/samsung-galaxy-z-fold8-ultra/;samsung-galaxy-z-fold8-ultra-256gb-violet-shadow;;Tarifgrundpreis Monat 25–36
Bündel;Galaxy Z Fold8 Ultra;256;congstar;discount;Allnet Flat M Flex;L;neu;99,00;25,00;56,00;;36;35,00;36;;;2026-10-07;https://www.congstar.de/geraete/samsung/samsung-galaxy-z-fold8-ultra/;samsung-galaxy-z-fold8-ultra-256gb-violet-shadow;;Tarifgrundpreis Monat 25–36
Bündel;Galaxy Z Fold8 Ultra;256;congstar;discount;Allnet Flat S;M;neu;99,00;20,00;50,00;;36;15,00;36;;;2026-10-07;https://www.congstar.de/geraete/samsung/samsung-galaxy-z-fold8-ultra/;samsung-galaxy-z-fold8-ultra-256gb-violet-shadow;;Tarifgrundpreis Monat 25–36
Bündel;Galaxy Z Fold8 Ultra;256;congstar;discount;Allnet Flat S Flex;M;neu;99,00;20,00;56,00;;36;35,00;36;;;2026-10-07;https://www.congstar.de/geraete/samsung/samsung-galaxy-z-fold8-ultra/;samsung-galaxy-z-fold8-ultra-256gb-violet-shadow;;Tarifgrundpreis Monat 25–36
Bündel;Galaxy Z Fold8 Ultra;256;congstar;discount;Allnet Flat XS;XS;neu;99,00;15,00;52,00;;36;15,00;36;;;2026-10-07;https://www.congstar.de/geraete/samsung/samsung-galaxy-z-fold8-ultra/;samsung-galaxy-z-fold8-ultra-256gb-violet-shadow;;Tarifgrundpreis Monat 25–36
Bündel;Galaxy Z Fold8 Ultra;256;congstar;discount;Allnet Flat XS Flex;XS;neu;99,00;15,00;56,00;;36;35,00;36;;;2026-10-07;https://www.congstar.de/geraete/samsung/samsung-galaxy-z-fold8-ultra/;samsung-galaxy-z-fold8-ultra-256gb-violet-shadow;;Tarifgrundpreis Monat 25–36
Bündel;Galaxy Z Fold8 Ultra;512;congstar;discount;Allnet Flat L;L;neu;129,00;30,00;50,50;;36;15,00;36;;;2026-10-07;https://www.congstar.de/geraete/samsung/samsung-galaxy-z-fold8-ultra/;samsung-galaxy-z-fold8-ultra-512gb-violet-shadow;;Tarifgrundpreis Monat 25–36
Bündel;Galaxy Z Fold8 Ultra;512;congstar;discount;Allnet Flat L Flex;L;neu;129,00;30,00;60,00;;36;35,00;36;;;2026-10-07;https://www.congstar.de/geraete/samsung/samsung-galaxy-z-fold8-ultra/;samsung-galaxy-z-fold8-ultra-512gb-violet-shadow;;Tarifgrundpreis Monat 25–36
Bündel;Galaxy Z Fold8 Ultra;512;congstar;discount;Allnet Flat M;L;neu;129,00;25,00;51,50;;36;15,00;36;;;2026-10-07;https://www.congstar.de/geraete/samsung/samsung-galaxy-z-fold8-ultra/;samsung-galaxy-z-fold8-ultra-512gb-violet-shadow;;Tarifgrundpreis Monat 25–36
Bündel;Galaxy Z Fold8 Ultra;512;congstar;discount;Allnet Flat M Flex;L;neu;129,00;25,00;60,00;;36;35,00;36;;;2026-10-07;https://www.congstar.de/geraete/samsung/samsung-galaxy-z-fold8-ultra/;samsung-galaxy-z-fold8-ultra-512gb-violet-shadow;;Tarifgrundpreis Monat 25–36
Bündel;Galaxy Z Fold8 Ultra;512;congstar;discount;Allnet Flat S;M;neu;129,00;20,00;53,50;;36;15,00;36;;;2026-10-07;https://www.congstar.de/geraete/samsung/samsung-galaxy-z-fold8-ultra/;samsung-galaxy-z-fold8-ultra-512gb-violet-shadow;;Tarifgrundpreis Monat 25–36
Bündel;Galaxy Z Fold8 Ultra;512;congstar;discount;Allnet Flat S Flex;M;neu;129,00;20,00;60,00;;36;35,00;36;;;2026-10-07;https://www.congstar.de/geraete/samsung/samsung-galaxy-z-fold8-ultra/;samsung-galaxy-z-fold8-ultra-512gb-violet-shadow;;Tarifgrundpreis Monat 25–36
Bündel;Galaxy Z Fold8 Ultra;512;congstar;discount;Allnet Flat XS;XS;neu;129,00;15,00;55,50;;36;15,00;36;;;2026-10-07;https://www.congstar.de/geraete/samsung/samsung-galaxy-z-fold8-ultra/;samsung-galaxy-z-fold8-ultra-512gb-violet-shadow;;Tarifgrundpreis Monat 25–36
Bündel;Galaxy Z Fold8 Ultra;512;congstar;discount;Allnet Flat XS Flex;XS;neu;129,00;15,00;60,00;;36;35,00;36;;;2026-10-07;https://www.congstar.de/geraete/samsung/samsung-galaxy-z-fold8-ultra/;samsung-galaxy-z-fold8-ultra-512gb-violet-shadow;;Tarifgrundpreis Monat 25–36
Bündel;Xiaomi 17 Ultra;512;congstar;discount;Allnet Flat L;L;refurbished;27,00;30,00;27,00;;36;15,00;36;;;2026-10-07;https://www.congstar.de/geraete/xiaomi/xiaomi-17-ultra-zustand-wie-neu/;xiaomi-17-ultra-512gb-schwarz-refurbished;;Tarifgrundpreis Monat 25–36
Bündel;Xiaomi 17 Ultra;512;congstar;discount;Allnet Flat L Flex;L;refurbished;27,00;30,00;27,00;;36;35,00;36;;;2026-10-07;https://www.congstar.de/geraete/xiaomi/xiaomi-17-ultra-zustand-wie-neu/;xiaomi-17-ultra-512gb-schwarz-refurbished;;Tarifgrundpreis Monat 25–36
Bündel;Xiaomi 17 Ultra;512;congstar;discount;Allnet Flat M;L;refurbished;27,00;25,00;27,00;;36;15,00;36;;;2026-10-07;https://www.congstar.de/geraete/xiaomi/xiaomi-17-ultra-zustand-wie-neu/;xiaomi-17-ultra-512gb-schwarz-refurbished;;Tarifgrundpreis Monat 25–36
Bündel;Xiaomi 17 Ultra;512;congstar;discount;Allnet Flat M Flex;L;refurbished;27,00;25,00;27,00;;36;35,00;36;;;2026-10-07;https://www.congstar.de/geraete/xiaomi/xiaomi-17-ultra-zustand-wie-neu/;xiaomi-17-ultra-512gb-schwarz-refurbished;;Tarifgrundpreis Monat 25–36
Bündel;Xiaomi 17 Ultra;512;congstar;discount;Allnet Flat S;M;refurbished;27,00;20,00;27,00;;36;15,00;36;;;2026-10-07;https://www.congstar.de/geraete/xiaomi/xiaomi-17-ultra-zustand-wie-neu/;xiaomi-17-ultra-512gb-schwarz-refurbished;;Tarifgrundpreis Monat 25–36
Bündel;Xiaomi 17 Ultra;512;congstar;discount;Allnet Flat S Flex;M;refurbished;27,00;20,00;27,00;;36;35,00;36;;;2026-10-07;https://www.congstar.de/geraete/xiaomi/xiaomi-17-ultra-zustand-wie-neu/;xiaomi-17-ultra-512gb-schwarz-refurbished;;Tarifgrundpreis Monat 25–36
Bündel;Xiaomi 17 Ultra;512;congstar;discount;Allnet Flat XS;XS;refurbished;27,00;15,00;27,00;;36;15,00;36;;;2026-10-07;https://www.congstar.de/geraete/xiaomi/xiaomi-17-ultra-zustand-wie-neu/;xiaomi-17-ultra-512gb-schwarz-refurbished;;Tarifgrundpreis Monat 25–36
Bündel;Xiaomi 17 Ultra;512;congstar;discount;Allnet Flat XS Flex;XS;refurbished;27,00;15,00;27,00;;36;35,00;36;;;2026-10-07;https://www.congstar.de/geraete/xiaomi/xiaomi-17-ultra-zustand-wie-neu/;xiaomi-17-ultra-512gb-schwarz-refurbished;;Tarifgrundpreis Monat 25–36
Bündel;Xiaomi 17 Ultra;512;congstar;discount;Allnet Flat L;L;neu;69,00;30,00;24,50;;36;15,00;36;;;2026-10-07;https://www.congstar.de/geraete/xiaomi/xiaomi-17-ultra/;xiaomi-17-ultra-512gb-starlit-green;;Tarifgrundpreis Monat 25–36
Bündel;Xiaomi 17 Ultra;512;congstar;discount;Allnet Flat L Flex;L;neu;69,00;30,00;32,50;;36;35,00;36;;;2026-10-07;https://www.congstar.de/geraete/xiaomi/xiaomi-17-ultra/;xiaomi-17-ultra-512gb-starlit-green;;Tarifgrundpreis Monat 25–36
Bündel;Xiaomi 17 Ultra;512;congstar;discount;Allnet Flat M;L;neu;69,00;25,00;26,50;;36;15,00;36;;;2026-10-07;https://www.congstar.de/geraete/xiaomi/xiaomi-17-ultra/;xiaomi-17-ultra-512gb-starlit-green;;Tarifgrundpreis Monat 25–36
Bündel;Xiaomi 17 Ultra;512;congstar;discount;Allnet Flat M Flex;L;neu;69,00;25,00;32,50;;36;35,00;36;;;2026-10-07;https://www.congstar.de/geraete/xiaomi/xiaomi-17-ultra/;xiaomi-17-ultra-512gb-starlit-green;;Tarifgrundpreis Monat 25–36
Bündel;Xiaomi 17 Ultra;512;congstar;discount;Allnet Flat S;M;neu;69,00;20,00;28,50;;36;15,00;36;;;2026-10-07;https://www.congstar.de/geraete/xiaomi/xiaomi-17-ultra/;xiaomi-17-ultra-512gb-starlit-green;;Tarifgrundpreis Monat 25–36
Bündel;Xiaomi 17 Ultra;512;congstar;discount;Allnet Flat S Flex;M;neu;69,00;20,00;32,50;;36;35,00;36;;;2026-10-07;https://www.congstar.de/geraete/xiaomi/xiaomi-17-ultra/;xiaomi-17-ultra-512gb-starlit-green;;Tarifgrundpreis Monat 25–36
Bündel;Xiaomi 17 Ultra;512;congstar;discount;Allnet Flat XS;XS;neu;69,00;15,00;30,50;;36;15,00;36;;;2026-10-07;https://www.congstar.de/geraete/xiaomi/xiaomi-17-ultra/;xiaomi-17-ultra-512gb-starlit-green;;Tarifgrundpreis Monat 25–36
Bündel;Xiaomi 17 Ultra;512;congstar;discount;Allnet Flat XS Flex;XS;neu;69,00;15,00;32,50;;36;35,00;36;;;2026-10-07;https://www.congstar.de/geraete/xiaomi/xiaomi-17-ultra/;xiaomi-17-ultra-512gb-starlit-green;;Tarifgrundpreis Monat 25–36
Bündel;Xiaomi 17T;256;congstar;discount;Allnet Flat L;L;neu;1,00;30,00;9,00;;36;15,00;36;;;2026-10-06;https://www.congstar.de/geraete/xiaomi/xiaomi-17t/;xiaomi-17t-256gb-violet;;Tarifgrundpreis Monat 25–36
Bündel;Xiaomi 17T;256;congstar;discount;Allnet Flat L Flex;L;neu;1,00;30,00;19,00;;36;35,00;36;;;2026-10-06;https://www.congstar.de/geraete/xiaomi/xiaomi-17t/;xiaomi-17t-256gb-violet;;Tarifgrundpreis Monat 25–36
Bündel;Xiaomi 17T;256;congstar;discount;Allnet Flat M;L;neu;1,00;25,00;10,00;;36;15,00;36;;;2026-10-06;https://www.congstar.de/geraete/xiaomi/xiaomi-17t/;xiaomi-17t-256gb-violet;;Tarifgrundpreis Monat 25–36
Bündel;Xiaomi 17T;256;congstar;discount;Allnet Flat M Flex;L;neu;1,00;25,00;19,00;;36;35,00;36;;;2026-10-06;https://www.congstar.de/geraete/xiaomi/xiaomi-17t/;xiaomi-17t-256gb-violet;;Tarifgrundpreis Monat 25–36
Bündel;Xiaomi 17T;256;congstar;discount;Allnet Flat S;M;neu;1,00;20,00;13,00;;36;15,00;36;;;2026-10-06;https://www.congstar.de/geraete/xiaomi/xiaomi-17t/;xiaomi-17t-256gb-violet;;Tarifgrundpreis Monat 25–36
Bündel;Xiaomi 17T;256;congstar;discount;Allnet Flat S Flex;M;neu;1,00;20,00;19,00;;36;35,00;36;;;2026-10-06;https://www.congstar.de/geraete/xiaomi/xiaomi-17t/;xiaomi-17t-256gb-violet;;Tarifgrundpreis Monat 25–36
Bündel;Xiaomi 17T;256;congstar;discount;Allnet Flat XS;XS;neu;1,00;15,00;14,00;;36;15,00;36;;;2026-10-06;https://www.congstar.de/geraete/xiaomi/xiaomi-17t/;xiaomi-17t-256gb-violet;;Tarifgrundpreis Monat 25–36
Bündel;Xiaomi 17T;256;congstar;discount;Allnet Flat XS Flex;XS;neu;1,00;15,00;19,00;;36;35,00;36;;;2026-10-06;https://www.congstar.de/geraete/xiaomi/xiaomi-17t/;xiaomi-17t-256gb-violet;;Tarifgrundpreis Monat 25–36
Bündel;Xiaomi 17T Pro;512;congstar;discount;Allnet Flat L;L;neu;1,00;30,00;15,50;;36;15,00;36;;;2026-10-06;https://www.congstar.de/geraete/xiaomi/xiaomi-17t-pro/;xiaomi-17t-pro-512gb-deep-blue;;Tarifgrundpreis Monat 25–36
Bündel;Xiaomi 17T Pro;512;congstar;discount;Allnet Flat L Flex;L;neu;1,00;30,00;24,00;;36;35,00;36;;;2026-10-06;https://www.congstar.de/geraete/xiaomi/xiaomi-17t-pro/;xiaomi-17t-pro-512gb-deep-blue;;Tarifgrundpreis Monat 25–36
Bündel;Xiaomi 17T Pro;512;congstar;discount;Allnet Flat M;L;neu;1,00;25,00;17,50;;36;15,00;36;;;2026-10-06;https://www.congstar.de/geraete/xiaomi/xiaomi-17t-pro/;xiaomi-17t-pro-512gb-deep-blue;;Tarifgrundpreis Monat 25–36
Bündel;Xiaomi 17T Pro;512;congstar;discount;Allnet Flat M Flex;L;neu;1,00;25,00;24,00;;36;35,00;36;;;2026-10-06;https://www.congstar.de/geraete/xiaomi/xiaomi-17t-pro/;xiaomi-17t-pro-512gb-deep-blue;;Tarifgrundpreis Monat 25–36
Bündel;Xiaomi 17T Pro;512;congstar;discount;Allnet Flat S;M;neu;1,00;20,00;19,50;;36;15,00;36;;;2026-10-06;https://www.congstar.de/geraete/xiaomi/xiaomi-17t-pro/;xiaomi-17t-pro-512gb-deep-blue;;Tarifgrundpreis Monat 25–36
Bündel;Xiaomi 17T Pro;512;congstar;discount;Allnet Flat S Flex;M;neu;1,00;20,00;24,00;;36;35,00;36;;;2026-10-06;https://www.congstar.de/geraete/xiaomi/xiaomi-17t-pro/;xiaomi-17t-pro-512gb-deep-blue;;Tarifgrundpreis Monat 25–36
Bündel;Xiaomi 17T Pro;512;congstar;discount;Allnet Flat XS;XS;neu;1,00;15,00;21,50;;36;15,00;36;;;2026-10-06;https://www.congstar.de/geraete/xiaomi/xiaomi-17t-pro/;xiaomi-17t-pro-512gb-deep-blue;;Tarifgrundpreis Monat 25–36
Bündel;Xiaomi 17T Pro;512;congstar;discount;Allnet Flat XS Flex;XS;neu;1,00;15,00;24,00;;36;35,00;36;;;2026-10-06;https://www.congstar.de/geraete/xiaomi/xiaomi-17t-pro/;xiaomi-17t-pro-512gb-deep-blue;;Tarifgrundpreis Monat 25–36
Bündel;Redmi 17;128;congstar;discount;Allnet Flat L;L;neu;1,00;30,00;2,00;;36;15,00;36;;;2026-10-06;https://www.congstar.de/geraete/xiaomi/xiaomi-redmi-17-5g/;xiaomi-redmi-17-128gb-deep-blue;;Tarifgrundpreis Monat 25–36
Bündel;Redmi 17;128;congstar;discount;Allnet Flat L Flex;L;neu;1,00;30,00;7,00;;36;35,00;36;;;2026-10-06;https://www.congstar.de/geraete/xiaomi/xiaomi-redmi-17-5g/;xiaomi-redmi-17-128gb-deep-blue;;Tarifgrundpreis Monat 25–36
Bündel;Redmi 17;128;congstar;discount;Allnet Flat M;L;neu;1,00;25,00;3,00;;36;15,00;36;;;2026-10-06;https://www.congstar.de/geraete/xiaomi/xiaomi-redmi-17-5g/;xiaomi-redmi-17-128gb-deep-blue;;Tarifgrundpreis Monat 25–36
Bündel;Redmi 17;128;congstar;discount;Allnet Flat M Flex;L;neu;1,00;25,00;7,00;;36;35,00;36;;;2026-10-06;https://www.congstar.de/geraete/xiaomi/xiaomi-redmi-17-5g/;xiaomi-redmi-17-128gb-deep-blue;;Tarifgrundpreis Monat 25–36
Bündel;Redmi 17;128;congstar;discount;Allnet Flat S;M;neu;1,00;20,00;4,00;;36;15,00;36;;;2026-10-06;https://www.congstar.de/geraete/xiaomi/xiaomi-redmi-17-5g/;xiaomi-redmi-17-128gb-deep-blue;;Tarifgrundpreis Monat 25–36
Bündel;Redmi 17;128;congstar;discount;Allnet Flat S Flex;M;neu;1,00;20,00;7,00;;36;35,00;36;;;2026-10-06;https://www.congstar.de/geraete/xiaomi/xiaomi-redmi-17-5g/;xiaomi-redmi-17-128gb-deep-blue;;Tarifgrundpreis Monat 25–36
Bündel;Redmi 17;128;congstar;discount;Allnet Flat XS;XS;neu;1,00;15,00;5,00;;36;15,00;36;;;2026-10-06;https://www.congstar.de/geraete/xiaomi/xiaomi-redmi-17-5g/;xiaomi-redmi-17-128gb-deep-blue;;Tarifgrundpreis Monat 25–36
Bündel;Redmi 17;128;congstar;discount;Allnet Flat XS Flex;XS;neu;1,00;15,00;7,00;;36;35,00;36;;;2026-10-06;https://www.congstar.de/geraete/xiaomi/xiaomi-redmi-17-5g/;xiaomi-redmi-17-128gb-deep-blue;;Tarifgrundpreis Monat 25–36
Bündel;Redmi Note 17;128;congstar;discount;Allnet Flat L;L;neu;1,00;30,00;3,00;;36;15,00;36;;;2026-10-05;https://www.congstar.de/geraete/xiaomi/xiaomi-redmi-note-17-5g/;xiaomi-redmi-note-17-128gb-schwarz;;Tarifgrundpreis Monat 25–36
Bündel;Redmi Note 17;128;congstar;discount;Allnet Flat L Flex;L;neu;1,00;30,00;9,50;;36;35,00;36;;;2026-10-05;https://www.congstar.de/geraete/xiaomi/xiaomi-redmi-note-17-5g/;xiaomi-redmi-note-17-128gb-schwarz;;Tarifgrundpreis Monat 25–36
Bündel;Redmi Note 17;128;congstar;discount;Allnet Flat M;L;neu;1,00;25,00;4,00;;36;15,00;36;;;2026-10-05;https://www.congstar.de/geraete/xiaomi/xiaomi-redmi-note-17-5g/;xiaomi-redmi-note-17-128gb-schwarz;;Tarifgrundpreis Monat 25–36
Bündel;Redmi Note 17;128;congstar;discount;Allnet Flat M Flex;L;neu;1,00;25,00;9,50;;36;35,00;36;;;2026-10-05;https://www.congstar.de/geraete/xiaomi/xiaomi-redmi-note-17-5g/;xiaomi-redmi-note-17-128gb-schwarz;;Tarifgrundpreis Monat 25–36
Bündel;Redmi Note 17;128;congstar;discount;Allnet Flat S;M;neu;1,00;20,00;5,00;;36;15,00;36;;;2026-10-05;https://www.congstar.de/geraete/xiaomi/xiaomi-redmi-note-17-5g/;xiaomi-redmi-note-17-128gb-schwarz;;Tarifgrundpreis Monat 25–36
Bündel;Redmi Note 17;128;congstar;discount;Allnet Flat S Flex;M;neu;1,00;20,00;9,50;;36;35,00;36;;;2026-10-05;https://www.congstar.de/geraete/xiaomi/xiaomi-redmi-note-17-5g/;xiaomi-redmi-note-17-128gb-schwarz;;Tarifgrundpreis Monat 25–36
Bündel;Redmi Note 17;128;congstar;discount;Allnet Flat XS;XS;neu;1,00;15,00;7,00;;36;15,00;36;;;2026-10-05;https://www.congstar.de/geraete/xiaomi/xiaomi-redmi-note-17-5g/;xiaomi-redmi-note-17-128gb-schwarz;;Tarifgrundpreis Monat 25–36
Bündel;Redmi Note 17;128;congstar;discount;Allnet Flat XS Flex;XS;neu;1,00;15,00;9,50;;36;35,00;36;;;2026-10-05;https://www.congstar.de/geraete/xiaomi/xiaomi-redmi-note-17-5g/;xiaomi-redmi-note-17-128gb-schwarz;;Tarifgrundpreis Monat 25–36
Bündel;Redmi Note 17 Pro;256;congstar;discount;Allnet Flat L;L;neu;9,00;30,00;6,00;;36;15,00;36;;;2026-10-05;https://www.congstar.de/geraete/xiaomi/xiaomi-redmi-note-17-pro-5g/;xiaomi-redmi-note-17-pro-256gb-sky-blue;;Tarifgrundpreis Monat 25–36
Bündel;Redmi Note 17 Pro;256;congstar;discount;Allnet Flat L Flex;L;neu;9,00;30,00;13,00;;36;35,00;36;;;2026-10-05;https://www.congstar.de/geraete/xiaomi/xiaomi-redmi-note-17-pro-5g/;xiaomi-redmi-note-17-pro-256gb-sky-blue;;Tarifgrundpreis Monat 25–36
Bündel;Redmi Note 17 Pro;256;congstar;discount;Allnet Flat M;L;neu;9,00;25,00;6,00;;36;15,00;36;;;2026-10-05;https://www.congstar.de/geraete/xiaomi/xiaomi-redmi-note-17-pro-5g/;xiaomi-redmi-note-17-pro-256gb-sky-blue;;Tarifgrundpreis Monat 25–36
Bündel;Redmi Note 17 Pro;256;congstar;discount;Allnet Flat M Flex;L;neu;9,00;25,00;13,00;;36;35,00;36;;;2026-10-05;https://www.congstar.de/geraete/xiaomi/xiaomi-redmi-note-17-pro-5g/;xiaomi-redmi-note-17-pro-256gb-sky-blue;;Tarifgrundpreis Monat 25–36
Bündel;Redmi Note 17 Pro;256;congstar;discount;Allnet Flat S;M;neu;9,00;20,00;8,00;;36;15,00;36;;;2026-10-05;https://www.congstar.de/geraete/xiaomi/xiaomi-redmi-note-17-pro-5g/;xiaomi-redmi-note-17-pro-256gb-sky-blue;;Tarifgrundpreis Monat 25–36
Bündel;Redmi Note 17 Pro;256;congstar;discount;Allnet Flat S Flex;M;neu;9,00;20,00;13,00;;36;35,00;36;;;2026-10-05;https://www.congstar.de/geraete/xiaomi/xiaomi-redmi-note-17-pro-5g/;xiaomi-redmi-note-17-pro-256gb-sky-blue;;Tarifgrundpreis Monat 25–36
Bündel;Redmi Note 17 Pro;256;congstar;discount;Allnet Flat XS;XS;neu;9,00;15,00;9,00;;36;15,00;36;;;2026-10-05;https://www.congstar.de/geraete/xiaomi/xiaomi-redmi-note-17-pro-5g/;xiaomi-redmi-note-17-pro-256gb-sky-blue;;Tarifgrundpreis Monat 25–36
Bündel;Redmi Note 17 Pro;256;congstar;discount;Allnet Flat XS Flex;XS;neu;9,00;15,00;13,00;;36;35,00;36;;;2026-10-05;https://www.congstar.de/geraete/xiaomi/xiaomi-redmi-note-17-pro-5g/;xiaomi-redmi-note-17-pro-256gb-sky-blue;;Tarifgrundpreis Monat 25–36
Bündel;Redmi Note 17 Pro Max;256;congstar;discount;Allnet Flat L;L;neu;19,00;30,00;9,00;;36;15,00;36;;;2026-10-05;https://www.congstar.de/geraete/xiaomi/xiaomi-redmi-note-17-pro-max-5g/;xiaomi-redmi-note-17-pro-max-256gb-schwarz;;Tarifgrundpreis Monat 25–36
Bündel;Redmi Note 17 Pro Max;256;congstar;discount;Allnet Flat L Flex;L;neu;19,00;30,00;16,00;;36;35,00;36;;;2026-10-05;https://www.congstar.de/geraete/xiaomi/xiaomi-redmi-note-17-pro-max-5g/;xiaomi-redmi-note-17-pro-max-256gb-schwarz;;Tarifgrundpreis Monat 25–36
Bündel;Redmi Note 17 Pro Max;256;congstar;discount;Allnet Flat M;L;neu;19,00;25,00;9,00;;36;15,00;36;;;2026-10-05;https://www.congstar.de/geraete/xiaomi/xiaomi-redmi-note-17-pro-max-5g/;xiaomi-redmi-note-17-pro-max-256gb-schwarz;;Tarifgrundpreis Monat 25–36
Bündel;Redmi Note 17 Pro Max;256;congstar;discount;Allnet Flat M Flex;L;neu;19,00;25,00;16,00;;36;35,00;36;;;2026-10-05;https://www.congstar.de/geraete/xiaomi/xiaomi-redmi-note-17-pro-max-5g/;xiaomi-redmi-note-17-pro-max-256gb-schwarz;;Tarifgrundpreis Monat 25–36
Bündel;Redmi Note 17 Pro Max;256;congstar;discount;Allnet Flat S;M;neu;19,00;20,00;10,00;;36;15,00;36;;;2026-10-05;https://www.congstar.de/geraete/xiaomi/xiaomi-redmi-note-17-pro-max-5g/;xiaomi-redmi-note-17-pro-max-256gb-schwarz;;Tarifgrundpreis Monat 25–36
Bündel;Redmi Note 17 Pro Max;256;congstar;discount;Allnet Flat S Flex;M;neu;19,00;20,00;16,00;;36;35,00;36;;;2026-10-05;https://www.congstar.de/geraete/xiaomi/xiaomi-redmi-note-17-pro-max-5g/;xiaomi-redmi-note-17-pro-max-256gb-schwarz;;Tarifgrundpreis Monat 25–36
Bündel;Redmi Note 17 Pro Max;256;congstar;discount;Allnet Flat XS;XS;neu;19,00;15,00;12,00;;36;15,00;36;;;2026-10-05;https://www.congstar.de/geraete/xiaomi/xiaomi-redmi-note-17-pro-max-5g/;xiaomi-redmi-note-17-pro-max-256gb-schwarz;;Tarifgrundpreis Monat 25–36
Bündel;Redmi Note 17 Pro Max;256;congstar;discount;Allnet Flat XS Flex;XS;neu;19,00;15,00;16,00;;36;35,00;36;;;2026-10-05;https://www.congstar.de/geraete/xiaomi/xiaomi-redmi-note-17-pro-max-5g/;xiaomi-redmi-note-17-pro-max-256gb-schwarz;;Tarifgrundpreis Monat 25–36
Bündel;AirPods 5;;o2;netzbetreiber;O2 Mobile L mit 150 GB+ (24 Mon.);L;neu;13,00;24,99;4,00;;36;0,00;36;;;2026-10-06;https://www.o2online.de/e-shop/apple/apple-airpods-5-weiss-details?ohne-tarif=nein&zielgruppe=privatkunden&ratenzahlung=36&vertragsart=ratenzahlung&tarif=o2-mobile-on-demand-m;apple-airpods-5-ohne-speicher-ohne-farbe;Schätzung;Tarifgrundpreis Monat 25–36
Bündel;AirPods 5;;o2;netzbetreiber;O2 Mobile on Demand M mit 50 GB+ (24 Mon.);M;neu;13,00;19,99;4,00;;36;39,99;36;;;2026-10-07;https://www.o2online.de/e-shop/apple/apple-airpods-5-weiss-details?ohne-tarif=nein&zielgruppe=privatkunden&ratenzahlung=36&vertragsart=ratenzahlung&tarif=o2-mobile-on-demand-m;apple-airpods-5-ohne-speicher-ohne-farbe;;Tarifgrundpreis Monat 25–36
Bündel;AirPods 5;;o2;netzbetreiber;O2 Mobile S mit 15 GB+ (24 Mon.);XS;neu;13,00;14,99;4,00;;36;39,99;36;;;2026-10-06;https://www.o2online.de/e-shop/apple/apple-airpods-5-weiss-details?ohne-tarif=nein&zielgruppe=privatkunden&ratenzahlung=36&vertragsart=ratenzahlung&tarif=o2-mobile-on-demand-m;apple-airpods-5-ohne-speicher-ohne-farbe;Schätzung;Tarifgrundpreis Monat 25–36
Bündel;AirPods 5;;o2;netzbetreiber;O2 Mobile Unlimited L mit 300 MBit/s (24 Mon.);XL;neu;13,00;39,99;4,00;;36;0,00;36;;;2026-10-06;https://www.o2online.de/e-shop/apple/apple-airpods-5-weiss-details?ohne-tarif=nein&zielgruppe=privatkunden&ratenzahlung=36&vertragsart=ratenzahlung&tarif=o2-mobile-on-demand-m;apple-airpods-5-ohne-speicher-ohne-farbe;Schätzung;Tarifgrundpreis Monat 25–36
Bündel;AirPods 5;;o2;netzbetreiber;O2 Mobile Unlimited M mit 100 MBit/s (24 Mon.);XL;neu;13,00;29,99;4,00;;36;0,00;36;;;2026-10-06;https://www.o2online.de/e-shop/apple/apple-airpods-5-weiss-details?ohne-tarif=nein&zielgruppe=privatkunden&ratenzahlung=36&vertragsart=ratenzahlung&tarif=o2-mobile-on-demand-m;apple-airpods-5-ohne-speicher-ohne-farbe;Schätzung;Tarifgrundpreis Monat 25–36
Bündel;AirPods 5;;o2;netzbetreiber;O2 Mobile Unlimited S Special mit 15 MBit/s (24 Mon.);XL;neu;13,00;24,99;4,00;;36;39,99;36;;;2026-10-06;https://www.o2online.de/e-shop/apple/apple-airpods-5-weiss-details?ohne-tarif=nein&zielgruppe=privatkunden&ratenzahlung=36&vertragsart=ratenzahlung&tarif=o2-mobile-on-demand-m;apple-airpods-5-ohne-speicher-ohne-farbe;Schätzung;Tarifgrundpreis Monat 25–36
Bündel;iPhone 14;128;o2;netzbetreiber;O2 Mobile L mit 150 GB+ (24 Mon.);L;neu;1,00;24,99;20,00;;36;0,00;36;;;2026-10-06;https://www.o2online.de/e-shop/apple/apple-iphone-14-128gb-mitternacht-details?ohne-tarif=nein&zielgruppe=privatkunden&ratenzahlung=36&vertragsart=ratenzahlung&tarif=o2-mobile-on-demand-m-plus;apple-iphone-14-128gb-schwarz;Schätzung;Tarifgrundpreis Monat 25–36
Bündel;iPhone 14;128;o2;netzbetreiber;O2 Mobile L Plus mit 150 GB+ (24 Mon.);L;neu;1,00;19,99;20,00;;36;0,00;36;;;2026-10-06;https://www.o2online.de/e-shop/apple/apple-iphone-14-128gb-mitternacht-details?ohne-tarif=nein&zielgruppe=privatkunden&ratenzahlung=36&vertragsart=ratenzahlung&tarif=o2-mobile-on-demand-m-plus;apple-iphone-14-128gb-schwarz;Schätzung;Tarifgrundpreis Monat 25–36
Bündel;iPhone 14;128;o2;netzbetreiber;O2 Mobile on Demand M mit 50 GB+ (24 Mon.);M;neu;1,00;19,99;20,00;;36;39,99;36;;;2026-10-06;https://www.o2online.de/e-shop/apple/apple-iphone-14-128gb-mitternacht-details?ohne-tarif=nein&zielgruppe=privatkunden&ratenzahlung=36&vertragsart=ratenzahlung&tarif=o2-mobile-on-demand-m-plus;apple-iphone-14-128gb-schwarz;Schätzung;Tarifgrundpreis Monat 25–36
Bündel;iPhone 14;128;o2;netzbetreiber;O2 Mobile on Demand M Plus mit 50 GB+ (24 Mon.);M;neu;1,00;14,99;20,00;;36;39,99;36;;;2026-10-07;https://www.o2online.de/e-shop/apple/apple-iphone-14-128gb-mitternacht-details?ohne-tarif=nein&zielgruppe=privatkunden&ratenzahlung=36&vertragsart=ratenzahlung&tarif=o2-mobile-on-demand-m-plus;apple-iphone-14-128gb-schwarz;;Tarifgrundpreis Monat 25–36
Bündel;iPhone 14;128;o2;netzbetreiber;O2 Mobile S mit 15 GB+ (24 Mon.);XS;neu;1,00;19,99;20,00;;36;39,99;36;;;2026-10-06;https://www.o2online.de/e-shop/apple/apple-iphone-14-128gb-mitternacht-details?ohne-tarif=nein&zielgruppe=privatkunden&ratenzahlung=36&vertragsart=ratenzahlung&tarif=o2-mobile-on-demand-m-plus;apple-iphone-14-128gb-schwarz;Schätzung;Tarifgrundpreis Monat 25–36
Bündel;iPhone 14;128;o2;netzbetreiber;O2 Mobile Unlimited L mit 300 MBit/s (24 Mon.);XL;neu;1,00;39,99;20,00;;36;0,00;36;;;2026-10-06;https://www.o2online.de/e-shop/apple/apple-iphone-14-128gb-mitternacht-details?ohne-tarif=nein&zielgruppe=privatkunden&ratenzahlung=36&vertragsart=ratenzahlung&tarif=o2-mobile-on-demand-m-plus;apple-iphone-14-128gb-schwarz;Schätzung;Tarifgrundpreis Monat 25–36
Bündel;iPhone 14;128;o2;netzbetreiber;O2 Mobile Unlimited M mit 100 MBit/s (24 Mon.);XL;neu;1,00;29,99;20,00;;36;0,00;36;;;2026-10-06;https://www.o2online.de/e-shop/apple/apple-iphone-14-128gb-mitternacht-details?ohne-tarif=nein&zielgruppe=privatkunden&ratenzahlung=36&vertragsart=ratenzahlung&tarif=o2-mobile-on-demand-m-plus;apple-iphone-14-128gb-schwarz;Schätzung;Tarifgrundpreis Monat 25–36
Bündel;iPhone 14;128;o2;netzbetreiber;O2 Mobile Unlimited M Plus mit 100 MBit/s (24 Mon.);XL;neu;1,00;24,99;20,00;;36;0,00;36;;;2026-10-06;https://www.o2online.de/e-shop/apple/apple-iphone-14-128gb-mitternacht-details?ohne-tarif=nein&zielgruppe=privatkunden&ratenzahlung=36&vertragsart=ratenzahlung&tarif=o2-mobile-on-demand-m-plus;apple-iphone-14-128gb-schwarz;Schätzung;Tarifgrundpreis Monat 25–36
Bündel;iPhone 14;128;o2;netzbetreiber;O2 Mobile Unlimited S Special mit 15 MBit/s (24 Mon.);XL;neu;1,00;24,99;20,00;;36;39,99;36;;;2026-10-06;https://www.o2online.de/e-shop/apple/apple-iphone-14-128gb-mitternacht-details?ohne-tarif=nein&zielgruppe=privatkunden&ratenzahlung=36&vertragsart=ratenzahlung&tarif=o2-mobile-on-demand-m-plus;apple-iphone-14-128gb-schwarz;Schätzung;Tarifgrundpreis Monat 25–36
Bündel;iPhone 14;128;o2;netzbetreiber;O2 Mobile Unlimited S Special Plus mit 15 MBit/s (24 Mon.);XL;neu;1,00;19,99;20,00;;36;39,99;36;;;2026-10-06;https://www.o2online.de/e-shop/apple/apple-iphone-14-128gb-mitternacht-details?ohne-tarif=nein&zielgruppe=privatkunden&ratenzahlung=36&vertragsart=ratenzahlung&tarif=o2-mobile-on-demand-m-plus;apple-iphone-14-128gb-schwarz;Schätzung;Tarifgrundpreis Monat 25–36
Bündel;iPhone 14;128;o2;netzbetreiber;O2 Mobile L mit 150 GB+ (24 Mon.);L;refurbished;13,00;24,99;12,00;;36;0,00;36;;;2026-10-06;https://www.o2online.de/e-shop/apple/apple-iphone-14-128gb-mitternacht-erneuert-details?ohne-tarif=nein&zielgruppe=privatkunden&ratenzahlung=36&vertragsart=ratenzahlung&tarif=o2-mobile-on-demand-m-plus;apple-iphone-14-128gb-schwarz-refurbished;Schätzung;Tarifgrundpreis Monat 25–36
Bündel;iPhone 14;128;o2;netzbetreiber;O2 Mobile L Plus mit 150 GB+ (24 Mon.);L;refurbished;13,00;19,99;12,00;;36;0,00;36;;;2026-10-06;https://www.o2online.de/e-shop/apple/apple-iphone-14-128gb-mitternacht-erneuert-details?ohne-tarif=nein&zielgruppe=privatkunden&ratenzahlung=36&vertragsart=ratenzahlung&tarif=o2-mobile-on-demand-m-plus;apple-iphone-14-128gb-schwarz-refurbished;Schätzung;Tarifgrundpreis Monat 25–36
Bündel;iPhone 14;128;o2;netzbetreiber;O2 Mobile on Demand M mit 50 GB+ (24 Mon.);M;refurbished;13,00;19,99;12,00;;36;39,99;36;;;2026-10-06;https://www.o2online.de/e-shop/apple/apple-iphone-14-128gb-mitternacht-erneuert-details?ohne-tarif=nein&zielgruppe=privatkunden&ratenzahlung=36&vertragsart=ratenzahlung&tarif=o2-mobile-on-demand-m-plus;apple-iphone-14-128gb-schwarz-refurbished;Schätzung;Tarifgrundpreis Monat 25–36
Bündel;iPhone 14;128;o2;netzbetreiber;O2 Mobile on Demand M Plus mit 50 GB+ (24 Mon.);M;refurbished;13,00;14,99;12,00;;36;39,99;36;;;2026-10-07;https://www.o2online.de/e-shop/apple/apple-iphone-14-128gb-mitternacht-erneuert-details?ohne-tarif=nein&zielgruppe=privatkunden&ratenzahlung=36&vertragsart=ratenzahlung&tarif=o2-mobile-on-demand-m-plus;apple-iphone-14-128gb-schwarz-refurbished;;Tarifgrundpreis Monat 25–36
Bündel;iPhone 14;128;o2;netzbetreiber;O2 Mobile S mit 15 GB+ (24 Mon.);XS;refurbished;13,00;14,99;12,00;;36;39,99;36;;;2026-10-06;https://www.o2online.de/e-shop/apple/apple-iphone-14-128gb-mitternacht-erneuert-details?ohne-tarif=nein&zielgruppe=privatkunden&ratenzahlung=36&vertragsart=ratenzahlung&tarif=o2-mobile-on-demand-m-plus;apple-iphone-14-128gb-schwarz-refurbished;Schätzung;Tarifgrundpreis Monat 25–36
Bündel;iPhone 14;128;o2;netzbetreiber;O2 Mobile Unlimited L mit 300 MBit/s (24 Mon.);XL;refurbished;13,00;39,99;12,00;;36;0,00;36;;;2026-10-06;https://www.o2online.de/e-shop/apple/apple-iphone-14-128gb-mitternacht-erneuert-details?ohne-tarif=nein&zielgruppe=privatkunden&ratenzahlung=36&vertragsart=ratenzahlung&tarif=o2-mobile-on-demand-m-plus;apple-iphone-14-128gb-schwarz-refurbished;Schätzung;Tarifgrundpreis Monat 25–36
Bündel;iPhone 14;128;o2;netzbetreiber;O2 Mobile Unlimited M mit 100 MBit/s (24 Mon.);XL;refurbished;13,00;29,99;12,00;;36;0,00;36;;;2026-10-06;https://www.o2online.de/e-shop/apple/apple-iphone-14-128gb-mitternacht-erneuert-details?ohne-tarif=nein&zielgruppe=privatkunden&ratenzahlung=36&vertragsart=ratenzahlung&tarif=o2-mobile-on-demand-m-plus;apple-iphone-14-128gb-schwarz-refurbished;Schätzung;Tarifgrundpreis Monat 25–36
Bündel;iPhone 14;128;o2;netzbetreiber;O2 Mobile Unlimited M Plus mit 100 MBit/s (24 Mon.);XL;refurbished;13,00;19,99;12,00;;36;0,00;36;;;2026-10-06;https://www.o2online.de/e-shop/apple/apple-iphone-14-128gb-mitternacht-erneuert-details?ohne-tarif=nein&zielgruppe=privatkunden&ratenzahlung=36&vertragsart=ratenzahlung&tarif=o2-mobile-on-demand-m-plus;apple-iphone-14-128gb-schwarz-refurbished;Schätzung;Tarifgrundpreis Monat 25–36
Bündel;iPhone 14;128;o2;netzbetreiber;O2 Mobile Unlimited S Special mit 15 MBit/s (24 Mon.);XL;refurbished;13,00;24,99;12,00;;36;39,99;36;;;2026-10-06;https://www.o2online.de/e-shop/apple/apple-iphone-14-128gb-mitternacht-erneuert-details?ohne-tarif=nein&zielgruppe=privatkunden&ratenzahlung=36&vertragsart=ratenzahlung&tarif=o2-mobile-on-demand-m-plus;apple-iphone-14-128gb-schwarz-refurbished;Schätzung;Tarifgrundpreis Monat 25–36
Bündel;iPhone 14;128;o2;netzbetreiber;O2 Mobile Unlimited S Special Plus mit 15 MBit/s (24 Mon.);XL;refurbished;13,00;19,99;12,00;;36;39,99;36;;;2026-10-06;https://www.o2online.de/e-shop/apple/apple-iphone-14-128gb-mitternacht-erneuert-details?ohne-tarif=nein&zielgruppe=privatkunden&ratenzahlung=36&vertragsart=ratenzahlung&tarif=o2-mobile-on-demand-m-plus;apple-iphone-14-128gb-schwarz-refurbished;Schätzung;Tarifgrundpreis Monat 25–36
Bündel;iPhone 14 Pro;128;o2;netzbetreiber;O2 Mobile L mit 150 GB+ (24 Mon.);L;neu;1,00;24,99;34,00;;36;0,00;36;;;2026-10-06;https://www.o2online.de/e-shop/apple/apple-iphone-14-pro-128gb-dunkellila-details?ohne-tarif=nein&zielgruppe=privatkunden&ratenzahlung=36&vertragsart=ratenzahlung&tarif=o2-mobile-on-demand-m-plus;apple-iphone-14-pro-128gb-dunkellila;Schätzung;Tarifgrundpreis Monat 25–36
Bündel;iPhone 14 Pro;128;o2;netzbetreiber;O2 Mobile L Plus mit 150 GB+ (24 Mon.);L;neu;1,00;19,99;34,00;;36;0,00;36;;;2026-10-06;https://www.o2online.de/e-shop/apple/apple-iphone-14-pro-128gb-dunkellila-details?ohne-tarif=nein&zielgruppe=privatkunden&ratenzahlung=36&vertragsart=ratenzahlung&tarif=o2-mobile-on-demand-m-plus;apple-iphone-14-pro-128gb-dunkellila;Schätzung;Tarifgrundpreis Monat 25–36
Bündel;iPhone 14 Pro;128;o2;netzbetreiber;O2 Mobile on Demand M mit 50 GB+ (24 Mon.);M;neu;1,00;19,99;34,00;;36;39,99;36;;;2026-10-06;https://www.o2online.de/e-shop/apple/apple-iphone-14-pro-128gb-dunkellila-details?ohne-tarif=nein&zielgruppe=privatkunden&ratenzahlung=36&vertragsart=ratenzahlung&tarif=o2-mobile-on-demand-m-plus;apple-iphone-14-pro-128gb-dunkellila;Schätzung;Tarifgrundpreis Monat 25–36
Bündel;iPhone 14 Pro;128;o2;netzbetreiber;O2 Mobile on Demand M Plus mit 50 GB+ (24 Mon.);M;neu;1,00;14,99;34,00;;36;39,99;36;;;2026-10-07;https://www.o2online.de/e-shop/apple/apple-iphone-14-pro-128gb-dunkellila-details?ohne-tarif=nein&zielgruppe=privatkunden&ratenzahlung=36&vertragsart=ratenzahlung&tarif=o2-mobile-on-demand-m-plus;apple-iphone-14-pro-128gb-dunkellila;;Tarifgrundpreis Monat 25–36
Bündel;iPhone 14 Pro;128;o2;netzbetreiber;O2 Mobile S mit 15 GB+ (24 Mon.);XS;neu;1,00;19,99;34,00;;36;39,99;36;;;2026-10-06;https://www.o2online.de/e-shop/apple/apple-iphone-14-pro-128gb-dunkellila-details?ohne-tarif=nein&zielgruppe=privatkunden&ratenzahlung=36&vertragsart=ratenzahlung&tarif=o2-mobile-on-demand-m-plus;apple-iphone-14-pro-128gb-dunkellila;Schätzung;Tarifgrundpreis Monat 25–36
Bündel;iPhone 14 Pro;128;o2;netzbetreiber;O2 Mobile Unlimited L mit 300 MBit/s (24 Mon.);XL;neu;1,00;39,99;34,00;;36;0,00;36;;;2026-10-06;https://www.o2online.de/e-shop/apple/apple-iphone-14-pro-128gb-dunkellila-details?ohne-tarif=nein&zielgruppe=privatkunden&ratenzahlung=36&vertragsart=ratenzahlung&tarif=o2-mobile-on-demand-m-plus;apple-iphone-14-pro-128gb-dunkellila;Schätzung;Tarifgrundpreis Monat 25–36
Bündel;iPhone 14 Pro;128;o2;netzbetreiber;O2 Mobile Unlimited M mit 100 MBit/s (24 Mon.);XL;neu;1,00;29,99;34,00;;36;0,00;36;;;2026-10-06;https://www.o2online.de/e-shop/apple/apple-iphone-14-pro-128gb-dunkellila-details?ohne-tarif=nein&zielgruppe=privatkunden&ratenzahlung=36&vertragsart=ratenzahlung&tarif=o2-mobile-on-demand-m-plus;apple-iphone-14-pro-128gb-dunkellila;Schätzung;Tarifgrundpreis Monat 25–36
Bündel;iPhone 14 Pro;128;o2;netzbetreiber;O2 Mobile Unlimited M Plus mit 100 MBit/s (24 Mon.);XL;neu;1,00;24,99;34,00;;36;0,00;36;;;2026-10-06;https://www.o2online.de/e-shop/apple/apple-iphone-14-pro-128gb-dunkellila-details?ohne-tarif=nein&zielgruppe=privatkunden&ratenzahlung=36&vertragsart=ratenzahlung&tarif=o2-mobile-on-demand-m-plus;apple-iphone-14-pro-128gb-dunkellila;Schätzung;Tarifgrundpreis Monat 25–36
Bündel;iPhone 14 Pro;128;o2;netzbetreiber;O2 Mobile Unlimited S Special mit 15 MBit/s (24 Mon.);XL;neu;1,00;24,99;34,00;;36;39,99;36;;;2026-10-06;https://www.o2online.de/e-shop/apple/apple-iphone-14-pro-128gb-dunkellila-details?ohne-tarif=nein&zielgruppe=privatkunden&ratenzahlung=36&vertragsart=ratenzahlung&tarif=o2-mobile-on-demand-m-plus;apple-iphone-14-pro-128gb-dunkellila;Schätzung;Tarifgrundpreis Monat 25–36
Bündel;iPhone 14 Pro;128;o2;netzbetreiber;O2 Mobile Unlimited S Special Plus mit 15 MBit/s (24 Mon.);XL;neu;1,00;19,99;34,00;;36;39,99;36;;;2026-10-06;https://www.o2online.de/e-shop/apple/apple-iphone-14-pro-128gb-dunkellila-details?ohne-tarif=nein&zielgruppe=privatkunden&ratenzahlung=36&vertragsart=ratenzahlung&tarif=o2-mobile-on-demand-m-plus;apple-iphone-14-pro-128gb-dunkellila;Schätzung;Tarifgrundpreis Monat 25–36
Bündel;iPhone 14 Pro;128;o2;netzbetreiber;O2 Mobile on Demand M Plus mit 50 GB+ (24 Mon.);M;;1,00;14,99;16,00;;36;39,99;36;;;2026-09-04;https://www.o2online.de/e-shop/apple/apple-iphone-14-pro-128gb-space-schwarz-erneuert-details?ohne-tarif=nein&zielgruppe=privatkunden&ratenzahlung=36&vertragsart=ratenzahlung&tarif=o2-mobile-on-demand-m-plus;apple-iphone-14-pro-128gb-space-schwarz-refurbished;veraltet;Tarifgrundpreis Monat 25–36
Bündel;iPhone 14 Pro Max;512;o2;netzbetreiber;O2 Mobile L mit 150 GB+ (24 Mon.);L;neu;1,00;24,99;49,00;;36;0,00;36;;;2026-10-06;https://www.o2online.de/e-shop/apple/apple-iphone-14-pro-max-512gb-gold-details?ohne-tarif=nein&zielgruppe=privatkunden&ratenzahlung=36&vertragsart=ratenzahlung&tarif=o2-mobile-on-demand-m-plus;apple-iphone-14-pro-max-512gb-gold;Schätzung;Tarifgrundpreis Monat 25–36
Bündel;iPhone 14 Pro Max;512;o2;netzbetreiber;O2 Mobile L Plus mit 150 GB+ (24 Mon.);L;neu;1,00;19,99;49,00;;36;0,00;36;;;2026-10-06;https://www.o2online.de/e-shop/apple/apple-iphone-14-pro-max-512gb-gold-details?ohne-tarif=nein&zielgruppe=privatkunden&ratenzahlung=36&vertragsart=ratenzahlung&tarif=o2-mobile-on-demand-m-plus;apple-iphone-14-pro-max-512gb-gold;Schätzung;Tarifgrundpreis Monat 25–36
Bündel;iPhone 14 Pro Max;512;o2;netzbetreiber;O2 Mobile on Demand M mit 50 GB+ (24 Mon.);M;neu;1,00;19,99;49,00;;36;39,99;36;;;2026-10-06;https://www.o2online.de/e-shop/apple/apple-iphone-14-pro-max-512gb-gold-details?ohne-tarif=nein&zielgruppe=privatkunden&ratenzahlung=36&vertragsart=ratenzahlung&tarif=o2-mobile-on-demand-m-plus;apple-iphone-14-pro-max-512gb-gold;Schätzung;Tarifgrundpreis Monat 25–36
Bündel;iPhone 14 Pro Max;512;o2;netzbetreiber;O2 Mobile on Demand M Plus mit 50 GB+ (24 Mon.);M;neu;1,00;14,99;49,00;;36;39,99;36;;;2026-10-07;https://www.o2online.de/e-shop/apple/apple-iphone-14-pro-max-512gb-gold-details?ohne-tarif=nein&zielgruppe=privatkunden&ratenzahlung=36&vertragsart=ratenzahlung&tarif=o2-mobile-on-demand-m-plus;apple-iphone-14-pro-max-512gb-gold;;Tarifgrundpreis Monat 25–36
Bündel;iPhone 14 Pro Max;512;o2;netzbetreiber;O2 Mobile S mit 15 GB+ (24 Mon.);XS;neu;1,00;19,99;49,00;;36;39,99;36;;;2026-10-06;https://www.o2online.de/e-shop/apple/apple-iphone-14-pro-max-512gb-gold-details?ohne-tarif=nein&zielgruppe=privatkunden&ratenzahlung=36&vertragsart=ratenzahlung&tarif=o2-mobile-on-demand-m-plus;apple-iphone-14-pro-max-512gb-gold;Schätzung;Tarifgrundpreis Monat 25–36
Bündel;iPhone 14 Pro Max;512;o2;netzbetreiber;O2 Mobile Unlimited L mit 300 MBit/s (24 Mon.);XL;neu;1,00;39,99;49,00;;36;0,00;36;;;2026-10-06;https://www.o2online.de/e-shop/apple/apple-iphone-14-pro-max-512gb-gold-details?ohne-tarif=nein&zielgruppe=privatkunden&ratenzahlung=36&vertragsart=ratenzahlung&tarif=o2-mobile-on-demand-m-plus;apple-iphone-14-pro-max-512gb-gold;Schätzung;Tarifgrundpreis Monat 25–36
Bündel;iPhone 14 Pro Max;512;o2;netzbetreiber;O2 Mobile Unlimited M mit 100 MBit/s (24 Mon.);XL;neu;1,00;29,99;49,00;;36;0,00;36;;;2026-10-06;https://www.o2online.de/e-shop/apple/apple-iphone-14-pro-max-512gb-gold-details?ohne-tarif=nein&zielgruppe=privatkunden&ratenzahlung=36&vertragsart=ratenzahlung&tarif=o2-mobile-on-demand-m-plus;apple-iphone-14-pro-max-512gb-gold;Schätzung;Tarifgrundpreis Monat 25–36
Bündel;iPhone 14 Pro Max;512;o2;netzbetreiber;O2 Mobile Unlimited M Plus mit 100 MBit/s (24 Mon.);XL;neu;1,00;24,99;49,00;;36;0,00;36;;;2026-10-06;https://www.o2online.de/e-shop/apple/apple-iphone-14-pro-max-512gb-gold-details?ohne-tarif=nein&zielgruppe=privatkunden&ratenzahlung=36&vertragsart=ratenzahlung&tarif=o2-mobile-on-demand-m-plus;apple-iphone-14-pro-max-512gb-gold;Schätzung;Tarifgrundpreis Monat 25–36
Bündel;iPhone 14 Pro Max;512;o2;netzbetreiber;O2 Mobile Unlimited S Special mit 15 MBit/s (24 Mon.);XL;neu;1,00;24,99;49,00;;36;39,99;36;;;2026-10-06;https://www.o2online.de/e-shop/apple/apple-iphone-14-pro-max-512gb-gold-details?ohne-tarif=nein&zielgruppe=privatkunden&ratenzahlung=36&vertragsart=ratenzahlung&tarif=o2-mobile-on-demand-m-plus;apple-iphone-14-pro-max-512gb-gold;Schätzung;Tarifgrundpreis Monat 25–36
Bündel;iPhone 14 Pro Max;512;o2;netzbetreiber;O2 Mobile Unlimited S Special Plus mit 15 MBit/s (24 Mon.);XL;neu;1,00;19,99;49,00;;36;39,99;36;;;2026-10-06;https://www.o2online.de/e-shop/apple/apple-iphone-14-pro-max-512gb-gold-details?ohne-tarif=nein&zielgruppe=privatkunden&ratenzahlung=36&vertragsart=ratenzahlung&tarif=o2-mobile-on-demand-m-plus;apple-iphone-14-pro-max-512gb-gold;Schätzung;Tarifgrundpreis Monat 25–36
Bündel;iPhone 15;128;o2;netzbetreiber;O2 Mobile L mit 150 GB+ (24 Mon.);L;refurbished;1,00;24,99;17,00;;36;0,00;36;;;2026-10-06;https://www.o2online.de/e-shop/apple/apple-iphone-15-128gb-schwarz-erneuert-details?ohne-tarif=nein&zielgruppe=privatkunden&ratenzahlung=36&vertragsart=ratenzahlung&tarif=o2-mobile-on-demand-m-plus;apple-iphone-15-128gb-blau-refurbished;Schätzung;Tarifgrundpreis Monat 25–36
Bündel;iPhone 15;128;o2;netzbetreiber;O2 Mobile L Plus mit 150 GB+ (24 Mon.);L;refurbished;1,00;19,99;17,00;;36;0,00;36;;;2026-10-06;https://www.o2online.de/e-shop/apple/apple-iphone-15-128gb-schwarz-erneuert-details?ohne-tarif=nein&zielgruppe=privatkunden&ratenzahlung=36&vertragsart=ratenzahlung&tarif=o2-mobile-on-demand-m-plus;apple-iphone-15-128gb-blau-refurbished;Schätzung;Tarifgrundpreis Monat 25–36
Bündel;iPhone 15;128;o2;netzbetreiber;O2 Mobile on Demand M mit 50 GB+ (24 Mon.);M;refurbished;1,00;19,99;17,00;;36;39,99;36;;;2026-10-06;https://www.o2online.de/e-shop/apple/apple-iphone-15-128gb-schwarz-erneuert-details?ohne-tarif=nein&zielgruppe=privatkunden&ratenzahlung=36&vertragsart=ratenzahlung&tarif=o2-mobile-on-demand-m-plus;apple-iphone-15-128gb-blau-refurbished;Schätzung;Tarifgrundpreis Monat 25–36
Bündel;iPhone 15;128;o2;netzbetreiber;O2 Mobile on Demand M Plus mit 50 GB+ (24 Mon.);M;refurbished;1,00;14,99;17,00;;36;39,99;36;;;2026-10-06;https://www.o2online.de/e-shop/apple/apple-iphone-15-128gb-schwarz-erneuert-details?ohne-tarif=nein&zielgruppe=privatkunden&ratenzahlung=36&vertragsart=ratenzahlung&tarif=o2-mobile-on-demand-m-plus;apple-iphone-15-128gb-blau-refurbished;;Tarifgrundpreis Monat 25–36
Bündel;iPhone 15;128;o2;netzbetreiber;O2 Mobile S mit 15 GB+ (24 Mon.);XS;refurbished;1,00;14,99;17,00;;36;39,99;36;;;2026-10-06;https://www.o2online.de/e-shop/apple/apple-iphone-15-128gb-schwarz-erneuert-details?ohne-tarif=nein&zielgruppe=privatkunden&ratenzahlung=36&vertragsart=ratenzahlung&tarif=o2-mobile-on-demand-m-plus;apple-iphone-15-128gb-blau-refurbished;Schätzung;Tarifgrundpreis Monat 25–36
Bündel;iPhone 15;128;o2;netzbetreiber;O2 Mobile Unlimited L mit 300 MBit/s (24 Mon.);XL;refurbished;1,00;39,99;17,00;;36;0,00;36;;;2026-10-06;https://www.o2online.de/e-shop/apple/apple-iphone-15-128gb-schwarz-erneuert-details?ohne-tarif=nein&zielgruppe=privatkunden&ratenzahlung=36&vertragsart=ratenzahlung&tarif=o2-mobile-on-demand-m-plus;apple-iphone-15-128gb-blau-refurbished;Schätzung;Tarifgrundpreis Monat 25–36
Bündel;iPhone 15;128;o2;netzbetreiber;O2 Mobile Unlimited M mit 100 MBit/s (24 Mon.);XL;refurbished;1,00;29,99;17,00;;36;0,00;36;;;2026-10-06;https://www.o2online.de/e-shop/apple/apple-iphone-15-128gb-schwarz-erneuert-details?ohne-tarif=nein&zielgruppe=privatkunden&ratenzahlung=36&vertragsart=ratenzahlung&tarif=o2-mobile-on-demand-m-plus;apple-iphone-15-128gb-blau-refurbished;Schätzung;Tarifgrundpreis Monat 25–36
Bündel;iPhone 15;128;o2;netzbetreiber;O2 Mobile Unlimited M Plus mit 100 MBit/s (24 Mon.);XL;refurbished;1,00;19,99;17,00;;36;0,00;36;;;2026-10-06;https://www.o2online.de/e-shop/apple/apple-iphone-15-128gb-schwarz-erneuert-details?ohne-tarif=nein&zielgruppe=privatkunden&ratenzahlung=36&vertragsart=ratenzahlung&tarif=o2-mobile-on-demand-m-plus;apple-iphone-15-128gb-blau-refurbished;Schätzung;Tarifgrundpreis Monat 25–36
Bündel;iPhone 15;128;o2;netzbetreiber;O2 Mobile Unlimited S Special mit 15 MBit/s (24 Mon.);XL;refurbished;1,00;24,99;17,00;;36;39,99;36;;;2026-10-06;https://www.o2online.de/e-shop/apple/apple-iphone-15-128gb-schwarz-erneuert-details?ohne-tarif=nein&zielgruppe=privatkunden&ratenzahlung=36&vertragsart=ratenzahlung&tarif=o2-mobile-on-demand-m-plus;apple-iphone-15-128gb-blau-refurbished;Schätzung;Tarifgrundpreis Monat 25–36
Bündel;iPhone 15;128;o2;netzbetreiber;O2 Mobile Unlimited S Special Plus mit 15 MBit/s (24 Mon.);XL;refurbished;1,00;19,99;17,00;;36;39,99;36;;;2026-10-06;https://www.o2online.de/e-shop/apple/apple-iphone-15-128gb-schwarz-erneuert-details?ohne-tarif=nein&zielgruppe=privatkunden&ratenzahlung=36&vertragsart=ratenzahlung&tarif=o2-mobile-on-demand-m-plus;apple-iphone-15-128gb-blau-refurbished;Schätzung;Tarifgrundpreis Monat 25–36
Bündel;iPhone 15;128;o2;netzbetreiber;O2 Mobile L mit 150 GB+ (24 Mon.);L;neu;1,00;24,99;20,00;;36;0,00;36;;;2026-10-04;https://www.o2online.de/e-shop/apple/apple-iphone-15-128gb-schwarz-details?ohne-tarif=nein&zielgruppe=privatkunden&ratenzahlung=36&vertragsart=ratenzahlung&tarif=o2-mobile-on-demand-m-plus;apple-iphone-15-128gb-schwarz;Schätzung;Tarifgrundpreis Monat 25–36
Bündel;iPhone 15;128;o2;netzbetreiber;O2 Mobile L Plus mit 150 GB+ (24 Mon.);L;neu;1,00;19,99;20,00;;36;0,00;36;;;2026-10-04;https://www.o2online.de/e-shop/apple/apple-iphone-15-128gb-schwarz-details?ohne-tarif=nein&zielgruppe=privatkunden&ratenzahlung=36&vertragsart=ratenzahlung&tarif=o2-mobile-on-demand-m-plus;apple-iphone-15-128gb-schwarz;Schätzung;Tarifgrundpreis Monat 25–36
Bündel;iPhone 15;128;o2;netzbetreiber;O2 Mobile on Demand M mit 50 GB+ (24 Mon.);M;neu;1,00;19,99;20,00;;36;39,99;36;;;2026-10-04;https://www.o2online.de/e-shop/apple/apple-iphone-15-128gb-schwarz-details?ohne-tarif=nein&zielgruppe=privatkunden&ratenzahlung=36&vertragsart=ratenzahlung&tarif=o2-mobile-on-demand-m-plus;apple-iphone-15-128gb-schwarz;Schätzung;Tarifgrundpreis Monat 25–36
Bündel;iPhone 15;128;o2;netzbetreiber;O2 Mobile on Demand M Plus mit 50 GB+ (24 Mon.);M;neu;1,00;14,99;20,00;;36;39,99;36;;;2026-10-07;https://www.o2online.de/e-shop/apple/apple-iphone-15-128gb-schwarz-details?ohne-tarif=nein&zielgruppe=privatkunden&ratenzahlung=36&vertragsart=ratenzahlung&tarif=o2-mobile-on-demand-m-plus;apple-iphone-15-128gb-schwarz;;Tarifgrundpreis Monat 25–36
Bündel;iPhone 15;128;o2;netzbetreiber;O2 Mobile S mit 15 GB+ (24 Mon.);XS;neu;1,00;14,99;20,00;;36;39,99;36;;;2026-10-04;https://www.o2online.de/e-shop/apple/apple-iphone-15-128gb-schwarz-details?ohne-tarif=nein&zielgruppe=privatkunden&ratenzahlung=36&vertragsart=ratenzahlung&tarif=o2-mobile-on-demand-m-plus;apple-iphone-15-128gb-schwarz;Schätzung;Tarifgrundpreis Monat 25–36
Bündel;iPhone 15;128;o2;netzbetreiber;O2 Mobile Unlimited L mit 300 MBit/s (24 Mon.);XL;neu;1,00;39,99;20,00;;36;0,00;36;;;2026-10-04;https://www.o2online.de/e-shop/apple/apple-iphone-15-128gb-schwarz-details?ohne-tarif=nein&zielgruppe=privatkunden&ratenzahlung=36&vertragsart=ratenzahlung&tarif=o2-mobile-on-demand-m-plus;apple-iphone-15-128gb-schwarz;Schätzung;Tarifgrundpreis Monat 25–36
Bündel;iPhone 15;128;o2;netzbetreiber;O2 Mobile Unlimited M mit 100 MBit/s (24 Mon.);XL;neu;1,00;29,99;20,00;;36;0,00;36;;;2026-10-04;https://www.o2online.de/e-shop/apple/apple-iphone-15-128gb-schwarz-details?ohne-tarif=nein&zielgruppe=privatkunden&ratenzahlung=36&vertragsart=ratenzahlung&tarif=o2-mobile-on-demand-m-plus;apple-iphone-15-128gb-schwarz;Schätzung;Tarifgrundpreis Monat 25–36
Bündel;iPhone 15;128;o2;netzbetreiber;O2 Mobile Unlimited M Plus mit 100 MBit/s (24 Mon.);XL;neu;1,00;19,99;20,00;;36;0,00;36;;;2026-10-04;https://www.o2online.de/e-shop/apple/apple-iphone-15-128gb-schwarz-details?ohne-tarif=nein&zielgruppe=privatkunden&ratenzahlung=36&vertragsart=ratenzahlung&tarif=o2-mobile-on-demand-m-plus;apple-iphone-15-128gb-schwarz;Schätzung;Tarifgrundpreis Monat 25–36
Bündel;iPhone 15;128;o2;netzbetreiber;O2 Mobile Unlimited S Special mit 15 MBit/s (24 Mon.);XL;neu;1,00;24,99;20,00;;36;39,99;36;;;2026-10-04;https://www.o2online.de/e-shop/apple/apple-iphone-15-128gb-schwarz-details?ohne-tarif=nein&zielgruppe=privatkunden&ratenzahlung=36&vertragsart=ratenzahlung&tarif=o2-mobile-on-demand-m-plus;apple-iphone-15-128gb-schwarz;Schätzung;Tarifgrundpreis Monat 25–36
Bündel;iPhone 15;128;o2;netzbetreiber;O2 Mobile Unlimited S Special Plus mit 15 MBit/s (24 Mon.);XL;neu;1,00;19,99;20,00;;36;39,99;36;;;2026-10-04;https://www.o2online.de/e-shop/apple/apple-iphone-15-128gb-schwarz-details?ohne-tarif=nein&zielgruppe=privatkunden&ratenzahlung=36&vertragsart=ratenzahlung&tarif=o2-mobile-on-demand-m-plus;apple-iphone-15-128gb-schwarz;Schätzung;Tarifgrundpreis Monat 25–36
Bündel;iPhone 15;128;o2;netzbetreiber;O2 Mobile L mit 150 GB+ (24 Mon.);L;refurbished;1,00;24,99;17,00;;36;0,00;36;;;2026-10-03;https://www.o2online.de/e-shop/apple/apple-iphone-15-128gb-schwarz-erneuert-details?ohne-tarif=nein&zielgruppe=privatkunden&ratenzahlung=36&vertragsart=ratenzahlung&tarif=o2-mobile-on-demand-m-plus;apple-iphone-15-128gb-schwarz-refurbished;Schätzung;Tarifgrundpreis Monat 25–36
Bündel;iPhone 15;128;o2;netzbetreiber;O2 Mobile L Plus mit 150 GB+ (24 Mon.);L;refurbished;1,00;19,99;17,00;;36;0,00;36;;;2026-10-03;https://www.o2online.de/e-shop/apple/apple-iphone-15-128gb-schwarz-erneuert-details?ohne-tarif=nein&zielgruppe=privatkunden&ratenzahlung=36&vertragsart=ratenzahlung&tarif=o2-mobile-on-demand-m-plus;apple-iphone-15-128gb-schwarz-refurbished;Schätzung;Tarifgrundpreis Monat 25–36
Bündel;iPhone 15;128;o2;netzbetreiber;O2 Mobile on Demand M mit 50 GB+ (24 Mon.);M;refurbished;1,00;19,99;17,00;;36;39,99;36;;;2026-10-03;https://www.o2online.de/e-shop/apple/apple-iphone-15-128gb-schwarz-erneuert-details?ohne-tarif=nein&zielgruppe=privatkunden&ratenzahlung=36&vertragsart=ratenzahlung&tarif=o2-mobile-on-demand-m-plus;apple-iphone-15-128gb-schwarz-refurbished;Schätzung;Tarifgrundpreis Monat 25–36
Bündel;iPhone 15;128;o2;netzbetreiber;O2 Mobile on Demand M Plus mit 50 GB+ (24 Mon.);M;refurbished;1,00;14,99;17,00;;36;39,99;36;;;2026-10-07;https://www.o2online.de/e-shop/apple/apple-iphone-15-128gb-schwarz-erneuert-details?ohne-tarif=nein&zielgruppe=privatkunden&ratenzahlung=36&vertragsart=ratenzahlung&tarif=o2-mobile-on-demand-m-plus;apple-iphone-15-128gb-schwarz-refurbished;;Tarifgrundpreis Monat 25–36
Bündel;iPhone 15;128;o2;netzbetreiber;O2 Mobile S mit 15 GB+ (24 Mon.);XS;refurbished;1,00;14,99;17,00;;36;39,99;36;;;2026-10-03;https://www.o2online.de/e-shop/apple/apple-iphone-15-128gb-schwarz-erneuert-details?ohne-tarif=nein&zielgruppe=privatkunden&ratenzahlung=36&vertragsart=ratenzahlung&tarif=o2-mobile-on-demand-m-plus;apple-iphone-15-128gb-schwarz-refurbished;Schätzung;Tarifgrundpreis Monat 25–36
Bündel;iPhone 15;128;o2;netzbetreiber;O2 Mobile Unlimited L mit 300 MBit/s (24 Mon.);XL;refurbished;1,00;39,99;17,00;;36;0,00;36;;;2026-10-03;https://www.o2online.de/e-shop/apple/apple-iphone-15-128gb-schwarz-erneuert-details?ohne-tarif=nein&zielgruppe=privatkunden&ratenzahlung=36&vertragsart=ratenzahlung&tarif=o2-mobile-on-demand-m-plus;apple-iphone-15-128gb-schwarz-refurbished;Schätzung;Tarifgrundpreis Monat 25–36
Bündel;iPhone 15;128;o2;netzbetreiber;O2 Mobile Unlimited M mit 100 MBit/s (24 Mon.);XL;refurbished;1,00;29,99;17,00;;36;0,00;36;;;2026-10-03;https://www.o2online.de/e-shop/apple/apple-iphone-15-128gb-schwarz-erneuert-details?ohne-tarif=nein&zielgruppe=privatkunden&ratenzahlung=36&vertragsart=ratenzahlung&tarif=o2-mobile-on-demand-m-plus;apple-iphone-15-128gb-schwarz-refurbished;Schätzung;Tarifgrundpreis Monat 25–36
Bündel;iPhone 15;128;o2;netzbetreiber;O2 Mobile Unlimited M Plus mit 100 MBit/s (24 Mon.);XL;refurbished;1,00;19,99;17,00;;36;0,00;36;;;2026-10-03;https://www.o2online.de/e-shop/apple/apple-iphone-15-128gb-schwarz-erneuert-details?ohne-tarif=nein&zielgruppe=privatkunden&ratenzahlung=36&vertragsart=ratenzahlung&tarif=o2-mobile-on-demand-m-plus;apple-iphone-15-128gb-schwarz-refurbished;Schätzung;Tarifgrundpreis Monat 25–36
Bündel;iPhone 15;128;o2;netzbetreiber;O2 Mobile Unlimited S Special mit 15 MBit/s (24 Mon.);XL;refurbished;1,00;24,99;17,00;;36;39,99;36;;;2026-10-03;https://www.o2online.de/e-shop/apple/apple-iphone-15-128gb-schwarz-erneuert-details?ohne-tarif=nein&zielgruppe=privatkunden&ratenzahlung=36&vertragsart=ratenzahlung&tarif=o2-mobile-on-demand-m-plus;apple-iphone-15-128gb-schwarz-refurbished;Schätzung;Tarifgrundpreis Monat 25–36
Bündel;iPhone 15;128;o2;netzbetreiber;O2 Mobile Unlimited S Special Plus mit 15 MBit/s (24 Mon.);XL;refurbished;1,00;19,99;17,00;;36;39,99;36;;;2026-10-03;https://www.o2online.de/e-shop/apple/apple-iphone-15-128gb-schwarz-erneuert-details?ohne-tarif=nein&zielgruppe=privatkunden&ratenzahlung=36&vertragsart=ratenzahlung&tarif=o2-mobile-on-demand-m-plus;apple-iphone-15-128gb-schwarz-refurbished;Schätzung;Tarifgrundpreis Monat 25–36
Bündel;iPhone 15 Plus;128;o2;netzbetreiber;O2 Mobile L mit 150 GB+ (24 Mon.);L;neu;1,00;24,99;26,00;;36;0,00;36;;;2026-10-06;https://www.o2online.de/e-shop/apple/apple-iphone-15-plus-128gb-schwarz-details?ohne-tarif=nein&zielgruppe=privatkunden&ratenzahlung=36&vertragsart=ratenzahlung&tarif=o2-mobile-on-demand-m-plus;apple-iphone-15-plus-128gb-schwarz;Schätzung;Tarifgrundpreis Monat 25–36
Bündel;iPhone 15 Plus;128;o2;netzbetreiber;O2 Mobile L Plus mit 150 GB+ (24 Mon.);L;neu;1,00;19,99;26,00;;36;0,00;36;;;2026-10-06;https://www.o2online.de/e-shop/apple/apple-iphone-15-plus-128gb-schwarz-details?ohne-tarif=nein&zielgruppe=privatkunden&ratenzahlung=36&vertragsart=ratenzahlung&tarif=o2-mobile-on-demand-m-plus;apple-iphone-15-plus-128gb-schwarz;Schätzung;Tarifgrundpreis Monat 25–36
Bündel;iPhone 15 Plus;128;o2;netzbetreiber;O2 Mobile on Demand M mit 50 GB+ (24 Mon.);M;neu;1,00;19,99;26,00;;36;39,99;36;;;2026-10-06;https://www.o2online.de/e-shop/apple/apple-iphone-15-plus-128gb-schwarz-details?ohne-tarif=nein&zielgruppe=privatkunden&ratenzahlung=36&vertragsart=ratenzahlung&tarif=o2-mobile-on-demand-m-plus;apple-iphone-15-plus-128gb-schwarz;Schätzung;Tarifgrundpreis Monat 25–36
Bündel;iPhone 15 Plus;128;o2;netzbetreiber;O2 Mobile on Demand M Plus mit 50 GB+ (24 Mon.);M;neu;1,00;14,99;26,00;;36;39,99;36;;;2026-10-07;https://www.o2online.de/e-shop/apple/apple-iphone-15-plus-128gb-schwarz-details?ohne-tarif=nein&zielgruppe=privatkunden&ratenzahlung=36&vertragsart=ratenzahlung&tarif=o2-mobile-on-demand-m-plus;apple-iphone-15-plus-128gb-schwarz;;Tarifgrundpreis Monat 25–36
Bündel;iPhone 15 Plus;128;o2;netzbetreiber;O2 Mobile S mit 15 GB+ (24 Mon.);XS;neu;1,00;19,99;26,00;;36;39,99;36;;;2026-10-06;https://www.o2online.de/e-shop/apple/apple-iphone-15-plus-128gb-schwarz-details?ohne-tarif=nein&zielgruppe=privatkunden&ratenzahlung=36&vertragsart=ratenzahlung&tarif=o2-mobile-on-demand-m-plus;apple-iphone-15-plus-128gb-schwarz;Schätzung;Tarifgrundpreis Monat 25–36
Bündel;iPhone 15 Plus;128;o2;netzbetreiber;O2 Mobile Unlimited L mit 300 MBit/s (24 Mon.);XL;neu;1,00;39,99;26,00;;36;0,00;36;;;2026-10-06;https://www.o2online.de/e-shop/apple/apple-iphone-15-plus-128gb-schwarz-details?ohne-tarif=nein&zielgruppe=privatkunden&ratenzahlung=36&vertragsart=ratenzahlung&tarif=o2-mobile-on-demand-m-plus;apple-iphone-15-plus-128gb-schwarz;Schätzung;Tarifgrundpreis Monat 25–36
Bündel;iPhone 15 Plus;128;o2;netzbetreiber;O2 Mobile Unlimited M mit 100 MBit/s (24 Mon.);XL;neu;1,00;29,99;26,00;;36;0,00;36;;;2026-10-06;https://www.o2online.de/e-shop/apple/apple-iphone-15-plus-128gb-schwarz-details?ohne-tarif=nein&zielgruppe=privatkunden&ratenzahlung=36&vertragsart=ratenzahlung&tarif=o2-mobile-on-demand-m-plus;apple-iphone-15-plus-128gb-schwarz;Schätzung;Tarifgrundpreis Monat 25–36
Bündel;iPhone 15 Plus;128;o2;netzbetreiber;O2 Mobile Unlimited M Plus mit 100 MBit/s (24 Mon.);XL;neu;1,00;24,99;26,00;;36;0,00;36;;;2026-10-06;https://www.o2online.de/e-shop/apple/apple-iphone-15-plus-128gb-schwarz-details?ohne-tarif=nein&zielgruppe=privatkunden&ratenzahlung=36&vertragsart=ratenzahlung&tarif=o2-mobile-on-demand-m-plus;apple-iphone-15-plus-128gb-schwarz;Schätzung;Tarifgrundpreis Monat 25–36
Bündel;iPhone 15 Plus;128;o2;netzbetreiber;O2 Mobile Unlimited S Special mit 15 MBit/s (24 Mon.);XL;neu;1,00;24,99;26,00;;36;39,99;36;;;2026-10-06;https://www.o2online.de/e-shop/apple/apple-iphone-15-plus-128gb-schwarz-details?ohne-tarif=nein&zielgruppe=privatkunden&ratenzahlung=36&vertragsart=ratenzahlung&tarif=o2-mobile-on-demand-m-plus;apple-iphone-15-plus-128gb-schwarz;Schätzung;Tarifgrundpreis Monat 25–36
Bündel;iPhone 15 Plus;128;o2;netzbetreiber;O2 Mobile Unlimited S Special Plus mit 15 MBit/s (24 Mon.);XL;neu;1,00;19,99;26,00;;36;39,99;36;;;2026-10-06;https://www.o2online.de/e-shop/apple/apple-iphone-15-plus-128gb-schwarz-details?ohne-tarif=nein&zielgruppe=privatkunden&ratenzahlung=36&vertragsart=ratenzahlung&tarif=o2-mobile-on-demand-m-plus;apple-iphone-15-plus-128gb-schwarz;Schätzung;Tarifgrundpreis Monat 25–36
Bündel;iPhone 15 Pro;128;o2;netzbetreiber;O2 Mobile L mit 150 GB+ (24 Mon.);L;refurbished;1,00;24,99;19,00;;36;0,00;36;;;2026-10-06;https://www.o2online.de/e-shop/apple/apple-iphone-15-pro-128gb-titan-blau-erneuert-details?ohne-tarif=nein&zielgruppe=privatkunden&ratenzahlung=36&vertragsart=ratenzahlung&tarif=o2-mobile-on-demand-m-plus;apple-iphone-15-pro-128gb-titan-blau-refurbished;Schätzung;Tarifgrundpreis Monat 25–36
Bündel;iPhone 15 Pro;128;o2;netzbetreiber;O2 Mobile L Plus mit 150 GB+ (24 Mon.);L;refurbished;1,00;19,99;19,00;;36;0,00;36;;;2026-10-06;https://www.o2online.de/e-shop/apple/apple-iphone-15-pro-128gb-titan-blau-erneuert-details?ohne-tarif=nein&zielgruppe=privatkunden&ratenzahlung=36&vertragsart=ratenzahlung&tarif=o2-mobile-on-demand-m-plus;apple-iphone-15-pro-128gb-titan-blau-refurbished;Schätzung;Tarifgrundpreis Monat 25–36
Bündel;iPhone 15 Pro;128;o2;netzbetreiber;O2 Mobile on Demand M mit 50 GB+ (24 Mon.);M;refurbished;1,00;19,99;19,00;;36;39,99;36;;;2026-10-06;https://www.o2online.de/e-shop/apple/apple-iphone-15-pro-128gb-titan-blau-erneuert-details?ohne-tarif=nein&zielgruppe=privatkunden&ratenzahlung=36&vertragsart=ratenzahlung&tarif=o2-mobile-on-demand-m-plus;apple-iphone-15-pro-128gb-titan-blau-refurbished;Schätzung;Tarifgrundpreis Monat 25–36
Bündel;iPhone 15 Pro;128;o2;netzbetreiber;O2 Mobile on Demand M Plus mit 50 GB+ (24 Mon.);M;refurbished;1,00;14,99;19,00;;36;39,99;36;;;2026-10-07;https://www.o2online.de/e-shop/apple/apple-iphone-15-pro-128gb-titan-blau-erneuert-details?ohne-tarif=nein&zielgruppe=privatkunden&ratenzahlung=36&vertragsart=ratenzahlung&tarif=o2-mobile-on-demand-m-plus;apple-iphone-15-pro-128gb-titan-blau-refurbished;;Tarifgrundpreis Monat 25–36
Bündel;iPhone 15 Pro;128;o2;netzbetreiber;O2 Mobile S mit 15 GB+ (24 Mon.);XS;refurbished;1,00;14,99;19,00;;36;39,99;36;;;2026-10-06;https://www.o2online.de/e-shop/apple/apple-iphone-15-pro-128gb-titan-blau-erneuert-details?ohne-tarif=nein&zielgruppe=privatkunden&ratenzahlung=36&vertragsart=ratenzahlung&tarif=o2-mobile-on-demand-m-plus;apple-iphone-15-pro-128gb-titan-blau-refurbished;Schätzung;Tarifgrundpreis Monat 25–36
Bündel;iPhone 15 Pro;128;o2;netzbetreiber;O2 Mobile Unlimited L mit 300 MBit/s (24 Mon.);XL;refurbished;1,00;39,99;19,00;;36;0,00;36;;;2026-10-06;https://www.o2online.de/e-shop/apple/apple-iphone-15-pro-128gb-titan-blau-erneuert-details?ohne-tarif=nein&zielgruppe=privatkunden&ratenzahlung=36&vertragsart=ratenzahlung&tarif=o2-mobile-on-demand-m-plus;apple-iphone-15-pro-128gb-titan-blau-refurbished;Schätzung;Tarifgrundpreis Monat 25–36
Bündel;iPhone 15 Pro;128;o2;netzbetreiber;O2 Mobile Unlimited M mit 100 MBit/s (24 Mon.);XL;refurbished;1,00;29,99;19,00;;36;0,00;36;;;2026-10-06;https://www.o2online.de/e-shop/apple/apple-iphone-15-pro-128gb-titan-blau-erneuert-details?ohne-tarif=nein&zielgruppe=privatkunden&ratenzahlung=36&vertragsart=ratenzahlung&tarif=o2-mobile-on-demand-m-plus;apple-iphone-15-pro-128gb-titan-blau-refurbished;Schätzung;Tarifgrundpreis Monat 25–36
Bündel;iPhone 15 Pro;128;o2;netzbetreiber;O2 Mobile Unlimited M Plus mit 100 MBit/s (24 Mon.);XL;refurbished;1,00;19,99;19,00;;36;0,00;36;;;2026-10-06;https://www.o2online.de/e-shop/apple/apple-iphone-15-pro-128gb-titan-blau-erneuert-details?ohne-tarif=nein&zielgruppe=privatkunden&ratenzahlung=36&vertragsart=ratenzahlung&tarif=o2-mobile-on-demand-m-plus;apple-iphone-15-pro-128gb-titan-blau-refurbished;Schätzung;Tarifgrundpreis Monat 25–36
Bündel;iPhone 15 Pro;128;o2;netzbetreiber;O2 Mobile Unlimited S Special mit 15 MBit/s (24 Mon.);XL;refurbished;1,00;24,99;19,00;;36;39,99;36;;;2026-10-06;https://www.o2online.de/e-shop/apple/apple-iphone-15-pro-128gb-titan-blau-erneuert-details?ohne-tarif=nein&zielgruppe=privatkunden&ratenzahlung=36&vertragsart=ratenzahlung&tarif=o2-mobile-on-demand-m-plus;apple-iphone-15-pro-128gb-titan-blau-refurbished;Schätzung;Tarifgrundpreis Monat 25–36
Bündel;iPhone 15 Pro;128;o2;netzbetreiber;O2 Mobile Unlimited S Special Plus mit 15 MBit/s (24 Mon.);XL;refurbished;1,00;19,99;19,00;;36;39,99;36;;;2026-10-06;https://www.o2online.de/e-shop/apple/apple-iphone-15-pro-128gb-titan-blau-erneuert-details?ohne-tarif=nein&zielgruppe=privatkunden&ratenzahlung=36&vertragsart=ratenzahlung&tarif=o2-mobile-on-demand-m-plus;apple-iphone-15-pro-128gb-titan-blau-refurbished;Schätzung;Tarifgrundpreis Monat 25–36
Bündel;iPhone 15 Pro;128;o2;netzbetreiber;O2 Mobile L mit 150 GB+ (24 Mon.);L;neu;1,00;24,99;34,00;;36;0,00;36;;;2026-10-06;https://www.o2online.de/e-shop/apple/apple-iphone-15-pro-128gb-titan-natur-details?ohne-tarif=nein&zielgruppe=privatkunden&ratenzahlung=36&vertragsart=ratenzahlung&tarif=o2-mobile-on-demand-m-plus;apple-iphone-15-pro-128gb-titan-natur;Schätzung;Tarifgrundpreis Monat 25–36
Bündel;iPhone 15 Pro;128;o2;netzbetreiber;O2 Mobile L Plus mit 150 GB+ (24 Mon.);L;neu;1,00;19,99;34,00;;36;0,00;36;;;2026-10-06;https://www.o2online.de/e-shop/apple/apple-iphone-15-pro-128gb-titan-natur-details?ohne-tarif=nein&zielgruppe=privatkunden&ratenzahlung=36&vertragsart=ratenzahlung&tarif=o2-mobile-on-demand-m-plus;apple-iphone-15-pro-128gb-titan-natur;Schätzung;Tarifgrundpreis Monat 25–36
Bündel;iPhone 15 Pro;128;o2;netzbetreiber;O2 Mobile on Demand M mit 50 GB+ (24 Mon.);M;neu;1,00;19,99;34,00;;36;39,99;36;;;2026-10-06;https://www.o2online.de/e-shop/apple/apple-iphone-15-pro-128gb-titan-natur-details?ohne-tarif=nein&zielgruppe=privatkunden&ratenzahlung=36&vertragsart=ratenzahlung&tarif=o2-mobile-on-demand-m-plus;apple-iphone-15-pro-128gb-titan-natur;Schätzung;Tarifgrundpreis Monat 25–36
Bündel;iPhone 15 Pro;128;o2;netzbetreiber;O2 Mobile on Demand M Plus mit 50 GB+ (24 Mon.);M;neu;1,00;14,99;34,00;;36;39,99;36;;;2026-10-07;https://www.o2online.de/e-shop/apple/apple-iphone-15-pro-128gb-titan-natur-details?ohne-tarif=nein&zielgruppe=privatkunden&ratenzahlung=36&vertragsart=ratenzahlung&tarif=o2-mobile-on-demand-m-plus;apple-iphone-15-pro-128gb-titan-natur;;Tarifgrundpreis Monat 25–36
Bündel;iPhone 15 Pro;128;o2;netzbetreiber;O2 Mobile S mit 15 GB+ (24 Mon.);XS;neu;1,00;19,99;34,00;;36;39,99;36;;;2026-10-06;https://www.o2online.de/e-shop/apple/apple-iphone-15-pro-128gb-titan-natur-details?ohne-tarif=nein&zielgruppe=privatkunden&ratenzahlung=36&vertragsart=ratenzahlung&tarif=o2-mobile-on-demand-m-plus;apple-iphone-15-pro-128gb-titan-natur;Schätzung;Tarifgrundpreis Monat 25–36
Bündel;iPhone 15 Pro;128;o2;netzbetreiber;O2 Mobile Unlimited L mit 300 MBit/s (24 Mon.);XL;neu;1,00;39,99;34,00;;36;0,00;36;;;2026-10-06;https://www.o2online.de/e-shop/apple/apple-iphone-15-pro-128gb-titan-natur-details?ohne-tarif=nein&zielgruppe=privatkunden&ratenzahlung=36&vertragsart=ratenzahlung&tarif=o2-mobile-on-demand-m-plus;apple-iphone-15-pro-128gb-titan-natur;Schätzung;Tarifgrundpreis Monat 25–36
Bündel;iPhone 15 Pro;128;o2;netzbetreiber;O2 Mobile Unlimited M mit 100 MBit/s (24 Mon.);XL;neu;1,00;29,99;34,00;;36;0,00;36;;;2026-10-06;https://www.o2online.de/e-shop/apple/apple-iphone-15-pro-128gb-titan-natur-details?ohne-tarif=nein&zielgruppe=privatkunden&ratenzahlung=36&vertragsart=ratenzahlung&tarif=o2-mobile-on-demand-m-plus;apple-iphone-15-pro-128gb-titan-natur;Schätzung;Tarifgrundpreis Monat 25–36
Bündel;iPhone 15 Pro;128;o2;netzbetreiber;O2 Mobile Unlimited M Plus mit 100 MBit/s (24 Mon.);XL;neu;1,00;24,99;34,00;;36;0,00;36;;;2026-10-06;https://www.o2online.de/e-shop/apple/apple-iphone-15-pro-128gb-titan-natur-details?ohne-tarif=nein&zielgruppe=privatkunden&ratenzahlung=36&vertragsart=ratenzahlung&tarif=o2-mobile-on-demand-m-plus;apple-iphone-15-pro-128gb-titan-natur;Schätzung;Tarifgrundpreis Monat 25–36
Bündel;iPhone 15 Pro;128;o2;netzbetreiber;O2 Mobile Unlimited S Special mit 15 MBit/s (24 Mon.);XL;neu;1,00;24,99;34,00;;36;39,99;36;;;2026-10-06;https://www.o2online.de/e-shop/apple/apple-iphone-15-pro-128gb-titan-natur-details?ohne-tarif=nein&zielgruppe=privatkunden&ratenzahlung=36&vertragsart=ratenzahlung&tarif=o2-mobile-on-demand-m-plus;apple-iphone-15-pro-128gb-titan-natur;Schätzung;Tarifgrundpreis Monat 25–36
Bündel;iPhone 15 Pro;128;o2;netzbetreiber;O2 Mobile Unlimited S Special Plus mit 15 MBit/s (24 Mon.);XL;neu;1,00;19,99;34,00;;36;39,99;36;;;2026-10-06;https://www.o2online.de/e-shop/apple/apple-iphone-15-pro-128gb-titan-natur-details?ohne-tarif=nein&zielgruppe=privatkunden&ratenzahlung=36&vertragsart=ratenzahlung&tarif=o2-mobile-on-demand-m-plus;apple-iphone-15-pro-128gb-titan-natur;Schätzung;Tarifgrundpreis Monat 25–36
Bündel;iPhone 15 Pro;128;o2;netzbetreiber;O2 Mobile L mit 150 GB+ (24 Mon.);L;refurbished;1,00;24,99;19,00;;36;0,00;36;;;2026-10-07;https://www.o2online.de/e-shop/apple/apple-iphone-15-pro-128gb-titan-blau-erneuert-details?ohne-tarif=nein&zielgruppe=privatkunden&ratenzahlung=36&vertragsart=ratenzahlung&tarif=o2-mobile-on-demand-m-plus;apple-iphone-15-pro-128gb-titan-natur-refurbished;Schätzung;Tarifgrundpreis Monat 25–36
Bündel;iPhone 15 Pro;128;o2;netzbetreiber;O2 Mobile L Plus mit 150 GB+ (24 Mon.);L;refurbished;1,00;19,99;19,00;;36;0,00;36;;;2026-10-07;https://www.o2online.de/e-shop/apple/apple-iphone-15-pro-128gb-titan-blau-erneuert-details?ohne-tarif=nein&zielgruppe=privatkunden&ratenzahlung=36&vertragsart=ratenzahlung&tarif=o2-mobile-on-demand-m-plus;apple-iphone-15-pro-128gb-titan-natur-refurbished;Schätzung;Tarifgrundpreis Monat 25–36
Bündel;iPhone 15 Pro;128;o2;netzbetreiber;O2 Mobile on Demand M mit 50 GB+ (24 Mon.);M;refurbished;1,00;19,99;19,00;;36;39,99;36;;;2026-10-07;https://www.o2online.de/e-shop/apple/apple-iphone-15-pro-128gb-titan-blau-erneuert-details?ohne-tarif=nein&zielgruppe=privatkunden&ratenzahlung=36&vertragsart=ratenzahlung&tarif=o2-mobile-on-demand-m-plus;apple-iphone-15-pro-128gb-titan-natur-refurbished;Schätzung;Tarifgrundpreis Monat 25–36
Bündel;iPhone 15 Pro;128;o2;netzbetreiber;O2 Mobile on Demand M Plus mit 50 GB+ (24 Mon.);M;refurbished;1,00;14,99;19,00;;36;39,99;36;;;2026-10-07;https://www.o2online.de/e-shop/apple/apple-iphone-15-pro-128gb-titan-blau-erneuert-details?ohne-tarif=nein&zielgruppe=privatkunden&ratenzahlung=36&vertragsart=ratenzahlung&tarif=o2-mobile-on-demand-m-plus;apple-iphone-15-pro-128gb-titan-natur-refurbished;;Tarifgrundpreis Monat 25–36
Bündel;iPhone 15 Pro;128;o2;netzbetreiber;O2 Mobile S mit 15 GB+ (24 Mon.);XS;refurbished;1,00;14,99;19,00;;36;39,99;36;;;2026-10-07;https://www.o2online.de/e-shop/apple/apple-iphone-15-pro-128gb-titan-blau-erneuert-details?ohne-tarif=nein&zielgruppe=privatkunden&ratenzahlung=36&vertragsart=ratenzahlung&tarif=o2-mobile-on-demand-m-plus;apple-iphone-15-pro-128gb-titan-natur-refurbished;Schätzung;Tarifgrundpreis Monat 25–36
Bündel;iPhone 15 Pro;128;o2;netzbetreiber;O2 Mobile Unlimited L mit 300 MBit/s (24 Mon.);XL;refurbished;1,00;39,99;19,00;;36;0,00;36;;;2026-10-07;https://www.o2online.de/e-shop/apple/apple-iphone-15-pro-128gb-titan-blau-erneuert-details?ohne-tarif=nein&zielgruppe=privatkunden&ratenzahlung=36&vertragsart=ratenzahlung&tarif=o2-mobile-on-demand-m-plus;apple-iphone-15-pro-128gb-titan-natur-refurbished;Schätzung;Tarifgrundpreis Monat 25–36
Bündel;iPhone 15 Pro;128;o2;netzbetreiber;O2 Mobile Unlimited M mit 100 MBit/s (24 Mon.);XL;refurbished;1,00;29,99;19,00;;36;0,00;36;;;2026-10-07;https://www.o2online.de/e-shop/apple/apple-iphone-15-pro-128gb-titan-blau-erneuert-details?ohne-tarif=nein&zielgruppe=privatkunden&ratenzahlung=36&vertragsart=ratenzahlung&tarif=o2-mobile-on-demand-m-plus;apple-iphone-15-pro-128gb-titan-natur-refurbished;Schätzung;Tarifgrundpreis Monat 25–36
Bündel;iPhone 15 Pro;128;o2;netzbetreiber;O2 Mobile Unlimited M Plus mit 100 MBit/s (24 Mon.);XL;refurbished;1,00;19,99;19,00;;36;0,00;36;;;2026-10-07;https://www.o2online.de/e-shop/apple/apple-iphone-15-pro-128gb-titan-blau-erneuert-details?ohne-tarif=nein&zielgruppe=privatkunden&ratenzahlung=36&vertragsart=ratenzahlung&tarif=o2-mobile-on-demand-m-plus;apple-iphone-15-pro-128gb-titan-natur-refurbished;Schätzung;Tarifgrundpreis Monat 25–36
Bündel;iPhone 15 Pro;128;o2;netzbetreiber;O2 Mobile Unlimited S Special mit 15 MBit/s (24 Mon.);XL;refurbished;1,00;24,99;19,00;;36;39,99;36;;;2026-10-07;https://www.o2online.de/e-shop/apple/apple-iphone-15-pro-128gb-titan-blau-erneuert-details?ohne-tarif=nein&zielgruppe=privatkunden&ratenzahlung=36&vertragsart=ratenzahlung&tarif=o2-mobile-on-demand-m-plus;apple-iphone-15-pro-128gb-titan-natur-refurbished;Schätzung;Tarifgrundpreis Monat 25–36
Bündel;iPhone 15 Pro;128;o2;netzbetreiber;O2 Mobile Unlimited S Special Plus mit 15 MBit/s (24 Mon.);XL;refurbished;1,00;19,99;19,00;;36;39,99;36;;;2026-10-07;https://www.o2online.de/e-shop/apple/apple-iphone-15-pro-128gb-titan-blau-erneuert-details?ohne-tarif=nein&zielgruppe=privatkunden&ratenzahlung=36&vertragsart=ratenzahlung&tarif=o2-mobile-on-demand-m-plus;apple-iphone-15-pro-128gb-titan-natur-refurbished;Schätzung;Tarifgrundpreis Monat 25–36
Bündel;iPhone 15 Pro Max;256;o2;netzbetreiber;O2 Mobile L mit 150 GB+ (24 Mon.);L;neu;37,00;24,99;40,00;;36;0,00;36;;;2026-10-06;https://www.o2online.de/e-shop/apple/apple-iphone-15-pro-max-256gb-titan-schwarz-details?ohne-tarif=nein&zielgruppe=privatkunden&ratenzahlung=36&vertragsart=ratenzahlung&tarif=o2-mobile-on-demand-m-plus;apple-iphone-15-pro-max-256gb-titan-schwarz;Schätzung;Tarifgrundpreis Monat 25–36
Bündel;iPhone 15 Pro Max;256;o2;netzbetreiber;O2 Mobile L Plus mit 150 GB+ (24 Mon.);L;neu;37,00;19,99;40,00;;36;0,00;36;;;2026-10-06;https://www.o2online.de/e-shop/apple/apple-iphone-15-pro-max-256gb-titan-schwarz-details?ohne-tarif=nein&zielgruppe=privatkunden&ratenzahlung=36&vertragsart=ratenzahlung&tarif=o2-mobile-on-demand-m-plus;apple-iphone-15-pro-max-256gb-titan-schwarz;Schätzung;Tarifgrundpreis Monat 25–36
Bündel;iPhone 15 Pro Max;256;o2;netzbetreiber;O2 Mobile on Demand M mit 50 GB+ (24 Mon.);M;neu;37,00;19,99;40,00;;36;39,99;36;;;2026-10-06;https://www.o2online.de/e-shop/apple/apple-iphone-15-pro-max-256gb-titan-schwarz-details?ohne-tarif=nein&zielgruppe=privatkunden&ratenzahlung=36&vertragsart=ratenzahlung&tarif=o2-mobile-on-demand-m-plus;apple-iphone-15-pro-max-256gb-titan-schwarz;Schätzung;Tarifgrundpreis Monat 25–36
Bündel;iPhone 15 Pro Max;256;o2;netzbetreiber;O2 Mobile on Demand M Plus mit 50 GB+ (24 Mon.);M;neu;37,00;14,99;40,00;;36;39,99;36;;;2026-10-07;https://www.o2online.de/e-shop/apple/apple-iphone-15-pro-max-256gb-titan-schwarz-details?ohne-tarif=nein&zielgruppe=privatkunden&ratenzahlung=36&vertragsart=ratenzahlung&tarif=o2-mobile-on-demand-m-plus;apple-iphone-15-pro-max-256gb-titan-schwarz;;Tarifgrundpreis Monat 25–36
Bündel;iPhone 15 Pro Max;256;o2;netzbetreiber;O2 Mobile S mit 15 GB+ (24 Mon.);XS;neu;37,00;19,99;40,00;;36;39,99;36;;;2026-10-06;https://www.o2online.de/e-shop/apple/apple-iphone-15-pro-max-256gb-titan-schwarz-details?ohne-tarif=nein&zielgruppe=privatkunden&ratenzahlung=36&vertragsart=ratenzahlung&tarif=o2-mobile-on-demand-m-plus;apple-iphone-15-pro-max-256gb-titan-schwarz;Schätzung;Tarifgrundpreis Monat 25–36
Bündel;iPhone 15 Pro Max;256;o2;netzbetreiber;O2 Mobile Unlimited L mit 300 MBit/s (24 Mon.);XL;neu;37,00;39,99;40,00;;36;0,00;36;;;2026-10-06;https://www.o2online.de/e-shop/apple/apple-iphone-15-pro-max-256gb-titan-schwarz-details?ohne-tarif=nein&zielgruppe=privatkunden&ratenzahlung=36&vertragsart=ratenzahlung&tarif=o2-mobile-on-demand-m-plus;apple-iphone-15-pro-max-256gb-titan-schwarz;Schätzung;Tarifgrundpreis Monat 25–36
Bündel;iPhone 15 Pro Max;256;o2;netzbetreiber;O2 Mobile Unlimited M mit 100 MBit/s (24 Mon.);XL;neu;37,00;29,99;40,00;;36;0,00;36;;;2026-10-06;https://www.o2online.de/e-shop/apple/apple-iphone-15-pro-max-256gb-titan-schwarz-details?ohne-tarif=nein&zielgruppe=privatkunden&ratenzahlung=36&vertragsart=ratenzahlung&tarif=o2-mobile-on-demand-m-plus;apple-iphone-15-pro-max-256gb-titan-schwarz;Schätzung;Tarifgrundpreis Monat 25–36
Bündel;iPhone 15 Pro Max;256;o2;netzbetreiber;O2 Mobile Unlimited M Plus mit 100 MBit/s (24 Mon.);XL;neu;37,00;24,99;40,00;;36;0,00;36;;;2026-10-06;https://www.o2online.de/e-shop/apple/apple-iphone-15-pro-max-256gb-titan-schwarz-details?ohne-tarif=nein&zielgruppe=privatkunden&ratenzahlung=36&vertragsart=ratenzahlung&tarif=o2-mobile-on-demand-m-plus;apple-iphone-15-pro-max-256gb-titan-schwarz;Schätzung;Tarifgrundpreis Monat 25–36
Bündel;iPhone 15 Pro Max;256;o2;netzbetreiber;O2 Mobile Unlimited S Special mit 15 MBit/s (24 Mon.);XL;neu;37,00;24,99;40,00;;36;39,99;36;;;2026-10-06;https://www.o2online.de/e-shop/apple/apple-iphone-15-pro-max-256gb-titan-schwarz-details?ohne-tarif=nein&zielgruppe=privatkunden&ratenzahlung=36&vertragsart=ratenzahlung&tarif=o2-mobile-on-demand-m-plus;apple-iphone-15-pro-max-256gb-titan-schwarz;Schätzung;Tarifgrundpreis Monat 25–36
Bündel;iPhone 15 Pro Max;256;o2;netzbetreiber;O2 Mobile Unlimited S Special Plus mit 15 MBit/s (24 Mon.);XL;neu;37,00;19,99;40,00;;36;39,99;36;;;2026-10-06;https://www.o2online.de/e-shop/apple/apple-iphone-15-pro-max-256gb-titan-schwarz-details?ohne-tarif=nein&zielgruppe=privatkunden&ratenzahlung=36&vertragsart=ratenzahlung&tarif=o2-mobile-on-demand-m-plus;apple-iphone-15-pro-max-256gb-titan-schwarz;Schätzung;Tarifgrundpreis Monat 25–36
Bündel;iPhone 16;128;o2;netzbetreiber;O2 Mobile L mit 150 GB+ (24 Mon.);L;refurbished;13,00;24,99;19,00;;36;0,00;36;;;2026-10-06;https://www.o2online.de/e-shop/apple/apple-iphone-16-128gb-blau-erneuert-details?ohne-tarif=nein&zielgruppe=privatkunden&ratenzahlung=36&vertragsart=ratenzahlung&tarif=o2-mobile-on-demand-m-plus;apple-iphone-16-128gb-blau-refurbished;Schätzung;Tarifgrundpreis Monat 25–36
Bündel;iPhone 16;128;o2;netzbetreiber;O2 Mobile L Plus mit 150 GB+ (24 Mon.);L;refurbished;13,00;19,99;19,00;;36;0,00;36;;;2026-10-06;https://www.o2online.de/e-shop/apple/apple-iphone-16-128gb-blau-erneuert-details?ohne-tarif=nein&zielgruppe=privatkunden&ratenzahlung=36&vertragsart=ratenzahlung&tarif=o2-mobile-on-demand-m-plus;apple-iphone-16-128gb-blau-refurbished;Schätzung;Tarifgrundpreis Monat 25–36
Bündel;iPhone 16;128;o2;netzbetreiber;O2 Mobile on Demand M mit 50 GB+ (24 Mon.);M;refurbished;13,00;19,99;19,00;;36;39,99;36;;;2026-10-06;https://www.o2online.de/e-shop/apple/apple-iphone-16-128gb-blau-erneuert-details?ohne-tarif=nein&zielgruppe=privatkunden&ratenzahlung=36&vertragsart=ratenzahlung&tarif=o2-mobile-on-demand-m-plus;apple-iphone-16-128gb-blau-refurbished;Schätzung;Tarifgrundpreis Monat 25–36
Bündel;iPhone 16;128;o2;netzbetreiber;O2 Mobile on Demand M Plus mit 50 GB+ (24 Mon.);M;refurbished;13,00;14,99;19,00;;36;39,99;36;;;2026-10-07;https://www.o2online.de/e-shop/apple/apple-iphone-16-128gb-blau-erneuert-details?ohne-tarif=nein&zielgruppe=privatkunden&ratenzahlung=36&vertragsart=ratenzahlung&tarif=o2-mobile-on-demand-m-plus;apple-iphone-16-128gb-blau-refurbished;;Tarifgrundpreis Monat 25–36
Bündel;iPhone 16;128;o2;netzbetreiber;O2 Mobile S mit 15 GB+ (24 Mon.);XS;refurbished;13,00;14,99;19,00;;36;39,99;36;;;2026-10-06;https://www.o2online.de/e-shop/apple/apple-iphone-16-128gb-blau-erneuert-details?ohne-tarif=nein&zielgruppe=privatkunden&ratenzahlung=36&vertragsart=ratenzahlung&tarif=o2-mobile-on-demand-m-plus;apple-iphone-16-128gb-blau-refurbished;Schätzung;Tarifgrundpreis Monat 25–36
Bündel;iPhone 16;128;o2;netzbetreiber;O2 Mobile Unlimited L mit 300 MBit/s (24 Mon.);XL;refurbished;13,00;39,99;19,00;;36;0,00;36;;;2026-10-06;https://www.o2online.de/e-shop/apple/apple-iphone-16-128gb-blau-erneuert-details?ohne-tarif=nein&zielgruppe=privatkunden&ratenzahlung=36&vertragsart=ratenzahlung&tarif=o2-mobile-on-demand-m-plus;apple-iphone-16-128gb-blau-refurbished;Schätzung;Tarifgrundpreis Monat 25–36
Bündel;iPhone 16;128;o2;netzbetreiber;O2 Mobile Unlimited M mit 100 MBit/s (24 Mon.);XL;refurbished;13,00;29,99;19,00;;36;0,00;36;;;2026-10-06;https://www.o2online.de/e-shop/apple/apple-iphone-16-128gb-blau-erneuert-details?ohne-tarif=nein&zielgruppe=privatkunden&ratenzahlung=36&vertragsart=ratenzahlung&tarif=o2-mobile-on-demand-m-plus;apple-iphone-16-128gb-blau-refurbished;Schätzung;Tarifgrundpreis Monat 25–36
Bündel;iPhone 16;128;o2;netzbetreiber;O2 Mobile Unlimited M Plus mit 100 MBit/s (24 Mon.);XL;refurbished;13,00;19,99;19,00;;36;0,00;36;;;2026-10-06;https://www.o2online.de/e-shop/apple/apple-iphone-16-128gb-blau-erneuert-details?ohne-tarif=nein&zielgruppe=privatkunden&ratenzahlung=36&vertragsart=ratenzahlung&tarif=o2-mobile-on-demand-m-plus;apple-iphone-16-128gb-blau-refurbished;Schätzung;Tarifgrundpreis Monat 25–36
Bündel;iPhone 16;128;o2;netzbetreiber;O2 Mobile Unlimited S Special mit 15 MBit/s (24 Mon.);XL;refurbished;13,00;24,99;19,00;;36;39,99;36;;;2026-10-06;https://www.o2online.de/e-shop/apple/apple-iphone-16-128gb-blau-erneuert-details?ohne-tarif=nein&zielgruppe=privatkunden&ratenzahlung=36&vertragsart=ratenzahlung&tarif=o2-mobile-on-demand-m-plus;apple-iphone-16-128gb-blau-refurbished;Schätzung;Tarifgrundpreis Monat 25–36
Bündel;iPhone 16;128;o2;netzbetreiber;O2 Mobile Unlimited S Special Plus mit 15 MBit/s (24 Mon.);XL;refurbished;13,00;19,99;19,00;;36;39,99;36;;;2026-10-06;https://www.o2online.de/e-shop/apple/apple-iphone-16-128gb-blau-erneuert-details?ohne-tarif=nein&zielgruppe=privatkunden&ratenzahlung=36&vertragsart=ratenzahlung&tarif=o2-mobile-on-demand-m-plus;apple-iphone-16-128gb-blau-refurbished;Schätzung;Tarifgrundpreis Monat 25–36
Bündel;iPhone 16;128;o2;netzbetreiber;O2 Mobile L mit 150 GB+ (24 Mon.);L;neu;1,00;24,99;25,00;;36;0,00;36;;;2026-10-06;https://www.o2online.de/e-shop/apple/apple-iphone-16-128gb-schwarz-details?ohne-tarif=nein&zielgruppe=privatkunden&ratenzahlung=36&vertragsart=ratenzahlung&tarif=o2-mobile-on-demand-m-plus;apple-iphone-16-128gb-rosa;Schätzung;Tarifgrundpreis Monat 25–36
Bündel;iPhone 16;128;o2;netzbetreiber;O2 Mobile L Plus mit 150 GB+ (24 Mon.);L;neu;1,00;19,99;25,00;;36;0,00;36;;;2026-10-06;https://www.o2online.de/e-shop/apple/apple-iphone-16-128gb-schwarz-details?ohne-tarif=nein&zielgruppe=privatkunden&ratenzahlung=36&vertragsart=ratenzahlung&tarif=o2-mobile-on-demand-m-plus;apple-iphone-16-128gb-rosa;Schätzung;Tarifgrundpreis Monat 25–36
Bündel;iPhone 16;128;o2;netzbetreiber;O2 Mobile on Demand M mit 50 GB+ (24 Mon.);M;neu;1,00;19,99;25,00;;36;39,99;36;;;2026-10-06;https://www.o2online.de/e-shop/apple/apple-iphone-16-128gb-schwarz-details?ohne-tarif=nein&zielgruppe=privatkunden&ratenzahlung=36&vertragsart=ratenzahlung&tarif=o2-mobile-on-demand-m-plus;apple-iphone-16-128gb-rosa;Schätzung;Tarifgrundpreis Monat 25–36
Bündel;iPhone 16;128;o2;netzbetreiber;O2 Mobile on Demand M Plus mit 50 GB+ (24 Mon.);M;neu;1,00;14,99;25,00;;36;39,99;36;;;2026-10-06;https://www.o2online.de/e-shop/apple/apple-iphone-16-128gb-schwarz-details?ohne-tarif=nein&zielgruppe=privatkunden&ratenzahlung=36&vertragsart=ratenzahlung&tarif=o2-mobile-on-demand-m-plus;apple-iphone-16-128gb-rosa;;Tarifgrundpreis Monat 25–36
Bündel;iPhone 16;128;o2;netzbetreiber;O2 Mobile S mit 15 GB+ (24 Mon.);XS;neu;1,00;14,99;25,00;;36;39,99;36;;;2026-10-06;https://www.o2online.de/e-shop/apple/apple-iphone-16-128gb-schwarz-details?ohne-tarif=nein&zielgruppe=privatkunden&ratenzahlung=36&vertragsart=ratenzahlung&tarif=o2-mobile-on-demand-m-plus;apple-iphone-16-128gb-rosa;Schätzung;Tarifgrundpreis Monat 25–36
Bündel;iPhone 16;128;o2;netzbetreiber;O2 Mobile Unlimited L mit 300 MBit/s (24 Mon.);XL;neu;1,00;39,99;25,00;;36;0,00;36;;;2026-10-06;https://www.o2online.de/e-shop/apple/apple-iphone-16-128gb-schwarz-details?ohne-tarif=nein&zielgruppe=privatkunden&ratenzahlung=36&vertragsart=ratenzahlung&tarif=o2-mobile-on-demand-m-plus;apple-iphone-16-128gb-rosa;Schätzung;Tarifgrundpreis Monat 25–36
Bündel;iPhone 16;128;o2;netzbetreiber;O2 Mobile Unlimited M mit 100 MBit/s (24 Mon.);XL;neu;1,00;29,99;25,00;;36;0,00;36;;;2026-10-06;https://www.o2online.de/e-shop/apple/apple-iphone-16-128gb-schwarz-details?ohne-tarif=nein&zielgruppe=privatkunden&ratenzahlung=36&vertragsart=ratenzahlung&tarif=o2-mobile-on-demand-m-plus;apple-iphone-16-128gb-rosa;Schätzung;Tarifgrundpreis Monat 25–36
Bündel;iPhone 16;128;o2;netzbetreiber;O2 Mobile Unlimited M Plus mit 100 MBit/s (24 Mon.);XL;neu;1,00;19,99;25,00;;36;0,00;36;;;2026-10-06;https://www.o2online.de/e-shop/apple/apple-iphone-16-128gb-schwarz-details?ohne-tarif=nein&zielgruppe=privatkunden&ratenzahlung=36&vertragsart=ratenzahlung&tarif=o2-mobile-on-demand-m-plus;apple-iphone-16-128gb-rosa;Schätzung;Tarifgrundpreis Monat 25–36
Bündel;iPhone 16;128;o2;netzbetreiber;O2 Mobile Unlimited S Special mit 15 MBit/s (24 Mon.);XL;neu;1,00;24,99;25,00;;36;39,99;36;;;2026-10-06;https://www.o2online.de/e-shop/apple/apple-iphone-16-128gb-schwarz-details?ohne-tarif=nein&zielgruppe=privatkunden&ratenzahlung=36&vertragsart=ratenzahlung&tarif=o2-mobile-on-demand-m-plus;apple-iphone-16-128gb-rosa;Schätzung;Tarifgrundpreis Monat 25–36
Bündel;iPhone 16;128;o2;netzbetreiber;O2 Mobile Unlimited S Special Plus mit 15 MBit/s (24 Mon.);XL;neu;1,00;19,99;25,00;;36;39,99;36;;;2026-10-06;https://www.o2online.de/e-shop/apple/apple-iphone-16-128gb-schwarz-details?ohne-tarif=nein&zielgruppe=privatkunden&ratenzahlung=36&vertragsart=ratenzahlung&tarif=o2-mobile-on-demand-m-plus;apple-iphone-16-128gb-rosa;Schätzung;Tarifgrundpreis Monat 25–36
Bündel;iPhone 16;128;o2;netzbetreiber;O2 Mobile L mit 150 GB+ (24 Mon.);L;neu;1,00;24,99;25,00;;36;0,00;36;;;2026-10-05;https://www.o2online.de/e-shop/apple/apple-iphone-16-128gb-schwarz-details?ohne-tarif=nein&zielgruppe=privatkunden&ratenzahlung=36&vertragsart=ratenzahlung&tarif=o2-mobile-on-demand-m-plus;apple-iphone-16-128gb-schwarz;Schätzung;Tarifgrundpreis Monat 25–36
Bündel;iPhone 16;128;o2;netzbetreiber;O2 Mobile L Plus mit 150 GB+ (24 Mon.);L;neu;1,00;19,99;25,00;;36;0,00;36;;;2026-10-05;https://www.o2online.de/e-shop/apple/apple-iphone-16-128gb-schwarz-details?ohne-tarif=nein&zielgruppe=privatkunden&ratenzahlung=36&vertragsart=ratenzahlung&tarif=o2-mobile-on-demand-m-plus;apple-iphone-16-128gb-schwarz;Schätzung;Tarifgrundpreis Monat 25–36
Bündel;iPhone 16;128;o2;netzbetreiber;O2 Mobile on Demand M mit 50 GB+ (24 Mon.);M;neu;1,00;19,99;25,00;;36;39,99;36;;;2026-10-05;https://www.o2online.de/e-shop/apple/apple-iphone-16-128gb-schwarz-details?ohne-tarif=nein&zielgruppe=privatkunden&ratenzahlung=36&vertragsart=ratenzahlung&tarif=o2-mobile-on-demand-m-plus;apple-iphone-16-128gb-schwarz;Schätzung;Tarifgrundpreis Monat 25–36
Bündel;iPhone 16;128;o2;netzbetreiber;O2 Mobile on Demand M Plus mit 50 GB+ (24 Mon.);M;neu;1,00;14,99;25,00;;36;39,99;36;;;2026-10-07;https://www.o2online.de/e-shop/apple/apple-iphone-16-128gb-schwarz-details?ohne-tarif=nein&zielgruppe=privatkunden&ratenzahlung=36&vertragsart=ratenzahlung&tarif=o2-mobile-on-demand-m-plus;apple-iphone-16-128gb-schwarz;;Tarifgrundpreis Monat 25–36
Bündel;iPhone 16;128;o2;netzbetreiber;O2 Mobile S mit 15 GB+ (24 Mon.);XS;neu;1,00;14,99;25,00;;36;39,99;36;;;2026-10-05;https://www.o2online.de/e-shop/apple/apple-iphone-16-128gb-schwarz-details?ohne-tarif=nein&zielgruppe=privatkunden&ratenzahlung=36&vertragsart=ratenzahlung&tarif=o2-mobile-on-demand-m-plus;apple-iphone-16-128gb-schwarz;Schätzung;Tarifgrundpreis Monat 25–36
Bündel;iPhone 16;128;o2;netzbetreiber;O2 Mobile Unlimited L mit 300 MBit/s (24 Mon.);XL;neu;1,00;39,99;25,00;;36;0,00;36;;;2026-10-05;https://www.o2online.de/e-shop/apple/apple-iphone-16-128gb-schwarz-details?ohne-tarif=nein&zielgruppe=privatkunden&ratenzahlung=36&vertragsart=ratenzahlung&tarif=o2-mobile-on-demand-m-plus;apple-iphone-16-128gb-schwarz;Schätzung;Tarifgrundpreis Monat 25–36
Bündel;iPhone 16;128;o2;netzbetreiber;O2 Mobile Unlimited M mit 100 MBit/s (24 Mon.);XL;neu;1,00;29,99;25,00;;36;0,00;36;;;2026-10-05;https://www.o2online.de/e-shop/apple/apple-iphone-16-128gb-schwarz-details?ohne-tarif=nein&zielgruppe=privatkunden&ratenzahlung=36&vertragsart=ratenzahlung&tarif=o2-mobile-on-demand-m-plus;apple-iphone-16-128gb-schwarz;Schätzung;Tarifgrundpreis Monat 25–36
Bündel;iPhone 16;128;o2;netzbetreiber;O2 Mobile Unlimited M Plus mit 100 MBit/s (24 Mon.);XL;neu;1,00;19,99;25,00;;36;0,00;36;;;2026-10-05;https://www.o2online.de/e-shop/apple/apple-iphone-16-128gb-schwarz-details?ohne-tarif=nein&zielgruppe=privatkunden&ratenzahlung=36&vertragsart=ratenzahlung&tarif=o2-mobile-on-demand-m-plus;apple-iphone-16-128gb-schwarz;Schätzung;Tarifgrundpreis Monat 25–36
Bündel;iPhone 16;128;o2;netzbetreiber;O2 Mobile Unlimited S Special mit 15 MBit/s (24 Mon.);XL;neu;1,00;24,99;25,00;;36;39,99;36;;;2026-10-05;https://www.o2online.de/e-shop/apple/apple-iphone-16-128gb-schwarz-details?ohne-tarif=nein&zielgruppe=privatkunden&ratenzahlung=36&vertragsart=ratenzahlung&tarif=o2-mobile-on-demand-m-plus;apple-iphone-16-128gb-schwarz;Schätzung;Tarifgrundpreis Monat 25–36
Bündel;iPhone 16;128;o2;netzbetreiber;O2 Mobile Unlimited S Special Plus mit 15 MBit/s (24 Mon.);XL;neu;1,00;19,99;25,00;;36;39,99;36;;;2026-10-05;https://www.o2online.de/e-shop/apple/apple-iphone-16-128gb-schwarz-details?ohne-tarif=nein&zielgruppe=privatkunden&ratenzahlung=36&vertragsart=ratenzahlung&tarif=o2-mobile-on-demand-m-plus;apple-iphone-16-128gb-schwarz;Schätzung;Tarifgrundpreis Monat 25–36
Bündel;iPhone 16 Plus;128;o2;netzbetreiber;O2 Mobile L mit 150 GB+ (24 Mon.);L;neu;1,00;24,99;27,50;;36;0,00;36;;;2026-10-06;https://www.o2online.de/e-shop/apple/apple-iphone-16-plus-128gb-ultramarin-details?ohne-tarif=nein&zielgruppe=privatkunden&ratenzahlung=36&vertragsart=ratenzahlung&tarif=o2-mobile-on-demand-m-plus;apple-iphone-16-plus-128gb-blau;Schätzung;Tarifgrundpreis Monat 25–36
Bündel;iPhone 16 Plus;128;o2;netzbetreiber;O2 Mobile L Plus mit 150 GB+ (24 Mon.);L;neu;1,00;19,99;27,50;;36;0,00;36;;;2026-10-06;https://www.o2online.de/e-shop/apple/apple-iphone-16-plus-128gb-ultramarin-details?ohne-tarif=nein&zielgruppe=privatkunden&ratenzahlung=36&vertragsart=ratenzahlung&tarif=o2-mobile-on-demand-m-plus;apple-iphone-16-plus-128gb-blau;Schätzung;Tarifgrundpreis Monat 25–36
Bündel;iPhone 16 Plus;128;o2;netzbetreiber;O2 Mobile on Demand M mit 50 GB+ (24 Mon.);M;neu;1,00;19,99;27,50;;36;39,99;36;;;2026-10-06;https://www.o2online.de/e-shop/apple/apple-iphone-16-plus-128gb-ultramarin-details?ohne-tarif=nein&zielgruppe=privatkunden&ratenzahlung=36&vertragsart=ratenzahlung&tarif=o2-mobile-on-demand-m-plus;apple-iphone-16-plus-128gb-blau;Schätzung;Tarifgrundpreis Monat 25–36
Bündel;iPhone 16 Plus;128;o2;netzbetreiber;O2 Mobile on Demand M Plus mit 50 GB+ (24 Mon.);M;neu;1,00;14,99;27,50;;36;39,99;36;;;2026-10-07;https://www.o2online.de/e-shop/apple/apple-iphone-16-plus-128gb-ultramarin-details?ohne-tarif=nein&zielgruppe=privatkunden&ratenzahlung=36&vertragsart=ratenzahlung&tarif=o2-mobile-on-demand-m-plus;apple-iphone-16-plus-128gb-blau;;Tarifgrundpreis Monat 25–36
Bündel;iPhone 16 Plus;128;o2;netzbetreiber;O2 Mobile S mit 15 GB+ (24 Mon.);XS;neu;1,00;14,99;27,50;;36;39,99;36;;;2026-10-06;https://www.o2online.de/e-shop/apple/apple-iphone-16-plus-128gb-ultramarin-details?ohne-tarif=nein&zielgruppe=privatkunden&ratenzahlung=36&vertragsart=ratenzahlung&tarif=o2-mobile-on-demand-m-plus;apple-iphone-16-plus-128gb-blau;Schätzung;Tarifgrundpreis Monat 25–36
Bündel;iPhone 16 Plus;128;o2;netzbetreiber;O2 Mobile Unlimited L mit 300 MBit/s (24 Mon.);XL;neu;1,00;39,99;27,50;;36;0,00;36;;;2026-10-06;https://www.o2online.de/e-shop/apple/apple-iphone-16-plus-128gb-ultramarin-details?ohne-tarif=nein&zielgruppe=privatkunden&ratenzahlung=36&vertragsart=ratenzahlung&tarif=o2-mobile-on-demand-m-plus;apple-iphone-16-plus-128gb-blau;Schätzung;Tarifgrundpreis Monat 25–36
Bündel;iPhone 16 Plus;128;o2;netzbetreiber;O2 Mobile Unlimited M mit 100 MBit/s (24 Mon.);XL;neu;1,00;29,99;27,50;;36;0,00;36;;;2026-10-06;https://www.o2online.de/e-shop/apple/apple-iphone-16-plus-128gb-ultramarin-details?ohne-tarif=nein&zielgruppe=privatkunden&ratenzahlung=36&vertragsart=ratenzahlung&tarif=o2-mobile-on-demand-m-plus;apple-iphone-16-plus-128gb-blau;Schätzung;Tarifgrundpreis Monat 25–36
Bündel;iPhone 16 Plus;128;o2;netzbetreiber;O2 Mobile Unlimited M Plus mit 100 MBit/s (24 Mon.);XL;neu;1,00;19,99;27,50;;36;0,00;36;;;2026-10-06;https://www.o2online.de/e-shop/apple/apple-iphone-16-plus-128gb-ultramarin-details?ohne-tarif=nein&zielgruppe=privatkunden&ratenzahlung=36&vertragsart=ratenzahlung&tarif=o2-mobile-on-demand-m-plus;apple-iphone-16-plus-128gb-blau;Schätzung;Tarifgrundpreis Monat 25–36
Bündel;iPhone 16 Plus;128;o2;netzbetreiber;O2 Mobile Unlimited S Special mit 15 MBit/s (24 Mon.);XL;neu;1,00;24,99;27,50;;36;39,99;36;;;2026-10-06;https://www.o2online.de/e-shop/apple/apple-iphone-16-plus-128gb-ultramarin-details?ohne-tarif=nein&zielgruppe=privatkunden&ratenzahlung=36&vertragsart=ratenzahlung&tarif=o2-mobile-on-demand-m-plus;apple-iphone-16-plus-128gb-blau;Schätzung;Tarifgrundpreis Monat 25–36
Bündel;iPhone 16 Plus;128;o2;netzbetreiber;O2 Mobile Unlimited S Special Plus mit 15 MBit/s (24 Mon.);XL;neu;1,00;19,99;27,50;;36;39,99;36;;;2026-10-06;https://www.o2online.de/e-shop/apple/apple-iphone-16-plus-128gb-ultramarin-details?ohne-tarif=nein&zielgruppe=privatkunden&ratenzahlung=36&vertragsart=ratenzahlung&tarif=o2-mobile-on-demand-m-plus;apple-iphone-16-plus-128gb-blau;Schätzung;Tarifgrundpreis Monat 25–36
Bündel;iPhone 16 Plus;128;o2;netzbetreiber;O2 Mobile L mit 150 GB+ (24 Mon.);L;neu;1,00;24,99;27,50;;36;0,00;36;;;2026-09-29;https://www.o2online.de/e-shop/apple/apple-iphone-16-plus-128gb-schwarz-details?ohne-tarif=nein&zielgruppe=privatkunden&ratenzahlung=36&vertragsart=ratenzahlung&tarif=o2-mobile-on-demand-m-plus;apple-iphone-16-plus-128gb-schwarz;Schätzung;Tarifgrundpreis Monat 25–36
Bündel;iPhone 16 Plus;128;o2;netzbetreiber;O2 Mobile L Plus mit 150 GB+ (24 Mon.);L;neu;1,00;19,99;27,50;;36;0,00;36;;;2026-09-29;https://www.o2online.de/e-shop/apple/apple-iphone-16-plus-128gb-schwarz-details?ohne-tarif=nein&zielgruppe=privatkunden&ratenzahlung=36&vertragsart=ratenzahlung&tarif=o2-mobile-on-demand-m-plus;apple-iphone-16-plus-128gb-schwarz;Schätzung;Tarifgrundpreis Monat 25–36
Bündel;iPhone 16 Plus;128;o2;netzbetreiber;O2 Mobile on Demand M mit 50 GB+ (24 Mon.);M;neu;1,00;19,99;27,50;;36;39,99;36;;;2026-09-29;https://www.o2online.de/e-shop/apple/apple-iphone-16-plus-128gb-schwarz-details?ohne-tarif=nein&zielgruppe=privatkunden&ratenzahlung=36&vertragsart=ratenzahlung&tarif=o2-mobile-on-demand-m-plus;apple-iphone-16-plus-128gb-schwarz;Schätzung;Tarifgrundpreis Monat 25–36
Bündel;iPhone 16 Plus;128;o2;netzbetreiber;O2 Mobile on Demand M Plus mit 50 GB+ (24 Mon.);M;neu;1,00;14,99;27,50;;36;39,99;36;;;2026-09-30;https://www.o2online.de/e-shop/apple/apple-iphone-16-plus-128gb-schwarz-details?ohne-tarif=nein&zielgruppe=privatkunden&ratenzahlung=36&vertragsart=ratenzahlung&tarif=o2-mobile-on-demand-m-plus;apple-iphone-16-plus-128gb-schwarz;veraltet;Tarifgrundpreis Monat 25–36
Bündel;iPhone 16 Plus;128;o2;netzbetreiber;O2 Mobile S mit 15 GB+ (24 Mon.);XS;neu;1,00;14,99;27,50;;36;39,99;36;;;2026-09-29;https://www.o2online.de/e-shop/apple/apple-iphone-16-plus-128gb-schwarz-details?ohne-tarif=nein&zielgruppe=privatkunden&ratenzahlung=36&vertragsart=ratenzahlung&tarif=o2-mobile-on-demand-m-plus;apple-iphone-16-plus-128gb-schwarz;Schätzung;Tarifgrundpreis Monat 25–36
Bündel;iPhone 16 Plus;128;o2;netzbetreiber;O2 Mobile Unlimited L mit 300 MBit/s (24 Mon.);XL;neu;1,00;39,99;27,50;;36;0,00;36;;;2026-09-29;https://www.o2online.de/e-shop/apple/apple-iphone-16-plus-128gb-schwarz-details?ohne-tarif=nein&zielgruppe=privatkunden&ratenzahlung=36&vertragsart=ratenzahlung&tarif=o2-mobile-on-demand-m-plus;apple-iphone-16-plus-128gb-schwarz;Schätzung;Tarifgrundpreis Monat 25–36
Bündel;iPhone 16 Plus;128;o2;netzbetreiber;O2 Mobile Unlimited M mit 100 MBit/s (24 Mon.);XL;neu;1,00;29,99;27,50;;36;0,00;36;;;2026-09-29;https://www.o2online.de/e-shop/apple/apple-iphone-16-plus-128gb-schwarz-details?ohne-tarif=nein&zielgruppe=privatkunden&ratenzahlung=36&vertragsart=ratenzahlung&tarif=o2-mobile-on-demand-m-plus;apple-iphone-16-plus-128gb-schwarz;Schätzung;Tarifgrundpreis Monat 25–36
Bündel;iPhone 16 Plus;128;o2;netzbetreiber;O2 Mobile Unlimited M Plus mit 100 MBit/s (24 Mon.);XL;neu;1,00;19,99;27,50;;36;0,00;36;;;2026-09-29;https://www.o2online.de/e-shop/apple/apple-iphone-16-plus-128gb-schwarz-details?ohne-tarif=nein&zielgruppe=privatkunden&ratenzahlung=36&vertragsart=ratenzahlung&tarif=o2-mobile-on-demand-m-plus;apple-iphone-16-plus-128gb-schwarz;Schätzung;Tarifgrundpreis Monat 25–36
Bündel;iPhone 16 Plus;128;o2;netzbetreiber;O2 Mobile Unlimited S Special mit 15 MBit/s (24 Mon.);XL;neu;1,00;24,99;27,50;;36;39,99;36;;;2026-09-29;https://www.o2online.de/e-shop/apple/apple-iphone-16-plus-128gb-schwarz-details?ohne-tarif=nein&zielgruppe=privatkunden&ratenzahlung=36&vertragsart=ratenzahlung&tarif=o2-mobile-on-demand-m-plus;apple-iphone-16-plus-128gb-schwarz;Schätzung;Tarifgrundpreis Monat 25–36
Bündel;iPhone 16 Plus;128;o2;netzbetreiber;O2 Mobile Unlimited S Special Plus mit 15 MBit/s (24 Mon.);XL;neu;1,00;19,99;27,50;;36;39,99;36;;;2026-09-29;https://www.o2online.de/e-shop/apple/apple-iphone-16-plus-128gb-schwarz-details?ohne-tarif=nein&zielgruppe=privatkunden&ratenzahlung=36&vertragsart=ratenzahlung&tarif=o2-mobile-on-demand-m-plus;apple-iphone-16-plus-128gb-schwarz;Schätzung;Tarifgrundpreis Monat 25–36
Bündel;iPhone 16 Pro;128;o2;netzbetreiber;O2 Mobile L mit 150 GB+ (24 Mon.);L;neu;1,00;24,99;35,00;;36;0,00;36;;;2026-10-06;https://www.o2online.de/e-shop/apple/apple-iphone-16-pro-128gb-titan-schwarz-details?ohne-tarif=nein&zielgruppe=privatkunden&ratenzahlung=36&vertragsart=ratenzahlung&tarif=o2-mobile-on-demand-m-plus;apple-iphone-16-pro-128gb-titan-schwarz;Schätzung;Tarifgrundpreis Monat 25–36
Bündel;iPhone 16 Pro;128;o2;netzbetreiber;O2 Mobile L Plus mit 150 GB+ (24 Mon.);L;neu;1,00;19,99;35,00;;36;0,00;36;;;2026-10-06;https://www.o2online.de/e-shop/apple/apple-iphone-16-pro-128gb-titan-schwarz-details?ohne-tarif=nein&zielgruppe=privatkunden&ratenzahlung=36&vertragsart=ratenzahlung&tarif=o2-mobile-on-demand-m-plus;apple-iphone-16-pro-128gb-titan-schwarz;Schätzung;Tarifgrundpreis Monat 25–36
Bündel;iPhone 16 Pro;128;o2;netzbetreiber;O2 Mobile on Demand M mit 50 GB+ (24 Mon.);M;neu;1,00;19,99;35,00;;36;39,99;36;;;2026-10-06;https://www.o2online.de/e-shop/apple/apple-iphone-16-pro-128gb-titan-schwarz-details?ohne-tarif=nein&zielgruppe=privatkunden&ratenzahlung=36&vertragsart=ratenzahlung&tarif=o2-mobile-on-demand-m-plus;apple-iphone-16-pro-128gb-titan-schwarz;Schätzung;Tarifgrundpreis Monat 25–36
Bündel;iPhone 16 Pro;128;o2;netzbetreiber;O2 Mobile on Demand M Plus mit 50 GB+ (24 Mon.);M;neu;1,00;14,99;35,00;;36;39,99;36;;;2026-10-07;https://www.o2online.de/e-shop/apple/apple-iphone-16-pro-128gb-titan-schwarz-details?ohne-tarif=nein&zielgruppe=privatkunden&ratenzahlung=36&vertragsart=ratenzahlung&tarif=o2-mobile-on-demand-m-plus;apple-iphone-16-pro-128gb-titan-schwarz;;Tarifgrundpreis Monat 25–36
Bündel;iPhone 16 Pro;128;o2;netzbetreiber;O2 Mobile S mit 15 GB+ (24 Mon.);XS;neu;1,00;19,99;35,00;;36;39,99;36;;;2026-10-06;https://www.o2online.de/e-shop/apple/apple-iphone-16-pro-128gb-titan-schwarz-details?ohne-tarif=nein&zielgruppe=privatkunden&ratenzahlung=36&vertragsart=ratenzahlung&tarif=o2-mobile-on-demand-m-plus;apple-iphone-16-pro-128gb-titan-schwarz;Schätzung;Tarifgrundpreis Monat 25–36
Bündel;iPhone 16 Pro;128;o2;netzbetreiber;O2 Mobile Unlimited L mit 300 MBit/s (24 Mon.);XL;neu;1,00;39,99;35,00;;36;0,00;36;;;2026-10-06;https://www.o2online.de/e-shop/apple/apple-iphone-16-pro-128gb-titan-schwarz-details?ohne-tarif=nein&zielgruppe=privatkunden&ratenzahlung=36&vertragsart=ratenzahlung&tarif=o2-mobile-on-demand-m-plus;apple-iphone-16-pro-128gb-titan-schwarz;Schätzung;Tarifgrundpreis Monat 25–36
Bündel;iPhone 16 Pro;128;o2;netzbetreiber;O2 Mobile Unlimited M mit 100 MBit/s (24 Mon.);XL;neu;1,00;29,99;35,00;;36;0,00;36;;;2026-10-06;https://www.o2online.de/e-shop/apple/apple-iphone-16-pro-128gb-titan-schwarz-details?ohne-tarif=nein&zielgruppe=privatkunden&ratenzahlung=36&vertragsart=ratenzahlung&tarif=o2-mobile-on-demand-m-plus;apple-iphone-16-pro-128gb-titan-schwarz;Schätzung;Tarifgrundpreis Monat 25–36
Bündel;iPhone 16 Pro;128;o2;netzbetreiber;O2 Mobile Unlimited M Plus mit 100 MBit/s (24 Mon.);XL;neu;1,00;24,99;35,00;;36;0,00;36;;;2026-10-06;https://www.o2online.de/e-shop/apple/apple-iphone-16-pro-128gb-titan-schwarz-details?ohne-tarif=nein&zielgruppe=privatkunden&ratenzahlung=36&vertragsart=ratenzahlung&tarif=o2-mobile-on-demand-m-plus;apple-iphone-16-pro-128gb-titan-schwarz;Schätzung;Tarifgrundpreis Monat 25–36
Bündel;iPhone 16 Pro;128;o2;netzbetreiber;O2 Mobile Unlimited S Special mit 15 MBit/s (24 Mon.);XL;neu;1,00;24,99;35,00;;36;39,99;36;;;2026-10-06;https://www.o2online.de/e-shop/apple/apple-iphone-16-pro-128gb-titan-schwarz-details?ohne-tarif=nein&zielgruppe=privatkunden&ratenzahlung=36&vertragsart=ratenzahlung&tarif=o2-mobile-on-demand-m-plus;apple-iphone-16-pro-128gb-titan-schwarz;Schätzung;Tarifgrundpreis Monat 25–36
Bündel;iPhone 16 Pro;128;o2;netzbetreiber;O2 Mobile Unlimited S Special Plus mit 15 MBit/s (24 Mon.);XL;neu;1,00;19,99;35,00;;36;39,99;36;;;2026-10-06;https://www.o2online.de/e-shop/apple/apple-iphone-16-pro-128gb-titan-schwarz-details?ohne-tarif=nein&zielgruppe=privatkunden&ratenzahlung=36&vertragsart=ratenzahlung&tarif=o2-mobile-on-demand-m-plus;apple-iphone-16-pro-128gb-titan-schwarz;Schätzung;Tarifgrundpreis Monat 25–36
Bündel;iPhone 16 Pro Max;256;o2;netzbetreiber;O2 Mobile L mit 150 GB+ (24 Mon.);L;neu;1,00;24,99;42,00;;36;0,00;36;;;2026-10-04;https://www.o2online.de/e-shop/apple/apple-iphone-16-pro-max-256gb-titan-weiss-details?ohne-tarif=nein&zielgruppe=privatkunden&ratenzahlung=36&vertragsart=ratenzahlung&tarif=o2-mobile-on-demand-m-plus;apple-iphone-16-pro-max-256gb-titan-weiss;Schätzung;Tarifgrundpreis Monat 25–36
Bündel;iPhone 16 Pro Max;256;o2;netzbetreiber;O2 Mobile L Plus mit 150 GB+ (24 Mon.);L;neu;1,00;19,99;42,00;;36;0,00;36;;;2026-10-04;https://www.o2online.de/e-shop/apple/apple-iphone-16-pro-max-256gb-titan-weiss-details?ohne-tarif=nein&zielgruppe=privatkunden&ratenzahlung=36&vertragsart=ratenzahlung&tarif=o2-mobile-on-demand-m-plus;apple-iphone-16-pro-max-256gb-titan-weiss;Schätzung;Tarifgrundpreis Monat 25–36
Bündel;iPhone 16 Pro Max;256;o2;netzbetreiber;O2 Mobile on Demand M mit 50 GB+ (24 Mon.);M;neu;1,00;19,99;42,00;;36;39,99;36;;;2026-10-04;https://www.o2online.de/e-shop/apple/apple-iphone-16-pro-max-256gb-titan-weiss-details?ohne-tarif=nein&zielgruppe=privatkunden&ratenzahlung=36&vertragsart=ratenzahlung&tarif=o2-mobile-on-demand-m-plus;apple-iphone-16-pro-max-256gb-titan-weiss;Schätzung;Tarifgrundpreis Monat 25–36
Bündel;iPhone 16 Pro Max;256;o2;netzbetreiber;O2 Mobile on Demand M Plus mit 50 GB+ (24 Mon.);M;neu;1,00;14,99;42,00;;36;39,99;36;;;2026-10-07;https://www.o2online.de/e-shop/apple/apple-iphone-16-pro-max-256gb-titan-weiss-details?ohne-tarif=nein&zielgruppe=privatkunden&ratenzahlung=36&vertragsart=ratenzahlung&tarif=o2-mobile-on-demand-m-plus;apple-iphone-16-pro-max-256gb-titan-weiss;;Tarifgrundpreis Monat 25–36
Bündel;iPhone 16 Pro Max;256;o2;netzbetreiber;O2 Mobile S mit 15 GB+ (24 Mon.);XS;neu;1,00;19,99;42,00;;36;39,99;36;;;2026-10-04;https://www.o2online.de/e-shop/apple/apple-iphone-16-pro-max-256gb-titan-weiss-details?ohne-tarif=nein&zielgruppe=privatkunden&ratenzahlung=36&vertragsart=ratenzahlung&tarif=o2-mobile-on-demand-m-plus;apple-iphone-16-pro-max-256gb-titan-weiss;Schätzung;Tarifgrundpreis Monat 25–36
Bündel;iPhone 16 Pro Max;256;o2;netzbetreiber;O2 Mobile Unlimited L mit 300 MBit/s (24 Mon.);XL;neu;1,00;39,99;42,00;;36;0,00;36;;;2026-10-04;https://www.o2online.de/e-shop/apple/apple-iphone-16-pro-max-256gb-titan-weiss-details?ohne-tarif=nein&zielgruppe=privatkunden&ratenzahlung=36&vertragsart=ratenzahlung&tarif=o2-mobile-on-demand-m-plus;apple-iphone-16-pro-max-256gb-titan-weiss;Schätzung;Tarifgrundpreis Monat 25–36
Bündel;iPhone 16 Pro Max;256;o2;netzbetreiber;O2 Mobile Unlimited M mit 100 MBit/s (24 Mon.);XL;neu;1,00;29,99;42,00;;36;0,00;36;;;2026-10-04;https://www.o2online.de/e-shop/apple/apple-iphone-16-pro-max-256gb-titan-weiss-details?ohne-tarif=nein&zielgruppe=privatkunden&ratenzahlung=36&vertragsart=ratenzahlung&tarif=o2-mobile-on-demand-m-plus;apple-iphone-16-pro-max-256gb-titan-weiss;Schätzung;Tarifgrundpreis Monat 25–36
Bündel;iPhone 16 Pro Max;256;o2;netzbetreiber;O2 Mobile Unlimited M Plus mit 100 MBit/s (24 Mon.);XL;neu;1,00;24,99;42,00;;36;0,00;36;;;2026-10-04;https://www.o2online.de/e-shop/apple/apple-iphone-16-pro-max-256gb-titan-weiss-details?ohne-tarif=nein&zielgruppe=privatkunden&ratenzahlung=36&vertragsart=ratenzahlung&tarif=o2-mobile-on-demand-m-plus;apple-iphone-16-pro-max-256gb-titan-weiss;Schätzung;Tarifgrundpreis Monat 25–36
Bündel;iPhone 16 Pro Max;256;o2;netzbetreiber;O2 Mobile Unlimited S Special mit 15 MBit/s (24 Mon.);XL;neu;1,00;24,99;42,00;;36;39,99;36;;;2026-10-04;https://www.o2online.de/e-shop/apple/apple-iphone-16-pro-max-256gb-titan-weiss-details?ohne-tarif=nein&zielgruppe=privatkunden&ratenzahlung=36&vertragsart=ratenzahlung&tarif=o2-mobile-on-demand-m-plus;apple-iphone-16-pro-max-256gb-titan-weiss;Schätzung;Tarifgrundpreis Monat 25–36
Bündel;iPhone 16 Pro Max;256;o2;netzbetreiber;O2 Mobile Unlimited S Special Plus mit 15 MBit/s (24 Mon.);XL;neu;1,00;19,99;42,00;;36;39,99;36;;;2026-10-04;https://www.o2online.de/e-shop/apple/apple-iphone-16-pro-max-256gb-titan-weiss-details?ohne-tarif=nein&zielgruppe=privatkunden&ratenzahlung=36&vertragsart=ratenzahlung&tarif=o2-mobile-on-demand-m-plus;apple-iphone-16-pro-max-256gb-titan-weiss;Schätzung;Tarifgrundpreis Monat 25–36
Bündel;iPhone 16 Pro Max;512;o2;netzbetreiber;O2 Mobile L mit 150 GB+ (24 Mon.);L;neu;1,00;24,99;49,00;;36;0,00;36;;;2026-10-04;https://www.o2online.de/e-shop/apple/apple-iphone-16-pro-max-256gb-titan-weiss-details?ohne-tarif=nein&zielgruppe=privatkunden&ratenzahlung=36&vertragsart=ratenzahlung&tarif=o2-mobile-on-demand-m-plus;apple-iphone-16-pro-max-512gb-titan-weiss;Schätzung;Tarifgrundpreis Monat 25–36
Bündel;iPhone 16 Pro Max;512;o2;netzbetreiber;O2 Mobile L Plus mit 150 GB+ (24 Mon.);L;neu;1,00;19,99;49,00;;36;0,00;36;;;2026-10-04;https://www.o2online.de/e-shop/apple/apple-iphone-16-pro-max-256gb-titan-weiss-details?ohne-tarif=nein&zielgruppe=privatkunden&ratenzahlung=36&vertragsart=ratenzahlung&tarif=o2-mobile-on-demand-m-plus;apple-iphone-16-pro-max-512gb-titan-weiss;Schätzung;Tarifgrundpreis Monat 25–36
Bündel;iPhone 16 Pro Max;512;o2;netzbetreiber;O2 Mobile on Demand M mit 50 GB+ (24 Mon.);M;neu;1,00;19,99;49,00;;36;39,99;36;;;2026-10-04;https://www.o2online.de/e-shop/apple/apple-iphone-16-pro-max-256gb-titan-weiss-details?ohne-tarif=nein&zielgruppe=privatkunden&ratenzahlung=36&vertragsart=ratenzahlung&tarif=o2-mobile-on-demand-m-plus;apple-iphone-16-pro-max-512gb-titan-weiss;Schätzung;Tarifgrundpreis Monat 25–36
Bündel;iPhone 16 Pro Max;512;o2;netzbetreiber;O2 Mobile on Demand M Plus mit 50 GB+ (24 Mon.);M;neu;1,00;14,99;49,00;;36;39,99;36;;;2026-10-04;https://www.o2online.de/e-shop/apple/apple-iphone-16-pro-max-256gb-titan-weiss-details?ohne-tarif=nein&zielgruppe=privatkunden&ratenzahlung=36&vertragsart=ratenzahlung&tarif=o2-mobile-on-demand-m-plus;apple-iphone-16-pro-max-512gb-titan-weiss;;Tarifgrundpreis Monat 25–36
Bündel;iPhone 16 Pro Max;512;o2;netzbetreiber;O2 Mobile S mit 15 GB+ (24 Mon.);XS;neu;1,00;19,99;49,00;;36;39,99;36;;;2026-10-04;https://www.o2online.de/e-shop/apple/apple-iphone-16-pro-max-256gb-titan-weiss-details?ohne-tarif=nein&zielgruppe=privatkunden&ratenzahlung=36&vertragsart=ratenzahlung&tarif=o2-mobile-on-demand-m-plus;apple-iphone-16-pro-max-512gb-titan-weiss;Schätzung;Tarifgrundpreis Monat 25–36
Bündel;iPhone 16 Pro Max;512;o2;netzbetreiber;O2 Mobile Unlimited L mit 300 MBit/s (24 Mon.);XL;neu;1,00;39,99;49,00;;36;0,00;36;;;2026-10-04;https://www.o2online.de/e-shop/apple/apple-iphone-16-pro-max-256gb-titan-weiss-details?ohne-tarif=nein&zielgruppe=privatkunden&ratenzahlung=36&vertragsart=ratenzahlung&tarif=o2-mobile-on-demand-m-plus;apple-iphone-16-pro-max-512gb-titan-weiss;Schätzung;Tarifgrundpreis Monat 25–36
Bündel;iPhone 16 Pro Max;512;o2;netzbetreiber;O2 Mobile Unlimited M mit 100 MBit/s (24 Mon.);XL;neu;1,00;29,99;49,00;;36;0,00;36;;;2026-10-04;https://www.o2online.de/e-shop/apple/apple-iphone-16-pro-max-256gb-titan-weiss-details?ohne-tarif=nein&zielgruppe=privatkunden&ratenzahlung=36&vertragsart=ratenzahlung&tarif=o2-mobile-on-demand-m-plus;apple-iphone-16-pro-max-512gb-titan-weiss;Schätzung;Tarifgrundpreis Monat 25–36
Bündel;iPhone 16 Pro Max;512;o2;netzbetreiber;O2 Mobile Unlimited M Plus mit 100 MBit/s (24 Mon.);XL;neu;1,00;24,99;49,00;;36;0,00;36;;;2026-10-04;https://www.o2online.de/e-shop/apple/apple-iphone-16-pro-max-256gb-titan-weiss-details?ohne-tarif=nein&zielgruppe=privatkunden&ratenzahlung=36&vertragsart=ratenzahlung&tarif=o2-mobile-on-demand-m-plus;apple-iphone-16-pro-max-512gb-titan-weiss;Schätzung;Tarifgrundpreis Monat 25–36
Bündel;iPhone 16 Pro Max;512;o2;netzbetreiber;O2 Mobile Unlimited S Special mit 15 MBit/s (24 Mon.);XL;neu;1,00;24,99;49,00;;36;39,99;36;;;2026-10-04;https://www.o2online.de/e-shop/apple/apple-iphone-16-pro-max-256gb-titan-weiss-details?ohne-tarif=nein&zielgruppe=privatkunden&ratenzahlung=36&vertragsart=ratenzahlung&tarif=o2-mobile-on-demand-m-plus;apple-iphone-16-pro-max-512gb-titan-weiss;Schätzung;Tarifgrundpreis Monat 25–36
Bündel;iPhone 16 Pro Max;512;o2;netzbetreiber;O2 Mobile Unlimited S Special Plus mit 15 MBit/s (24 Mon.);XL;neu;1,00;19,99;49,00;;36;39,99;36;;;2026-10-04;https://www.o2online.de/e-shop/apple/apple-iphone-16-pro-max-256gb-titan-weiss-details?ohne-tarif=nein&zielgruppe=privatkunden&ratenzahlung=36&vertragsart=ratenzahlung&tarif=o2-mobile-on-demand-m-plus;apple-iphone-16-pro-max-512gb-titan-weiss;Schätzung;Tarifgrundpreis Monat 25–36
Bündel;iPhone 16e;128;o2;netzbetreiber;O2 Mobile L mit 150 GB+ (24 Mon.);L;neu;1,00;24,99;17,00;;36;0,00;36;;;2026-10-06;https://www.o2online.de/e-shop/apple/apple-iphone-16e-128gb-weiss-details?ohne-tarif=nein&zielgruppe=privatkunden&ratenzahlung=36&vertragsart=ratenzahlung&tarif=o2-mobile-on-demand-m-plus;apple-iphone-16e-128gb-schwarz;Schätzung;Tarifgrundpreis Monat 25–36
Bündel;iPhone 16e;128;o2;netzbetreiber;O2 Mobile L Plus mit 150 GB+ (24 Mon.);L;neu;1,00;19,99;17,00;;36;0,00;36;;;2026-10-06;https://www.o2online.de/e-shop/apple/apple-iphone-16e-128gb-weiss-details?ohne-tarif=nein&zielgruppe=privatkunden&ratenzahlung=36&vertragsart=ratenzahlung&tarif=o2-mobile-on-demand-m-plus;apple-iphone-16e-128gb-schwarz;Schätzung;Tarifgrundpreis Monat 25–36
Bündel;iPhone 16e;128;o2;netzbetreiber;O2 Mobile on Demand M mit 50 GB+ (24 Mon.);M;neu;1,00;19,99;17,00;;36;39,99;36;;;2026-10-06;https://www.o2online.de/e-shop/apple/apple-iphone-16e-128gb-weiss-details?ohne-tarif=nein&zielgruppe=privatkunden&ratenzahlung=36&vertragsart=ratenzahlung&tarif=o2-mobile-on-demand-m-plus;apple-iphone-16e-128gb-schwarz;Schätzung;Tarifgrundpreis Monat 25–36
Bündel;iPhone 16e;128;o2;netzbetreiber;O2 Mobile on Demand M Plus mit 50 GB+ (24 Mon.);M;neu;1,00;14,99;17,00;;36;39,99;36;;;2026-10-06;https://www.o2online.de/e-shop/apple/apple-iphone-16e-128gb-weiss-details?ohne-tarif=nein&zielgruppe=privatkunden&ratenzahlung=36&vertragsart=ratenzahlung&tarif=o2-mobile-on-demand-m-plus;apple-iphone-16e-128gb-schwarz;;Tarifgrundpreis Monat 25–36
Bündel;iPhone 16e;128;o2;netzbetreiber;O2 Mobile S mit 15 GB+ (24 Mon.);XS;neu;1,00;14,99;17,00;;36;39,99;36;;;2026-10-06;https://www.o2online.de/e-shop/apple/apple-iphone-16e-128gb-weiss-details?ohne-tarif=nein&zielgruppe=privatkunden&ratenzahlung=36&vertragsart=ratenzahlung&tarif=o2-mobile-on-demand-m-plus;apple-iphone-16e-128gb-schwarz;Schätzung;Tarifgrundpreis Monat 25–36
Bündel;iPhone 16e;128;o2;netzbetreiber;O2 Mobile Unlimited L mit 300 MBit/s (24 Mon.);XL;neu;1,00;39,99;17,00;;36;0,00;36;;;2026-10-06;https://www.o2online.de/e-shop/apple/apple-iphone-16e-128gb-weiss-details?ohne-tarif=nein&zielgruppe=privatkunden&ratenzahlung=36&vertragsart=ratenzahlung&tarif=o2-mobile-on-demand-m-plus;apple-iphone-16e-128gb-schwarz;Schätzung;Tarifgrundpreis Monat 25–36
Bündel;iPhone 16e;128;o2;netzbetreiber;O2 Mobile Unlimited M mit 100 MBit/s (24 Mon.);XL;neu;1,00;29,99;17,00;;36;0,00;36;;;2026-10-06;https://www.o2online.de/e-shop/apple/apple-iphone-16e-128gb-weiss-details?ohne-tarif=nein&zielgruppe=privatkunden&ratenzahlung=36&vertragsart=ratenzahlung&tarif=o2-mobile-on-demand-m-plus;apple-iphone-16e-128gb-schwarz;Schätzung;Tarifgrundpreis Monat 25–36
Bündel;iPhone 16e;128;o2;netzbetreiber;O2 Mobile Unlimited M Plus mit 100 MBit/s (24 Mon.);XL;neu;1,00;19,99;17,00;;36;0,00;36;;;2026-10-06;https://www.o2online.de/e-shop/apple/apple-iphone-16e-128gb-weiss-details?ohne-tarif=nein&zielgruppe=privatkunden&ratenzahlung=36&vertragsart=ratenzahlung&tarif=o2-mobile-on-demand-m-plus;apple-iphone-16e-128gb-schwarz;Schätzung;Tarifgrundpreis Monat 25–36
Bündel;iPhone 16e;128;o2;netzbetreiber;O2 Mobile Unlimited S Special mit 15 MBit/s (24 Mon.);XL;neu;1,00;24,99;17,00;;36;39,99;36;;;2026-10-06;https://www.o2online.de/e-shop/apple/apple-iphone-16e-128gb-weiss-details?ohne-tarif=nein&zielgruppe=privatkunden&ratenzahlung=36&vertragsart=ratenzahlung&tarif=o2-mobile-on-demand-m-plus;apple-iphone-16e-128gb-schwarz;Schätzung;Tarifgrundpreis Monat 25–36
Bündel;iPhone 16e;128;o2;netzbetreiber;O2 Mobile Unlimited S Special Plus mit 15 MBit/s (24 Mon.);XL;neu;1,00;19,99;17,00;;36;39,99;36;;;2026-10-06;https://www.o2online.de/e-shop/apple/apple-iphone-16e-128gb-weiss-details?ohne-tarif=nein&zielgruppe=privatkunden&ratenzahlung=36&vertragsart=ratenzahlung&tarif=o2-mobile-on-demand-m-plus;apple-iphone-16e-128gb-schwarz;Schätzung;Tarifgrundpreis Monat 25–36
Bündel;iPhone 16e;128;o2;netzbetreiber;O2 Mobile L mit 150 GB+ (24 Mon.);L;neu;1,00;24,99;17,00;;36;0,00;36;;;2026-10-02;https://www.o2online.de/e-shop/apple/apple-iphone-16e-128gb-weiss-details?ohne-tarif=nein&zielgruppe=privatkunden&ratenzahlung=36&vertragsart=ratenzahlung&tarif=o2-mobile-on-demand-m-plus;apple-iphone-16e-128gb-weiss;Schätzung;Tarifgrundpreis Monat 25–36
Bündel;iPhone 16e;128;o2;netzbetreiber;O2 Mobile L Plus mit 150 GB+ (24 Mon.);L;neu;1,00;19,99;17,00;;36;0,00;36;;;2026-10-02;https://www.o2online.de/e-shop/apple/apple-iphone-16e-128gb-weiss-details?ohne-tarif=nein&zielgruppe=privatkunden&ratenzahlung=36&vertragsart=ratenzahlung&tarif=o2-mobile-on-demand-m-plus;apple-iphone-16e-128gb-weiss;Schätzung;Tarifgrundpreis Monat 25–36
Bündel;iPhone 16e;128;o2;netzbetreiber;O2 Mobile on Demand M mit 50 GB+ (24 Mon.);M;neu;1,00;19,99;17,00;;36;39,99;36;;;2026-10-02;https://www.o2online.de/e-shop/apple/apple-iphone-16e-128gb-weiss-details?ohne-tarif=nein&zielgruppe=privatkunden&ratenzahlung=36&vertragsart=ratenzahlung&tarif=o2-mobile-on-demand-m-plus;apple-iphone-16e-128gb-weiss;Schätzung;Tarifgrundpreis Monat 25–36
Bündel;iPhone 16e;128;o2;netzbetreiber;O2 Mobile on Demand M Plus mit 50 GB+ (24 Mon.);M;neu;1,00;14,99;17,00;;36;39,99;36;;;2026-10-07;https://www.o2online.de/e-shop/apple/apple-iphone-16e-128gb-weiss-details?ohne-tarif=nein&zielgruppe=privatkunden&ratenzahlung=36&vertragsart=ratenzahlung&tarif=o2-mobile-on-demand-m-plus;apple-iphone-16e-128gb-weiss;;Tarifgrundpreis Monat 25–36
Bündel;iPhone 16e;128;o2;netzbetreiber;O2 Mobile S mit 15 GB+ (24 Mon.);XS;neu;1,00;14,99;17,00;;36;39,99;36;;;2026-10-02;https://www.o2online.de/e-shop/apple/apple-iphone-16e-128gb-weiss-details?ohne-tarif=nein&zielgruppe=privatkunden&ratenzahlung=36&vertragsart=ratenzahlung&tarif=o2-mobile-on-demand-m-plus;apple-iphone-16e-128gb-weiss;Schätzung;Tarifgrundpreis Monat 25–36
Bündel;iPhone 16e;128;o2;netzbetreiber;O2 Mobile Unlimited L mit 300 MBit/s (24 Mon.);XL;neu;1,00;39,99;17,00;;36;0,00;36;;;2026-10-02;https://www.o2online.de/e-shop/apple/apple-iphone-16e-128gb-weiss-details?ohne-tarif=nein&zielgruppe=privatkunden&ratenzahlung=36&vertragsart=ratenzahlung&tarif=o2-mobile-on-demand-m-plus;apple-iphone-16e-128gb-weiss;Schätzung;Tarifgrundpreis Monat 25–36
Bündel;iPhone 16e;128;o2;netzbetreiber;O2 Mobile Unlimited M mit 100 MBit/s (24 Mon.);XL;neu;1,00;29,99;17,00;;36;0,00;36;;;2026-10-02;https://www.o2online.de/e-shop/apple/apple-iphone-16e-128gb-weiss-details?ohne-tarif=nein&zielgruppe=privatkunden&ratenzahlung=36&vertragsart=ratenzahlung&tarif=o2-mobile-on-demand-m-plus;apple-iphone-16e-128gb-weiss;Schätzung;Tarifgrundpreis Monat 25–36
Bündel;iPhone 16e;128;o2;netzbetreiber;O2 Mobile Unlimited M Plus mit 100 MBit/s (24 Mon.);XL;neu;1,00;19,99;17,00;;36;0,00;36;;;2026-10-02;https://www.o2online.de/e-shop/apple/apple-iphone-16e-128gb-weiss-details?ohne-tarif=nein&zielgruppe=privatkunden&ratenzahlung=36&vertragsart=ratenzahlung&tarif=o2-mobile-on-demand-m-plus;apple-iphone-16e-128gb-weiss;Schätzung;Tarifgrundpreis Monat 25–36
Bündel;iPhone 16e;128;o2;netzbetreiber;O2 Mobile Unlimited S Special mit 15 MBit/s (24 Mon.);XL;neu;1,00;24,99;17,00;;36;39,99;36;;;2026-10-02;https://www.o2online.de/e-shop/apple/apple-iphone-16e-128gb-weiss-details?ohne-tarif=nein&zielgruppe=privatkunden&ratenzahlung=36&vertragsart=ratenzahlung&tarif=o2-mobile-on-demand-m-plus;apple-iphone-16e-128gb-weiss;Schätzung;Tarifgrundpreis Monat 25–36
Bündel;iPhone 16e;128;o2;netzbetreiber;O2 Mobile Unlimited S Special Plus mit 15 MBit/s (24 Mon.);XL;neu;1,00;19,99;17,00;;36;39,99;36;;;2026-10-02;https://www.o2online.de/e-shop/apple/apple-iphone-16e-128gb-weiss-details?ohne-tarif=nein&zielgruppe=privatkunden&ratenzahlung=36&vertragsart=ratenzahlung&tarif=o2-mobile-on-demand-m-plus;apple-iphone-16e-128gb-weiss;Schätzung;Tarifgrundpreis Monat 25–36
Bündel;iPhone 17;256;o2;netzbetreiber;O2 Mobile L mit 150 GB+ (24 Mon.);L;neu;1,00;24,99;32,50;;36;0,00;36;;;2026-10-06;https://www.o2online.de/e-shop/apple/apple-iphone-17-256gb-schwarz-details?ohne-tarif=nein&zielgruppe=privatkunden&ratenzahlung=36&vertragsart=ratenzahlung&tarif=o2-mobile-on-demand-m-plus;apple-iphone-17-256gb-schwarz;Schätzung;Tarifgrundpreis Monat 25–36
Bündel;iPhone 17;256;o2;netzbetreiber;O2 Mobile L Plus mit 150 GB+ (24 Mon.);L;neu;1,00;19,99;32,50;;36;0,00;36;;;2026-10-06;https://www.o2online.de/e-shop/apple/apple-iphone-17-256gb-schwarz-details?ohne-tarif=nein&zielgruppe=privatkunden&ratenzahlung=36&vertragsart=ratenzahlung&tarif=o2-mobile-on-demand-m-plus;apple-iphone-17-256gb-schwarz;Schätzung;Tarifgrundpreis Monat 25–36
Bündel;iPhone 17;256;o2;netzbetreiber;O2 Mobile on Demand M mit 50 GB+ (24 Mon.);M;neu;1,00;19,99;32,50;;36;39,99;36;;;2026-10-06;https://www.o2online.de/e-shop/apple/apple-iphone-17-256gb-schwarz-details?ohne-tarif=nein&zielgruppe=privatkunden&ratenzahlung=36&vertragsart=ratenzahlung&tarif=o2-mobile-on-demand-m-plus;apple-iphone-17-256gb-schwarz;Schätzung;Tarifgrundpreis Monat 25–36
Bündel;iPhone 17;256;o2;netzbetreiber;O2 Mobile on Demand M Plus mit 50 GB+ (24 Mon.);M;neu;1,00;14,99;32,50;;36;39,99;36;;;2026-10-07;https://www.o2online.de/e-shop/apple/apple-iphone-17-256gb-schwarz-details?ohne-tarif=nein&zielgruppe=privatkunden&ratenzahlung=36&vertragsart=ratenzahlung&tarif=o2-mobile-on-demand-m-plus;apple-iphone-17-256gb-schwarz;;Tarifgrundpreis Monat 25–36
Bündel;iPhone 17;256;o2;netzbetreiber;O2 Mobile S mit 15 GB+ (24 Mon.);XS;neu;1,00;14,99;32,50;;36;39,99;36;;;2026-10-06;https://www.o2online.de/e-shop/apple/apple-iphone-17-256gb-schwarz-details?ohne-tarif=nein&zielgruppe=privatkunden&ratenzahlung=36&vertragsart=ratenzahlung&tarif=o2-mobile-on-demand-m-plus;apple-iphone-17-256gb-schwarz;Schätzung;Tarifgrundpreis Monat 25–36
Bündel;iPhone 17;256;o2;netzbetreiber;O2 Mobile Unlimited L mit 300 MBit/s (24 Mon.);XL;neu;1,00;39,99;32,50;;36;0,00;36;;;2026-10-06;https://www.o2online.de/e-shop/apple/apple-iphone-17-256gb-schwarz-details?ohne-tarif=nein&zielgruppe=privatkunden&ratenzahlung=36&vertragsart=ratenzahlung&tarif=o2-mobile-on-demand-m-plus;apple-iphone-17-256gb-schwarz;Schätzung;Tarifgrundpreis Monat 25–36
Bündel;iPhone 17;256;o2;netzbetreiber;O2 Mobile Unlimited M mit 100 MBit/s (24 Mon.);XL;neu;1,00;29,99;32,50;;36;0,00;36;;;2026-10-06;https://www.o2online.de/e-shop/apple/apple-iphone-17-256gb-schwarz-details?ohne-tarif=nein&zielgruppe=privatkunden&ratenzahlung=36&vertragsart=ratenzahlung&tarif=o2-mobile-on-demand-m-plus;apple-iphone-17-256gb-schwarz;Schätzung;Tarifgrundpreis Monat 25–36
Bündel;iPhone 17;256;o2;netzbetreiber;O2 Mobile Unlimited M Plus mit 100 MBit/s (24 Mon.);XL;neu;1,00;19,99;32,50;;36;0,00;36;;;2026-10-06;https://www.o2online.de/e-shop/apple/apple-iphone-17-256gb-schwarz-details?ohne-tarif=nein&zielgruppe=privatkunden&ratenzahlung=36&vertragsart=ratenzahlung&tarif=o2-mobile-on-demand-m-plus;apple-iphone-17-256gb-schwarz;Schätzung;Tarifgrundpreis Monat 25–36
Bündel;iPhone 17;256;o2;netzbetreiber;O2 Mobile Unlimited S Special mit 15 MBit/s (24 Mon.);XL;neu;1,00;24,99;32,50;;36;39,99;36;;;2026-10-06;https://www.o2online.de/e-shop/apple/apple-iphone-17-256gb-schwarz-details?ohne-tarif=nein&zielgruppe=privatkunden&ratenzahlung=36&vertragsart=ratenzahlung&tarif=o2-mobile-on-demand-m-plus;apple-iphone-17-256gb-schwarz;Schätzung;Tarifgrundpreis Monat 25–36
Bündel;iPhone 17;256;o2;netzbetreiber;O2 Mobile Unlimited S Special Plus mit 15 MBit/s (24 Mon.);XL;neu;1,00;19,99;32,50;;36;39,99;36;;;2026-10-06;https://www.o2online.de/e-shop/apple/apple-iphone-17-256gb-schwarz-details?ohne-tarif=nein&zielgruppe=privatkunden&ratenzahlung=36&vertragsart=ratenzahlung&tarif=o2-mobile-on-demand-m-plus;apple-iphone-17-256gb-schwarz;Schätzung;Tarifgrundpreis Monat 25–36
Bündel;iPhone 17;256;o2;netzbetreiber;O2 Mobile L mit 150 GB+ (24 Mon.);L;refurbished;1,00;24,99;27,00;;36;0,00;36;;;2026-10-04;https://www.o2online.de/e-shop/apple/apple-iphone-17-256gb-schwarz-erneuert-details?ohne-tarif=nein&zielgruppe=privatkunden&ratenzahlung=36&vertragsart=ratenzahlung&tarif=o2-mobile-unlimited-m-plus;apple-iphone-17-256gb-schwarz-refurbished;Schätzung;Tarifgrundpreis Monat 25–36
Bündel;iPhone 17;256;o2;netzbetreiber;O2 Mobile L Plus mit 150 GB+ (24 Mon.);L;refurbished;1,00;19,99;27,00;;36;0,00;36;;;2026-10-04;https://www.o2online.de/e-shop/apple/apple-iphone-17-256gb-schwarz-erneuert-details?ohne-tarif=nein&zielgruppe=privatkunden&ratenzahlung=36&vertragsart=ratenzahlung&tarif=o2-mobile-unlimited-m-plus;apple-iphone-17-256gb-schwarz-refurbished;Schätzung;Tarifgrundpreis Monat 25–36
Bündel;iPhone 17;256;o2;netzbetreiber;O2 Mobile on Demand M mit 50 GB+ (24 Mon.);M;refurbished;1,00;19,99;27,00;;36;39,99;36;;;2026-10-04;https://www.o2online.de/e-shop/apple/apple-iphone-17-256gb-schwarz-erneuert-details?ohne-tarif=nein&zielgruppe=privatkunden&ratenzahlung=36&vertragsart=ratenzahlung&tarif=o2-mobile-unlimited-m-plus;apple-iphone-17-256gb-schwarz-refurbished;Schätzung;Tarifgrundpreis Monat 25–36
Bündel;iPhone 17;256;o2;netzbetreiber;O2 Mobile on Demand M Plus mit 50 GB+ (24 Mon.);M;refurbished;1,00;14,99;27,00;;36;39,99;36;;;2026-10-04;https://www.o2online.de/e-shop/apple/apple-iphone-17-256gb-schwarz-erneuert-details?ohne-tarif=nein&zielgruppe=privatkunden&ratenzahlung=36&vertragsart=ratenzahlung&tarif=o2-mobile-unlimited-m-plus;apple-iphone-17-256gb-schwarz-refurbished;Schätzung;Tarifgrundpreis Monat 25–36
Bündel;iPhone 17;256;o2;netzbetreiber;O2 Mobile S mit 15 GB+ (24 Mon.);XS;refurbished;1,00;14,99;27,00;;36;39,99;36;;;2026-10-04;https://www.o2online.de/e-shop/apple/apple-iphone-17-256gb-schwarz-erneuert-details?ohne-tarif=nein&zielgruppe=privatkunden&ratenzahlung=36&vertragsart=ratenzahlung&tarif=o2-mobile-unlimited-m-plus;apple-iphone-17-256gb-schwarz-refurbished;Schätzung;Tarifgrundpreis Monat 25–36
Bündel;iPhone 17;256;o2;netzbetreiber;O2 Mobile Unlimited L mit 300 MBit/s (24 Mon.);XL;refurbished;1,00;39,99;27,00;;36;0,00;36;;;2026-10-04;https://www.o2online.de/e-shop/apple/apple-iphone-17-256gb-schwarz-erneuert-details?ohne-tarif=nein&zielgruppe=privatkunden&ratenzahlung=36&vertragsart=ratenzahlung&tarif=o2-mobile-unlimited-m-plus;apple-iphone-17-256gb-schwarz-refurbished;Schätzung;Tarifgrundpreis Monat 25–36
Bündel;iPhone 17;256;o2;netzbetreiber;O2 Mobile Unlimited M mit 100 MBit/s (24 Mon.);XL;refurbished;1,00;29,99;27,00;;36;0,00;36;;;2026-10-04;https://www.o2online.de/e-shop/apple/apple-iphone-17-256gb-schwarz-erneuert-details?ohne-tarif=nein&zielgruppe=privatkunden&ratenzahlung=36&vertragsart=ratenzahlung&tarif=o2-mobile-unlimited-m-plus;apple-iphone-17-256gb-schwarz-refurbished;Schätzung;Tarifgrundpreis Monat 25–36
Bündel;iPhone 17;256;o2;netzbetreiber;O2 Mobile Unlimited M Plus mit 100 MBit/s (24 Mon.);XL;refurbished;1,00;19,99;27,00;;36;0,00;36;;;2026-10-07;https://www.o2online.de/e-shop/apple/apple-iphone-17-256gb-schwarz-erneuert-details?ohne-tarif=nein&zielgruppe=privatkunden&ratenzahlung=36&vertragsart=ratenzahlung&tarif=o2-mobile-unlimited-m-plus;apple-iphone-17-256gb-schwarz-refurbished;Quarantäne;Tarifgrundpreis Monat 25–36
Bündel;iPhone 17;256;o2;netzbetreiber;O2 Mobile Unlimited S Special mit 15 MBit/s (24 Mon.);XL;refurbished;1,00;24,99;27,00;;36;39,99;36;;;2026-10-04;https://www.o2online.de/e-shop/apple/apple-iphone-17-256gb-schwarz-erneuert-details?ohne-tarif=nein&zielgruppe=privatkunden&ratenzahlung=36&vertragsart=ratenzahlung&tarif=o2-mobile-unlimited-m-plus;apple-iphone-17-256gb-schwarz-refurbished;Schätzung;Tarifgrundpreis Monat 25–36
Bündel;iPhone 17;256;o2;netzbetreiber;O2 Mobile Unlimited S Special Plus mit 15 MBit/s (24 Mon.);XL;refurbished;1,00;19,99;27,00;;36;39,99;36;;;2026-10-04;https://www.o2online.de/e-shop/apple/apple-iphone-17-256gb-schwarz-erneuert-details?ohne-tarif=nein&zielgruppe=privatkunden&ratenzahlung=36&vertragsart=ratenzahlung&tarif=o2-mobile-unlimited-m-plus;apple-iphone-17-256gb-schwarz-refurbished;Schätzung;Tarifgrundpreis Monat 25–36
Bündel;iPhone 17;256;o2;netzbetreiber;O2 Mobile L mit 150 GB+ (24 Mon.);L;refurbished;1,00;24,99;27,00;;36;0,00;36;;;2026-10-06;https://www.o2online.de/e-shop/apple/apple-iphone-17-256gb-schwarz-erneuert-details?ohne-tarif=nein&zielgruppe=privatkunden&ratenzahlung=36&vertragsart=ratenzahlung&tarif=o2-mobile-unlimited-m-plus;apple-iphone-17-256gb-weiss-refurbished;Schätzung;Tarifgrundpreis Monat 25–36
Bündel;iPhone 17;256;o2;netzbetreiber;O2 Mobile L Plus mit 150 GB+ (24 Mon.);L;refurbished;1,00;19,99;27,00;;36;0,00;36;;;2026-10-06;https://www.o2online.de/e-shop/apple/apple-iphone-17-256gb-schwarz-erneuert-details?ohne-tarif=nein&zielgruppe=privatkunden&ratenzahlung=36&vertragsart=ratenzahlung&tarif=o2-mobile-unlimited-m-plus;apple-iphone-17-256gb-weiss-refurbished;Schätzung;Tarifgrundpreis Monat 25–36
Bündel;iPhone 17;256;o2;netzbetreiber;O2 Mobile on Demand M mit 50 GB+ (24 Mon.);M;refurbished;1,00;19,99;27,00;;36;39,99;36;;;2026-10-06;https://www.o2online.de/e-shop/apple/apple-iphone-17-256gb-schwarz-erneuert-details?ohne-tarif=nein&zielgruppe=privatkunden&ratenzahlung=36&vertragsart=ratenzahlung&tarif=o2-mobile-unlimited-m-plus;apple-iphone-17-256gb-weiss-refurbished;Schätzung;Tarifgrundpreis Monat 25–36
Bündel;iPhone 17;256;o2;netzbetreiber;O2 Mobile on Demand M Plus mit 50 GB+ (24 Mon.);M;refurbished;1,00;14,99;27,00;;36;39,99;36;;;2026-10-06;https://www.o2online.de/e-shop/apple/apple-iphone-17-256gb-schwarz-erneuert-details?ohne-tarif=nein&zielgruppe=privatkunden&ratenzahlung=36&vertragsart=ratenzahlung&tarif=o2-mobile-unlimited-m-plus;apple-iphone-17-256gb-weiss-refurbished;Schätzung;Tarifgrundpreis Monat 25–36
Bündel;iPhone 17;256;o2;netzbetreiber;O2 Mobile S mit 15 GB+ (24 Mon.);XS;refurbished;1,00;14,99;27,00;;36;39,99;36;;;2026-10-06;https://www.o2online.de/e-shop/apple/apple-iphone-17-256gb-schwarz-erneuert-details?ohne-tarif=nein&zielgruppe=privatkunden&ratenzahlung=36&vertragsart=ratenzahlung&tarif=o2-mobile-unlimited-m-plus;apple-iphone-17-256gb-weiss-refurbished;Schätzung;Tarifgrundpreis Monat 25–36
Bündel;iPhone 17;256;o2;netzbetreiber;O2 Mobile Unlimited L mit 300 MBit/s (24 Mon.);XL;refurbished;1,00;39,99;27,00;;36;0,00;36;;;2026-10-06;https://www.o2online.de/e-shop/apple/apple-iphone-17-256gb-schwarz-erneuert-details?ohne-tarif=nein&zielgruppe=privatkunden&ratenzahlung=36&vertragsart=ratenzahlung&tarif=o2-mobile-unlimited-m-plus;apple-iphone-17-256gb-weiss-refurbished;Schätzung;Tarifgrundpreis Monat 25–36
Bündel;iPhone 17;256;o2;netzbetreiber;O2 Mobile Unlimited M mit 100 MBit/s (24 Mon.);XL;refurbished;1,00;29,99;27,00;;36;0,00;36;;;2026-10-06;https://www.o2online.de/e-shop/apple/apple-iphone-17-256gb-schwarz-erneuert-details?ohne-tarif=nein&zielgruppe=privatkunden&ratenzahlung=36&vertragsart=ratenzahlung&tarif=o2-mobile-unlimited-m-plus;apple-iphone-17-256gb-weiss-refurbished;Schätzung;Tarifgrundpreis Monat 25–36
Bündel;iPhone 17;256;o2;netzbetreiber;O2 Mobile Unlimited M Plus mit 100 MBit/s (24 Mon.);XL;refurbished;1,00;19,99;27,00;;36;0,00;36;;;2026-10-06;https://www.o2online.de/e-shop/apple/apple-iphone-17-256gb-schwarz-erneuert-details?ohne-tarif=nein&zielgruppe=privatkunden&ratenzahlung=36&vertragsart=ratenzahlung&tarif=o2-mobile-unlimited-m-plus;apple-iphone-17-256gb-weiss-refurbished;Quarantäne;Tarifgrundpreis Monat 25–36
Bündel;iPhone 17;256;o2;netzbetreiber;O2 Mobile Unlimited S Special mit 15 MBit/s (24 Mon.);XL;refurbished;1,00;24,99;27,00;;36;39,99;36;;;2026-10-06;https://www.o2online.de/e-shop/apple/apple-iphone-17-256gb-schwarz-erneuert-details?ohne-tarif=nein&zielgruppe=privatkunden&ratenzahlung=36&vertragsart=ratenzahlung&tarif=o2-mobile-unlimited-m-plus;apple-iphone-17-256gb-weiss-refurbished;Schätzung;Tarifgrundpreis Monat 25–36
Bündel;iPhone 17;256;o2;netzbetreiber;O2 Mobile Unlimited S Special Plus mit 15 MBit/s (24 Mon.);XL;refurbished;1,00;19,99;27,00;;36;39,99;36;;;2026-10-06;https://www.o2online.de/e-shop/apple/apple-iphone-17-256gb-schwarz-erneuert-details?ohne-tarif=nein&zielgruppe=privatkunden&ratenzahlung=36&vertragsart=ratenzahlung&tarif=o2-mobile-unlimited-m-plus;apple-iphone-17-256gb-weiss-refurbished;Schätzung;Tarifgrundpreis Monat 25–36
Bündel;iPhone 17 Pro;256;o2;netzbetreiber;O2 Mobile L mit 150 GB+ (24 Mon.);L;neu;1,00;24,99;36,50;;36;0,00;36;;;2026-10-06;https://www.o2online.de/e-shop/apple/apple-iphone-17-pro-256gb-silber-details?ohne-tarif=nein&zielgruppe=privatkunden&ratenzahlung=36&vertragsart=ratenzahlung&tarif=o2-mobile-unlimited-m-plus;apple-iphone-17-pro-256gb-cosmic-orange;Schätzung;Tarifgrundpreis Monat 25–36
Bündel;iPhone 17 Pro;256;o2;netzbetreiber;O2 Mobile L Plus mit 150 GB+ (24 Mon.);L;neu;1,00;19,99;36,50;;36;0,00;36;;;2026-10-06;https://www.o2online.de/e-shop/apple/apple-iphone-17-pro-256gb-silber-details?ohne-tarif=nein&zielgruppe=privatkunden&ratenzahlung=36&vertragsart=ratenzahlung&tarif=o2-mobile-unlimited-m-plus;apple-iphone-17-pro-256gb-cosmic-orange;Schätzung;Tarifgrundpreis Monat 25–36
Bündel;iPhone 17 Pro;256;o2;netzbetreiber;O2 Mobile on Demand M mit 50 GB+ (24 Mon.);M;neu;1,00;19,99;36,50;;36;39,99;36;;;2026-10-06;https://www.o2online.de/e-shop/apple/apple-iphone-17-pro-256gb-silber-details?ohne-tarif=nein&zielgruppe=privatkunden&ratenzahlung=36&vertragsart=ratenzahlung&tarif=o2-mobile-unlimited-m-plus;apple-iphone-17-pro-256gb-cosmic-orange;Schätzung;Tarifgrundpreis Monat 25–36
Bündel;iPhone 17 Pro;256;o2;netzbetreiber;O2 Mobile on Demand M Plus mit 50 GB+ (24 Mon.);M;neu;1,00;14,99;36,50;;36;39,99;36;;;2026-10-06;https://www.o2online.de/e-shop/apple/apple-iphone-17-pro-256gb-silber-details?ohne-tarif=nein&zielgruppe=privatkunden&ratenzahlung=36&vertragsart=ratenzahlung&tarif=o2-mobile-unlimited-m-plus;apple-iphone-17-pro-256gb-cosmic-orange;Schätzung;Tarifgrundpreis Monat 25–36
Bündel;iPhone 17 Pro;256;o2;netzbetreiber;O2 Mobile S mit 15 GB+ (24 Mon.);XS;neu;1,00;14,99;36,50;;36;39,99;36;;;2026-10-06;https://www.o2online.de/e-shop/apple/apple-iphone-17-pro-256gb-silber-details?ohne-tarif=nein&zielgruppe=privatkunden&ratenzahlung=36&vertragsart=ratenzahlung&tarif=o2-mobile-unlimited-m-plus;apple-iphone-17-pro-256gb-cosmic-orange;Schätzung;Tarifgrundpreis Monat 25–36
Bündel;iPhone 17 Pro;256;o2;netzbetreiber;O2 Mobile Unlimited L mit 300 MBit/s (24 Mon.);XL;neu;1,00;39,99;36,50;;36;0,00;36;;;2026-10-06;https://www.o2online.de/e-shop/apple/apple-iphone-17-pro-256gb-silber-details?ohne-tarif=nein&zielgruppe=privatkunden&ratenzahlung=36&vertragsart=ratenzahlung&tarif=o2-mobile-unlimited-m-plus;apple-iphone-17-pro-256gb-cosmic-orange;Schätzung;Tarifgrundpreis Monat 25–36
Bündel;iPhone 17 Pro;256;o2;netzbetreiber;O2 Mobile Unlimited M mit 100 MBit/s (24 Mon.);XL;neu;1,00;29,99;36,50;;36;0,00;36;;;2026-10-06;https://www.o2online.de/e-shop/apple/apple-iphone-17-pro-256gb-silber-details?ohne-tarif=nein&zielgruppe=privatkunden&ratenzahlung=36&vertragsart=ratenzahlung&tarif=o2-mobile-unlimited-m-plus;apple-iphone-17-pro-256gb-cosmic-orange;Schätzung;Tarifgrundpreis Monat 25–36
Bündel;iPhone 17 Pro;256;o2;netzbetreiber;O2 Mobile Unlimited M Plus mit 100 MBit/s (24 Mon.);XL;neu;1,00;19,99;36,50;;36;0,00;36;;;2026-10-06;https://www.o2online.de/e-shop/apple/apple-iphone-17-pro-256gb-silber-details?ohne-tarif=nein&zielgruppe=privatkunden&ratenzahlung=36&vertragsart=ratenzahlung&tarif=o2-mobile-unlimited-m-plus;apple-iphone-17-pro-256gb-cosmic-orange;Quarantäne;Tarifgrundpreis Monat 25–36
Bündel;iPhone 17 Pro;256;o2;netzbetreiber;O2 Mobile Unlimited S Special mit 15 MBit/s (24 Mon.);XL;neu;1,00;24,99;36,50;;36;39,99;36;;;2026-10-06;https://www.o2online.de/e-shop/apple/apple-iphone-17-pro-256gb-silber-details?ohne-tarif=nein&zielgruppe=privatkunden&ratenzahlung=36&vertragsart=ratenzahlung&tarif=o2-mobile-unlimited-m-plus;apple-iphone-17-pro-256gb-cosmic-orange;Schätzung;Tarifgrundpreis Monat 25–36
Bündel;iPhone 17 Pro;256;o2;netzbetreiber;O2 Mobile Unlimited S Special Plus mit 15 MBit/s (24 Mon.);XL;neu;1,00;19,99;36,50;;36;39,99;36;;;2026-10-06;https://www.o2online.de/e-shop/apple/apple-iphone-17-pro-256gb-silber-details?ohne-tarif=nein&zielgruppe=privatkunden&ratenzahlung=36&vertragsart=ratenzahlung&tarif=o2-mobile-unlimited-m-plus;apple-iphone-17-pro-256gb-cosmic-orange;Schätzung;Tarifgrundpreis Monat 25–36
Bündel;iPhone 17 Pro;256;o2;netzbetreiber;O2 Mobile L mit 150 GB+ (24 Mon.);L;neu;1,00;24,99;36,50;;36;0,00;36;;;2026-10-04;https://www.o2online.de/e-shop/apple/apple-iphone-17-pro-256gb-silber-details?ohne-tarif=nein&zielgruppe=privatkunden&ratenzahlung=36&vertragsart=ratenzahlung&tarif=o2-mobile-unlimited-m-plus;apple-iphone-17-pro-256gb-silber;Schätzung;Tarifgrundpreis Monat 25–36
Bündel;iPhone 17 Pro;256;o2;netzbetreiber;O2 Mobile L Plus mit 150 GB+ (24 Mon.);L;neu;1,00;19,99;36,50;;36;0,00;36;;;2026-10-04;https://www.o2online.de/e-shop/apple/apple-iphone-17-pro-256gb-silber-details?ohne-tarif=nein&zielgruppe=privatkunden&ratenzahlung=36&vertragsart=ratenzahlung&tarif=o2-mobile-unlimited-m-plus;apple-iphone-17-pro-256gb-silber;Schätzung;Tarifgrundpreis Monat 25–36
Bündel;iPhone 17 Pro;256;o2;netzbetreiber;O2 Mobile on Demand M mit 50 GB+ (24 Mon.);M;neu;1,00;19,99;36,50;;36;39,99;36;;;2026-10-04;https://www.o2online.de/e-shop/apple/apple-iphone-17-pro-256gb-silber-details?ohne-tarif=nein&zielgruppe=privatkunden&ratenzahlung=36&vertragsart=ratenzahlung&tarif=o2-mobile-unlimited-m-plus;apple-iphone-17-pro-256gb-silber;Schätzung;Tarifgrundpreis Monat 25–36
Bündel;iPhone 17 Pro;256;o2;netzbetreiber;O2 Mobile on Demand M Plus mit 50 GB+ (24 Mon.);M;neu;1,00;14,99;36,50;;36;39,99;36;;;2026-10-04;https://www.o2online.de/e-shop/apple/apple-iphone-17-pro-256gb-silber-details?ohne-tarif=nein&zielgruppe=privatkunden&ratenzahlung=36&vertragsart=ratenzahlung&tarif=o2-mobile-unlimited-m-plus;apple-iphone-17-pro-256gb-silber;Schätzung;Tarifgrundpreis Monat 25–36
Bündel;iPhone 17 Pro;256;o2;netzbetreiber;O2 Mobile S mit 15 GB+ (24 Mon.);XS;neu;1,00;14,99;36,50;;36;39,99;36;;;2026-10-04;https://www.o2online.de/e-shop/apple/apple-iphone-17-pro-256gb-silber-details?ohne-tarif=nein&zielgruppe=privatkunden&ratenzahlung=36&vertragsart=ratenzahlung&tarif=o2-mobile-unlimited-m-plus;apple-iphone-17-pro-256gb-silber;Schätzung;Tarifgrundpreis Monat 25–36
Bündel;iPhone 17 Pro;256;o2;netzbetreiber;O2 Mobile Unlimited L mit 300 MBit/s (24 Mon.);XL;neu;1,00;39,99;36,50;;36;0,00;36;;;2026-10-04;https://www.o2online.de/e-shop/apple/apple-iphone-17-pro-256gb-silber-details?ohne-tarif=nein&zielgruppe=privatkunden&ratenzahlung=36&vertragsart=ratenzahlung&tarif=o2-mobile-unlimited-m-plus;apple-iphone-17-pro-256gb-silber;Schätzung;Tarifgrundpreis Monat 25–36
Bündel;iPhone 17 Pro;256;o2;netzbetreiber;O2 Mobile Unlimited M mit 100 MBit/s (24 Mon.);XL;neu;1,00;29,99;36,50;;36;0,00;36;;;2026-10-04;https://www.o2online.de/e-shop/apple/apple-iphone-17-pro-256gb-silber-details?ohne-tarif=nein&zielgruppe=privatkunden&ratenzahlung=36&vertragsart=ratenzahlung&tarif=o2-mobile-unlimited-m-plus;apple-iphone-17-pro-256gb-silber;Schätzung;Tarifgrundpreis Monat 25–36
Bündel;iPhone 17 Pro;256;o2;netzbetreiber;O2 Mobile Unlimited M Plus mit 100 MBit/s (24 Mon.);XL;neu;1,00;19,99;36,50;;36;0,00;36;;;2026-10-07;https://www.o2online.de/e-shop/apple/apple-iphone-17-pro-256gb-silber-details?ohne-tarif=nein&zielgruppe=privatkunden&ratenzahlung=36&vertragsart=ratenzahlung&tarif=o2-mobile-unlimited-m-plus;apple-iphone-17-pro-256gb-silber;Quarantäne;Tarifgrundpreis Monat 25–36
Bündel;iPhone 17 Pro;256;o2;netzbetreiber;O2 Mobile Unlimited S Special mit 15 MBit/s (24 Mon.);XL;neu;1,00;24,99;36,50;;36;39,99;36;;;2026-10-04;https://www.o2online.de/e-shop/apple/apple-iphone-17-pro-256gb-silber-details?ohne-tarif=nein&zielgruppe=privatkunden&ratenzahlung=36&vertragsart=ratenzahlung&tarif=o2-mobile-unlimited-m-plus;apple-iphone-17-pro-256gb-silber;Schätzung;Tarifgrundpreis Monat 25–36
Bündel;iPhone 17 Pro;256;o2;netzbetreiber;O2 Mobile Unlimited S Special Plus mit 15 MBit/s (24 Mon.);XL;neu;1,00;19,99;36,50;;36;39,99;36;;;2026-10-04;https://www.o2online.de/e-shop/apple/apple-iphone-17-pro-256gb-silber-details?ohne-tarif=nein&zielgruppe=privatkunden&ratenzahlung=36&vertragsart=ratenzahlung&tarif=o2-mobile-unlimited-m-plus;apple-iphone-17-pro-256gb-silber;Schätzung;Tarifgrundpreis Monat 25–36
Bündel;iPhone 17 Pro;512;o2;netzbetreiber;O2 Mobile L mit 150 GB+ (24 Mon.);L;neu;25,00;24,99;43,50;;36;0,00;36;;;2026-10-04;https://www.o2online.de/e-shop/apple/apple-iphone-17-pro-256gb-silber-details?ohne-tarif=nein&zielgruppe=privatkunden&ratenzahlung=36&vertragsart=ratenzahlung&tarif=o2-mobile-unlimited-m-plus;apple-iphone-17-pro-512gb-silber;Schätzung;Tarifgrundpreis Monat 25–36
Bündel;iPhone 17 Pro;512;o2;netzbetreiber;O2 Mobile L Plus mit 150 GB+ (24 Mon.);L;neu;25,00;19,99;43,50;;36;0,00;36;;;2026-10-04;https://www.o2online.de/e-shop/apple/apple-iphone-17-pro-256gb-silber-details?ohne-tarif=nein&zielgruppe=privatkunden&ratenzahlung=36&vertragsart=ratenzahlung&tarif=o2-mobile-unlimited-m-plus;apple-iphone-17-pro-512gb-silber;Schätzung;Tarifgrundpreis Monat 25–36
Bündel;iPhone 17 Pro;512;o2;netzbetreiber;O2 Mobile on Demand M mit 50 GB+ (24 Mon.);M;neu;25,00;19,99;43,50;;36;39,99;36;;;2026-10-04;https://www.o2online.de/e-shop/apple/apple-iphone-17-pro-256gb-silber-details?ohne-tarif=nein&zielgruppe=privatkunden&ratenzahlung=36&vertragsart=ratenzahlung&tarif=o2-mobile-unlimited-m-plus;apple-iphone-17-pro-512gb-silber;Schätzung;Tarifgrundpreis Monat 25–36
Bündel;iPhone 17 Pro;512;o2;netzbetreiber;O2 Mobile on Demand M Plus mit 50 GB+ (24 Mon.);M;neu;25,00;14,99;43,50;;36;39,99;36;;;2026-10-04;https://www.o2online.de/e-shop/apple/apple-iphone-17-pro-256gb-silber-details?ohne-tarif=nein&zielgruppe=privatkunden&ratenzahlung=36&vertragsart=ratenzahlung&tarif=o2-mobile-unlimited-m-plus;apple-iphone-17-pro-512gb-silber;Schätzung;Tarifgrundpreis Monat 25–36
Bündel;iPhone 17 Pro;512;o2;netzbetreiber;O2 Mobile S mit 15 GB+ (24 Mon.);XS;neu;25,00;14,99;43,50;;36;39,99;36;;;2026-10-04;https://www.o2online.de/e-shop/apple/apple-iphone-17-pro-256gb-silber-details?ohne-tarif=nein&zielgruppe=privatkunden&ratenzahlung=36&vertragsart=ratenzahlung&tarif=o2-mobile-unlimited-m-plus;apple-iphone-17-pro-512gb-silber;Schätzung;Tarifgrundpreis Monat 25–36
Bündel;iPhone 17 Pro;512;o2;netzbetreiber;O2 Mobile Unlimited L mit 300 MBit/s (24 Mon.);XL;neu;25,00;39,99;43,50;;36;0,00;36;;;2026-10-04;https://www.o2online.de/e-shop/apple/apple-iphone-17-pro-256gb-silber-details?ohne-tarif=nein&zielgruppe=privatkunden&ratenzahlung=36&vertragsart=ratenzahlung&tarif=o2-mobile-unlimited-m-plus;apple-iphone-17-pro-512gb-silber;Schätzung;Tarifgrundpreis Monat 25–36
Bündel;iPhone 17 Pro;512;o2;netzbetreiber;O2 Mobile Unlimited M mit 100 MBit/s (24 Mon.);XL;neu;25,00;29,99;43,50;;36;0,00;36;;;2026-10-04;https://www.o2online.de/e-shop/apple/apple-iphone-17-pro-256gb-silber-details?ohne-tarif=nein&zielgruppe=privatkunden&ratenzahlung=36&vertragsart=ratenzahlung&tarif=o2-mobile-unlimited-m-plus;apple-iphone-17-pro-512gb-silber;Schätzung;Tarifgrundpreis Monat 25–36
Bündel;iPhone 17 Pro;512;o2;netzbetreiber;O2 Mobile Unlimited M Plus mit 100 MBit/s (24 Mon.);XL;neu;25,00;19,99;43,50;;36;0,00;36;;;2026-10-04;https://www.o2online.de/e-shop/apple/apple-iphone-17-pro-256gb-silber-details?ohne-tarif=nein&zielgruppe=privatkunden&ratenzahlung=36&vertragsart=ratenzahlung&tarif=o2-mobile-unlimited-m-plus;apple-iphone-17-pro-512gb-silber;Quarantäne;Tarifgrundpreis Monat 25–36
Bündel;iPhone 17 Pro;512;o2;netzbetreiber;O2 Mobile Unlimited S Special mit 15 MBit/s (24 Mon.);XL;neu;25,00;24,99;43,50;;36;39,99;36;;;2026-10-04;https://www.o2online.de/e-shop/apple/apple-iphone-17-pro-256gb-silber-details?ohne-tarif=nein&zielgruppe=privatkunden&ratenzahlung=36&vertragsart=ratenzahlung&tarif=o2-mobile-unlimited-m-plus;apple-iphone-17-pro-512gb-silber;Schätzung;Tarifgrundpreis Monat 25–36
Bündel;iPhone 17 Pro;512;o2;netzbetreiber;O2 Mobile Unlimited S Special Plus mit 15 MBit/s (24 Mon.);XL;neu;25,00;19,99;43,50;;36;39,99;36;;;2026-10-04;https://www.o2online.de/e-shop/apple/apple-iphone-17-pro-256gb-silber-details?ohne-tarif=nein&zielgruppe=privatkunden&ratenzahlung=36&vertragsart=ratenzahlung&tarif=o2-mobile-unlimited-m-plus;apple-iphone-17-pro-512gb-silber;Schätzung;Tarifgrundpreis Monat 25–36
Bündel;iPhone 17 Pro Max;256;o2;netzbetreiber;O2 Mobile L mit 150 GB+ (24 Mon.);L;neu;1,00;24,99;40,50;;36;0,00;36;;;2026-10-06;https://www.o2online.de/e-shop/apple/apple-iphone-17-pro-max-256gb-cosmic-orange-details?ohne-tarif=nein&zielgruppe=privatkunden&ratenzahlung=36&vertragsart=ratenzahlung&tarif=o2-mobile-unlimited-m-plus;apple-iphone-17-pro-max-256gb-cosmic-orange;Schätzung;Tarifgrundpreis Monat 25–36
Bündel;iPhone 17 Pro Max;256;o2;netzbetreiber;O2 Mobile L Plus mit 150 GB+ (24 Mon.);L;neu;1,00;19,99;40,50;;36;0,00;36;;;2026-10-06;https://www.o2online.de/e-shop/apple/apple-iphone-17-pro-max-256gb-cosmic-orange-details?ohne-tarif=nein&zielgruppe=privatkunden&ratenzahlung=36&vertragsart=ratenzahlung&tarif=o2-mobile-unlimited-m-plus;apple-iphone-17-pro-max-256gb-cosmic-orange;Schätzung;Tarifgrundpreis Monat 25–36
Bündel;iPhone 17 Pro Max;256;o2;netzbetreiber;O2 Mobile on Demand M mit 50 GB+ (24 Mon.);M;neu;1,00;19,99;40,50;;36;39,99;36;;;2026-10-06;https://www.o2online.de/e-shop/apple/apple-iphone-17-pro-max-256gb-cosmic-orange-details?ohne-tarif=nein&zielgruppe=privatkunden&ratenzahlung=36&vertragsart=ratenzahlung&tarif=o2-mobile-unlimited-m-plus;apple-iphone-17-pro-max-256gb-cosmic-orange;Schätzung;Tarifgrundpreis Monat 25–36
Bündel;iPhone 17 Pro Max;256;o2;netzbetreiber;O2 Mobile on Demand M Plus mit 50 GB+ (24 Mon.);M;neu;1,00;14,99;40,50;;36;39,99;36;;;2026-10-06;https://www.o2online.de/e-shop/apple/apple-iphone-17-pro-max-256gb-cosmic-orange-details?ohne-tarif=nein&zielgruppe=privatkunden&ratenzahlung=36&vertragsart=ratenzahlung&tarif=o2-mobile-unlimited-m-plus;apple-iphone-17-pro-max-256gb-cosmic-orange;Schätzung;Tarifgrundpreis Monat 25–36
Bündel;iPhone 17 Pro Max;256;o2;netzbetreiber;O2 Mobile S mit 15 GB+ (24 Mon.);XS;neu;1,00;14,99;40,50;;36;39,99;36;;;2026-10-06;https://www.o2online.de/e-shop/apple/apple-iphone-17-pro-max-256gb-cosmic-orange-details?ohne-tarif=nein&zielgruppe=privatkunden&ratenzahlung=36&vertragsart=ratenzahlung&tarif=o2-mobile-unlimited-m-plus;apple-iphone-17-pro-max-256gb-cosmic-orange;Schätzung;Tarifgrundpreis Monat 25–36
Bündel;iPhone 17 Pro Max;256;o2;netzbetreiber;O2 Mobile Unlimited L mit 300 MBit/s (24 Mon.);XL;neu;1,00;39,99;40,50;;36;0,00;36;;;2026-10-06;https://www.o2online.de/e-shop/apple/apple-iphone-17-pro-max-256gb-cosmic-orange-details?ohne-tarif=nein&zielgruppe=privatkunden&ratenzahlung=36&vertragsart=ratenzahlung&tarif=o2-mobile-unlimited-m-plus;apple-iphone-17-pro-max-256gb-cosmic-orange;Schätzung;Tarifgrundpreis Monat 25–36
Bündel;iPhone 17 Pro Max;256;o2;netzbetreiber;O2 Mobile Unlimited M mit 100 MBit/s (24 Mon.);XL;neu;1,00;29,99;40,50;;36;0,00;36;;;2026-10-06;https://www.o2online.de/e-shop/apple/apple-iphone-17-pro-max-256gb-cosmic-orange-details?ohne-tarif=nein&zielgruppe=privatkunden&ratenzahlung=36&vertragsart=ratenzahlung&tarif=o2-mobile-unlimited-m-plus;apple-iphone-17-pro-max-256gb-cosmic-orange;Schätzung;Tarifgrundpreis Monat 25–36
Bündel;iPhone 17 Pro Max;256;o2;netzbetreiber;O2 Mobile Unlimited M Plus mit 100 MBit/s (24 Mon.);XL;neu;1,00;19,99;40,50;;36;0,00;36;;;2026-10-07;https://www.o2online.de/e-shop/apple/apple-iphone-17-pro-max-256gb-cosmic-orange-details?ohne-tarif=nein&zielgruppe=privatkunden&ratenzahlung=36&vertragsart=ratenzahlung&tarif=o2-mobile-unlimited-m-plus;apple-iphone-17-pro-max-256gb-cosmic-orange;Quarantäne;Tarifgrundpreis Monat 25–36
Bündel;iPhone 17 Pro Max;256;o2;netzbetreiber;O2 Mobile Unlimited S Special mit 15 MBit/s (24 Mon.);XL;neu;1,00;24,99;40,50;;36;39,99;36;;;2026-10-06;https://www.o2online.de/e-shop/apple/apple-iphone-17-pro-max-256gb-cosmic-orange-details?ohne-tarif=nein&zielgruppe=privatkunden&ratenzahlung=36&vertragsart=ratenzahlung&tarif=o2-mobile-unlimited-m-plus;apple-iphone-17-pro-max-256gb-cosmic-orange;Schätzung;Tarifgrundpreis Monat 25–36
Bündel;iPhone 17 Pro Max;256;o2;netzbetreiber;O2 Mobile Unlimited S Special Plus mit 15 MBit/s (24 Mon.);XL;neu;1,00;19,99;40,50;;36;39,99;36;;;2026-10-06;https://www.o2online.de/e-shop/apple/apple-iphone-17-pro-max-256gb-cosmic-orange-details?ohne-tarif=nein&zielgruppe=privatkunden&ratenzahlung=36&vertragsart=ratenzahlung&tarif=o2-mobile-unlimited-m-plus;apple-iphone-17-pro-max-256gb-cosmic-orange;Schätzung;Tarifgrundpreis Monat 25–36
Bündel;iPhone 17 Pro Max;256;o2;netzbetreiber;O2 Mobile L Plus mit 150 GB+ (24 Mon.);L;neu;1,00;19,99;40,50;;36;0,00;36;;;2026-09-08;https://www.o2online.de/e-shop/apple/apple-iphone-17-pro-max-256gb-tiefblau-details?ohne-tarif=nein&zielgruppe=privatkunden&ratenzahlung=36&vertragsart=ratenzahlung&tarif=o2-mobile-l-plus;apple-iphone-17-pro-max-256gb-tiefblau;veraltet;Tarifgrundpreis Monat 25–36
Bündel;iPhone 17 Pro Max;256;o2;netzbetreiber;O2 Mobile Unlimited M Plus mit 100 MBit/s (24 Mon.);XL;neu;1,00;19,99;40,50;;36;0,00;36;;;2026-09-29;https://www.o2online.de/e-shop/apple/apple-iphone-17-pro-max-256gb-tiefblau-details?ohne-tarif=nein&zielgruppe=privatkunden&ratenzahlung=36&vertragsart=ratenzahlung&tarif=o2-mobile-unlimited-m-plus;apple-iphone-17-pro-max-256gb-tiefblau;Quarantäne;Tarifgrundpreis Monat 25–36
Bündel;iPhone 17 Pro Max;512;o2;netzbetreiber;O2 Mobile L mit 150 GB+ (24 Mon.);L;neu;9,00;24,99;48,50;;36;0,00;36;;;2026-10-06;https://www.o2online.de/e-shop/apple/apple-iphone-17-pro-max-256gb-cosmic-orange-details?ohne-tarif=nein&zielgruppe=privatkunden&ratenzahlung=36&vertragsart=ratenzahlung&tarif=o2-mobile-unlimited-m-plus;apple-iphone-17-pro-max-512gb-cosmic-orange;Schätzung;Tarifgrundpreis Monat 25–36
Bündel;iPhone 17 Pro Max;512;o2;netzbetreiber;O2 Mobile L Plus mit 150 GB+ (24 Mon.);L;neu;9,00;19,99;48,50;;36;0,00;36;;;2026-10-06;https://www.o2online.de/e-shop/apple/apple-iphone-17-pro-max-256gb-cosmic-orange-details?ohne-tarif=nein&zielgruppe=privatkunden&ratenzahlung=36&vertragsart=ratenzahlung&tarif=o2-mobile-unlimited-m-plus;apple-iphone-17-pro-max-512gb-cosmic-orange;Schätzung;Tarifgrundpreis Monat 25–36
Bündel;iPhone 17 Pro Max;512;o2;netzbetreiber;O2 Mobile on Demand M mit 50 GB+ (24 Mon.);M;neu;9,00;19,99;48,50;;36;39,99;36;;;2026-10-06;https://www.o2online.de/e-shop/apple/apple-iphone-17-pro-max-256gb-cosmic-orange-details?ohne-tarif=nein&zielgruppe=privatkunden&ratenzahlung=36&vertragsart=ratenzahlung&tarif=o2-mobile-unlimited-m-plus;apple-iphone-17-pro-max-512gb-cosmic-orange;Schätzung;Tarifgrundpreis Monat 25–36
Bündel;iPhone 17 Pro Max;512;o2;netzbetreiber;O2 Mobile on Demand M Plus mit 50 GB+ (24 Mon.);M;neu;9,00;14,99;48,50;;36;39,99;36;;;2026-10-06;https://www.o2online.de/e-shop/apple/apple-iphone-17-pro-max-256gb-cosmic-orange-details?ohne-tarif=nein&zielgruppe=privatkunden&ratenzahlung=36&vertragsart=ratenzahlung&tarif=o2-mobile-unlimited-m-plus;apple-iphone-17-pro-max-512gb-cosmic-orange;Schätzung;Tarifgrundpreis Monat 25–36
Bündel;iPhone 17 Pro Max;512;o2;netzbetreiber;O2 Mobile S mit 15 GB+ (24 Mon.);XS;neu;9,00;14,99;48,50;;36;39,99;36;;;2026-10-06;https://www.o2online.de/e-shop/apple/apple-iphone-17-pro-max-256gb-cosmic-orange-details?ohne-tarif=nein&zielgruppe=privatkunden&ratenzahlung=36&vertragsart=ratenzahlung&tarif=o2-mobile-unlimited-m-plus;apple-iphone-17-pro-max-512gb-cosmic-orange;Schätzung;Tarifgrundpreis Monat 25–36
Bündel;iPhone 17 Pro Max;512;o2;netzbetreiber;O2 Mobile Unlimited L mit 300 MBit/s (24 Mon.);XL;neu;9,00;39,99;48,50;;36;0,00;36;;;2026-10-06;https://www.o2online.de/e-shop/apple/apple-iphone-17-pro-max-256gb-cosmic-orange-details?ohne-tarif=nein&zielgruppe=privatkunden&ratenzahlung=36&vertragsart=ratenzahlung&tarif=o2-mobile-unlimited-m-plus;apple-iphone-17-pro-max-512gb-cosmic-orange;Schätzung;Tarifgrundpreis Monat 25–36
Bündel;iPhone 17 Pro Max;512;o2;netzbetreiber;O2 Mobile Unlimited M mit 100 MBit/s (24 Mon.);XL;neu;9,00;29,99;48,50;;36;0,00;36;;;2026-10-06;https://www.o2online.de/e-shop/apple/apple-iphone-17-pro-max-256gb-cosmic-orange-details?ohne-tarif=nein&zielgruppe=privatkunden&ratenzahlung=36&vertragsart=ratenzahlung&tarif=o2-mobile-unlimited-m-plus;apple-iphone-17-pro-max-512gb-cosmic-orange;Schätzung;Tarifgrundpreis Monat 25–36
Bündel;iPhone 17 Pro Max;512;o2;netzbetreiber;O2 Mobile Unlimited M Plus mit 100 MBit/s (24 Mon.);XL;neu;9,00;19,99;48,50;;36;0,00;36;;;2026-10-06;https://www.o2online.de/e-shop/apple/apple-iphone-17-pro-max-256gb-cosmic-orange-details?ohne-tarif=nein&zielgruppe=privatkunden&ratenzahlung=36&vertragsart=ratenzahlung&tarif=o2-mobile-unlimited-m-plus;apple-iphone-17-pro-max-512gb-cosmic-orange;Quarantäne;Tarifgrundpreis Monat 25–36
Bündel;iPhone 17 Pro Max;512;o2;netzbetreiber;O2 Mobile Unlimited S Special mit 15 MBit/s (24 Mon.);XL;neu;9,00;24,99;48,50;;36;39,99;36;;;2026-10-06;https://www.o2online.de/e-shop/apple/apple-iphone-17-pro-max-256gb-cosmic-orange-details?ohne-tarif=nein&zielgruppe=privatkunden&ratenzahlung=36&vertragsart=ratenzahlung&tarif=o2-mobile-unlimited-m-plus;apple-iphone-17-pro-max-512gb-cosmic-orange;Schätzung;Tarifgrundpreis Monat 25–36
Bündel;iPhone 17 Pro Max;512;o2;netzbetreiber;O2 Mobile Unlimited S Special Plus mit 15 MBit/s (24 Mon.);XL;neu;9,00;19,99;48,50;;36;39,99;36;;;2026-10-06;https://www.o2online.de/e-shop/apple/apple-iphone-17-pro-max-256gb-cosmic-orange-details?ohne-tarif=nein&zielgruppe=privatkunden&ratenzahlung=36&vertragsart=ratenzahlung&tarif=o2-mobile-unlimited-m-plus;apple-iphone-17-pro-max-512gb-cosmic-orange;Schätzung;Tarifgrundpreis Monat 25–36
Bündel;iPhone 17e;256;o2;netzbetreiber;O2 Mobile L mit 150 GB+ (24 Mon.);L;neu;1,00;24,99;23,50;;36;0,00;36;;;2026-10-06;https://www.o2online.de/e-shop/apple/apple-iphone-17e-256gb-schwarz-details?ohne-tarif=nein&zielgruppe=privatkunden&ratenzahlung=36&vertragsart=ratenzahlung&tarif=o2-mobile-unlimited-m-plus;apple-iphone-17e-256gb-schwarz;Schätzung;Tarifgrundpreis Monat 25–36
Bündel;iPhone 17e;256;o2;netzbetreiber;O2 Mobile L Plus mit 150 GB+ (24 Mon.);L;neu;1,00;19,99;23,50;;36;0,00;36;;;2026-10-06;https://www.o2online.de/e-shop/apple/apple-iphone-17e-256gb-schwarz-details?ohne-tarif=nein&zielgruppe=privatkunden&ratenzahlung=36&vertragsart=ratenzahlung&tarif=o2-mobile-unlimited-m-plus;apple-iphone-17e-256gb-schwarz;Schätzung;Tarifgrundpreis Monat 25–36
Bündel;iPhone 17e;256;o2;netzbetreiber;O2 Mobile on Demand M mit 50 GB+ (24 Mon.);M;neu;1,00;19,99;23,50;;36;39,99;36;;;2026-10-06;https://www.o2online.de/e-shop/apple/apple-iphone-17e-256gb-schwarz-details?ohne-tarif=nein&zielgruppe=privatkunden&ratenzahlung=36&vertragsart=ratenzahlung&tarif=o2-mobile-unlimited-m-plus;apple-iphone-17e-256gb-schwarz;Schätzung;Tarifgrundpreis Monat 25–36
Bündel;iPhone 17e;256;o2;netzbetreiber;O2 Mobile on Demand M Plus mit 50 GB+ (24 Mon.);M;neu;1,00;14,99;23,50;;36;39,99;36;;;2026-10-06;https://www.o2online.de/e-shop/apple/apple-iphone-17e-256gb-schwarz-details?ohne-tarif=nein&zielgruppe=privatkunden&ratenzahlung=36&vertragsart=ratenzahlung&tarif=o2-mobile-unlimited-m-plus;apple-iphone-17e-256gb-schwarz;Schätzung;Tarifgrundpreis Monat 25–36
Bündel;iPhone 17e;256;o2;netzbetreiber;O2 Mobile S mit 15 GB+ (24 Mon.);XS;neu;1,00;14,99;23,50;;36;39,99;36;;;2026-10-06;https://www.o2online.de/e-shop/apple/apple-iphone-17e-256gb-schwarz-details?ohne-tarif=nein&zielgruppe=privatkunden&ratenzahlung=36&vertragsart=ratenzahlung&tarif=o2-mobile-unlimited-m-plus;apple-iphone-17e-256gb-schwarz;Schätzung;Tarifgrundpreis Monat 25–36
Bündel;iPhone 17e;256;o2;netzbetreiber;O2 Mobile Unlimited L mit 300 MBit/s (24 Mon.);XL;neu;1,00;39,99;23,50;;36;0,00;36;;;2026-10-06;https://www.o2online.de/e-shop/apple/apple-iphone-17e-256gb-schwarz-details?ohne-tarif=nein&zielgruppe=privatkunden&ratenzahlung=36&vertragsart=ratenzahlung&tarif=o2-mobile-unlimited-m-plus;apple-iphone-17e-256gb-schwarz;Schätzung;Tarifgrundpreis Monat 25–36
Bündel;iPhone 17e;256;o2;netzbetreiber;O2 Mobile Unlimited M mit 100 MBit/s (24 Mon.);XL;neu;1,00;29,99;23,50;;36;0,00;36;;;2026-10-06;https://www.o2online.de/e-shop/apple/apple-iphone-17e-256gb-schwarz-details?ohne-tarif=nein&zielgruppe=privatkunden&ratenzahlung=36&vertragsart=ratenzahlung&tarif=o2-mobile-unlimited-m-plus;apple-iphone-17e-256gb-schwarz;Schätzung;Tarifgrundpreis Monat 25–36
Bündel;iPhone 17e;256;o2;netzbetreiber;O2 Mobile Unlimited M Plus mit 100 MBit/s (24 Mon.);XL;neu;1,00;19,99;23,50;;36;0,00;36;;;2026-10-07;https://www.o2online.de/e-shop/apple/apple-iphone-17e-256gb-schwarz-details?ohne-tarif=nein&zielgruppe=privatkunden&ratenzahlung=36&vertragsart=ratenzahlung&tarif=o2-mobile-unlimited-m-plus;apple-iphone-17e-256gb-schwarz;Quarantäne;Tarifgrundpreis Monat 25–36
Bündel;iPhone 17e;256;o2;netzbetreiber;O2 Mobile Unlimited S Special mit 15 MBit/s (24 Mon.);XL;neu;1,00;24,99;23,50;;36;39,99;36;;;2026-10-06;https://www.o2online.de/e-shop/apple/apple-iphone-17e-256gb-schwarz-details?ohne-tarif=nein&zielgruppe=privatkunden&ratenzahlung=36&vertragsart=ratenzahlung&tarif=o2-mobile-unlimited-m-plus;apple-iphone-17e-256gb-schwarz;Schätzung;Tarifgrundpreis Monat 25–36
Bündel;iPhone 17e;256;o2;netzbetreiber;O2 Mobile Unlimited S Special Plus mit 15 MBit/s (24 Mon.);XL;neu;1,00;19,99;23,50;;36;39,99;36;;;2026-10-06;https://www.o2online.de/e-shop/apple/apple-iphone-17e-256gb-schwarz-details?ohne-tarif=nein&zielgruppe=privatkunden&ratenzahlung=36&vertragsart=ratenzahlung&tarif=o2-mobile-unlimited-m-plus;apple-iphone-17e-256gb-schwarz;Schätzung;Tarifgrundpreis Monat 25–36
Bündel;iPhone 17e;512;o2;netzbetreiber;O2 Mobile L mit 150 GB+ (24 Mon.);L;neu;13,00;24,99;30,00;;36;0,00;36;;;2026-10-05;https://www.o2online.de/e-shop/apple/apple-iphone-17e-256gb-schwarz-details?ohne-tarif=nein&zielgruppe=privatkunden&ratenzahlung=36&vertragsart=ratenzahlung&tarif=o2-mobile-unlimited-m-plus;apple-iphone-17e-512gb-schwarz;Schätzung;Tarifgrundpreis Monat 25–36
Bündel;iPhone 17e;512;o2;netzbetreiber;O2 Mobile L Plus mit 150 GB+ (24 Mon.);L;neu;13,00;19,99;30,00;;36;0,00;36;;;2026-10-05;https://www.o2online.de/e-shop/apple/apple-iphone-17e-256gb-schwarz-details?ohne-tarif=nein&zielgruppe=privatkunden&ratenzahlung=36&vertragsart=ratenzahlung&tarif=o2-mobile-unlimited-m-plus;apple-iphone-17e-512gb-schwarz;Schätzung;Tarifgrundpreis Monat 25–36
Bündel;iPhone 17e;512;o2;netzbetreiber;O2 Mobile on Demand M mit 50 GB+ (24 Mon.);M;neu;13,00;19,99;30,00;;36;39,99;36;;;2026-10-05;https://www.o2online.de/e-shop/apple/apple-iphone-17e-256gb-schwarz-details?ohne-tarif=nein&zielgruppe=privatkunden&ratenzahlung=36&vertragsart=ratenzahlung&tarif=o2-mobile-unlimited-m-plus;apple-iphone-17e-512gb-schwarz;Schätzung;Tarifgrundpreis Monat 25–36
Bündel;iPhone 17e;512;o2;netzbetreiber;O2 Mobile on Demand M Plus mit 50 GB+ (24 Mon.);M;neu;13,00;14,99;30,00;;36;39,99;36;;;2026-10-05;https://www.o2online.de/e-shop/apple/apple-iphone-17e-256gb-schwarz-details?ohne-tarif=nein&zielgruppe=privatkunden&ratenzahlung=36&vertragsart=ratenzahlung&tarif=o2-mobile-unlimited-m-plus;apple-iphone-17e-512gb-schwarz;Schätzung;Tarifgrundpreis Monat 25–36
Bündel;iPhone 17e;512;o2;netzbetreiber;O2 Mobile S mit 15 GB+ (24 Mon.);XS;neu;13,00;14,99;30,00;;36;39,99;36;;;2026-10-05;https://www.o2online.de/e-shop/apple/apple-iphone-17e-256gb-schwarz-details?ohne-tarif=nein&zielgruppe=privatkunden&ratenzahlung=36&vertragsart=ratenzahlung&tarif=o2-mobile-unlimited-m-plus;apple-iphone-17e-512gb-schwarz;Schätzung;Tarifgrundpreis Monat 25–36
Bündel;iPhone 17e;512;o2;netzbetreiber;O2 Mobile Unlimited L mit 300 MBit/s (24 Mon.);XL;neu;13,00;39,99;30,00;;36;0,00;36;;;2026-10-05;https://www.o2online.de/e-shop/apple/apple-iphone-17e-256gb-schwarz-details?ohne-tarif=nein&zielgruppe=privatkunden&ratenzahlung=36&vertragsart=ratenzahlung&tarif=o2-mobile-unlimited-m-plus;apple-iphone-17e-512gb-schwarz;Schätzung;Tarifgrundpreis Monat 25–36
Bündel;iPhone 17e;512;o2;netzbetreiber;O2 Mobile Unlimited M mit 100 MBit/s (24 Mon.);XL;neu;13,00;29,99;30,00;;36;0,00;36;;;2026-10-05;https://www.o2online.de/e-shop/apple/apple-iphone-17e-256gb-schwarz-details?ohne-tarif=nein&zielgruppe=privatkunden&ratenzahlung=36&vertragsart=ratenzahlung&tarif=o2-mobile-unlimited-m-plus;apple-iphone-17e-512gb-schwarz;Schätzung;Tarifgrundpreis Monat 25–36
Bündel;iPhone 17e;512;o2;netzbetreiber;O2 Mobile Unlimited M Plus mit 100 MBit/s (24 Mon.);XL;neu;13,00;19,99;30,00;;36;0,00;36;;;2026-10-05;https://www.o2online.de/e-shop/apple/apple-iphone-17e-256gb-schwarz-details?ohne-tarif=nein&zielgruppe=privatkunden&ratenzahlung=36&vertragsart=ratenzahlung&tarif=o2-mobile-unlimited-m-plus;apple-iphone-17e-512gb-schwarz;Quarantäne;Tarifgrundpreis Monat 25–36
Bündel;iPhone 17e;512;o2;netzbetreiber;O2 Mobile Unlimited S Special mit 15 MBit/s (24 Mon.);XL;neu;13,00;24,99;30,00;;36;39,99;36;;;2026-10-05;https://www.o2online.de/e-shop/apple/apple-iphone-17e-256gb-schwarz-details?ohne-tarif=nein&zielgruppe=privatkunden&ratenzahlung=36&vertragsart=ratenzahlung&tarif=o2-mobile-unlimited-m-plus;apple-iphone-17e-512gb-schwarz;Schätzung;Tarifgrundpreis Monat 25–36
Bündel;iPhone 17e;512;o2;netzbetreiber;O2 Mobile Unlimited S Special Plus mit 15 MBit/s (24 Mon.);XL;neu;13,00;19,99;30,00;;36;39,99;36;;;2026-10-05;https://www.o2online.de/e-shop/apple/apple-iphone-17e-256gb-schwarz-details?ohne-tarif=nein&zielgruppe=privatkunden&ratenzahlung=36&vertragsart=ratenzahlung&tarif=o2-mobile-unlimited-m-plus;apple-iphone-17e-512gb-schwarz;Schätzung;Tarifgrundpreis Monat 25–36
Bündel;iPhone 18 Pro;1024;o2;netzbetreiber;O2 Mobile L mit 150 GB+ (24 Mon.);L;neu;13,00;24,99;66,00;;36;0,00;36;;;2026-10-07;https://www.o2online.de/e-shop/apple/apple-iphone-18-pro-256gb-burgunder-details?ohne-tarif=nein&zielgruppe=privatkunden&ratenzahlung=36&vertragsart=ratenzahlung&tarif=o2-mobile-unlimited-m;apple-iphone-18-pro-1024gb-burgunder;Schätzung;Tarifgrundpreis Monat 25–36
Bündel;iPhone 18 Pro;1024;o2;netzbetreiber;O2 Mobile on Demand M mit 50 GB+ (24 Mon.);M;neu;13,00;19,99;66,00;;36;39,99;36;;;2026-10-07;https://www.o2online.de/e-shop/apple/apple-iphone-18-pro-256gb-burgunder-details?ohne-tarif=nein&zielgruppe=privatkunden&ratenzahlung=36&vertragsart=ratenzahlung&tarif=o2-mobile-unlimited-m;apple-iphone-18-pro-1024gb-burgunder;Schätzung;Tarifgrundpreis Monat 25–36
Bündel;iPhone 18 Pro;1024;o2;netzbetreiber;O2 Mobile S mit 15 GB+ (24 Mon.);XS;neu;13,00;14,99;66,00;;36;39,99;36;;;2026-10-07;https://www.o2online.de/e-shop/apple/apple-iphone-18-pro-256gb-burgunder-details?ohne-tarif=nein&zielgruppe=privatkunden&ratenzahlung=36&vertragsart=ratenzahlung&tarif=o2-mobile-unlimited-m;apple-iphone-18-pro-1024gb-burgunder;Schätzung;Tarifgrundpreis Monat 25–36
Bündel;iPhone 18 Pro;1024;o2;netzbetreiber;O2 Mobile Unlimited L mit 300 MBit/s (24 Mon.);XL;neu;13,00;34,99;66,00;;36;0,00;36;;;2026-10-07;https://www.o2online.de/e-shop/apple/apple-iphone-18-pro-256gb-burgunder-details?ohne-tarif=nein&zielgruppe=privatkunden&ratenzahlung=36&vertragsart=ratenzahlung&tarif=o2-mobile-unlimited-m;apple-iphone-18-pro-1024gb-burgunder;Schätzung;Tarifgrundpreis Monat 25–36
Bündel;iPhone 18 Pro;1024;o2;netzbetreiber;O2 Mobile Unlimited M mit 100 MBit/s (24 Mon.);XL;neu;13,00;24,99;66,00;;36;0,00;36;;;2026-10-07;https://www.o2online.de/e-shop/apple/apple-iphone-18-pro-256gb-burgunder-details?ohne-tarif=nein&zielgruppe=privatkunden&ratenzahlung=36&vertragsart=ratenzahlung&tarif=o2-mobile-unlimited-m;apple-iphone-18-pro-1024gb-burgunder;;Tarifgrundpreis Monat 25–36
Bündel;iPhone 18 Pro;1024;o2;netzbetreiber;O2 Mobile Unlimited S Special mit 15 MBit/s (24 Mon.);XL;neu;13,00;24,99;66,00;;36;39,99;36;;;2026-10-07;https://www.o2online.de/e-shop/apple/apple-iphone-18-pro-256gb-burgunder-details?ohne-tarif=nein&zielgruppe=privatkunden&ratenzahlung=36&vertragsart=ratenzahlung&tarif=o2-mobile-unlimited-m;apple-iphone-18-pro-1024gb-burgunder;Schätzung;Tarifgrundpreis Monat 25–36
Bündel;iPhone 18 Pro;2048;o2;netzbetreiber;O2 Mobile L mit 150 GB+ (24 Mon.);L;neu;1,00;24,99;89,00;;36;0,00;36;;;2026-10-07;https://www.o2online.de/e-shop/apple/apple-iphone-18-pro-256gb-burgunder-details?ohne-tarif=nein&zielgruppe=privatkunden&ratenzahlung=36&vertragsart=ratenzahlung&tarif=o2-mobile-unlimited-m;apple-iphone-18-pro-2048gb-burgunder;Schätzung;Tarifgrundpreis Monat 25–36
Bündel;iPhone 18 Pro;2048;o2;netzbetreiber;O2 Mobile on Demand M mit 50 GB+ (24 Mon.);M;neu;1,00;19,99;89,00;;36;39,99;36;;;2026-10-07;https://www.o2online.de/e-shop/apple/apple-iphone-18-pro-256gb-burgunder-details?ohne-tarif=nein&zielgruppe=privatkunden&ratenzahlung=36&vertragsart=ratenzahlung&tarif=o2-mobile-unlimited-m;apple-iphone-18-pro-2048gb-burgunder;Schätzung;Tarifgrundpreis Monat 25–36
Bündel;iPhone 18 Pro;2048;o2;netzbetreiber;O2 Mobile S mit 15 GB+ (24 Mon.);XS;neu;1,00;14,99;89,00;;36;39,99;36;;;2026-10-07;https://www.o2online.de/e-shop/apple/apple-iphone-18-pro-256gb-burgunder-details?ohne-tarif=nein&zielgruppe=privatkunden&ratenzahlung=36&vertragsart=ratenzahlung&tarif=o2-mobile-unlimited-m;apple-iphone-18-pro-2048gb-burgunder;Schätzung;Tarifgrundpreis Monat 25–36
Bündel;iPhone 18 Pro;2048;o2;netzbetreiber;O2 Mobile Unlimited L mit 300 MBit/s (24 Mon.);XL;neu;1,00;34,99;89,00;;36;0,00;36;;;2026-10-07;https://www.o2online.de/e-shop/apple/apple-iphone-18-pro-256gb-burgunder-details?ohne-tarif=nein&zielgruppe=privatkunden&ratenzahlung=36&vertragsart=ratenzahlung&tarif=o2-mobile-unlimited-m;apple-iphone-18-pro-2048gb-burgunder;Schätzung;Tarifgrundpreis Monat 25–36
Bündel;iPhone 18 Pro;2048;o2;netzbetreiber;O2 Mobile Unlimited M mit 100 MBit/s (24 Mon.);XL;neu;1,00;24,99;89,00;;36;0,00;36;;;2026-10-07;https://www.o2online.de/e-shop/apple/apple-iphone-18-pro-256gb-burgunder-details?ohne-tarif=nein&zielgruppe=privatkunden&ratenzahlung=36&vertragsart=ratenzahlung&tarif=o2-mobile-unlimited-m;apple-iphone-18-pro-2048gb-burgunder;;Tarifgrundpreis Monat 25–36
Bündel;iPhone 18 Pro;2048;o2;netzbetreiber;O2 Mobile Unlimited S Special mit 15 MBit/s (24 Mon.);XL;neu;1,00;24,99;89,00;;36;39,99;36;;;2026-10-07;https://www.o2online.de/e-shop/apple/apple-iphone-18-pro-256gb-burgunder-details?ohne-tarif=nein&zielgruppe=privatkunden&ratenzahlung=36&vertragsart=ratenzahlung&tarif=o2-mobile-unlimited-m;apple-iphone-18-pro-2048gb-burgunder;Schätzung;Tarifgrundpreis Monat 25–36
Bündel;iPhone 18 Pro;256;o2;netzbetreiber;O2 Mobile L mit 150 GB+ (24 Mon.);L;neu;1,00;24,99;43,50;;36;0,00;36;;;2026-10-07;https://www.o2online.de/e-shop/apple/apple-iphone-18-pro-256gb-burgunder-details?ohne-tarif=nein&zielgruppe=privatkunden&ratenzahlung=36&vertragsart=ratenzahlung&tarif=o2-mobile-unlimited-m;apple-iphone-18-pro-256gb-burgunder;Schätzung;Tarifgrundpreis Monat 25–36
Bündel;iPhone 18 Pro;256;o2;netzbetreiber;O2 Mobile on Demand M mit 50 GB+ (24 Mon.);M;neu;1,00;19,99;43,50;;36;39,99;36;;;2026-10-07;https://www.o2online.de/e-shop/apple/apple-iphone-18-pro-256gb-burgunder-details?ohne-tarif=nein&zielgruppe=privatkunden&ratenzahlung=36&vertragsart=ratenzahlung&tarif=o2-mobile-unlimited-m;apple-iphone-18-pro-256gb-burgunder;Schätzung;Tarifgrundpreis Monat 25–36
Bündel;iPhone 18 Pro;256;o2;netzbetreiber;O2 Mobile S mit 15 GB+ (24 Mon.);XS;neu;1,00;14,99;43,50;;36;39,99;36;;;2026-10-07;https://www.o2online.de/e-shop/apple/apple-iphone-18-pro-256gb-burgunder-details?ohne-tarif=nein&zielgruppe=privatkunden&ratenzahlung=36&vertragsart=ratenzahlung&tarif=o2-mobile-unlimited-m;apple-iphone-18-pro-256gb-burgunder;Schätzung;Tarifgrundpreis Monat 25–36
Bündel;iPhone 18 Pro;256;o2;netzbetreiber;O2 Mobile Unlimited L mit 300 MBit/s (24 Mon.);XL;neu;1,00;34,99;43,50;;36;0,00;36;;;2026-10-07;https://www.o2online.de/e-shop/apple/apple-iphone-18-pro-256gb-burgunder-details?ohne-tarif=nein&zielgruppe=privatkunden&ratenzahlung=36&vertragsart=ratenzahlung&tarif=o2-mobile-unlimited-m;apple-iphone-18-pro-256gb-burgunder;Schätzung;Tarifgrundpreis Monat 25–36
Bündel;iPhone 18 Pro;256;o2;netzbetreiber;O2 Mobile Unlimited M mit 100 MBit/s (24 Mon.);XL;neu;1,00;24,99;43,50;;36;0,00;36;;;2026-10-07;https://www.o2online.de/e-shop/apple/apple-iphone-18-pro-256gb-burgunder-details?ohne-tarif=nein&zielgruppe=privatkunden&ratenzahlung=36&vertragsart=ratenzahlung&tarif=o2-mobile-unlimited-m;apple-iphone-18-pro-256gb-burgunder;;Tarifgrundpreis Monat 25–36
Bündel;iPhone 18 Pro;256;o2;netzbetreiber;O2 Mobile Unlimited S Special mit 15 MBit/s (24 Mon.);XL;neu;1,00;24,99;43,50;;36;39,99;36;;;2026-10-07;https://www.o2online.de/e-shop/apple/apple-iphone-18-pro-256gb-burgunder-details?ohne-tarif=nein&zielgruppe=privatkunden&ratenzahlung=36&vertragsart=ratenzahlung&tarif=o2-mobile-unlimited-m;apple-iphone-18-pro-256gb-burgunder;Schätzung;Tarifgrundpreis Monat 25–36
Bündel;iPhone 18 Pro;512;o2;netzbetreiber;O2 Mobile L mit 150 GB+ (24 Mon.);L;neu;1,00;24,99;51,00;;36;0,00;36;;;2026-10-07;https://www.o2online.de/e-shop/apple/apple-iphone-18-pro-256gb-burgunder-details?ohne-tarif=nein&zielgruppe=privatkunden&ratenzahlung=36&vertragsart=ratenzahlung&tarif=o2-mobile-unlimited-m;apple-iphone-18-pro-512gb-burgunder;Schätzung;Tarifgrundpreis Monat 25–36
Bündel;iPhone 18 Pro;512;o2;netzbetreiber;O2 Mobile on Demand M mit 50 GB+ (24 Mon.);M;neu;1,00;19,99;51,00;;36;39,99;36;;;2026-10-07;https://www.o2online.de/e-shop/apple/apple-iphone-18-pro-256gb-burgunder-details?ohne-tarif=nein&zielgruppe=privatkunden&ratenzahlung=36&vertragsart=ratenzahlung&tarif=o2-mobile-unlimited-m;apple-iphone-18-pro-512gb-burgunder;Schätzung;Tarifgrundpreis Monat 25–36
Bündel;iPhone 18 Pro;512;o2;netzbetreiber;O2 Mobile S mit 15 GB+ (24 Mon.);XS;neu;1,00;14,99;51,00;;36;39,99;36;;;2026-10-07;https://www.o2online.de/e-shop/apple/apple-iphone-18-pro-256gb-burgunder-details?ohne-tarif=nein&zielgruppe=privatkunden&ratenzahlung=36&vertragsart=ratenzahlung&tarif=o2-mobile-unlimited-m;apple-iphone-18-pro-512gb-burgunder;Schätzung;Tarifgrundpreis Monat 25–36
Bündel;iPhone 18 Pro;512;o2;netzbetreiber;O2 Mobile Unlimited L mit 300 MBit/s (24 Mon.);XL;neu;1,00;34,99;51,00;;36;0,00;36;;;2026-10-07;https://www.o2online.de/e-shop/apple/apple-iphone-18-pro-256gb-burgunder-details?ohne-tarif=nein&zielgruppe=privatkunden&ratenzahlung=36&vertragsart=ratenzahlung&tarif=o2-mobile-unlimited-m;apple-iphone-18-pro-512gb-burgunder;Schätzung;Tarifgrundpreis Monat 25–36
Bündel;iPhone 18 Pro;512;o2;netzbetreiber;O2 Mobile Unlimited M mit 100 MBit/s (24 Mon.);XL;neu;1,00;24,99;51,00;;36;0,00;36;;;2026-10-07;https://www.o2online.de/e-shop/apple/apple-iphone-18-pro-256gb-burgunder-details?ohne-tarif=nein&zielgruppe=privatkunden&ratenzahlung=36&vertragsart=ratenzahlung&tarif=o2-mobile-unlimited-m;apple-iphone-18-pro-512gb-burgunder;;Tarifgrundpreis Monat 25–36
Bündel;iPhone 18 Pro;512;o2;netzbetreiber;O2 Mobile Unlimited S Special mit 15 MBit/s (24 Mon.);XL;neu;1,00;24,99;51,00;;36;39,99;36;;;2026-10-07;https://www.o2online.de/e-shop/apple/apple-iphone-18-pro-256gb-burgunder-details?ohne-tarif=nein&zielgruppe=privatkunden&ratenzahlung=36&vertragsart=ratenzahlung&tarif=o2-mobile-unlimited-m;apple-iphone-18-pro-512gb-burgunder;Schätzung;Tarifgrundpreis Monat 25–36
Bündel;iPhone 18 Pro Max;1024;o2;netzbetreiber;O2 Mobile L mit 150 GB+ (24 Mon.);L;neu;1,00;24,99;71,00;;36;0,00;36;;;2026-10-06;https://www.o2online.de/e-shop/apple/apple-iphone-18-pro-max-256gb-polar-details?ohne-tarif=nein&zielgruppe=privatkunden&ratenzahlung=36&vertragsart=ratenzahlung&tarif=o2-mobile-unlimited-m;apple-iphone-18-pro-max-1024gb-polar;Schätzung;Tarifgrundpreis Monat 25–36
Bündel;iPhone 18 Pro Max;1024;o2;netzbetreiber;O2 Mobile on Demand M mit 50 GB+ (24 Mon.);M;neu;1,00;19,99;71,00;;36;39,99;36;;;2026-10-06;https://www.o2online.de/e-shop/apple/apple-iphone-18-pro-max-256gb-polar-details?ohne-tarif=nein&zielgruppe=privatkunden&ratenzahlung=36&vertragsart=ratenzahlung&tarif=o2-mobile-unlimited-m;apple-iphone-18-pro-max-1024gb-polar;Schätzung;Tarifgrundpreis Monat 25–36
Bündel;iPhone 18 Pro Max;1024;o2;netzbetreiber;O2 Mobile S mit 15 GB+ (24 Mon.);XS;neu;1,00;14,99;71,00;;36;39,99;36;;;2026-10-06;https://www.o2online.de/e-shop/apple/apple-iphone-18-pro-max-256gb-polar-details?ohne-tarif=nein&zielgruppe=privatkunden&ratenzahlung=36&vertragsart=ratenzahlung&tarif=o2-mobile-unlimited-m;apple-iphone-18-pro-max-1024gb-polar;Schätzung;Tarifgrundpreis Monat 25–36
Bündel;iPhone 18 Pro Max;1024;o2;netzbetreiber;O2 Mobile Unlimited L mit 300 MBit/s (24 Mon.);XL;neu;1,00;34,99;71,00;;36;0,00;36;;;2026-10-06;https://www.o2online.de/e-shop/apple/apple-iphone-18-pro-max-256gb-polar-details?ohne-tarif=nein&zielgruppe=privatkunden&ratenzahlung=36&vertragsart=ratenzahlung&tarif=o2-mobile-unlimited-m;apple-iphone-18-pro-max-1024gb-polar;Schätzung;Tarifgrundpreis Monat 25–36
Bündel;iPhone 18 Pro Max;1024;o2;netzbetreiber;O2 Mobile Unlimited M mit 100 MBit/s (24 Mon.);XL;neu;1,00;24,99;71,00;;36;0,00;36;;;2026-10-06;https://www.o2online.de/e-shop/apple/apple-iphone-18-pro-max-256gb-polar-details?ohne-tarif=nein&zielgruppe=privatkunden&ratenzahlung=36&vertragsart=ratenzahlung&tarif=o2-mobile-unlimited-m;apple-iphone-18-pro-max-1024gb-polar;;Tarifgrundpreis Monat 25–36
Bündel;iPhone 18 Pro Max;1024;o2;netzbetreiber;O2 Mobile Unlimited S Special mit 15 MBit/s (24 Mon.);XL;neu;1,00;24,99;71,00;;36;39,99;36;;;2026-10-06;https://www.o2online.de/e-shop/apple/apple-iphone-18-pro-max-256gb-polar-details?ohne-tarif=nein&zielgruppe=privatkunden&ratenzahlung=36&vertragsart=ratenzahlung&tarif=o2-mobile-unlimited-m;apple-iphone-18-pro-max-1024gb-polar;Schätzung;Tarifgrundpreis Monat 25–36
Bündel;iPhone 18 Pro Max;2048;o2;netzbetreiber;O2 Mobile L mit 150 GB+ (24 Mon.);L;neu;7,00;24,99;93,50;;36;0,00;36;;;2026-10-06;https://www.o2online.de/e-shop/apple/apple-iphone-18-pro-max-256gb-polar-details?ohne-tarif=nein&zielgruppe=privatkunden&ratenzahlung=36&vertragsart=ratenzahlung&tarif=o2-mobile-unlimited-m;apple-iphone-18-pro-max-2048gb-polar;Schätzung;Tarifgrundpreis Monat 25–36
Bündel;iPhone 18 Pro Max;2048;o2;netzbetreiber;O2 Mobile on Demand M mit 50 GB+ (24 Mon.);M;neu;7,00;19,99;93,50;;36;39,99;36;;;2026-10-06;https://www.o2online.de/e-shop/apple/apple-iphone-18-pro-max-256gb-polar-details?ohne-tarif=nein&zielgruppe=privatkunden&ratenzahlung=36&vertragsart=ratenzahlung&tarif=o2-mobile-unlimited-m;apple-iphone-18-pro-max-2048gb-polar;Schätzung;Tarifgrundpreis Monat 25–36
Bündel;iPhone 18 Pro Max;2048;o2;netzbetreiber;O2 Mobile S mit 15 GB+ (24 Mon.);XS;neu;7,00;14,99;93,50;;36;39,99;36;;;2026-10-06;https://www.o2online.de/e-shop/apple/apple-iphone-18-pro-max-256gb-polar-details?ohne-tarif=nein&zielgruppe=privatkunden&ratenzahlung=36&vertragsart=ratenzahlung&tarif=o2-mobile-unlimited-m;apple-iphone-18-pro-max-2048gb-polar;Schätzung;Tarifgrundpreis Monat 25–36
Bündel;iPhone 18 Pro Max;2048;o2;netzbetreiber;O2 Mobile Unlimited L mit 300 MBit/s (24 Mon.);XL;neu;7,00;34,99;93,50;;36;0,00;36;;;2026-10-06;https://www.o2online.de/e-shop/apple/apple-iphone-18-pro-max-256gb-polar-details?ohne-tarif=nein&zielgruppe=privatkunden&ratenzahlung=36&vertragsart=ratenzahlung&tarif=o2-mobile-unlimited-m;apple-iphone-18-pro-max-2048gb-polar;Schätzung;Tarifgrundpreis Monat 25–36
Bündel;iPhone 18 Pro Max;2048;o2;netzbetreiber;O2 Mobile Unlimited M mit 100 MBit/s (24 Mon.);XL;neu;7,00;24,99;93,50;;36;0,00;36;;;2026-10-06;https://www.o2online.de/e-shop/apple/apple-iphone-18-pro-max-256gb-polar-details?ohne-tarif=nein&zielgruppe=privatkunden&ratenzahlung=36&vertragsart=ratenzahlung&tarif=o2-mobile-unlimited-m;apple-iphone-18-pro-max-2048gb-polar;;Tarifgrundpreis Monat 25–36
Bündel;iPhone 18 Pro Max;2048;o2;netzbetreiber;O2 Mobile Unlimited S Special mit 15 MBit/s (24 Mon.);XL;neu;7,00;24,99;93,50;;36;39,99;36;;;2026-10-06;https://www.o2online.de/e-shop/apple/apple-iphone-18-pro-max-256gb-polar-details?ohne-tarif=nein&zielgruppe=privatkunden&ratenzahlung=36&vertragsart=ratenzahlung&tarif=o2-mobile-unlimited-m;apple-iphone-18-pro-max-2048gb-polar;Schätzung;Tarifgrundpreis Monat 25–36
Bündel;iPhone 18 Pro Max;256;o2;netzbetreiber;O2 Mobile L mit 150 GB+ (24 Mon.);L;neu;1,00;24,99;48,00;;36;0,00;36;;;2026-10-06;https://www.o2online.de/e-shop/apple/apple-iphone-18-pro-max-256gb-polar-details?ohne-tarif=nein&zielgruppe=privatkunden&ratenzahlung=36&vertragsart=ratenzahlung&tarif=o2-mobile-unlimited-m;apple-iphone-18-pro-max-256gb-polar;Schätzung;Tarifgrundpreis Monat 25–36
Bündel;iPhone 18 Pro Max;256;o2;netzbetreiber;O2 Mobile on Demand M mit 50 GB+ (24 Mon.);M;neu;1,00;19,99;48,00;;36;39,99;36;;;2026-10-06;https://www.o2online.de/e-shop/apple/apple-iphone-18-pro-max-256gb-polar-details?ohne-tarif=nein&zielgruppe=privatkunden&ratenzahlung=36&vertragsart=ratenzahlung&tarif=o2-mobile-unlimited-m;apple-iphone-18-pro-max-256gb-polar;Schätzung;Tarifgrundpreis Monat 25–36
Bündel;iPhone 18 Pro Max;256;o2;netzbetreiber;O2 Mobile S mit 15 GB+ (24 Mon.);XS;neu;1,00;14,99;48,00;;36;39,99;36;;;2026-10-06;https://www.o2online.de/e-shop/apple/apple-iphone-18-pro-max-256gb-polar-details?ohne-tarif=nein&zielgruppe=privatkunden&ratenzahlung=36&vertragsart=ratenzahlung&tarif=o2-mobile-unlimited-m;apple-iphone-18-pro-max-256gb-polar;Schätzung;Tarifgrundpreis Monat 25–36
Bündel;iPhone 18 Pro Max;256;o2;netzbetreiber;O2 Mobile Unlimited L mit 300 MBit/s (24 Mon.);XL;neu;1,00;34,99;48,00;;36;0,00;36;;;2026-10-06;https://www.o2online.de/e-shop/apple/apple-iphone-18-pro-max-256gb-polar-details?ohne-tarif=nein&zielgruppe=privatkunden&ratenzahlung=36&vertragsart=ratenzahlung&tarif=o2-mobile-unlimited-m;apple-iphone-18-pro-max-256gb-polar;Schätzung;Tarifgrundpreis Monat 25–36
Bündel;iPhone 18 Pro Max;256;o2;netzbetreiber;O2 Mobile Unlimited M mit 100 MBit/s (24 Mon.);XL;neu;1,00;24,99;48,00;;36;0,00;36;;;2026-10-07;https://www.o2online.de/e-shop/apple/apple-iphone-18-pro-max-256gb-polar-details?ohne-tarif=nein&zielgruppe=privatkunden&ratenzahlung=36&vertragsart=ratenzahlung&tarif=o2-mobile-unlimited-m;apple-iphone-18-pro-max-256gb-polar;;Tarifgrundpreis Monat 25–36
Bündel;iPhone 18 Pro Max;256;o2;netzbetreiber;O2 Mobile Unlimited S Special mit 15 MBit/s (24 Mon.);XL;neu;1,00;24,99;48,00;;36;39,99;36;;;2026-10-06;https://www.o2online.de/e-shop/apple/apple-iphone-18-pro-max-256gb-polar-details?ohne-tarif=nein&zielgruppe=privatkunden&ratenzahlung=36&vertragsart=ratenzahlung&tarif=o2-mobile-unlimited-m;apple-iphone-18-pro-max-256gb-polar;Schätzung;Tarifgrundpreis Monat 25–36
Bündel;iPhone 18 Pro Max;512;o2;netzbetreiber;O2 Mobile L mit 150 GB+ (24 Mon.);L;neu;1,00;24,99;55,50;;36;0,00;36;;;2026-10-06;https://www.o2online.de/e-shop/apple/apple-iphone-18-pro-max-256gb-polar-details?ohne-tarif=nein&zielgruppe=privatkunden&ratenzahlung=36&vertragsart=ratenzahlung&tarif=o2-mobile-unlimited-m;apple-iphone-18-pro-max-512gb-polar;Schätzung;Tarifgrundpreis Monat 25–36
Bündel;iPhone 18 Pro Max;512;o2;netzbetreiber;O2 Mobile on Demand M mit 50 GB+ (24 Mon.);M;neu;1,00;19,99;55,50;;36;39,99;36;;;2026-10-06;https://www.o2online.de/e-shop/apple/apple-iphone-18-pro-max-256gb-polar-details?ohne-tarif=nein&zielgruppe=privatkunden&ratenzahlung=36&vertragsart=ratenzahlung&tarif=o2-mobile-unlimited-m;apple-iphone-18-pro-max-512gb-polar;Schätzung;Tarifgrundpreis Monat 25–36
Bündel;iPhone 18 Pro Max;512;o2;netzbetreiber;O2 Mobile S mit 15 GB+ (24 Mon.);XS;neu;1,00;14,99;55,50;;36;39,99;36;;;2026-10-06;https://www.o2online.de/e-shop/apple/apple-iphone-18-pro-max-256gb-polar-details?ohne-tarif=nein&zielgruppe=privatkunden&ratenzahlung=36&vertragsart=ratenzahlung&tarif=o2-mobile-unlimited-m;apple-iphone-18-pro-max-512gb-polar;Schätzung;Tarifgrundpreis Monat 25–36
Bündel;iPhone 18 Pro Max;512;o2;netzbetreiber;O2 Mobile Unlimited L mit 300 MBit/s (24 Mon.);XL;neu;1,00;34,99;55,50;;36;0,00;36;;;2026-10-06;https://www.o2online.de/e-shop/apple/apple-iphone-18-pro-max-256gb-polar-details?ohne-tarif=nein&zielgruppe=privatkunden&ratenzahlung=36&vertragsart=ratenzahlung&tarif=o2-mobile-unlimited-m;apple-iphone-18-pro-max-512gb-polar;Schätzung;Tarifgrundpreis Monat 25–36
Bündel;iPhone 18 Pro Max;512;o2;netzbetreiber;O2 Mobile Unlimited M mit 100 MBit/s (24 Mon.);XL;neu;1,00;24,99;55,50;;36;0,00;36;;;2026-10-06;https://www.o2online.de/e-shop/apple/apple-iphone-18-pro-max-256gb-polar-details?ohne-tarif=nein&zielgruppe=privatkunden&ratenzahlung=36&vertragsart=ratenzahlung&tarif=o2-mobile-unlimited-m;apple-iphone-18-pro-max-512gb-polar;;Tarifgrundpreis Monat 25–36
Bündel;iPhone 18 Pro Max;512;o2;netzbetreiber;O2 Mobile Unlimited S Special mit 15 MBit/s (24 Mon.);XL;neu;1,00;24,99;55,50;;36;39,99;36;;;2026-10-06;https://www.o2online.de/e-shop/apple/apple-iphone-18-pro-max-256gb-polar-details?ohne-tarif=nein&zielgruppe=privatkunden&ratenzahlung=36&vertragsart=ratenzahlung&tarif=o2-mobile-unlimited-m;apple-iphone-18-pro-max-512gb-polar;Schätzung;Tarifgrundpreis Monat 25–36
Bündel;iPhone Air;256;o2;netzbetreiber;O2 Mobile L mit 150 GB+ (24 Mon.);L;neu;1,00;24,99;27,50;;36;0,00;36;;;2026-10-06;https://www.o2online.de/e-shop/apple/apple-iphone-air-256gb-himmelblau-details?ohne-tarif=nein&zielgruppe=privatkunden&ratenzahlung=36&vertragsart=ratenzahlung&tarif=o2-mobile-on-demand-m-plus;apple-iphone-air-256gb-himmelblau;Schätzung;Tarifgrundpreis Monat 25–36
Bündel;iPhone Air;256;o2;netzbetreiber;O2 Mobile L Plus mit 150 GB+ (24 Mon.);L;neu;1,00;19,99;27,50;;36;0,00;36;;;2026-10-06;https://www.o2online.de/e-shop/apple/apple-iphone-air-256gb-himmelblau-details?ohne-tarif=nein&zielgruppe=privatkunden&ratenzahlung=36&vertragsart=ratenzahlung&tarif=o2-mobile-on-demand-m-plus;apple-iphone-air-256gb-himmelblau;Schätzung;Tarifgrundpreis Monat 25–36
Bündel;iPhone Air;256;o2;netzbetreiber;O2 Mobile on Demand M mit 50 GB+ (24 Mon.);M;neu;1,00;19,99;27,50;;36;39,99;36;;;2026-10-06;https://www.o2online.de/e-shop/apple/apple-iphone-air-256gb-himmelblau-details?ohne-tarif=nein&zielgruppe=privatkunden&ratenzahlung=36&vertragsart=ratenzahlung&tarif=o2-mobile-on-demand-m-plus;apple-iphone-air-256gb-himmelblau;Schätzung;Tarifgrundpreis Monat 25–36
Bündel;iPhone Air;256;o2;netzbetreiber;O2 Mobile on Demand M Plus mit 50 GB+ (24 Mon.);M;neu;1,00;14,99;27,50;;36;39,99;36;;;2026-10-07;https://www.o2online.de/e-shop/apple/apple-iphone-air-256gb-himmelblau-details?ohne-tarif=nein&zielgruppe=privatkunden&ratenzahlung=36&vertragsart=ratenzahlung&tarif=o2-mobile-on-demand-m-plus;apple-iphone-air-256gb-himmelblau;;Tarifgrundpreis Monat 25–36
Bündel;iPhone Air;256;o2;netzbetreiber;O2 Mobile S mit 15 GB+ (24 Mon.);XS;neu;1,00;14,99;27,50;;36;39,99;36;;;2026-10-06;https://www.o2online.de/e-shop/apple/apple-iphone-air-256gb-himmelblau-details?ohne-tarif=nein&zielgruppe=privatkunden&ratenzahlung=36&vertragsart=ratenzahlung&tarif=o2-mobile-on-demand-m-plus;apple-iphone-air-256gb-himmelblau;Schätzung;Tarifgrundpreis Monat 25–36
Bündel;iPhone Air;256;o2;netzbetreiber;O2 Mobile Unlimited L mit 300 MBit/s (24 Mon.);XL;neu;1,00;39,99;27,50;;36;0,00;36;;;2026-10-06;https://www.o2online.de/e-shop/apple/apple-iphone-air-256gb-himmelblau-details?ohne-tarif=nein&zielgruppe=privatkunden&ratenzahlung=36&vertragsart=ratenzahlung&tarif=o2-mobile-on-demand-m-plus;apple-iphone-air-256gb-himmelblau;Schätzung;Tarifgrundpreis Monat 25–36
Bündel;iPhone Air;256;o2;netzbetreiber;O2 Mobile Unlimited M mit 100 MBit/s (24 Mon.);XL;neu;1,00;29,99;27,50;;36;0,00;36;;;2026-10-06;https://www.o2online.de/e-shop/apple/apple-iphone-air-256gb-himmelblau-details?ohne-tarif=nein&zielgruppe=privatkunden&ratenzahlung=36&vertragsart=ratenzahlung&tarif=o2-mobile-on-demand-m-plus;apple-iphone-air-256gb-himmelblau;Schätzung;Tarifgrundpreis Monat 25–36
Bündel;iPhone Air;256;o2;netzbetreiber;O2 Mobile Unlimited M Plus mit 100 MBit/s (24 Mon.);XL;neu;1,00;19,99;27,50;;36;0,00;36;;;2026-10-06;https://www.o2online.de/e-shop/apple/apple-iphone-air-256gb-himmelblau-details?ohne-tarif=nein&zielgruppe=privatkunden&ratenzahlung=36&vertragsart=ratenzahlung&tarif=o2-mobile-on-demand-m-plus;apple-iphone-air-256gb-himmelblau;Schätzung;Tarifgrundpreis Monat 25–36
Bündel;iPhone Air;256;o2;netzbetreiber;O2 Mobile Unlimited S Special mit 15 MBit/s (24 Mon.);XL;neu;1,00;24,99;27,50;;36;39,99;36;;;2026-10-06;https://www.o2online.de/e-shop/apple/apple-iphone-air-256gb-himmelblau-details?ohne-tarif=nein&zielgruppe=privatkunden&ratenzahlung=36&vertragsart=ratenzahlung&tarif=o2-mobile-on-demand-m-plus;apple-iphone-air-256gb-himmelblau;Schätzung;Tarifgrundpreis Monat 25–36
Bündel;iPhone Air;256;o2;netzbetreiber;O2 Mobile Unlimited S Special Plus mit 15 MBit/s (24 Mon.);XL;neu;1,00;19,99;27,50;;36;39,99;36;;;2026-10-06;https://www.o2online.de/e-shop/apple/apple-iphone-air-256gb-himmelblau-details?ohne-tarif=nein&zielgruppe=privatkunden&ratenzahlung=36&vertragsart=ratenzahlung&tarif=o2-mobile-on-demand-m-plus;apple-iphone-air-256gb-himmelblau;Schätzung;Tarifgrundpreis Monat 25–36
Bündel;Fairphone 6;256;o2;netzbetreiber;O2 Mobile L mit 150 GB+ (24 Mon.);L;neu;1,00;24,99;15,50;;36;0,00;36;;;2026-10-06;https://www.o2online.de/e-shop/fairphone/fairphone-6-256gb-schwarz-details?ohne-tarif=nein&zielgruppe=privatkunden&ratenzahlung=36&vertragsart=ratenzahlung&tarif=o2-mobile-on-demand-m-plus;fairphone-6-256gb-schwarz;Schätzung;Tarifgrundpreis Monat 25–36
Bündel;Fairphone 6;256;o2;netzbetreiber;O2 Mobile L Plus mit 150 GB+ (24 Mon.);L;neu;1,00;19,99;15,50;;36;0,00;36;;;2026-10-06;https://www.o2online.de/e-shop/fairphone/fairphone-6-256gb-schwarz-details?ohne-tarif=nein&zielgruppe=privatkunden&ratenzahlung=36&vertragsart=ratenzahlung&tarif=o2-mobile-on-demand-m-plus;fairphone-6-256gb-schwarz;Schätzung;Tarifgrundpreis Monat 25–36
Bündel;Fairphone 6;256;o2;netzbetreiber;O2 Mobile on Demand M mit 50 GB+ (24 Mon.);M;neu;1,00;19,99;15,50;;36;39,99;36;;;2026-10-06;https://www.o2online.de/e-shop/fairphone/fairphone-6-256gb-schwarz-details?ohne-tarif=nein&zielgruppe=privatkunden&ratenzahlung=36&vertragsart=ratenzahlung&tarif=o2-mobile-on-demand-m-plus;fairphone-6-256gb-schwarz;Schätzung;Tarifgrundpreis Monat 25–36
Bündel;Fairphone 6;256;o2;netzbetreiber;O2 Mobile on Demand M Plus mit 50 GB+ (24 Mon.);M;neu;1,00;14,99;15,50;;36;39,99;36;;;2026-10-07;https://www.o2online.de/e-shop/fairphone/fairphone-6-256gb-schwarz-details?ohne-tarif=nein&zielgruppe=privatkunden&ratenzahlung=36&vertragsart=ratenzahlung&tarif=o2-mobile-on-demand-m-plus;fairphone-6-256gb-schwarz;;Tarifgrundpreis Monat 25–36
Bündel;Fairphone 6;256;o2;netzbetreiber;O2 Mobile S mit 15 GB+ (24 Mon.);XS;neu;1,00;14,99;15,50;;36;39,99;36;;;2026-10-06;https://www.o2online.de/e-shop/fairphone/fairphone-6-256gb-schwarz-details?ohne-tarif=nein&zielgruppe=privatkunden&ratenzahlung=36&vertragsart=ratenzahlung&tarif=o2-mobile-on-demand-m-plus;fairphone-6-256gb-schwarz;Schätzung;Tarifgrundpreis Monat 25–36
Bündel;Fairphone 6;256;o2;netzbetreiber;O2 Mobile Unlimited L mit 300 MBit/s (24 Mon.);XL;neu;1,00;39,99;15,50;;36;0,00;36;;;2026-10-06;https://www.o2online.de/e-shop/fairphone/fairphone-6-256gb-schwarz-details?ohne-tarif=nein&zielgruppe=privatkunden&ratenzahlung=36&vertragsart=ratenzahlung&tarif=o2-mobile-on-demand-m-plus;fairphone-6-256gb-schwarz;Schätzung;Tarifgrundpreis Monat 25–36
Bündel;Fairphone 6;256;o2;netzbetreiber;O2 Mobile Unlimited M mit 100 MBit/s (24 Mon.);XL;neu;1,00;29,99;15,50;;36;0,00;36;;;2026-10-06;https://www.o2online.de/e-shop/fairphone/fairphone-6-256gb-schwarz-details?ohne-tarif=nein&zielgruppe=privatkunden&ratenzahlung=36&vertragsart=ratenzahlung&tarif=o2-mobile-on-demand-m-plus;fairphone-6-256gb-schwarz;Schätzung;Tarifgrundpreis Monat 25–36
Bündel;Fairphone 6;256;o2;netzbetreiber;O2 Mobile Unlimited M Plus mit 100 MBit/s (24 Mon.);XL;neu;1,00;19,99;15,50;;36;0,00;36;;;2026-10-06;https://www.o2online.de/e-shop/fairphone/fairphone-6-256gb-schwarz-details?ohne-tarif=nein&zielgruppe=privatkunden&ratenzahlung=36&vertragsart=ratenzahlung&tarif=o2-mobile-on-demand-m-plus;fairphone-6-256gb-schwarz;Schätzung;Tarifgrundpreis Monat 25–36
Bündel;Fairphone 6;256;o2;netzbetreiber;O2 Mobile Unlimited S Special mit 15 MBit/s (24 Mon.);XL;neu;1,00;24,99;15,50;;36;39,99;36;;;2026-10-06;https://www.o2online.de/e-shop/fairphone/fairphone-6-256gb-schwarz-details?ohne-tarif=nein&zielgruppe=privatkunden&ratenzahlung=36&vertragsart=ratenzahlung&tarif=o2-mobile-on-demand-m-plus;fairphone-6-256gb-schwarz;Schätzung;Tarifgrundpreis Monat 25–36
Bündel;Fairphone 6;256;o2;netzbetreiber;O2 Mobile Unlimited S Special Plus mit 15 MBit/s (24 Mon.);XL;neu;1,00;19,99;15,50;;36;39,99;36;;;2026-10-06;https://www.o2online.de/e-shop/fairphone/fairphone-6-256gb-schwarz-details?ohne-tarif=nein&zielgruppe=privatkunden&ratenzahlung=36&vertragsart=ratenzahlung&tarif=o2-mobile-on-demand-m-plus;fairphone-6-256gb-schwarz;Schätzung;Tarifgrundpreis Monat 25–36
Bündel;Pixel 10;128;o2;netzbetreiber;O2 Mobile L mit 150 GB+ (24 Mon.);L;neu;1,00;24,99;19,50;;36;0,00;36;;;2026-10-06;https://www.o2online.de/e-shop/google/google-pixel-10-128gb-obsidian-details?ohne-tarif=nein&zielgruppe=privatkunden&ratenzahlung=36&vertragsart=ratenzahlung&tarif=o2-mobile-on-demand-m-plus;google-pixel-10-128gb-schwarz;Schätzung;Tarifgrundpreis Monat 25–36
Bündel;Pixel 10;128;o2;netzbetreiber;O2 Mobile L Plus mit 150 GB+ (24 Mon.);L;neu;1,00;19,99;19,50;;36;0,00;36;;;2026-10-06;https://www.o2online.de/e-shop/google/google-pixel-10-128gb-obsidian-details?ohne-tarif=nein&zielgruppe=privatkunden&ratenzahlung=36&vertragsart=ratenzahlung&tarif=o2-mobile-on-demand-m-plus;google-pixel-10-128gb-schwarz;Schätzung;Tarifgrundpreis Monat 25–36
Bündel;Pixel 10;128;o2;netzbetreiber;O2 Mobile on Demand M mit 50 GB+ (24 Mon.);M;neu;1,00;19,99;19,50;;36;39,99;36;;;2026-10-06;https://www.o2online.de/e-shop/google/google-pixel-10-128gb-obsidian-details?ohne-tarif=nein&zielgruppe=privatkunden&ratenzahlung=36&vertragsart=ratenzahlung&tarif=o2-mobile-on-demand-m-plus;google-pixel-10-128gb-schwarz;Schätzung;Tarifgrundpreis Monat 25–36
Bündel;Pixel 10;128;o2;netzbetreiber;O2 Mobile on Demand M Plus mit 50 GB+ (24 Mon.);M;neu;1,00;14,99;19,50;;36;39,99;36;;;2026-10-07;https://www.o2online.de/e-shop/google/google-pixel-10-128gb-obsidian-details?ohne-tarif=nein&zielgruppe=privatkunden&ratenzahlung=36&vertragsart=ratenzahlung&tarif=o2-mobile-on-demand-m-plus;google-pixel-10-128gb-schwarz;;Tarifgrundpreis Monat 25–36
Bündel;Pixel 10;128;o2;netzbetreiber;O2 Mobile S mit 15 GB+ (24 Mon.);XS;neu;1,00;14,99;19,50;;36;39,99;36;;;2026-10-06;https://www.o2online.de/e-shop/google/google-pixel-10-128gb-obsidian-details?ohne-tarif=nein&zielgruppe=privatkunden&ratenzahlung=36&vertragsart=ratenzahlung&tarif=o2-mobile-on-demand-m-plus;google-pixel-10-128gb-schwarz;Schätzung;Tarifgrundpreis Monat 25–36
Bündel;Pixel 10;128;o2;netzbetreiber;O2 Mobile Unlimited L mit 300 MBit/s (24 Mon.);XL;neu;1,00;39,99;19,50;;36;0,00;36;;;2026-10-06;https://www.o2online.de/e-shop/google/google-pixel-10-128gb-obsidian-details?ohne-tarif=nein&zielgruppe=privatkunden&ratenzahlung=36&vertragsart=ratenzahlung&tarif=o2-mobile-on-demand-m-plus;google-pixel-10-128gb-schwarz;Schätzung;Tarifgrundpreis Monat 25–36
Bündel;Pixel 10;128;o2;netzbetreiber;O2 Mobile Unlimited M mit 100 MBit/s (24 Mon.);XL;neu;1,00;29,99;19,50;;36;0,00;36;;;2026-10-06;https://www.o2online.de/e-shop/google/google-pixel-10-128gb-obsidian-details?ohne-tarif=nein&zielgruppe=privatkunden&ratenzahlung=36&vertragsart=ratenzahlung&tarif=o2-mobile-on-demand-m-plus;google-pixel-10-128gb-schwarz;Schätzung;Tarifgrundpreis Monat 25–36
Bündel;Pixel 10;128;o2;netzbetreiber;O2 Mobile Unlimited M Plus mit 100 MBit/s (24 Mon.);XL;neu;1,00;19,99;19,50;;36;0,00;36;;;2026-10-06;https://www.o2online.de/e-shop/google/google-pixel-10-128gb-obsidian-details?ohne-tarif=nein&zielgruppe=privatkunden&ratenzahlung=36&vertragsart=ratenzahlung&tarif=o2-mobile-on-demand-m-plus;google-pixel-10-128gb-schwarz;Schätzung;Tarifgrundpreis Monat 25–36
Bündel;Pixel 10;128;o2;netzbetreiber;O2 Mobile Unlimited S Special mit 15 MBit/s (24 Mon.);XL;neu;1,00;24,99;19,50;;36;39,99;36;;;2026-10-06;https://www.o2online.de/e-shop/google/google-pixel-10-128gb-obsidian-details?ohne-tarif=nein&zielgruppe=privatkunden&ratenzahlung=36&vertragsart=ratenzahlung&tarif=o2-mobile-on-demand-m-plus;google-pixel-10-128gb-schwarz;Schätzung;Tarifgrundpreis Monat 25–36
Bündel;Pixel 10;128;o2;netzbetreiber;O2 Mobile Unlimited S Special Plus mit 15 MBit/s (24 Mon.);XL;neu;1,00;19,99;19,50;;36;39,99;36;;;2026-10-06;https://www.o2online.de/e-shop/google/google-pixel-10-128gb-obsidian-details?ohne-tarif=nein&zielgruppe=privatkunden&ratenzahlung=36&vertragsart=ratenzahlung&tarif=o2-mobile-on-demand-m-plus;google-pixel-10-128gb-schwarz;Schätzung;Tarifgrundpreis Monat 25–36
Bündel;Pixel 10 Pro;128;o2;netzbetreiber;O2 Mobile L mit 150 GB+ (24 Mon.);L;neu;1,00;24,99;27,00;;36;0,00;36;;;2026-10-06;https://www.o2online.de/e-shop/google/google-pixel-10-pro-128gb-obsidian-details?ohne-tarif=nein&zielgruppe=privatkunden&ratenzahlung=36&vertragsart=ratenzahlung&tarif=o2-mobile-on-demand-m-plus;google-pixel-10-pro-128gb-schwarz;Schätzung;Tarifgrundpreis Monat 25–36
Bündel;Pixel 10 Pro;128;o2;netzbetreiber;O2 Mobile L Plus mit 150 GB+ (24 Mon.);L;neu;1,00;17,99;27,00;;36;0,00;36;;;2026-10-06;https://www.o2online.de/e-shop/google/google-pixel-10-pro-128gb-obsidian-details?ohne-tarif=nein&zielgruppe=privatkunden&ratenzahlung=36&vertragsart=ratenzahlung&tarif=o2-mobile-on-demand-m-plus;google-pixel-10-pro-128gb-schwarz;Schätzung;Tarifgrundpreis Monat 25–36
Bündel;Pixel 10 Pro;128;o2;netzbetreiber;O2 Mobile on Demand M mit 50 GB+ (24 Mon.);M;neu;1,00;19,99;27,00;;36;39,99;36;;;2026-10-06;https://www.o2online.de/e-shop/google/google-pixel-10-pro-128gb-obsidian-details?ohne-tarif=nein&zielgruppe=privatkunden&ratenzahlung=36&vertragsart=ratenzahlung&tarif=o2-mobile-on-demand-m-plus;google-pixel-10-pro-128gb-schwarz;Schätzung;Tarifgrundpreis Monat 25–36
Bündel;Pixel 10 Pro;128;o2;netzbetreiber;O2 Mobile on Demand M Plus mit 50 GB+ (24 Mon.);M;neu;1,00;12,99;27,00;;36;39,99;36;;;2026-10-07;https://www.o2online.de/e-shop/google/google-pixel-10-pro-128gb-obsidian-details?ohne-tarif=nein&zielgruppe=privatkunden&ratenzahlung=36&vertragsart=ratenzahlung&tarif=o2-mobile-on-demand-m-plus;google-pixel-10-pro-128gb-schwarz;Quarantäne;Tarifgrundpreis Monat 25–36
Bündel;Pixel 10 Pro;128;o2;netzbetreiber;O2 Mobile S mit 15 GB+ (24 Mon.);XS;neu;1,00;14,99;27,00;;36;39,99;36;;;2026-10-06;https://www.o2online.de/e-shop/google/google-pixel-10-pro-128gb-obsidian-details?ohne-tarif=nein&zielgruppe=privatkunden&ratenzahlung=36&vertragsart=ratenzahlung&tarif=o2-mobile-on-demand-m-plus;google-pixel-10-pro-128gb-schwarz;Schätzung;Tarifgrundpreis Monat 25–36
Bündel;Pixel 10 Pro;128;o2;netzbetreiber;O2 Mobile Unlimited L mit 300 MBit/s (24 Mon.);XL;neu;1,00;39,99;27,00;;36;0,00;36;;;2026-10-06;https://www.o2online.de/e-shop/google/google-pixel-10-pro-128gb-obsidian-details?ohne-tarif=nein&zielgruppe=privatkunden&ratenzahlung=36&vertragsart=ratenzahlung&tarif=o2-mobile-on-demand-m-plus;google-pixel-10-pro-128gb-schwarz;Schätzung;Tarifgrundpreis Monat 25–36
Bündel;Pixel 10 Pro;128;o2;netzbetreiber;O2 Mobile Unlimited M mit 100 MBit/s (24 Mon.);XL;neu;1,00;29,99;27,00;;36;0,00;36;;;2026-10-06;https://www.o2online.de/e-shop/google/google-pixel-10-pro-128gb-obsidian-details?ohne-tarif=nein&zielgruppe=privatkunden&ratenzahlung=36&vertragsart=ratenzahlung&tarif=o2-mobile-on-demand-m-plus;google-pixel-10-pro-128gb-schwarz;Schätzung;Tarifgrundpreis Monat 25–36
Bündel;Pixel 10 Pro;128;o2;netzbetreiber;O2 Mobile Unlimited M Plus mit 100 MBit/s (24 Mon.);XL;neu;1,00;17,99;27,00;;36;0,00;36;;;2026-10-06;https://www.o2online.de/e-shop/google/google-pixel-10-pro-128gb-obsidian-details?ohne-tarif=nein&zielgruppe=privatkunden&ratenzahlung=36&vertragsart=ratenzahlung&tarif=o2-mobile-on-demand-m-plus;google-pixel-10-pro-128gb-schwarz;Schätzung;Tarifgrundpreis Monat 25–36
Bündel;Pixel 10 Pro;128;o2;netzbetreiber;O2 Mobile Unlimited S Special mit 15 MBit/s (24 Mon.);XL;neu;1,00;24,99;27,00;;36;39,99;36;;;2026-10-06;https://www.o2online.de/e-shop/google/google-pixel-10-pro-128gb-obsidian-details?ohne-tarif=nein&zielgruppe=privatkunden&ratenzahlung=36&vertragsart=ratenzahlung&tarif=o2-mobile-on-demand-m-plus;google-pixel-10-pro-128gb-schwarz;Schätzung;Tarifgrundpreis Monat 25–36
Bündel;Pixel 10 Pro;128;o2;netzbetreiber;O2 Mobile Unlimited S Special Plus mit 15 MBit/s (24 Mon.);XL;neu;1,00;17,99;27,00;;36;39,99;36;;;2026-10-06;https://www.o2online.de/e-shop/google/google-pixel-10-pro-128gb-obsidian-details?ohne-tarif=nein&zielgruppe=privatkunden&ratenzahlung=36&vertragsart=ratenzahlung&tarif=o2-mobile-on-demand-m-plus;google-pixel-10-pro-128gb-schwarz;Schätzung;Tarifgrundpreis Monat 25–36
Bündel;Pixel 10 Pro;256;o2;netzbetreiber;O2 Mobile L mit 150 GB+ (24 Mon.);L;neu;1,00;24,99;30,00;;36;0,00;36;;;2026-10-06;https://www.o2online.de/e-shop/google/google-pixel-10-pro-128gb-obsidian-details?ohne-tarif=nein&zielgruppe=privatkunden&ratenzahlung=36&vertragsart=ratenzahlung&tarif=o2-mobile-on-demand-m-plus;google-pixel-10-pro-256gb-schwarz;Schätzung;Tarifgrundpreis Monat 25–36
Bündel;Pixel 10 Pro;256;o2;netzbetreiber;O2 Mobile L Plus mit 150 GB+ (24 Mon.);L;neu;1,00;17,99;30,00;;36;0,00;36;;;2026-10-06;https://www.o2online.de/e-shop/google/google-pixel-10-pro-128gb-obsidian-details?ohne-tarif=nein&zielgruppe=privatkunden&ratenzahlung=36&vertragsart=ratenzahlung&tarif=o2-mobile-on-demand-m-plus;google-pixel-10-pro-256gb-schwarz;Schätzung;Tarifgrundpreis Monat 25–36
Bündel;Pixel 10 Pro;256;o2;netzbetreiber;O2 Mobile on Demand M mit 50 GB+ (24 Mon.);M;neu;1,00;19,99;30,00;;36;39,99;36;;;2026-10-06;https://www.o2online.de/e-shop/google/google-pixel-10-pro-128gb-obsidian-details?ohne-tarif=nein&zielgruppe=privatkunden&ratenzahlung=36&vertragsart=ratenzahlung&tarif=o2-mobile-on-demand-m-plus;google-pixel-10-pro-256gb-schwarz;Schätzung;Tarifgrundpreis Monat 25–36
Bündel;Pixel 10 Pro;256;o2;netzbetreiber;O2 Mobile on Demand M Plus mit 50 GB+ (24 Mon.);M;neu;1,00;12,99;30,00;;36;39,99;36;;;2026-10-06;https://www.o2online.de/e-shop/google/google-pixel-10-pro-128gb-obsidian-details?ohne-tarif=nein&zielgruppe=privatkunden&ratenzahlung=36&vertragsart=ratenzahlung&tarif=o2-mobile-on-demand-m-plus;google-pixel-10-pro-256gb-schwarz;Quarantäne;Tarifgrundpreis Monat 25–36
Bündel;Pixel 10 Pro;256;o2;netzbetreiber;O2 Mobile S mit 15 GB+ (24 Mon.);XS;neu;1,00;14,99;30,00;;36;39,99;36;;;2026-10-06;https://www.o2online.de/e-shop/google/google-pixel-10-pro-128gb-obsidian-details?ohne-tarif=nein&zielgruppe=privatkunden&ratenzahlung=36&vertragsart=ratenzahlung&tarif=o2-mobile-on-demand-m-plus;google-pixel-10-pro-256gb-schwarz;Schätzung;Tarifgrundpreis Monat 25–36
Bündel;Pixel 10 Pro;256;o2;netzbetreiber;O2 Mobile Unlimited L mit 300 MBit/s (24 Mon.);XL;neu;1,00;39,99;30,00;;36;0,00;36;;;2026-10-06;https://www.o2online.de/e-shop/google/google-pixel-10-pro-128gb-obsidian-details?ohne-tarif=nein&zielgruppe=privatkunden&ratenzahlung=36&vertragsart=ratenzahlung&tarif=o2-mobile-on-demand-m-plus;google-pixel-10-pro-256gb-schwarz;Schätzung;Tarifgrundpreis Monat 25–36
Bündel;Pixel 10 Pro;256;o2;netzbetreiber;O2 Mobile Unlimited M mit 100 MBit/s (24 Mon.);XL;neu;1,00;29,99;30,00;;36;0,00;36;;;2026-10-06;https://www.o2online.de/e-shop/google/google-pixel-10-pro-128gb-obsidian-details?ohne-tarif=nein&zielgruppe=privatkunden&ratenzahlung=36&vertragsart=ratenzahlung&tarif=o2-mobile-on-demand-m-plus;google-pixel-10-pro-256gb-schwarz;Schätzung;Tarifgrundpreis Monat 25–36
Bündel;Pixel 10 Pro;256;o2;netzbetreiber;O2 Mobile Unlimited M Plus mit 100 MBit/s (24 Mon.);XL;neu;1,00;17,99;30,00;;36;0,00;36;;;2026-10-06;https://www.o2online.de/e-shop/google/google-pixel-10-pro-128gb-obsidian-details?ohne-tarif=nein&zielgruppe=privatkunden&ratenzahlung=36&vertragsart=ratenzahlung&tarif=o2-mobile-on-demand-m-plus;google-pixel-10-pro-256gb-schwarz;Schätzung;Tarifgrundpreis Monat 25–36
Bündel;Pixel 10 Pro;256;o2;netzbetreiber;O2 Mobile Unlimited S Special mit 15 MBit/s (24 Mon.);XL;neu;1,00;24,99;30,00;;36;39,99;36;;;2026-10-06;https://www.o2online.de/e-shop/google/google-pixel-10-pro-128gb-obsidian-details?ohne-tarif=nein&zielgruppe=privatkunden&ratenzahlung=36&vertragsart=ratenzahlung&tarif=o2-mobile-on-demand-m-plus;google-pixel-10-pro-256gb-schwarz;Schätzung;Tarifgrundpreis Monat 25–36
Bündel;Pixel 10 Pro;256;o2;netzbetreiber;O2 Mobile Unlimited S Special Plus mit 15 MBit/s (24 Mon.);XL;neu;1,00;17,99;30,00;;36;39,99;36;;;2026-10-06;https://www.o2online.de/e-shop/google/google-pixel-10-pro-128gb-obsidian-details?ohne-tarif=nein&zielgruppe=privatkunden&ratenzahlung=36&vertragsart=ratenzahlung&tarif=o2-mobile-on-demand-m-plus;google-pixel-10-pro-256gb-schwarz;Schätzung;Tarifgrundpreis Monat 25–36
Bündel;Pixel 10 Pro Fold;256;o2;netzbetreiber;O2 Mobile on Demand M Plus mit 50 GB+ (24 Mon.);M;neu;1,00;14,99;44,50;;36;39,99;36;;;2026-09-16;https://www.o2online.de/e-shop/google/google-pixel-10-pro-fold-256gb-moonstone-details?ohne-tarif=nein&zielgruppe=privatkunden&ratenzahlung=36&vertragsart=ratenzahlung&tarif=o2-mobile-on-demand-m-plus;google-pixel-10-pro-fold-256gb-moonstone;veraltet;Tarifgrundpreis Monat 25–36
Bündel;Pixel 10 Pro XL;256;o2;netzbetreiber;O2 Mobile on Demand M Plus mit 50 GB+ (24 Mon.);M;neu;1,00;14,99;31,00;;36;39,99;36;;;2026-09-16;https://www.o2online.de/e-shop/google/google-pixel-10-pro-xl-256gb-obsidian-details?ohne-tarif=nein&zielgruppe=privatkunden&ratenzahlung=36&vertragsart=ratenzahlung&tarif=o2-mobile-on-demand-m-plus;google-pixel-10-pro-xl-256gb-schwarz;veraltet;Tarifgrundpreis Monat 25–36
Bündel;Pixel 10a;128;o2;netzbetreiber;O2 Mobile L mit 150 GB+ (24 Mon.);L;neu;1,00;24,99;15,00;;36;0,00;36;;;2026-10-06;https://www.o2online.de/e-shop/google/google-pixel-10a-128gb-obsidian-details?ohne-tarif=nein&zielgruppe=privatkunden&ratenzahlung=36&vertragsart=ratenzahlung&tarif=o2-mobile-on-demand-m-plus;google-pixel-10a-128gb-schwarz;Schätzung;Tarifgrundpreis Monat 25–36
Bündel;Pixel 10a;128;o2;netzbetreiber;O2 Mobile L Plus mit 150 GB+ (24 Mon.);L;neu;1,00;19,99;15,00;;36;0,00;36;;;2026-10-06;https://www.o2online.de/e-shop/google/google-pixel-10a-128gb-obsidian-details?ohne-tarif=nein&zielgruppe=privatkunden&ratenzahlung=36&vertragsart=ratenzahlung&tarif=o2-mobile-on-demand-m-plus;google-pixel-10a-128gb-schwarz;Schätzung;Tarifgrundpreis Monat 25–36
Bündel;Pixel 10a;128;o2;netzbetreiber;O2 Mobile on Demand M mit 50 GB+ (24 Mon.);M;neu;1,00;19,99;15,00;;36;39,99;36;;;2026-10-06;https://www.o2online.de/e-shop/google/google-pixel-10a-128gb-obsidian-details?ohne-tarif=nein&zielgruppe=privatkunden&ratenzahlung=36&vertragsart=ratenzahlung&tarif=o2-mobile-on-demand-m-plus;google-pixel-10a-128gb-schwarz;Schätzung;Tarifgrundpreis Monat 25–36
Bündel;Pixel 10a;128;o2;netzbetreiber;O2 Mobile on Demand M Plus mit 50 GB+ (24 Mon.);M;neu;1,00;14,99;15,00;;36;39,99;36;;;2026-10-07;https://www.o2online.de/e-shop/google/google-pixel-10a-128gb-obsidian-details?ohne-tarif=nein&zielgruppe=privatkunden&ratenzahlung=36&vertragsart=ratenzahlung&tarif=o2-mobile-on-demand-m-plus;google-pixel-10a-128gb-schwarz;;Tarifgrundpreis Monat 25–36
Bündel;Pixel 10a;128;o2;netzbetreiber;O2 Mobile S mit 15 GB+ (24 Mon.);XS;neu;1,00;14,99;15,00;;36;39,99;36;;;2026-10-06;https://www.o2online.de/e-shop/google/google-pixel-10a-128gb-obsidian-details?ohne-tarif=nein&zielgruppe=privatkunden&ratenzahlung=36&vertragsart=ratenzahlung&tarif=o2-mobile-on-demand-m-plus;google-pixel-10a-128gb-schwarz;Schätzung;Tarifgrundpreis Monat 25–36
Bündel;Pixel 10a;128;o2;netzbetreiber;O2 Mobile Unlimited L mit 300 MBit/s (24 Mon.);XL;neu;1,00;39,99;15,00;;36;0,00;36;;;2026-10-06;https://www.o2online.de/e-shop/google/google-pixel-10a-128gb-obsidian-details?ohne-tarif=nein&zielgruppe=privatkunden&ratenzahlung=36&vertragsart=ratenzahlung&tarif=o2-mobile-on-demand-m-plus;google-pixel-10a-128gb-schwarz;Schätzung;Tarifgrundpreis Monat 25–36
Bündel;Pixel 10a;128;o2;netzbetreiber;O2 Mobile Unlimited M mit 100 MBit/s (24 Mon.);XL;neu;1,00;29,99;15,00;;36;0,00;36;;;2026-10-06;https://www.o2online.de/e-shop/google/google-pixel-10a-128gb-obsidian-details?ohne-tarif=nein&zielgruppe=privatkunden&ratenzahlung=36&vertragsart=ratenzahlung&tarif=o2-mobile-on-demand-m-plus;google-pixel-10a-128gb-schwarz;Schätzung;Tarifgrundpreis Monat 25–36
Bündel;Pixel 10a;128;o2;netzbetreiber;O2 Mobile Unlimited M Plus mit 100 MBit/s (24 Mon.);XL;neu;1,00;19,99;15,00;;36;0,00;36;;;2026-10-06;https://www.o2online.de/e-shop/google/google-pixel-10a-128gb-obsidian-details?ohne-tarif=nein&zielgruppe=privatkunden&ratenzahlung=36&vertragsart=ratenzahlung&tarif=o2-mobile-on-demand-m-plus;google-pixel-10a-128gb-schwarz;Schätzung;Tarifgrundpreis Monat 25–36
Bündel;Pixel 10a;128;o2;netzbetreiber;O2 Mobile Unlimited S Special mit 15 MBit/s (24 Mon.);XL;neu;1,00;24,99;15,00;;36;39,99;36;;;2026-10-06;https://www.o2online.de/e-shop/google/google-pixel-10a-128gb-obsidian-details?ohne-tarif=nein&zielgruppe=privatkunden&ratenzahlung=36&vertragsart=ratenzahlung&tarif=o2-mobile-on-demand-m-plus;google-pixel-10a-128gb-schwarz;Schätzung;Tarifgrundpreis Monat 25–36
Bündel;Pixel 10a;128;o2;netzbetreiber;O2 Mobile Unlimited S Special Plus mit 15 MBit/s (24 Mon.);XL;neu;1,00;19,99;15,00;;36;39,99;36;;;2026-10-06;https://www.o2online.de/e-shop/google/google-pixel-10a-128gb-obsidian-details?ohne-tarif=nein&zielgruppe=privatkunden&ratenzahlung=36&vertragsart=ratenzahlung&tarif=o2-mobile-on-demand-m-plus;google-pixel-10a-128gb-schwarz;Schätzung;Tarifgrundpreis Monat 25–36
Bündel;Pixel 10a;128;o2;netzbetreiber;O2 Mobile on Demand M Plus mit 50 GB+ (24 Mon.);M;neu;1,00;14,99;15,00;;36;39,99;36;;;2026-09-24;https://www.o2online.de/e-shop/google/google-pixel-10a-128gb-lavender-details?ohne-tarif=nein&zielgruppe=privatkunden&ratenzahlung=36&vertragsart=ratenzahlung&tarif=o2-mobile-on-demand-m-plus;google-pixel-10a-128gb-violett;veraltet;Tarifgrundpreis Monat 25–36
Bündel;Pixel 10a;256;o2;netzbetreiber;O2 Mobile L mit 150 GB+ (24 Mon.);L;neu;1,00;24,99;18,00;;36;0,00;36;;;2026-10-06;https://www.o2online.de/e-shop/google/google-pixel-10a-128gb-obsidian-details?ohne-tarif=nein&zielgruppe=privatkunden&ratenzahlung=36&vertragsart=ratenzahlung&tarif=o2-mobile-on-demand-m-plus;google-pixel-10a-256gb-schwarz;Schätzung;Tarifgrundpreis Monat 25–36
Bündel;Pixel 10a;256;o2;netzbetreiber;O2 Mobile L Plus mit 150 GB+ (24 Mon.);L;neu;1,00;19,99;18,00;;36;0,00;36;;;2026-10-06;https://www.o2online.de/e-shop/google/google-pixel-10a-128gb-obsidian-details?ohne-tarif=nein&zielgruppe=privatkunden&ratenzahlung=36&vertragsart=ratenzahlung&tarif=o2-mobile-on-demand-m-plus;google-pixel-10a-256gb-schwarz;Schätzung;Tarifgrundpreis Monat 25–36
Bündel;Pixel 10a;256;o2;netzbetreiber;O2 Mobile on Demand M mit 50 GB+ (24 Mon.);M;neu;1,00;19,99;18,00;;36;39,99;36;;;2026-10-06;https://www.o2online.de/e-shop/google/google-pixel-10a-128gb-obsidian-details?ohne-tarif=nein&zielgruppe=privatkunden&ratenzahlung=36&vertragsart=ratenzahlung&tarif=o2-mobile-on-demand-m-plus;google-pixel-10a-256gb-schwarz;Schätzung;Tarifgrundpreis Monat 25–36
Bündel;Pixel 10a;256;o2;netzbetreiber;O2 Mobile on Demand M Plus mit 50 GB+ (24 Mon.);M;neu;1,00;14,99;18,00;;36;39,99;36;;;2026-10-06;https://www.o2online.de/e-shop/google/google-pixel-10a-128gb-obsidian-details?ohne-tarif=nein&zielgruppe=privatkunden&ratenzahlung=36&vertragsart=ratenzahlung&tarif=o2-mobile-on-demand-m-plus;google-pixel-10a-256gb-schwarz;;Tarifgrundpreis Monat 25–36
Bündel;Pixel 10a;256;o2;netzbetreiber;O2 Mobile S mit 15 GB+ (24 Mon.);XS;neu;1,00;14,99;18,00;;36;39,99;36;;;2026-10-06;https://www.o2online.de/e-shop/google/google-pixel-10a-128gb-obsidian-details?ohne-tarif=nein&zielgruppe=privatkunden&ratenzahlung=36&vertragsart=ratenzahlung&tarif=o2-mobile-on-demand-m-plus;google-pixel-10a-256gb-schwarz;Schätzung;Tarifgrundpreis Monat 25–36
Bündel;Pixel 10a;256;o2;netzbetreiber;O2 Mobile Unlimited L mit 300 MBit/s (24 Mon.);XL;neu;1,00;39,99;18,00;;36;0,00;36;;;2026-10-06;https://www.o2online.de/e-shop/google/google-pixel-10a-128gb-obsidian-details?ohne-tarif=nein&zielgruppe=privatkunden&ratenzahlung=36&vertragsart=ratenzahlung&tarif=o2-mobile-on-demand-m-plus;google-pixel-10a-256gb-schwarz;Schätzung;Tarifgrundpreis Monat 25–36
Bündel;Pixel 10a;256;o2;netzbetreiber;O2 Mobile Unlimited M mit 100 MBit/s (24 Mon.);XL;neu;1,00;29,99;18,00;;36;0,00;36;;;2026-10-06;https://www.o2online.de/e-shop/google/google-pixel-10a-128gb-obsidian-details?ohne-tarif=nein&zielgruppe=privatkunden&ratenzahlung=36&vertragsart=ratenzahlung&tarif=o2-mobile-on-demand-m-plus;google-pixel-10a-256gb-schwarz;Schätzung;Tarifgrundpreis Monat 25–36
Bündel;Pixel 10a;256;o2;netzbetreiber;O2 Mobile Unlimited M Plus mit 100 MBit/s (24 Mon.);XL;neu;1,00;19,99;18,00;;36;0,00;36;;;2026-10-06;https://www.o2online.de/e-shop/google/google-pixel-10a-128gb-obsidian-details?ohne-tarif=nein&zielgruppe=privatkunden&ratenzahlung=36&vertragsart=ratenzahlung&tarif=o2-mobile-on-demand-m-plus;google-pixel-10a-256gb-schwarz;Schätzung;Tarifgrundpreis Monat 25–36
Bündel;Pixel 10a;256;o2;netzbetreiber;O2 Mobile Unlimited S Special mit 15 MBit/s (24 Mon.);XL;neu;1,00;24,99;18,00;;36;39,99;36;;;2026-10-06;https://www.o2online.de/e-shop/google/google-pixel-10a-128gb-obsidian-details?ohne-tarif=nein&zielgruppe=privatkunden&ratenzahlung=36&vertragsart=ratenzahlung&tarif=o2-mobile-on-demand-m-plus;google-pixel-10a-256gb-schwarz;Schätzung;Tarifgrundpreis Monat 25–36
Bündel;Pixel 10a;256;o2;netzbetreiber;O2 Mobile Unlimited S Special Plus mit 15 MBit/s (24 Mon.);XL;neu;1,00;19,99;18,00;;36;39,99;36;;;2026-10-06;https://www.o2online.de/e-shop/google/google-pixel-10a-128gb-obsidian-details?ohne-tarif=nein&zielgruppe=privatkunden&ratenzahlung=36&vertragsart=ratenzahlung&tarif=o2-mobile-on-demand-m-plus;google-pixel-10a-256gb-schwarz;Schätzung;Tarifgrundpreis Monat 25–36
Bündel;Pixel 11;256;o2;netzbetreiber;O2 Mobile L mit 150 GB+ (24 Mon.);L;neu;1,00;24,99;27,50;;36;0,00;36;;;2026-10-04;https://www.o2online.de/e-shop/google/google-pixel-11-256gb-frost-details?ohne-tarif=nein&zielgruppe=privatkunden&ratenzahlung=36&vertragsart=ratenzahlung&tarif=o2-mobile-on-demand-m-plus;google-pixel-11-256gb-frost;Schätzung;Tarifgrundpreis Monat 25–36
Bündel;Pixel 11;256;o2;netzbetreiber;O2 Mobile L Plus mit 150 GB+ (24 Mon.);L;neu;1,00;19,99;27,50;;36;0,00;36;;;2026-10-04;https://www.o2online.de/e-shop/google/google-pixel-11-256gb-frost-details?ohne-tarif=nein&zielgruppe=privatkunden&ratenzahlung=36&vertragsart=ratenzahlung&tarif=o2-mobile-on-demand-m-plus;google-pixel-11-256gb-frost;Schätzung;Tarifgrundpreis Monat 25–36
Bündel;Pixel 11;256;o2;netzbetreiber;O2 Mobile on Demand M mit 50 GB+ (24 Mon.);M;neu;1,00;19,99;27,50;;36;39,99;36;;;2026-10-04;https://www.o2online.de/e-shop/google/google-pixel-11-256gb-frost-details?ohne-tarif=nein&zielgruppe=privatkunden&ratenzahlung=36&vertragsart=ratenzahlung&tarif=o2-mobile-on-demand-m-plus;google-pixel-11-256gb-frost;Schätzung;Tarifgrundpreis Monat 25–36
Bündel;Pixel 11;256;o2;netzbetreiber;O2 Mobile on Demand M Plus mit 50 GB+ (24 Mon.);M;neu;1,00;14,99;27,50;;36;39,99;36;;;2026-10-07;https://www.o2online.de/e-shop/google/google-pixel-11-256gb-frost-details?ohne-tarif=nein&zielgruppe=privatkunden&ratenzahlung=36&vertragsart=ratenzahlung&tarif=o2-mobile-on-demand-m-plus;google-pixel-11-256gb-frost;;Tarifgrundpreis Monat 25–36
Bündel;Pixel 11;256;o2;netzbetreiber;O2 Mobile S mit 15 GB+ (24 Mon.);XS;neu;1,00;14,99;27,50;;36;39,99;36;;;2026-10-04;https://www.o2online.de/e-shop/google/google-pixel-11-256gb-frost-details?ohne-tarif=nein&zielgruppe=privatkunden&ratenzahlung=36&vertragsart=ratenzahlung&tarif=o2-mobile-on-demand-m-plus;google-pixel-11-256gb-frost;Schätzung;Tarifgrundpreis Monat 25–36
Bündel;Pixel 11;256;o2;netzbetreiber;O2 Mobile Unlimited L mit 300 MBit/s (24 Mon.);XL;neu;1,00;39,99;27,50;;36;0,00;36;;;2026-10-04;https://www.o2online.de/e-shop/google/google-pixel-11-256gb-frost-details?ohne-tarif=nein&zielgruppe=privatkunden&ratenzahlung=36&vertragsart=ratenzahlung&tarif=o2-mobile-on-demand-m-plus;google-pixel-11-256gb-frost;Schätzung;Tarifgrundpreis Monat 25–36
Bündel;Pixel 11;256;o2;netzbetreiber;O2 Mobile Unlimited M mit 100 MBit/s (24 Mon.);XL;neu;1,00;29,99;27,50;;36;0,00;36;;;2026-10-04;https://www.o2online.de/e-shop/google/google-pixel-11-256gb-frost-details?ohne-tarif=nein&zielgruppe=privatkunden&ratenzahlung=36&vertragsart=ratenzahlung&tarif=o2-mobile-on-demand-m-plus;google-pixel-11-256gb-frost;Schätzung;Tarifgrundpreis Monat 25–36
Bündel;Pixel 11;256;o2;netzbetreiber;O2 Mobile Unlimited M Plus mit 100 MBit/s (24 Mon.);XL;neu;1,00;19,99;27,50;;36;0,00;36;;;2026-10-04;https://www.o2online.de/e-shop/google/google-pixel-11-256gb-frost-details?ohne-tarif=nein&zielgruppe=privatkunden&ratenzahlung=36&vertragsart=ratenzahlung&tarif=o2-mobile-on-demand-m-plus;google-pixel-11-256gb-frost;Schätzung;Tarifgrundpreis Monat 25–36
Bündel;Pixel 11;256;o2;netzbetreiber;O2 Mobile Unlimited S Special mit 15 MBit/s (24 Mon.);XL;neu;1,00;24,99;27,50;;36;39,99;36;;;2026-10-04;https://www.o2online.de/e-shop/google/google-pixel-11-256gb-frost-details?ohne-tarif=nein&zielgruppe=privatkunden&ratenzahlung=36&vertragsart=ratenzahlung&tarif=o2-mobile-on-demand-m-plus;google-pixel-11-256gb-frost;Schätzung;Tarifgrundpreis Monat 25–36
Bündel;Pixel 11;256;o2;netzbetreiber;O2 Mobile Unlimited S Special Plus mit 15 MBit/s (24 Mon.);XL;neu;1,00;19,99;27,50;;36;39,99;36;;;2026-10-04;https://www.o2online.de/e-shop/google/google-pixel-11-256gb-frost-details?ohne-tarif=nein&zielgruppe=privatkunden&ratenzahlung=36&vertragsart=ratenzahlung&tarif=o2-mobile-on-demand-m-plus;google-pixel-11-256gb-frost;Schätzung;Tarifgrundpreis Monat 25–36
Bündel;Pixel 11 Pro;256;o2;netzbetreiber;O2 Mobile on Demand M Plus mit 50 GB+ (24 Mon.);M;neu;1,00;11,99;33,00;;36;39,99;36;;;2026-10-07;https://www.o2online.de/e-shop/google/google-pixel-11-pro-256gb-canyon-details?ohne-tarif=nein&zielgruppe=privatkunden&ratenzahlung=36&vertragsart=ratenzahlung&tarif=o2-mobile-on-demand-m-plus;google-pixel-11-pro-256gb-canyon;Quarantäne;Tarifgrundpreis Monat 25–36
Bündel;Pixel 11 Pro Fold;256;o2;netzbetreiber;O2 Mobile L mit 150 GB+ (24 Mon.);L;neu;1,00;24,99;55,00;;36;0,00;36;;;2026-10-06;https://www.o2online.de/e-shop/google/google-pixel-11-pro-fold-256gb-olive-details?ohne-tarif=nein&zielgruppe=privatkunden&ratenzahlung=36&vertragsart=ratenzahlung&tarif=o2-mobile-on-demand-m-plus;google-pixel-11-pro-fold-256gb-olive;Schätzung;Tarifgrundpreis Monat 25–36
Bündel;Pixel 11 Pro Fold;256;o2;netzbetreiber;O2 Mobile L Plus mit 150 GB+ (24 Mon.);L;neu;1,00;19,99;55,00;;36;0,00;36;;;2026-10-06;https://www.o2online.de/e-shop/google/google-pixel-11-pro-fold-256gb-olive-details?ohne-tarif=nein&zielgruppe=privatkunden&ratenzahlung=36&vertragsart=ratenzahlung&tarif=o2-mobile-on-demand-m-plus;google-pixel-11-pro-fold-256gb-olive;Schätzung;Tarifgrundpreis Monat 25–36
Bündel;Pixel 11 Pro Fold;256;o2;netzbetreiber;O2 Mobile on Demand M mit 50 GB+ (24 Mon.);M;neu;1,00;19,99;55,00;;36;39,99;36;;;2026-10-06;https://www.o2online.de/e-shop/google/google-pixel-11-pro-fold-256gb-olive-details?ohne-tarif=nein&zielgruppe=privatkunden&ratenzahlung=36&vertragsart=ratenzahlung&tarif=o2-mobile-on-demand-m-plus;google-pixel-11-pro-fold-256gb-olive;Schätzung;Tarifgrundpreis Monat 25–36
Bündel;Pixel 11 Pro Fold;256;o2;netzbetreiber;O2 Mobile on Demand M Plus mit 50 GB+ (24 Mon.);M;neu;1,00;14,99;55,00;;36;39,99;36;;;2026-10-07;https://www.o2online.de/e-shop/google/google-pixel-11-pro-fold-256gb-olive-details?ohne-tarif=nein&zielgruppe=privatkunden&ratenzahlung=36&vertragsart=ratenzahlung&tarif=o2-mobile-on-demand-m-plus;google-pixel-11-pro-fold-256gb-olive;;Tarifgrundpreis Monat 25–36
Bündel;Pixel 11 Pro Fold;256;o2;netzbetreiber;O2 Mobile S mit 15 GB+ (24 Mon.);XS;neu;1,00;14,99;55,00;;36;39,99;36;;;2026-10-06;https://www.o2online.de/e-shop/google/google-pixel-11-pro-fold-256gb-olive-details?ohne-tarif=nein&zielgruppe=privatkunden&ratenzahlung=36&vertragsart=ratenzahlung&tarif=o2-mobile-on-demand-m-plus;google-pixel-11-pro-fold-256gb-olive;Schätzung;Tarifgrundpreis Monat 25–36
Bündel;Pixel 11 Pro Fold;256;o2;netzbetreiber;O2 Mobile Unlimited L mit 300 MBit/s (24 Mon.);XL;neu;1,00;39,99;55,00;;36;0,00;36;;;2026-10-06;https://www.o2online.de/e-shop/google/google-pixel-11-pro-fold-256gb-olive-details?ohne-tarif=nein&zielgruppe=privatkunden&ratenzahlung=36&vertragsart=ratenzahlung&tarif=o2-mobile-on-demand-m-plus;google-pixel-11-pro-fold-256gb-olive;Schätzung;Tarifgrundpreis Monat 25–36
Bündel;Pixel 11 Pro Fold;256;o2;netzbetreiber;O2 Mobile Unlimited M mit 100 MBit/s (24 Mon.);XL;neu;1,00;29,99;55,00;;36;0,00;36;;;2026-10-06;https://www.o2online.de/e-shop/google/google-pixel-11-pro-fold-256gb-olive-details?ohne-tarif=nein&zielgruppe=privatkunden&ratenzahlung=36&vertragsart=ratenzahlung&tarif=o2-mobile-on-demand-m-plus;google-pixel-11-pro-fold-256gb-olive;Schätzung;Tarifgrundpreis Monat 25–36
Bündel;Pixel 11 Pro Fold;256;o2;netzbetreiber;O2 Mobile Unlimited M Plus mit 100 MBit/s (24 Mon.);XL;neu;1,00;19,99;55,00;;36;0,00;36;;;2026-10-06;https://www.o2online.de/e-shop/google/google-pixel-11-pro-fold-256gb-olive-details?ohne-tarif=nein&zielgruppe=privatkunden&ratenzahlung=36&vertragsart=ratenzahlung&tarif=o2-mobile-on-demand-m-plus;google-pixel-11-pro-fold-256gb-olive;Schätzung;Tarifgrundpreis Monat 25–36
Bündel;Pixel 11 Pro Fold;256;o2;netzbetreiber;O2 Mobile Unlimited S Special mit 15 MBit/s (24 Mon.);XL;neu;1,00;24,99;55,00;;36;39,99;36;;;2026-10-06;https://www.o2online.de/e-shop/google/google-pixel-11-pro-fold-256gb-olive-details?ohne-tarif=nein&zielgruppe=privatkunden&ratenzahlung=36&vertragsart=ratenzahlung&tarif=o2-mobile-on-demand-m-plus;google-pixel-11-pro-fold-256gb-olive;Schätzung;Tarifgrundpreis Monat 25–36
Bündel;Pixel 11 Pro Fold;256;o2;netzbetreiber;O2 Mobile Unlimited S Special Plus mit 15 MBit/s (24 Mon.);XL;neu;1,00;19,99;55,00;;36;39,99;36;;;2026-10-06;https://www.o2online.de/e-shop/google/google-pixel-11-pro-fold-256gb-olive-details?ohne-tarif=nein&zielgruppe=privatkunden&ratenzahlung=36&vertragsart=ratenzahlung&tarif=o2-mobile-on-demand-m-plus;google-pixel-11-pro-fold-256gb-olive;Schätzung;Tarifgrundpreis Monat 25–36
Bündel;Pixel 11 Pro XL;256;o2;netzbetreiber;O2 Mobile L mit 150 GB+ (24 Mon.);L;neu;1,00;24,99;39,00;;36;0,00;36;;;2026-10-06;https://www.o2online.de/e-shop/google/google-pixel-11-pro-xl-256gb-canyon-details?ohne-tarif=nein&zielgruppe=privatkunden&ratenzahlung=36&vertragsart=ratenzahlung&tarif=o2-mobile-on-demand-m-plus;google-pixel-11-pro-xl-256gb-canyon;Schätzung;Tarifgrundpreis Monat 25–36
Bündel;Pixel 11 Pro XL;256;o2;netzbetreiber;O2 Mobile L Plus mit 150 GB+ (24 Mon.);L;neu;1,00;19,99;39,00;;36;0,00;36;;;2026-10-06;https://www.o2online.de/e-shop/google/google-pixel-11-pro-xl-256gb-canyon-details?ohne-tarif=nein&zielgruppe=privatkunden&ratenzahlung=36&vertragsart=ratenzahlung&tarif=o2-mobile-on-demand-m-plus;google-pixel-11-pro-xl-256gb-canyon;Schätzung;Tarifgrundpreis Monat 25–36
Bündel;Pixel 11 Pro XL;256;o2;netzbetreiber;O2 Mobile on Demand M mit 50 GB+ (24 Mon.);M;neu;1,00;19,99;39,00;;36;39,99;36;;;2026-10-06;https://www.o2online.de/e-shop/google/google-pixel-11-pro-xl-256gb-canyon-details?ohne-tarif=nein&zielgruppe=privatkunden&ratenzahlung=36&vertragsart=ratenzahlung&tarif=o2-mobile-on-demand-m-plus;google-pixel-11-pro-xl-256gb-canyon;Schätzung;Tarifgrundpreis Monat 25–36
Bündel;Pixel 11 Pro XL;256;o2;netzbetreiber;O2 Mobile on Demand M Plus mit 50 GB+ (24 Mon.);M;neu;1,00;14,99;39,00;;36;39,99;36;;;2026-10-07;https://www.o2online.de/e-shop/google/google-pixel-11-pro-xl-256gb-canyon-details?ohne-tarif=nein&zielgruppe=privatkunden&ratenzahlung=36&vertragsart=ratenzahlung&tarif=o2-mobile-on-demand-m-plus;google-pixel-11-pro-xl-256gb-canyon;;Tarifgrundpreis Monat 25–36
Bündel;Pixel 11 Pro XL;256;o2;netzbetreiber;O2 Mobile S mit 15 GB+ (24 Mon.);XS;neu;1,00;14,99;39,00;;36;39,99;36;;;2026-10-06;https://www.o2online.de/e-shop/google/google-pixel-11-pro-xl-256gb-canyon-details?ohne-tarif=nein&zielgruppe=privatkunden&ratenzahlung=36&vertragsart=ratenzahlung&tarif=o2-mobile-on-demand-m-plus;google-pixel-11-pro-xl-256gb-canyon;Schätzung;Tarifgrundpreis Monat 25–36
Bündel;Pixel 11 Pro XL;256;o2;netzbetreiber;O2 Mobile Unlimited L mit 300 MBit/s (24 Mon.);XL;neu;1,00;39,99;39,00;;36;0,00;36;;;2026-10-06;https://www.o2online.de/e-shop/google/google-pixel-11-pro-xl-256gb-canyon-details?ohne-tarif=nein&zielgruppe=privatkunden&ratenzahlung=36&vertragsart=ratenzahlung&tarif=o2-mobile-on-demand-m-plus;google-pixel-11-pro-xl-256gb-canyon;Schätzung;Tarifgrundpreis Monat 25–36
Bündel;Pixel 11 Pro XL;256;o2;netzbetreiber;O2 Mobile Unlimited M mit 100 MBit/s (24 Mon.);XL;neu;1,00;29,99;39,00;;36;0,00;36;;;2026-10-06;https://www.o2online.de/e-shop/google/google-pixel-11-pro-xl-256gb-canyon-details?ohne-tarif=nein&zielgruppe=privatkunden&ratenzahlung=36&vertragsart=ratenzahlung&tarif=o2-mobile-on-demand-m-plus;google-pixel-11-pro-xl-256gb-canyon;Schätzung;Tarifgrundpreis Monat 25–36
Bündel;Pixel 11 Pro XL;256;o2;netzbetreiber;O2 Mobile Unlimited M Plus mit 100 MBit/s (24 Mon.);XL;neu;1,00;19,99;39,00;;36;0,00;36;;;2026-10-06;https://www.o2online.de/e-shop/google/google-pixel-11-pro-xl-256gb-canyon-details?ohne-tarif=nein&zielgruppe=privatkunden&ratenzahlung=36&vertragsart=ratenzahlung&tarif=o2-mobile-on-demand-m-plus;google-pixel-11-pro-xl-256gb-canyon;Schätzung;Tarifgrundpreis Monat 25–36
Bündel;Pixel 11 Pro XL;256;o2;netzbetreiber;O2 Mobile Unlimited S Special mit 15 MBit/s (24 Mon.);XL;neu;1,00;24,99;39,00;;36;39,99;36;;;2026-10-06;https://www.o2online.de/e-shop/google/google-pixel-11-pro-xl-256gb-canyon-details?ohne-tarif=nein&zielgruppe=privatkunden&ratenzahlung=36&vertragsart=ratenzahlung&tarif=o2-mobile-on-demand-m-plus;google-pixel-11-pro-xl-256gb-canyon;Schätzung;Tarifgrundpreis Monat 25–36
Bündel;Pixel 11 Pro XL;256;o2;netzbetreiber;O2 Mobile Unlimited S Special Plus mit 15 MBit/s (24 Mon.);XL;neu;1,00;19,99;39,00;;36;39,99;36;;;2026-10-06;https://www.o2online.de/e-shop/google/google-pixel-11-pro-xl-256gb-canyon-details?ohne-tarif=nein&zielgruppe=privatkunden&ratenzahlung=36&vertragsart=ratenzahlung&tarif=o2-mobile-on-demand-m-plus;google-pixel-11-pro-xl-256gb-canyon;Schätzung;Tarifgrundpreis Monat 25–36
Bündel;Nothing Phone (3);256;o2;netzbetreiber;O2 Mobile L mit 150 GB+ (24 Mon.);L;neu;1,00;24,99;16,50;;36;0,00;36;;;2026-10-07;https://www.o2online.de/e-shop/nothing/nothing-phone-3-256gb-schwarz-details?ohne-tarif=nein&zielgruppe=privatkunden&ratenzahlung=36&vertragsart=ratenzahlung&tarif=o2-mobile-on-demand-m-plus;nothing-phone-3-256gb-schwarz;Schätzung;Tarifgrundpreis Monat 25–36
Bündel;Nothing Phone (3);256;o2;netzbetreiber;O2 Mobile L Plus mit 150 GB+ (24 Mon.);L;neu;1,00;19,99;16,50;;36;0,00;36;;;2026-10-07;https://www.o2online.de/e-shop/nothing/nothing-phone-3-256gb-schwarz-details?ohne-tarif=nein&zielgruppe=privatkunden&ratenzahlung=36&vertragsart=ratenzahlung&tarif=o2-mobile-on-demand-m-plus;nothing-phone-3-256gb-schwarz;Schätzung;Tarifgrundpreis Monat 25–36
Bündel;Nothing Phone (3);256;o2;netzbetreiber;O2 Mobile on Demand M mit 50 GB+ (24 Mon.);M;neu;1,00;19,99;16,50;;36;39,99;36;;;2026-10-07;https://www.o2online.de/e-shop/nothing/nothing-phone-3-256gb-schwarz-details?ohne-tarif=nein&zielgruppe=privatkunden&ratenzahlung=36&vertragsart=ratenzahlung&tarif=o2-mobile-on-demand-m-plus;nothing-phone-3-256gb-schwarz;Schätzung;Tarifgrundpreis Monat 25–36
Bündel;Nothing Phone (3);256;o2;netzbetreiber;O2 Mobile on Demand M Plus mit 50 GB+ (24 Mon.);M;neu;1,00;14,99;16,50;;36;39,99;36;;;2026-10-07;https://www.o2online.de/e-shop/nothing/nothing-phone-3-256gb-schwarz-details?ohne-tarif=nein&zielgruppe=privatkunden&ratenzahlung=36&vertragsart=ratenzahlung&tarif=o2-mobile-on-demand-m-plus;nothing-phone-3-256gb-schwarz;;Tarifgrundpreis Monat 25–36
Bündel;Nothing Phone (3);256;o2;netzbetreiber;O2 Mobile S mit 15 GB+ (24 Mon.);XS;neu;1,00;14,99;16,50;;36;39,99;36;;;2026-10-07;https://www.o2online.de/e-shop/nothing/nothing-phone-3-256gb-schwarz-details?ohne-tarif=nein&zielgruppe=privatkunden&ratenzahlung=36&vertragsart=ratenzahlung&tarif=o2-mobile-on-demand-m-plus;nothing-phone-3-256gb-schwarz;Schätzung;Tarifgrundpreis Monat 25–36
Bündel;Nothing Phone (3);256;o2;netzbetreiber;O2 Mobile Unlimited L mit 300 MBit/s (24 Mon.);XL;neu;1,00;39,99;16,50;;36;0,00;36;;;2026-10-07;https://www.o2online.de/e-shop/nothing/nothing-phone-3-256gb-schwarz-details?ohne-tarif=nein&zielgruppe=privatkunden&ratenzahlung=36&vertragsart=ratenzahlung&tarif=o2-mobile-on-demand-m-plus;nothing-phone-3-256gb-schwarz;Schätzung;Tarifgrundpreis Monat 25–36
Bündel;Nothing Phone (3);256;o2;netzbetreiber;O2 Mobile Unlimited M mit 100 MBit/s (24 Mon.);XL;neu;1,00;29,99;16,50;;36;0,00;36;;;2026-10-07;https://www.o2online.de/e-shop/nothing/nothing-phone-3-256gb-schwarz-details?ohne-tarif=nein&zielgruppe=privatkunden&ratenzahlung=36&vertragsart=ratenzahlung&tarif=o2-mobile-on-demand-m-plus;nothing-phone-3-256gb-schwarz;Schätzung;Tarifgrundpreis Monat 25–36
Bündel;Nothing Phone (3);256;o2;netzbetreiber;O2 Mobile Unlimited M Plus mit 100 MBit/s (24 Mon.);XL;neu;1,00;19,99;16,50;;36;0,00;36;;;2026-10-07;https://www.o2online.de/e-shop/nothing/nothing-phone-3-256gb-schwarz-details?ohne-tarif=nein&zielgruppe=privatkunden&ratenzahlung=36&vertragsart=ratenzahlung&tarif=o2-mobile-on-demand-m-plus;nothing-phone-3-256gb-schwarz;Schätzung;Tarifgrundpreis Monat 25–36
Bündel;Nothing Phone (3);256;o2;netzbetreiber;O2 Mobile Unlimited S Special mit 15 MBit/s (24 Mon.);XL;neu;1,00;24,99;16,50;;36;39,99;36;;;2026-10-07;https://www.o2online.de/e-shop/nothing/nothing-phone-3-256gb-schwarz-details?ohne-tarif=nein&zielgruppe=privatkunden&ratenzahlung=36&vertragsart=ratenzahlung&tarif=o2-mobile-on-demand-m-plus;nothing-phone-3-256gb-schwarz;Schätzung;Tarifgrundpreis Monat 25–36
Bündel;Nothing Phone (3);256;o2;netzbetreiber;O2 Mobile Unlimited S Special Plus mit 15 MBit/s (24 Mon.);XL;neu;1,00;19,99;16,50;;36;39,99;36;;;2026-10-07;https://www.o2online.de/e-shop/nothing/nothing-phone-3-256gb-schwarz-details?ohne-tarif=nein&zielgruppe=privatkunden&ratenzahlung=36&vertragsart=ratenzahlung&tarif=o2-mobile-on-demand-m-plus;nothing-phone-3-256gb-schwarz;Schätzung;Tarifgrundpreis Monat 25–36
Bündel;Nothing Phone (4a);128;o2;netzbetreiber;O2 Mobile L mit 150 GB+ (24 Mon.);L;neu;1,00;24,99;10,50;;36;0,00;36;;;2026-10-06;https://www.o2online.de/e-shop/nothing/nothing-phone-4a-128gb-schwarz-details?ohne-tarif=nein&zielgruppe=privatkunden&ratenzahlung=36&vertragsart=ratenzahlung&tarif=o2-mobile-on-demand-m-plus;nothing-phone-4a-128gb-schwarz;Schätzung;Tarifgrundpreis Monat 25–36
Bündel;Nothing Phone (4a);128;o2;netzbetreiber;O2 Mobile L Plus mit 150 GB+ (24 Mon.);L;neu;1,00;19,99;10,50;;36;0,00;36;;;2026-10-06;https://www.o2online.de/e-shop/nothing/nothing-phone-4a-128gb-schwarz-details?ohne-tarif=nein&zielgruppe=privatkunden&ratenzahlung=36&vertragsart=ratenzahlung&tarif=o2-mobile-on-demand-m-plus;nothing-phone-4a-128gb-schwarz;Schätzung;Tarifgrundpreis Monat 25–36
Bündel;Nothing Phone (4a);128;o2;netzbetreiber;O2 Mobile on Demand M mit 50 GB+ (24 Mon.);M;neu;1,00;19,99;10,50;;36;39,99;36;;;2026-10-06;https://www.o2online.de/e-shop/nothing/nothing-phone-4a-128gb-schwarz-details?ohne-tarif=nein&zielgruppe=privatkunden&ratenzahlung=36&vertragsart=ratenzahlung&tarif=o2-mobile-on-demand-m-plus;nothing-phone-4a-128gb-schwarz;Schätzung;Tarifgrundpreis Monat 25–36
Bündel;Nothing Phone (4a);128;o2;netzbetreiber;O2 Mobile on Demand M Plus mit 50 GB+ (24 Mon.);M;neu;1,00;14,99;10,50;;36;39,99;36;;;2026-10-07;https://www.o2online.de/e-shop/nothing/nothing-phone-4a-128gb-schwarz-details?ohne-tarif=nein&zielgruppe=privatkunden&ratenzahlung=36&vertragsart=ratenzahlung&tarif=o2-mobile-on-demand-m-plus;nothing-phone-4a-128gb-schwarz;;Tarifgrundpreis Monat 25–36
Bündel;Nothing Phone (4a);128;o2;netzbetreiber;O2 Mobile S mit 15 GB+ (24 Mon.);XS;neu;1,00;14,99;10,50;;36;39,99;36;;;2026-10-06;https://www.o2online.de/e-shop/nothing/nothing-phone-4a-128gb-schwarz-details?ohne-tarif=nein&zielgruppe=privatkunden&ratenzahlung=36&vertragsart=ratenzahlung&tarif=o2-mobile-on-demand-m-plus;nothing-phone-4a-128gb-schwarz;Schätzung;Tarifgrundpreis Monat 25–36
Bündel;Nothing Phone (4a);128;o2;netzbetreiber;O2 Mobile Unlimited L mit 300 MBit/s (24 Mon.);XL;neu;1,00;39,99;10,50;;36;0,00;36;;;2026-10-06;https://www.o2online.de/e-shop/nothing/nothing-phone-4a-128gb-schwarz-details?ohne-tarif=nein&zielgruppe=privatkunden&ratenzahlung=36&vertragsart=ratenzahlung&tarif=o2-mobile-on-demand-m-plus;nothing-phone-4a-128gb-schwarz;Schätzung;Tarifgrundpreis Monat 25–36
Bündel;Nothing Phone (4a);128;o2;netzbetreiber;O2 Mobile Unlimited M mit 100 MBit/s (24 Mon.);XL;neu;1,00;29,99;10,50;;36;0,00;36;;;2026-10-06;https://www.o2online.de/e-shop/nothing/nothing-phone-4a-128gb-schwarz-details?ohne-tarif=nein&zielgruppe=privatkunden&ratenzahlung=36&vertragsart=ratenzahlung&tarif=o2-mobile-on-demand-m-plus;nothing-phone-4a-128gb-schwarz;Schätzung;Tarifgrundpreis Monat 25–36
Bündel;Nothing Phone (4a);128;o2;netzbetreiber;O2 Mobile Unlimited M Plus mit 100 MBit/s (24 Mon.);XL;neu;1,00;19,99;10,50;;36;0,00;36;;;2026-10-06;https://www.o2online.de/e-shop/nothing/nothing-phone-4a-128gb-schwarz-details?ohne-tarif=nein&zielgruppe=privatkunden&ratenzahlung=36&vertragsart=ratenzahlung&tarif=o2-mobile-on-demand-m-plus;nothing-phone-4a-128gb-schwarz;Schätzung;Tarifgrundpreis Monat 25–36
Bündel;Nothing Phone (4a);128;o2;netzbetreiber;O2 Mobile Unlimited S Special mit 15 MBit/s (24 Mon.);XL;neu;1,00;24,99;10,50;;36;39,99;36;;;2026-10-06;https://www.o2online.de/e-shop/nothing/nothing-phone-4a-128gb-schwarz-details?ohne-tarif=nein&zielgruppe=privatkunden&ratenzahlung=36&vertragsart=ratenzahlung&tarif=o2-mobile-on-demand-m-plus;nothing-phone-4a-128gb-schwarz;Schätzung;Tarifgrundpreis Monat 25–36
Bündel;Nothing Phone (4a);128;o2;netzbetreiber;O2 Mobile Unlimited S Special Plus mit 15 MBit/s (24 Mon.);XL;neu;1,00;19,99;10,50;;36;39,99;36;;;2026-10-06;https://www.o2online.de/e-shop/nothing/nothing-phone-4a-128gb-schwarz-details?ohne-tarif=nein&zielgruppe=privatkunden&ratenzahlung=36&vertragsart=ratenzahlung&tarif=o2-mobile-on-demand-m-plus;nothing-phone-4a-128gb-schwarz;Schätzung;Tarifgrundpreis Monat 25–36
Bündel;Nothing Phone (4a) Pro;256;o2;netzbetreiber;O2 Mobile L mit 150 GB+ (24 Mon.);L;neu;1,00;24,99;16,50;;36;0,00;36;;;2026-10-06;https://www.o2online.de/e-shop/nothing/nothing-phone-4a-pro-256gb-schwarz-details?ohne-tarif=nein&zielgruppe=privatkunden&ratenzahlung=36&vertragsart=ratenzahlung&tarif=o2-mobile-on-demand-m-plus;nothing-phone-4a-pro-256gb-schwarz;Schätzung;Tarifgrundpreis Monat 25–36
Bündel;Nothing Phone (4a) Pro;256;o2;netzbetreiber;O2 Mobile L Plus mit 150 GB+ (24 Mon.);L;neu;1,00;19,99;16,50;;36;0,00;36;;;2026-10-06;https://www.o2online.de/e-shop/nothing/nothing-phone-4a-pro-256gb-schwarz-details?ohne-tarif=nein&zielgruppe=privatkunden&ratenzahlung=36&vertragsart=ratenzahlung&tarif=o2-mobile-on-demand-m-plus;nothing-phone-4a-pro-256gb-schwarz;Schätzung;Tarifgrundpreis Monat 25–36
Bündel;Nothing Phone (4a) Pro;256;o2;netzbetreiber;O2 Mobile on Demand M mit 50 GB+ (24 Mon.);M;neu;1,00;19,99;16,50;;36;39,99;36;;;2026-10-06;https://www.o2online.de/e-shop/nothing/nothing-phone-4a-pro-256gb-schwarz-details?ohne-tarif=nein&zielgruppe=privatkunden&ratenzahlung=36&vertragsart=ratenzahlung&tarif=o2-mobile-on-demand-m-plus;nothing-phone-4a-pro-256gb-schwarz;Schätzung;Tarifgrundpreis Monat 25–36
Bündel;Nothing Phone (4a) Pro;256;o2;netzbetreiber;O2 Mobile on Demand M Plus mit 50 GB+ (24 Mon.);M;neu;1,00;14,99;16,50;;36;39,99;36;;;2026-10-07;https://www.o2online.de/e-shop/nothing/nothing-phone-4a-pro-256gb-schwarz-details?ohne-tarif=nein&zielgruppe=privatkunden&ratenzahlung=36&vertragsart=ratenzahlung&tarif=o2-mobile-on-demand-m-plus;nothing-phone-4a-pro-256gb-schwarz;;Tarifgrundpreis Monat 25–36
Bündel;Nothing Phone (4a) Pro;256;o2;netzbetreiber;O2 Mobile S mit 15 GB+ (24 Mon.);XS;neu;1,00;14,99;16,50;;36;39,99;36;;;2026-10-06;https://www.o2online.de/e-shop/nothing/nothing-phone-4a-pro-256gb-schwarz-details?ohne-tarif=nein&zielgruppe=privatkunden&ratenzahlung=36&vertragsart=ratenzahlung&tarif=o2-mobile-on-demand-m-plus;nothing-phone-4a-pro-256gb-schwarz;Schätzung;Tarifgrundpreis Monat 25–36
Bündel;Nothing Phone (4a) Pro;256;o2;netzbetreiber;O2 Mobile Unlimited L mit 300 MBit/s (24 Mon.);XL;neu;1,00;39,99;16,50;;36;0,00;36;;;2026-10-06;https://www.o2online.de/e-shop/nothing/nothing-phone-4a-pro-256gb-schwarz-details?ohne-tarif=nein&zielgruppe=privatkunden&ratenzahlung=36&vertragsart=ratenzahlung&tarif=o2-mobile-on-demand-m-plus;nothing-phone-4a-pro-256gb-schwarz;Schätzung;Tarifgrundpreis Monat 25–36
Bündel;Nothing Phone (4a) Pro;256;o2;netzbetreiber;O2 Mobile Unlimited M mit 100 MBit/s (24 Mon.);XL;neu;1,00;29,99;16,50;;36;0,00;36;;;2026-10-06;https://www.o2online.de/e-shop/nothing/nothing-phone-4a-pro-256gb-schwarz-details?ohne-tarif=nein&zielgruppe=privatkunden&ratenzahlung=36&vertragsart=ratenzahlung&tarif=o2-mobile-on-demand-m-plus;nothing-phone-4a-pro-256gb-schwarz;Schätzung;Tarifgrundpreis Monat 25–36
Bündel;Nothing Phone (4a) Pro;256;o2;netzbetreiber;O2 Mobile Unlimited M Plus mit 100 MBit/s (24 Mon.);XL;neu;1,00;19,99;16,50;;36;0,00;36;;;2026-10-06;https://www.o2online.de/e-shop/nothing/nothing-phone-4a-pro-256gb-schwarz-details?ohne-tarif=nein&zielgruppe=privatkunden&ratenzahlung=36&vertragsart=ratenzahlung&tarif=o2-mobile-on-demand-m-plus;nothing-phone-4a-pro-256gb-schwarz;Schätzung;Tarifgrundpreis Monat 25–36
Bündel;Nothing Phone (4a) Pro;256;o2;netzbetreiber;O2 Mobile Unlimited S Special mit 15 MBit/s (24 Mon.);XL;neu;1,00;24,99;16,50;;36;39,99;36;;;2026-10-06;https://www.o2online.de/e-shop/nothing/nothing-phone-4a-pro-256gb-schwarz-details?ohne-tarif=nein&zielgruppe=privatkunden&ratenzahlung=36&vertragsart=ratenzahlung&tarif=o2-mobile-on-demand-m-plus;nothing-phone-4a-pro-256gb-schwarz;Schätzung;Tarifgrundpreis Monat 25–36
Bündel;Nothing Phone (4a) Pro;256;o2;netzbetreiber;O2 Mobile Unlimited S Special Plus mit 15 MBit/s (24 Mon.);XL;neu;1,00;19,99;16,50;;36;39,99;36;;;2026-10-06;https://www.o2online.de/e-shop/nothing/nothing-phone-4a-pro-256gb-schwarz-details?ohne-tarif=nein&zielgruppe=privatkunden&ratenzahlung=36&vertragsart=ratenzahlung&tarif=o2-mobile-on-demand-m-plus;nothing-phone-4a-pro-256gb-schwarz;Schätzung;Tarifgrundpreis Monat 25–36
Bündel;Galaxy A17;128;o2;netzbetreiber;O2 Mobile L mit 150 GB+ (24 Mon.);L;neu;1,00;24,99;7,50;;36;0,00;36;;;2026-10-06;https://www.o2online.de/e-shop/samsung/samsung-galaxy-a17-128gb-5g-schwarz-details?ohne-tarif=nein&zielgruppe=privatkunden&ratenzahlung=36&vertragsart=ratenzahlung&tarif=o2-mobile-on-demand-m;samsung-galaxy-a17-128gb-5g-schwarz;Schätzung;Tarifgrundpreis Monat 25–36
Bündel;Galaxy A17;128;o2;netzbetreiber;O2 Mobile on Demand M mit 50 GB+ (24 Mon.);M;neu;1,00;19,99;7,50;;36;39,99;36;;;2026-10-07;https://www.o2online.de/e-shop/samsung/samsung-galaxy-a17-128gb-5g-schwarz-details?ohne-tarif=nein&zielgruppe=privatkunden&ratenzahlung=36&vertragsart=ratenzahlung&tarif=o2-mobile-on-demand-m;samsung-galaxy-a17-128gb-5g-schwarz;;Tarifgrundpreis Monat 25–36
Bündel;Galaxy A17;128;o2;netzbetreiber;O2 Mobile S mit 15 GB+ (24 Mon.);XS;neu;1,00;14,99;7,50;;36;39,99;36;;;2026-10-06;https://www.o2online.de/e-shop/samsung/samsung-galaxy-a17-128gb-5g-schwarz-details?ohne-tarif=nein&zielgruppe=privatkunden&ratenzahlung=36&vertragsart=ratenzahlung&tarif=o2-mobile-on-demand-m;samsung-galaxy-a17-128gb-5g-schwarz;Schätzung;Tarifgrundpreis Monat 25–36
Bündel;Galaxy A17;128;o2;netzbetreiber;O2 Mobile Unlimited L mit 300 MBit/s (24 Mon.);XL;neu;1,00;39,99;7,50;;36;0,00;36;;;2026-10-06;https://www.o2online.de/e-shop/samsung/samsung-galaxy-a17-128gb-5g-schwarz-details?ohne-tarif=nein&zielgruppe=privatkunden&ratenzahlung=36&vertragsart=ratenzahlung&tarif=o2-mobile-on-demand-m;samsung-galaxy-a17-128gb-5g-schwarz;Schätzung;Tarifgrundpreis Monat 25–36
Bündel;Galaxy A17;128;o2;netzbetreiber;O2 Mobile Unlimited M mit 100 MBit/s (24 Mon.);XL;neu;1,00;29,99;7,50;;36;0,00;36;;;2026-10-06;https://www.o2online.de/e-shop/samsung/samsung-galaxy-a17-128gb-5g-schwarz-details?ohne-tarif=nein&zielgruppe=privatkunden&ratenzahlung=36&vertragsart=ratenzahlung&tarif=o2-mobile-on-demand-m;samsung-galaxy-a17-128gb-5g-schwarz;Schätzung;Tarifgrundpreis Monat 25–36
Bündel;Galaxy A17;128;o2;netzbetreiber;O2 Mobile Unlimited S Special mit 15 MBit/s (24 Mon.);XL;neu;1,00;24,99;7,50;;36;39,99;36;;;2026-10-06;https://www.o2online.de/e-shop/samsung/samsung-galaxy-a17-128gb-5g-schwarz-details?ohne-tarif=nein&zielgruppe=privatkunden&ratenzahlung=36&vertragsart=ratenzahlung&tarif=o2-mobile-on-demand-m;samsung-galaxy-a17-128gb-5g-schwarz;Schätzung;Tarifgrundpreis Monat 25–36
Bündel;Galaxy A27;128;o2;netzbetreiber;O2 Mobile L mit 150 GB+ (24 Mon.);L;neu;1,00;24,99;9,50;;36;0,00;36;;;2026-10-07;https://www.o2online.de/e-shop/samsung/samsung-galaxy-a27-5g-128gb-schwarz-details?ohne-tarif=nein&zielgruppe=privatkunden&ratenzahlung=36&vertragsart=ratenzahlung&tarif=o2-mobile-on-demand-m;samsung-galaxy-a27-128gb-schwarz;Schätzung;Tarifgrundpreis Monat 25–36
Bündel;Galaxy A27;128;o2;netzbetreiber;O2 Mobile on Demand M mit 50 GB+ (24 Mon.);M;neu;1,00;19,99;9,50;;36;39,99;36;;;2026-10-07;https://www.o2online.de/e-shop/samsung/samsung-galaxy-a27-5g-128gb-schwarz-details?ohne-tarif=nein&zielgruppe=privatkunden&ratenzahlung=36&vertragsart=ratenzahlung&tarif=o2-mobile-on-demand-m;samsung-galaxy-a27-128gb-schwarz;;Tarifgrundpreis Monat 25–36
Bündel;Galaxy A27;128;o2;netzbetreiber;O2 Mobile S mit 15 GB+ (24 Mon.);XS;neu;1,00;14,99;9,50;;36;39,99;36;;;2026-10-07;https://www.o2online.de/e-shop/samsung/samsung-galaxy-a27-5g-128gb-schwarz-details?ohne-tarif=nein&zielgruppe=privatkunden&ratenzahlung=36&vertragsart=ratenzahlung&tarif=o2-mobile-on-demand-m;samsung-galaxy-a27-128gb-schwarz;Schätzung;Tarifgrundpreis Monat 25–36
Bündel;Galaxy A27;128;o2;netzbetreiber;O2 Mobile Unlimited L mit 300 MBit/s (24 Mon.);XL;neu;1,00;39,99;9,50;;36;0,00;36;;;2026-10-07;https://www.o2online.de/e-shop/samsung/samsung-galaxy-a27-5g-128gb-schwarz-details?ohne-tarif=nein&zielgruppe=privatkunden&ratenzahlung=36&vertragsart=ratenzahlung&tarif=o2-mobile-on-demand-m;samsung-galaxy-a27-128gb-schwarz;Schätzung;Tarifgrundpreis Monat 25–36
Bündel;Galaxy A27;128;o2;netzbetreiber;O2 Mobile Unlimited M mit 100 MBit/s (24 Mon.);XL;neu;1,00;29,99;9,50;;36;0,00;36;;;2026-10-07;https://www.o2online.de/e-shop/samsung/samsung-galaxy-a27-5g-128gb-schwarz-details?ohne-tarif=nein&zielgruppe=privatkunden&ratenzahlung=36&vertragsart=ratenzahlung&tarif=o2-mobile-on-demand-m;samsung-galaxy-a27-128gb-schwarz;Schätzung;Tarifgrundpreis Monat 25–36
Bündel;Galaxy A27;128;o2;netzbetreiber;O2 Mobile Unlimited S Special mit 15 MBit/s (24 Mon.);XL;neu;1,00;24,99;9,50;;36;39,99;36;;;2026-10-07;https://www.o2online.de/e-shop/samsung/samsung-galaxy-a27-5g-128gb-schwarz-details?ohne-tarif=nein&zielgruppe=privatkunden&ratenzahlung=36&vertragsart=ratenzahlung&tarif=o2-mobile-on-demand-m;samsung-galaxy-a27-128gb-schwarz;Schätzung;Tarifgrundpreis Monat 25–36
Bündel;Galaxy A37;128;o2;netzbetreiber;O2 Mobile L mit 150 GB+ (24 Mon.);L;neu;1,00;24,99;11,00;;36;0,00;36;;;2026-10-06;https://www.o2online.de/e-shop/samsung/samsung-galaxy-a37-128gb-awesome-charcoal-details?ohne-tarif=nein&zielgruppe=privatkunden&ratenzahlung=36&vertragsart=ratenzahlung&tarif=o2-mobile-on-demand-m-plus;samsung-galaxy-a37-128gb-awesome-charcoal;Schätzung;Tarifgrundpreis Monat 25–36
Bündel;Galaxy A37;128;o2;netzbetreiber;O2 Mobile L Plus mit 150 GB+ (24 Mon.);L;neu;1,00;19,99;11,00;;36;0,00;36;;;2026-10-06;https://www.o2online.de/e-shop/samsung/samsung-galaxy-a37-128gb-awesome-charcoal-details?ohne-tarif=nein&zielgruppe=privatkunden&ratenzahlung=36&vertragsart=ratenzahlung&tarif=o2-mobile-on-demand-m-plus;samsung-galaxy-a37-128gb-awesome-charcoal;Schätzung;Tarifgrundpreis Monat 25–36
Bündel;Galaxy A37;128;o2;netzbetreiber;O2 Mobile on Demand M mit 50 GB+ (24 Mon.);M;neu;1,00;19,99;11,00;;36;39,99;36;;;2026-10-06;https://www.o2online.de/e-shop/samsung/samsung-galaxy-a37-128gb-awesome-charcoal-details?ohne-tarif=nein&zielgruppe=privatkunden&ratenzahlung=36&vertragsart=ratenzahlung&tarif=o2-mobile-on-demand-m-plus;samsung-galaxy-a37-128gb-awesome-charcoal;Schätzung;Tarifgrundpreis Monat 25–36
Bündel;Galaxy A37;128;o2;netzbetreiber;O2 Mobile on Demand M Plus mit 50 GB+ (24 Mon.);M;neu;1,00;14,99;11,00;;36;39,99;36;;;2026-10-07;https://www.o2online.de/e-shop/samsung/samsung-galaxy-a37-128gb-awesome-charcoal-details?ohne-tarif=nein&zielgruppe=privatkunden&ratenzahlung=36&vertragsart=ratenzahlung&tarif=o2-mobile-on-demand-m-plus;samsung-galaxy-a37-128gb-awesome-charcoal;;Tarifgrundpreis Monat 25–36
Bündel;Galaxy A37;128;o2;netzbetreiber;O2 Mobile S mit 15 GB+ (24 Mon.);XS;neu;1,00;14,99;11,00;;36;39,99;36;;;2026-10-06;https://www.o2online.de/e-shop/samsung/samsung-galaxy-a37-128gb-awesome-charcoal-details?ohne-tarif=nein&zielgruppe=privatkunden&ratenzahlung=36&vertragsart=ratenzahlung&tarif=o2-mobile-on-demand-m-plus;samsung-galaxy-a37-128gb-awesome-charcoal;Schätzung;Tarifgrundpreis Monat 25–36
Bündel;Galaxy A37;128;o2;netzbetreiber;O2 Mobile Unlimited L mit 300 MBit/s (24 Mon.);XL;neu;1,00;39,99;11,00;;36;0,00;36;;;2026-10-06;https://www.o2online.de/e-shop/samsung/samsung-galaxy-a37-128gb-awesome-charcoal-details?ohne-tarif=nein&zielgruppe=privatkunden&ratenzahlung=36&vertragsart=ratenzahlung&tarif=o2-mobile-on-demand-m-plus;samsung-galaxy-a37-128gb-awesome-charcoal;Schätzung;Tarifgrundpreis Monat 25–36
Bündel;Galaxy A37;128;o2;netzbetreiber;O2 Mobile Unlimited M mit 100 MBit/s (24 Mon.);XL;neu;1,00;29,99;11,00;;36;0,00;36;;;2026-10-06;https://www.o2online.de/e-shop/samsung/samsung-galaxy-a37-128gb-awesome-charcoal-details?ohne-tarif=nein&zielgruppe=privatkunden&ratenzahlung=36&vertragsart=ratenzahlung&tarif=o2-mobile-on-demand-m-plus;samsung-galaxy-a37-128gb-awesome-charcoal;Schätzung;Tarifgrundpreis Monat 25–36
Bündel;Galaxy A37;128;o2;netzbetreiber;O2 Mobile Unlimited M Plus mit 100 MBit/s (24 Mon.);XL;neu;1,00;19,99;11,00;;36;0,00;36;;;2026-10-06;https://www.o2online.de/e-shop/samsung/samsung-galaxy-a37-128gb-awesome-charcoal-details?ohne-tarif=nein&zielgruppe=privatkunden&ratenzahlung=36&vertragsart=ratenzahlung&tarif=o2-mobile-on-demand-m-plus;samsung-galaxy-a37-128gb-awesome-charcoal;Schätzung;Tarifgrundpreis Monat 25–36
Bündel;Galaxy A37;128;o2;netzbetreiber;O2 Mobile Unlimited S Special mit 15 MBit/s (24 Mon.);XL;neu;1,00;24,99;11,00;;36;39,99;36;;;2026-10-06;https://www.o2online.de/e-shop/samsung/samsung-galaxy-a37-128gb-awesome-charcoal-details?ohne-tarif=nein&zielgruppe=privatkunden&ratenzahlung=36&vertragsart=ratenzahlung&tarif=o2-mobile-on-demand-m-plus;samsung-galaxy-a37-128gb-awesome-charcoal;Schätzung;Tarifgrundpreis Monat 25–36
Bündel;Galaxy A37;128;o2;netzbetreiber;O2 Mobile Unlimited S Special Plus mit 15 MBit/s (24 Mon.);XL;neu;1,00;19,99;11,00;;36;39,99;36;;;2026-10-06;https://www.o2online.de/e-shop/samsung/samsung-galaxy-a37-128gb-awesome-charcoal-details?ohne-tarif=nein&zielgruppe=privatkunden&ratenzahlung=36&vertragsart=ratenzahlung&tarif=o2-mobile-on-demand-m-plus;samsung-galaxy-a37-128gb-awesome-charcoal;Schätzung;Tarifgrundpreis Monat 25–36
Bündel;Galaxy A37;256;o2;netzbetreiber;O2 Mobile L mit 150 GB+ (24 Mon.);L;neu;1,00;24,99;14,00;;36;0,00;36;;;2026-10-06;https://www.o2online.de/e-shop/samsung/samsung-galaxy-a37-128gb-awesome-charcoal-details?ohne-tarif=nein&zielgruppe=privatkunden&ratenzahlung=36&vertragsart=ratenzahlung&tarif=o2-mobile-on-demand-m-plus;samsung-galaxy-a37-256gb-awesome-charcoal;Schätzung;Tarifgrundpreis Monat 25–36
Bündel;Galaxy A37;256;o2;netzbetreiber;O2 Mobile L Plus mit 150 GB+ (24 Mon.);L;neu;1,00;19,99;14,00;;36;0,00;36;;;2026-10-06;https://www.o2online.de/e-shop/samsung/samsung-galaxy-a37-128gb-awesome-charcoal-details?ohne-tarif=nein&zielgruppe=privatkunden&ratenzahlung=36&vertragsart=ratenzahlung&tarif=o2-mobile-on-demand-m-plus;samsung-galaxy-a37-256gb-awesome-charcoal;Schätzung;Tarifgrundpreis Monat 25–36
Bündel;Galaxy A37;256;o2;netzbetreiber;O2 Mobile on Demand M mit 50 GB+ (24 Mon.);M;neu;1,00;19,99;14,00;;36;39,99;36;;;2026-10-06;https://www.o2online.de/e-shop/samsung/samsung-galaxy-a37-128gb-awesome-charcoal-details?ohne-tarif=nein&zielgruppe=privatkunden&ratenzahlung=36&vertragsart=ratenzahlung&tarif=o2-mobile-on-demand-m-plus;samsung-galaxy-a37-256gb-awesome-charcoal;Schätzung;Tarifgrundpreis Monat 25–36
Bündel;Galaxy A37;256;o2;netzbetreiber;O2 Mobile on Demand M Plus mit 50 GB+ (24 Mon.);M;neu;1,00;14,99;14,00;;36;39,99;36;;;2026-10-06;https://www.o2online.de/e-shop/samsung/samsung-galaxy-a37-128gb-awesome-charcoal-details?ohne-tarif=nein&zielgruppe=privatkunden&ratenzahlung=36&vertragsart=ratenzahlung&tarif=o2-mobile-on-demand-m-plus;samsung-galaxy-a37-256gb-awesome-charcoal;;Tarifgrundpreis Monat 25–36
Bündel;Galaxy A37;256;o2;netzbetreiber;O2 Mobile S mit 15 GB+ (24 Mon.);XS;neu;1,00;14,99;14,00;;36;39,99;36;;;2026-10-06;https://www.o2online.de/e-shop/samsung/samsung-galaxy-a37-128gb-awesome-charcoal-details?ohne-tarif=nein&zielgruppe=privatkunden&ratenzahlung=36&vertragsart=ratenzahlung&tarif=o2-mobile-on-demand-m-plus;samsung-galaxy-a37-256gb-awesome-charcoal;Schätzung;Tarifgrundpreis Monat 25–36
Bündel;Galaxy A37;256;o2;netzbetreiber;O2 Mobile Unlimited L mit 300 MBit/s (24 Mon.);XL;neu;1,00;39,99;14,00;;36;0,00;36;;;2026-10-06;https://www.o2online.de/e-shop/samsung/samsung-galaxy-a37-128gb-awesome-charcoal-details?ohne-tarif=nein&zielgruppe=privatkunden&ratenzahlung=36&vertragsart=ratenzahlung&tarif=o2-mobile-on-demand-m-plus;samsung-galaxy-a37-256gb-awesome-charcoal;Schätzung;Tarifgrundpreis Monat 25–36
Bündel;Galaxy A37;256;o2;netzbetreiber;O2 Mobile Unlimited M mit 100 MBit/s (24 Mon.);XL;neu;1,00;29,99;14,00;;36;0,00;36;;;2026-10-06;https://www.o2online.de/e-shop/samsung/samsung-galaxy-a37-128gb-awesome-charcoal-details?ohne-tarif=nein&zielgruppe=privatkunden&ratenzahlung=36&vertragsart=ratenzahlung&tarif=o2-mobile-on-demand-m-plus;samsung-galaxy-a37-256gb-awesome-charcoal;Schätzung;Tarifgrundpreis Monat 25–36
Bündel;Galaxy A37;256;o2;netzbetreiber;O2 Mobile Unlimited M Plus mit 100 MBit/s (24 Mon.);XL;neu;1,00;24,99;14,00;;36;0,00;36;;;2026-10-06;https://www.o2online.de/e-shop/samsung/samsung-galaxy-a37-128gb-awesome-charcoal-details?ohne-tarif=nein&zielgruppe=privatkunden&ratenzahlung=36&vertragsart=ratenzahlung&tarif=o2-mobile-on-demand-m-plus;samsung-galaxy-a37-256gb-awesome-charcoal;Schätzung;Tarifgrundpreis Monat 25–36
Bündel;Galaxy A37;256;o2;netzbetreiber;O2 Mobile Unlimited S Special mit 15 MBit/s (24 Mon.);XL;neu;1,00;24,99;14,00;;36;39,99;36;;;2026-10-06;https://www.o2online.de/e-shop/samsung/samsung-galaxy-a37-128gb-awesome-charcoal-details?ohne-tarif=nein&zielgruppe=privatkunden&ratenzahlung=36&vertragsart=ratenzahlung&tarif=o2-mobile-on-demand-m-plus;samsung-galaxy-a37-256gb-awesome-charcoal;Schätzung;Tarifgrundpreis Monat 25–36
Bündel;Galaxy A37;256;o2;netzbetreiber;O2 Mobile Unlimited S Special Plus mit 15 MBit/s (24 Mon.);XL;neu;1,00;19,99;14,00;;36;39,99;36;;;2026-10-06;https://www.o2online.de/e-shop/samsung/samsung-galaxy-a37-128gb-awesome-charcoal-details?ohne-tarif=nein&zielgruppe=privatkunden&ratenzahlung=36&vertragsart=ratenzahlung&tarif=o2-mobile-on-demand-m-plus;samsung-galaxy-a37-256gb-awesome-charcoal;Schätzung;Tarifgrundpreis Monat 25–36
Bündel;Galaxy A56;128;o2;netzbetreiber;O2 Mobile L mit 150 GB+ (24 Mon.);L;neu;1,00;24,99;11,00;;36;0,00;36;;;2026-10-06;https://www.o2online.de/e-shop/samsung/samsung-galaxy-a56-128gb-awesome-graphite-5g-details?ohne-tarif=nein&zielgruppe=privatkunden&ratenzahlung=36&vertragsart=ratenzahlung&tarif=o2-mobile-on-demand-m-plus;samsung-galaxy-a56-128gb-awesome-graphite-5g;Schätzung;Tarifgrundpreis Monat 25–36
Bündel;Galaxy A56;128;o2;netzbetreiber;O2 Mobile L Plus mit 150 GB+ (24 Mon.);L;neu;1,00;19,99;11,00;;36;0,00;36;;;2026-10-06;https://www.o2online.de/e-shop/samsung/samsung-galaxy-a56-128gb-awesome-graphite-5g-details?ohne-tarif=nein&zielgruppe=privatkunden&ratenzahlung=36&vertragsart=ratenzahlung&tarif=o2-mobile-on-demand-m-plus;samsung-galaxy-a56-128gb-awesome-graphite-5g;Schätzung;Tarifgrundpreis Monat 25–36
Bündel;Galaxy A56;128;o2;netzbetreiber;O2 Mobile on Demand M mit 50 GB+ (24 Mon.);M;neu;1,00;19,99;11,00;;36;39,99;36;;;2026-10-06;https://www.o2online.de/e-shop/samsung/samsung-galaxy-a56-128gb-awesome-graphite-5g-details?ohne-tarif=nein&zielgruppe=privatkunden&ratenzahlung=36&vertragsart=ratenzahlung&tarif=o2-mobile-on-demand-m-plus;samsung-galaxy-a56-128gb-awesome-graphite-5g;Schätzung;Tarifgrundpreis Monat 25–36
Bündel;Galaxy A56;128;o2;netzbetreiber;O2 Mobile on Demand M Plus mit 50 GB+ (24 Mon.);M;neu;1,00;14,99;11,00;;36;39,99;36;;;2026-10-07;https://www.o2online.de/e-shop/samsung/samsung-galaxy-a56-128gb-awesome-graphite-5g-details?ohne-tarif=nein&zielgruppe=privatkunden&ratenzahlung=36&vertragsart=ratenzahlung&tarif=o2-mobile-on-demand-m-plus;samsung-galaxy-a56-128gb-awesome-graphite-5g;;Tarifgrundpreis Monat 25–36
Bündel;Galaxy A56;128;o2;netzbetreiber;O2 Mobile S mit 15 GB+ (24 Mon.);XS;neu;1,00;14,99;11,00;;36;39,99;36;;;2026-10-06;https://www.o2online.de/e-shop/samsung/samsung-galaxy-a56-128gb-awesome-graphite-5g-details?ohne-tarif=nein&zielgruppe=privatkunden&ratenzahlung=36&vertragsart=ratenzahlung&tarif=o2-mobile-on-demand-m-plus;samsung-galaxy-a56-128gb-awesome-graphite-5g;Schätzung;Tarifgrundpreis Monat 25–36
Bündel;Galaxy A56;128;o2;netzbetreiber;O2 Mobile Unlimited L mit 300 MBit/s (24 Mon.);XL;neu;1,00;39,99;11,00;;36;0,00;36;;;2026-10-06;https://www.o2online.de/e-shop/samsung/samsung-galaxy-a56-128gb-awesome-graphite-5g-details?ohne-tarif=nein&zielgruppe=privatkunden&ratenzahlung=36&vertragsart=ratenzahlung&tarif=o2-mobile-on-demand-m-plus;samsung-galaxy-a56-128gb-awesome-graphite-5g;Schätzung;Tarifgrundpreis Monat 25–36
Bündel;Galaxy A56;128;o2;netzbetreiber;O2 Mobile Unlimited M mit 100 MBit/s (24 Mon.);XL;neu;1,00;29,99;11,00;;36;0,00;36;;;2026-10-06;https://www.o2online.de/e-shop/samsung/samsung-galaxy-a56-128gb-awesome-graphite-5g-details?ohne-tarif=nein&zielgruppe=privatkunden&ratenzahlung=36&vertragsart=ratenzahlung&tarif=o2-mobile-on-demand-m-plus;samsung-galaxy-a56-128gb-awesome-graphite-5g;Schätzung;Tarifgrundpreis Monat 25–36
Bündel;Galaxy A56;128;o2;netzbetreiber;O2 Mobile Unlimited M Plus mit 100 MBit/s (24 Mon.);XL;neu;1,00;24,99;11,00;;36;0,00;36;;;2026-10-06;https://www.o2online.de/e-shop/samsung/samsung-galaxy-a56-128gb-awesome-graphite-5g-details?ohne-tarif=nein&zielgruppe=privatkunden&ratenzahlung=36&vertragsart=ratenzahlung&tarif=o2-mobile-on-demand-m-plus;samsung-galaxy-a56-128gb-awesome-graphite-5g;Schätzung;Tarifgrundpreis Monat 25–36
Bündel;Galaxy A56;128;o2;netzbetreiber;O2 Mobile Unlimited S Special mit 15 MBit/s (24 Mon.);XL;neu;1,00;24,99;11,00;;36;39,99;36;;;2026-10-06;https://www.o2online.de/e-shop/samsung/samsung-galaxy-a56-128gb-awesome-graphite-5g-details?ohne-tarif=nein&zielgruppe=privatkunden&ratenzahlung=36&vertragsart=ratenzahlung&tarif=o2-mobile-on-demand-m-plus;samsung-galaxy-a56-128gb-awesome-graphite-5g;Schätzung;Tarifgrundpreis Monat 25–36
Bündel;Galaxy A56;128;o2;netzbetreiber;O2 Mobile Unlimited S Special Plus mit 15 MBit/s (24 Mon.);XL;neu;1,00;19,99;11,00;;36;39,99;36;;;2026-10-06;https://www.o2online.de/e-shop/samsung/samsung-galaxy-a56-128gb-awesome-graphite-5g-details?ohne-tarif=nein&zielgruppe=privatkunden&ratenzahlung=36&vertragsart=ratenzahlung&tarif=o2-mobile-on-demand-m-plus;samsung-galaxy-a56-128gb-awesome-graphite-5g;Schätzung;Tarifgrundpreis Monat 25–36
Bündel;Galaxy A57;128;o2;netzbetreiber;O2 Mobile L mit 150 GB+ (24 Mon.);L;neu;1,00;24,99;14,00;;36;0,00;36;;;2026-10-07;https://www.o2online.de/e-shop/samsung/samsung-galaxy-a57-128gb-awesome-navy-details?ohne-tarif=nein&zielgruppe=privatkunden&ratenzahlung=36&vertragsart=ratenzahlung&tarif=o2-mobile-on-demand-m-plus;samsung-galaxy-a57-128gb-awesome-navy;Schätzung;Tarifgrundpreis Monat 25–36
Bündel;Galaxy A57;128;o2;netzbetreiber;O2 Mobile L Plus mit 150 GB+ (24 Mon.);L;neu;1,00;19,99;14,00;;36;0,00;36;;;2026-10-07;https://www.o2online.de/e-shop/samsung/samsung-galaxy-a57-128gb-awesome-navy-details?ohne-tarif=nein&zielgruppe=privatkunden&ratenzahlung=36&vertragsart=ratenzahlung&tarif=o2-mobile-on-demand-m-plus;samsung-galaxy-a57-128gb-awesome-navy;Schätzung;Tarifgrundpreis Monat 25–36
Bündel;Galaxy A57;128;o2;netzbetreiber;O2 Mobile on Demand M mit 50 GB+ (24 Mon.);M;neu;1,00;19,99;14,00;;36;39,99;36;;;2026-10-07;https://www.o2online.de/e-shop/samsung/samsung-galaxy-a57-128gb-awesome-navy-details?ohne-tarif=nein&zielgruppe=privatkunden&ratenzahlung=36&vertragsart=ratenzahlung&tarif=o2-mobile-on-demand-m-plus;samsung-galaxy-a57-128gb-awesome-navy;Schätzung;Tarifgrundpreis Monat 25–36
Bündel;Galaxy A57;128;o2;netzbetreiber;O2 Mobile on Demand M Plus mit 50 GB+ (24 Mon.);M;neu;1,00;14,99;14,00;;36;39,99;36;;;2026-10-07;https://www.o2online.de/e-shop/samsung/samsung-galaxy-a57-128gb-awesome-navy-details?ohne-tarif=nein&zielgruppe=privatkunden&ratenzahlung=36&vertragsart=ratenzahlung&tarif=o2-mobile-on-demand-m-plus;samsung-galaxy-a57-128gb-awesome-navy;;Tarifgrundpreis Monat 25–36
Bündel;Galaxy A57;128;o2;netzbetreiber;O2 Mobile S mit 15 GB+ (24 Mon.);XS;neu;1,00;14,99;14,00;;36;39,99;36;;;2026-10-07;https://www.o2online.de/e-shop/samsung/samsung-galaxy-a57-128gb-awesome-navy-details?ohne-tarif=nein&zielgruppe=privatkunden&ratenzahlung=36&vertragsart=ratenzahlung&tarif=o2-mobile-on-demand-m-plus;samsung-galaxy-a57-128gb-awesome-navy;Schätzung;Tarifgrundpreis Monat 25–36
Bündel;Galaxy A57;128;o2;netzbetreiber;O2 Mobile Unlimited L mit 300 MBit/s (24 Mon.);XL;neu;1,00;39,99;14,00;;36;0,00;36;;;2026-10-07;https://www.o2online.de/e-shop/samsung/samsung-galaxy-a57-128gb-awesome-navy-details?ohne-tarif=nein&zielgruppe=privatkunden&ratenzahlung=36&vertragsart=ratenzahlung&tarif=o2-mobile-on-demand-m-plus;samsung-galaxy-a57-128gb-awesome-navy;Schätzung;Tarifgrundpreis Monat 25–36
Bündel;Galaxy A57;128;o2;netzbetreiber;O2 Mobile Unlimited M mit 100 MBit/s (24 Mon.);XL;neu;1,00;29,99;14,00;;36;0,00;36;;;2026-10-07;https://www.o2online.de/e-shop/samsung/samsung-galaxy-a57-128gb-awesome-navy-details?ohne-tarif=nein&zielgruppe=privatkunden&ratenzahlung=36&vertragsart=ratenzahlung&tarif=o2-mobile-on-demand-m-plus;samsung-galaxy-a57-128gb-awesome-navy;Schätzung;Tarifgrundpreis Monat 25–36
Bündel;Galaxy A57;128;o2;netzbetreiber;O2 Mobile Unlimited M Plus mit 100 MBit/s (24 Mon.);XL;neu;1,00;19,99;14,00;;36;0,00;36;;;2026-10-07;https://www.o2online.de/e-shop/samsung/samsung-galaxy-a57-128gb-awesome-navy-details?ohne-tarif=nein&zielgruppe=privatkunden&ratenzahlung=36&vertragsart=ratenzahlung&tarif=o2-mobile-on-demand-m-plus;samsung-galaxy-a57-128gb-awesome-navy;Schätzung;Tarifgrundpreis Monat 25–36
Bündel;Galaxy A57;128;o2;netzbetreiber;O2 Mobile Unlimited S Special mit 15 MBit/s (24 Mon.);XL;neu;1,00;24,99;14,00;;36;39,99;36;;;2026-10-07;https://www.o2online.de/e-shop/samsung/samsung-galaxy-a57-128gb-awesome-navy-details?ohne-tarif=nein&zielgruppe=privatkunden&ratenzahlung=36&vertragsart=ratenzahlung&tarif=o2-mobile-on-demand-m-plus;samsung-galaxy-a57-128gb-awesome-navy;Schätzung;Tarifgrundpreis Monat 25–36
Bündel;Galaxy A57;128;o2;netzbetreiber;O2 Mobile Unlimited S Special Plus mit 15 MBit/s (24 Mon.);XL;neu;1,00;19,99;14,00;;36;39,99;36;;;2026-10-07;https://www.o2online.de/e-shop/samsung/samsung-galaxy-a57-128gb-awesome-navy-details?ohne-tarif=nein&zielgruppe=privatkunden&ratenzahlung=36&vertragsart=ratenzahlung&tarif=o2-mobile-on-demand-m-plus;samsung-galaxy-a57-128gb-awesome-navy;Schätzung;Tarifgrundpreis Monat 25–36
Bündel;Galaxy A57;256;o2;netzbetreiber;O2 Mobile L mit 150 GB+ (24 Mon.);L;neu;1,00;24,99;16,00;;36;0,00;36;;;2026-10-07;https://www.o2online.de/e-shop/samsung/samsung-galaxy-a57-128gb-awesome-navy-details?ohne-tarif=nein&zielgruppe=privatkunden&ratenzahlung=36&vertragsart=ratenzahlung&tarif=o2-mobile-on-demand-m-plus;samsung-galaxy-a57-256gb-awesome-navy;Schätzung;Tarifgrundpreis Monat 25–36
Bündel;Galaxy A57;256;o2;netzbetreiber;O2 Mobile L Plus mit 150 GB+ (24 Mon.);L;neu;1,00;19,99;16,00;;36;0,00;36;;;2026-10-07;https://www.o2online.de/e-shop/samsung/samsung-galaxy-a57-128gb-awesome-navy-details?ohne-tarif=nein&zielgruppe=privatkunden&ratenzahlung=36&vertragsart=ratenzahlung&tarif=o2-mobile-on-demand-m-plus;samsung-galaxy-a57-256gb-awesome-navy;Schätzung;Tarifgrundpreis Monat 25–36
Bündel;Galaxy A57;256;o2;netzbetreiber;O2 Mobile on Demand M mit 50 GB+ (24 Mon.);M;neu;1,00;19,99;16,00;;36;39,99;36;;;2026-10-07;https://www.o2online.de/e-shop/samsung/samsung-galaxy-a57-128gb-awesome-navy-details?ohne-tarif=nein&zielgruppe=privatkunden&ratenzahlung=36&vertragsart=ratenzahlung&tarif=o2-mobile-on-demand-m-plus;samsung-galaxy-a57-256gb-awesome-navy;Schätzung;Tarifgrundpreis Monat 25–36
Bündel;Galaxy A57;256;o2;netzbetreiber;O2 Mobile on Demand M Plus mit 50 GB+ (24 Mon.);M;neu;1,00;14,99;16,00;;36;39,99;36;;;2026-10-07;https://www.o2online.de/e-shop/samsung/samsung-galaxy-a57-128gb-awesome-navy-details?ohne-tarif=nein&zielgruppe=privatkunden&ratenzahlung=36&vertragsart=ratenzahlung&tarif=o2-mobile-on-demand-m-plus;samsung-galaxy-a57-256gb-awesome-navy;;Tarifgrundpreis Monat 25–36
Bündel;Galaxy A57;256;o2;netzbetreiber;O2 Mobile S mit 15 GB+ (24 Mon.);XS;neu;1,00;14,99;16,00;;36;39,99;36;;;2026-10-07;https://www.o2online.de/e-shop/samsung/samsung-galaxy-a57-128gb-awesome-navy-details?ohne-tarif=nein&zielgruppe=privatkunden&ratenzahlung=36&vertragsart=ratenzahlung&tarif=o2-mobile-on-demand-m-plus;samsung-galaxy-a57-256gb-awesome-navy;Schätzung;Tarifgrundpreis Monat 25–36
Bündel;Galaxy A57;256;o2;netzbetreiber;O2 Mobile Unlimited L mit 300 MBit/s (24 Mon.);XL;neu;1,00;39,99;16,00;;36;0,00;36;;;2026-10-07;https://www.o2online.de/e-shop/samsung/samsung-galaxy-a57-128gb-awesome-navy-details?ohne-tarif=nein&zielgruppe=privatkunden&ratenzahlung=36&vertragsart=ratenzahlung&tarif=o2-mobile-on-demand-m-plus;samsung-galaxy-a57-256gb-awesome-navy;Schätzung;Tarifgrundpreis Monat 25–36
Bündel;Galaxy A57;256;o2;netzbetreiber;O2 Mobile Unlimited M mit 100 MBit/s (24 Mon.);XL;neu;1,00;29,99;16,00;;36;0,00;36;;;2026-10-07;https://www.o2online.de/e-shop/samsung/samsung-galaxy-a57-128gb-awesome-navy-details?ohne-tarif=nein&zielgruppe=privatkunden&ratenzahlung=36&vertragsart=ratenzahlung&tarif=o2-mobile-on-demand-m-plus;samsung-galaxy-a57-256gb-awesome-navy;Schätzung;Tarifgrundpreis Monat 25–36
Bündel;Galaxy A57;256;o2;netzbetreiber;O2 Mobile Unlimited M Plus mit 100 MBit/s (24 Mon.);XL;neu;1,00;19,99;16,00;;36;0,00;36;;;2026-10-07;https://www.o2online.de/e-shop/samsung/samsung-galaxy-a57-128gb-awesome-navy-details?ohne-tarif=nein&zielgruppe=privatkunden&ratenzahlung=36&vertragsart=ratenzahlung&tarif=o2-mobile-on-demand-m-plus;samsung-galaxy-a57-256gb-awesome-navy;Schätzung;Tarifgrundpreis Monat 25–36
Bündel;Galaxy A57;256;o2;netzbetreiber;O2 Mobile Unlimited S Special mit 15 MBit/s (24 Mon.);XL;neu;1,00;24,99;16,00;;36;39,99;36;;;2026-10-07;https://www.o2online.de/e-shop/samsung/samsung-galaxy-a57-128gb-awesome-navy-details?ohne-tarif=nein&zielgruppe=privatkunden&ratenzahlung=36&vertragsart=ratenzahlung&tarif=o2-mobile-on-demand-m-plus;samsung-galaxy-a57-256gb-awesome-navy;Schätzung;Tarifgrundpreis Monat 25–36
Bündel;Galaxy A57;256;o2;netzbetreiber;O2 Mobile Unlimited S Special Plus mit 15 MBit/s (24 Mon.);XL;neu;1,00;19,99;16,00;;36;39,99;36;;;2026-10-07;https://www.o2online.de/e-shop/samsung/samsung-galaxy-a57-128gb-awesome-navy-details?ohne-tarif=nein&zielgruppe=privatkunden&ratenzahlung=36&vertragsart=ratenzahlung&tarif=o2-mobile-on-demand-m-plus;samsung-galaxy-a57-256gb-awesome-navy;Schätzung;Tarifgrundpreis Monat 25–36
Bündel;Galaxy S23;128;o2;netzbetreiber;O2 Mobile L mit 150 GB+ (24 Mon.);L;neu;37,00;24,99;19,00;;36;0,00;36;;;2026-10-07;https://www.o2online.de/e-shop/samsung/samsung-galaxy-s23-128gb-pink-details?ohne-tarif=nein&zielgruppe=privatkunden&ratenzahlung=36&vertragsart=ratenzahlung&tarif=o2-mobile-on-demand-m-plus;samsung-galaxy-s23-128gb-rosa;Schätzung;Tarifgrundpreis Monat 25–36
Bündel;Galaxy S23;128;o2;netzbetreiber;O2 Mobile L Plus mit 150 GB+ (24 Mon.);L;neu;37,00;19,99;19,00;;36;0,00;36;;;2026-10-07;https://www.o2online.de/e-shop/samsung/samsung-galaxy-s23-128gb-pink-details?ohne-tarif=nein&zielgruppe=privatkunden&ratenzahlung=36&vertragsart=ratenzahlung&tarif=o2-mobile-on-demand-m-plus;samsung-galaxy-s23-128gb-rosa;Schätzung;Tarifgrundpreis Monat 25–36
Bündel;Galaxy S23;128;o2;netzbetreiber;O2 Mobile on Demand M mit 50 GB+ (24 Mon.);M;neu;37,00;19,99;19,00;;36;39,99;36;;;2026-10-07;https://www.o2online.de/e-shop/samsung/samsung-galaxy-s23-128gb-pink-details?ohne-tarif=nein&zielgruppe=privatkunden&ratenzahlung=36&vertragsart=ratenzahlung&tarif=o2-mobile-on-demand-m-plus;samsung-galaxy-s23-128gb-rosa;Schätzung;Tarifgrundpreis Monat 25–36
Bündel;Galaxy S23;128;o2;netzbetreiber;O2 Mobile on Demand M Plus mit 50 GB+ (24 Mon.);M;neu;37,00;14,99;19,00;;36;39,99;36;;;2026-10-07;https://www.o2online.de/e-shop/samsung/samsung-galaxy-s23-128gb-pink-details?ohne-tarif=nein&zielgruppe=privatkunden&ratenzahlung=36&vertragsart=ratenzahlung&tarif=o2-mobile-on-demand-m-plus;samsung-galaxy-s23-128gb-rosa;;Tarifgrundpreis Monat 25–36
Bündel;Galaxy S23;128;o2;netzbetreiber;O2 Mobile S mit 15 GB+ (24 Mon.);XS;neu;37,00;19,99;19,00;;36;39,99;36;;;2026-10-07;https://www.o2online.de/e-shop/samsung/samsung-galaxy-s23-128gb-pink-details?ohne-tarif=nein&zielgruppe=privatkunden&ratenzahlung=36&vertragsart=ratenzahlung&tarif=o2-mobile-on-demand-m-plus;samsung-galaxy-s23-128gb-rosa;Schätzung;Tarifgrundpreis Monat 25–36
Bündel;Galaxy S23;128;o2;netzbetreiber;O2 Mobile Unlimited L mit 300 MBit/s (24 Mon.);XL;neu;37,00;39,99;19,00;;36;0,00;36;;;2026-10-07;https://www.o2online.de/e-shop/samsung/samsung-galaxy-s23-128gb-pink-details?ohne-tarif=nein&zielgruppe=privatkunden&ratenzahlung=36&vertragsart=ratenzahlung&tarif=o2-mobile-on-demand-m-plus;samsung-galaxy-s23-128gb-rosa;Schätzung;Tarifgrundpreis Monat 25–36
Bündel;Galaxy S23;128;o2;netzbetreiber;O2 Mobile Unlimited M mit 100 MBit/s (24 Mon.);XL;neu;37,00;29,99;19,00;;36;0,00;36;;;2026-10-07;https://www.o2online.de/e-shop/samsung/samsung-galaxy-s23-128gb-pink-details?ohne-tarif=nein&zielgruppe=privatkunden&ratenzahlung=36&vertragsart=ratenzahlung&tarif=o2-mobile-on-demand-m-plus;samsung-galaxy-s23-128gb-rosa;Schätzung;Tarifgrundpreis Monat 25–36
Bündel;Galaxy S23;128;o2;netzbetreiber;O2 Mobile Unlimited M Plus mit 100 MBit/s (24 Mon.);XL;neu;37,00;24,99;19,00;;36;0,00;36;;;2026-10-07;https://www.o2online.de/e-shop/samsung/samsung-galaxy-s23-128gb-pink-details?ohne-tarif=nein&zielgruppe=privatkunden&ratenzahlung=36&vertragsart=ratenzahlung&tarif=o2-mobile-on-demand-m-plus;samsung-galaxy-s23-128gb-rosa;Schätzung;Tarifgrundpreis Monat 25–36
Bündel;Galaxy S23;128;o2;netzbetreiber;O2 Mobile Unlimited S Special mit 15 MBit/s (24 Mon.);XL;neu;37,00;24,99;19,00;;36;39,99;36;;;2026-10-07;https://www.o2online.de/e-shop/samsung/samsung-galaxy-s23-128gb-pink-details?ohne-tarif=nein&zielgruppe=privatkunden&ratenzahlung=36&vertragsart=ratenzahlung&tarif=o2-mobile-on-demand-m-plus;samsung-galaxy-s23-128gb-rosa;Schätzung;Tarifgrundpreis Monat 25–36
Bündel;Galaxy S23;128;o2;netzbetreiber;O2 Mobile Unlimited S Special Plus mit 15 MBit/s (24 Mon.);XL;neu;37,00;19,99;19,00;;36;39,99;36;;;2026-10-07;https://www.o2online.de/e-shop/samsung/samsung-galaxy-s23-128gb-pink-details?ohne-tarif=nein&zielgruppe=privatkunden&ratenzahlung=36&vertragsart=ratenzahlung&tarif=o2-mobile-on-demand-m-plus;samsung-galaxy-s23-128gb-rosa;Schätzung;Tarifgrundpreis Monat 25–36
Bündel;Galaxy S24;128;o2;netzbetreiber;O2 Mobile on Demand M Plus mit 50 GB+ (24 Mon.);M;;25,00;14,99;14,00;;36;39,99;36;;;2026-09-04;https://www.o2online.de/e-shop/samsung/samsung-galaxy-s24-128gb-marble-gray-erneuert-details?ohne-tarif=nein&zielgruppe=privatkunden&ratenzahlung=36&vertragsart=ratenzahlung&tarif=o2-mobile-on-demand-m-plus;samsung-galaxy-s24-128gb-marble-gray-refurbished;veraltet;Tarifgrundpreis Monat 25–36
Bündel;Galaxy S24;128;o2;netzbetreiber;O2 Mobile L mit 150 GB+ (24 Mon.);L;neu;1,00;24,99;22,00;;36;0,00;36;;;2026-10-06;https://www.o2online.de/e-shop/samsung/samsung-galaxy-s24-128gb-onyx-black-details?ohne-tarif=nein&zielgruppe=privatkunden&ratenzahlung=36&vertragsart=ratenzahlung&tarif=o2-mobile-on-demand-m-plus;samsung-galaxy-s24-128gb-onyx-black;Schätzung;Tarifgrundpreis Monat 25–36
Bündel;Galaxy S24;128;o2;netzbetreiber;O2 Mobile L Plus mit 150 GB+ (24 Mon.);L;neu;1,00;19,99;22,00;;36;0,00;36;;;2026-10-06;https://www.o2online.de/e-shop/samsung/samsung-galaxy-s24-128gb-onyx-black-details?ohne-tarif=nein&zielgruppe=privatkunden&ratenzahlung=36&vertragsart=ratenzahlung&tarif=o2-mobile-on-demand-m-plus;samsung-galaxy-s24-128gb-onyx-black;Schätzung;Tarifgrundpreis Monat 25–36
Bündel;Galaxy S24;128;o2;netzbetreiber;O2 Mobile on Demand M mit 50 GB+ (24 Mon.);M;neu;1,00;19,99;22,00;;36;39,99;36;;;2026-10-06;https://www.o2online.de/e-shop/samsung/samsung-galaxy-s24-128gb-onyx-black-details?ohne-tarif=nein&zielgruppe=privatkunden&ratenzahlung=36&vertragsart=ratenzahlung&tarif=o2-mobile-on-demand-m-plus;samsung-galaxy-s24-128gb-onyx-black;Schätzung;Tarifgrundpreis Monat 25–36
Bündel;Galaxy S24;128;o2;netzbetreiber;O2 Mobile on Demand M Plus mit 50 GB+ (24 Mon.);M;neu;1,00;14,99;22,00;;36;39,99;36;;;2026-10-07;https://www.o2online.de/e-shop/samsung/samsung-galaxy-s24-128gb-onyx-black-details?ohne-tarif=nein&zielgruppe=privatkunden&ratenzahlung=36&vertragsart=ratenzahlung&tarif=o2-mobile-on-demand-m-plus;samsung-galaxy-s24-128gb-onyx-black;;Tarifgrundpreis Monat 25–36
Bündel;Galaxy S24;128;o2;netzbetreiber;O2 Mobile S mit 15 GB+ (24 Mon.);XS;neu;1,00;19,99;22,00;;36;39,99;36;;;2026-10-06;https://www.o2online.de/e-shop/samsung/samsung-galaxy-s24-128gb-onyx-black-details?ohne-tarif=nein&zielgruppe=privatkunden&ratenzahlung=36&vertragsart=ratenzahlung&tarif=o2-mobile-on-demand-m-plus;samsung-galaxy-s24-128gb-onyx-black;Schätzung;Tarifgrundpreis Monat 25–36
Bündel;Galaxy S24;128;o2;netzbetreiber;O2 Mobile Unlimited L mit 300 MBit/s (24 Mon.);XL;neu;1,00;39,99;22,00;;36;0,00;36;;;2026-10-06;https://www.o2online.de/e-shop/samsung/samsung-galaxy-s24-128gb-onyx-black-details?ohne-tarif=nein&zielgruppe=privatkunden&ratenzahlung=36&vertragsart=ratenzahlung&tarif=o2-mobile-on-demand-m-plus;samsung-galaxy-s24-128gb-onyx-black;Schätzung;Tarifgrundpreis Monat 25–36
Bündel;Galaxy S24;128;o2;netzbetreiber;O2 Mobile Unlimited M mit 100 MBit/s (24 Mon.);XL;neu;1,00;29,99;22,00;;36;0,00;36;;;2026-10-06;https://www.o2online.de/e-shop/samsung/samsung-galaxy-s24-128gb-onyx-black-details?ohne-tarif=nein&zielgruppe=privatkunden&ratenzahlung=36&vertragsart=ratenzahlung&tarif=o2-mobile-on-demand-m-plus;samsung-galaxy-s24-128gb-onyx-black;Schätzung;Tarifgrundpreis Monat 25–36
Bündel;Galaxy S24;128;o2;netzbetreiber;O2 Mobile Unlimited M Plus mit 100 MBit/s (24 Mon.);XL;neu;1,00;24,99;22,00;;36;0,00;36;;;2026-10-06;https://www.o2online.de/e-shop/samsung/samsung-galaxy-s24-128gb-onyx-black-details?ohne-tarif=nein&zielgruppe=privatkunden&ratenzahlung=36&vertragsart=ratenzahlung&tarif=o2-mobile-on-demand-m-plus;samsung-galaxy-s24-128gb-onyx-black;Schätzung;Tarifgrundpreis Monat 25–36
Bündel;Galaxy S24;128;o2;netzbetreiber;O2 Mobile Unlimited S Special mit 15 MBit/s (24 Mon.);XL;neu;1,00;24,99;22,00;;36;39,99;36;;;2026-10-06;https://www.o2online.de/e-shop/samsung/samsung-galaxy-s24-128gb-onyx-black-details?ohne-tarif=nein&zielgruppe=privatkunden&ratenzahlung=36&vertragsart=ratenzahlung&tarif=o2-mobile-on-demand-m-plus;samsung-galaxy-s24-128gb-onyx-black;Schätzung;Tarifgrundpreis Monat 25–36
Bündel;Galaxy S24;128;o2;netzbetreiber;O2 Mobile Unlimited S Special Plus mit 15 MBit/s (24 Mon.);XL;neu;1,00;19,99;22,00;;36;39,99;36;;;2026-10-06;https://www.o2online.de/e-shop/samsung/samsung-galaxy-s24-128gb-onyx-black-details?ohne-tarif=nein&zielgruppe=privatkunden&ratenzahlung=36&vertragsart=ratenzahlung&tarif=o2-mobile-on-demand-m-plus;samsung-galaxy-s24-128gb-onyx-black;Schätzung;Tarifgrundpreis Monat 25–36
Bündel;Galaxy S24 Ultra;256;o2;netzbetreiber;O2 Mobile L mit 150 GB+ (24 Mon.);L;neu;1,00;24,99;30,00;;36;0,00;36;;;2026-10-06;https://www.o2online.de/e-shop/samsung/samsung-galaxy-s24-ultra-256gb-titanium-black-details?ohne-tarif=nein&zielgruppe=privatkunden&ratenzahlung=36&vertragsart=ratenzahlung&tarif=o2-mobile-on-demand-m-plus;samsung-galaxy-s24-ultra-256gb-titan-schwarz;Schätzung;Tarifgrundpreis Monat 25–36
Bündel;Galaxy S24 Ultra;256;o2;netzbetreiber;O2 Mobile L Plus mit 150 GB+ (24 Mon.);L;neu;1,00;19,99;30,00;;36;0,00;36;;;2026-10-06;https://www.o2online.de/e-shop/samsung/samsung-galaxy-s24-ultra-256gb-titanium-black-details?ohne-tarif=nein&zielgruppe=privatkunden&ratenzahlung=36&vertragsart=ratenzahlung&tarif=o2-mobile-on-demand-m-plus;samsung-galaxy-s24-ultra-256gb-titan-schwarz;Schätzung;Tarifgrundpreis Monat 25–36
Bündel;Galaxy S24 Ultra;256;o2;netzbetreiber;O2 Mobile on Demand M mit 50 GB+ (24 Mon.);M;neu;1,00;19,99;30,00;;36;39,99;36;;;2026-10-06;https://www.o2online.de/e-shop/samsung/samsung-galaxy-s24-ultra-256gb-titanium-black-details?ohne-tarif=nein&zielgruppe=privatkunden&ratenzahlung=36&vertragsart=ratenzahlung&tarif=o2-mobile-on-demand-m-plus;samsung-galaxy-s24-ultra-256gb-titan-schwarz;Schätzung;Tarifgrundpreis Monat 25–36
Bündel;Galaxy S24 Ultra;256;o2;netzbetreiber;O2 Mobile on Demand M Plus mit 50 GB+ (24 Mon.);M;neu;1,00;14,99;30,00;;36;39,99;36;;;2026-10-07;https://www.o2online.de/e-shop/samsung/samsung-galaxy-s24-ultra-256gb-titanium-black-details?ohne-tarif=nein&zielgruppe=privatkunden&ratenzahlung=36&vertragsart=ratenzahlung&tarif=o2-mobile-on-demand-m-plus;samsung-galaxy-s24-ultra-256gb-titan-schwarz;;Tarifgrundpreis Monat 25–36
Bündel;Galaxy S24 Ultra;256;o2;netzbetreiber;O2 Mobile S mit 15 GB+ (24 Mon.);XS;neu;1,00;19,99;30,00;;36;39,99;36;;;2026-10-06;https://www.o2online.de/e-shop/samsung/samsung-galaxy-s24-ultra-256gb-titanium-black-details?ohne-tarif=nein&zielgruppe=privatkunden&ratenzahlung=36&vertragsart=ratenzahlung&tarif=o2-mobile-on-demand-m-plus;samsung-galaxy-s24-ultra-256gb-titan-schwarz;Schätzung;Tarifgrundpreis Monat 25–36
Bündel;Galaxy S24 Ultra;256;o2;netzbetreiber;O2 Mobile Unlimited L mit 300 MBit/s (24 Mon.);XL;neu;1,00;39,99;30,00;;36;0,00;36;;;2026-10-06;https://www.o2online.de/e-shop/samsung/samsung-galaxy-s24-ultra-256gb-titanium-black-details?ohne-tarif=nein&zielgruppe=privatkunden&ratenzahlung=36&vertragsart=ratenzahlung&tarif=o2-mobile-on-demand-m-plus;samsung-galaxy-s24-ultra-256gb-titan-schwarz;Schätzung;Tarifgrundpreis Monat 25–36
Bündel;Galaxy S24 Ultra;256;o2;netzbetreiber;O2 Mobile Unlimited M mit 100 MBit/s (24 Mon.);XL;neu;1,00;29,99;30,00;;36;0,00;36;;;2026-10-06;https://www.o2online.de/e-shop/samsung/samsung-galaxy-s24-ultra-256gb-titanium-black-details?ohne-tarif=nein&zielgruppe=privatkunden&ratenzahlung=36&vertragsart=ratenzahlung&tarif=o2-mobile-on-demand-m-plus;samsung-galaxy-s24-ultra-256gb-titan-schwarz;Schätzung;Tarifgrundpreis Monat 25–36
Bündel;Galaxy S24 Ultra;256;o2;netzbetreiber;O2 Mobile Unlimited M Plus mit 100 MBit/s (24 Mon.);XL;neu;1,00;24,99;30,00;;36;0,00;36;;;2026-10-06;https://www.o2online.de/e-shop/samsung/samsung-galaxy-s24-ultra-256gb-titanium-black-details?ohne-tarif=nein&zielgruppe=privatkunden&ratenzahlung=36&vertragsart=ratenzahlung&tarif=o2-mobile-on-demand-m-plus;samsung-galaxy-s24-ultra-256gb-titan-schwarz;Schätzung;Tarifgrundpreis Monat 25–36
Bündel;Galaxy S24 Ultra;256;o2;netzbetreiber;O2 Mobile Unlimited S Special mit 15 MBit/s (24 Mon.);XL;neu;1,00;24,99;30,00;;36;39,99;36;;;2026-10-06;https://www.o2online.de/e-shop/samsung/samsung-galaxy-s24-ultra-256gb-titanium-black-details?ohne-tarif=nein&zielgruppe=privatkunden&ratenzahlung=36&vertragsart=ratenzahlung&tarif=o2-mobile-on-demand-m-plus;samsung-galaxy-s24-ultra-256gb-titan-schwarz;Schätzung;Tarifgrundpreis Monat 25–36
Bündel;Galaxy S24 Ultra;256;o2;netzbetreiber;O2 Mobile Unlimited S Special Plus mit 15 MBit/s (24 Mon.);XL;neu;1,00;19,99;30,00;;36;39,99;36;;;2026-10-06;https://www.o2online.de/e-shop/samsung/samsung-galaxy-s24-ultra-256gb-titanium-black-details?ohne-tarif=nein&zielgruppe=privatkunden&ratenzahlung=36&vertragsart=ratenzahlung&tarif=o2-mobile-on-demand-m-plus;samsung-galaxy-s24-ultra-256gb-titan-schwarz;Schätzung;Tarifgrundpreis Monat 25–36
Bündel;Galaxy S24 Ultra;512;o2;netzbetreiber;O2 Mobile on Demand M Plus mit 50 GB+ (24 Mon.);M;;25,00;14,99;20,00;;36;39,99;36;;;2026-09-04;https://www.o2online.de/e-shop/samsung/samsung-galaxy-s24-ultra-512gb-titanium-black-gebraucht-details?ohne-tarif=nein&zielgruppe=privatkunden&ratenzahlung=36&vertragsart=ratenzahlung&tarif=o2-mobile-on-demand-m-plus;samsung-galaxy-s24-ultra-512gb-titan-schwarz-refurbished;veraltet;Tarifgrundpreis Monat 25–36
Bündel;Galaxy S25;128;o2;netzbetreiber;O2 Mobile L mit 150 GB+ (24 Mon.);L;neu;1,00;24,99;24,50;;36;0,00;36;;;2026-10-06;https://www.o2online.de/e-shop/samsung/samsung-galaxy-s25-128gb-navy-details?ohne-tarif=nein&zielgruppe=privatkunden&ratenzahlung=36&vertragsart=ratenzahlung&tarif=o2-mobile-on-demand-m-plus;samsung-galaxy-s25-128gb-blau;Schätzung;Tarifgrundpreis Monat 25–36
Bündel;Galaxy S25;128;o2;netzbetreiber;O2 Mobile L Plus mit 150 GB+ (24 Mon.);L;neu;1,00;19,99;24,50;;36;0,00;36;;;2026-10-06;https://www.o2online.de/e-shop/samsung/samsung-galaxy-s25-128gb-navy-details?ohne-tarif=nein&zielgruppe=privatkunden&ratenzahlung=36&vertragsart=ratenzahlung&tarif=o2-mobile-on-demand-m-plus;samsung-galaxy-s25-128gb-blau;Schätzung;Tarifgrundpreis Monat 25–36
Bündel;Galaxy S25;128;o2;netzbetreiber;O2 Mobile on Demand M mit 50 GB+ (24 Mon.);M;neu;1,00;19,99;24,50;;36;39,99;36;;;2026-10-06;https://www.o2online.de/e-shop/samsung/samsung-galaxy-s25-128gb-navy-details?ohne-tarif=nein&zielgruppe=privatkunden&ratenzahlung=36&vertragsart=ratenzahlung&tarif=o2-mobile-on-demand-m-plus;samsung-galaxy-s25-128gb-blau;Schätzung;Tarifgrundpreis Monat 25–36
Bündel;Galaxy S25;128;o2;netzbetreiber;O2 Mobile on Demand M Plus mit 50 GB+ (24 Mon.);M;neu;1,00;14,99;24,50;;36;39,99;36;;;2026-10-07;https://www.o2online.de/e-shop/samsung/samsung-galaxy-s25-128gb-navy-details?ohne-tarif=nein&zielgruppe=privatkunden&ratenzahlung=36&vertragsart=ratenzahlung&tarif=o2-mobile-on-demand-m-plus;samsung-galaxy-s25-128gb-blau;;Tarifgrundpreis Monat 25–36
Bündel;Galaxy S25;128;o2;netzbetreiber;O2 Mobile S mit 15 GB+ (24 Mon.);XS;neu;1,00;14,99;24,50;;36;39,99;36;;;2026-10-06;https://www.o2online.de/e-shop/samsung/samsung-galaxy-s25-128gb-navy-details?ohne-tarif=nein&zielgruppe=privatkunden&ratenzahlung=36&vertragsart=ratenzahlung&tarif=o2-mobile-on-demand-m-plus;samsung-galaxy-s25-128gb-blau;Schätzung;Tarifgrundpreis Monat 25–36
Bündel;Galaxy S25;128;o2;netzbetreiber;O2 Mobile Unlimited L mit 300 MBit/s (24 Mon.);XL;neu;1,00;39,99;24,50;;36;0,00;36;;;2026-10-06;https://www.o2online.de/e-shop/samsung/samsung-galaxy-s25-128gb-navy-details?ohne-tarif=nein&zielgruppe=privatkunden&ratenzahlung=36&vertragsart=ratenzahlung&tarif=o2-mobile-on-demand-m-plus;samsung-galaxy-s25-128gb-blau;Schätzung;Tarifgrundpreis Monat 25–36
Bündel;Galaxy S25;128;o2;netzbetreiber;O2 Mobile Unlimited M mit 100 MBit/s (24 Mon.);XL;neu;1,00;29,99;24,50;;36;0,00;36;;;2026-10-06;https://www.o2online.de/e-shop/samsung/samsung-galaxy-s25-128gb-navy-details?ohne-tarif=nein&zielgruppe=privatkunden&ratenzahlung=36&vertragsart=ratenzahlung&tarif=o2-mobile-on-demand-m-plus;samsung-galaxy-s25-128gb-blau;Schätzung;Tarifgrundpreis Monat 25–36
Bündel;Galaxy S25;128;o2;netzbetreiber;O2 Mobile Unlimited M Plus mit 100 MBit/s (24 Mon.);XL;neu;1,00;19,99;24,50;;36;0,00;36;;;2026-10-06;https://www.o2online.de/e-shop/samsung/samsung-galaxy-s25-128gb-navy-details?ohne-tarif=nein&zielgruppe=privatkunden&ratenzahlung=36&vertragsart=ratenzahlung&tarif=o2-mobile-on-demand-m-plus;samsung-galaxy-s25-128gb-blau;Schätzung;Tarifgrundpreis Monat 25–36
Bündel;Galaxy S25;128;o2;netzbetreiber;O2 Mobile Unlimited S Special mit 15 MBit/s (24 Mon.);XL;neu;1,00;24,99;24,50;;36;39,99;36;;;2026-10-06;https://www.o2online.de/e-shop/samsung/samsung-galaxy-s25-128gb-navy-details?ohne-tarif=nein&zielgruppe=privatkunden&ratenzahlung=36&vertragsart=ratenzahlung&tarif=o2-mobile-on-demand-m-plus;samsung-galaxy-s25-128gb-blau;Schätzung;Tarifgrundpreis Monat 25–36
Bündel;Galaxy S25;128;o2;netzbetreiber;O2 Mobile Unlimited S Special Plus mit 15 MBit/s (24 Mon.);XL;neu;1,00;19,99;24,50;;36;39,99;36;;;2026-10-06;https://www.o2online.de/e-shop/samsung/samsung-galaxy-s25-128gb-navy-details?ohne-tarif=nein&zielgruppe=privatkunden&ratenzahlung=36&vertragsart=ratenzahlung&tarif=o2-mobile-on-demand-m-plus;samsung-galaxy-s25-128gb-blau;Schätzung;Tarifgrundpreis Monat 25–36
Bündel;Galaxy S25;128;o2;netzbetreiber;O2 Mobile L mit 150 GB+ (24 Mon.);L;refurbished;1,00;24,99;16,00;;36;0,00;36;;;2026-10-06;https://www.o2online.de/e-shop/samsung/samsung-galaxy-s25-128gb-grau-erneuert-details?ohne-tarif=nein&zielgruppe=privatkunden&ratenzahlung=36&vertragsart=ratenzahlung&tarif=o2-mobile-on-demand-m-plus;samsung-galaxy-s25-128gb-grau-refurbished;Schätzung;Tarifgrundpreis Monat 25–36
Bündel;Galaxy S25;128;o2;netzbetreiber;O2 Mobile L Plus mit 150 GB+ (24 Mon.);L;refurbished;1,00;19,99;16,00;;36;0,00;36;;;2026-10-06;https://www.o2online.de/e-shop/samsung/samsung-galaxy-s25-128gb-grau-erneuert-details?ohne-tarif=nein&zielgruppe=privatkunden&ratenzahlung=36&vertragsart=ratenzahlung&tarif=o2-mobile-on-demand-m-plus;samsung-galaxy-s25-128gb-grau-refurbished;Schätzung;Tarifgrundpreis Monat 25–36
Bündel;Galaxy S25;128;o2;netzbetreiber;O2 Mobile on Demand M mit 50 GB+ (24 Mon.);M;refurbished;1,00;19,99;16,00;;36;39,99;36;;;2026-10-06;https://www.o2online.de/e-shop/samsung/samsung-galaxy-s25-128gb-grau-erneuert-details?ohne-tarif=nein&zielgruppe=privatkunden&ratenzahlung=36&vertragsart=ratenzahlung&tarif=o2-mobile-on-demand-m-plus;samsung-galaxy-s25-128gb-grau-refurbished;Schätzung;Tarifgrundpreis Monat 25–36
Bündel;Galaxy S25;128;o2;netzbetreiber;O2 Mobile on Demand M Plus mit 50 GB+ (24 Mon.);M;refurbished;1,00;14,99;16,00;;36;39,99;36;;;2026-10-07;https://www.o2online.de/e-shop/samsung/samsung-galaxy-s25-128gb-grau-erneuert-details?ohne-tarif=nein&zielgruppe=privatkunden&ratenzahlung=36&vertragsart=ratenzahlung&tarif=o2-mobile-on-demand-m-plus;samsung-galaxy-s25-128gb-grau-refurbished;;Tarifgrundpreis Monat 25–36
Bündel;Galaxy S25;128;o2;netzbetreiber;O2 Mobile S mit 15 GB+ (24 Mon.);XS;refurbished;1,00;14,99;16,00;;36;39,99;36;;;2026-10-06;https://www.o2online.de/e-shop/samsung/samsung-galaxy-s25-128gb-grau-erneuert-details?ohne-tarif=nein&zielgruppe=privatkunden&ratenzahlung=36&vertragsart=ratenzahlung&tarif=o2-mobile-on-demand-m-plus;samsung-galaxy-s25-128gb-grau-refurbished;Schätzung;Tarifgrundpreis Monat 25–36
Bündel;Galaxy S25;128;o2;netzbetreiber;O2 Mobile Unlimited L mit 300 MBit/s (24 Mon.);XL;refurbished;1,00;39,99;16,00;;36;0,00;36;;;2026-10-06;https://www.o2online.de/e-shop/samsung/samsung-galaxy-s25-128gb-grau-erneuert-details?ohne-tarif=nein&zielgruppe=privatkunden&ratenzahlung=36&vertragsart=ratenzahlung&tarif=o2-mobile-on-demand-m-plus;samsung-galaxy-s25-128gb-grau-refurbished;Schätzung;Tarifgrundpreis Monat 25–36
Bündel;Galaxy S25;128;o2;netzbetreiber;O2 Mobile Unlimited M mit 100 MBit/s (24 Mon.);XL;refurbished;1,00;29,99;16,00;;36;0,00;36;;;2026-10-06;https://www.o2online.de/e-shop/samsung/samsung-galaxy-s25-128gb-grau-erneuert-details?ohne-tarif=nein&zielgruppe=privatkunden&ratenzahlung=36&vertragsart=ratenzahlung&tarif=o2-mobile-on-demand-m-plus;samsung-galaxy-s25-128gb-grau-refurbished;Schätzung;Tarifgrundpreis Monat 25–36
Bündel;Galaxy S25;128;o2;netzbetreiber;O2 Mobile Unlimited M Plus mit 100 MBit/s (24 Mon.);XL;refurbished;1,00;19,99;16,00;;36;0,00;36;;;2026-10-06;https://www.o2online.de/e-shop/samsung/samsung-galaxy-s25-128gb-grau-erneuert-details?ohne-tarif=nein&zielgruppe=privatkunden&ratenzahlung=36&vertragsart=ratenzahlung&tarif=o2-mobile-on-demand-m-plus;samsung-galaxy-s25-128gb-grau-refurbished;Schätzung;Tarifgrundpreis Monat 25–36
Bündel;Galaxy S25;128;o2;netzbetreiber;O2 Mobile Unlimited S Special mit 15 MBit/s (24 Mon.);XL;refurbished;1,00;24,99;16,00;;36;39,99;36;;;2026-10-06;https://www.o2online.de/e-shop/samsung/samsung-galaxy-s25-128gb-grau-erneuert-details?ohne-tarif=nein&zielgruppe=privatkunden&ratenzahlung=36&vertragsart=ratenzahlung&tarif=o2-mobile-on-demand-m-plus;samsung-galaxy-s25-128gb-grau-refurbished;Schätzung;Tarifgrundpreis Monat 25–36
Bündel;Galaxy S25;128;o2;netzbetreiber;O2 Mobile Unlimited S Special Plus mit 15 MBit/s (24 Mon.);XL;refurbished;1,00;19,99;16,00;;36;39,99;36;;;2026-10-06;https://www.o2online.de/e-shop/samsung/samsung-galaxy-s25-128gb-grau-erneuert-details?ohne-tarif=nein&zielgruppe=privatkunden&ratenzahlung=36&vertragsart=ratenzahlung&tarif=o2-mobile-on-demand-m-plus;samsung-galaxy-s25-128gb-grau-refurbished;Schätzung;Tarifgrundpreis Monat 25–36
Bündel;Galaxy S25;256;o2;netzbetreiber;O2 Mobile L mit 150 GB+ (24 Mon.);L;neu;1,00;24,99;26,50;;36;0,00;36;;;2026-10-04;https://www.o2online.de/e-shop/samsung/samsung-galaxy-s25-256gb-blueblack-details?ohne-tarif=nein&zielgruppe=privatkunden&ratenzahlung=36&vertragsart=ratenzahlung&tarif=o2-mobile-on-demand-m-plus;samsung-galaxy-s25-256gb-blueblack;Schätzung;Tarifgrundpreis Monat 25–36
Bündel;Galaxy S25;256;o2;netzbetreiber;O2 Mobile L Plus mit 150 GB+ (24 Mon.);L;neu;1,00;19,99;26,50;;36;0,00;36;;;2026-10-04;https://www.o2online.de/e-shop/samsung/samsung-galaxy-s25-256gb-blueblack-details?ohne-tarif=nein&zielgruppe=privatkunden&ratenzahlung=36&vertragsart=ratenzahlung&tarif=o2-mobile-on-demand-m-plus;samsung-galaxy-s25-256gb-blueblack;Schätzung;Tarifgrundpreis Monat 25–36
Bündel;Galaxy S25;256;o2;netzbetreiber;O2 Mobile on Demand M mit 50 GB+ (24 Mon.);M;neu;1,00;19,99;26,50;;36;39,99;36;;;2026-10-04;https://www.o2online.de/e-shop/samsung/samsung-galaxy-s25-256gb-blueblack-details?ohne-tarif=nein&zielgruppe=privatkunden&ratenzahlung=36&vertragsart=ratenzahlung&tarif=o2-mobile-on-demand-m-plus;samsung-galaxy-s25-256gb-blueblack;Schätzung;Tarifgrundpreis Monat 25–36
Bündel;Galaxy S25;256;o2;netzbetreiber;O2 Mobile on Demand M Plus mit 50 GB+ (24 Mon.);M;neu;1,00;14,99;26,50;;36;39,99;36;;;2026-10-07;https://www.o2online.de/e-shop/samsung/samsung-galaxy-s25-256gb-blueblack-details?ohne-tarif=nein&zielgruppe=privatkunden&ratenzahlung=36&vertragsart=ratenzahlung&tarif=o2-mobile-on-demand-m-plus;samsung-galaxy-s25-256gb-blueblack;;Tarifgrundpreis Monat 25–36
Bündel;Galaxy S25;256;o2;netzbetreiber;O2 Mobile S mit 15 GB+ (24 Mon.);XS;neu;1,00;14,99;26,50;;36;39,99;36;;;2026-10-04;https://www.o2online.de/e-shop/samsung/samsung-galaxy-s25-256gb-blueblack-details?ohne-tarif=nein&zielgruppe=privatkunden&ratenzahlung=36&vertragsart=ratenzahlung&tarif=o2-mobile-on-demand-m-plus;samsung-galaxy-s25-256gb-blueblack;Schätzung;Tarifgrundpreis Monat 25–36
Bündel;Galaxy S25;256;o2;netzbetreiber;O2 Mobile Unlimited L mit 300 MBit/s (24 Mon.);XL;neu;1,00;39,99;26,50;;36;0,00;36;;;2026-10-04;https://www.o2online.de/e-shop/samsung/samsung-galaxy-s25-256gb-blueblack-details?ohne-tarif=nein&zielgruppe=privatkunden&ratenzahlung=36&vertragsart=ratenzahlung&tarif=o2-mobile-on-demand-m-plus;samsung-galaxy-s25-256gb-blueblack;Schätzung;Tarifgrundpreis Monat 25–36
Bündel;Galaxy S25;256;o2;netzbetreiber;O2 Mobile Unlimited M mit 100 MBit/s (24 Mon.);XL;neu;1,00;29,99;26,50;;36;0,00;36;;;2026-10-04;https://www.o2online.de/e-shop/samsung/samsung-galaxy-s25-256gb-blueblack-details?ohne-tarif=nein&zielgruppe=privatkunden&ratenzahlung=36&vertragsart=ratenzahlung&tarif=o2-mobile-on-demand-m-plus;samsung-galaxy-s25-256gb-blueblack;Schätzung;Tarifgrundpreis Monat 25–36
Bündel;Galaxy S25;256;o2;netzbetreiber;O2 Mobile Unlimited M Plus mit 100 MBit/s (24 Mon.);XL;neu;1,00;19,99;26,50;;36;0,00;36;;;2026-10-04;https://www.o2online.de/e-shop/samsung/samsung-galaxy-s25-256gb-blueblack-details?ohne-tarif=nein&zielgruppe=privatkunden&ratenzahlung=36&vertragsart=ratenzahlung&tarif=o2-mobile-on-demand-m-plus;samsung-galaxy-s25-256gb-blueblack;Schätzung;Tarifgrundpreis Monat 25–36
Bündel;Galaxy S25;256;o2;netzbetreiber;O2 Mobile Unlimited S Special mit 15 MBit/s (24 Mon.);XL;neu;1,00;24,99;26,50;;36;39,99;36;;;2026-10-04;https://www.o2online.de/e-shop/samsung/samsung-galaxy-s25-256gb-blueblack-details?ohne-tarif=nein&zielgruppe=privatkunden&ratenzahlung=36&vertragsart=ratenzahlung&tarif=o2-mobile-on-demand-m-plus;samsung-galaxy-s25-256gb-blueblack;Schätzung;Tarifgrundpreis Monat 25–36
Bündel;Galaxy S25;256;o2;netzbetreiber;O2 Mobile Unlimited S Special Plus mit 15 MBit/s (24 Mon.);XL;neu;1,00;19,99;26,50;;36;39,99;36;;;2026-10-04;https://www.o2online.de/e-shop/samsung/samsung-galaxy-s25-256gb-blueblack-details?ohne-tarif=nein&zielgruppe=privatkunden&ratenzahlung=36&vertragsart=ratenzahlung&tarif=o2-mobile-on-demand-m-plus;samsung-galaxy-s25-256gb-blueblack;Schätzung;Tarifgrundpreis Monat 25–36
Bündel;Galaxy S25 FE;128;o2;netzbetreiber;O2 Mobile L mit 150 GB+ (24 Mon.);L;neu;1,00;24,99;21,50;;36;0,00;36;;;2026-10-06;https://www.o2online.de/e-shop/samsung/samsung-galaxy-s25-fe-128gb-navy-details?ohne-tarif=nein&zielgruppe=privatkunden&ratenzahlung=36&vertragsart=ratenzahlung&tarif=o2-mobile-on-demand-m-plus;samsung-galaxy-s25-fe-128gb-blau;Schätzung;Tarifgrundpreis Monat 25–36
Bündel;Galaxy S25 FE;128;o2;netzbetreiber;O2 Mobile L Plus mit 150 GB+ (24 Mon.);L;neu;1,00;19,99;21,50;;36;0,00;36;;;2026-10-06;https://www.o2online.de/e-shop/samsung/samsung-galaxy-s25-fe-128gb-navy-details?ohne-tarif=nein&zielgruppe=privatkunden&ratenzahlung=36&vertragsart=ratenzahlung&tarif=o2-mobile-on-demand-m-plus;samsung-galaxy-s25-fe-128gb-blau;Schätzung;Tarifgrundpreis Monat 25–36
Bündel;Galaxy S25 FE;128;o2;netzbetreiber;O2 Mobile on Demand M mit 50 GB+ (24 Mon.);M;neu;1,00;19,99;21,50;;36;39,99;36;;;2026-10-06;https://www.o2online.de/e-shop/samsung/samsung-galaxy-s25-fe-128gb-navy-details?ohne-tarif=nein&zielgruppe=privatkunden&ratenzahlung=36&vertragsart=ratenzahlung&tarif=o2-mobile-on-demand-m-plus;samsung-galaxy-s25-fe-128gb-blau;Schätzung;Tarifgrundpreis Monat 25–36
Bündel;Galaxy S25 FE;128;o2;netzbetreiber;O2 Mobile on Demand M Plus mit 50 GB+ (24 Mon.);M;neu;1,00;14,99;21,50;;36;39,99;36;;;2026-10-07;https://www.o2online.de/e-shop/samsung/samsung-galaxy-s25-fe-128gb-navy-details?ohne-tarif=nein&zielgruppe=privatkunden&ratenzahlung=36&vertragsart=ratenzahlung&tarif=o2-mobile-on-demand-m-plus;samsung-galaxy-s25-fe-128gb-blau;;Tarifgrundpreis Monat 25–36
Bündel;Galaxy S25 FE;128;o2;netzbetreiber;O2 Mobile S mit 15 GB+ (24 Mon.);XS;neu;1,00;14,99;21,50;;36;39,99;36;;;2026-10-06;https://www.o2online.de/e-shop/samsung/samsung-galaxy-s25-fe-128gb-navy-details?ohne-tarif=nein&zielgruppe=privatkunden&ratenzahlung=36&vertragsart=ratenzahlung&tarif=o2-mobile-on-demand-m-plus;samsung-galaxy-s25-fe-128gb-blau;Schätzung;Tarifgrundpreis Monat 25–36
Bündel;Galaxy S25 FE;128;o2;netzbetreiber;O2 Mobile Unlimited L mit 300 MBit/s (24 Mon.);XL;neu;1,00;39,99;21,50;;36;0,00;36;;;2026-10-06;https://www.o2online.de/e-shop/samsung/samsung-galaxy-s25-fe-128gb-navy-details?ohne-tarif=nein&zielgruppe=privatkunden&ratenzahlung=36&vertragsart=ratenzahlung&tarif=o2-mobile-on-demand-m-plus;samsung-galaxy-s25-fe-128gb-blau;Schätzung;Tarifgrundpreis Monat 25–36
Bündel;Galaxy S25 FE;128;o2;netzbetreiber;O2 Mobile Unlimited M mit 100 MBit/s (24 Mon.);XL;neu;1,00;29,99;21,50;;36;0,00;36;;;2026-10-06;https://www.o2online.de/e-shop/samsung/samsung-galaxy-s25-fe-128gb-navy-details?ohne-tarif=nein&zielgruppe=privatkunden&ratenzahlung=36&vertragsart=ratenzahlung&tarif=o2-mobile-on-demand-m-plus;samsung-galaxy-s25-fe-128gb-blau;Schätzung;Tarifgrundpreis Monat 25–36
Bündel;Galaxy S25 FE;128;o2;netzbetreiber;O2 Mobile Unlimited M Plus mit 100 MBit/s (24 Mon.);XL;neu;1,00;19,99;21,50;;36;0,00;36;;;2026-10-06;https://www.o2online.de/e-shop/samsung/samsung-galaxy-s25-fe-128gb-navy-details?ohne-tarif=nein&zielgruppe=privatkunden&ratenzahlung=36&vertragsart=ratenzahlung&tarif=o2-mobile-on-demand-m-plus;samsung-galaxy-s25-fe-128gb-blau;Schätzung;Tarifgrundpreis Monat 25–36
Bündel;Galaxy S25 FE;128;o2;netzbetreiber;O2 Mobile Unlimited S Special mit 15 MBit/s (24 Mon.);XL;neu;1,00;24,99;21,50;;36;39,99;36;;;2026-10-06;https://www.o2online.de/e-shop/samsung/samsung-galaxy-s25-fe-128gb-navy-details?ohne-tarif=nein&zielgruppe=privatkunden&ratenzahlung=36&vertragsart=ratenzahlung&tarif=o2-mobile-on-demand-m-plus;samsung-galaxy-s25-fe-128gb-blau;Schätzung;Tarifgrundpreis Monat 25–36
Bündel;Galaxy S25 FE;128;o2;netzbetreiber;O2 Mobile Unlimited S Special Plus mit 15 MBit/s (24 Mon.);XL;neu;1,00;19,99;21,50;;36;39,99;36;;;2026-10-06;https://www.o2online.de/e-shop/samsung/samsung-galaxy-s25-fe-128gb-navy-details?ohne-tarif=nein&zielgruppe=privatkunden&ratenzahlung=36&vertragsart=ratenzahlung&tarif=o2-mobile-on-demand-m-plus;samsung-galaxy-s25-fe-128gb-blau;Schätzung;Tarifgrundpreis Monat 25–36
Bündel;Galaxy S25 Ultra;256;o2;netzbetreiber;O2 Mobile L mit 150 GB+ (24 Mon.);L;refurbished;25,00;24,99;24,00;;36;0,00;36;;;2026-10-07;https://www.o2online.de/e-shop/samsung/samsung-galaxy-s25-ultra-256gb-titanium-silverblue-erneuert-details?ohne-tarif=nein&zielgruppe=privatkunden&ratenzahlung=36&vertragsart=ratenzahlung&tarif=o2-mobile-on-demand-m-plus;samsung-galaxy-s25-ultra-256gb-titan-blau-refurbished;Schätzung;Tarifgrundpreis Monat 25–36
Bündel;Galaxy S25 Ultra;256;o2;netzbetreiber;O2 Mobile L Plus mit 150 GB+ (24 Mon.);L;refurbished;25,00;19,99;24,00;;36;0,00;36;;;2026-10-07;https://www.o2online.de/e-shop/samsung/samsung-galaxy-s25-ultra-256gb-titanium-silverblue-erneuert-details?ohne-tarif=nein&zielgruppe=privatkunden&ratenzahlung=36&vertragsart=ratenzahlung&tarif=o2-mobile-on-demand-m-plus;samsung-galaxy-s25-ultra-256gb-titan-blau-refurbished;Schätzung;Tarifgrundpreis Monat 25–36
Bündel;Galaxy S25 Ultra;256;o2;netzbetreiber;O2 Mobile on Demand M mit 50 GB+ (24 Mon.);M;refurbished;25,00;19,99;24,00;;36;39,99;36;;;2026-10-07;https://www.o2online.de/e-shop/samsung/samsung-galaxy-s25-ultra-256gb-titanium-silverblue-erneuert-details?ohne-tarif=nein&zielgruppe=privatkunden&ratenzahlung=36&vertragsart=ratenzahlung&tarif=o2-mobile-on-demand-m-plus;samsung-galaxy-s25-ultra-256gb-titan-blau-refurbished;Schätzung;Tarifgrundpreis Monat 25–36
Bündel;Galaxy S25 Ultra;256;o2;netzbetreiber;O2 Mobile on Demand M Plus mit 50 GB+ (24 Mon.);M;refurbished;25,00;14,99;24,00;;36;39,99;36;;;2026-10-07;https://www.o2online.de/e-shop/samsung/samsung-galaxy-s25-ultra-256gb-titanium-silverblue-erneuert-details?ohne-tarif=nein&zielgruppe=privatkunden&ratenzahlung=36&vertragsart=ratenzahlung&tarif=o2-mobile-on-demand-m-plus;samsung-galaxy-s25-ultra-256gb-titan-blau-refurbished;;Tarifgrundpreis Monat 25–36
Bündel;Galaxy S25 Ultra;256;o2;netzbetreiber;O2 Mobile S mit 15 GB+ (24 Mon.);XS;refurbished;25,00;14,99;24,00;;36;39,99;36;;;2026-10-07;https://www.o2online.de/e-shop/samsung/samsung-galaxy-s25-ultra-256gb-titanium-silverblue-erneuert-details?ohne-tarif=nein&zielgruppe=privatkunden&ratenzahlung=36&vertragsart=ratenzahlung&tarif=o2-mobile-on-demand-m-plus;samsung-galaxy-s25-ultra-256gb-titan-blau-refurbished;Schätzung;Tarifgrundpreis Monat 25–36
Bündel;Galaxy S25 Ultra;256;o2;netzbetreiber;O2 Mobile Unlimited L mit 300 MBit/s (24 Mon.);XL;refurbished;25,00;39,99;24,00;;36;0,00;36;;;2026-10-07;https://www.o2online.de/e-shop/samsung/samsung-galaxy-s25-ultra-256gb-titanium-silverblue-erneuert-details?ohne-tarif=nein&zielgruppe=privatkunden&ratenzahlung=36&vertragsart=ratenzahlung&tarif=o2-mobile-on-demand-m-plus;samsung-galaxy-s25-ultra-256gb-titan-blau-refurbished;Schätzung;Tarifgrundpreis Monat 25–36
Bündel;Galaxy S25 Ultra;256;o2;netzbetreiber;O2 Mobile Unlimited M mit 100 MBit/s (24 Mon.);XL;refurbished;25,00;29,99;24,00;;36;0,00;36;;;2026-10-07;https://www.o2online.de/e-shop/samsung/samsung-galaxy-s25-ultra-256gb-titanium-silverblue-erneuert-details?ohne-tarif=nein&zielgruppe=privatkunden&ratenzahlung=36&vertragsart=ratenzahlung&tarif=o2-mobile-on-demand-m-plus;samsung-galaxy-s25-ultra-256gb-titan-blau-refurbished;Schätzung;Tarifgrundpreis Monat 25–36
Bündel;Galaxy S25 Ultra;256;o2;netzbetreiber;O2 Mobile Unlimited M Plus mit 100 MBit/s (24 Mon.);XL;refurbished;25,00;19,99;24,00;;36;0,00;36;;;2026-10-07;https://www.o2online.de/e-shop/samsung/samsung-galaxy-s25-ultra-256gb-titanium-silverblue-erneuert-details?ohne-tarif=nein&zielgruppe=privatkunden&ratenzahlung=36&vertragsart=ratenzahlung&tarif=o2-mobile-on-demand-m-plus;samsung-galaxy-s25-ultra-256gb-titan-blau-refurbished;Schätzung;Tarifgrundpreis Monat 25–36
Bündel;Galaxy S25 Ultra;256;o2;netzbetreiber;O2 Mobile Unlimited S Special mit 15 MBit/s (24 Mon.);XL;refurbished;25,00;24,99;24,00;;36;39,99;36;;;2026-10-07;https://www.o2online.de/e-shop/samsung/samsung-galaxy-s25-ultra-256gb-titanium-silverblue-erneuert-details?ohne-tarif=nein&zielgruppe=privatkunden&ratenzahlung=36&vertragsart=ratenzahlung&tarif=o2-mobile-on-demand-m-plus;samsung-galaxy-s25-ultra-256gb-titan-blau-refurbished;Schätzung;Tarifgrundpreis Monat 25–36
Bündel;Galaxy S25 Ultra;256;o2;netzbetreiber;O2 Mobile Unlimited S Special Plus mit 15 MBit/s (24 Mon.);XL;refurbished;25,00;19,99;24,00;;36;39,99;36;;;2026-10-07;https://www.o2online.de/e-shop/samsung/samsung-galaxy-s25-ultra-256gb-titanium-silverblue-erneuert-details?ohne-tarif=nein&zielgruppe=privatkunden&ratenzahlung=36&vertragsart=ratenzahlung&tarif=o2-mobile-on-demand-m-plus;samsung-galaxy-s25-ultra-256gb-titan-blau-refurbished;Schätzung;Tarifgrundpreis Monat 25–36
Bündel;Galaxy S25 Ultra;256;o2;netzbetreiber;O2 Mobile on Demand M Plus mit 50 GB+ (24 Mon.);M;;25,00;14,99;24,00;;36;39,99;36;;;2026-09-04;https://www.o2online.de/e-shop/samsung/samsung-galaxy-s25-ultra-256gb-titanium-gray-erneuert-details?ohne-tarif=nein&zielgruppe=privatkunden&ratenzahlung=36&vertragsart=ratenzahlung&tarif=o2-mobile-on-demand-m-plus;samsung-galaxy-s25-ultra-256gb-titan-grau-refurbished;veraltet;Tarifgrundpreis Monat 25–36
Bündel;Galaxy S25 Ultra;256;o2;netzbetreiber;O2 Mobile L mit 150 GB+ (24 Mon.);L;neu;1,00;24,99;30,00;;36;0,00;36;;;2026-10-06;https://www.o2online.de/e-shop/samsung/samsung-galaxy-s25-ultra-256gb-titanium-black-details?ohne-tarif=nein&zielgruppe=privatkunden&ratenzahlung=36&vertragsart=ratenzahlung&tarif=o2-mobile-on-demand-m-plus;samsung-galaxy-s25-ultra-256gb-titan-schwarz;Schätzung;Tarifgrundpreis Monat 25–36
Bündel;Galaxy S25 Ultra;256;o2;netzbetreiber;O2 Mobile L Plus mit 150 GB+ (24 Mon.);L;neu;1,00;19,99;30,00;;36;0,00;36;;;2026-10-06;https://www.o2online.de/e-shop/samsung/samsung-galaxy-s25-ultra-256gb-titanium-black-details?ohne-tarif=nein&zielgruppe=privatkunden&ratenzahlung=36&vertragsart=ratenzahlung&tarif=o2-mobile-on-demand-m-plus;samsung-galaxy-s25-ultra-256gb-titan-schwarz;Schätzung;Tarifgrundpreis Monat 25–36
Bündel;Galaxy S25 Ultra;256;o2;netzbetreiber;O2 Mobile on Demand M mit 50 GB+ (24 Mon.);M;neu;1,00;19,99;30,00;;36;39,99;36;;;2026-10-06;https://www.o2online.de/e-shop/samsung/samsung-galaxy-s25-ultra-256gb-titanium-black-details?ohne-tarif=nein&zielgruppe=privatkunden&ratenzahlung=36&vertragsart=ratenzahlung&tarif=o2-mobile-on-demand-m-plus;samsung-galaxy-s25-ultra-256gb-titan-schwarz;Schätzung;Tarifgrundpreis Monat 25–36
Bündel;Galaxy S25 Ultra;256;o2;netzbetreiber;O2 Mobile on Demand M Plus mit 50 GB+ (24 Mon.);M;neu;1,00;14,99;30,00;;36;39,99;36;;;2026-10-07;https://www.o2online.de/e-shop/samsung/samsung-galaxy-s25-ultra-256gb-titanium-black-details?ohne-tarif=nein&zielgruppe=privatkunden&ratenzahlung=36&vertragsart=ratenzahlung&tarif=o2-mobile-on-demand-m-plus;samsung-galaxy-s25-ultra-256gb-titan-schwarz;;Tarifgrundpreis Monat 25–36
Bündel;Galaxy S25 Ultra;256;o2;netzbetreiber;O2 Mobile S mit 15 GB+ (24 Mon.);XS;neu;1,00;14,99;30,00;;36;39,99;36;;;2026-10-06;https://www.o2online.de/e-shop/samsung/samsung-galaxy-s25-ultra-256gb-titanium-black-details?ohne-tarif=nein&zielgruppe=privatkunden&ratenzahlung=36&vertragsart=ratenzahlung&tarif=o2-mobile-on-demand-m-plus;samsung-galaxy-s25-ultra-256gb-titan-schwarz;Schätzung;Tarifgrundpreis Monat 25–36
Bündel;Galaxy S25 Ultra;256;o2;netzbetreiber;O2 Mobile Unlimited L mit 300 MBit/s (24 Mon.);XL;neu;1,00;39,99;30,00;;36;0,00;36;;;2026-10-06;https://www.o2online.de/e-shop/samsung/samsung-galaxy-s25-ultra-256gb-titanium-black-details?ohne-tarif=nein&zielgruppe=privatkunden&ratenzahlung=36&vertragsart=ratenzahlung&tarif=o2-mobile-on-demand-m-plus;samsung-galaxy-s25-ultra-256gb-titan-schwarz;Schätzung;Tarifgrundpreis Monat 25–36
Bündel;Galaxy S25 Ultra;256;o2;netzbetreiber;O2 Mobile Unlimited M mit 100 MBit/s (24 Mon.);XL;neu;1,00;29,99;30,00;;36;0,00;36;;;2026-10-06;https://www.o2online.de/e-shop/samsung/samsung-galaxy-s25-ultra-256gb-titanium-black-details?ohne-tarif=nein&zielgruppe=privatkunden&ratenzahlung=36&vertragsart=ratenzahlung&tarif=o2-mobile-on-demand-m-plus;samsung-galaxy-s25-ultra-256gb-titan-schwarz;Schätzung;Tarifgrundpreis Monat 25–36
Bündel;Galaxy S25 Ultra;256;o2;netzbetreiber;O2 Mobile Unlimited M Plus mit 100 MBit/s (24 Mon.);XL;neu;1,00;19,99;30,00;;36;0,00;36;;;2026-10-06;https://www.o2online.de/e-shop/samsung/samsung-galaxy-s25-ultra-256gb-titanium-black-details?ohne-tarif=nein&zielgruppe=privatkunden&ratenzahlung=36&vertragsart=ratenzahlung&tarif=o2-mobile-on-demand-m-plus;samsung-galaxy-s25-ultra-256gb-titan-schwarz;Schätzung;Tarifgrundpreis Monat 25–36
Bündel;Galaxy S25 Ultra;256;o2;netzbetreiber;O2 Mobile Unlimited S Special mit 15 MBit/s (24 Mon.);XL;neu;1,00;24,99;30,00;;36;39,99;36;;;2026-10-06;https://www.o2online.de/e-shop/samsung/samsung-galaxy-s25-ultra-256gb-titanium-black-details?ohne-tarif=nein&zielgruppe=privatkunden&ratenzahlung=36&vertragsart=ratenzahlung&tarif=o2-mobile-on-demand-m-plus;samsung-galaxy-s25-ultra-256gb-titan-schwarz;Schätzung;Tarifgrundpreis Monat 25–36
Bündel;Galaxy S25 Ultra;256;o2;netzbetreiber;O2 Mobile Unlimited S Special Plus mit 15 MBit/s (24 Mon.);XL;neu;1,00;19,99;30,00;;36;39,99;36;;;2026-10-06;https://www.o2online.de/e-shop/samsung/samsung-galaxy-s25-ultra-256gb-titanium-black-details?ohne-tarif=nein&zielgruppe=privatkunden&ratenzahlung=36&vertragsart=ratenzahlung&tarif=o2-mobile-on-demand-m-plus;samsung-galaxy-s25-ultra-256gb-titan-schwarz;Schätzung;Tarifgrundpreis Monat 25–36
Bündel;Galaxy S26;256;o2;netzbetreiber;O2 Mobile L mit 150 GB+ (24 Mon.);L;neu;1,00;24,99;26,50;;36;0,00;36;;;2026-10-07;https://www.o2online.de/e-shop/samsung/samsung-galaxy-s26-256gb-cobalt-violet-details?ohne-tarif=nein&zielgruppe=privatkunden&ratenzahlung=36&vertragsart=ratenzahlung&tarif=o2-mobile-unlimited-m-plus;samsung-galaxy-s26-256gb-cobalt-violet;Schätzung;Tarifgrundpreis Monat 25–36
Bündel;Galaxy S26;256;o2;netzbetreiber;O2 Mobile L Plus mit 150 GB+ (24 Mon.);L;neu;1,00;19,99;26,50;;36;0,00;36;;;2026-10-07;https://www.o2online.de/e-shop/samsung/samsung-galaxy-s26-256gb-cobalt-violet-details?ohne-tarif=nein&zielgruppe=privatkunden&ratenzahlung=36&vertragsart=ratenzahlung&tarif=o2-mobile-unlimited-m-plus;samsung-galaxy-s26-256gb-cobalt-violet;Schätzung;Tarifgrundpreis Monat 25–36
Bündel;Galaxy S26;256;o2;netzbetreiber;O2 Mobile on Demand M mit 50 GB+ (24 Mon.);M;neu;1,00;19,99;26,50;;36;39,99;36;;;2026-10-07;https://www.o2online.de/e-shop/samsung/samsung-galaxy-s26-256gb-cobalt-violet-details?ohne-tarif=nein&zielgruppe=privatkunden&ratenzahlung=36&vertragsart=ratenzahlung&tarif=o2-mobile-unlimited-m-plus;samsung-galaxy-s26-256gb-cobalt-violet;Schätzung;Tarifgrundpreis Monat 25–36
Bündel;Galaxy S26;256;o2;netzbetreiber;O2 Mobile on Demand M Plus mit 50 GB+ (24 Mon.);M;neu;1,00;14,99;26,50;;36;39,99;36;;;2026-10-07;https://www.o2online.de/e-shop/samsung/samsung-galaxy-s26-256gb-cobalt-violet-details?ohne-tarif=nein&zielgruppe=privatkunden&ratenzahlung=36&vertragsart=ratenzahlung&tarif=o2-mobile-unlimited-m-plus;samsung-galaxy-s26-256gb-cobalt-violet;Schätzung;Tarifgrundpreis Monat 25–36
Bündel;Galaxy S26;256;o2;netzbetreiber;O2 Mobile S mit 15 GB+ (24 Mon.);XS;neu;1,00;14,99;26,50;;36;39,99;36;;;2026-10-07;https://www.o2online.de/e-shop/samsung/samsung-galaxy-s26-256gb-cobalt-violet-details?ohne-tarif=nein&zielgruppe=privatkunden&ratenzahlung=36&vertragsart=ratenzahlung&tarif=o2-mobile-unlimited-m-plus;samsung-galaxy-s26-256gb-cobalt-violet;Schätzung;Tarifgrundpreis Monat 25–36
Bündel;Galaxy S26;256;o2;netzbetreiber;O2 Mobile Unlimited L mit 300 MBit/s (24 Mon.);XL;neu;1,00;39,99;26,50;;36;0,00;36;;;2026-10-07;https://www.o2online.de/e-shop/samsung/samsung-galaxy-s26-256gb-cobalt-violet-details?ohne-tarif=nein&zielgruppe=privatkunden&ratenzahlung=36&vertragsart=ratenzahlung&tarif=o2-mobile-unlimited-m-plus;samsung-galaxy-s26-256gb-cobalt-violet;Schätzung;Tarifgrundpreis Monat 25–36
Bündel;Galaxy S26;256;o2;netzbetreiber;O2 Mobile Unlimited M mit 100 MBit/s (24 Mon.);XL;neu;1,00;29,99;26,50;;36;0,00;36;;;2026-10-07;https://www.o2online.de/e-shop/samsung/samsung-galaxy-s26-256gb-cobalt-violet-details?ohne-tarif=nein&zielgruppe=privatkunden&ratenzahlung=36&vertragsart=ratenzahlung&tarif=o2-mobile-unlimited-m-plus;samsung-galaxy-s26-256gb-cobalt-violet;Schätzung;Tarifgrundpreis Monat 25–36
Bündel;Galaxy S26;256;o2;netzbetreiber;O2 Mobile Unlimited M Plus mit 100 MBit/s (24 Mon.);XL;neu;1,00;19,99;26,50;;36;0,00;36;;;2026-10-07;https://www.o2online.de/e-shop/samsung/samsung-galaxy-s26-256gb-cobalt-violet-details?ohne-tarif=nein&zielgruppe=privatkunden&ratenzahlung=36&vertragsart=ratenzahlung&tarif=o2-mobile-unlimited-m-plus;samsung-galaxy-s26-256gb-cobalt-violet;Quarantäne;Tarifgrundpreis Monat 25–36
Bündel;Galaxy S26;256;o2;netzbetreiber;O2 Mobile Unlimited S Special mit 15 MBit/s (24 Mon.);XL;neu;1,00;24,99;26,50;;36;39,99;36;;;2026-10-07;https://www.o2online.de/e-shop/samsung/samsung-galaxy-s26-256gb-cobalt-violet-details?ohne-tarif=nein&zielgruppe=privatkunden&ratenzahlung=36&vertragsart=ratenzahlung&tarif=o2-mobile-unlimited-m-plus;samsung-galaxy-s26-256gb-cobalt-violet;Schätzung;Tarifgrundpreis Monat 25–36
Bündel;Galaxy S26;256;o2;netzbetreiber;O2 Mobile Unlimited S Special Plus mit 15 MBit/s (24 Mon.);XL;neu;1,00;19,99;26,50;;36;39,99;36;;;2026-10-07;https://www.o2online.de/e-shop/samsung/samsung-galaxy-s26-256gb-cobalt-violet-details?ohne-tarif=nein&zielgruppe=privatkunden&ratenzahlung=36&vertragsart=ratenzahlung&tarif=o2-mobile-unlimited-m-plus;samsung-galaxy-s26-256gb-cobalt-violet;Schätzung;Tarifgrundpreis Monat 25–36
Bündel;Galaxy S26;256;o2;netzbetreiber;O2 Mobile L mit 150 GB+ (24 Mon.);L;neu;1,00;24,99;28,00;;36;0,00;36;;;2026-10-06;https://www.o2online.de/e-shop/samsung/samsung-galaxy-s26-ee-256gb-black-details?ohne-tarif=nein&zielgruppe=privatkunden&ratenzahlung=36&vertragsart=ratenzahlung&tarif=o2-mobile-l-plus;samsung-galaxy-s26-256gb-schwarz;Schätzung;Tarifgrundpreis Monat 25–36
Bündel;Galaxy S26;256;o2;netzbetreiber;O2 Mobile L Plus mit 150 GB+ (24 Mon.);L;neu;1,00;19,99;28,00;;36;0,00;36;;;2026-10-07;https://www.o2online.de/e-shop/samsung/samsung-galaxy-s26-ee-256gb-black-details?ohne-tarif=nein&zielgruppe=privatkunden&ratenzahlung=36&vertragsart=ratenzahlung&tarif=o2-mobile-l-plus;samsung-galaxy-s26-256gb-schwarz;;Tarifgrundpreis Monat 25–36
Bündel;Galaxy S26;256;o2;netzbetreiber;O2 Mobile on Demand M mit 50 GB+ (24 Mon.);M;neu;1,00;19,99;28,00;;36;39,99;36;;;2026-10-06;https://www.o2online.de/e-shop/samsung/samsung-galaxy-s26-ee-256gb-black-details?ohne-tarif=nein&zielgruppe=privatkunden&ratenzahlung=36&vertragsart=ratenzahlung&tarif=o2-mobile-l-plus;samsung-galaxy-s26-256gb-schwarz;Schätzung;Tarifgrundpreis Monat 25–36
Bündel;Galaxy S26;256;o2;netzbetreiber;O2 Mobile on Demand M Plus mit 50 GB+ (24 Mon.);M;neu;1,00;14,99;28,00;;36;39,99;36;;;2026-10-06;https://www.o2online.de/e-shop/samsung/samsung-galaxy-s26-ee-256gb-black-details?ohne-tarif=nein&zielgruppe=privatkunden&ratenzahlung=36&vertragsart=ratenzahlung&tarif=o2-mobile-l-plus;samsung-galaxy-s26-256gb-schwarz;Schätzung;Tarifgrundpreis Monat 25–36
Bündel;Galaxy S26;256;o2;netzbetreiber;O2 Mobile S mit 15 GB+ (24 Mon.);XS;neu;1,00;14,99;28,00;;36;39,99;36;;;2026-10-06;https://www.o2online.de/e-shop/samsung/samsung-galaxy-s26-ee-256gb-black-details?ohne-tarif=nein&zielgruppe=privatkunden&ratenzahlung=36&vertragsart=ratenzahlung&tarif=o2-mobile-l-plus;samsung-galaxy-s26-256gb-schwarz;Schätzung;Tarifgrundpreis Monat 25–36
Bündel;Galaxy S26;256;o2;netzbetreiber;O2 Mobile Unlimited L mit 300 MBit/s (24 Mon.);XL;neu;1,00;39,99;28,00;;36;0,00;36;;;2026-10-06;https://www.o2online.de/e-shop/samsung/samsung-galaxy-s26-ee-256gb-black-details?ohne-tarif=nein&zielgruppe=privatkunden&ratenzahlung=36&vertragsart=ratenzahlung&tarif=o2-mobile-l-plus;samsung-galaxy-s26-256gb-schwarz;Schätzung;Tarifgrundpreis Monat 25–36
Bündel;Galaxy S26;256;o2;netzbetreiber;O2 Mobile Unlimited M mit 100 MBit/s (24 Mon.);XL;neu;1,00;29,99;28,00;;36;0,00;36;;;2026-10-06;https://www.o2online.de/e-shop/samsung/samsung-galaxy-s26-ee-256gb-black-details?ohne-tarif=nein&zielgruppe=privatkunden&ratenzahlung=36&vertragsart=ratenzahlung&tarif=o2-mobile-l-plus;samsung-galaxy-s26-256gb-schwarz;Schätzung;Tarifgrundpreis Monat 25–36
Bündel;Galaxy S26;256;o2;netzbetreiber;O2 Mobile Unlimited M Plus mit 100 MBit/s (24 Mon.);XL;neu;1,00;24,99;28,00;;36;0,00;36;;;2026-10-06;https://www.o2online.de/e-shop/samsung/samsung-galaxy-s26-ee-256gb-black-details?ohne-tarif=nein&zielgruppe=privatkunden&ratenzahlung=36&vertragsart=ratenzahlung&tarif=o2-mobile-l-plus;samsung-galaxy-s26-256gb-schwarz;Schätzung;Tarifgrundpreis Monat 25–36
Bündel;Galaxy S26;256;o2;netzbetreiber;O2 Mobile Unlimited S Special mit 15 MBit/s (24 Mon.);XL;neu;1,00;24,99;28,00;;36;39,99;36;;;2026-10-06;https://www.o2online.de/e-shop/samsung/samsung-galaxy-s26-ee-256gb-black-details?ohne-tarif=nein&zielgruppe=privatkunden&ratenzahlung=36&vertragsart=ratenzahlung&tarif=o2-mobile-l-plus;samsung-galaxy-s26-256gb-schwarz;Schätzung;Tarifgrundpreis Monat 25–36
Bündel;Galaxy S26;256;o2;netzbetreiber;O2 Mobile Unlimited S Special Plus mit 15 MBit/s (24 Mon.);XL;neu;1,00;19,99;28,00;;36;39,99;36;;;2026-10-06;https://www.o2online.de/e-shop/samsung/samsung-galaxy-s26-ee-256gb-black-details?ohne-tarif=nein&zielgruppe=privatkunden&ratenzahlung=36&vertragsart=ratenzahlung&tarif=o2-mobile-l-plus;samsung-galaxy-s26-256gb-schwarz;Schätzung;Tarifgrundpreis Monat 25–36
Bündel;Galaxy S26;512;o2;netzbetreiber;O2 Mobile L mit 150 GB+ (24 Mon.);L;neu;1,00;24,99;32,00;;36;0,00;36;;;2026-10-07;https://www.o2online.de/e-shop/samsung/samsung-galaxy-s26-256gb-cobalt-violet-details?ohne-tarif=nein&zielgruppe=privatkunden&ratenzahlung=36&vertragsart=ratenzahlung&tarif=o2-mobile-unlimited-m-plus;samsung-galaxy-s26-512gb-cobalt-violet;Schätzung;Tarifgrundpreis Monat 25–36
Bündel;Galaxy S26;512;o2;netzbetreiber;O2 Mobile L Plus mit 150 GB+ (24 Mon.);L;neu;1,00;19,99;32,00;;36;0,00;36;;;2026-10-07;https://www.o2online.de/e-shop/samsung/samsung-galaxy-s26-256gb-cobalt-violet-details?ohne-tarif=nein&zielgruppe=privatkunden&ratenzahlung=36&vertragsart=ratenzahlung&tarif=o2-mobile-unlimited-m-plus;samsung-galaxy-s26-512gb-cobalt-violet;Schätzung;Tarifgrundpreis Monat 25–36
Bündel;Galaxy S26;512;o2;netzbetreiber;O2 Mobile on Demand M mit 50 GB+ (24 Mon.);M;neu;1,00;19,99;32,00;;36;39,99;36;;;2026-10-07;https://www.o2online.de/e-shop/samsung/samsung-galaxy-s26-256gb-cobalt-violet-details?ohne-tarif=nein&zielgruppe=privatkunden&ratenzahlung=36&vertragsart=ratenzahlung&tarif=o2-mobile-unlimited-m-plus;samsung-galaxy-s26-512gb-cobalt-violet;Schätzung;Tarifgrundpreis Monat 25–36
Bündel;Galaxy S26;512;o2;netzbetreiber;O2 Mobile on Demand M Plus mit 50 GB+ (24 Mon.);M;neu;1,00;14,99;32,00;;36;39,99;36;;;2026-10-07;https://www.o2online.de/e-shop/samsung/samsung-galaxy-s26-256gb-cobalt-violet-details?ohne-tarif=nein&zielgruppe=privatkunden&ratenzahlung=36&vertragsart=ratenzahlung&tarif=o2-mobile-unlimited-m-plus;samsung-galaxy-s26-512gb-cobalt-violet;Schätzung;Tarifgrundpreis Monat 25–36
Bündel;Galaxy S26;512;o2;netzbetreiber;O2 Mobile S mit 15 GB+ (24 Mon.);XS;neu;1,00;14,99;32,00;;36;39,99;36;;;2026-10-07;https://www.o2online.de/e-shop/samsung/samsung-galaxy-s26-256gb-cobalt-violet-details?ohne-tarif=nein&zielgruppe=privatkunden&ratenzahlung=36&vertragsart=ratenzahlung&tarif=o2-mobile-unlimited-m-plus;samsung-galaxy-s26-512gb-cobalt-violet;Schätzung;Tarifgrundpreis Monat 25–36
Bündel;Galaxy S26;512;o2;netzbetreiber;O2 Mobile Unlimited L mit 300 MBit/s (24 Mon.);XL;neu;1,00;39,99;32,00;;36;0,00;36;;;2026-10-07;https://www.o2online.de/e-shop/samsung/samsung-galaxy-s26-256gb-cobalt-violet-details?ohne-tarif=nein&zielgruppe=privatkunden&ratenzahlung=36&vertragsart=ratenzahlung&tarif=o2-mobile-unlimited-m-plus;samsung-galaxy-s26-512gb-cobalt-violet;Schätzung;Tarifgrundpreis Monat 25–36
Bündel;Galaxy S26;512;o2;netzbetreiber;O2 Mobile Unlimited M mit 100 MBit/s (24 Mon.);XL;neu;1,00;29,99;32,00;;36;0,00;36;;;2026-10-07;https://www.o2online.de/e-shop/samsung/samsung-galaxy-s26-256gb-cobalt-violet-details?ohne-tarif=nein&zielgruppe=privatkunden&ratenzahlung=36&vertragsart=ratenzahlung&tarif=o2-mobile-unlimited-m-plus;samsung-galaxy-s26-512gb-cobalt-violet;Schätzung;Tarifgrundpreis Monat 25–36
Bündel;Galaxy S26;512;o2;netzbetreiber;O2 Mobile Unlimited M Plus mit 100 MBit/s (24 Mon.);XL;neu;1,00;19,99;32,00;;36;0,00;36;;;2026-10-07;https://www.o2online.de/e-shop/samsung/samsung-galaxy-s26-256gb-cobalt-violet-details?ohne-tarif=nein&zielgruppe=privatkunden&ratenzahlung=36&vertragsart=ratenzahlung&tarif=o2-mobile-unlimited-m-plus;samsung-galaxy-s26-512gb-cobalt-violet;Quarantäne;Tarifgrundpreis Monat 25–36
Bündel;Galaxy S26;512;o2;netzbetreiber;O2 Mobile Unlimited S Special mit 15 MBit/s (24 Mon.);XL;neu;1,00;24,99;32,00;;36;39,99;36;;;2026-10-07;https://www.o2online.de/e-shop/samsung/samsung-galaxy-s26-256gb-cobalt-violet-details?ohne-tarif=nein&zielgruppe=privatkunden&ratenzahlung=36&vertragsart=ratenzahlung&tarif=o2-mobile-unlimited-m-plus;samsung-galaxy-s26-512gb-cobalt-violet;Schätzung;Tarifgrundpreis Monat 25–36
Bündel;Galaxy S26;512;o2;netzbetreiber;O2 Mobile Unlimited S Special Plus mit 15 MBit/s (24 Mon.);XL;neu;1,00;19,99;32,00;;36;39,99;36;;;2026-10-07;https://www.o2online.de/e-shop/samsung/samsung-galaxy-s26-256gb-cobalt-violet-details?ohne-tarif=nein&zielgruppe=privatkunden&ratenzahlung=36&vertragsart=ratenzahlung&tarif=o2-mobile-unlimited-m-plus;samsung-galaxy-s26-512gb-cobalt-violet;Schätzung;Tarifgrundpreis Monat 25–36
Bündel;Galaxy S26 FE;128;o2;netzbetreiber;O2 Mobile L mit 150 GB+ (24 Mon.);L;neu;1,00;24,99;22,50;;36;0,00;36;;;2026-10-06;https://www.o2online.de/e-shop/samsung/samsung-galaxy-s26-fe-128gb-pistachio-details?ohne-tarif=nein&zielgruppe=privatkunden&ratenzahlung=36&vertragsart=ratenzahlung&tarif=o2-mobile-on-demand-m-plus;samsung-galaxy-s26-fe-128gb-pistachio;Schätzung;Tarifgrundpreis Monat 25–36
Bündel;Galaxy S26 FE;128;o2;netzbetreiber;O2 Mobile L Plus mit 150 GB+ (24 Mon.);L;neu;1,00;19,99;22,50;;36;0,00;36;;;2026-10-06;https://www.o2online.de/e-shop/samsung/samsung-galaxy-s26-fe-128gb-pistachio-details?ohne-tarif=nein&zielgruppe=privatkunden&ratenzahlung=36&vertragsart=ratenzahlung&tarif=o2-mobile-on-demand-m-plus;samsung-galaxy-s26-fe-128gb-pistachio;Schätzung;Tarifgrundpreis Monat 25–36
Bündel;Galaxy S26 FE;128;o2;netzbetreiber;O2 Mobile on Demand M mit 50 GB+ (24 Mon.);M;neu;1,00;19,99;22,50;;36;39,99;36;;;2026-10-06;https://www.o2online.de/e-shop/samsung/samsung-galaxy-s26-fe-128gb-pistachio-details?ohne-tarif=nein&zielgruppe=privatkunden&ratenzahlung=36&vertragsart=ratenzahlung&tarif=o2-mobile-on-demand-m-plus;samsung-galaxy-s26-fe-128gb-pistachio;Schätzung;Tarifgrundpreis Monat 25–36
Bündel;Galaxy S26 FE;128;o2;netzbetreiber;O2 Mobile on Demand M Plus mit 50 GB+ (24 Mon.);M;neu;1,00;14,99;22,50;;36;39,99;36;;;2026-10-07;https://www.o2online.de/e-shop/samsung/samsung-galaxy-s26-fe-128gb-pistachio-details?ohne-tarif=nein&zielgruppe=privatkunden&ratenzahlung=36&vertragsart=ratenzahlung&tarif=o2-mobile-on-demand-m-plus;samsung-galaxy-s26-fe-128gb-pistachio;;Tarifgrundpreis Monat 25–36
Bündel;Galaxy S26 FE;128;o2;netzbetreiber;O2 Mobile S mit 15 GB+ (24 Mon.);XS;neu;1,00;14,99;22,50;;36;39,99;36;;;2026-10-06;https://www.o2online.de/e-shop/samsung/samsung-galaxy-s26-fe-128gb-pistachio-details?ohne-tarif=nein&zielgruppe=privatkunden&ratenzahlung=36&vertragsart=ratenzahlung&tarif=o2-mobile-on-demand-m-plus;samsung-galaxy-s26-fe-128gb-pistachio;Schätzung;Tarifgrundpreis Monat 25–36
Bündel;Galaxy S26 FE;128;o2;netzbetreiber;O2 Mobile Unlimited L mit 300 MBit/s (24 Mon.);XL;neu;1,00;39,99;22,50;;36;0,00;36;;;2026-10-06;https://www.o2online.de/e-shop/samsung/samsung-galaxy-s26-fe-128gb-pistachio-details?ohne-tarif=nein&zielgruppe=privatkunden&ratenzahlung=36&vertragsart=ratenzahlung&tarif=o2-mobile-on-demand-m-plus;samsung-galaxy-s26-fe-128gb-pistachio;Schätzung;Tarifgrundpreis Monat 25–36
Bündel;Galaxy S26 FE;128;o2;netzbetreiber;O2 Mobile Unlimited M mit 100 MBit/s (24 Mon.);XL;neu;1,00;29,99;22,50;;36;0,00;36;;;2026-10-06;https://www.o2online.de/e-shop/samsung/samsung-galaxy-s26-fe-128gb-pistachio-details?ohne-tarif=nein&zielgruppe=privatkunden&ratenzahlung=36&vertragsart=ratenzahlung&tarif=o2-mobile-on-demand-m-plus;samsung-galaxy-s26-fe-128gb-pistachio;Schätzung;Tarifgrundpreis Monat 25–36
Bündel;Galaxy S26 FE;128;o2;netzbetreiber;O2 Mobile Unlimited M Plus mit 100 MBit/s (24 Mon.);XL;neu;1,00;19,99;22,50;;36;0,00;36;;;2026-10-06;https://www.o2online.de/e-shop/samsung/samsung-galaxy-s26-fe-128gb-pistachio-details?ohne-tarif=nein&zielgruppe=privatkunden&ratenzahlung=36&vertragsart=ratenzahlung&tarif=o2-mobile-on-demand-m-plus;samsung-galaxy-s26-fe-128gb-pistachio;Schätzung;Tarifgrundpreis Monat 25–36
Bündel;Galaxy S26 FE;128;o2;netzbetreiber;O2 Mobile Unlimited S Special mit 15 MBit/s (24 Mon.);XL;neu;1,00;24,99;22,50;;36;39,99;36;;;2026-10-06;https://www.o2online.de/e-shop/samsung/samsung-galaxy-s26-fe-128gb-pistachio-details?ohne-tarif=nein&zielgruppe=privatkunden&ratenzahlung=36&vertragsart=ratenzahlung&tarif=o2-mobile-on-demand-m-plus;samsung-galaxy-s26-fe-128gb-pistachio;Schätzung;Tarifgrundpreis Monat 25–36
Bündel;Galaxy S26 FE;128;o2;netzbetreiber;O2 Mobile Unlimited S Special Plus mit 15 MBit/s (24 Mon.);XL;neu;1,00;19,99;22,50;;36;39,99;36;;;2026-10-06;https://www.o2online.de/e-shop/samsung/samsung-galaxy-s26-fe-128gb-pistachio-details?ohne-tarif=nein&zielgruppe=privatkunden&ratenzahlung=36&vertragsart=ratenzahlung&tarif=o2-mobile-on-demand-m-plus;samsung-galaxy-s26-fe-128gb-pistachio;Schätzung;Tarifgrundpreis Monat 25–36
Bündel;Galaxy S26 FE;256;o2;netzbetreiber;O2 Mobile L mit 150 GB+ (24 Mon.);L;neu;1,00;24,99;25,50;;36;0,00;36;;;2026-10-06;https://www.o2online.de/e-shop/samsung/samsung-galaxy-s26-fe-128gb-pistachio-details?ohne-tarif=nein&zielgruppe=privatkunden&ratenzahlung=36&vertragsart=ratenzahlung&tarif=o2-mobile-on-demand-m-plus;samsung-galaxy-s26-fe-256gb-pistachio;Schätzung;Tarifgrundpreis Monat 25–36
Bündel;Galaxy S26 FE;256;o2;netzbetreiber;O2 Mobile L Plus mit 150 GB+ (24 Mon.);L;neu;1,00;19,99;25,50;;36;0,00;36;;;2026-10-06;https://www.o2online.de/e-shop/samsung/samsung-galaxy-s26-fe-128gb-pistachio-details?ohne-tarif=nein&zielgruppe=privatkunden&ratenzahlung=36&vertragsart=ratenzahlung&tarif=o2-mobile-on-demand-m-plus;samsung-galaxy-s26-fe-256gb-pistachio;Schätzung;Tarifgrundpreis Monat 25–36
Bündel;Galaxy S26 FE;256;o2;netzbetreiber;O2 Mobile on Demand M mit 50 GB+ (24 Mon.);M;neu;1,00;19,99;25,50;;36;39,99;36;;;2026-10-06;https://www.o2online.de/e-shop/samsung/samsung-galaxy-s26-fe-128gb-pistachio-details?ohne-tarif=nein&zielgruppe=privatkunden&ratenzahlung=36&vertragsart=ratenzahlung&tarif=o2-mobile-on-demand-m-plus;samsung-galaxy-s26-fe-256gb-pistachio;Schätzung;Tarifgrundpreis Monat 25–36
Bündel;Galaxy S26 FE;256;o2;netzbetreiber;O2 Mobile on Demand M Plus mit 50 GB+ (24 Mon.);M;neu;1,00;14,99;25,50;;36;39,99;36;;;2026-10-06;https://www.o2online.de/e-shop/samsung/samsung-galaxy-s26-fe-128gb-pistachio-details?ohne-tarif=nein&zielgruppe=privatkunden&ratenzahlung=36&vertragsart=ratenzahlung&tarif=o2-mobile-on-demand-m-plus;samsung-galaxy-s26-fe-256gb-pistachio;;Tarifgrundpreis Monat 25–36
Bündel;Galaxy S26 FE;256;o2;netzbetreiber;O2 Mobile S mit 15 GB+ (24 Mon.);XS;neu;1,00;14,99;25,50;;36;39,99;36;;;2026-10-06;https://www.o2online.de/e-shop/samsung/samsung-galaxy-s26-fe-128gb-pistachio-details?ohne-tarif=nein&zielgruppe=privatkunden&ratenzahlung=36&vertragsart=ratenzahlung&tarif=o2-mobile-on-demand-m-plus;samsung-galaxy-s26-fe-256gb-pistachio;Schätzung;Tarifgrundpreis Monat 25–36
Bündel;Galaxy S26 FE;256;o2;netzbetreiber;O2 Mobile Unlimited L mit 300 MBit/s (24 Mon.);XL;neu;1,00;39,99;25,50;;36;0,00;36;;;2026-10-06;https://www.o2online.de/e-shop/samsung/samsung-galaxy-s26-fe-128gb-pistachio-details?ohne-tarif=nein&zielgruppe=privatkunden&ratenzahlung=36&vertragsart=ratenzahlung&tarif=o2-mobile-on-demand-m-plus;samsung-galaxy-s26-fe-256gb-pistachio;Schätzung;Tarifgrundpreis Monat 25–36
Bündel;Galaxy S26 FE;256;o2;netzbetreiber;O2 Mobile Unlimited M mit 100 MBit/s (24 Mon.);XL;neu;1,00;29,99;25,50;;36;0,00;36;;;2026-10-06;https://www.o2online.de/e-shop/samsung/samsung-galaxy-s26-fe-128gb-pistachio-details?ohne-tarif=nein&zielgruppe=privatkunden&ratenzahlung=36&vertragsart=ratenzahlung&tarif=o2-mobile-on-demand-m-plus;samsung-galaxy-s26-fe-256gb-pistachio;Schätzung;Tarifgrundpreis Monat 25–36
Bündel;Galaxy S26 FE;256;o2;netzbetreiber;O2 Mobile Unlimited M Plus mit 100 MBit/s (24 Mon.);XL;neu;1,00;19,99;25,50;;36;0,00;36;;;2026-10-06;https://www.o2online.de/e-shop/samsung/samsung-galaxy-s26-fe-128gb-pistachio-details?ohne-tarif=nein&zielgruppe=privatkunden&ratenzahlung=36&vertragsart=ratenzahlung&tarif=o2-mobile-on-demand-m-plus;samsung-galaxy-s26-fe-256gb-pistachio;Schätzung;Tarifgrundpreis Monat 25–36
Bündel;Galaxy S26 FE;256;o2;netzbetreiber;O2 Mobile Unlimited S Special mit 15 MBit/s (24 Mon.);XL;neu;1,00;24,99;25,50;;36;39,99;36;;;2026-10-06;https://www.o2online.de/e-shop/samsung/samsung-galaxy-s26-fe-128gb-pistachio-details?ohne-tarif=nein&zielgruppe=privatkunden&ratenzahlung=36&vertragsart=ratenzahlung&tarif=o2-mobile-on-demand-m-plus;samsung-galaxy-s26-fe-256gb-pistachio;Schätzung;Tarifgrundpreis Monat 25–36
Bündel;Galaxy S26 FE;256;o2;netzbetreiber;O2 Mobile Unlimited S Special Plus mit 15 MBit/s (24 Mon.);XL;neu;1,00;19,99;25,50;;36;39,99;36;;;2026-10-06;https://www.o2online.de/e-shop/samsung/samsung-galaxy-s26-fe-128gb-pistachio-details?ohne-tarif=nein&zielgruppe=privatkunden&ratenzahlung=36&vertragsart=ratenzahlung&tarif=o2-mobile-on-demand-m-plus;samsung-galaxy-s26-fe-256gb-pistachio;Schätzung;Tarifgrundpreis Monat 25–36
Bündel;Galaxy S26 Plus;256;o2;netzbetreiber;O2 Mobile L mit 150 GB+ (24 Mon.);L;neu;1,00;24,99;34,50;;36;0,00;36;;;2026-10-07;https://www.o2online.de/e-shop/samsung/samsung-galaxy-s26-plus-256gb-cobalt-violet-details?ohne-tarif=nein&zielgruppe=privatkunden&ratenzahlung=36&vertragsart=ratenzahlung&tarif=o2-mobile-unlimited-m-plus;samsung-galaxy-s26-plus-256gb-cobalt-violet;Schätzung;Tarifgrundpreis Monat 25–36
Bündel;Galaxy S26 Plus;256;o2;netzbetreiber;O2 Mobile L Plus mit 150 GB+ (24 Mon.);L;neu;1,00;19,99;34,50;;36;0,00;36;;;2026-10-07;https://www.o2online.de/e-shop/samsung/samsung-galaxy-s26-plus-256gb-cobalt-violet-details?ohne-tarif=nein&zielgruppe=privatkunden&ratenzahlung=36&vertragsart=ratenzahlung&tarif=o2-mobile-unlimited-m-plus;samsung-galaxy-s26-plus-256gb-cobalt-violet;Schätzung;Tarifgrundpreis Monat 25–36
Bündel;Galaxy S26 Plus;256;o2;netzbetreiber;O2 Mobile on Demand M mit 50 GB+ (24 Mon.);M;neu;1,00;19,99;34,50;;36;39,99;36;;;2026-10-07;https://www.o2online.de/e-shop/samsung/samsung-galaxy-s26-plus-256gb-cobalt-violet-details?ohne-tarif=nein&zielgruppe=privatkunden&ratenzahlung=36&vertragsart=ratenzahlung&tarif=o2-mobile-unlimited-m-plus;samsung-galaxy-s26-plus-256gb-cobalt-violet;Schätzung;Tarifgrundpreis Monat 25–36
Bündel;Galaxy S26 Plus;256;o2;netzbetreiber;O2 Mobile on Demand M Plus mit 50 GB+ (24 Mon.);M;neu;1,00;14,99;34,50;;36;39,99;36;;;2026-10-07;https://www.o2online.de/e-shop/samsung/samsung-galaxy-s26-plus-256gb-cobalt-violet-details?ohne-tarif=nein&zielgruppe=privatkunden&ratenzahlung=36&vertragsart=ratenzahlung&tarif=o2-mobile-unlimited-m-plus;samsung-galaxy-s26-plus-256gb-cobalt-violet;Schätzung;Tarifgrundpreis Monat 25–36
Bündel;Galaxy S26 Plus;256;o2;netzbetreiber;O2 Mobile S mit 15 GB+ (24 Mon.);XS;neu;1,00;14,99;34,50;;36;39,99;36;;;2026-10-07;https://www.o2online.de/e-shop/samsung/samsung-galaxy-s26-plus-256gb-cobalt-violet-details?ohne-tarif=nein&zielgruppe=privatkunden&ratenzahlung=36&vertragsart=ratenzahlung&tarif=o2-mobile-unlimited-m-plus;samsung-galaxy-s26-plus-256gb-cobalt-violet;Schätzung;Tarifgrundpreis Monat 25–36
Bündel;Galaxy S26 Plus;256;o2;netzbetreiber;O2 Mobile Unlimited L mit 300 MBit/s (24 Mon.);XL;neu;1,00;39,99;34,50;;36;0,00;36;;;2026-10-07;https://www.o2online.de/e-shop/samsung/samsung-galaxy-s26-plus-256gb-cobalt-violet-details?ohne-tarif=nein&zielgruppe=privatkunden&ratenzahlung=36&vertragsart=ratenzahlung&tarif=o2-mobile-unlimited-m-plus;samsung-galaxy-s26-plus-256gb-cobalt-violet;Schätzung;Tarifgrundpreis Monat 25–36
Bündel;Galaxy S26 Plus;256;o2;netzbetreiber;O2 Mobile Unlimited M mit 100 MBit/s (24 Mon.);XL;neu;1,00;29,99;34,50;;36;0,00;36;;;2026-10-07;https://www.o2online.de/e-shop/samsung/samsung-galaxy-s26-plus-256gb-cobalt-violet-details?ohne-tarif=nein&zielgruppe=privatkunden&ratenzahlung=36&vertragsart=ratenzahlung&tarif=o2-mobile-unlimited-m-plus;samsung-galaxy-s26-plus-256gb-cobalt-violet;Schätzung;Tarifgrundpreis Monat 25–36
Bündel;Galaxy S26 Plus;256;o2;netzbetreiber;O2 Mobile Unlimited M Plus mit 100 MBit/s (24 Mon.);XL;neu;1,00;19,99;34,50;;36;0,00;36;;;2026-10-07;https://www.o2online.de/e-shop/samsung/samsung-galaxy-s26-plus-256gb-cobalt-violet-details?ohne-tarif=nein&zielgruppe=privatkunden&ratenzahlung=36&vertragsart=ratenzahlung&tarif=o2-mobile-unlimited-m-plus;samsung-galaxy-s26-plus-256gb-cobalt-violet;Quarantäne;Tarifgrundpreis Monat 25–36
Bündel;Galaxy S26 Plus;256;o2;netzbetreiber;O2 Mobile Unlimited S Special mit 15 MBit/s (24 Mon.);XL;neu;1,00;24,99;34,50;;36;39,99;36;;;2026-10-07;https://www.o2online.de/e-shop/samsung/samsung-galaxy-s26-plus-256gb-cobalt-violet-details?ohne-tarif=nein&zielgruppe=privatkunden&ratenzahlung=36&vertragsart=ratenzahlung&tarif=o2-mobile-unlimited-m-plus;samsung-galaxy-s26-plus-256gb-cobalt-violet;Schätzung;Tarifgrundpreis Monat 25–36
Bündel;Galaxy S26 Plus;256;o2;netzbetreiber;O2 Mobile Unlimited S Special Plus mit 15 MBit/s (24 Mon.);XL;neu;1,00;19,99;34,50;;36;39,99;36;;;2026-10-07;https://www.o2online.de/e-shop/samsung/samsung-galaxy-s26-plus-256gb-cobalt-violet-details?ohne-tarif=nein&zielgruppe=privatkunden&ratenzahlung=36&vertragsart=ratenzahlung&tarif=o2-mobile-unlimited-m-plus;samsung-galaxy-s26-plus-256gb-cobalt-violet;Schätzung;Tarifgrundpreis Monat 25–36
Bündel;Galaxy S26 Plus;512;o2;netzbetreiber;O2 Mobile L mit 150 GB+ (24 Mon.);L;neu;1,00;24,99;40,00;;36;0,00;36;;;2026-10-07;https://www.o2online.de/e-shop/samsung/samsung-galaxy-s26-plus-256gb-cobalt-violet-details?ohne-tarif=nein&zielgruppe=privatkunden&ratenzahlung=36&vertragsart=ratenzahlung&tarif=o2-mobile-unlimited-m-plus;samsung-galaxy-s26-plus-512gb-cobalt-violet;Schätzung;Tarifgrundpreis Monat 25–36
Bündel;Galaxy S26 Plus;512;o2;netzbetreiber;O2 Mobile L Plus mit 150 GB+ (24 Mon.);L;neu;1,00;19,99;40,00;;36;0,00;36;;;2026-10-07;https://www.o2online.de/e-shop/samsung/samsung-galaxy-s26-plus-256gb-cobalt-violet-details?ohne-tarif=nein&zielgruppe=privatkunden&ratenzahlung=36&vertragsart=ratenzahlung&tarif=o2-mobile-unlimited-m-plus;samsung-galaxy-s26-plus-512gb-cobalt-violet;Schätzung;Tarifgrundpreis Monat 25–36
Bündel;Galaxy S26 Plus;512;o2;netzbetreiber;O2 Mobile on Demand M mit 50 GB+ (24 Mon.);M;neu;1,00;19,99;40,00;;36;39,99;36;;;2026-10-07;https://www.o2online.de/e-shop/samsung/samsung-galaxy-s26-plus-256gb-cobalt-violet-details?ohne-tarif=nein&zielgruppe=privatkunden&ratenzahlung=36&vertragsart=ratenzahlung&tarif=o2-mobile-unlimited-m-plus;samsung-galaxy-s26-plus-512gb-cobalt-violet;Schätzung;Tarifgrundpreis Monat 25–36
Bündel;Galaxy S26 Plus;512;o2;netzbetreiber;O2 Mobile on Demand M Plus mit 50 GB+ (24 Mon.);M;neu;1,00;14,99;40,00;;36;39,99;36;;;2026-10-07;https://www.o2online.de/e-shop/samsung/samsung-galaxy-s26-plus-256gb-cobalt-violet-details?ohne-tarif=nein&zielgruppe=privatkunden&ratenzahlung=36&vertragsart=ratenzahlung&tarif=o2-mobile-unlimited-m-plus;samsung-galaxy-s26-plus-512gb-cobalt-violet;Schätzung;Tarifgrundpreis Monat 25–36
Bündel;Galaxy S26 Plus;512;o2;netzbetreiber;O2 Mobile S mit 15 GB+ (24 Mon.);XS;neu;1,00;14,99;40,00;;36;39,99;36;;;2026-10-07;https://www.o2online.de/e-shop/samsung/samsung-galaxy-s26-plus-256gb-cobalt-violet-details?ohne-tarif=nein&zielgruppe=privatkunden&ratenzahlung=36&vertragsart=ratenzahlung&tarif=o2-mobile-unlimited-m-plus;samsung-galaxy-s26-plus-512gb-cobalt-violet;Schätzung;Tarifgrundpreis Monat 25–36
Bündel;Galaxy S26 Plus;512;o2;netzbetreiber;O2 Mobile Unlimited L mit 300 MBit/s (24 Mon.);XL;neu;1,00;39,99;40,00;;36;0,00;36;;;2026-10-07;https://www.o2online.de/e-shop/samsung/samsung-galaxy-s26-plus-256gb-cobalt-violet-details?ohne-tarif=nein&zielgruppe=privatkunden&ratenzahlung=36&vertragsart=ratenzahlung&tarif=o2-mobile-unlimited-m-plus;samsung-galaxy-s26-plus-512gb-cobalt-violet;Schätzung;Tarifgrundpreis Monat 25–36
Bündel;Galaxy S26 Plus;512;o2;netzbetreiber;O2 Mobile Unlimited M mit 100 MBit/s (24 Mon.);XL;neu;1,00;29,99;40,00;;36;0,00;36;;;2026-10-07;https://www.o2online.de/e-shop/samsung/samsung-galaxy-s26-plus-256gb-cobalt-violet-details?ohne-tarif=nein&zielgruppe=privatkunden&ratenzahlung=36&vertragsart=ratenzahlung&tarif=o2-mobile-unlimited-m-plus;samsung-galaxy-s26-plus-512gb-cobalt-violet;Schätzung;Tarifgrundpreis Monat 25–36
Bündel;Galaxy S26 Plus;512;o2;netzbetreiber;O2 Mobile Unlimited M Plus mit 100 MBit/s (24 Mon.);XL;neu;1,00;19,99;40,00;;36;0,00;36;;;2026-10-07;https://www.o2online.de/e-shop/samsung/samsung-galaxy-s26-plus-256gb-cobalt-violet-details?ohne-tarif=nein&zielgruppe=privatkunden&ratenzahlung=36&vertragsart=ratenzahlung&tarif=o2-mobile-unlimited-m-plus;samsung-galaxy-s26-plus-512gb-cobalt-violet;Quarantäne;Tarifgrundpreis Monat 25–36
Bündel;Galaxy S26 Plus;512;o2;netzbetreiber;O2 Mobile Unlimited S Special mit 15 MBit/s (24 Mon.);XL;neu;1,00;24,99;40,00;;36;39,99;36;;;2026-10-07;https://www.o2online.de/e-shop/samsung/samsung-galaxy-s26-plus-256gb-cobalt-violet-details?ohne-tarif=nein&zielgruppe=privatkunden&ratenzahlung=36&vertragsart=ratenzahlung&tarif=o2-mobile-unlimited-m-plus;samsung-galaxy-s26-plus-512gb-cobalt-violet;Schätzung;Tarifgrundpreis Monat 25–36
Bündel;Galaxy S26 Plus;512;o2;netzbetreiber;O2 Mobile Unlimited S Special Plus mit 15 MBit/s (24 Mon.);XL;neu;1,00;19,99;40,00;;36;39,99;36;;;2026-10-07;https://www.o2online.de/e-shop/samsung/samsung-galaxy-s26-plus-256gb-cobalt-violet-details?ohne-tarif=nein&zielgruppe=privatkunden&ratenzahlung=36&vertragsart=ratenzahlung&tarif=o2-mobile-unlimited-m-plus;samsung-galaxy-s26-plus-512gb-cobalt-violet;Schätzung;Tarifgrundpreis Monat 25–36
Bündel;Galaxy S26 Ultra;256;o2;netzbetreiber;O2 Mobile L mit 150 GB+ (24 Mon.);L;neu;1,00;24,99;36,50;;36;0,00;36;;;2026-10-06;https://www.o2online.de/e-shop/samsung/samsung-galaxy-s26-ultra-256gb-cobalt-violet-details?ohne-tarif=nein&zielgruppe=privatkunden&ratenzahlung=36&vertragsart=ratenzahlung&tarif=o2-mobile-unlimited-m-plus;samsung-galaxy-s26-ultra-256gb-cobalt-violet;Schätzung;Tarifgrundpreis Monat 25–36
Bündel;Galaxy S26 Ultra;256;o2;netzbetreiber;O2 Mobile L Plus mit 150 GB+ (24 Mon.);L;neu;1,00;18,49;36,50;;36;0,00;36;;;2026-10-06;https://www.o2online.de/e-shop/samsung/samsung-galaxy-s26-ultra-256gb-cobalt-violet-details?ohne-tarif=nein&zielgruppe=privatkunden&ratenzahlung=36&vertragsart=ratenzahlung&tarif=o2-mobile-unlimited-m-plus;samsung-galaxy-s26-ultra-256gb-cobalt-violet;Schätzung;Tarifgrundpreis Monat 25–36
Bündel;Galaxy S26 Ultra;256;o2;netzbetreiber;O2 Mobile on Demand M mit 50 GB+ (24 Mon.);M;neu;1,00;19,99;36,50;;36;39,99;36;;;2026-10-06;https://www.o2online.de/e-shop/samsung/samsung-galaxy-s26-ultra-256gb-cobalt-violet-details?ohne-tarif=nein&zielgruppe=privatkunden&ratenzahlung=36&vertragsart=ratenzahlung&tarif=o2-mobile-unlimited-m-plus;samsung-galaxy-s26-ultra-256gb-cobalt-violet;Schätzung;Tarifgrundpreis Monat 25–36
Bündel;Galaxy S26 Ultra;256;o2;netzbetreiber;O2 Mobile on Demand M Plus mit 50 GB+ (24 Mon.);M;neu;1,00;13,49;36,50;;36;39,99;36;;;2026-10-06;https://www.o2online.de/e-shop/samsung/samsung-galaxy-s26-ultra-256gb-cobalt-violet-details?ohne-tarif=nein&zielgruppe=privatkunden&ratenzahlung=36&vertragsart=ratenzahlung&tarif=o2-mobile-unlimited-m-plus;samsung-galaxy-s26-ultra-256gb-cobalt-violet;Schätzung;Tarifgrundpreis Monat 25–36
Bündel;Galaxy S26 Ultra;256;o2;netzbetreiber;O2 Mobile S mit 15 GB+ (24 Mon.);XS;neu;1,00;14,99;36,50;;36;39,99;36;;;2026-10-06;https://www.o2online.de/e-shop/samsung/samsung-galaxy-s26-ultra-256gb-cobalt-violet-details?ohne-tarif=nein&zielgruppe=privatkunden&ratenzahlung=36&vertragsart=ratenzahlung&tarif=o2-mobile-unlimited-m-plus;samsung-galaxy-s26-ultra-256gb-cobalt-violet;Schätzung;Tarifgrundpreis Monat 25–36
Bündel;Galaxy S26 Ultra;256;o2;netzbetreiber;O2 Mobile Unlimited L mit 300 MBit/s (24 Mon.);XL;neu;1,00;39,99;36,50;;36;0,00;36;;;2026-10-06;https://www.o2online.de/e-shop/samsung/samsung-galaxy-s26-ultra-256gb-cobalt-violet-details?ohne-tarif=nein&zielgruppe=privatkunden&ratenzahlung=36&vertragsart=ratenzahlung&tarif=o2-mobile-unlimited-m-plus;samsung-galaxy-s26-ultra-256gb-cobalt-violet;Schätzung;Tarifgrundpreis Monat 25–36
Bündel;Galaxy S26 Ultra;256;o2;netzbetreiber;O2 Mobile Unlimited M mit 100 MBit/s (24 Mon.);XL;neu;1,00;29,99;36,50;;36;0,00;36;;;2026-10-06;https://www.o2online.de/e-shop/samsung/samsung-galaxy-s26-ultra-256gb-cobalt-violet-details?ohne-tarif=nein&zielgruppe=privatkunden&ratenzahlung=36&vertragsart=ratenzahlung&tarif=o2-mobile-unlimited-m-plus;samsung-galaxy-s26-ultra-256gb-cobalt-violet;Schätzung;Tarifgrundpreis Monat 25–36
Bündel;Galaxy S26 Ultra;256;o2;netzbetreiber;O2 Mobile Unlimited M Plus mit 100 MBit/s (24 Mon.);XL;neu;1,00;18,49;36,50;;36;0,00;36;;;2026-10-07;https://www.o2online.de/e-shop/samsung/samsung-galaxy-s26-ultra-256gb-cobalt-violet-details?ohne-tarif=nein&zielgruppe=privatkunden&ratenzahlung=36&vertragsart=ratenzahlung&tarif=o2-mobile-unlimited-m-plus;samsung-galaxy-s26-ultra-256gb-cobalt-violet;Quarantäne;Tarifgrundpreis Monat 25–36
Bündel;Galaxy S26 Ultra;256;o2;netzbetreiber;O2 Mobile Unlimited S Special mit 15 MBit/s (24 Mon.);XL;neu;1,00;24,99;36,50;;36;39,99;36;;;2026-10-06;https://www.o2online.de/e-shop/samsung/samsung-galaxy-s26-ultra-256gb-cobalt-violet-details?ohne-tarif=nein&zielgruppe=privatkunden&ratenzahlung=36&vertragsart=ratenzahlung&tarif=o2-mobile-unlimited-m-plus;samsung-galaxy-s26-ultra-256gb-cobalt-violet;Schätzung;Tarifgrundpreis Monat 25–36
Bündel;Galaxy S26 Ultra;256;o2;netzbetreiber;O2 Mobile Unlimited S Special Plus mit 15 MBit/s (24 Mon.);XL;neu;1,00;18,49;36,50;;36;39,99;36;;;2026-10-06;https://www.o2online.de/e-shop/samsung/samsung-galaxy-s26-ultra-256gb-cobalt-violet-details?ohne-tarif=nein&zielgruppe=privatkunden&ratenzahlung=36&vertragsart=ratenzahlung&tarif=o2-mobile-unlimited-m-plus;samsung-galaxy-s26-ultra-256gb-cobalt-violet;Schätzung;Tarifgrundpreis Monat 25–36
Bündel;Galaxy S26 Ultra;512;o2;netzbetreiber;O2 Mobile L mit 150 GB+ (24 Mon.);L;neu;1,00;24,99;42,50;;36;0,00;36;;;2026-10-06;https://www.o2online.de/e-shop/samsung/samsung-galaxy-s26-ultra-256gb-cobalt-violet-details?ohne-tarif=nein&zielgruppe=privatkunden&ratenzahlung=36&vertragsart=ratenzahlung&tarif=o2-mobile-unlimited-m-plus;samsung-galaxy-s26-ultra-512gb-cobalt-violet;Schätzung;Tarifgrundpreis Monat 25–36
Bündel;Galaxy S26 Ultra;512;o2;netzbetreiber;O2 Mobile L Plus mit 150 GB+ (24 Mon.);L;neu;1,00;18,49;42,50;;36;0,00;36;;;2026-10-06;https://www.o2online.de/e-shop/samsung/samsung-galaxy-s26-ultra-256gb-cobalt-violet-details?ohne-tarif=nein&zielgruppe=privatkunden&ratenzahlung=36&vertragsart=ratenzahlung&tarif=o2-mobile-unlimited-m-plus;samsung-galaxy-s26-ultra-512gb-cobalt-violet;Schätzung;Tarifgrundpreis Monat 25–36
Bündel;Galaxy S26 Ultra;512;o2;netzbetreiber;O2 Mobile on Demand M mit 50 GB+ (24 Mon.);M;neu;1,00;19,99;42,50;;36;39,99;36;;;2026-10-06;https://www.o2online.de/e-shop/samsung/samsung-galaxy-s26-ultra-256gb-cobalt-violet-details?ohne-tarif=nein&zielgruppe=privatkunden&ratenzahlung=36&vertragsart=ratenzahlung&tarif=o2-mobile-unlimited-m-plus;samsung-galaxy-s26-ultra-512gb-cobalt-violet;Schätzung;Tarifgrundpreis Monat 25–36
Bündel;Galaxy S26 Ultra;512;o2;netzbetreiber;O2 Mobile on Demand M Plus mit 50 GB+ (24 Mon.);M;neu;1,00;13,49;42,50;;36;39,99;36;;;2026-10-06;https://www.o2online.de/e-shop/samsung/samsung-galaxy-s26-ultra-256gb-cobalt-violet-details?ohne-tarif=nein&zielgruppe=privatkunden&ratenzahlung=36&vertragsart=ratenzahlung&tarif=o2-mobile-unlimited-m-plus;samsung-galaxy-s26-ultra-512gb-cobalt-violet;Schätzung;Tarifgrundpreis Monat 25–36
Bündel;Galaxy S26 Ultra;512;o2;netzbetreiber;O2 Mobile S mit 15 GB+ (24 Mon.);XS;neu;1,00;14,99;42,50;;36;39,99;36;;;2026-10-06;https://www.o2online.de/e-shop/samsung/samsung-galaxy-s26-ultra-256gb-cobalt-violet-details?ohne-tarif=nein&zielgruppe=privatkunden&ratenzahlung=36&vertragsart=ratenzahlung&tarif=o2-mobile-unlimited-m-plus;samsung-galaxy-s26-ultra-512gb-cobalt-violet;Schätzung;Tarifgrundpreis Monat 25–36
Bündel;Galaxy S26 Ultra;512;o2;netzbetreiber;O2 Mobile Unlimited L mit 300 MBit/s (24 Mon.);XL;neu;1,00;39,99;42,50;;36;0,00;36;;;2026-10-06;https://www.o2online.de/e-shop/samsung/samsung-galaxy-s26-ultra-256gb-cobalt-violet-details?ohne-tarif=nein&zielgruppe=privatkunden&ratenzahlung=36&vertragsart=ratenzahlung&tarif=o2-mobile-unlimited-m-plus;samsung-galaxy-s26-ultra-512gb-cobalt-violet;Schätzung;Tarifgrundpreis Monat 25–36
Bündel;Galaxy S26 Ultra;512;o2;netzbetreiber;O2 Mobile Unlimited M mit 100 MBit/s (24 Mon.);XL;neu;1,00;29,99;42,50;;36;0,00;36;;;2026-10-06;https://www.o2online.de/e-shop/samsung/samsung-galaxy-s26-ultra-256gb-cobalt-violet-details?ohne-tarif=nein&zielgruppe=privatkunden&ratenzahlung=36&vertragsart=ratenzahlung&tarif=o2-mobile-unlimited-m-plus;samsung-galaxy-s26-ultra-512gb-cobalt-violet;Schätzung;Tarifgrundpreis Monat 25–36
Bündel;Galaxy S26 Ultra;512;o2;netzbetreiber;O2 Mobile Unlimited M Plus mit 100 MBit/s (24 Mon.);XL;neu;1,00;18,49;42,50;;36;0,00;36;;;2026-10-06;https://www.o2online.de/e-shop/samsung/samsung-galaxy-s26-ultra-256gb-cobalt-violet-details?ohne-tarif=nein&zielgruppe=privatkunden&ratenzahlung=36&vertragsart=ratenzahlung&tarif=o2-mobile-unlimited-m-plus;samsung-galaxy-s26-ultra-512gb-cobalt-violet;Quarantäne;Tarifgrundpreis Monat 25–36
Bündel;Galaxy S26 Ultra;512;o2;netzbetreiber;O2 Mobile Unlimited S Special mit 15 MBit/s (24 Mon.);XL;neu;1,00;24,99;42,50;;36;39,99;36;;;2026-10-06;https://www.o2online.de/e-shop/samsung/samsung-galaxy-s26-ultra-256gb-cobalt-violet-details?ohne-tarif=nein&zielgruppe=privatkunden&ratenzahlung=36&vertragsart=ratenzahlung&tarif=o2-mobile-unlimited-m-plus;samsung-galaxy-s26-ultra-512gb-cobalt-violet;Schätzung;Tarifgrundpreis Monat 25–36
Bündel;Galaxy S26 Ultra;512;o2;netzbetreiber;O2 Mobile Unlimited S Special Plus mit 15 MBit/s (24 Mon.);XL;neu;1,00;18,49;42,50;;36;39,99;36;;;2026-10-06;https://www.o2online.de/e-shop/samsung/samsung-galaxy-s26-ultra-256gb-cobalt-violet-details?ohne-tarif=nein&zielgruppe=privatkunden&ratenzahlung=36&vertragsart=ratenzahlung&tarif=o2-mobile-unlimited-m-plus;samsung-galaxy-s26-ultra-512gb-cobalt-violet;Schätzung;Tarifgrundpreis Monat 25–36
Bündel;Galaxy Xcover 7 EE;;o2;netzbetreiber;O2 Mobile L mit 150 GB+ (24 Mon.);L;neu;1,00;24,99;9,00;;36;0,00;36;;;2026-10-06;https://www.o2online.de/e-shop/samsung/samsung-galaxy-xcover-7-ee-schwarz-details?ohne-tarif=nein&zielgruppe=privatkunden&ratenzahlung=36&vertragsart=ratenzahlung&tarif=o2-mobile-on-demand-m;samsung-galaxy-xcover-7-ee-ohne-speicher-ohne-farbe;Schätzung;Tarifgrundpreis Monat 25–36
Bündel;Galaxy Xcover 7 EE;;o2;netzbetreiber;O2 Mobile on Demand M mit 50 GB+ (24 Mon.);M;neu;1,00;19,99;9,00;;36;39,99;36;;;2026-10-07;https://www.o2online.de/e-shop/samsung/samsung-galaxy-xcover-7-ee-schwarz-details?ohne-tarif=nein&zielgruppe=privatkunden&ratenzahlung=36&vertragsart=ratenzahlung&tarif=o2-mobile-on-demand-m;samsung-galaxy-xcover-7-ee-ohne-speicher-ohne-farbe;;Tarifgrundpreis Monat 25–36
Bündel;Galaxy Xcover 7 EE;;o2;netzbetreiber;O2 Mobile S mit 15 GB+ (24 Mon.);XS;neu;1,00;14,99;9,00;;36;39,99;36;;;2026-10-06;https://www.o2online.de/e-shop/samsung/samsung-galaxy-xcover-7-ee-schwarz-details?ohne-tarif=nein&zielgruppe=privatkunden&ratenzahlung=36&vertragsart=ratenzahlung&tarif=o2-mobile-on-demand-m;samsung-galaxy-xcover-7-ee-ohne-speicher-ohne-farbe;Schätzung;Tarifgrundpreis Monat 25–36
Bündel;Galaxy Xcover 7 EE;;o2;netzbetreiber;O2 Mobile Unlimited L mit 300 MBit/s (24 Mon.);XL;neu;1,00;39,99;9,00;;36;0,00;36;;;2026-10-06;https://www.o2online.de/e-shop/samsung/samsung-galaxy-xcover-7-ee-schwarz-details?ohne-tarif=nein&zielgruppe=privatkunden&ratenzahlung=36&vertragsart=ratenzahlung&tarif=o2-mobile-on-demand-m;samsung-galaxy-xcover-7-ee-ohne-speicher-ohne-farbe;Schätzung;Tarifgrundpreis Monat 25–36
Bündel;Galaxy Xcover 7 EE;;o2;netzbetreiber;O2 Mobile Unlimited M mit 100 MBit/s (24 Mon.);XL;neu;1,00;29,99;9,00;;36;0,00;36;;;2026-10-06;https://www.o2online.de/e-shop/samsung/samsung-galaxy-xcover-7-ee-schwarz-details?ohne-tarif=nein&zielgruppe=privatkunden&ratenzahlung=36&vertragsart=ratenzahlung&tarif=o2-mobile-on-demand-m;samsung-galaxy-xcover-7-ee-ohne-speicher-ohne-farbe;Schätzung;Tarifgrundpreis Monat 25–36
Bündel;Galaxy Xcover 7 EE;;o2;netzbetreiber;O2 Mobile Unlimited S Special mit 15 MBit/s (24 Mon.);XL;neu;1,00;24,99;9,00;;36;39,99;36;;;2026-10-06;https://www.o2online.de/e-shop/samsung/samsung-galaxy-xcover-7-ee-schwarz-details?ohne-tarif=nein&zielgruppe=privatkunden&ratenzahlung=36&vertragsart=ratenzahlung&tarif=o2-mobile-on-demand-m;samsung-galaxy-xcover-7-ee-ohne-speicher-ohne-farbe;Schätzung;Tarifgrundpreis Monat 25–36
Bündel;Galaxy XCover7 Pro EE;128;o2;netzbetreiber;O2 Mobile L mit 150 GB+ (24 Mon.);L;neu;1,00;24,99;15,00;;36;0,00;36;;;2026-10-07;https://www.o2online.de/e-shop/samsung/samsung-galaxy-xcover-7-pro-5g-ee-128gb-schwarz-details?ohne-tarif=nein&zielgruppe=privatkunden&ratenzahlung=36&vertragsart=ratenzahlung&tarif=o2-mobile-on-demand-m-plus;samsung-galaxy-xcover7-pro-ee-128gb-schwarz;Schätzung;Tarifgrundpreis Monat 25–36
Bündel;Galaxy XCover7 Pro EE;128;o2;netzbetreiber;O2 Mobile L Plus mit 150 GB+ (24 Mon.);L;neu;1,00;19,99;15,00;;36;0,00;36;;;2026-10-07;https://www.o2online.de/e-shop/samsung/samsung-galaxy-xcover-7-pro-5g-ee-128gb-schwarz-details?ohne-tarif=nein&zielgruppe=privatkunden&ratenzahlung=36&vertragsart=ratenzahlung&tarif=o2-mobile-on-demand-m-plus;samsung-galaxy-xcover7-pro-ee-128gb-schwarz;Schätzung;Tarifgrundpreis Monat 25–36
Bündel;Galaxy XCover7 Pro EE;128;o2;netzbetreiber;O2 Mobile on Demand M mit 50 GB+ (24 Mon.);M;neu;1,00;19,99;15,00;;36;39,99;36;;;2026-10-07;https://www.o2online.de/e-shop/samsung/samsung-galaxy-xcover-7-pro-5g-ee-128gb-schwarz-details?ohne-tarif=nein&zielgruppe=privatkunden&ratenzahlung=36&vertragsart=ratenzahlung&tarif=o2-mobile-on-demand-m-plus;samsung-galaxy-xcover7-pro-ee-128gb-schwarz;Schätzung;Tarifgrundpreis Monat 25–36
Bündel;Galaxy XCover7 Pro EE;128;o2;netzbetreiber;O2 Mobile on Demand M Plus mit 50 GB+ (24 Mon.);M;neu;1,00;14,99;15,00;;36;39,99;36;;;2026-10-07;https://www.o2online.de/e-shop/samsung/samsung-galaxy-xcover-7-pro-5g-ee-128gb-schwarz-details?ohne-tarif=nein&zielgruppe=privatkunden&ratenzahlung=36&vertragsart=ratenzahlung&tarif=o2-mobile-on-demand-m-plus;samsung-galaxy-xcover7-pro-ee-128gb-schwarz;;Tarifgrundpreis Monat 25–36
Bündel;Galaxy XCover7 Pro EE;128;o2;netzbetreiber;O2 Mobile S mit 15 GB+ (24 Mon.);XS;neu;1,00;14,99;15,00;;36;39,99;36;;;2026-10-07;https://www.o2online.de/e-shop/samsung/samsung-galaxy-xcover-7-pro-5g-ee-128gb-schwarz-details?ohne-tarif=nein&zielgruppe=privatkunden&ratenzahlung=36&vertragsart=ratenzahlung&tarif=o2-mobile-on-demand-m-plus;samsung-galaxy-xcover7-pro-ee-128gb-schwarz;Schätzung;Tarifgrundpreis Monat 25–36
Bündel;Galaxy XCover7 Pro EE;128;o2;netzbetreiber;O2 Mobile Unlimited L mit 300 MBit/s (24 Mon.);XL;neu;1,00;39,99;15,00;;36;0,00;36;;;2026-10-07;https://www.o2online.de/e-shop/samsung/samsung-galaxy-xcover-7-pro-5g-ee-128gb-schwarz-details?ohne-tarif=nein&zielgruppe=privatkunden&ratenzahlung=36&vertragsart=ratenzahlung&tarif=o2-mobile-on-demand-m-plus;samsung-galaxy-xcover7-pro-ee-128gb-schwarz;Schätzung;Tarifgrundpreis Monat 25–36
Bündel;Galaxy XCover7 Pro EE;128;o2;netzbetreiber;O2 Mobile Unlimited M mit 100 MBit/s (24 Mon.);XL;neu;1,00;29,99;15,00;;36;0,00;36;;;2026-10-07;https://www.o2online.de/e-shop/samsung/samsung-galaxy-xcover-7-pro-5g-ee-128gb-schwarz-details?ohne-tarif=nein&zielgruppe=privatkunden&ratenzahlung=36&vertragsart=ratenzahlung&tarif=o2-mobile-on-demand-m-plus;samsung-galaxy-xcover7-pro-ee-128gb-schwarz;Schätzung;Tarifgrundpreis Monat 25–36
Bündel;Galaxy XCover7 Pro EE;128;o2;netzbetreiber;O2 Mobile Unlimited M Plus mit 100 MBit/s (24 Mon.);XL;neu;1,00;19,99;15,00;;36;0,00;36;;;2026-10-07;https://www.o2online.de/e-shop/samsung/samsung-galaxy-xcover-7-pro-5g-ee-128gb-schwarz-details?ohne-tarif=nein&zielgruppe=privatkunden&ratenzahlung=36&vertragsart=ratenzahlung&tarif=o2-mobile-on-demand-m-plus;samsung-galaxy-xcover7-pro-ee-128gb-schwarz;Schätzung;Tarifgrundpreis Monat 25–36
Bündel;Galaxy XCover7 Pro EE;128;o2;netzbetreiber;O2 Mobile Unlimited S Special mit 15 MBit/s (24 Mon.);XL;neu;1,00;24,99;15,00;;36;39,99;36;;;2026-10-07;https://www.o2online.de/e-shop/samsung/samsung-galaxy-xcover-7-pro-5g-ee-128gb-schwarz-details?ohne-tarif=nein&zielgruppe=privatkunden&ratenzahlung=36&vertragsart=ratenzahlung&tarif=o2-mobile-on-demand-m-plus;samsung-galaxy-xcover7-pro-ee-128gb-schwarz;Schätzung;Tarifgrundpreis Monat 25–36
Bündel;Galaxy XCover7 Pro EE;128;o2;netzbetreiber;O2 Mobile Unlimited S Special Plus mit 15 MBit/s (24 Mon.);XL;neu;1,00;19,99;15,00;;36;39,99;36;;;2026-10-07;https://www.o2online.de/e-shop/samsung/samsung-galaxy-xcover-7-pro-5g-ee-128gb-schwarz-details?ohne-tarif=nein&zielgruppe=privatkunden&ratenzahlung=36&vertragsart=ratenzahlung&tarif=o2-mobile-on-demand-m-plus;samsung-galaxy-xcover7-pro-ee-128gb-schwarz;Schätzung;Tarifgrundpreis Monat 25–36
Bündel;Galaxy Z Flip8;256;o2;netzbetreiber;O2 Mobile L mit 150 GB+ (24 Mon.);L;neu;1,00;24,99;36,00;;36;0,00;36;;;2026-10-06;https://www.o2online.de/e-shop/samsung/samsung-galaxy-z-flip8-256gb-pink-details?ohne-tarif=nein&zielgruppe=privatkunden&ratenzahlung=36&vertragsart=ratenzahlung&tarif=o2-mobile-on-demand-m-plus;samsung-galaxy-z-flip8-256gb-rosa;Schätzung;Tarifgrundpreis Monat 25–36
Bündel;Galaxy Z Flip8;256;o2;netzbetreiber;O2 Mobile L Plus mit 150 GB+ (24 Mon.);L;neu;1,00;15,99;36,00;;36;0,00;36;;;2026-10-06;https://www.o2online.de/e-shop/samsung/samsung-galaxy-z-flip8-256gb-pink-details?ohne-tarif=nein&zielgruppe=privatkunden&ratenzahlung=36&vertragsart=ratenzahlung&tarif=o2-mobile-on-demand-m-plus;samsung-galaxy-z-flip8-256gb-rosa;Schätzung;Tarifgrundpreis Monat 25–36
Bündel;Galaxy Z Flip8;256;o2;netzbetreiber;O2 Mobile on Demand M mit 50 GB+ (24 Mon.);M;neu;1,00;19,99;36,00;;36;39,99;36;;;2026-10-06;https://www.o2online.de/e-shop/samsung/samsung-galaxy-z-flip8-256gb-pink-details?ohne-tarif=nein&zielgruppe=privatkunden&ratenzahlung=36&vertragsart=ratenzahlung&tarif=o2-mobile-on-demand-m-plus;samsung-galaxy-z-flip8-256gb-rosa;Schätzung;Tarifgrundpreis Monat 25–36
Bündel;Galaxy Z Flip8;256;o2;netzbetreiber;O2 Mobile on Demand M Plus mit 50 GB+ (24 Mon.);M;neu;1,00;10,99;36,00;;36;39,99;36;;;2026-10-07;https://www.o2online.de/e-shop/samsung/samsung-galaxy-z-flip8-256gb-pink-details?ohne-tarif=nein&zielgruppe=privatkunden&ratenzahlung=36&vertragsart=ratenzahlung&tarif=o2-mobile-on-demand-m-plus;samsung-galaxy-z-flip8-256gb-rosa;Quarantäne;Tarifgrundpreis Monat 25–36
Bündel;Galaxy Z Flip8;256;o2;netzbetreiber;O2 Mobile S mit 15 GB+ (24 Mon.);XS;neu;1,00;14,99;36,00;;36;39,99;36;;;2026-10-06;https://www.o2online.de/e-shop/samsung/samsung-galaxy-z-flip8-256gb-pink-details?ohne-tarif=nein&zielgruppe=privatkunden&ratenzahlung=36&vertragsart=ratenzahlung&tarif=o2-mobile-on-demand-m-plus;samsung-galaxy-z-flip8-256gb-rosa;Schätzung;Tarifgrundpreis Monat 25–36
Bündel;Galaxy Z Flip8;256;o2;netzbetreiber;O2 Mobile Unlimited L mit 300 MBit/s (24 Mon.);XL;neu;1,00;39,99;36,00;;36;0,00;36;;;2026-10-06;https://www.o2online.de/e-shop/samsung/samsung-galaxy-z-flip8-256gb-pink-details?ohne-tarif=nein&zielgruppe=privatkunden&ratenzahlung=36&vertragsart=ratenzahlung&tarif=o2-mobile-on-demand-m-plus;samsung-galaxy-z-flip8-256gb-rosa;Schätzung;Tarifgrundpreis Monat 25–36
Bündel;Galaxy Z Flip8;256;o2;netzbetreiber;O2 Mobile Unlimited M mit 100 MBit/s (24 Mon.);XL;neu;1,00;29,99;36,00;;36;0,00;36;;;2026-10-06;https://www.o2online.de/e-shop/samsung/samsung-galaxy-z-flip8-256gb-pink-details?ohne-tarif=nein&zielgruppe=privatkunden&ratenzahlung=36&vertragsart=ratenzahlung&tarif=o2-mobile-on-demand-m-plus;samsung-galaxy-z-flip8-256gb-rosa;Schätzung;Tarifgrundpreis Monat 25–36
Bündel;Galaxy Z Flip8;256;o2;netzbetreiber;O2 Mobile Unlimited M Plus mit 100 MBit/s (24 Mon.);XL;neu;1,00;15,99;36,00;;36;0,00;36;;;2026-10-06;https://www.o2online.de/e-shop/samsung/samsung-galaxy-z-flip8-256gb-pink-details?ohne-tarif=nein&zielgruppe=privatkunden&ratenzahlung=36&vertragsart=ratenzahlung&tarif=o2-mobile-on-demand-m-plus;samsung-galaxy-z-flip8-256gb-rosa;Schätzung;Tarifgrundpreis Monat 25–36
Bündel;Galaxy Z Flip8;256;o2;netzbetreiber;O2 Mobile Unlimited S Special mit 15 MBit/s (24 Mon.);XL;neu;1,00;24,99;36,00;;36;39,99;36;;;2026-10-06;https://www.o2online.de/e-shop/samsung/samsung-galaxy-z-flip8-256gb-pink-details?ohne-tarif=nein&zielgruppe=privatkunden&ratenzahlung=36&vertragsart=ratenzahlung&tarif=o2-mobile-on-demand-m-plus;samsung-galaxy-z-flip8-256gb-rosa;Schätzung;Tarifgrundpreis Monat 25–36
Bündel;Galaxy Z Flip8;256;o2;netzbetreiber;O2 Mobile Unlimited S Special Plus mit 15 MBit/s (24 Mon.);XL;neu;1,00;15,99;36,00;;36;39,99;36;;;2026-10-06;https://www.o2online.de/e-shop/samsung/samsung-galaxy-z-flip8-256gb-pink-details?ohne-tarif=nein&zielgruppe=privatkunden&ratenzahlung=36&vertragsart=ratenzahlung&tarif=o2-mobile-on-demand-m-plus;samsung-galaxy-z-flip8-256gb-rosa;Schätzung;Tarifgrundpreis Monat 25–36
Bündel;Galaxy Z Flip8;512;o2;netzbetreiber;O2 Mobile L mit 150 GB+ (24 Mon.);L;neu;1,00;24,99;42,00;;36;0,00;36;;;2026-10-06;https://www.o2online.de/e-shop/samsung/samsung-galaxy-z-flip8-256gb-pink-details?ohne-tarif=nein&zielgruppe=privatkunden&ratenzahlung=36&vertragsart=ratenzahlung&tarif=o2-mobile-on-demand-m-plus;samsung-galaxy-z-flip8-512gb-rosa;Schätzung;Tarifgrundpreis Monat 25–36
Bündel;Galaxy Z Flip8;512;o2;netzbetreiber;O2 Mobile L Plus mit 150 GB+ (24 Mon.);L;neu;1,00;15,99;42,00;;36;0,00;36;;;2026-10-06;https://www.o2online.de/e-shop/samsung/samsung-galaxy-z-flip8-256gb-pink-details?ohne-tarif=nein&zielgruppe=privatkunden&ratenzahlung=36&vertragsart=ratenzahlung&tarif=o2-mobile-on-demand-m-plus;samsung-galaxy-z-flip8-512gb-rosa;Schätzung;Tarifgrundpreis Monat 25–36
Bündel;Galaxy Z Flip8;512;o2;netzbetreiber;O2 Mobile on Demand M mit 50 GB+ (24 Mon.);M;neu;1,00;19,99;42,00;;36;39,99;36;;;2026-10-06;https://www.o2online.de/e-shop/samsung/samsung-galaxy-z-flip8-256gb-pink-details?ohne-tarif=nein&zielgruppe=privatkunden&ratenzahlung=36&vertragsart=ratenzahlung&tarif=o2-mobile-on-demand-m-plus;samsung-galaxy-z-flip8-512gb-rosa;Schätzung;Tarifgrundpreis Monat 25–36
Bündel;Galaxy Z Flip8;512;o2;netzbetreiber;O2 Mobile on Demand M Plus mit 50 GB+ (24 Mon.);M;neu;1,00;10,99;42,00;;36;39,99;36;;;2026-10-06;https://www.o2online.de/e-shop/samsung/samsung-galaxy-z-flip8-256gb-pink-details?ohne-tarif=nein&zielgruppe=privatkunden&ratenzahlung=36&vertragsart=ratenzahlung&tarif=o2-mobile-on-demand-m-plus;samsung-galaxy-z-flip8-512gb-rosa;Quarantäne;Tarifgrundpreis Monat 25–36
Bündel;Galaxy Z Flip8;512;o2;netzbetreiber;O2 Mobile S mit 15 GB+ (24 Mon.);XS;neu;1,00;14,99;42,00;;36;39,99;36;;;2026-10-06;https://www.o2online.de/e-shop/samsung/samsung-galaxy-z-flip8-256gb-pink-details?ohne-tarif=nein&zielgruppe=privatkunden&ratenzahlung=36&vertragsart=ratenzahlung&tarif=o2-mobile-on-demand-m-plus;samsung-galaxy-z-flip8-512gb-rosa;Schätzung;Tarifgrundpreis Monat 25–36
Bündel;Galaxy Z Flip8;512;o2;netzbetreiber;O2 Mobile Unlimited L mit 300 MBit/s (24 Mon.);XL;neu;1,00;39,99;42,00;;36;0,00;36;;;2026-10-06;https://www.o2online.de/e-shop/samsung/samsung-galaxy-z-flip8-256gb-pink-details?ohne-tarif=nein&zielgruppe=privatkunden&ratenzahlung=36&vertragsart=ratenzahlung&tarif=o2-mobile-on-demand-m-plus;samsung-galaxy-z-flip8-512gb-rosa;Schätzung;Tarifgrundpreis Monat 25–36
Bündel;Galaxy Z Flip8;512;o2;netzbetreiber;O2 Mobile Unlimited M mit 100 MBit/s (24 Mon.);XL;neu;1,00;29,99;42,00;;36;0,00;36;;;2026-10-06;https://www.o2online.de/e-shop/samsung/samsung-galaxy-z-flip8-256gb-pink-details?ohne-tarif=nein&zielgruppe=privatkunden&ratenzahlung=36&vertragsart=ratenzahlung&tarif=o2-mobile-on-demand-m-plus;samsung-galaxy-z-flip8-512gb-rosa;Schätzung;Tarifgrundpreis Monat 25–36
Bündel;Galaxy Z Flip8;512;o2;netzbetreiber;O2 Mobile Unlimited M Plus mit 100 MBit/s (24 Mon.);XL;neu;1,00;15,99;42,00;;36;0,00;36;;;2026-10-06;https://www.o2online.de/e-shop/samsung/samsung-galaxy-z-flip8-256gb-pink-details?ohne-tarif=nein&zielgruppe=privatkunden&ratenzahlung=36&vertragsart=ratenzahlung&tarif=o2-mobile-on-demand-m-plus;samsung-galaxy-z-flip8-512gb-rosa;Schätzung;Tarifgrundpreis Monat 25–36
Bündel;Galaxy Z Flip8;512;o2;netzbetreiber;O2 Mobile Unlimited S Special mit 15 MBit/s (24 Mon.);XL;neu;1,00;24,99;42,00;;36;39,99;36;;;2026-10-06;https://www.o2online.de/e-shop/samsung/samsung-galaxy-z-flip8-256gb-pink-details?ohne-tarif=nein&zielgruppe=privatkunden&ratenzahlung=36&vertragsart=ratenzahlung&tarif=o2-mobile-on-demand-m-plus;samsung-galaxy-z-flip8-512gb-rosa;Schätzung;Tarifgrundpreis Monat 25–36
Bündel;Galaxy Z Flip8;512;o2;netzbetreiber;O2 Mobile Unlimited S Special Plus mit 15 MBit/s (24 Mon.);XL;neu;1,00;15,99;42,00;;36;39,99;36;;;2026-10-06;https://www.o2online.de/e-shop/samsung/samsung-galaxy-z-flip8-256gb-pink-details?ohne-tarif=nein&zielgruppe=privatkunden&ratenzahlung=36&vertragsart=ratenzahlung&tarif=o2-mobile-on-demand-m-plus;samsung-galaxy-z-flip8-512gb-rosa;Schätzung;Tarifgrundpreis Monat 25–36
Bündel;Galaxy Z Fold8;256;o2;netzbetreiber;O2 Mobile L mit 150 GB+ (24 Mon.);L;neu;1,00;24,99;56,00;;36;0,00;36;;;2026-10-06;https://www.o2online.de/e-shop/samsung/samsung-galaxy-z-fold8-256gb-lavender-details?ohne-tarif=nein&zielgruppe=privatkunden&ratenzahlung=36&vertragsart=ratenzahlung&tarif=o2-mobile-on-demand-m-plus;samsung-galaxy-z-fold8-256gb-violett;Schätzung;Tarifgrundpreis Monat 25–36
Bündel;Galaxy Z Fold8;256;o2;netzbetreiber;O2 Mobile L Plus mit 150 GB+ (24 Mon.);L;neu;1,00;19,99;56,00;;36;0,00;36;;;2026-10-06;https://www.o2online.de/e-shop/samsung/samsung-galaxy-z-fold8-256gb-lavender-details?ohne-tarif=nein&zielgruppe=privatkunden&ratenzahlung=36&vertragsart=ratenzahlung&tarif=o2-mobile-on-demand-m-plus;samsung-galaxy-z-fold8-256gb-violett;Schätzung;Tarifgrundpreis Monat 25–36
Bündel;Galaxy Z Fold8;256;o2;netzbetreiber;O2 Mobile on Demand M mit 50 GB+ (24 Mon.);M;neu;1,00;19,99;56,00;;36;39,99;36;;;2026-10-06;https://www.o2online.de/e-shop/samsung/samsung-galaxy-z-fold8-256gb-lavender-details?ohne-tarif=nein&zielgruppe=privatkunden&ratenzahlung=36&vertragsart=ratenzahlung&tarif=o2-mobile-on-demand-m-plus;samsung-galaxy-z-fold8-256gb-violett;Schätzung;Tarifgrundpreis Monat 25–36
Bündel;Galaxy Z Fold8;256;o2;netzbetreiber;O2 Mobile on Demand M Plus mit 50 GB+ (24 Mon.);M;neu;1,00;14,99;56,00;;36;39,99;36;;;2026-10-07;https://www.o2online.de/e-shop/samsung/samsung-galaxy-z-fold8-256gb-lavender-details?ohne-tarif=nein&zielgruppe=privatkunden&ratenzahlung=36&vertragsart=ratenzahlung&tarif=o2-mobile-on-demand-m-plus;samsung-galaxy-z-fold8-256gb-violett;;Tarifgrundpreis Monat 25–36
Bündel;Galaxy Z Fold8;256;o2;netzbetreiber;O2 Mobile S mit 15 GB+ (24 Mon.);XS;neu;1,00;14,99;56,00;;36;39,99;36;;;2026-10-06;https://www.o2online.de/e-shop/samsung/samsung-galaxy-z-fold8-256gb-lavender-details?ohne-tarif=nein&zielgruppe=privatkunden&ratenzahlung=36&vertragsart=ratenzahlung&tarif=o2-mobile-on-demand-m-plus;samsung-galaxy-z-fold8-256gb-violett;Schätzung;Tarifgrundpreis Monat 25–36
Bündel;Galaxy Z Fold8;256;o2;netzbetreiber;O2 Mobile Unlimited L mit 300 MBit/s (24 Mon.);XL;neu;1,00;39,99;56,00;;36;0,00;36;;;2026-10-06;https://www.o2online.de/e-shop/samsung/samsung-galaxy-z-fold8-256gb-lavender-details?ohne-tarif=nein&zielgruppe=privatkunden&ratenzahlung=36&vertragsart=ratenzahlung&tarif=o2-mobile-on-demand-m-plus;samsung-galaxy-z-fold8-256gb-violett;Schätzung;Tarifgrundpreis Monat 25–36
Bündel;Galaxy Z Fold8;256;o2;netzbetreiber;O2 Mobile Unlimited M mit 100 MBit/s (24 Mon.);XL;neu;1,00;29,99;56,00;;36;0,00;36;;;2026-10-06;https://www.o2online.de/e-shop/samsung/samsung-galaxy-z-fold8-256gb-lavender-details?ohne-tarif=nein&zielgruppe=privatkunden&ratenzahlung=36&vertragsart=ratenzahlung&tarif=o2-mobile-on-demand-m-plus;samsung-galaxy-z-fold8-256gb-violett;Schätzung;Tarifgrundpreis Monat 25–36
Bündel;Galaxy Z Fold8;256;o2;netzbetreiber;O2 Mobile Unlimited M Plus mit 100 MBit/s (24 Mon.);XL;neu;1,00;19,99;56,00;;36;0,00;36;;;2026-10-06;https://www.o2online.de/e-shop/samsung/samsung-galaxy-z-fold8-256gb-lavender-details?ohne-tarif=nein&zielgruppe=privatkunden&ratenzahlung=36&vertragsart=ratenzahlung&tarif=o2-mobile-on-demand-m-plus;samsung-galaxy-z-fold8-256gb-violett;Schätzung;Tarifgrundpreis Monat 25–36
Bündel;Galaxy Z Fold8;256;o2;netzbetreiber;O2 Mobile Unlimited S Special mit 15 MBit/s (24 Mon.);XL;neu;1,00;24,99;56,00;;36;39,99;36;;;2026-10-06;https://www.o2online.de/e-shop/samsung/samsung-galaxy-z-fold8-256gb-lavender-details?ohne-tarif=nein&zielgruppe=privatkunden&ratenzahlung=36&vertragsart=ratenzahlung&tarif=o2-mobile-on-demand-m-plus;samsung-galaxy-z-fold8-256gb-violett;Schätzung;Tarifgrundpreis Monat 25–36
Bündel;Galaxy Z Fold8;256;o2;netzbetreiber;O2 Mobile Unlimited S Special Plus mit 15 MBit/s (24 Mon.);XL;neu;1,00;19,99;56,00;;36;39,99;36;;;2026-10-06;https://www.o2online.de/e-shop/samsung/samsung-galaxy-z-fold8-256gb-lavender-details?ohne-tarif=nein&zielgruppe=privatkunden&ratenzahlung=36&vertragsart=ratenzahlung&tarif=o2-mobile-on-demand-m-plus;samsung-galaxy-z-fold8-256gb-violett;Schätzung;Tarifgrundpreis Monat 25–36
Bündel;Galaxy Z Fold8;512;o2;netzbetreiber;O2 Mobile L mit 150 GB+ (24 Mon.);L;neu;1,00;24,99;61,00;;36;0,00;36;;;2026-10-06;https://www.o2online.de/e-shop/samsung/samsung-galaxy-z-fold8-256gb-lavender-details?ohne-tarif=nein&zielgruppe=privatkunden&ratenzahlung=36&vertragsart=ratenzahlung&tarif=o2-mobile-on-demand-m-plus;samsung-galaxy-z-fold8-512gb-violett;Schätzung;Tarifgrundpreis Monat 25–36
Bündel;Galaxy Z Fold8;512;o2;netzbetreiber;O2 Mobile L Plus mit 150 GB+ (24 Mon.);L;neu;1,00;19,99;61,00;;36;0,00;36;;;2026-10-06;https://www.o2online.de/e-shop/samsung/samsung-galaxy-z-fold8-256gb-lavender-details?ohne-tarif=nein&zielgruppe=privatkunden&ratenzahlung=36&vertragsart=ratenzahlung&tarif=o2-mobile-on-demand-m-plus;samsung-galaxy-z-fold8-512gb-violett;Schätzung;Tarifgrundpreis Monat 25–36
Bündel;Galaxy Z Fold8;512;o2;netzbetreiber;O2 Mobile on Demand M mit 50 GB+ (24 Mon.);M;neu;1,00;19,99;61,00;;36;39,99;36;;;2026-10-06;https://www.o2online.de/e-shop/samsung/samsung-galaxy-z-fold8-256gb-lavender-details?ohne-tarif=nein&zielgruppe=privatkunden&ratenzahlung=36&vertragsart=ratenzahlung&tarif=o2-mobile-on-demand-m-plus;samsung-galaxy-z-fold8-512gb-violett;Schätzung;Tarifgrundpreis Monat 25–36
Bündel;Galaxy Z Fold8;512;o2;netzbetreiber;O2 Mobile on Demand M Plus mit 50 GB+ (24 Mon.);M;neu;1,00;14,99;61,00;;36;39,99;36;;;2026-10-06;https://www.o2online.de/e-shop/samsung/samsung-galaxy-z-fold8-256gb-lavender-details?ohne-tarif=nein&zielgruppe=privatkunden&ratenzahlung=36&vertragsart=ratenzahlung&tarif=o2-mobile-on-demand-m-plus;samsung-galaxy-z-fold8-512gb-violett;;Tarifgrundpreis Monat 25–36
Bündel;Galaxy Z Fold8;512;o2;netzbetreiber;O2 Mobile S mit 15 GB+ (24 Mon.);XS;neu;1,00;14,99;61,00;;36;39,99;36;;;2026-10-06;https://www.o2online.de/e-shop/samsung/samsung-galaxy-z-fold8-256gb-lavender-details?ohne-tarif=nein&zielgruppe=privatkunden&ratenzahlung=36&vertragsart=ratenzahlung&tarif=o2-mobile-on-demand-m-plus;samsung-galaxy-z-fold8-512gb-violett;Schätzung;Tarifgrundpreis Monat 25–36
Bündel;Galaxy Z Fold8;512;o2;netzbetreiber;O2 Mobile Unlimited L mit 300 MBit/s (24 Mon.);XL;neu;1,00;39,99;61,00;;36;0,00;36;;;2026-10-06;https://www.o2online.de/e-shop/samsung/samsung-galaxy-z-fold8-256gb-lavender-details?ohne-tarif=nein&zielgruppe=privatkunden&ratenzahlung=36&vertragsart=ratenzahlung&tarif=o2-mobile-on-demand-m-plus;samsung-galaxy-z-fold8-512gb-violett;Schätzung;Tarifgrundpreis Monat 25–36
Bündel;Galaxy Z Fold8;512;o2;netzbetreiber;O2 Mobile Unlimited M mit 100 MBit/s (24 Mon.);XL;neu;1,00;29,99;61,00;;36;0,00;36;;;2026-10-06;https://www.o2online.de/e-shop/samsung/samsung-galaxy-z-fold8-256gb-lavender-details?ohne-tarif=nein&zielgruppe=privatkunden&ratenzahlung=36&vertragsart=ratenzahlung&tarif=o2-mobile-on-demand-m-plus;samsung-galaxy-z-fold8-512gb-violett;Schätzung;Tarifgrundpreis Monat 25–36
Bündel;Galaxy Z Fold8;512;o2;netzbetreiber;O2 Mobile Unlimited M Plus mit 100 MBit/s (24 Mon.);XL;neu;1,00;19,99;61,00;;36;0,00;36;;;2026-10-06;https://www.o2online.de/e-shop/samsung/samsung-galaxy-z-fold8-256gb-lavender-details?ohne-tarif=nein&zielgruppe=privatkunden&ratenzahlung=36&vertragsart=ratenzahlung&tarif=o2-mobile-on-demand-m-plus;samsung-galaxy-z-fold8-512gb-violett;Schätzung;Tarifgrundpreis Monat 25–36
Bündel;Galaxy Z Fold8;512;o2;netzbetreiber;O2 Mobile Unlimited S Special mit 15 MBit/s (24 Mon.);XL;neu;1,00;24,99;61,00;;36;39,99;36;;;2026-10-06;https://www.o2online.de/e-shop/samsung/samsung-galaxy-z-fold8-256gb-lavender-details?ohne-tarif=nein&zielgruppe=privatkunden&ratenzahlung=36&vertragsart=ratenzahlung&tarif=o2-mobile-on-demand-m-plus;samsung-galaxy-z-fold8-512gb-violett;Schätzung;Tarifgrundpreis Monat 25–36
Bündel;Galaxy Z Fold8;512;o2;netzbetreiber;O2 Mobile Unlimited S Special Plus mit 15 MBit/s (24 Mon.);XL;neu;1,00;19,99;61,00;;36;39,99;36;;;2026-10-06;https://www.o2online.de/e-shop/samsung/samsung-galaxy-z-fold8-256gb-lavender-details?ohne-tarif=nein&zielgruppe=privatkunden&ratenzahlung=36&vertragsart=ratenzahlung&tarif=o2-mobile-on-demand-m-plus;samsung-galaxy-z-fold8-512gb-violett;Schätzung;Tarifgrundpreis Monat 25–36
Bündel;Galaxy Z Fold8 Ultra;256;o2;netzbetreiber;O2 Mobile L mit 150 GB+ (24 Mon.);L;neu;1,00;24,99;61,00;;36;0,00;36;;;2026-10-06;https://www.o2online.de/e-shop/samsung/samsung-galaxy-z-fold8-ultra-256gb-violet-shadow-details?ohne-tarif=nein&zielgruppe=privatkunden&ratenzahlung=36&vertragsart=ratenzahlung&tarif=o2-mobile-on-demand-m-plus;samsung-galaxy-z-fold8-ultra-256gb-violet-shadow;Schätzung;Tarifgrundpreis Monat 25–36
Bündel;Galaxy Z Fold8 Ultra;256;o2;netzbetreiber;O2 Mobile L Plus mit 150 GB+ (24 Mon.);L;neu;1,00;19,99;61,00;;36;0,00;36;;;2026-10-06;https://www.o2online.de/e-shop/samsung/samsung-galaxy-z-fold8-ultra-256gb-violet-shadow-details?ohne-tarif=nein&zielgruppe=privatkunden&ratenzahlung=36&vertragsart=ratenzahlung&tarif=o2-mobile-on-demand-m-plus;samsung-galaxy-z-fold8-ultra-256gb-violet-shadow;Schätzung;Tarifgrundpreis Monat 25–36
Bündel;Galaxy Z Fold8 Ultra;256;o2;netzbetreiber;O2 Mobile on Demand M mit 50 GB+ (24 Mon.);M;neu;1,00;19,99;61,00;;36;39,99;36;;;2026-10-06;https://www.o2online.de/e-shop/samsung/samsung-galaxy-z-fold8-ultra-256gb-violet-shadow-details?ohne-tarif=nein&zielgruppe=privatkunden&ratenzahlung=36&vertragsart=ratenzahlung&tarif=o2-mobile-on-demand-m-plus;samsung-galaxy-z-fold8-ultra-256gb-violet-shadow;Schätzung;Tarifgrundpreis Monat 25–36
Bündel;Galaxy Z Fold8 Ultra;256;o2;netzbetreiber;O2 Mobile on Demand M Plus mit 50 GB+ (24 Mon.);M;neu;1,00;14,99;61,00;;36;39,99;36;;;2026-10-07;https://www.o2online.de/e-shop/samsung/samsung-galaxy-z-fold8-ultra-256gb-violet-shadow-details?ohne-tarif=nein&zielgruppe=privatkunden&ratenzahlung=36&vertragsart=ratenzahlung&tarif=o2-mobile-on-demand-m-plus;samsung-galaxy-z-fold8-ultra-256gb-violet-shadow;;Tarifgrundpreis Monat 25–36
Bündel;Galaxy Z Fold8 Ultra;256;o2;netzbetreiber;O2 Mobile S mit 15 GB+ (24 Mon.);XS;neu;1,00;14,99;61,00;;36;39,99;36;;;2026-10-06;https://www.o2online.de/e-shop/samsung/samsung-galaxy-z-fold8-ultra-256gb-violet-shadow-details?ohne-tarif=nein&zielgruppe=privatkunden&ratenzahlung=36&vertragsart=ratenzahlung&tarif=o2-mobile-on-demand-m-plus;samsung-galaxy-z-fold8-ultra-256gb-violet-shadow;Schätzung;Tarifgrundpreis Monat 25–36
Bündel;Galaxy Z Fold8 Ultra;256;o2;netzbetreiber;O2 Mobile Unlimited L mit 300 MBit/s (24 Mon.);XL;neu;1,00;39,99;61,00;;36;0,00;36;;;2026-10-06;https://www.o2online.de/e-shop/samsung/samsung-galaxy-z-fold8-ultra-256gb-violet-shadow-details?ohne-tarif=nein&zielgruppe=privatkunden&ratenzahlung=36&vertragsart=ratenzahlung&tarif=o2-mobile-on-demand-m-plus;samsung-galaxy-z-fold8-ultra-256gb-violet-shadow;Schätzung;Tarifgrundpreis Monat 25–36
Bündel;Galaxy Z Fold8 Ultra;256;o2;netzbetreiber;O2 Mobile Unlimited M mit 100 MBit/s (24 Mon.);XL;neu;1,00;29,99;61,00;;36;0,00;36;;;2026-10-06;https://www.o2online.de/e-shop/samsung/samsung-galaxy-z-fold8-ultra-256gb-violet-shadow-details?ohne-tarif=nein&zielgruppe=privatkunden&ratenzahlung=36&vertragsart=ratenzahlung&tarif=o2-mobile-on-demand-m-plus;samsung-galaxy-z-fold8-ultra-256gb-violet-shadow;Schätzung;Tarifgrundpreis Monat 25–36
Bündel;Galaxy Z Fold8 Ultra;256;o2;netzbetreiber;O2 Mobile Unlimited M Plus mit 100 MBit/s (24 Mon.);XL;neu;1,00;19,99;61,00;;36;0,00;36;;;2026-10-06;https://www.o2online.de/e-shop/samsung/samsung-galaxy-z-fold8-ultra-256gb-violet-shadow-details?ohne-tarif=nein&zielgruppe=privatkunden&ratenzahlung=36&vertragsart=ratenzahlung&tarif=o2-mobile-on-demand-m-plus;samsung-galaxy-z-fold8-ultra-256gb-violet-shadow;Schätzung;Tarifgrundpreis Monat 25–36
Bündel;Galaxy Z Fold8 Ultra;256;o2;netzbetreiber;O2 Mobile Unlimited S Special mit 15 MBit/s (24 Mon.);XL;neu;1,00;24,99;61,00;;36;39,99;36;;;2026-10-06;https://www.o2online.de/e-shop/samsung/samsung-galaxy-z-fold8-ultra-256gb-violet-shadow-details?ohne-tarif=nein&zielgruppe=privatkunden&ratenzahlung=36&vertragsart=ratenzahlung&tarif=o2-mobile-on-demand-m-plus;samsung-galaxy-z-fold8-ultra-256gb-violet-shadow;Schätzung;Tarifgrundpreis Monat 25–36
Bündel;Galaxy Z Fold8 Ultra;256;o2;netzbetreiber;O2 Mobile Unlimited S Special Plus mit 15 MBit/s (24 Mon.);XL;neu;1,00;19,99;61,00;;36;39,99;36;;;2026-10-06;https://www.o2online.de/e-shop/samsung/samsung-galaxy-z-fold8-ultra-256gb-violet-shadow-details?ohne-tarif=nein&zielgruppe=privatkunden&ratenzahlung=36&vertragsart=ratenzahlung&tarif=o2-mobile-on-demand-m-plus;samsung-galaxy-z-fold8-ultra-256gb-violet-shadow;Schätzung;Tarifgrundpreis Monat 25–36
Bündel;Galaxy Z Fold8 Ultra;512;o2;netzbetreiber;O2 Mobile L mit 150 GB+ (24 Mon.);L;neu;1,00;24,99;67,00;;36;0,00;36;;;2026-10-06;https://www.o2online.de/e-shop/samsung/samsung-galaxy-z-fold8-ultra-256gb-violet-shadow-details?ohne-tarif=nein&zielgruppe=privatkunden&ratenzahlung=36&vertragsart=ratenzahlung&tarif=o2-mobile-on-demand-m-plus;samsung-galaxy-z-fold8-ultra-512gb-violet-shadow;Schätzung;Tarifgrundpreis Monat 25–36
Bündel;Galaxy Z Fold8 Ultra;512;o2;netzbetreiber;O2 Mobile L Plus mit 150 GB+ (24 Mon.);L;neu;1,00;19,99;67,00;;36;0,00;36;;;2026-10-06;https://www.o2online.de/e-shop/samsung/samsung-galaxy-z-fold8-ultra-256gb-violet-shadow-details?ohne-tarif=nein&zielgruppe=privatkunden&ratenzahlung=36&vertragsart=ratenzahlung&tarif=o2-mobile-on-demand-m-plus;samsung-galaxy-z-fold8-ultra-512gb-violet-shadow;Schätzung;Tarifgrundpreis Monat 25–36
Bündel;Galaxy Z Fold8 Ultra;512;o2;netzbetreiber;O2 Mobile on Demand M mit 50 GB+ (24 Mon.);M;neu;1,00;19,99;67,00;;36;39,99;36;;;2026-10-06;https://www.o2online.de/e-shop/samsung/samsung-galaxy-z-fold8-ultra-256gb-violet-shadow-details?ohne-tarif=nein&zielgruppe=privatkunden&ratenzahlung=36&vertragsart=ratenzahlung&tarif=o2-mobile-on-demand-m-plus;samsung-galaxy-z-fold8-ultra-512gb-violet-shadow;Schätzung;Tarifgrundpreis Monat 25–36
Bündel;Galaxy Z Fold8 Ultra;512;o2;netzbetreiber;O2 Mobile on Demand M Plus mit 50 GB+ (24 Mon.);M;neu;1,00;14,99;67,00;;36;39,99;36;;;2026-10-06;https://www.o2online.de/e-shop/samsung/samsung-galaxy-z-fold8-ultra-256gb-violet-shadow-details?ohne-tarif=nein&zielgruppe=privatkunden&ratenzahlung=36&vertragsart=ratenzahlung&tarif=o2-mobile-on-demand-m-plus;samsung-galaxy-z-fold8-ultra-512gb-violet-shadow;;Tarifgrundpreis Monat 25–36
Bündel;Galaxy Z Fold8 Ultra;512;o2;netzbetreiber;O2 Mobile S mit 15 GB+ (24 Mon.);XS;neu;1,00;14,99;67,00;;36;39,99;36;;;2026-10-06;https://www.o2online.de/e-shop/samsung/samsung-galaxy-z-fold8-ultra-256gb-violet-shadow-details?ohne-tarif=nein&zielgruppe=privatkunden&ratenzahlung=36&vertragsart=ratenzahlung&tarif=o2-mobile-on-demand-m-plus;samsung-galaxy-z-fold8-ultra-512gb-violet-shadow;Schätzung;Tarifgrundpreis Monat 25–36
Bündel;Galaxy Z Fold8 Ultra;512;o2;netzbetreiber;O2 Mobile Unlimited L mit 300 MBit/s (24 Mon.);XL;neu;1,00;39,99;67,00;;36;0,00;36;;;2026-10-06;https://www.o2online.de/e-shop/samsung/samsung-galaxy-z-fold8-ultra-256gb-violet-shadow-details?ohne-tarif=nein&zielgruppe=privatkunden&ratenzahlung=36&vertragsart=ratenzahlung&tarif=o2-mobile-on-demand-m-plus;samsung-galaxy-z-fold8-ultra-512gb-violet-shadow;Schätzung;Tarifgrundpreis Monat 25–36
Bündel;Galaxy Z Fold8 Ultra;512;o2;netzbetreiber;O2 Mobile Unlimited M mit 100 MBit/s (24 Mon.);XL;neu;1,00;29,99;67,00;;36;0,00;36;;;2026-10-06;https://www.o2online.de/e-shop/samsung/samsung-galaxy-z-fold8-ultra-256gb-violet-shadow-details?ohne-tarif=nein&zielgruppe=privatkunden&ratenzahlung=36&vertragsart=ratenzahlung&tarif=o2-mobile-on-demand-m-plus;samsung-galaxy-z-fold8-ultra-512gb-violet-shadow;Schätzung;Tarifgrundpreis Monat 25–36
Bündel;Galaxy Z Fold8 Ultra;512;o2;netzbetreiber;O2 Mobile Unlimited M Plus mit 100 MBit/s (24 Mon.);XL;neu;1,00;19,99;67,00;;36;0,00;36;;;2026-10-06;https://www.o2online.de/e-shop/samsung/samsung-galaxy-z-fold8-ultra-256gb-violet-shadow-details?ohne-tarif=nein&zielgruppe=privatkunden&ratenzahlung=36&vertragsart=ratenzahlung&tarif=o2-mobile-on-demand-m-plus;samsung-galaxy-z-fold8-ultra-512gb-violet-shadow;Schätzung;Tarifgrundpreis Monat 25–36
Bündel;Galaxy Z Fold8 Ultra;512;o2;netzbetreiber;O2 Mobile Unlimited S Special mit 15 MBit/s (24 Mon.);XL;neu;1,00;24,99;67,00;;36;39,99;36;;;2026-10-06;https://www.o2online.de/e-shop/samsung/samsung-galaxy-z-fold8-ultra-256gb-violet-shadow-details?ohne-tarif=nein&zielgruppe=privatkunden&ratenzahlung=36&vertragsart=ratenzahlung&tarif=o2-mobile-on-demand-m-plus;samsung-galaxy-z-fold8-ultra-512gb-violet-shadow;Schätzung;Tarifgrundpreis Monat 25–36
Bündel;Galaxy Z Fold8 Ultra;512;o2;netzbetreiber;O2 Mobile Unlimited S Special Plus mit 15 MBit/s (24 Mon.);XL;neu;1,00;19,99;67,00;;36;39,99;36;;;2026-10-06;https://www.o2online.de/e-shop/samsung/samsung-galaxy-z-fold8-ultra-256gb-violet-shadow-details?ohne-tarif=nein&zielgruppe=privatkunden&ratenzahlung=36&vertragsart=ratenzahlung&tarif=o2-mobile-on-demand-m-plus;samsung-galaxy-z-fold8-ultra-512gb-violet-shadow;Schätzung;Tarifgrundpreis Monat 25–36
Bündel;Xiaomi 17;512;o2;netzbetreiber;O2 Mobile L mit 150 GB+ (24 Mon.);L;neu;1,00;24,99;26,50;;36;0,00;36;;;2026-10-07;https://www.o2online.de/e-shop/xiaomi/xiaomi-17-512gb-schwarz-details?ohne-tarif=nein&zielgruppe=privatkunden&ratenzahlung=36&vertragsart=ratenzahlung&tarif=o2-mobile-on-demand-m-plus;xiaomi-17-512gb-schwarz;Schätzung;Tarifgrundpreis Monat 25–36
Bündel;Xiaomi 17;512;o2;netzbetreiber;O2 Mobile L Plus mit 150 GB+ (24 Mon.);L;neu;1,00;13,49;26,50;;36;0,00;36;;;2026-10-07;https://www.o2online.de/e-shop/xiaomi/xiaomi-17-512gb-schwarz-details?ohne-tarif=nein&zielgruppe=privatkunden&ratenzahlung=36&vertragsart=ratenzahlung&tarif=o2-mobile-on-demand-m-plus;xiaomi-17-512gb-schwarz;Schätzung;Tarifgrundpreis Monat 25–36
Bündel;Xiaomi 17;512;o2;netzbetreiber;O2 Mobile on Demand M mit 50 GB+ (24 Mon.);M;neu;1,00;19,99;26,50;;36;39,99;36;;;2026-10-07;https://www.o2online.de/e-shop/xiaomi/xiaomi-17-512gb-schwarz-details?ohne-tarif=nein&zielgruppe=privatkunden&ratenzahlung=36&vertragsart=ratenzahlung&tarif=o2-mobile-on-demand-m-plus;xiaomi-17-512gb-schwarz;Schätzung;Tarifgrundpreis Monat 25–36
Bündel;Xiaomi 17;512;o2;netzbetreiber;O2 Mobile on Demand M Plus mit 50 GB+ (24 Mon.);M;neu;1,00;8,49;26,50;;36;39,99;36;;;2026-10-07;https://www.o2online.de/e-shop/xiaomi/xiaomi-17-512gb-schwarz-details?ohne-tarif=nein&zielgruppe=privatkunden&ratenzahlung=36&vertragsart=ratenzahlung&tarif=o2-mobile-on-demand-m-plus;xiaomi-17-512gb-schwarz;Quarantäne;Tarifgrundpreis Monat 25–36
Bündel;Xiaomi 17;512;o2;netzbetreiber;O2 Mobile S mit 15 GB+ (24 Mon.);XS;neu;1,00;14,99;26,50;;36;39,99;36;;;2026-10-07;https://www.o2online.de/e-shop/xiaomi/xiaomi-17-512gb-schwarz-details?ohne-tarif=nein&zielgruppe=privatkunden&ratenzahlung=36&vertragsart=ratenzahlung&tarif=o2-mobile-on-demand-m-plus;xiaomi-17-512gb-schwarz;Schätzung;Tarifgrundpreis Monat 25–36
Bündel;Xiaomi 17;512;o2;netzbetreiber;O2 Mobile Unlimited L mit 300 MBit/s (24 Mon.);XL;neu;1,00;39,99;26,50;;36;0,00;36;;;2026-10-07;https://www.o2online.de/e-shop/xiaomi/xiaomi-17-512gb-schwarz-details?ohne-tarif=nein&zielgruppe=privatkunden&ratenzahlung=36&vertragsart=ratenzahlung&tarif=o2-mobile-on-demand-m-plus;xiaomi-17-512gb-schwarz;Schätzung;Tarifgrundpreis Monat 25–36
Bündel;Xiaomi 17;512;o2;netzbetreiber;O2 Mobile Unlimited M mit 100 MBit/s (24 Mon.);XL;neu;1,00;29,99;26,50;;36;0,00;36;;;2026-10-07;https://www.o2online.de/e-shop/xiaomi/xiaomi-17-512gb-schwarz-details?ohne-tarif=nein&zielgruppe=privatkunden&ratenzahlung=36&vertragsart=ratenzahlung&tarif=o2-mobile-on-demand-m-plus;xiaomi-17-512gb-schwarz;Schätzung;Tarifgrundpreis Monat 25–36
Bündel;Xiaomi 17;512;o2;netzbetreiber;O2 Mobile Unlimited M Plus mit 100 MBit/s (24 Mon.);XL;neu;1,00;18,49;26,50;;36;0,00;36;;;2026-10-07;https://www.o2online.de/e-shop/xiaomi/xiaomi-17-512gb-schwarz-details?ohne-tarif=nein&zielgruppe=privatkunden&ratenzahlung=36&vertragsart=ratenzahlung&tarif=o2-mobile-on-demand-m-plus;xiaomi-17-512gb-schwarz;Schätzung;Tarifgrundpreis Monat 25–36
Bündel;Xiaomi 17;512;o2;netzbetreiber;O2 Mobile Unlimited S Special mit 15 MBit/s (24 Mon.);XL;neu;1,00;24,99;26,50;;36;39,99;36;;;2026-10-07;https://www.o2online.de/e-shop/xiaomi/xiaomi-17-512gb-schwarz-details?ohne-tarif=nein&zielgruppe=privatkunden&ratenzahlung=36&vertragsart=ratenzahlung&tarif=o2-mobile-on-demand-m-plus;xiaomi-17-512gb-schwarz;Schätzung;Tarifgrundpreis Monat 25–36
Bündel;Xiaomi 17;512;o2;netzbetreiber;O2 Mobile Unlimited S Special Plus mit 15 MBit/s (24 Mon.);XL;neu;1,00;13,49;26,50;;36;39,99;36;;;2026-10-07;https://www.o2online.de/e-shop/xiaomi/xiaomi-17-512gb-schwarz-details?ohne-tarif=nein&zielgruppe=privatkunden&ratenzahlung=36&vertragsart=ratenzahlung&tarif=o2-mobile-on-demand-m-plus;xiaomi-17-512gb-schwarz;Schätzung;Tarifgrundpreis Monat 25–36
Bündel;Xiaomi 17T;256;o2;netzbetreiber;O2 Mobile L mit 150 GB+ (24 Mon.);L;neu;1,00;24,99;20,00;;36;0,00;36;;;2026-10-06;https://www.o2online.de/e-shop/xiaomi/xiaomi-17t-256gb-schwarz-details?ohne-tarif=nein&zielgruppe=privatkunden&ratenzahlung=36&vertragsart=ratenzahlung&tarif=o2-mobile-on-demand-m-plus;xiaomi-17t-256gb-schwarz;Schätzung;Tarifgrundpreis Monat 25–36
Bündel;Xiaomi 17T;256;o2;netzbetreiber;O2 Mobile L Plus mit 150 GB+ (24 Mon.);L;neu;1,00;14,99;20,00;;36;0,00;36;;;2026-10-06;https://www.o2online.de/e-shop/xiaomi/xiaomi-17t-256gb-schwarz-details?ohne-tarif=nein&zielgruppe=privatkunden&ratenzahlung=36&vertragsart=ratenzahlung&tarif=o2-mobile-on-demand-m-plus;xiaomi-17t-256gb-schwarz;Schätzung;Tarifgrundpreis Monat 25–36
Bündel;Xiaomi 17T;256;o2;netzbetreiber;O2 Mobile on Demand M mit 50 GB+ (24 Mon.);M;neu;1,00;19,99;20,00;;36;39,99;36;;;2026-10-06;https://www.o2online.de/e-shop/xiaomi/xiaomi-17t-256gb-schwarz-details?ohne-tarif=nein&zielgruppe=privatkunden&ratenzahlung=36&vertragsart=ratenzahlung&tarif=o2-mobile-on-demand-m-plus;xiaomi-17t-256gb-schwarz;Schätzung;Tarifgrundpreis Monat 25–36
Bündel;Xiaomi 17T;256;o2;netzbetreiber;O2 Mobile on Demand M Plus mit 50 GB+ (24 Mon.);M;neu;1,00;9,99;20,00;;36;39,99;36;;;2026-10-07;https://www.o2online.de/e-shop/xiaomi/xiaomi-17t-256gb-schwarz-details?ohne-tarif=nein&zielgruppe=privatkunden&ratenzahlung=36&vertragsart=ratenzahlung&tarif=o2-mobile-on-demand-m-plus;xiaomi-17t-256gb-schwarz;Quarantäne;Tarifgrundpreis Monat 25–36
Bündel;Xiaomi 17T;256;o2;netzbetreiber;O2 Mobile S mit 15 GB+ (24 Mon.);XS;neu;1,00;14,99;20,00;;36;39,99;36;;;2026-10-06;https://www.o2online.de/e-shop/xiaomi/xiaomi-17t-256gb-schwarz-details?ohne-tarif=nein&zielgruppe=privatkunden&ratenzahlung=36&vertragsart=ratenzahlung&tarif=o2-mobile-on-demand-m-plus;xiaomi-17t-256gb-schwarz;Schätzung;Tarifgrundpreis Monat 25–36
Bündel;Xiaomi 17T;256;o2;netzbetreiber;O2 Mobile Unlimited L mit 300 MBit/s (24 Mon.);XL;neu;1,00;39,99;20,00;;36;0,00;36;;;2026-10-06;https://www.o2online.de/e-shop/xiaomi/xiaomi-17t-256gb-schwarz-details?ohne-tarif=nein&zielgruppe=privatkunden&ratenzahlung=36&vertragsart=ratenzahlung&tarif=o2-mobile-on-demand-m-plus;xiaomi-17t-256gb-schwarz;Schätzung;Tarifgrundpreis Monat 25–36
Bündel;Xiaomi 17T;256;o2;netzbetreiber;O2 Mobile Unlimited M mit 100 MBit/s (24 Mon.);XL;neu;1,00;29,99;20,00;;36;0,00;36;;;2026-10-06;https://www.o2online.de/e-shop/xiaomi/xiaomi-17t-256gb-schwarz-details?ohne-tarif=nein&zielgruppe=privatkunden&ratenzahlung=36&vertragsart=ratenzahlung&tarif=o2-mobile-on-demand-m-plus;xiaomi-17t-256gb-schwarz;Schätzung;Tarifgrundpreis Monat 25–36
Bündel;Xiaomi 17T;256;o2;netzbetreiber;O2 Mobile Unlimited M Plus mit 100 MBit/s (24 Mon.);XL;neu;1,00;14,99;20,00;;36;0,00;36;;;2026-10-06;https://www.o2online.de/e-shop/xiaomi/xiaomi-17t-256gb-schwarz-details?ohne-tarif=nein&zielgruppe=privatkunden&ratenzahlung=36&vertragsart=ratenzahlung&tarif=o2-mobile-on-demand-m-plus;xiaomi-17t-256gb-schwarz;Schätzung;Tarifgrundpreis Monat 25–36
Bündel;Xiaomi 17T;256;o2;netzbetreiber;O2 Mobile Unlimited S Special mit 15 MBit/s (24 Mon.);XL;neu;1,00;24,99;20,00;;36;39,99;36;;;2026-10-06;https://www.o2online.de/e-shop/xiaomi/xiaomi-17t-256gb-schwarz-details?ohne-tarif=nein&zielgruppe=privatkunden&ratenzahlung=36&vertragsart=ratenzahlung&tarif=o2-mobile-on-demand-m-plus;xiaomi-17t-256gb-schwarz;Schätzung;Tarifgrundpreis Monat 25–36
Bündel;Xiaomi 17T;256;o2;netzbetreiber;O2 Mobile Unlimited S Special Plus mit 15 MBit/s (24 Mon.);XL;neu;1,00;14,99;20,00;;36;39,99;36;;;2026-10-06;https://www.o2online.de/e-shop/xiaomi/xiaomi-17t-256gb-schwarz-details?ohne-tarif=nein&zielgruppe=privatkunden&ratenzahlung=36&vertragsart=ratenzahlung&tarif=o2-mobile-on-demand-m-plus;xiaomi-17t-256gb-schwarz;Schätzung;Tarifgrundpreis Monat 25–36
Bündel;Xiaomi 17T Pro;512;o2;netzbetreiber;O2 Mobile L mit 150 GB+ (24 Mon.);L;neu;1,00;24,99;26,00;;36;0,00;36;;;2026-10-06;https://www.o2online.de/e-shop/xiaomi/xiaomi-17t-pro-512gb-violett-details?ohne-tarif=nein&zielgruppe=privatkunden&ratenzahlung=36&vertragsart=ratenzahlung&tarif=o2-mobile-on-demand-m-plus;xiaomi-17t-pro-512gb-violett;Schätzung;Tarifgrundpreis Monat 25–36
Bündel;Xiaomi 17T Pro;512;o2;netzbetreiber;O2 Mobile L Plus mit 150 GB+ (24 Mon.);L;neu;1,00;15,99;26,00;;36;0,00;36;;;2026-10-06;https://www.o2online.de/e-shop/xiaomi/xiaomi-17t-pro-512gb-violett-details?ohne-tarif=nein&zielgruppe=privatkunden&ratenzahlung=36&vertragsart=ratenzahlung&tarif=o2-mobile-on-demand-m-plus;xiaomi-17t-pro-512gb-violett;Schätzung;Tarifgrundpreis Monat 25–36
Bündel;Xiaomi 17T Pro;512;o2;netzbetreiber;O2 Mobile on Demand M mit 50 GB+ (24 Mon.);M;neu;1,00;19,99;26,00;;36;39,99;36;;;2026-10-06;https://www.o2online.de/e-shop/xiaomi/xiaomi-17t-pro-512gb-violett-details?ohne-tarif=nein&zielgruppe=privatkunden&ratenzahlung=36&vertragsart=ratenzahlung&tarif=o2-mobile-on-demand-m-plus;xiaomi-17t-pro-512gb-violett;Schätzung;Tarifgrundpreis Monat 25–36
Bündel;Xiaomi 17T Pro;512;o2;netzbetreiber;O2 Mobile on Demand M Plus mit 50 GB+ (24 Mon.);M;neu;1,00;10,99;26,00;;36;39,99;36;;;2026-10-07;https://www.o2online.de/e-shop/xiaomi/xiaomi-17t-pro-512gb-violett-details?ohne-tarif=nein&zielgruppe=privatkunden&ratenzahlung=36&vertragsart=ratenzahlung&tarif=o2-mobile-on-demand-m-plus;xiaomi-17t-pro-512gb-violett;Quarantäne;Tarifgrundpreis Monat 25–36
Bündel;Xiaomi 17T Pro;512;o2;netzbetreiber;O2 Mobile S mit 15 GB+ (24 Mon.);XS;neu;1,00;14,99;26,00;;36;39,99;36;;;2026-10-06;https://www.o2online.de/e-shop/xiaomi/xiaomi-17t-pro-512gb-violett-details?ohne-tarif=nein&zielgruppe=privatkunden&ratenzahlung=36&vertragsart=ratenzahlung&tarif=o2-mobile-on-demand-m-plus;xiaomi-17t-pro-512gb-violett;Schätzung;Tarifgrundpreis Monat 25–36
Bündel;Xiaomi 17T Pro;512;o2;netzbetreiber;O2 Mobile Unlimited L mit 300 MBit/s (24 Mon.);XL;neu;1,00;39,99;26,00;;36;0,00;36;;;2026-10-06;https://www.o2online.de/e-shop/xiaomi/xiaomi-17t-pro-512gb-violett-details?ohne-tarif=nein&zielgruppe=privatkunden&ratenzahlung=36&vertragsart=ratenzahlung&tarif=o2-mobile-on-demand-m-plus;xiaomi-17t-pro-512gb-violett;Schätzung;Tarifgrundpreis Monat 25–36
Bündel;Xiaomi 17T Pro;512;o2;netzbetreiber;O2 Mobile Unlimited M mit 100 MBit/s (24 Mon.);XL;neu;1,00;29,99;26,00;;36;0,00;36;;;2026-10-06;https://www.o2online.de/e-shop/xiaomi/xiaomi-17t-pro-512gb-violett-details?ohne-tarif=nein&zielgruppe=privatkunden&ratenzahlung=36&vertragsart=ratenzahlung&tarif=o2-mobile-on-demand-m-plus;xiaomi-17t-pro-512gb-violett;Schätzung;Tarifgrundpreis Monat 25–36
Bündel;Xiaomi 17T Pro;512;o2;netzbetreiber;O2 Mobile Unlimited M Plus mit 100 MBit/s (24 Mon.);XL;neu;1,00;15,99;26,00;;36;0,00;36;;;2026-10-06;https://www.o2online.de/e-shop/xiaomi/xiaomi-17t-pro-512gb-violett-details?ohne-tarif=nein&zielgruppe=privatkunden&ratenzahlung=36&vertragsart=ratenzahlung&tarif=o2-mobile-on-demand-m-plus;xiaomi-17t-pro-512gb-violett;Schätzung;Tarifgrundpreis Monat 25–36
Bündel;Xiaomi 17T Pro;512;o2;netzbetreiber;O2 Mobile Unlimited S Special mit 15 MBit/s (24 Mon.);XL;neu;1,00;24,99;26,00;;36;39,99;36;;;2026-10-06;https://www.o2online.de/e-shop/xiaomi/xiaomi-17t-pro-512gb-violett-details?ohne-tarif=nein&zielgruppe=privatkunden&ratenzahlung=36&vertragsart=ratenzahlung&tarif=o2-mobile-on-demand-m-plus;xiaomi-17t-pro-512gb-violett;Schätzung;Tarifgrundpreis Monat 25–36
Bündel;Xiaomi 17T Pro;512;o2;netzbetreiber;O2 Mobile Unlimited S Special Plus mit 15 MBit/s (24 Mon.);XL;neu;1,00;15,99;26,00;;36;39,99;36;;;2026-10-06;https://www.o2online.de/e-shop/xiaomi/xiaomi-17t-pro-512gb-violett-details?ohne-tarif=nein&zielgruppe=privatkunden&ratenzahlung=36&vertragsart=ratenzahlung&tarif=o2-mobile-on-demand-m-plus;xiaomi-17t-pro-512gb-violett;Schätzung;Tarifgrundpreis Monat 25–36
Bündel;Redmi 17;128;o2;netzbetreiber;O2 Mobile L mit 150 GB+ (24 Mon.);L;neu;1,00;24,99;7,00;;36;0,00;36;;;2026-10-06;https://www.o2online.de/e-shop/xiaomi/xiaomi-redmi-17-128gb-blue-5g-details?ohne-tarif=nein&zielgruppe=privatkunden&ratenzahlung=36&vertragsart=ratenzahlung&tarif=o2-mobile-on-demand-m;xiaomi-redmi-17-128gb-blue-5g;Schätzung;Tarifgrundpreis Monat 25–36
Bündel;Redmi 17;128;o2;netzbetreiber;O2 Mobile on Demand M mit 50 GB+ (24 Mon.);M;neu;1,00;19,99;7,00;;36;39,99;36;;;2026-10-07;https://www.o2online.de/e-shop/xiaomi/xiaomi-redmi-17-128gb-blue-5g-details?ohne-tarif=nein&zielgruppe=privatkunden&ratenzahlung=36&vertragsart=ratenzahlung&tarif=o2-mobile-on-demand-m;xiaomi-redmi-17-128gb-blue-5g;;Tarifgrundpreis Monat 25–36
Bündel;Redmi 17;128;o2;netzbetreiber;O2 Mobile on Demand M Plus mit 50 GB+ (24 Mon.);M;;1,00;14,99;7,00;;36;39,99;36;;;2026-09-04;https://www.o2online.de/e-shop/xiaomi/xiaomi-redmi-17-128gb-blue-5g-details?ohne-tarif=nein&zielgruppe=privatkunden&ratenzahlung=36&vertragsart=ratenzahlung&tarif=o2-mobile-on-demand-m-plus;xiaomi-redmi-17-128gb-blue-5g;veraltet;Tarifgrundpreis Monat 25–36
Bündel;Redmi 17;128;o2;netzbetreiber;O2 Mobile S mit 15 GB+ (24 Mon.);XS;neu;1,00;19,99;7,00;;36;39,99;36;;;2026-10-06;https://www.o2online.de/e-shop/xiaomi/xiaomi-redmi-17-128gb-blue-5g-details?ohne-tarif=nein&zielgruppe=privatkunden&ratenzahlung=36&vertragsart=ratenzahlung&tarif=o2-mobile-on-demand-m;xiaomi-redmi-17-128gb-blue-5g;Schätzung;Tarifgrundpreis Monat 25–36
Bündel;Redmi 17;128;o2;netzbetreiber;O2 Mobile Unlimited L mit 300 MBit/s (24 Mon.);XL;neu;1,00;39,99;7,00;;36;0,00;36;;;2026-10-06;https://www.o2online.de/e-shop/xiaomi/xiaomi-redmi-17-128gb-blue-5g-details?ohne-tarif=nein&zielgruppe=privatkunden&ratenzahlung=36&vertragsart=ratenzahlung&tarif=o2-mobile-on-demand-m;xiaomi-redmi-17-128gb-blue-5g;Schätzung;Tarifgrundpreis Monat 25–36
Bündel;Redmi 17;128;o2;netzbetreiber;O2 Mobile Unlimited M mit 100 MBit/s (24 Mon.);XL;neu;1,00;29,99;7,00;;36;0,00;36;;;2026-10-06;https://www.o2online.de/e-shop/xiaomi/xiaomi-redmi-17-128gb-blue-5g-details?ohne-tarif=nein&zielgruppe=privatkunden&ratenzahlung=36&vertragsart=ratenzahlung&tarif=o2-mobile-on-demand-m;xiaomi-redmi-17-128gb-blue-5g;Schätzung;Tarifgrundpreis Monat 25–36
Bündel;Redmi 17;128;o2;netzbetreiber;O2 Mobile Unlimited S Special mit 15 MBit/s (24 Mon.);XL;neu;1,00;24,99;7,00;;36;39,99;36;;;2026-10-06;https://www.o2online.de/e-shop/xiaomi/xiaomi-redmi-17-128gb-blue-5g-details?ohne-tarif=nein&zielgruppe=privatkunden&ratenzahlung=36&vertragsart=ratenzahlung&tarif=o2-mobile-on-demand-m;xiaomi-redmi-17-128gb-blue-5g;Schätzung;Tarifgrundpreis Monat 25–36
Bündel;Redmi Note 15;256;o2;netzbetreiber;O2 Mobile L mit 150 GB+ (24 Mon.);L;neu;1,00;24,99;8,00;;36;0,00;36;;;2026-09-30;https://www.o2online.de/e-shop/xiaomi/xiaomi-redmi-note-15-256gb-schwarz-5g-details?ohne-tarif=nein&zielgruppe=privatkunden&ratenzahlung=36&vertragsart=ratenzahlung&tarif=o2-mobile-on-demand-m;xiaomi-redmi-note-15-256gb-schwarz-5g;Schätzung;Tarifgrundpreis Monat 25–36
Bündel;Redmi Note 15;256;o2;netzbetreiber;O2 Mobile on Demand M mit 50 GB+ (24 Mon.);M;neu;1,00;19,99;8,00;;36;39,99;36;;;2026-09-30;https://www.o2online.de/e-shop/xiaomi/xiaomi-redmi-note-15-256gb-schwarz-5g-details?ohne-tarif=nein&zielgruppe=privatkunden&ratenzahlung=36&vertragsart=ratenzahlung&tarif=o2-mobile-on-demand-m;xiaomi-redmi-note-15-256gb-schwarz-5g;veraltet;Tarifgrundpreis Monat 25–36
Bündel;Redmi Note 15;256;o2;netzbetreiber;O2 Mobile S mit 15 GB+ (24 Mon.);XS;neu;1,00;14,99;8,00;;36;39,99;36;;;2026-09-30;https://www.o2online.de/e-shop/xiaomi/xiaomi-redmi-note-15-256gb-schwarz-5g-details?ohne-tarif=nein&zielgruppe=privatkunden&ratenzahlung=36&vertragsart=ratenzahlung&tarif=o2-mobile-on-demand-m;xiaomi-redmi-note-15-256gb-schwarz-5g;Schätzung;Tarifgrundpreis Monat 25–36
Bündel;Redmi Note 15;256;o2;netzbetreiber;O2 Mobile Unlimited L mit 300 MBit/s (24 Mon.);XL;neu;1,00;39,99;8,00;;36;0,00;36;;;2026-09-30;https://www.o2online.de/e-shop/xiaomi/xiaomi-redmi-note-15-256gb-schwarz-5g-details?ohne-tarif=nein&zielgruppe=privatkunden&ratenzahlung=36&vertragsart=ratenzahlung&tarif=o2-mobile-on-demand-m;xiaomi-redmi-note-15-256gb-schwarz-5g;Schätzung;Tarifgrundpreis Monat 25–36
Bündel;Redmi Note 15;256;o2;netzbetreiber;O2 Mobile Unlimited M mit 100 MBit/s (24 Mon.);XL;neu;1,00;29,99;8,00;;36;0,00;36;;;2026-09-30;https://www.o2online.de/e-shop/xiaomi/xiaomi-redmi-note-15-256gb-schwarz-5g-details?ohne-tarif=nein&zielgruppe=privatkunden&ratenzahlung=36&vertragsart=ratenzahlung&tarif=o2-mobile-on-demand-m;xiaomi-redmi-note-15-256gb-schwarz-5g;Schätzung;Tarifgrundpreis Monat 25–36
Bündel;Redmi Note 15;256;o2;netzbetreiber;O2 Mobile Unlimited S Special mit 15 MBit/s (24 Mon.);XL;neu;1,00;24,99;8,00;;36;39,99;36;;;2026-09-30;https://www.o2online.de/e-shop/xiaomi/xiaomi-redmi-note-15-256gb-schwarz-5g-details?ohne-tarif=nein&zielgruppe=privatkunden&ratenzahlung=36&vertragsart=ratenzahlung&tarif=o2-mobile-on-demand-m;xiaomi-redmi-note-15-256gb-schwarz-5g;Schätzung;Tarifgrundpreis Monat 25–36
Bündel;Redmi Note 15 Pro;256;o2;netzbetreiber;O2 Mobile L mit 150 GB+ (24 Mon.);L;neu;1,00;24,99;10,00;;36;0,00;36;;;2026-10-06;https://www.o2online.de/e-shop/xiaomi/xiaomi-redmi-note-15-pro-256gb-schwarz-5g-details?ohne-tarif=nein&zielgruppe=privatkunden&ratenzahlung=36&vertragsart=ratenzahlung&tarif=o2-mobile-on-demand-m-plus;xiaomi-redmi-note-15-pro-256gb-schwarz-5g;Schätzung;Tarifgrundpreis Monat 25–36
Bündel;Redmi Note 15 Pro;256;o2;netzbetreiber;O2 Mobile L Plus mit 150 GB+ (24 Mon.);L;neu;1,00;19,99;10,00;;36;0,00;36;;;2026-10-06;https://www.o2online.de/e-shop/xiaomi/xiaomi-redmi-note-15-pro-256gb-schwarz-5g-details?ohne-tarif=nein&zielgruppe=privatkunden&ratenzahlung=36&vertragsart=ratenzahlung&tarif=o2-mobile-on-demand-m-plus;xiaomi-redmi-note-15-pro-256gb-schwarz-5g;Schätzung;Tarifgrundpreis Monat 25–36
Bündel;Redmi Note 15 Pro;256;o2;netzbetreiber;O2 Mobile on Demand M mit 50 GB+ (24 Mon.);M;neu;1,00;19,99;10,00;;36;39,99;36;;;2026-10-06;https://www.o2online.de/e-shop/xiaomi/xiaomi-redmi-note-15-pro-256gb-schwarz-5g-details?ohne-tarif=nein&zielgruppe=privatkunden&ratenzahlung=36&vertragsart=ratenzahlung&tarif=o2-mobile-on-demand-m-plus;xiaomi-redmi-note-15-pro-256gb-schwarz-5g;Schätzung;Tarifgrundpreis Monat 25–36
Bündel;Redmi Note 15 Pro;256;o2;netzbetreiber;O2 Mobile on Demand M Plus mit 50 GB+ (24 Mon.);M;neu;1,00;14,99;10,00;;36;39,99;36;;;2026-10-07;https://www.o2online.de/e-shop/xiaomi/xiaomi-redmi-note-15-pro-256gb-schwarz-5g-details?ohne-tarif=nein&zielgruppe=privatkunden&ratenzahlung=36&vertragsart=ratenzahlung&tarif=o2-mobile-on-demand-m-plus;xiaomi-redmi-note-15-pro-256gb-schwarz-5g;;Tarifgrundpreis Monat 25–36
Bündel;Redmi Note 15 Pro;256;o2;netzbetreiber;O2 Mobile S mit 15 GB+ (24 Mon.);XS;neu;1,00;14,99;10,00;;36;39,99;36;;;2026-10-06;https://www.o2online.de/e-shop/xiaomi/xiaomi-redmi-note-15-pro-256gb-schwarz-5g-details?ohne-tarif=nein&zielgruppe=privatkunden&ratenzahlung=36&vertragsart=ratenzahlung&tarif=o2-mobile-on-demand-m-plus;xiaomi-redmi-note-15-pro-256gb-schwarz-5g;Schätzung;Tarifgrundpreis Monat 25–36
Bündel;Redmi Note 15 Pro;256;o2;netzbetreiber;O2 Mobile Unlimited L mit 300 MBit/s (24 Mon.);XL;neu;1,00;39,99;10,00;;36;0,00;36;;;2026-10-06;https://www.o2online.de/e-shop/xiaomi/xiaomi-redmi-note-15-pro-256gb-schwarz-5g-details?ohne-tarif=nein&zielgruppe=privatkunden&ratenzahlung=36&vertragsart=ratenzahlung&tarif=o2-mobile-on-demand-m-plus;xiaomi-redmi-note-15-pro-256gb-schwarz-5g;Schätzung;Tarifgrundpreis Monat 25–36
Bündel;Redmi Note 15 Pro;256;o2;netzbetreiber;O2 Mobile Unlimited M mit 100 MBit/s (24 Mon.);XL;neu;1,00;29,99;10,00;;36;0,00;36;;;2026-10-06;https://www.o2online.de/e-shop/xiaomi/xiaomi-redmi-note-15-pro-256gb-schwarz-5g-details?ohne-tarif=nein&zielgruppe=privatkunden&ratenzahlung=36&vertragsart=ratenzahlung&tarif=o2-mobile-on-demand-m-plus;xiaomi-redmi-note-15-pro-256gb-schwarz-5g;Schätzung;Tarifgrundpreis Monat 25–36
Bündel;Redmi Note 15 Pro;256;o2;netzbetreiber;O2 Mobile Unlimited M Plus mit 100 MBit/s (24 Mon.);XL;neu;1,00;19,99;10,00;;36;0,00;36;;;2026-10-06;https://www.o2online.de/e-shop/xiaomi/xiaomi-redmi-note-15-pro-256gb-schwarz-5g-details?ohne-tarif=nein&zielgruppe=privatkunden&ratenzahlung=36&vertragsart=ratenzahlung&tarif=o2-mobile-on-demand-m-plus;xiaomi-redmi-note-15-pro-256gb-schwarz-5g;Schätzung;Tarifgrundpreis Monat 25–36
Bündel;Redmi Note 15 Pro;256;o2;netzbetreiber;O2 Mobile Unlimited S Special mit 15 MBit/s (24 Mon.);XL;neu;1,00;24,99;10,00;;36;39,99;36;;;2026-10-06;https://www.o2online.de/e-shop/xiaomi/xiaomi-redmi-note-15-pro-256gb-schwarz-5g-details?ohne-tarif=nein&zielgruppe=privatkunden&ratenzahlung=36&vertragsart=ratenzahlung&tarif=o2-mobile-on-demand-m-plus;xiaomi-redmi-note-15-pro-256gb-schwarz-5g;Schätzung;Tarifgrundpreis Monat 25–36
Bündel;Redmi Note 15 Pro;256;o2;netzbetreiber;O2 Mobile Unlimited S Special Plus mit 15 MBit/s (24 Mon.);XL;neu;1,00;19,99;10,00;;36;39,99;36;;;2026-10-06;https://www.o2online.de/e-shop/xiaomi/xiaomi-redmi-note-15-pro-256gb-schwarz-5g-details?ohne-tarif=nein&zielgruppe=privatkunden&ratenzahlung=36&vertragsart=ratenzahlung&tarif=o2-mobile-on-demand-m-plus;xiaomi-redmi-note-15-pro-256gb-schwarz-5g;Schätzung;Tarifgrundpreis Monat 25–36
Bündel;Redmi Note 17;128;o2;netzbetreiber;O2 Mobile L mit 150 GB+ (24 Mon.);L;neu;7,00;24,99;9,50;;36;0,00;36;;;2026-10-06;https://www.o2online.de/e-shop/xiaomi/xiaomi-redmi-note-17-128gb-purple-5g-details?ohne-tarif=nein&zielgruppe=privatkunden&ratenzahlung=36&vertragsart=ratenzahlung&tarif=o2-mobile-on-demand-m;xiaomi-redmi-note-17-128gb-purple-5g;Schätzung;Tarifgrundpreis Monat 25–36
Bündel;Redmi Note 17;128;o2;netzbetreiber;O2 Mobile on Demand M mit 50 GB+ (24 Mon.);M;neu;7,00;19,99;9,50;;36;39,99;36;;;2026-10-07;https://www.o2online.de/e-shop/xiaomi/xiaomi-redmi-note-17-128gb-purple-5g-details?ohne-tarif=nein&zielgruppe=privatkunden&ratenzahlung=36&vertragsart=ratenzahlung&tarif=o2-mobile-on-demand-m;xiaomi-redmi-note-17-128gb-purple-5g;;Tarifgrundpreis Monat 25–36
Bündel;Redmi Note 17;128;o2;netzbetreiber;O2 Mobile S mit 15 GB+ (24 Mon.);XS;neu;7,00;14,99;9,50;;36;39,99;36;;;2026-10-06;https://www.o2online.de/e-shop/xiaomi/xiaomi-redmi-note-17-128gb-purple-5g-details?ohne-tarif=nein&zielgruppe=privatkunden&ratenzahlung=36&vertragsart=ratenzahlung&tarif=o2-mobile-on-demand-m;xiaomi-redmi-note-17-128gb-purple-5g;Schätzung;Tarifgrundpreis Monat 25–36
Bündel;Redmi Note 17;128;o2;netzbetreiber;O2 Mobile Unlimited L mit 300 MBit/s (24 Mon.);XL;neu;7,00;39,99;9,50;;36;0,00;36;;;2026-10-06;https://www.o2online.de/e-shop/xiaomi/xiaomi-redmi-note-17-128gb-purple-5g-details?ohne-tarif=nein&zielgruppe=privatkunden&ratenzahlung=36&vertragsart=ratenzahlung&tarif=o2-mobile-on-demand-m;xiaomi-redmi-note-17-128gb-purple-5g;Schätzung;Tarifgrundpreis Monat 25–36
Bündel;Redmi Note 17;128;o2;netzbetreiber;O2 Mobile Unlimited M mit 100 MBit/s (24 Mon.);XL;neu;7,00;29,99;9,50;;36;0,00;36;;;2026-10-06;https://www.o2online.de/e-shop/xiaomi/xiaomi-redmi-note-17-128gb-purple-5g-details?ohne-tarif=nein&zielgruppe=privatkunden&ratenzahlung=36&vertragsart=ratenzahlung&tarif=o2-mobile-on-demand-m;xiaomi-redmi-note-17-128gb-purple-5g;Schätzung;Tarifgrundpreis Monat 25–36
Bündel;Redmi Note 17;128;o2;netzbetreiber;O2 Mobile Unlimited S Special mit 15 MBit/s (24 Mon.);XL;neu;7,00;24,99;9,50;;36;39,99;36;;;2026-10-06;https://www.o2online.de/e-shop/xiaomi/xiaomi-redmi-note-17-128gb-purple-5g-details?ohne-tarif=nein&zielgruppe=privatkunden&ratenzahlung=36&vertragsart=ratenzahlung&tarif=o2-mobile-on-demand-m;xiaomi-redmi-note-17-128gb-purple-5g;Schätzung;Tarifgrundpreis Monat 25–36
Bündel;Redmi Note 17 Pro;256;o2;netzbetreiber;O2 Mobile L mit 150 GB+ (24 Mon.);L;neu;1,00;24,99;13,00;;36;0,00;36;;;2026-10-07;https://www.o2online.de/e-shop/xiaomi/xiaomi-redmi-note-17-pro-256gb-blue-5g-details?ohne-tarif=nein&zielgruppe=privatkunden&ratenzahlung=36&vertragsart=ratenzahlung&tarif=o2-mobile-on-demand-m-plus;xiaomi-redmi-note-17-pro-256gb-blue-5g;Schätzung;Tarifgrundpreis Monat 25–36
Bündel;Redmi Note 17 Pro;256;o2;netzbetreiber;O2 Mobile L Plus mit 150 GB+ (24 Mon.);L;neu;1,00;19,99;13,00;;36;0,00;36;;;2026-10-07;https://www.o2online.de/e-shop/xiaomi/xiaomi-redmi-note-17-pro-256gb-blue-5g-details?ohne-tarif=nein&zielgruppe=privatkunden&ratenzahlung=36&vertragsart=ratenzahlung&tarif=o2-mobile-on-demand-m-plus;xiaomi-redmi-note-17-pro-256gb-blue-5g;Schätzung;Tarifgrundpreis Monat 25–36
Bündel;Redmi Note 17 Pro;256;o2;netzbetreiber;O2 Mobile on Demand M mit 50 GB+ (24 Mon.);M;neu;1,00;19,99;13,00;;36;39,99;36;;;2026-10-07;https://www.o2online.de/e-shop/xiaomi/xiaomi-redmi-note-17-pro-256gb-blue-5g-details?ohne-tarif=nein&zielgruppe=privatkunden&ratenzahlung=36&vertragsart=ratenzahlung&tarif=o2-mobile-on-demand-m-plus;xiaomi-redmi-note-17-pro-256gb-blue-5g;Schätzung;Tarifgrundpreis Monat 25–36
Bündel;Redmi Note 17 Pro;256;o2;netzbetreiber;O2 Mobile on Demand M Plus mit 50 GB+ (24 Mon.);M;neu;1,00;14,99;13,00;;36;39,99;36;;;2026-10-07;https://www.o2online.de/e-shop/xiaomi/xiaomi-redmi-note-17-pro-256gb-blue-5g-details?ohne-tarif=nein&zielgruppe=privatkunden&ratenzahlung=36&vertragsart=ratenzahlung&tarif=o2-mobile-on-demand-m-plus;xiaomi-redmi-note-17-pro-256gb-blue-5g;;Tarifgrundpreis Monat 25–36
Bündel;Redmi Note 17 Pro;256;o2;netzbetreiber;O2 Mobile S mit 15 GB+ (24 Mon.);XS;neu;1,00;14,99;13,00;;36;39,99;36;;;2026-10-07;https://www.o2online.de/e-shop/xiaomi/xiaomi-redmi-note-17-pro-256gb-blue-5g-details?ohne-tarif=nein&zielgruppe=privatkunden&ratenzahlung=36&vertragsart=ratenzahlung&tarif=o2-mobile-on-demand-m-plus;xiaomi-redmi-note-17-pro-256gb-blue-5g;Schätzung;Tarifgrundpreis Monat 25–36
Bündel;Redmi Note 17 Pro;256;o2;netzbetreiber;O2 Mobile Unlimited L mit 300 MBit/s (24 Mon.);XL;neu;1,00;39,99;13,00;;36;0,00;36;;;2026-10-07;https://www.o2online.de/e-shop/xiaomi/xiaomi-redmi-note-17-pro-256gb-blue-5g-details?ohne-tarif=nein&zielgruppe=privatkunden&ratenzahlung=36&vertragsart=ratenzahlung&tarif=o2-mobile-on-demand-m-plus;xiaomi-redmi-note-17-pro-256gb-blue-5g;Schätzung;Tarifgrundpreis Monat 25–36
Bündel;Redmi Note 17 Pro;256;o2;netzbetreiber;O2 Mobile Unlimited M mit 100 MBit/s (24 Mon.);XL;neu;1,00;29,99;13,00;;36;0,00;36;;;2026-10-07;https://www.o2online.de/e-shop/xiaomi/xiaomi-redmi-note-17-pro-256gb-blue-5g-details?ohne-tarif=nein&zielgruppe=privatkunden&ratenzahlung=36&vertragsart=ratenzahlung&tarif=o2-mobile-on-demand-m-plus;xiaomi-redmi-note-17-pro-256gb-blue-5g;Schätzung;Tarifgrundpreis Monat 25–36
Bündel;Redmi Note 17 Pro;256;o2;netzbetreiber;O2 Mobile Unlimited M Plus mit 100 MBit/s (24 Mon.);XL;neu;1,00;19,99;13,00;;36;0,00;36;;;2026-10-07;https://www.o2online.de/e-shop/xiaomi/xiaomi-redmi-note-17-pro-256gb-blue-5g-details?ohne-tarif=nein&zielgruppe=privatkunden&ratenzahlung=36&vertragsart=ratenzahlung&tarif=o2-mobile-on-demand-m-plus;xiaomi-redmi-note-17-pro-256gb-blue-5g;Schätzung;Tarifgrundpreis Monat 25–36
Bündel;Redmi Note 17 Pro;256;o2;netzbetreiber;O2 Mobile Unlimited S Special mit 15 MBit/s (24 Mon.);XL;neu;1,00;24,99;13,00;;36;39,99;36;;;2026-10-07;https://www.o2online.de/e-shop/xiaomi/xiaomi-redmi-note-17-pro-256gb-blue-5g-details?ohne-tarif=nein&zielgruppe=privatkunden&ratenzahlung=36&vertragsart=ratenzahlung&tarif=o2-mobile-on-demand-m-plus;xiaomi-redmi-note-17-pro-256gb-blue-5g;Schätzung;Tarifgrundpreis Monat 25–36
Bündel;Redmi Note 17 Pro;256;o2;netzbetreiber;O2 Mobile Unlimited S Special Plus mit 15 MBit/s (24 Mon.);XL;neu;1,00;19,99;13,00;;36;39,99;36;;;2026-10-07;https://www.o2online.de/e-shop/xiaomi/xiaomi-redmi-note-17-pro-256gb-blue-5g-details?ohne-tarif=nein&zielgruppe=privatkunden&ratenzahlung=36&vertragsart=ratenzahlung&tarif=o2-mobile-on-demand-m-plus;xiaomi-redmi-note-17-pro-256gb-blue-5g;Schätzung;Tarifgrundpreis Monat 25–36
Bündel;Redmi Note 17 Pro Max;256;o2;netzbetreiber;O2 Mobile L mit 150 GB+ (24 Mon.);L;neu;1,00;24,99;16,50;;36;0,00;36;;;2026-10-06;https://www.o2online.de/e-shop/xiaomi/xiaomi-redmi-note-17-pro-max-256gb-cloud-5g-details?ohne-tarif=nein&zielgruppe=privatkunden&ratenzahlung=36&vertragsart=ratenzahlung&tarif=o2-mobile-on-demand-m-plus;xiaomi-redmi-note-17-pro-max-256gb-cloud-5g;Schätzung;Tarifgrundpreis Monat 25–36
Bündel;Redmi Note 17 Pro Max;256;o2;netzbetreiber;O2 Mobile L Plus mit 150 GB+ (24 Mon.);L;neu;1,00;19,99;16,50;;36;0,00;36;;;2026-10-06;https://www.o2online.de/e-shop/xiaomi/xiaomi-redmi-note-17-pro-max-256gb-cloud-5g-details?ohne-tarif=nein&zielgruppe=privatkunden&ratenzahlung=36&vertragsart=ratenzahlung&tarif=o2-mobile-on-demand-m-plus;xiaomi-redmi-note-17-pro-max-256gb-cloud-5g;Schätzung;Tarifgrundpreis Monat 25–36
Bündel;Redmi Note 17 Pro Max;256;o2;netzbetreiber;O2 Mobile on Demand M mit 50 GB+ (24 Mon.);M;neu;1,00;19,99;16,50;;36;39,99;36;;;2026-10-06;https://www.o2online.de/e-shop/xiaomi/xiaomi-redmi-note-17-pro-max-256gb-cloud-5g-details?ohne-tarif=nein&zielgruppe=privatkunden&ratenzahlung=36&vertragsart=ratenzahlung&tarif=o2-mobile-on-demand-m-plus;xiaomi-redmi-note-17-pro-max-256gb-cloud-5g;Schätzung;Tarifgrundpreis Monat 25–36
Bündel;Redmi Note 17 Pro Max;256;o2;netzbetreiber;O2 Mobile on Demand M Plus mit 50 GB+ (24 Mon.);M;neu;1,00;14,99;16,50;;36;39,99;36;;;2026-10-07;https://www.o2online.de/e-shop/xiaomi/xiaomi-redmi-note-17-pro-max-256gb-cloud-5g-details?ohne-tarif=nein&zielgruppe=privatkunden&ratenzahlung=36&vertragsart=ratenzahlung&tarif=o2-mobile-on-demand-m-plus;xiaomi-redmi-note-17-pro-max-256gb-cloud-5g;;Tarifgrundpreis Monat 25–36
Bündel;Redmi Note 17 Pro Max;256;o2;netzbetreiber;O2 Mobile S mit 15 GB+ (24 Mon.);XS;neu;1,00;14,99;16,50;;36;39,99;36;;;2026-10-06;https://www.o2online.de/e-shop/xiaomi/xiaomi-redmi-note-17-pro-max-256gb-cloud-5g-details?ohne-tarif=nein&zielgruppe=privatkunden&ratenzahlung=36&vertragsart=ratenzahlung&tarif=o2-mobile-on-demand-m-plus;xiaomi-redmi-note-17-pro-max-256gb-cloud-5g;Schätzung;Tarifgrundpreis Monat 25–36
Bündel;Redmi Note 17 Pro Max;256;o2;netzbetreiber;O2 Mobile Unlimited L mit 300 MBit/s (24 Mon.);XL;neu;1,00;39,99;16,50;;36;0,00;36;;;2026-10-06;https://www.o2online.de/e-shop/xiaomi/xiaomi-redmi-note-17-pro-max-256gb-cloud-5g-details?ohne-tarif=nein&zielgruppe=privatkunden&ratenzahlung=36&vertragsart=ratenzahlung&tarif=o2-mobile-on-demand-m-plus;xiaomi-redmi-note-17-pro-max-256gb-cloud-5g;Schätzung;Tarifgrundpreis Monat 25–36
Bündel;Redmi Note 17 Pro Max;256;o2;netzbetreiber;O2 Mobile Unlimited M mit 100 MBit/s (24 Mon.);XL;neu;1,00;29,99;16,50;;36;0,00;36;;;2026-10-06;https://www.o2online.de/e-shop/xiaomi/xiaomi-redmi-note-17-pro-max-256gb-cloud-5g-details?ohne-tarif=nein&zielgruppe=privatkunden&ratenzahlung=36&vertragsart=ratenzahlung&tarif=o2-mobile-on-demand-m-plus;xiaomi-redmi-note-17-pro-max-256gb-cloud-5g;Schätzung;Tarifgrundpreis Monat 25–36
Bündel;Redmi Note 17 Pro Max;256;o2;netzbetreiber;O2 Mobile Unlimited M Plus mit 100 MBit/s (24 Mon.);XL;neu;1,00;19,99;16,50;;36;0,00;36;;;2026-10-06;https://www.o2online.de/e-shop/xiaomi/xiaomi-redmi-note-17-pro-max-256gb-cloud-5g-details?ohne-tarif=nein&zielgruppe=privatkunden&ratenzahlung=36&vertragsart=ratenzahlung&tarif=o2-mobile-on-demand-m-plus;xiaomi-redmi-note-17-pro-max-256gb-cloud-5g;Schätzung;Tarifgrundpreis Monat 25–36
Bündel;Redmi Note 17 Pro Max;256;o2;netzbetreiber;O2 Mobile Unlimited S Special mit 15 MBit/s (24 Mon.);XL;neu;1,00;24,99;16,50;;36;39,99;36;;;2026-10-06;https://www.o2online.de/e-shop/xiaomi/xiaomi-redmi-note-17-pro-max-256gb-cloud-5g-details?ohne-tarif=nein&zielgruppe=privatkunden&ratenzahlung=36&vertragsart=ratenzahlung&tarif=o2-mobile-on-demand-m-plus;xiaomi-redmi-note-17-pro-max-256gb-cloud-5g;Schätzung;Tarifgrundpreis Monat 25–36
Bündel;Redmi Note 17 Pro Max;256;o2;netzbetreiber;O2 Mobile Unlimited S Special Plus mit 15 MBit/s (24 Mon.);XL;neu;1,00;19,99;16,50;;36;39,99;36;;;2026-10-06;https://www.o2online.de/e-shop/xiaomi/xiaomi-redmi-note-17-pro-max-256gb-cloud-5g-details?ohne-tarif=nein&zielgruppe=privatkunden&ratenzahlung=36&vertragsart=ratenzahlung&tarif=o2-mobile-on-demand-m-plus;xiaomi-redmi-note-17-pro-max-256gb-cloud-5g;Schätzung;Tarifgrundpreis Monat 25–36
