Listungs-ID;SKU-ID;Anbieter;Hersteller;Modell;Datum;Preis EUR;Preisart;Tarifreferenz;Verfuegbarkeit;Quelle
aldi-talk--apple-iphone-15-128gb-schwarz-refurbished;apple-iphone-15-128gb-schwarz-refurbished;ALDI TALK;Apple;iPhone 15;2026-08-10;499,00;ohne Vertrag;;lieferbar;https://www.alditalk.de/p/apple-apple-iphone-15-5g-128-gb-refurbished--schwarz-a3090-30041755A1?FF_QUERY=*%3Acategory_id%3BG5DE0Z0SIKUBHRGTNF411A7XPLN9RV3D&FF_POS=18&FF_PAGE=1&FF_PAGESIZE=30&FF_SCORE=100.0&FF_CAMPAIGN=&FF_CAMPAIGN_PAGE_ID=
mobilcom-debitel--apple-iphone-16e-128gb-schwarz;apple-iphone-16e-128gb-schwarz;mobilcom-debitel;Apple;iPhone 16e;2026-08-10;599,00;ohne Vertrag;;lieferbar;https://www.freenet.de/handys-smartphones/p/P-M-3925066?ds=P-4038730
mobilcom-debitel--apple-iphone-16e-128gb-weiss;apple-iphone-16e-128gb-weiss;mobilcom-debitel;Apple;iPhone 16e;2026-08-10;599,00;ohne Vertrag;;lieferbar;https://www.freenet.de/handys-smartphones/p/P-M-3925066?ds=P-4038739
mobilcom-debitel--apple-iphone-16e-256gb-schwarz;apple-iphone-16e-256gb-schwarz;mobilcom-debitel;Apple;iPhone 16e;2026-08-10;829,00;ohne Vertrag;;lieferbar;https://www.freenet.de/handys-smartphones/p/P-M-3925066?ds=P-4038742
mobilcom-debitel--apple-iphone-16e-256gb-weiss;apple-iphone-16e-256gb-weiss;mobilcom-debitel;Apple;iPhone 16e;2026-08-10;829,00;ohne Vertrag;;lieferbar;https://www.freenet.de/handys-smartphones/p/P-M-3925066?ds=P-4038751
mobilcom-debitel--apple-iphone-16e-512gb-schwarz;apple-iphone-16e-512gb-schwarz;mobilcom-debitel;Apple;iPhone 16e;2026-08-10;1079,00;ohne Vertrag;;lieferbar;https://www.freenet.de/handys-smartphones/p/P-M-3925066?ds=P-4038754
mobilcom-debitel--apple-iphone-16e-512gb-weiss;apple-iphone-16e-512gb-weiss;mobilcom-debitel;Apple;iPhone 16e;2026-08-10;1079,00;ohne Vertrag;;lieferbar;https://www.freenet.de/handys-smartphones/p/P-M-3925066?ds=P-4038763
mobilcom-debitel--apple-iphone-17-256gb-gruen;apple-iphone-17-256gb-gruen;mobilcom-debitel;Apple;iPhone 17;2026-08-10;949,00;ohne Vertrag;;lieferbar;https://www.freenet.de/handys-smartphones/p/P-M-4234655?ds=P-4356761
mobilcom-debitel--apple-iphone-17-256gb-nebelblau;apple-iphone-17-256gb-nebelblau;mobilcom-debitel;Apple;iPhone 17;2026-08-10;949,00;ohne Vertrag;;lieferbar;https://www.freenet.de/handys-smartphones/p/P-M-4234655?ds=P-4356755
mobilcom-debitel--apple-iphone-17-256gb-schwarz;apple-iphone-17-256gb-schwarz;mobilcom-debitel;Apple;iPhone 17;2026-08-10;949,00;ohne Vertrag;;lieferbar;https://www.freenet.de/handys-smartphones/p/P-M-4234655?ds=P-4356749
mobilcom-debitel--apple-iphone-17-256gb-violett;apple-iphone-17-256gb-violett;mobilcom-debitel;Apple;iPhone 17;2026-08-10;949,00;ohne Vertrag;;lieferbar;https://www.freenet.de/handys-smartphones/p/P-M-4234655?ds=P-4356758
mobilcom-debitel--apple-iphone-17-256gb-weiss;apple-iphone-17-256gb-weiss;mobilcom-debitel;Apple;iPhone 17;2026-08-10;949,00;ohne Vertrag;;lieferbar;https://www.freenet.de/handys-smartphones/p/P-M-4234655?ds=P-4356752
mobilcom-debitel--apple-iphone-17-512gb-gruen;apple-iphone-17-512gb-gruen;mobilcom-debitel;Apple;iPhone 17;2026-08-10;1199,00;ohne Vertrag;;lieferbar;https://www.freenet.de/handys-smartphones/p/P-M-4234655?ds=P-4356776
mobilcom-debitel--apple-iphone-17-512gb-nebelblau;apple-iphone-17-512gb-nebelblau;mobilcom-debitel;Apple;iPhone 17;2026-08-10;1199,00;ohne Vertrag;;lieferbar;https://www.freenet.de/handys-smartphones/p/P-M-4234655?ds=P-4356770
mobilcom-debitel--apple-iphone-17-512gb-schwarz;apple-iphone-17-512gb-schwarz;mobilcom-debitel;Apple;iPhone 17;2026-08-10;1199,00;ohne Vertrag;;lieferbar;https://www.freenet.de/handys-smartphones/p/P-M-4234655?ds=P-4356764
mobilcom-debitel--apple-iphone-17-512gb-violett;apple-iphone-17-512gb-violett;mobilcom-debitel;Apple;iPhone 17;2026-08-10;1199,00;ohne Vertrag;;lieferbar;https://www.freenet.de/handys-smartphones/p/P-M-4234655?ds=P-4356773
mobilcom-debitel--apple-iphone-17-512gb-weiss;apple-iphone-17-512gb-weiss;mobilcom-debitel;Apple;iPhone 17;2026-08-10;1199,00;ohne Vertrag;;lieferbar;https://www.freenet.de/handys-smartphones/p/P-M-4234655?ds=P-4356767
mobilcom-debitel--apple-iphone-17-pro-1024gb-cosmic-orange;apple-iphone-17-pro-1024gb-cosmic-orange;mobilcom-debitel;Apple;iPhone 17 Pro;2026-08-10;1799,00;ohne Vertrag;;lieferbar;https://www.freenet.de/handys-smartphones/p/P-M-4234664?ds=P-4356836
mobilcom-debitel--apple-iphone-17-pro-1024gb-silber;apple-iphone-17-pro-1024gb-silber;mobilcom-debitel;Apple;iPhone 17 Pro;2026-08-10;1799,00;ohne Vertrag;;lieferbar;https://www.freenet.de/handys-smartphones/p/P-M-4234664?ds=P-4356833
mobilcom-debitel--apple-iphone-17-pro-1024gb-tiefblau;apple-iphone-17-pro-1024gb-tiefblau;mobilcom-debitel;Apple;iPhone 17 Pro;2026-08-10;1799,00;ohne Vertrag;;lieferbar;https://www.freenet.de/handys-smartphones/p/P-M-4234664?ds=P-4356839
mobilcom-debitel--apple-iphone-17-pro-256gb-cosmic-orange;apple-iphone-17-pro-256gb-cosmic-orange;mobilcom-debitel;Apple;iPhone 17 Pro;2026-08-10;1299,00;ohne Vertrag;;lieferbar;https://www.freenet.de/handys-smartphones/p/P-M-4234664?ds=P-4356818
mobilcom-debitel--apple-iphone-17-pro-256gb-silber;apple-iphone-17-pro-256gb-silber;mobilcom-debitel;Apple;iPhone 17 Pro;2026-08-10;1299,00;ohne Vertrag;;lieferbar;https://www.freenet.de/handys-smartphones/p/P-M-4234664?ds=P-4356815
mobilcom-debitel--apple-iphone-17-pro-256gb-tiefblau;apple-iphone-17-pro-256gb-tiefblau;mobilcom-debitel;Apple;iPhone 17 Pro;2026-08-10;1299,00;ohne Vertrag;;lieferbar;https://www.freenet.de/handys-smartphones/p/P-M-4234664?ds=P-4356821
mobilcom-debitel--apple-iphone-17-pro-512gb-cosmic-orange;apple-iphone-17-pro-512gb-cosmic-orange;mobilcom-debitel;Apple;iPhone 17 Pro;2026-08-10;1549,00;ohne Vertrag;;lieferbar;https://www.freenet.de/handys-smartphones/p/P-M-4234664?ds=P-4356827
mobilcom-debitel--apple-iphone-17-pro-512gb-silber;apple-iphone-17-pro-512gb-silber;mobilcom-debitel;Apple;iPhone 17 Pro;2026-08-10;1549,00;ohne Vertrag;;lieferbar;https://www.freenet.de/handys-smartphones/p/P-M-4234664?ds=P-4356824
mobilcom-debitel--apple-iphone-17-pro-512gb-tiefblau;apple-iphone-17-pro-512gb-tiefblau;mobilcom-debitel;Apple;iPhone 17 Pro;2026-08-10;1549,00;ohne Vertrag;;lieferbar;https://www.freenet.de/handys-smartphones/p/P-M-4234664?ds=P-4356830
mobilcom-debitel--apple-iphone-17-pro-max-1024gb-cosmic-orange;apple-iphone-17-pro-max-1024gb-cosmic-orange;mobilcom-debitel;Apple;iPhone 17 Pro Max;2026-08-10;1949,00;ohne Vertrag;;lieferbar;https://www.freenet.de/handys-smartphones/p/P-M-4234679?ds=P-4356863
mobilcom-debitel--apple-iphone-17-pro-max-1024gb-silber;apple-iphone-17-pro-max-1024gb-silber;mobilcom-debitel;Apple;iPhone 17 Pro Max;2026-08-10;1949,00;ohne Vertrag;;lieferbar;https://www.freenet.de/handys-smartphones/p/P-M-4234679?ds=P-4356860
mobilcom-debitel--apple-iphone-17-pro-max-1024gb-tiefblau;apple-iphone-17-pro-max-1024gb-tiefblau;mobilcom-debitel;Apple;iPhone 17 Pro Max;2026-08-10;1949,00;ohne Vertrag;;lieferbar;https://www.freenet.de/handys-smartphones/p/P-M-4234679?ds=P-4356866
mobilcom-debitel--apple-iphone-17-pro-max-2048gb-cosmic-orange;apple-iphone-17-pro-max-2048gb-cosmic-orange;mobilcom-debitel;Apple;iPhone 17 Pro Max;2026-08-10;2449,00;ohne Vertrag;;lieferbar;https://www.freenet.de/handys-smartphones/p/P-M-4234679?ds=P-4356872
mobilcom-debitel--apple-iphone-17-pro-max-2048gb-silber;apple-iphone-17-pro-max-2048gb-silber;mobilcom-debitel;Apple;iPhone 17 Pro Max;2026-08-10;2449,00;ohne Vertrag;;lieferbar;https://www.freenet.de/handys-smartphones/p/P-M-4234679?ds=P-4356869
mobilcom-debitel--apple-iphone-17-pro-max-2048gb-tiefblau;apple-iphone-17-pro-max-2048gb-tiefblau;mobilcom-debitel;Apple;iPhone 17 Pro Max;2026-08-10;2449,00;ohne Vertrag;;lieferbar;https://www.freenet.de/handys-smartphones/p/P-M-4234679?ds=P-4356875
mobilcom-debitel--apple-iphone-17-pro-max-256gb-cosmic-orange;apple-iphone-17-pro-max-256gb-cosmic-orange;mobilcom-debitel;Apple;iPhone 17 Pro Max;2026-08-10;1449,00;ohne Vertrag;;lieferbar;https://www.freenet.de/handys-smartphones/p/P-M-4234679?ds=P-4356845
mobilcom-debitel--apple-iphone-17-pro-max-256gb-silber;apple-iphone-17-pro-max-256gb-silber;mobilcom-debitel;Apple;iPhone 17 Pro Max;2026-08-10;1449,00;ohne Vertrag;;lieferbar;https://www.freenet.de/handys-smartphones/p/P-M-4234679?ds=P-4356842
mobilcom-debitel--apple-iphone-17-pro-max-256gb-tiefblau;apple-iphone-17-pro-max-256gb-tiefblau;mobilcom-debitel;Apple;iPhone 17 Pro Max;2026-08-10;1449,00;ohne Vertrag;;lieferbar;https://www.freenet.de/handys-smartphones/p/P-M-4234679?ds=P-4356848
mobilcom-debitel--apple-iphone-17-pro-max-512gb-cosmic-orange;apple-iphone-17-pro-max-512gb-cosmic-orange;mobilcom-debitel;Apple;iPhone 17 Pro Max;2026-08-10;1699,00;ohne Vertrag;;lieferbar;https://www.freenet.de/handys-smartphones/p/P-M-4234679?ds=P-4356854
mobilcom-debitel--apple-iphone-17-pro-max-512gb-silber;apple-iphone-17-pro-max-512gb-silber;mobilcom-debitel;Apple;iPhone 17 Pro Max;2026-08-10;1699,00;ohne Vertrag;;lieferbar;https://www.freenet.de/handys-smartphones/p/P-M-4234679?ds=P-4356851
mobilcom-debitel--apple-iphone-17-pro-max-512gb-tiefblau;apple-iphone-17-pro-max-512gb-tiefblau;mobilcom-debitel;Apple;iPhone 17 Pro Max;2026-08-10;1699,00;ohne Vertrag;;lieferbar;https://www.freenet.de/handys-smartphones/p/P-M-4234679?ds=P-4356857
mobilcom-debitel--google-pixel-10-128gb-frost;google-pixel-10-128gb-frost;mobilcom-debitel;Google;Pixel 10;2026-08-10;899,00;ohne Vertrag;;lieferbar;https://www.freenet.de/handys-smartphones/p/P-M-4206117?ds=P-4292922
mobilcom-debitel--google-pixel-10-128gb-indigo;google-pixel-10-128gb-indigo;mobilcom-debitel;Google;Pixel 10;2026-08-10;899,00;ohne Vertrag;;lieferbar;https://www.freenet.de/handys-smartphones/p/P-M-4206117?ds=P-4292928
mobilcom-debitel--google-pixel-10-128gb-lemongrass;google-pixel-10-128gb-lemongrass;mobilcom-debitel;Google;Pixel 10;2026-08-10;899,00;ohne Vertrag;;lieferbar;https://www.freenet.de/handys-smartphones/p/P-M-4206117?ds=P-4292925
mobilcom-debitel--google-pixel-10-128gb-schwarz;google-pixel-10-128gb-schwarz;mobilcom-debitel;Google;Pixel 10;2026-08-10;899,00;ohne Vertrag;;lieferbar;https://www.freenet.de/handys-smartphones/p/P-M-4206117?ds=P-4292919
mobilcom-debitel--google-pixel-10-256gb-frost;google-pixel-10-256gb-frost;mobilcom-debitel;Google;Pixel 10;2026-08-10;999,00;ohne Vertrag;;lieferbar;https://www.freenet.de/handys-smartphones/p/P-M-4206117?ds=P-4292934
mobilcom-debitel--google-pixel-10-256gb-indigo;google-pixel-10-256gb-indigo;mobilcom-debitel;Google;Pixel 10;2026-08-10;999,00;ohne Vertrag;;lieferbar;https://www.freenet.de/handys-smartphones/p/P-M-4206117?ds=P-4292940
mobilcom-debitel--google-pixel-10-256gb-lemongrass;google-pixel-10-256gb-lemongrass;mobilcom-debitel;Google;Pixel 10;2026-08-10;999,00;ohne Vertrag;;lieferbar;https://www.freenet.de/handys-smartphones/p/P-M-4206117?ds=P-4292937
mobilcom-debitel--google-pixel-10-256gb-schwarz;google-pixel-10-256gb-schwarz;mobilcom-debitel;Google;Pixel 10;2026-08-10;999,00;ohne Vertrag;;lieferbar;https://www.freenet.de/handys-smartphones/p/P-M-4206117?ds=P-4292931
mobilcom-debitel--google-pixel-10-pro-128gb-moonstone;google-pixel-10-pro-128gb-moonstone;mobilcom-debitel;Google;Pixel 10 Pro;2026-08-10;1099,00;ohne Vertrag;;lieferbar;https://www.freenet.de/handys-smartphones/p/P-M-4206120?ds=P-4292949
mobilcom-debitel--google-pixel-10-pro-128gb-schwarz;google-pixel-10-pro-128gb-schwarz;mobilcom-debitel;Google;Pixel 10 Pro;2026-08-10;1099,00;ohne Vertrag;;lieferbar;https://www.freenet.de/handys-smartphones/p/P-M-4206120?ds=P-4292943
mobilcom-debitel--google-pixel-10-pro-128gb-weiss;google-pixel-10-pro-128gb-weiss;mobilcom-debitel;Google;Pixel 10 Pro;2026-08-10;1099,00;ohne Vertrag;;lieferbar;https://www.freenet.de/handys-smartphones/p/P-M-4206120?ds=P-4292946
mobilcom-debitel--google-pixel-10-pro-256gb-jade;google-pixel-10-pro-256gb-jade;mobilcom-debitel;Google;Pixel 10 Pro;2026-08-10;1199,00;ohne Vertrag;;lieferbar;https://www.freenet.de/handys-smartphones/p/P-M-4206120?ds=P-4292961
mobilcom-debitel--google-pixel-10-pro-256gb-moonstone;google-pixel-10-pro-256gb-moonstone;mobilcom-debitel;Google;Pixel 10 Pro;2026-08-10;1199,00;ohne Vertrag;;lieferbar;https://www.freenet.de/handys-smartphones/p/P-M-4206120?ds=P-4292958
mobilcom-debitel--google-pixel-10-pro-256gb-schwarz;google-pixel-10-pro-256gb-schwarz;mobilcom-debitel;Google;Pixel 10 Pro;2026-08-10;1199,00;ohne Vertrag;;lieferbar;https://www.freenet.de/handys-smartphones/p/P-M-4206120?ds=P-4292952
mobilcom-debitel--google-pixel-10-pro-256gb-weiss;google-pixel-10-pro-256gb-weiss;mobilcom-debitel;Google;Pixel 10 Pro;2026-08-10;1199,00;ohne Vertrag;;lieferbar;https://www.freenet.de/handys-smartphones/p/P-M-4206120?ds=P-4292955
mobilcom-debitel--google-pixel-10-pro-xl-256gb-jade;google-pixel-10-pro-xl-256gb-jade;mobilcom-debitel;Google;Pixel 10 Pro XL;2026-08-10;1299,00;ohne Vertrag;;lieferbar;https://www.freenet.de/handys-smartphones/p/P-M-4206126?ds=P-4292982
mobilcom-debitel--google-pixel-10-pro-xl-256gb-moonstone;google-pixel-10-pro-xl-256gb-moonstone;mobilcom-debitel;Google;Pixel 10 Pro XL;2026-08-10;1299,00;ohne Vertrag;;lieferbar;https://www.freenet.de/handys-smartphones/p/P-M-4206126?ds=P-4292979
mobilcom-debitel--google-pixel-10-pro-xl-256gb-schwarz;google-pixel-10-pro-xl-256gb-schwarz;mobilcom-debitel;Google;Pixel 10 Pro XL;2026-08-10;1299,00;ohne Vertrag;;lieferbar;https://www.freenet.de/handys-smartphones/p/P-M-4206126?ds=P-4292973
mobilcom-debitel--google-pixel-10-pro-xl-256gb-weiss;google-pixel-10-pro-xl-256gb-weiss;mobilcom-debitel;Google;Pixel 10 Pro XL;2026-08-10;1299,00;ohne Vertrag;;lieferbar;https://www.freenet.de/handys-smartphones/p/P-M-4206126?ds=P-4292976
mobilcom-debitel--google-pixel-10-pro-xl-512gb-moonstone;google-pixel-10-pro-xl-512gb-moonstone;mobilcom-debitel;Google;Pixel 10 Pro XL;2026-08-10;1429,00;ohne Vertrag;;lieferbar;https://www.freenet.de/handys-smartphones/p/P-M-4206126?ds=P-4292991
mobilcom-debitel--google-pixel-10-pro-xl-512gb-schwarz;google-pixel-10-pro-xl-512gb-schwarz;mobilcom-debitel;Google;Pixel 10 Pro XL;2026-08-10;1429,00;ohne Vertrag;;lieferbar;https://www.freenet.de/handys-smartphones/p/P-M-4206126?ds=P-4292985
mobilcom-debitel--google-pixel-10-pro-xl-512gb-weiss;google-pixel-10-pro-xl-512gb-weiss;mobilcom-debitel;Google;Pixel 10 Pro XL;2026-08-10;1429,00;ohne Vertrag;;lieferbar;https://www.freenet.de/handys-smartphones/p/P-M-4206126?ds=P-4292988
mobilcom-debitel--samsung-galaxy-s25-128gb-blau;samsung-galaxy-s25-128gb-blau;mobilcom-debitel;Samsung;Galaxy S25;2026-08-10;899,00;ohne Vertrag;;lieferbar;https://www.freenet.de/handys-smartphones/p/P-M-3880814?ds=P-3974533
mobilcom-debitel--samsung-galaxy-s25-128gb-blueblack;samsung-galaxy-s25-128gb-blueblack;mobilcom-debitel;Samsung;Galaxy S25;2026-08-10;899,00;ohne Vertrag;;lieferbar;https://www.freenet.de/handys-smartphones/p/P-M-3880814?ds=P-4214157
mobilcom-debitel--samsung-galaxy-s25-128gb-gruen;samsung-galaxy-s25-128gb-gruen;mobilcom-debitel;Samsung;Galaxy S25;2026-08-10;899,00;ohne Vertrag;;lieferbar;https://www.freenet.de/handys-smartphones/p/P-M-3880814?ds=P-3974539
mobilcom-debitel--samsung-galaxy-s25-128gb-silber;samsung-galaxy-s25-128gb-silber;mobilcom-debitel;Samsung;Galaxy S25;2026-08-10;899,00;ohne Vertrag;;lieferbar;https://www.freenet.de/handys-smartphones/p/P-M-3880814?ds=P-3974545
mobilcom-debitel--samsung-galaxy-s25-128gb-silver-shadow-enterprise-edition;samsung-galaxy-s25-128gb-silver-shadow-enterprise-edition;mobilcom-debitel;Samsung;Galaxy S25;2026-08-10;899,00;ohne Vertrag;;lieferbar;https://www.freenet.de/handys-smartphones/p/P-M-3880814?ds=P-4069641
mobilcom-debitel--samsung-galaxy-s25-256gb-blau;samsung-galaxy-s25-256gb-blau;mobilcom-debitel;Samsung;Galaxy S25;2026-08-10;959,00;ohne Vertrag;;lieferbar;https://www.freenet.de/handys-smartphones/p/P-M-3880814?ds=P-3974551
mobilcom-debitel--samsung-galaxy-s25-256gb-blueblack;samsung-galaxy-s25-256gb-blueblack;mobilcom-debitel;Samsung;Galaxy S25;2026-08-10;959,00;ohne Vertrag;;lieferbar;https://www.freenet.de/handys-smartphones/p/P-M-3880814?ds=P-4214160
mobilcom-debitel--samsung-galaxy-s25-256gb-gruen;samsung-galaxy-s25-256gb-gruen;mobilcom-debitel;Samsung;Galaxy S25;2026-08-10;959,00;ohne Vertrag;;lieferbar;https://www.freenet.de/handys-smartphones/p/P-M-3880814?ds=P-3974563
mobilcom-debitel--samsung-galaxy-s25-256gb-silber;samsung-galaxy-s25-256gb-silber;mobilcom-debitel;Samsung;Galaxy S25;2026-08-10;959,00;ohne Vertrag;;lieferbar;https://www.freenet.de/handys-smartphones/p/P-M-3880814?ds=P-3974569
mobilcom-debitel--samsung-galaxy-s26-256gb-cobalt-violet;samsung-galaxy-s26-256gb-cobalt-violet;mobilcom-debitel;Samsung;Galaxy S26;2026-08-10;999,00;ohne Vertrag;;lieferbar;https://www.freenet.de/handys-smartphones/p/P-M-4466891?ds=P-4587260
mobilcom-debitel--samsung-galaxy-s26-256gb-schwarz;samsung-galaxy-s26-256gb-schwarz;mobilcom-debitel;Samsung;Galaxy S26;2026-08-10;999,00;ohne Vertrag;;lieferbar;https://www.freenet.de/handys-smartphones/p/P-M-4466891?ds=P-4587257
mobilcom-debitel--samsung-galaxy-s26-256gb-sky-blue;samsung-galaxy-s26-256gb-sky-blue;mobilcom-debitel;Samsung;Galaxy S26;2026-08-10;999,00;ohne Vertrag;;lieferbar;https://www.freenet.de/handys-smartphones/p/P-M-4466891?ds=P-4587227
mobilcom-debitel--samsung-galaxy-s26-256gb-weiss;samsung-galaxy-s26-256gb-weiss;mobilcom-debitel;Samsung;Galaxy S26;2026-08-10;999,00;ohne Vertrag;;lieferbar;https://www.freenet.de/handys-smartphones/p/P-M-4466891?ds=P-4587263
mobilcom-debitel--samsung-galaxy-s26-512gb-cobalt-violet;samsung-galaxy-s26-512gb-cobalt-violet;mobilcom-debitel;Samsung;Galaxy S26;2026-08-10;1199,00;ohne Vertrag;;lieferbar;https://www.freenet.de/handys-smartphones/p/P-M-4466891?ds=P-4587272
mobilcom-debitel--samsung-galaxy-s26-512gb-schwarz;samsung-galaxy-s26-512gb-schwarz;mobilcom-debitel;Samsung;Galaxy S26;2026-08-10;1199,00;ohne Vertrag;;lieferbar;https://www.freenet.de/handys-smartphones/p/P-M-4466891?ds=P-4587269
mobilcom-debitel--samsung-galaxy-s26-512gb-sky-blue;samsung-galaxy-s26-512gb-sky-blue;mobilcom-debitel;Samsung;Galaxy S26;2026-08-10;1199,00;ohne Vertrag;;lieferbar;https://www.freenet.de/handys-smartphones/p/P-M-4466891?ds=P-4587266
mobilcom-debitel--samsung-galaxy-s26-512gb-weiss;samsung-galaxy-s26-512gb-weiss;mobilcom-debitel;Samsung;Galaxy S26;2026-08-10;1199,00;ohne Vertrag;;lieferbar;https://www.freenet.de/handys-smartphones/p/P-M-4466891?ds=P-4587275
mobilcom-debitel--samsung-galaxy-s26-ultra-256gb-cobalt-violet;samsung-galaxy-s26-ultra-256gb-cobalt-violet;mobilcom-debitel;Samsung;Galaxy S26 Ultra;2026-08-10;1449,00;ohne Vertrag;;lieferbar;https://www.freenet.de/handys-smartphones/p/P-M-4475373?ds=P-4587326
mobilcom-debitel--samsung-galaxy-s26-ultra-256gb-schwarz;samsung-galaxy-s26-ultra-256gb-schwarz;mobilcom-debitel;Samsung;Galaxy S26 Ultra;2026-08-10;1449,00;ohne Vertrag;;lieferbar;https://www.freenet.de/handys-smartphones/p/P-M-4475373?ds=P-4587323
mobilcom-debitel--samsung-galaxy-s26-ultra-256gb-sky-blue;samsung-galaxy-s26-ultra-256gb-sky-blue;mobilcom-debitel;Samsung;Galaxy S26 Ultra;2026-08-10;1449,00;ohne Vertrag;;lieferbar;https://www.freenet.de/handys-smartphones/p/P-M-4475373?ds=P-4587320
mobilcom-debitel--samsung-galaxy-s26-ultra-256gb-weiss;samsung-galaxy-s26-ultra-256gb-weiss;mobilcom-debitel;Samsung;Galaxy S26 Ultra;2026-08-10;1449,00;ohne Vertrag;;lieferbar;https://www.freenet.de/handys-smartphones/p/P-M-4475373?ds=P-4587329
mobilcom-debitel--samsung-galaxy-s26-ultra-512gb-cobalt-violet;samsung-galaxy-s26-ultra-512gb-cobalt-violet;mobilcom-debitel;Samsung;Galaxy S26 Ultra;2026-08-10;1649,00;ohne Vertrag;;lieferbar;https://www.freenet.de/handys-smartphones/p/P-M-4475373?ds=P-4587338
mobilcom-debitel--samsung-galaxy-s26-ultra-512gb-schwarz;samsung-galaxy-s26-ultra-512gb-schwarz;mobilcom-debitel;Samsung;Galaxy S26 Ultra;2026-08-10;1649,00;ohne Vertrag;;lieferbar;https://www.freenet.de/handys-smartphones/p/P-M-4475373?ds=P-4587335
mobilcom-debitel--samsung-galaxy-s26-ultra-512gb-sky-blue;samsung-galaxy-s26-ultra-512gb-sky-blue;mobilcom-debitel;Samsung;Galaxy S26 Ultra;2026-08-10;1649,00;ohne Vertrag;;lieferbar;https://www.freenet.de/handys-smartphones/p/P-M-4475373?ds=P-4587332
mobilcom-debitel--samsung-galaxy-s26-ultra-512gb-weiss;samsung-galaxy-s26-ultra-512gb-weiss;mobilcom-debitel;Samsung;Galaxy S26 Ultra;2026-08-10;1649,00;ohne Vertrag;;lieferbar;https://www.freenet.de/handys-smartphones/p/P-M-4475373?ds=P-4587341
aldi-talk--samsung-galaxy-a17-128gb-schwarz;samsung-galaxy-a17-128gb-schwarz;ALDI TALK;Samsung;Galaxy A17;2026-08-29;129,00;ohne Vertrag;;lieferbar;https://www.alditalk.de/p/samsung-samsung-galaxy-a17-lte-128-gb-black-sm-a175f-dsb--beclad-starter-kit-fur-samsung-galaxy-a17-330042091A1?FF_QUERY=*%3Acategory_id%3BG5DE0Z0SIKUBHRGTNF411A7XPLN9RV3D&FF_POS=22&FF_PAGE=1&FF_PAGESIZE=30&FF_SCORE=100.0&FF_CAMPAIGN=&FF_CAMPAIGN_PAGE_ID=
aldi-talk--samsung-galaxy-a17-128gb-schwarz;samsung-galaxy-a17-128gb-schwarz;ALDI TALK;Samsung;Galaxy A17;2026-08-29;155,00;ohne Vertrag;;lieferbar;https://www.alditalk.de/p/samsung-samsung-galaxy-a17-5g-128-gb-black-sm-a176b-ds-30041613A1?FF_QUERY=*%3Acategory_id%3BG5DE0Z0SIKUBHRGTNF411A7XPLN9RV3D&FF_POS=23&FF_PAGE=1&FF_PAGESIZE=30&FF_SCORE=100.0&FF_CAMPAIGN=&FF_CAMPAIGN_PAGE_ID=
mobilcom-debitel--apple-iphone-17e-256gb-hellrosa;apple-iphone-17e-256gb-hellrosa;mobilcom-debitel;Apple;iPhone 17e;2026-08-29;699,00;ohne Vertrag;;lieferbar;https://www.freenet.de/handys-smartphones/p/P-M-4506544?ds=P-4630240
mobilcom-debitel--apple-iphone-17e-256gb-schwarz;apple-iphone-17e-256gb-schwarz;mobilcom-debitel;Apple;iPhone 17e;2026-08-29;699,00;ohne Vertrag;;lieferbar;https://www.freenet.de/handys-smartphones/p/P-M-4506544?ds=P-4630234
mobilcom-debitel--apple-iphone-17e-256gb-weiss;apple-iphone-17e-256gb-weiss;mobilcom-debitel;Apple;iPhone 17e;2026-08-29;699,00;ohne Vertrag;;lieferbar;https://www.freenet.de/handys-smartphones/p/P-M-4506544?ds=P-4630237
mobilcom-debitel--apple-iphone-17e-512gb-hellrosa;apple-iphone-17e-512gb-hellrosa;mobilcom-debitel;Apple;iPhone 17e;2026-08-29;949,00;ohne Vertrag;;lieferbar;https://www.freenet.de/handys-smartphones/p/P-M-4506544?ds=P-4630249
mobilcom-debitel--apple-iphone-17e-512gb-schwarz;apple-iphone-17e-512gb-schwarz;mobilcom-debitel;Apple;iPhone 17e;2026-08-29;949,00;ohne Vertrag;;lieferbar;https://www.freenet.de/handys-smartphones/p/P-M-4506544?ds=P-4630243
mobilcom-debitel--apple-iphone-17e-512gb-weiss;apple-iphone-17e-512gb-weiss;mobilcom-debitel;Apple;iPhone 17e;2026-08-29;949,00;ohne Vertrag;;lieferbar;https://www.freenet.de/handys-smartphones/p/P-M-4506544?ds=P-4630246
mobilcom-debitel--apple-iphone-air-1024gb-himmelblau;apple-iphone-air-1024gb-himmelblau;mobilcom-debitel;Apple;iPhone Air;2026-08-29;1699,00;ohne Vertrag;;lieferbar;https://www.freenet.de/handys-smartphones/p/P-M-4234658?ds=P-4356812
mobilcom-debitel--apple-iphone-air-1024gb-lichtgold;apple-iphone-air-1024gb-lichtgold;mobilcom-debitel;Apple;iPhone Air;2026-08-29;1699,00;ohne Vertrag;;lieferbar;https://www.freenet.de/handys-smartphones/p/P-M-4234658?ds=P-4356809
mobilcom-debitel--apple-iphone-air-1024gb-schwarz;apple-iphone-air-1024gb-schwarz;mobilcom-debitel;Apple;iPhone Air;2026-08-29;1699,00;ohne Vertrag;;lieferbar;https://www.freenet.de/handys-smartphones/p/P-M-4234658?ds=P-4356803
mobilcom-debitel--apple-iphone-air-1024gb-wolkenweiss;apple-iphone-air-1024gb-wolkenweiss;mobilcom-debitel;Apple;iPhone Air;2026-08-29;1699,00;ohne Vertrag;;lieferbar;https://www.freenet.de/handys-smartphones/p/P-M-4234658?ds=P-4356806
mobilcom-debitel--apple-iphone-air-256gb-himmelblau;apple-iphone-air-256gb-himmelblau;mobilcom-debitel;Apple;iPhone Air;2026-08-29;1199,00;ohne Vertrag;;lieferbar;https://www.freenet.de/handys-smartphones/p/P-M-4234658?ds=P-4356788
mobilcom-debitel--apple-iphone-air-256gb-lichtgold;apple-iphone-air-256gb-lichtgold;mobilcom-debitel;Apple;iPhone Air;2026-08-29;1199,00;ohne Vertrag;;lieferbar;https://www.freenet.de/handys-smartphones/p/P-M-4234658?ds=P-4356785
mobilcom-debitel--apple-iphone-air-256gb-schwarz;apple-iphone-air-256gb-schwarz;mobilcom-debitel;Apple;iPhone Air;2026-08-29;1199,00;ohne Vertrag;;lieferbar;https://www.freenet.de/handys-smartphones/p/P-M-4234658?ds=P-4356779
mobilcom-debitel--apple-iphone-air-256gb-wolkenweiss;apple-iphone-air-256gb-wolkenweiss;mobilcom-debitel;Apple;iPhone Air;2026-08-29;1199,00;ohne Vertrag;;lieferbar;https://www.freenet.de/handys-smartphones/p/P-M-4234658?ds=P-4356782
mobilcom-debitel--apple-iphone-air-512gb-himmelblau;apple-iphone-air-512gb-himmelblau;mobilcom-debitel;Apple;iPhone Air;2026-08-29;1449,00;ohne Vertrag;;lieferbar;https://www.freenet.de/handys-smartphones/p/P-M-4234658?ds=P-4356800
mobilcom-debitel--apple-iphone-air-512gb-lichtgold;apple-iphone-air-512gb-lichtgold;mobilcom-debitel;Apple;iPhone Air;2026-08-29;1449,00;ohne Vertrag;;lieferbar;https://www.freenet.de/handys-smartphones/p/P-M-4234658?ds=P-4356797
mobilcom-debitel--apple-iphone-air-512gb-schwarz;apple-iphone-air-512gb-schwarz;mobilcom-debitel;Apple;iPhone Air;2026-08-29;1449,00;ohne Vertrag;;lieferbar;https://www.freenet.de/handys-smartphones/p/P-M-4234658?ds=P-4356791
mobilcom-debitel--apple-iphone-air-512gb-wolkenweiss;apple-iphone-air-512gb-wolkenweiss;mobilcom-debitel;Apple;iPhone Air;2026-08-29;1449,00;ohne Vertrag;;lieferbar;https://www.freenet.de/handys-smartphones/p/P-M-4234658?ds=P-4356794
mobilcom-debitel--fairphone-6-256gb-forest-green;fairphone-6-256gb-forest-green;mobilcom-debitel;Fairphone;Fairphone 6;2026-08-29;599,00;ohne Vertrag;;lieferbar;https://www.freenet.de/handys-smartphones/p/P-M-4084368?ds=P-4204710
mobilcom-debitel--fairphone-6-256gb-horizon-black;fairphone-6-256gb-horizon-black;mobilcom-debitel;Fairphone;Fairphone 6;2026-08-29;599,00;ohne Vertrag;;lieferbar;https://www.freenet.de/handys-smartphones/p/P-M-4084368?ds=P-4204713
mobilcom-debitel--fairphone-6-256gb-weiss;fairphone-6-256gb-weiss;mobilcom-debitel;Fairphone;Fairphone 6;2026-08-29;599,00;ohne Vertrag;;lieferbar;https://www.freenet.de/handys-smartphones/p/P-M-4084368?ds=P-4204707
mobilcom-debitel--google-pixel-10a-128gb-berry;google-pixel-10a-128gb-berry;mobilcom-debitel;Google;Pixel 10a;2026-08-29;549,00;ohne Vertrag;;lieferbar;https://www.freenet.de/handys-smartphones/p/P-M-4466927?ds=P-4546066
mobilcom-debitel--google-pixel-10a-128gb-fog;google-pixel-10a-128gb-fog;mobilcom-debitel;Google;Pixel 10a;2026-08-29;549,00;ohne Vertrag;;lieferbar;https://www.freenet.de/handys-smartphones/p/P-M-4466927?ds=P-4546060
mobilcom-debitel--google-pixel-10a-128gb-schwarz;google-pixel-10a-128gb-schwarz;mobilcom-debitel;Google;Pixel 10a;2026-08-29;549,00;ohne Vertrag;;lieferbar;https://www.freenet.de/handys-smartphones/p/P-M-4466927?ds=P-4546057
mobilcom-debitel--google-pixel-10a-128gb-violett;google-pixel-10a-128gb-violett;mobilcom-debitel;Google;Pixel 10a;2026-08-29;549,00;ohne Vertrag;;lieferbar;https://www.freenet.de/handys-smartphones/p/P-M-4466927?ds=P-4546063
mobilcom-debitel--google-pixel-10a-256gb-berry;google-pixel-10a-256gb-berry;mobilcom-debitel;Google;Pixel 10a;2026-08-29;649,00;ohne Vertrag;;lieferbar;https://www.freenet.de/handys-smartphones/p/P-M-4466927?ds=P-4546078
mobilcom-debitel--google-pixel-10a-256gb-fog;google-pixel-10a-256gb-fog;mobilcom-debitel;Google;Pixel 10a;2026-08-29;649,00;ohne Vertrag;;lieferbar;https://www.freenet.de/handys-smartphones/p/P-M-4466927?ds=P-4546072
mobilcom-debitel--google-pixel-10a-256gb-schwarz;google-pixel-10a-256gb-schwarz;mobilcom-debitel;Google;Pixel 10a;2026-08-29;649,00;ohne Vertrag;;lieferbar;https://www.freenet.de/handys-smartphones/p/P-M-4466927?ds=P-4546069
mobilcom-debitel--google-pixel-10a-256gb-violett;google-pixel-10a-256gb-violett;mobilcom-debitel;Google;Pixel 10a;2026-08-29;649,00;ohne Vertrag;;lieferbar;https://www.freenet.de/handys-smartphones/p/P-M-4466927?ds=P-4546075
mobilcom-debitel--samsung-galaxy-a17-128gb-blau;samsung-galaxy-a17-128gb-blau;mobilcom-debitel;Samsung;Galaxy A17;2026-08-29;229,00;ohne Vertrag;;lieferbar;https://www.freenet.de/handys-smartphones/p/P-M-4230290?ds=P-4294647
mobilcom-debitel--samsung-galaxy-a17-128gb-grau;samsung-galaxy-a17-128gb-grau;mobilcom-debitel;Samsung;Galaxy A17;2026-08-29;229,00;ohne Vertrag;;lieferbar;https://www.freenet.de/handys-smartphones/p/P-M-4230290?ds=P-4294644
mobilcom-debitel--samsung-galaxy-a17-128gb-schwarz;samsung-galaxy-a17-128gb-schwarz;mobilcom-debitel;Samsung;Galaxy A17;2026-08-29;229,00;ohne Vertrag;;lieferbar;https://www.freenet.de/handys-smartphones/p/P-M-4230290?ds=P-4294650
mobilcom-debitel--samsung-galaxy-a37-128gb-awesome-charcoal;samsung-galaxy-a37-128gb-awesome-charcoal;mobilcom-debitel;Samsung;Galaxy A37;2026-08-29;429,00;ohne Vertrag;;lieferbar;https://www.freenet.de/handys-smartphones/p/P-M-4511848?ds=P-4635130
mobilcom-debitel--samsung-galaxy-a37-128gb-awesome-graygreen;samsung-galaxy-a37-128gb-awesome-graygreen;mobilcom-debitel;Samsung;Galaxy A37;2026-08-29;429,00;ohne Vertrag;;lieferbar;https://www.freenet.de/handys-smartphones/p/P-M-4511848?ds=P-4635124
mobilcom-debitel--samsung-galaxy-a37-128gb-awesome-lavender;samsung-galaxy-a37-128gb-awesome-lavender;mobilcom-debitel;Samsung;Galaxy A37;2026-08-29;429,00;ohne Vertrag;;lieferbar;https://www.freenet.de/handys-smartphones/p/P-M-4511848?ds=P-4635127
mobilcom-debitel--samsung-galaxy-a37-128gb-awesome-white;samsung-galaxy-a37-128gb-awesome-white;mobilcom-debitel;Samsung;Galaxy A37;2026-08-29;429,00;ohne Vertrag;;lieferbar;https://www.freenet.de/handys-smartphones/p/P-M-4511848?ds=P-4635133
mobilcom-debitel--samsung-galaxy-a37-256gb-awesome-charcoal;samsung-galaxy-a37-256gb-awesome-charcoal;mobilcom-debitel;Samsung;Galaxy A37;2026-08-29;519,00;ohne Vertrag;;lieferbar;https://www.freenet.de/handys-smartphones/p/P-M-4511848?ds=P-4635142
mobilcom-debitel--samsung-galaxy-a37-256gb-awesome-graygreen;samsung-galaxy-a37-256gb-awesome-graygreen;mobilcom-debitel;Samsung;Galaxy A37;2026-08-29;519,00;ohne Vertrag;;lieferbar;https://www.freenet.de/handys-smartphones/p/P-M-4511848?ds=P-4635136
mobilcom-debitel--samsung-galaxy-a37-256gb-awesome-lavender;samsung-galaxy-a37-256gb-awesome-lavender;mobilcom-debitel;Samsung;Galaxy A37;2026-08-29;519,00;ohne Vertrag;;lieferbar;https://www.freenet.de/handys-smartphones/p/P-M-4511848?ds=P-4635139
mobilcom-debitel--samsung-galaxy-a37-256gb-awesome-white;samsung-galaxy-a37-256gb-awesome-white;mobilcom-debitel;Samsung;Galaxy A37;2026-08-29;519,00;ohne Vertrag;;lieferbar;https://www.freenet.de/handys-smartphones/p/P-M-4511848?ds=P-4635145
mobilcom-debitel--samsung-galaxy-a57-128gb-awesome-gray;samsung-galaxy-a57-128gb-awesome-gray;mobilcom-debitel;Samsung;Galaxy A57;2026-08-29;529,00;ohne Vertrag;;lieferbar;https://www.freenet.de/handys-smartphones/p/P-M-4511851?ds=P-4635154
mobilcom-debitel--samsung-galaxy-a57-128gb-awesome-icyblue;samsung-galaxy-a57-128gb-awesome-icyblue;mobilcom-debitel;Samsung;Galaxy A57;2026-08-29;529,00;ohne Vertrag;;lieferbar;https://www.freenet.de/handys-smartphones/p/P-M-4511851?ds=P-4635151
mobilcom-debitel--samsung-galaxy-a57-128gb-awesome-lilac;samsung-galaxy-a57-128gb-awesome-lilac;mobilcom-debitel;Samsung;Galaxy A57;2026-08-29;529,00;ohne Vertrag;;lieferbar;https://www.freenet.de/handys-smartphones/p/P-M-4511851?ds=P-4635157
mobilcom-debitel--samsung-galaxy-a57-128gb-awesome-navy;samsung-galaxy-a57-128gb-awesome-navy;mobilcom-debitel;Samsung;Galaxy A57;2026-08-29;529,00;ohne Vertrag;;lieferbar;https://www.freenet.de/handys-smartphones/p/P-M-4511851?ds=P-4635148
mobilcom-debitel--samsung-galaxy-a57-256gb-awesome-gray;samsung-galaxy-a57-256gb-awesome-gray;mobilcom-debitel;Samsung;Galaxy A57;2026-08-29;589,00;ohne Vertrag;;lieferbar;https://www.freenet.de/handys-smartphones/p/P-M-4511851?ds=P-4635169
mobilcom-debitel--samsung-galaxy-a57-256gb-awesome-icyblue;samsung-galaxy-a57-256gb-awesome-icyblue;mobilcom-debitel;Samsung;Galaxy A57;2026-08-29;589,00;ohne Vertrag;;lieferbar;https://www.freenet.de/handys-smartphones/p/P-M-4511851?ds=P-4635166
mobilcom-debitel--samsung-galaxy-a57-256gb-awesome-lilac;samsung-galaxy-a57-256gb-awesome-lilac;mobilcom-debitel;Samsung;Galaxy A57;2026-08-29;589,00;ohne Vertrag;;lieferbar;https://www.freenet.de/handys-smartphones/p/P-M-4511851?ds=P-4635172
mobilcom-debitel--samsung-galaxy-a57-256gb-awesome-navy;samsung-galaxy-a57-256gb-awesome-navy;mobilcom-debitel;Samsung;Galaxy A57;2026-08-29;589,00;ohne Vertrag;;lieferbar;https://www.freenet.de/handys-smartphones/p/P-M-4511851?ds=P-4635163
o2--apple-iphone-14-128gb-schwarz;apple-iphone-14-128gb-schwarz;o2;Apple;iPhone 14;2026-08-29;721,00;ohne Vertrag;;unbekannt;https://www.o2online.de/e-shop/apple/apple-iphone-14-128gb-mitternacht-details?ohne-tarif=ja&zielgruppe=privatkunden&ratenzahlung=24&vertragsart=ratenzahlung
o2--apple-iphone-14-pro-128gb-dunkellila;apple-iphone-14-pro-128gb-dunkellila;o2;Apple;iPhone 14 Pro;2026-08-29;1225,00;ohne Vertrag;;unbekannt;https://www.o2online.de/e-shop/apple/apple-iphone-14-pro-128gb-dunkellila-details?ohne-tarif=ja&zielgruppe=privatkunden&ratenzahlung=24&vertragsart=ratenzahlung
o2--apple-iphone-14-pro-max-512gb-gold;apple-iphone-14-pro-max-512gb-gold;o2;Apple;iPhone 14 Pro Max;2026-08-29;1765,00;ohne Vertrag;;unbekannt;https://www.o2online.de/e-shop/apple/apple-iphone-14-pro-max-512gb-gold-details?ohne-tarif=ja&zielgruppe=privatkunden&ratenzahlung=24&vertragsart=ratenzahlung
o2--apple-iphone-15-128gb-schwarz;apple-iphone-15-128gb-schwarz;o2;Apple;iPhone 15;2026-08-29;721,00;ohne Vertrag;;unbekannt;https://www.o2online.de/e-shop/apple/apple-iphone-15-128gb-schwarz-details?ohne-tarif=ja&zielgruppe=privatkunden&ratenzahlung=24&vertragsart=ratenzahlung
o2--apple-iphone-15-plus-128gb-schwarz;apple-iphone-15-plus-128gb-schwarz;o2;Apple;iPhone 15 Plus;2026-08-29;937,00;ohne Vertrag;;unbekannt;https://www.o2online.de/e-shop/apple/apple-iphone-15-plus-128gb-schwarz-details?ohne-tarif=ja&zielgruppe=privatkunden&ratenzahlung=24&vertragsart=ratenzahlung
o2--apple-iphone-15-pro-128gb-titan-natur;apple-iphone-15-pro-128gb-titan-natur;o2;Apple;iPhone 15 Pro;2026-08-29;1225,00;ohne Vertrag;;unbekannt;https://www.o2online.de/e-shop/apple/apple-iphone-15-pro-128gb-titan-natur-details?ohne-tarif=ja&zielgruppe=privatkunden&ratenzahlung=24&vertragsart=ratenzahlung
o2--apple-iphone-15-pro-max-256gb-titan-schwarz;apple-iphone-15-pro-max-256gb-titan-schwarz;o2;Apple;iPhone 15 Pro Max;2026-08-29;1477,00;ohne Vertrag;;unbekannt;https://www.o2online.de/e-shop/apple/apple-iphone-15-pro-max-256gb-titan-schwarz-details?ohne-tarif=ja&zielgruppe=privatkunden&ratenzahlung=36&vertragsart=ratenzahlung
o2--apple-iphone-16-128gb-schwarz;apple-iphone-16-128gb-schwarz;o2;Apple;iPhone 16;2026-08-29;901,00;ohne Vertrag;;unbekannt;https://www.o2online.de/e-shop/apple/apple-iphone-16-128gb-schwarz-details?ohne-tarif=ja&zielgruppe=privatkunden&ratenzahlung=24&vertragsart=ratenzahlung
o2--apple-iphone-16-plus-128gb-schwarz;apple-iphone-16-plus-128gb-schwarz;o2;Apple;iPhone 16 Plus;2026-08-29;991,00;ohne Vertrag;;unbekannt;https://www.o2online.de/e-shop/apple/apple-iphone-16-plus-128gb-schwarz-details?ohne-tarif=ja&zielgruppe=privatkunden&ratenzahlung=24&vertragsart=ratenzahlung
o2--apple-iphone-16-pro-128gb-titan-schwarz;apple-iphone-16-pro-128gb-titan-schwarz;o2;Apple;iPhone 16 Pro;2026-08-29;1261,00;ohne Vertrag;;unbekannt;https://www.o2online.de/e-shop/apple/apple-iphone-16-pro-128gb-titan-schwarz-details?ohne-tarif=ja&zielgruppe=privatkunden&ratenzahlung=24&vertragsart=ratenzahlung
o2--apple-iphone-16e-128gb-weiss;apple-iphone-16e-128gb-weiss;o2;Apple;iPhone 16e;2026-08-29;613,00;ohne Vertrag;;unbekannt;https://www.o2online.de/e-shop/apple/apple-iphone-16e-128gb-weiss-details?ohne-tarif=ja&zielgruppe=privatkunden&ratenzahlung=24&vertragsart=ratenzahlung
o2--apple-iphone-17-256gb-schwarz;apple-iphone-17-256gb-schwarz;o2;Apple;iPhone 17;2026-08-29;1027,00;ohne Vertrag;;unbekannt;https://www.o2online.de/e-shop/apple/apple-iphone-17-256gb-schwarz-details?ohne-tarif=ja&zielgruppe=privatkunden&ratenzahlung=24&vertragsart=ratenzahlung
o2--apple-iphone-17-pro-256gb-silber;apple-iphone-17-pro-256gb-silber;o2;Apple;iPhone 17 Pro;2026-08-29;1315,00;ohne Vertrag;;unbekannt;https://www.o2online.de/e-shop/apple/apple-iphone-17-pro-256gb-silber-details?ohne-tarif=ja&zielgruppe=privatkunden&ratenzahlung=24&vertragsart=ratenzahlung
o2--apple-iphone-17-pro-max-256gb-tiefblau;apple-iphone-17-pro-max-256gb-tiefblau;o2;Apple;iPhone 17 Pro Max;2026-08-29;1459,00;ohne Vertrag;;unbekannt;https://www.o2online.de/e-shop/apple/apple-iphone-17-pro-max-256gb-tiefblau-details?ohne-tarif=ja&zielgruppe=privatkunden&ratenzahlung=24&vertragsart=ratenzahlung
o2--apple-iphone-17e-256gb-schwarz;apple-iphone-17e-256gb-schwarz;o2;Apple;iPhone 17e;2026-08-29;703,00;ohne Vertrag;;unbekannt;https://www.o2online.de/e-shop/apple/apple-iphone-17e-256gb-schwarz-details?ohne-tarif=ja&zielgruppe=privatkunden&ratenzahlung=24&vertragsart=ratenzahlung
o2--apple-iphone-air-256gb-himmelblau;apple-iphone-air-256gb-himmelblau;o2;Apple;iPhone Air;2026-08-29;991,00;ohne Vertrag;;unbekannt;https://www.o2online.de/e-shop/apple/apple-iphone-air-256gb-himmelblau-details?ohne-tarif=ja&zielgruppe=privatkunden&ratenzahlung=24&vertragsart=ratenzahlung
o2--fairphone-6-256gb-schwarz;fairphone-6-256gb-schwarz;o2;Fairphone;Fairphone 6;2026-08-29;559,00;ohne Vertrag;;unbekannt;https://www.o2online.de/e-shop/fairphone/fairphone-6-256gb-schwarz-details?ohne-tarif=ja&zielgruppe=privatkunden&ratenzahlung=24&vertragsart=ratenzahlung
o2--google-pixel-10-128gb-schwarz;google-pixel-10-128gb-schwarz;o2;Google;Pixel 10;2026-08-29;703,00;ohne Vertrag;;unbekannt;https://www.o2online.de/e-shop/google/google-pixel-10-128gb-obsidian-details?ohne-tarif=ja&zielgruppe=privatkunden&ratenzahlung=24&vertragsart=ratenzahlung
o2--google-pixel-10-pro-128gb-schwarz;google-pixel-10-pro-128gb-schwarz;o2;Google;Pixel 10 Pro;2026-08-29;793,00;ohne Vertrag;;unbekannt;https://www.o2online.de/e-shop/google/google-pixel-10-pro-128gb-obsidian-details?ohne-tarif=ja&zielgruppe=privatkunden&ratenzahlung=24&vertragsart=ratenzahlung
o2--google-pixel-10-pro-fold-256gb-moonstone;google-pixel-10-pro-fold-256gb-moonstone;o2;Google;Pixel 10 Pro Fold;2026-08-29;1603,00;ohne Vertrag;;unbekannt;https://www.o2online.de/e-shop/google/google-pixel-10-pro-fold-256gb-moonstone-details?ohne-tarif=ja&zielgruppe=privatkunden&ratenzahlung=24&vertragsart=ratenzahlung
o2--google-pixel-10-pro-xl-256gb-schwarz;google-pixel-10-pro-xl-256gb-schwarz;o2;Google;Pixel 10 Pro XL;2026-08-29;1117,00;ohne Vertrag;;unbekannt;https://www.o2online.de/e-shop/google/google-pixel-10-pro-xl-256gb-obsidian-details?ohne-tarif=ja&zielgruppe=privatkunden&ratenzahlung=24&vertragsart=ratenzahlung
o2--google-pixel-10a-128gb-violett;google-pixel-10a-128gb-violett;o2;Google;Pixel 10a;2026-08-29;541,00;ohne Vertrag;;unbekannt;https://www.o2online.de/e-shop/google/google-pixel-10a-128gb-lavender-details?ohne-tarif=ja&zielgruppe=privatkunden&ratenzahlung=24&vertragsart=ratenzahlung
o2--google-pixel-11-256gb-frost;google-pixel-11-256gb-frost;o2;Google;Pixel 11;2026-08-29;991,00;ohne Vertrag;;unbekannt;https://www.o2online.de/e-shop/google/google-pixel-11-256gb-frost-details?ohne-tarif=ja&zielgruppe=privatkunden&ratenzahlung=24&vertragsart=ratenzahlung
o2--google-pixel-11-pro-fold-256gb-olive;google-pixel-11-pro-fold-256gb-olive;o2;Google;Pixel 11 Pro Fold;2026-08-29;1981,00;ohne Vertrag;;unbekannt;https://www.o2online.de/e-shop/google/google-pixel-11-pro-fold-256gb-olive-details?ohne-tarif=ja&zielgruppe=privatkunden&ratenzahlung=24&vertragsart=ratenzahlung
o2--google-pixel-11-pro-xl-256gb-canyon;google-pixel-11-pro-xl-256gb-canyon;o2;Google;Pixel 11 Pro XL;2026-08-29;1405,00;ohne Vertrag;;unbekannt;https://www.o2online.de/e-shop/google/google-pixel-11-pro-xl-256gb-canyon-details?ohne-tarif=ja&zielgruppe=privatkunden&ratenzahlung=24&vertragsart=ratenzahlung
o2--nothing-phone-4a-128gb-schwarz;nothing-phone-4a-128gb-schwarz;o2;Nothing;Nothing Phone (4a);2026-08-29;343,00;ohne Vertrag;;unbekannt;https://www.o2online.de/e-shop/nothing/nothing-phone-4a-128gb-schwarz-details?ohne-tarif=ja&zielgruppe=privatkunden&ratenzahlung=24&vertragsart=ratenzahlung
o2--nothing-phone-4a-pro-256gb-schwarz;nothing-phone-4a-pro-256gb-schwarz;o2;Nothing;Nothing Phone (4a) Pro;2026-08-29;595,00;ohne Vertrag;;unbekannt;https://www.o2online.de/e-shop/nothing/nothing-phone-4a-pro-256gb-schwarz-details?ohne-tarif=ja&zielgruppe=privatkunden&ratenzahlung=24&vertragsart=ratenzahlung
o2--samsung-galaxy-a17-128gb-5g-schwarz;samsung-galaxy-a17-128gb-5g-schwarz;o2;Samsung;Galaxy A17;2026-08-29;223,00;ohne Vertrag;;unbekannt;https://www.o2online.de/e-shop/samsung/samsung-galaxy-a17-128gb-5g-schwarz-details?ohne-tarif=ja&zielgruppe=privatkunden&ratenzahlung=24&vertragsart=ratenzahlung
o2--samsung-galaxy-a27-128gb-schwarz;samsung-galaxy-a27-128gb-schwarz;o2;Samsung;Galaxy A27;2026-08-29;343,00;ohne Vertrag;;unbekannt;https://www.o2online.de/e-shop/samsung/samsung-galaxy-a27-5g-128gb-schwarz-details?ohne-tarif=ja&zielgruppe=privatkunden&ratenzahlung=24&vertragsart=ratenzahlung
o2--samsung-galaxy-a37-128gb-awesome-charcoal;samsung-galaxy-a37-128gb-awesome-charcoal;o2;Samsung;Galaxy A37;2026-08-29;397,00;ohne Vertrag;;unbekannt;https://www.o2online.de/e-shop/samsung/samsung-galaxy-a37-128gb-awesome-charcoal-details?ohne-tarif=ja&zielgruppe=privatkunden&ratenzahlung=24&vertragsart=ratenzahlung
o2--samsung-galaxy-a56-128gb-awesome-graphite-5g;samsung-galaxy-a56-128gb-awesome-graphite-5g;o2;Samsung;Galaxy A56;2026-08-29;397,00;ohne Vertrag;;unbekannt;https://www.o2online.de/e-shop/samsung/samsung-galaxy-a56-128gb-awesome-graphite-5g-details?ohne-tarif=ja&zielgruppe=privatkunden&ratenzahlung=24&vertragsart=ratenzahlung
o2--samsung-galaxy-a57-128gb-awesome-navy;samsung-galaxy-a57-128gb-awesome-navy;o2;Samsung;Galaxy A57;2026-08-29;541,00;ohne Vertrag;;unbekannt;https://www.o2online.de/e-shop/samsung/samsung-galaxy-a57-128gb-awesome-navy-details?ohne-tarif=ja&zielgruppe=privatkunden&ratenzahlung=24&vertragsart=ratenzahlung
o2--samsung-galaxy-s23-128gb-rosa;samsung-galaxy-s23-128gb-rosa;o2;Samsung;Galaxy S23;2026-08-29;721,00;ohne Vertrag;;unbekannt;https://www.o2online.de/e-shop/samsung/samsung-galaxy-s23-128gb-pink-details?ohne-tarif=ja&zielgruppe=privatkunden&ratenzahlung=24&vertragsart=ratenzahlung
o2--samsung-galaxy-s24-128gb-onyx-black;samsung-galaxy-s24-128gb-onyx-black;o2;Samsung;Galaxy S24;2026-08-29;793,00;ohne Vertrag;;unbekannt;https://www.o2online.de/e-shop/samsung/samsung-galaxy-s24-128gb-onyx-black-details?ohne-tarif=ja&zielgruppe=privatkunden&ratenzahlung=24&vertragsart=ratenzahlung
o2--samsung-galaxy-s24-ultra-256gb-titan-schwarz;samsung-galaxy-s24-ultra-256gb-titan-schwarz;o2;Samsung;Galaxy S24 Ultra;2026-08-29;1081,00;ohne Vertrag;;unbekannt;https://www.o2online.de/e-shop/samsung/samsung-galaxy-s24-ultra-256gb-titanium-black-details?ohne-tarif=ja&zielgruppe=privatkunden&ratenzahlung=24&vertragsart=ratenzahlung
o2--samsung-galaxy-s25-128gb-blau;samsung-galaxy-s25-128gb-blau;o2;Samsung;Galaxy S25;2026-08-29;883,00;ohne Vertrag;;unbekannt;https://www.o2online.de/e-shop/samsung/samsung-galaxy-s25-128gb-navy-details?ohne-tarif=ja&zielgruppe=privatkunden&ratenzahlung=24&vertragsart=ratenzahlung
o2--samsung-galaxy-s25-256gb-blueblack;samsung-galaxy-s25-256gb-blueblack;o2;Samsung;Galaxy S25;2026-08-29;955,00;ohne Vertrag;;unbekannt;https://www.o2online.de/e-shop/samsung/samsung-galaxy-s25-256gb-blueblack-details?ohne-tarif=ja&zielgruppe=privatkunden&ratenzahlung=24&vertragsart=ratenzahlung
o2--samsung-galaxy-s25-ultra-256gb-titan-schwarz;samsung-galaxy-s25-ultra-256gb-titan-schwarz;o2;Samsung;Galaxy S25 Ultra;2026-08-29;1081,00;ohne Vertrag;;unbekannt;https://www.o2online.de/e-shop/samsung/samsung-galaxy-s25-ultra-256gb-titanium-black-details?ohne-tarif=ja&zielgruppe=privatkunden&ratenzahlung=24&vertragsart=ratenzahlung
o2--samsung-galaxy-s26-256gb-cobalt-violet;samsung-galaxy-s26-256gb-cobalt-violet;o2;Samsung;Galaxy S26;2026-08-29;955,00;ohne Vertrag;;unbekannt;https://www.o2online.de/e-shop/samsung/samsung-galaxy-s26-256gb-cobalt-violet-details?ohne-tarif=ja&zielgruppe=privatkunden&ratenzahlung=24&vertragsart=ratenzahlung
o2--samsung-galaxy-s26-256gb-schwarz;samsung-galaxy-s26-256gb-schwarz;o2;Samsung;Galaxy S26;2026-08-29;1009,00;ohne Vertrag;;unbekannt;https://www.o2online.de/e-shop/samsung/samsung-galaxy-s26-ee-256gb-black-details?ohne-tarif=ja&zielgruppe=privatkunden&ratenzahlung=24&vertragsart=ratenzahlung
o2--samsung-galaxy-s26-fe-128gb-pistachio;samsung-galaxy-s26-fe-128gb-pistachio;o2;Samsung;Galaxy S26 FE;2026-08-29;811,00;ohne Vertrag;;unbekannt;https://www.o2online.de/e-shop/samsung/samsung-galaxy-s26-fe-128gb-pistachio-details?ohne-tarif=ja&zielgruppe=privatkunden&ratenzahlung=24&vertragsart=ratenzahlung
o2--samsung-galaxy-s26-fe-128gb-pistachio-bk;samsung-galaxy-s26-fe-128gb-pistachio-bk;o2;Samsung;Galaxy S26 FE;2026-08-29;667,00;ohne Vertrag;;unbekannt;https://www.o2online.de/e-shop/samsung/samsung-galaxy-s26-fe-128gb-pistachio-bk-details?ohne-tarif=ja&zielgruppe=privatkunden&ratenzahlung=24&vertragsart=ratenzahlung
o2--samsung-galaxy-s26-plus-256gb-cobalt-violet;samsung-galaxy-s26-plus-256gb-cobalt-violet;o2;Samsung;Galaxy S26 Plus;2026-08-29;1243,00;ohne Vertrag;;unbekannt;https://www.o2online.de/e-shop/samsung/samsung-galaxy-s26-plus-256gb-cobalt-violet-details?ohne-tarif=ja&zielgruppe=privatkunden&ratenzahlung=24&vertragsart=ratenzahlung
o2--samsung-galaxy-s26-ultra-256gb-cobalt-violet;samsung-galaxy-s26-ultra-256gb-cobalt-violet;o2;Samsung;Galaxy S26 Ultra;2026-08-29;1315,00;ohne Vertrag;;unbekannt;https://www.o2online.de/e-shop/samsung/samsung-galaxy-s26-ultra-256gb-cobalt-violet-details?ohne-tarif=ja&zielgruppe=privatkunden&ratenzahlung=24&vertragsart=ratenzahlung
o2--samsung-galaxy-z-flip8-256gb-rosa;samsung-galaxy-z-flip8-256gb-rosa;o2;Samsung;Galaxy Z Flip8;2026-08-29;1297,00;ohne Vertrag;;unbekannt;https://www.o2online.de/e-shop/samsung/samsung-galaxy-z-flip8-256gb-pink-details?ohne-tarif=ja&zielgruppe=privatkunden&ratenzahlung=24&vertragsart=ratenzahlung
o2--samsung-galaxy-z-fold8-256gb-violett;samsung-galaxy-z-fold8-256gb-violett;o2;Samsung;Galaxy Z Fold8;2026-08-29;2017,00;ohne Vertrag;;unbekannt;https://www.o2online.de/e-shop/samsung/samsung-galaxy-z-fold8-256gb-lavender-details?ohne-tarif=ja&zielgruppe=privatkunden&ratenzahlung=24&vertragsart=ratenzahlung
o2--samsung-galaxy-z-fold8-ultra-256gb-violet-shadow;samsung-galaxy-z-fold8-ultra-256gb-violet-shadow;o2;Samsung;Galaxy Z Fold8 Ultra;2026-08-29;2197,00;ohne Vertrag;;unbekannt;https://www.o2online.de/e-shop/samsung/samsung-galaxy-z-fold8-ultra-256gb-violet-shadow-details?ohne-tarif=ja&zielgruppe=privatkunden&ratenzahlung=24&vertragsart=ratenzahlung
o2--xiaomi-17-512gb-schwarz;xiaomi-17-512gb-schwarz;o2;Xiaomi;Xiaomi 17;2026-08-29;955,00;ohne Vertrag;;unbekannt;https://www.o2online.de/e-shop/xiaomi/xiaomi-17-512gb-schwarz-details?ohne-tarif=ja&zielgruppe=privatkunden&ratenzahlung=24&vertragsart=ratenzahlung
o2--xiaomi-17t-256gb-schwarz;xiaomi-17t-256gb-schwarz;o2;Xiaomi;Xiaomi 17T;2026-08-29;721,00;ohne Vertrag;;unbekannt;https://www.o2online.de/e-shop/xiaomi/xiaomi-17t-256gb-schwarz-details?ohne-tarif=ja&zielgruppe=privatkunden&ratenzahlung=24&vertragsart=ratenzahlung
o2--xiaomi-17t-pro-512gb-violett;xiaomi-17t-pro-512gb-violett;o2;Xiaomi;Xiaomi 17T Pro;2026-08-29;937,00;ohne Vertrag;;unbekannt;https://www.o2online.de/e-shop/xiaomi/xiaomi-17t-pro-512gb-violett-details?ohne-tarif=ja&zielgruppe=privatkunden&ratenzahlung=24&vertragsart=ratenzahlung
o2--xiaomi-redmi-note-15-256gb-schwarz-5g;xiaomi-redmi-note-15-256gb-schwarz-5g;o2;Xiaomi;Redmi Note 15;2026-08-29;289,00;ohne Vertrag;;unbekannt;https://www.o2online.de/e-shop/xiaomi/xiaomi-redmi-note-15-256gb-schwarz-5g-details?ohne-tarif=ja&zielgruppe=privatkunden&ratenzahlung=24&vertragsart=ratenzahlung
o2--xiaomi-redmi-note-15-pro-256gb-schwarz-5g;xiaomi-redmi-note-15-pro-256gb-schwarz-5g;o2;Xiaomi;Redmi Note 15 Pro;2026-08-29;361,00;ohne Vertrag;;unbekannt;https://www.o2online.de/e-shop/xiaomi/xiaomi-redmi-note-15-pro-256gb-schwarz-5g-details?ohne-tarif=ja&zielgruppe=privatkunden&ratenzahlung=24&vertragsart=ratenzahlung
vodafone--apple-iphone-15-128gb-schwarz;apple-iphone-15-128gb-schwarz;Vodafone;Apple;iPhone 15;2026-08-29;709,90;ohne Vertrag;;lieferbar;https://www.vodafone.de/privat/handys/iphone-15.html
vodafone--apple-iphone-15-256gb-schwarz;apple-iphone-15-256gb-schwarz;Vodafone;Apple;iPhone 15;2026-08-29;839,90;ohne Vertrag;;lieferbar;https://www.vodafone.de/privat/handys/iphone-15.html
vodafone--apple-iphone-16-128gb-blau;apple-iphone-16-128gb-blau;Vodafone;Apple;iPhone 16;2026-08-29;849,90;ohne Vertrag;;lieferbar;https://www.vodafone.de/privat/handys/iphone-16.html
vodafone--apple-iphone-16-128gb-blaugruen;apple-iphone-16-128gb-blaugruen;Vodafone;Apple;iPhone 16;2026-08-29;849,90;ohne Vertrag;;lieferbar;https://www.vodafone.de/privat/handys/iphone-16.html
vodafone--apple-iphone-16-128gb-rosa;apple-iphone-16-128gb-rosa;Vodafone;Apple;iPhone 16;2026-08-29;849,90;ohne Vertrag;;lieferbar;https://www.vodafone.de/privat/handys/iphone-16.html
vodafone--apple-iphone-16-128gb-schwarz;apple-iphone-16-128gb-schwarz;Vodafone;Apple;iPhone 16;2026-08-29;849,90;ohne Vertrag;;lieferbar;https://www.vodafone.de/privat/handys/iphone-16.html
vodafone--apple-iphone-16-128gb-weiss;apple-iphone-16-128gb-weiss;Vodafone;Apple;iPhone 16;2026-08-29;849,90;ohne Vertrag;;lieferbar;https://www.vodafone.de/privat/handys/iphone-16.html
vodafone--apple-iphone-16-plus-128gb-schwarz;apple-iphone-16-plus-128gb-schwarz;Vodafone;Apple;iPhone 16 Plus;2026-08-29;949,90;ohne Vertrag;;lieferbar;https://www.vodafone.de/privat/handys/iphone-16-plus.html
vodafone--apple-iphone-16e-128gb-schwarz;apple-iphone-16e-128gb-schwarz;Vodafone;Apple;iPhone 16e;2026-08-29;599,90;ohne Vertrag;;lieferbar;https://www.vodafone.de/privat/handys/iphone-16e.html
vodafone--apple-iphone-16e-128gb-weiss;apple-iphone-16e-128gb-weiss;Vodafone;Apple;iPhone 16e;2026-08-29;599,90;ohne Vertrag;;lieferbar;https://www.vodafone.de/privat/handys/iphone-16e.html
vodafone--apple-iphone-17-256gb-gruen;apple-iphone-17-256gb-gruen;Vodafone;Apple;iPhone 17;2026-08-29;949,90;ohne Vertrag;;lieferbar;https://www.vodafone.de/privat/handys/iphone-17.html
vodafone--apple-iphone-17-256gb-nebelblau;apple-iphone-17-256gb-nebelblau;Vodafone;Apple;iPhone 17;2026-08-29;949,90;ohne Vertrag;;lieferbar;https://www.vodafone.de/privat/handys/iphone-17.html
vodafone--apple-iphone-17-256gb-schwarz;apple-iphone-17-256gb-schwarz;Vodafone;Apple;iPhone 17;2026-08-29;949,90;ohne Vertrag;;lieferbar;https://www.vodafone.de/privat/handys/iphone-17.html
vodafone--apple-iphone-17-256gb-violett;apple-iphone-17-256gb-violett;Vodafone;Apple;iPhone 17;2026-08-29;949,90;ohne Vertrag;;lieferbar;https://www.vodafone.de/privat/handys/iphone-17.html
vodafone--apple-iphone-17-256gb-weiss;apple-iphone-17-256gb-weiss;Vodafone;Apple;iPhone 17;2026-08-29;949,90;ohne Vertrag;;lieferbar;https://www.vodafone.de/privat/handys/iphone-17.html
vodafone--apple-iphone-17-512gb-gruen;apple-iphone-17-512gb-gruen;Vodafone;Apple;iPhone 17;2026-08-29;1199,90;ohne Vertrag;;lieferbar;https://www.vodafone.de/privat/handys/iphone-17.html
vodafone--apple-iphone-17-512gb-nebelblau;apple-iphone-17-512gb-nebelblau;Vodafone;Apple;iPhone 17;2026-08-29;1199,90;ohne Vertrag;;lieferbar;https://www.vodafone.de/privat/handys/iphone-17.html
vodafone--apple-iphone-17-512gb-schwarz;apple-iphone-17-512gb-schwarz;Vodafone;Apple;iPhone 17;2026-08-29;1199,90;ohne Vertrag;;lieferbar;https://www.vodafone.de/privat/handys/iphone-17.html
vodafone--apple-iphone-17-512gb-violett;apple-iphone-17-512gb-violett;Vodafone;Apple;iPhone 17;2026-08-29;1199,90;ohne Vertrag;;lieferbar;https://www.vodafone.de/privat/handys/iphone-17.html
vodafone--apple-iphone-17-512gb-weiss;apple-iphone-17-512gb-weiss;Vodafone;Apple;iPhone 17;2026-08-29;1199,90;ohne Vertrag;;lieferbar;https://www.vodafone.de/privat/handys/iphone-17.html
vodafone--apple-iphone-17-pro-1024gb-cosmic-orange;apple-iphone-17-pro-1024gb-cosmic-orange;Vodafone;Apple;iPhone 17 Pro;2026-08-29;1699,90;ohne Vertrag;;lieferbar;https://www.vodafone.de/privat/handys/iphone-17-pro.html
vodafone--apple-iphone-17-pro-1024gb-tiefblau;apple-iphone-17-pro-1024gb-tiefblau;Vodafone;Apple;iPhone 17 Pro;2026-08-29;1699,90;ohne Vertrag;;lieferbar;https://www.vodafone.de/privat/handys/iphone-17-pro.html
vodafone--apple-iphone-17-pro-256gb-cosmic-orange;apple-iphone-17-pro-256gb-cosmic-orange;Vodafone;Apple;iPhone 17 Pro;2026-08-29;1199,90;ohne Vertrag;;lieferbar;https://www.vodafone.de/privat/handys/iphone-17-pro.html
vodafone--apple-iphone-17-pro-256gb-silber;apple-iphone-17-pro-256gb-silber;Vodafone;Apple;iPhone 17 Pro;2026-08-29;1199,90;ohne Vertrag;;lieferbar;https://www.vodafone.de/privat/handys/iphone-17-pro.html
vodafone--apple-iphone-17-pro-256gb-tiefblau;apple-iphone-17-pro-256gb-tiefblau;Vodafone;Apple;iPhone 17 Pro;2026-08-29;1199,90;ohne Vertrag;;lieferbar;https://www.vodafone.de/privat/handys/iphone-17-pro.html
vodafone--apple-iphone-17-pro-512gb-cosmic-orange;apple-iphone-17-pro-512gb-cosmic-orange;Vodafone;Apple;iPhone 17 Pro;2026-08-29;1449,90;ohne Vertrag;;lieferbar;https://www.vodafone.de/privat/handys/iphone-17-pro.html
vodafone--apple-iphone-17-pro-512gb-silber;apple-iphone-17-pro-512gb-silber;Vodafone;Apple;iPhone 17 Pro;2026-08-29;1449,90;ohne Vertrag;;lieferbar;https://www.vodafone.de/privat/handys/iphone-17-pro.html
vodafone--apple-iphone-17-pro-512gb-tiefblau;apple-iphone-17-pro-512gb-tiefblau;Vodafone;Apple;iPhone 17 Pro;2026-08-29;1449,90;ohne Vertrag;;lieferbar;https://www.vodafone.de/privat/handys/iphone-17-pro.html
vodafone--apple-iphone-17-pro-max-256gb-cosmic-orange;apple-iphone-17-pro-max-256gb-cosmic-orange;Vodafone;Apple;iPhone 17 Pro Max;2026-08-29;1349,90;ohne Vertrag;;lieferbar;https://www.vodafone.de/privat/handys/iphone-17-pro-max.html
vodafone--apple-iphone-17-pro-max-256gb-silber;apple-iphone-17-pro-max-256gb-silber;Vodafone;Apple;iPhone 17 Pro Max;2026-08-29;1349,90;ohne Vertrag;;lieferbar;https://www.vodafone.de/privat/handys/iphone-17-pro-max.html
vodafone--apple-iphone-17-pro-max-256gb-tiefblau;apple-iphone-17-pro-max-256gb-tiefblau;Vodafone;Apple;iPhone 17 Pro Max;2026-08-29;1349,90;ohne Vertrag;;lieferbar;https://www.vodafone.de/privat/handys/iphone-17-pro-max.html
vodafone--apple-iphone-17-pro-max-512gb-cosmic-orange;apple-iphone-17-pro-max-512gb-cosmic-orange;Vodafone;Apple;iPhone 17 Pro Max;2026-08-29;1599,90;ohne Vertrag;;lieferbar;https://www.vodafone.de/privat/handys/iphone-17-pro-max.html
vodafone--apple-iphone-17-pro-max-512gb-silber;apple-iphone-17-pro-max-512gb-silber;Vodafone;Apple;iPhone 17 Pro Max;2026-08-29;1599,90;ohne Vertrag;;lieferbar;https://www.vodafone.de/privat/handys/iphone-17-pro-max.html
vodafone--apple-iphone-17-pro-max-512gb-tiefblau;apple-iphone-17-pro-max-512gb-tiefblau;Vodafone;Apple;iPhone 17 Pro Max;2026-08-29;1599,90;ohne Vertrag;;lieferbar;https://www.vodafone.de/privat/handys/iphone-17-pro-max.html
vodafone--apple-iphone-17e-256gb-hellrosa;apple-iphone-17e-256gb-hellrosa;Vodafone;Apple;iPhone 17e;2026-08-29;699,90;ohne Vertrag;;lieferbar;https://www.vodafone.de/privat/handys/iphone-17e.html
vodafone--apple-iphone-17e-256gb-schwarz;apple-iphone-17e-256gb-schwarz;Vodafone;Apple;iPhone 17e;2026-08-29;699,90;ohne Vertrag;;lieferbar;https://www.vodafone.de/privat/handys/iphone-17e.html
vodafone--apple-iphone-17e-256gb-weiss;apple-iphone-17e-256gb-weiss;Vodafone;Apple;iPhone 17e;2026-08-29;699,90;ohne Vertrag;;lieferbar;https://www.vodafone.de/privat/handys/iphone-17e.html
vodafone--apple-iphone-17e-512gb-hellrosa;apple-iphone-17e-512gb-hellrosa;Vodafone;Apple;iPhone 17e;2026-08-29;949,90;ohne Vertrag;;lieferbar;https://www.vodafone.de/privat/handys/iphone-17e.html
vodafone--apple-iphone-17e-512gb-schwarz;apple-iphone-17e-512gb-schwarz;Vodafone;Apple;iPhone 17e;2026-08-29;949,90;ohne Vertrag;;lieferbar;https://www.vodafone.de/privat/handys/iphone-17e.html
vodafone--apple-iphone-17e-512gb-weiss;apple-iphone-17e-512gb-weiss;Vodafone;Apple;iPhone 17e;2026-08-29;949,90;ohne Vertrag;;lieferbar;https://www.vodafone.de/privat/handys/iphone-17e.html
vodafone--apple-iphone-air-1024gb-himmelblau;apple-iphone-air-1024gb-himmelblau;Vodafone;Apple;iPhone Air;2026-08-29;1319,90;ohne Vertrag;;lieferbar;https://www.vodafone.de/privat/handys/iphone-air.html
vodafone--apple-iphone-air-1024gb-lichtgold;apple-iphone-air-1024gb-lichtgold;Vodafone;Apple;iPhone Air;2026-08-29;1319,90;ohne Vertrag;;lieferbar;https://www.vodafone.de/privat/handys/iphone-air.html
vodafone--apple-iphone-air-1024gb-space-schwarz;apple-iphone-air-1024gb-space-schwarz;Vodafone;Apple;iPhone Air;2026-08-29;1319,90;ohne Vertrag;;lieferbar;https://www.vodafone.de/privat/handys/iphone-air.html
vodafone--apple-iphone-air-256gb-space-schwarz;apple-iphone-air-256gb-space-schwarz;Vodafone;Apple;iPhone Air;2026-08-29;949,90;ohne Vertrag;;lieferbar;https://www.vodafone.de/privat/handys/iphone-air.html
vodafone--apple-iphone-air-256gb-wolkenweiss;apple-iphone-air-256gb-wolkenweiss;Vodafone;Apple;iPhone Air;2026-08-29;949,90;ohne Vertrag;;lieferbar;https://www.vodafone.de/privat/handys/iphone-air.html
vodafone--apple-iphone-air-512gb-himmelblau;apple-iphone-air-512gb-himmelblau;Vodafone;Apple;iPhone Air;2026-08-29;1069,90;ohne Vertrag;;lieferbar;https://www.vodafone.de/privat/handys/iphone-air.html
vodafone--apple-iphone-air-512gb-lichtgold;apple-iphone-air-512gb-lichtgold;Vodafone;Apple;iPhone Air;2026-08-29;1069,90;ohne Vertrag;;lieferbar;https://www.vodafone.de/privat/handys/iphone-air.html
vodafone--apple-iphone-air-512gb-space-schwarz;apple-iphone-air-512gb-space-schwarz;Vodafone;Apple;iPhone Air;2026-08-29;1069,90;ohne Vertrag;;lieferbar;https://www.vodafone.de/privat/handys/iphone-air.html
vodafone--fairphone-6-256gb-horizon-black;fairphone-6-256gb-horizon-black;Vodafone;Fairphone;Fairphone 6;2026-08-29;549,90;ohne Vertrag;;lieferbar;https://www.vodafone.de/privat/handys/fairphone-6.html
vodafone--google-pixel-10-128gb-schwarz;google-pixel-10-128gb-schwarz;Vodafone;Google;Pixel 10;2026-08-29;899,90;ohne Vertrag;;lieferbar;https://www.vodafone.de/privat/handys/google-pixel-10.html
vodafone--google-pixel-10-pro-128gb-schwarz;google-pixel-10-pro-128gb-schwarz;Vodafone;Google;Pixel 10 Pro;2026-08-29;1099,90;ohne Vertrag;;lieferbar;https://www.vodafone.de/privat/handys/google-pixel-10-pro.html
vodafone--google-pixel-10-pro-xl-256gb-schwarz;google-pixel-10-pro-xl-256gb-schwarz;Vodafone;Google;Pixel 10 Pro XL;2026-08-29;1299,90;ohne Vertrag;;lieferbar;https://www.vodafone.de/privat/handys/google-pixel-10-pro-xl.html
vodafone--google-pixel-10a-128gb-berry;google-pixel-10a-128gb-berry;Vodafone;Google;Pixel 10a;2026-08-29;549,90;ohne Vertrag;;lieferbar;https://www.vodafone.de/privat/handys/google-pixel-10a.html
vodafone--google-pixel-10a-128gb-fog;google-pixel-10a-128gb-fog;Vodafone;Google;Pixel 10a;2026-08-29;549,90;ohne Vertrag;;lieferbar;https://www.vodafone.de/privat/handys/google-pixel-10a.html
vodafone--google-pixel-10a-128gb-schwarz;google-pixel-10a-128gb-schwarz;Vodafone;Google;Pixel 10a;2026-08-29;549,90;ohne Vertrag;;lieferbar;https://www.vodafone.de/privat/handys/google-pixel-10a.html
vodafone--google-pixel-10a-128gb-violett;google-pixel-10a-128gb-violett;Vodafone;Google;Pixel 10a;2026-08-29;549,90;ohne Vertrag;;lieferbar;https://www.vodafone.de/privat/handys/google-pixel-10a.html
vodafone--google-pixel-10a-256gb-schwarz;google-pixel-10a-256gb-schwarz;Vodafone;Google;Pixel 10a;2026-08-29;649,90;ohne Vertrag;;lieferbar;https://www.vodafone.de/privat/handys/google-pixel-10a.html
vodafone--google-pixel-11-256gb-frost;google-pixel-11-256gb-frost;Vodafone;Google;Pixel 11;2026-08-29;999,90;ohne Vertrag;;lieferbar;https://www.vodafone.de/privat/handys/google-pixel-11.html
vodafone--google-pixel-11-256gb-hibiscus;google-pixel-11-256gb-hibiscus;Vodafone;Google;Pixel 11;2026-08-29;999,90;ohne Vertrag;;lieferbar;https://www.vodafone.de/privat/handys/google-pixel-11.html
vodafone--google-pixel-11-256gb-pistachio;google-pixel-11-256gb-pistachio;Vodafone;Google;Pixel 11;2026-08-29;999,90;ohne Vertrag;;lieferbar;https://www.vodafone.de/privat/handys/google-pixel-11.html
vodafone--google-pixel-11-256gb-schwarz;google-pixel-11-256gb-schwarz;Vodafone;Google;Pixel 11;2026-08-29;999,90;ohne Vertrag;;lieferbar;https://www.vodafone.de/privat/handys/google-pixel-11.html
vodafone--google-pixel-11-512gb-frost;google-pixel-11-512gb-frost;Vodafone;Google;Pixel 11;2026-08-29;1129,90;ohne Vertrag;;lieferbar;https://www.vodafone.de/privat/handys/google-pixel-11.html
vodafone--google-pixel-11-512gb-schwarz;google-pixel-11-512gb-schwarz;Vodafone;Google;Pixel 11;2026-08-29;1129,90;ohne Vertrag;;lieferbar;https://www.vodafone.de/privat/handys/google-pixel-11.html
vodafone--google-pixel-11-pro-256gb-canyon;google-pixel-11-pro-256gb-canyon;Vodafone;Google;Pixel 11 Pro;2026-08-29;1199,90;ohne Vertrag;;lieferbar;https://www.vodafone.de/privat/handys/google-pixel-11-pro.html
vodafone--google-pixel-11-pro-256gb-fog;google-pixel-11-pro-256gb-fog;Vodafone;Google;Pixel 11 Pro;2026-08-29;1199,90;ohne Vertrag;;lieferbar;https://www.vodafone.de/privat/handys/google-pixel-11-pro.html
vodafone--google-pixel-11-pro-256gb-olive;google-pixel-11-pro-256gb-olive;Vodafone;Google;Pixel 11 Pro;2026-08-29;1199,90;ohne Vertrag;;lieferbar;https://www.vodafone.de/privat/handys/google-pixel-11-pro.html
vodafone--google-pixel-11-pro-256gb-schwarz;google-pixel-11-pro-256gb-schwarz;Vodafone;Google;Pixel 11 Pro;2026-08-29;1199,90;ohne Vertrag;;lieferbar;https://www.vodafone.de/privat/handys/google-pixel-11-pro.html
vodafone--google-pixel-11-pro-512gb-canyon;google-pixel-11-pro-512gb-canyon;Vodafone;Google;Pixel 11 Pro;2026-08-29;1329,90;ohne Vertrag;;lieferbar;https://www.vodafone.de/privat/handys/google-pixel-11-pro.html
vodafone--google-pixel-11-pro-512gb-fog;google-pixel-11-pro-512gb-fog;Vodafone;Google;Pixel 11 Pro;2026-08-29;1329,90;ohne Vertrag;;lieferbar;https://www.vodafone.de/privat/handys/google-pixel-11-pro.html
vodafone--google-pixel-11-pro-512gb-olive;google-pixel-11-pro-512gb-olive;Vodafone;Google;Pixel 11 Pro;2026-08-29;1329,90;ohne Vertrag;;lieferbar;https://www.vodafone.de/privat/handys/google-pixel-11-pro.html
vodafone--google-pixel-11-pro-512gb-schwarz;google-pixel-11-pro-512gb-schwarz;Vodafone;Google;Pixel 11 Pro;2026-08-29;1329,90;ohne Vertrag;;lieferbar;https://www.vodafone.de/privat/handys/google-pixel-11-pro.html
vodafone--google-pixel-11-pro-fold-256gb-schwarz;google-pixel-11-pro-fold-256gb-schwarz;Vodafone;Google;Pixel 11 Pro Fold;2026-08-29;1999,90;ohne Vertrag;;lieferbar;https://www.vodafone.de/privat/handys/google-pixel-11-pro-fold.html
vodafone--google-pixel-11-pro-xl-256gb-canyon;google-pixel-11-pro-xl-256gb-canyon;Vodafone;Google;Pixel 11 Pro XL;2026-08-29;1399,90;ohne Vertrag;;lieferbar;https://www.vodafone.de/privat/handys/google-pixel-11-pro-xl.html
vodafone--google-pixel-11-pro-xl-256gb-fog;google-pixel-11-pro-xl-256gb-fog;Vodafone;Google;Pixel 11 Pro XL;2026-08-29;1399,90;ohne Vertrag;;lieferbar;https://www.vodafone.de/privat/handys/google-pixel-11-pro-xl.html
vodafone--google-pixel-11-pro-xl-256gb-olive;google-pixel-11-pro-xl-256gb-olive;Vodafone;Google;Pixel 11 Pro XL;2026-08-29;1399,90;ohne Vertrag;;lieferbar;https://www.vodafone.de/privat/handys/google-pixel-11-pro-xl.html
vodafone--google-pixel-11-pro-xl-256gb-schwarz;google-pixel-11-pro-xl-256gb-schwarz;Vodafone;Google;Pixel 11 Pro XL;2026-08-29;1399,90;ohne Vertrag;;lieferbar;https://www.vodafone.de/privat/handys/google-pixel-11-pro-xl.html
vodafone--google-pixel-11-pro-xl-512gb-canyon;google-pixel-11-pro-xl-512gb-canyon;Vodafone;Google;Pixel 11 Pro XL;2026-08-29;1529,90;ohne Vertrag;;lieferbar;https://www.vodafone.de/privat/handys/google-pixel-11-pro-xl.html
vodafone--google-pixel-11-pro-xl-512gb-fog;google-pixel-11-pro-xl-512gb-fog;Vodafone;Google;Pixel 11 Pro XL;2026-08-29;1529,90;ohne Vertrag;;lieferbar;https://www.vodafone.de/privat/handys/google-pixel-11-pro-xl.html
vodafone--google-pixel-11-pro-xl-512gb-olive;google-pixel-11-pro-xl-512gb-olive;Vodafone;Google;Pixel 11 Pro XL;2026-08-29;1529,90;ohne Vertrag;;lieferbar;https://www.vodafone.de/privat/handys/google-pixel-11-pro-xl.html
vodafone--google-pixel-11-pro-xl-512gb-schwarz;google-pixel-11-pro-xl-512gb-schwarz;Vodafone;Google;Pixel 11 Pro XL;2026-08-29;1529,90;ohne Vertrag;;lieferbar;https://www.vodafone.de/privat/handys/google-pixel-11-pro-xl.html
vodafone--samsung-galaxy-a17-128gb-blau;samsung-galaxy-a17-128gb-blau;Vodafone;Samsung;Galaxy A17;2026-08-29;219,90;ohne Vertrag;;lieferbar;https://www.vodafone.de/privat/handys/samsung-galaxy-a17-5g.html
vodafone--samsung-galaxy-a17-128gb-schwarz;samsung-galaxy-a17-128gb-schwarz;Vodafone;Samsung;Galaxy A17;2026-08-29;219,90;ohne Vertrag;;lieferbar;https://www.vodafone.de/privat/handys/samsung-galaxy-a17-5g.html
vodafone--samsung-galaxy-a37-128gb-awesome-charcoal;samsung-galaxy-a37-128gb-awesome-charcoal;Vodafone;Samsung;Galaxy A37;2026-08-29;399,90;ohne Vertrag;;lieferbar;https://www.vodafone.de/privat/handys/samsung-galaxy-a37-5g.html
vodafone--samsung-galaxy-a57-256gb-awesome-gray;samsung-galaxy-a57-256gb-awesome-gray;Vodafone;Samsung;Galaxy A57;2026-08-29;549,90;ohne Vertrag;;lieferbar;https://www.vodafone.de/privat/handys/samsung-galaxy-a57-5g.html
vodafone--samsung-galaxy-a57-256gb-awesome-navy;samsung-galaxy-a57-256gb-awesome-navy;Vodafone;Samsung;Galaxy A57;2026-08-29;549,90;ohne Vertrag;;lieferbar;https://www.vodafone.de/privat/handys/samsung-galaxy-a57-5g.html
vodafone--samsung-galaxy-s25-128gb-blau;samsung-galaxy-s25-128gb-blau;Vodafone;Samsung;Galaxy S25;2026-08-29;849,90;ohne Vertrag;;lieferbar;https://www.vodafone.de/privat/handys/samsung-galaxy-s25.html
vodafone--samsung-galaxy-s25-fe-128gb-blau;samsung-galaxy-s25-fe-128gb-blau;Vodafone;Samsung;Galaxy S25 FE;2026-08-29;699,90;ohne Vertrag;;lieferbar;https://www.vodafone.de/privat/handys/samsung-galaxy-s25-fe.html
vodafone--samsung-galaxy-s25-fe-128gb-jetblack;samsung-galaxy-s25-fe-128gb-jetblack;Vodafone;Samsung;Galaxy S25 FE;2026-08-29;699,90;ohne Vertrag;;lieferbar;https://www.vodafone.de/privat/handys/samsung-galaxy-s25-fe.html
vodafone--samsung-galaxy-s26-256gb-cobalt-violet;samsung-galaxy-s26-256gb-cobalt-violet;Vodafone;Samsung;Galaxy S26;2026-08-29;979,90;ohne Vertrag;;lieferbar;https://www.vodafone.de/privat/handys/samsung-galaxy-s26.html
vodafone--samsung-galaxy-s26-256gb-schwarz;samsung-galaxy-s26-256gb-schwarz;Vodafone;Samsung;Galaxy S26;2026-08-29;979,90;ohne Vertrag;;lieferbar;https://www.vodafone.de/privat/handys/samsung-galaxy-s26.html
vodafone--samsung-galaxy-s26-256gb-sky-blue;samsung-galaxy-s26-256gb-sky-blue;Vodafone;Samsung;Galaxy S26;2026-08-29;979,90;ohne Vertrag;;lieferbar;https://www.vodafone.de/privat/handys/samsung-galaxy-s26.html
vodafone--samsung-galaxy-s26-256gb-weiss;samsung-galaxy-s26-256gb-weiss;Vodafone;Samsung;Galaxy S26;2026-08-29;979,90;ohne Vertrag;;lieferbar;https://www.vodafone.de/privat/handys/samsung-galaxy-s26.html
vodafone--samsung-galaxy-s26-512gb-cobalt-violet;samsung-galaxy-s26-512gb-cobalt-violet;Vodafone;Samsung;Galaxy S26;2026-08-29;1179,90;ohne Vertrag;;lieferbar;https://www.vodafone.de/privat/handys/samsung-galaxy-s26.html
vodafone--samsung-galaxy-s26-512gb-schwarz;samsung-galaxy-s26-512gb-schwarz;Vodafone;Samsung;Galaxy S26;2026-08-29;1179,90;ohne Vertrag;;lieferbar;https://www.vodafone.de/privat/handys/samsung-galaxy-s26.html
vodafone--samsung-galaxy-s26-512gb-sky-blue;samsung-galaxy-s26-512gb-sky-blue;Vodafone;Samsung;Galaxy S26;2026-08-29;1179,90;ohne Vertrag;;lieferbar;https://www.vodafone.de/privat/handys/samsung-galaxy-s26.html
vodafone--samsung-galaxy-s26-512gb-weiss;samsung-galaxy-s26-512gb-weiss;Vodafone;Samsung;Galaxy S26;2026-08-29;1179,90;ohne Vertrag;;lieferbar;https://www.vodafone.de/privat/handys/samsung-galaxy-s26.html
vodafone--samsung-galaxy-s26-fe-128gb-grau;samsung-galaxy-s26-fe-128gb-grau;Vodafone;Samsung;Galaxy S26 FE;2026-08-29;799,90;ohne Vertrag;;lieferbar;https://www.vodafone.de/privat/handys/samsung-galaxy-s26-fe.html
vodafone--samsung-galaxy-s26-fe-128gb-pistachio;samsung-galaxy-s26-fe-128gb-pistachio;Vodafone;Samsung;Galaxy S26 FE;2026-08-29;799,90;ohne Vertrag;;lieferbar;https://www.vodafone.de/privat/handys/samsung-galaxy-s26-fe.html
vodafone--samsung-galaxy-s26-fe-256gb-grau;samsung-galaxy-s26-fe-256gb-grau;Vodafone;Samsung;Galaxy S26 FE;2026-08-29;899,90;ohne Vertrag;;lieferbar;https://www.vodafone.de/privat/handys/samsung-galaxy-s26-fe.html
vodafone--samsung-galaxy-s26-fe-256gb-pistachio;samsung-galaxy-s26-fe-256gb-pistachio;Vodafone;Samsung;Galaxy S26 FE;2026-08-29;899,90;ohne Vertrag;;lieferbar;https://www.vodafone.de/privat/handys/samsung-galaxy-s26-fe.html
vodafone--samsung-galaxy-s26-plus-256gb-cobalt-violet;samsung-galaxy-s26-plus-256gb-cobalt-violet;Vodafone;Samsung;Galaxy S26 Plus;2026-08-29;1199,90;ohne Vertrag;;lieferbar;https://www.vodafone.de/privat/handys/samsung-galaxy-s26-plus.html
vodafone--samsung-galaxy-s26-plus-256gb-schwarz;samsung-galaxy-s26-plus-256gb-schwarz;Vodafone;Samsung;Galaxy S26 Plus;2026-08-29;1199,90;ohne Vertrag;;lieferbar;https://www.vodafone.de/privat/handys/samsung-galaxy-s26-plus.html
vodafone--samsung-galaxy-s26-plus-256gb-sky-blue;samsung-galaxy-s26-plus-256gb-sky-blue;Vodafone;Samsung;Galaxy S26 Plus;2026-08-29;1199,90;ohne Vertrag;;lieferbar;https://www.vodafone.de/privat/handys/samsung-galaxy-s26-plus.html
vodafone--samsung-galaxy-s26-plus-256gb-weiss;samsung-galaxy-s26-plus-256gb-weiss;Vodafone;Samsung;Galaxy S26 Plus;2026-08-29;1199,90;ohne Vertrag;;lieferbar;https://www.vodafone.de/privat/handys/samsung-galaxy-s26-plus.html
vodafone--samsung-galaxy-s26-plus-512gb-schwarz;samsung-galaxy-s26-plus-512gb-schwarz;Vodafone;Samsung;Galaxy S26 Plus;2026-08-29;1399,90;ohne Vertrag;;lieferbar;https://www.vodafone.de/privat/handys/samsung-galaxy-s26-plus.html
vodafone--samsung-galaxy-s26-plus-512gb-sky-blue;samsung-galaxy-s26-plus-512gb-sky-blue;Vodafone;Samsung;Galaxy S26 Plus;2026-08-29;1399,90;ohne Vertrag;;lieferbar;https://www.vodafone.de/privat/handys/samsung-galaxy-s26-plus.html
vodafone--samsung-galaxy-s26-plus-512gb-weiss;samsung-galaxy-s26-plus-512gb-weiss;Vodafone;Samsung;Galaxy S26 Plus;2026-08-29;1399,90;ohne Vertrag;;lieferbar;https://www.vodafone.de/privat/handys/samsung-galaxy-s26-plus.html
vodafone--samsung-galaxy-s26-ultra-1024gb-schwarz;samsung-galaxy-s26-ultra-1024gb-schwarz;Vodafone;Samsung;Galaxy S26 Ultra;2026-08-29;1849,90;ohne Vertrag;;lieferbar;https://www.vodafone.de/privat/handys/samsung-galaxy-s26-ultra.html
vodafone--samsung-galaxy-s26-ultra-256gb-cobalt-violet;samsung-galaxy-s26-ultra-256gb-cobalt-violet;Vodafone;Samsung;Galaxy S26 Ultra;2026-08-29;1349,90;ohne Vertrag;;lieferbar;https://www.vodafone.de/privat/handys/samsung-galaxy-s26-ultra.html
vodafone--samsung-galaxy-s26-ultra-256gb-schwarz;samsung-galaxy-s26-ultra-256gb-schwarz;Vodafone;Samsung;Galaxy S26 Ultra;2026-08-29;1349,90;ohne Vertrag;;lieferbar;https://www.vodafone.de/privat/handys/samsung-galaxy-s26-ultra.html
vodafone--samsung-galaxy-s26-ultra-256gb-sky-blue;samsung-galaxy-s26-ultra-256gb-sky-blue;Vodafone;Samsung;Galaxy S26 Ultra;2026-08-29;1349,90;ohne Vertrag;;lieferbar;https://www.vodafone.de/privat/handys/samsung-galaxy-s26-ultra.html
vodafone--samsung-galaxy-s26-ultra-256gb-weiss;samsung-galaxy-s26-ultra-256gb-weiss;Vodafone;Samsung;Galaxy S26 Ultra;2026-08-29;1349,90;ohne Vertrag;;lieferbar;https://www.vodafone.de/privat/handys/samsung-galaxy-s26-ultra.html
vodafone--samsung-galaxy-s26-ultra-512gb-cobalt-violet;samsung-galaxy-s26-ultra-512gb-cobalt-violet;Vodafone;Samsung;Galaxy S26 Ultra;2026-08-29;1549,90;ohne Vertrag;;lieferbar;https://www.vodafone.de/privat/handys/samsung-galaxy-s26-ultra.html
vodafone--samsung-galaxy-s26-ultra-512gb-schwarz;samsung-galaxy-s26-ultra-512gb-schwarz;Vodafone;Samsung;Galaxy S26 Ultra;2026-08-29;1549,90;ohne Vertrag;;lieferbar;https://www.vodafone.de/privat/handys/samsung-galaxy-s26-ultra.html
vodafone--samsung-galaxy-s26-ultra-512gb-sky-blue;samsung-galaxy-s26-ultra-512gb-sky-blue;Vodafone;Samsung;Galaxy S26 Ultra;2026-08-29;1549,90;ohne Vertrag;;lieferbar;https://www.vodafone.de/privat/handys/samsung-galaxy-s26-ultra.html
vodafone--samsung-galaxy-s26-ultra-512gb-weiss;samsung-galaxy-s26-ultra-512gb-weiss;Vodafone;Samsung;Galaxy S26 Ultra;2026-08-29;1549,90;ohne Vertrag;;lieferbar;https://www.vodafone.de/privat/handys/samsung-galaxy-s26-ultra.html
vodafone--samsung-galaxy-z-flip-7-256gb-jetblack;samsung-galaxy-z-flip-7-256gb-jetblack;Vodafone;Samsung;Galaxy Z Flip 7;2026-08-29;1079,90;ohne Vertrag;;lieferbar;https://www.vodafone.de/privat/handys/samsung-galaxy-z-flip7.html
vodafone--samsung-galaxy-z-flip8-256gb-cream;samsung-galaxy-z-flip8-256gb-cream;Vodafone;Samsung;Galaxy Z Flip8;2026-08-29;1299,90;ohne Vertrag;;lieferbar;https://www.vodafone.de/privat/handys/samsung-galaxy-z-flip8.html
vodafone--samsung-galaxy-z-flip8-256gb-grau;samsung-galaxy-z-flip8-256gb-grau;Vodafone;Samsung;Galaxy Z Flip8;2026-08-29;1299,90;ohne Vertrag;;lieferbar;https://www.vodafone.de/privat/handys/samsung-galaxy-z-flip8.html
vodafone--samsung-galaxy-z-flip8-256gb-rosa;samsung-galaxy-z-flip8-256gb-rosa;Vodafone;Samsung;Galaxy Z Flip8;2026-08-29;1299,90;ohne Vertrag;;lieferbar;https://www.vodafone.de/privat/handys/samsung-galaxy-z-flip8.html
vodafone--samsung-galaxy-z-flip8-512gb-cream;samsung-galaxy-z-flip8-512gb-cream;Vodafone;Samsung;Galaxy Z Flip8;2026-08-29;1499,90;ohne Vertrag;;lieferbar;https://www.vodafone.de/privat/handys/samsung-galaxy-z-flip8.html
vodafone--samsung-galaxy-z-flip8-512gb-grau;samsung-galaxy-z-flip8-512gb-grau;Vodafone;Samsung;Galaxy Z Flip8;2026-08-29;1499,90;ohne Vertrag;;lieferbar;https://www.vodafone.de/privat/handys/samsung-galaxy-z-flip8.html
vodafone--samsung-galaxy-z-flip8-512gb-rosa;samsung-galaxy-z-flip8-512gb-rosa;Vodafone;Samsung;Galaxy Z Flip8;2026-08-29;1499,90;ohne Vertrag;;lieferbar;https://www.vodafone.de/privat/handys/samsung-galaxy-z-flip8.html
vodafone--samsung-galaxy-z-fold-7-256gb-jetblack;samsung-galaxy-z-fold-7-256gb-jetblack;Vodafone;Samsung;Galaxy Z Fold 7;2026-08-29;1879,90;ohne Vertrag;;lieferbar;https://www.vodafone.de/privat/handys/samsung-galaxy-z-fold7.html
vodafone--samsung-galaxy-z-fold8-256gb-cream;samsung-galaxy-z-fold8-256gb-cream;Vodafone;Samsung;Galaxy Z Fold8;2026-08-29;1999,90;ohne Vertrag;;lieferbar;https://www.vodafone.de/privat/handys/samsung-galaxy-z-fold8.html
vodafone--samsung-galaxy-z-fold8-256gb-grau;samsung-galaxy-z-fold8-256gb-grau;Vodafone;Samsung;Galaxy Z Fold8;2026-08-29;1999,90;ohne Vertrag;;lieferbar;https://www.vodafone.de/privat/handys/samsung-galaxy-z-fold8.html
vodafone--samsung-galaxy-z-fold8-256gb-violett;samsung-galaxy-z-fold8-256gb-violett;Vodafone;Samsung;Galaxy Z Fold8;2026-08-29;1999,90;ohne Vertrag;;lieferbar;https://www.vodafone.de/privat/handys/samsung-galaxy-z-fold8.html
vodafone--samsung-galaxy-z-fold8-512gb-cream;samsung-galaxy-z-fold8-512gb-cream;Vodafone;Samsung;Galaxy Z Fold8;2026-08-29;2199,90;ohne Vertrag;;lieferbar;https://www.vodafone.de/privat/handys/samsung-galaxy-z-fold8.html
vodafone--samsung-galaxy-z-fold8-512gb-grau;samsung-galaxy-z-fold8-512gb-grau;Vodafone;Samsung;Galaxy Z Fold8;2026-08-29;2199,90;ohne Vertrag;;lieferbar;https://www.vodafone.de/privat/handys/samsung-galaxy-z-fold8.html
vodafone--samsung-galaxy-z-fold8-512gb-violett;samsung-galaxy-z-fold8-512gb-violett;Vodafone;Samsung;Galaxy Z Fold8;2026-08-29;2199,90;ohne Vertrag;;lieferbar;https://www.vodafone.de/privat/handys/samsung-galaxy-z-fold8.html
vodafone--samsung-galaxy-z-fold8-ultra-256gb-cream;samsung-galaxy-z-fold8-ultra-256gb-cream;Vodafone;Samsung;Galaxy Z Fold8 Ultra;2026-08-29;2199,90;ohne Vertrag;;lieferbar;https://www.vodafone.de/privat/handys/samsung-galaxy-z-fold8-ultra.html
vodafone--samsung-galaxy-z-fold8-ultra-256gb-grau;samsung-galaxy-z-fold8-ultra-256gb-grau;Vodafone;Samsung;Galaxy Z Fold8 Ultra;2026-08-29;2199,90;ohne Vertrag;;lieferbar;https://www.vodafone.de/privat/handys/samsung-galaxy-z-fold8-ultra.html
vodafone--samsung-galaxy-z-fold8-ultra-256gb-violet-shadow;samsung-galaxy-z-fold8-ultra-256gb-violet-shadow;Vodafone;Samsung;Galaxy Z Fold8 Ultra;2026-08-29;2199,90;ohne Vertrag;;lieferbar;https://www.vodafone.de/privat/handys/samsung-galaxy-z-fold8-ultra.html
vodafone--samsung-galaxy-z-fold8-ultra-512gb-cream;samsung-galaxy-z-fold8-ultra-512gb-cream;Vodafone;Samsung;Galaxy Z Fold8 Ultra;2026-08-29;2399,90;ohne Vertrag;;lieferbar;https://www.vodafone.de/privat/handys/samsung-galaxy-z-fold8-ultra.html
vodafone--samsung-galaxy-z-fold8-ultra-512gb-grau;samsung-galaxy-z-fold8-ultra-512gb-grau;Vodafone;Samsung;Galaxy Z Fold8 Ultra;2026-08-29;2399,90;ohne Vertrag;;lieferbar;https://www.vodafone.de/privat/handys/samsung-galaxy-z-fold8-ultra.html
vodafone--samsung-galaxy-z-fold8-ultra-512gb-violet-shadow;samsung-galaxy-z-fold8-ultra-512gb-violet-shadow;Vodafone;Samsung;Galaxy Z Fold8 Ultra;2026-08-29;2399,90;ohne Vertrag;;lieferbar;https://www.vodafone.de/privat/handys/samsung-galaxy-z-fold8-ultra.html
vodafone--xiaomi-17-512gb-schwarz;xiaomi-17-512gb-schwarz;Vodafone;Xiaomi;Xiaomi 17;2026-08-29;1029,90;ohne Vertrag;;lieferbar;https://www.vodafone.de/privat/handys/xiaomi-17.html
vodafone--xiaomi-17-ultra-512gb-schwarz;xiaomi-17-ultra-512gb-schwarz;Vodafone;Xiaomi;Xiaomi 17 Ultra;2026-08-29;1499,90;ohne Vertrag;;lieferbar;https://www.vodafone.de/privat/handys/xiaomi-17-ultra.html
vodafone--xiaomi-17t-256gb-schwarz;xiaomi-17t-256gb-schwarz;Vodafone;Xiaomi;Xiaomi 17T;2026-08-29;749,90;ohne Vertrag;;lieferbar;https://www.vodafone.de/privat/handys/xiaomi-17t.html
vodafone--xiaomi-17t-pro-512gb-deep-blue;xiaomi-17t-pro-512gb-deep-blue;Vodafone;Xiaomi;Xiaomi 17T Pro;2026-08-29;999,90;ohne Vertrag;;lieferbar;https://www.vodafone.de/privat/handys/xiaomi-17t-pro.html
vodafone--xiaomi-17t-pro-512gb-schwarz;xiaomi-17t-pro-512gb-schwarz;Vodafone;Xiaomi;Xiaomi 17T Pro;2026-08-29;999,90;ohne Vertrag;;lieferbar;https://www.vodafone.de/privat/handys/xiaomi-17t-pro.html
vodafone--xiaomi-redmi-17-128gb-deep-blue;xiaomi-redmi-17-128gb-deep-blue;Vodafone;Xiaomi;Redmi 17;2026-08-29;249,90;ohne Vertrag;;lieferbar;https://www.vodafone.de/privat/handys/xiaomi-redmi-17-5g.html
vodafone--xiaomi-redmi-17-128gb-schwarz;xiaomi-redmi-17-128gb-schwarz;Vodafone;Xiaomi;Redmi 17;2026-08-29;249,90;ohne Vertrag;;lieferbar;https://www.vodafone.de/privat/handys/xiaomi-redmi-17-5g.html
vodafone--xiaomi-redmi-note-15-256gb-blau;xiaomi-redmi-note-15-256gb-blau;Vodafone;Xiaomi;Redmi Note 15;2026-08-29;279,90;ohne Vertrag;;lieferbar;https://www.vodafone.de/privat/handys/xiaomi-redmi-note-15-5g.html
vodafone--xiaomi-redmi-note-15-pro-256gb-schwarz;xiaomi-redmi-note-15-pro-256gb-schwarz;Vodafone;Xiaomi;Redmi Note 15 Pro;2026-08-29;329,90;ohne Vertrag;;lieferbar;https://www.vodafone.de/privat/handys/xiaomi-redmi-note-15-pro-5g.html
vodafone--xiaomi-redmi-note-17-128gb-schwarz;xiaomi-redmi-note-17-128gb-schwarz;Vodafone;Xiaomi;Redmi Note 17;2026-08-29;349,90;ohne Vertrag;;lieferbar;https://www.vodafone.de/privat/handys/xiaomi-redmi-note-17-5g.html
vodafone--xiaomi-redmi-note-17-pro-256gb-schwarz;xiaomi-redmi-note-17-pro-256gb-schwarz;Vodafone;Xiaomi;Redmi Note 17 Pro;2026-08-29;499,90;ohne Vertrag;;lieferbar;https://www.vodafone.de/privat/handys/xiaomi-redmi-note-17-pro-5g.html
vodafone--xiaomi-redmi-note-17-pro-256gb-sky-blue;xiaomi-redmi-note-17-pro-256gb-sky-blue;Vodafone;Xiaomi;Redmi Note 17 Pro;2026-08-29;499,90;ohne Vertrag;;lieferbar;https://www.vodafone.de/privat/handys/xiaomi-redmi-note-17-pro-5g.html
aldi-talk--samsung-galaxy-a17-128gb-schwarz;samsung-galaxy-a17-128gb-schwarz;ALDI TALK;Samsung;Galaxy A17;2026-08-30;129,00;ohne Vertrag;;lieferbar;https://www.alditalk.de/p/samsung-samsung-galaxy-a17-lte-128-gb-black-sm-a175f-dsb--beclad-starter-kit-fur-samsung-galaxy-a17-330042091A1?FF_QUERY=*%3Acategory_id%3BG5DE0Z0SIKUBHRGTNF411A7XPLN9RV3D&FF_POS=21&FF_PAGE=1&FF_PAGESIZE=30&FF_SCORE=100.0&FF_CAMPAIGN=&FF_CAMPAIGN_PAGE_ID=
aldi-talk--samsung-galaxy-a17-128gb-schwarz;samsung-galaxy-a17-128gb-schwarz;ALDI TALK;Samsung;Galaxy A17;2026-08-30;155,00;ohne Vertrag;;lieferbar;https://www.alditalk.de/p/samsung-samsung-galaxy-a17-5g-128-gb-black-sm-a176b-ds-30041613A1?FF_QUERY=*%3Acategory_id%3BG5DE0Z0SIKUBHRGTNF411A7XPLN9RV3D&FF_POS=22&FF_PAGE=1&FF_PAGESIZE=30&FF_SCORE=100.0&FF_CAMPAIGN=&FF_CAMPAIGN_PAGE_ID=
mobilcom-debitel--samsung-galaxy-s26-plus-256gb-cobalt-violet;samsung-galaxy-s26-plus-256gb-cobalt-violet;mobilcom-debitel;Samsung;Galaxy S26 Plus;2026-08-30;1249,00;ohne Vertrag;;lieferbar;https://www.freenet.de/handys-smartphones/p/P-M-4466900?ds=P-4587284
mobilcom-debitel--samsung-galaxy-s26-plus-256gb-schwarz;samsung-galaxy-s26-plus-256gb-schwarz;mobilcom-debitel;Samsung;Galaxy S26 Plus;2026-08-30;1249,00;ohne Vertrag;;lieferbar;https://www.freenet.de/handys-smartphones/p/P-M-4466900?ds=P-4587281
mobilcom-debitel--samsung-galaxy-s26-plus-256gb-sky-blue;samsung-galaxy-s26-plus-256gb-sky-blue;mobilcom-debitel;Samsung;Galaxy S26 Plus;2026-08-30;1249,00;ohne Vertrag;;lieferbar;https://www.freenet.de/handys-smartphones/p/P-M-4466900?ds=P-4587278
mobilcom-debitel--samsung-galaxy-s26-plus-256gb-weiss;samsung-galaxy-s26-plus-256gb-weiss;mobilcom-debitel;Samsung;Galaxy S26 Plus;2026-08-30;1249,00;ohne Vertrag;;lieferbar;https://www.freenet.de/handys-smartphones/p/P-M-4466900?ds=P-4587287
mobilcom-debitel--samsung-galaxy-s26-plus-512gb-cobalt-violet;samsung-galaxy-s26-plus-512gb-cobalt-violet;mobilcom-debitel;Samsung;Galaxy S26 Plus;2026-08-30;1449,00;ohne Vertrag;;lieferbar;https://www.freenet.de/handys-smartphones/p/P-M-4466900?ds=P-4587314
mobilcom-debitel--samsung-galaxy-s26-plus-512gb-schwarz;samsung-galaxy-s26-plus-512gb-schwarz;mobilcom-debitel;Samsung;Galaxy S26 Plus;2026-08-30;1449,00;ohne Vertrag;;lieferbar;https://www.freenet.de/handys-smartphones/p/P-M-4466900?ds=P-4587311
mobilcom-debitel--samsung-galaxy-s26-plus-512gb-sky-blue;samsung-galaxy-s26-plus-512gb-sky-blue;mobilcom-debitel;Samsung;Galaxy S26 Plus;2026-08-30;1449,00;ohne Vertrag;;lieferbar;https://www.freenet.de/handys-smartphones/p/P-M-4466900?ds=P-4587290
mobilcom-debitel--samsung-galaxy-s26-plus-512gb-weiss;samsung-galaxy-s26-plus-512gb-weiss;mobilcom-debitel;Samsung;Galaxy S26 Plus;2026-08-30;1449,00;ohne Vertrag;;lieferbar;https://www.freenet.de/handys-smartphones/p/P-M-4466900?ds=P-4587317
o2--apple-iphone-14-128gb-schwarz-refurbished;apple-iphone-14-128gb-schwarz-refurbished;o2;Apple;iPhone 14;2026-08-30;445,00;ohne Vertrag;;unbekannt;https://www.o2online.de/e-shop/apple/apple-iphone-14-128gb-mitternacht-erneuert-details?ohne-tarif=ja&zielgruppe=privatkunden&ratenzahlung=24&vertragsart=ratenzahlung
o2--apple-iphone-14-pro-128gb-space-schwarz-refurbished;apple-iphone-14-pro-128gb-space-schwarz-refurbished;o2;Apple;iPhone 14 Pro;2026-08-30;577,00;ohne Vertrag;;unbekannt;https://www.o2online.de/e-shop/apple/apple-iphone-14-pro-128gb-space-schwarz-erneuert-details?ohne-tarif=ja&zielgruppe=privatkunden&ratenzahlung=24&vertragsart=ratenzahlung
o2--apple-iphone-15-128gb-schwarz-refurbished;apple-iphone-15-128gb-schwarz-refurbished;o2;Apple;iPhone 15;2026-08-30;613,00;ohne Vertrag;;unbekannt;https://www.o2online.de/e-shop/apple/apple-iphone-15-128gb-schwarz-erneuert-details?ohne-tarif=ja&zielgruppe=privatkunden&ratenzahlung=24&vertragsart=ratenzahlung
o2--apple-iphone-15-pro-128gb-titan-blau-refurbished;apple-iphone-15-pro-128gb-titan-blau-refurbished;o2;Apple;iPhone 15 Pro;2026-08-30;685,00;ohne Vertrag;;unbekannt;https://www.o2online.de/e-shop/apple/apple-iphone-15-pro-128gb-titan-blau-erneuert-details?ohne-tarif=ja&zielgruppe=privatkunden&ratenzahlung=24&vertragsart=ratenzahlung
o2--apple-iphone-16-128gb-blau-refurbished;apple-iphone-16-128gb-blau-refurbished;o2;Apple;iPhone 16;2026-08-30;697,00;ohne Vertrag;;unbekannt;https://www.o2online.de/e-shop/apple/apple-iphone-16-128gb-blau-erneuert-details?ohne-tarif=ja&zielgruppe=privatkunden&ratenzahlung=24&vertragsart=ratenzahlung
o2--apple-iphone-17-256gb-schwarz-refurbished;apple-iphone-17-256gb-schwarz-refurbished;o2;Apple;iPhone 17;2026-08-30;973,00;ohne Vertrag;;unbekannt;https://www.o2online.de/e-shop/apple/apple-iphone-17-256gb-schwarz-erneuert-details?ohne-tarif=ja&zielgruppe=privatkunden&ratenzahlung=24&vertragsart=ratenzahlung
o2--samsung-galaxy-s24-128gb-marble-gray-refurbished;samsung-galaxy-s24-128gb-marble-gray-refurbished;o2;Samsung;Galaxy S24;2026-08-30;529,00;ohne Vertrag;;unbekannt;https://www.o2online.de/e-shop/samsung/samsung-galaxy-s24-128gb-marble-gray-erneuert-details?ohne-tarif=ja&zielgruppe=privatkunden&ratenzahlung=24&vertragsart=ratenzahlung
o2--samsung-galaxy-s24-ultra-512gb-titan-schwarz-refurbished;samsung-galaxy-s24-ultra-512gb-titan-schwarz-refurbished;o2;Samsung;Galaxy S24 Ultra;2026-08-30;745,00;ohne Vertrag;;unbekannt;https://www.o2online.de/e-shop/samsung/samsung-galaxy-s24-ultra-512gb-titanium-black-gebraucht-details?ohne-tarif=ja&zielgruppe=privatkunden&ratenzahlung=24&vertragsart=ratenzahlung
o2--samsung-galaxy-s25-128gb-grau-refurbished;samsung-galaxy-s25-128gb-grau-refurbished;o2;Samsung;Galaxy S25;2026-08-30;577,00;ohne Vertrag;;unbekannt;https://www.o2online.de/e-shop/samsung/samsung-galaxy-s25-128gb-grau-erneuert-details?ohne-tarif=ja&zielgruppe=privatkunden&ratenzahlung=24&vertragsart=ratenzahlung
o2--samsung-galaxy-s25-ultra-256gb-titan-grau-refurbished;samsung-galaxy-s25-ultra-256gb-titan-grau-refurbished;o2;Samsung;Galaxy S25 Ultra;2026-08-30;889,00;ohne Vertrag;;unbekannt;https://www.o2online.de/e-shop/samsung/samsung-galaxy-s25-ultra-256gb-titanium-gray-erneuert-details?ohne-tarif=ja&zielgruppe=privatkunden&ratenzahlung=24&vertragsart=ratenzahlung
aldi-talk--samsung-galaxy-a17-128gb-schwarz;samsung-galaxy-a17-128gb-schwarz;ALDI TALK;Samsung;Galaxy A17;2026-08-31;129,00;ohne Vertrag;;lieferbar;https://www.alditalk.de/p/samsung-samsung-galaxy-a17-lte-128-gb-black-sm-a175f-dsb--beclad-starter-kit-fur-samsung-galaxy-a17-330042091A1?FF_QUERY=*%3Acategory_id%3BG5DE0Z0SIKUBHRGTNF411A7XPLN9RV3D&FF_POS=21&FF_PAGE=1&FF_PAGESIZE=30&FF_SCORE=100.0&FF_CAMPAIGN=&FF_CAMPAIGN_PAGE_ID=
aldi-talk--samsung-galaxy-a17-128gb-schwarz;samsung-galaxy-a17-128gb-schwarz;ALDI TALK;Samsung;Galaxy A17;2026-08-31;155,00;ohne Vertrag;;lieferbar;https://www.alditalk.de/p/samsung-samsung-galaxy-a17-5g-128-gb-black-sm-a176b-ds-30041613A1?FF_QUERY=*%3Acategory_id%3BG5DE0Z0SIKUBHRGTNF411A7XPLN9RV3D&FF_POS=22&FF_PAGE=1&FF_PAGESIZE=30&FF_SCORE=100.0&FF_CAMPAIGN=&FF_CAMPAIGN_PAGE_ID=
aldi-talk--fairphone-6-256gb-gruen;fairphone-6-256gb-gruen;ALDI TALK;Fairphone;Fairphone 6;2026-09-01;539,00;ohne Vertrag;;lieferbar;https://www.alditalk.de/p/fairphone-fairphone-gen-6-256-gb-forest-green-model-fp6-30042279A1?FF_QUERY=*%3Acategory_id%3BG5DE0Z0SIKUBHRGTNF411A7XPLN9RV3D&FF_POS=25&FF_PAGE=1&FF_PAGESIZE=30&FF_SCORE=100.0&FF_CAMPAIGN=&FF_CAMPAIGN_PAGE_ID=
aldi-talk--samsung-galaxy-a17-128gb-schwarz;samsung-galaxy-a17-128gb-schwarz;ALDI TALK;Samsung;Galaxy A17;2026-09-01;129,00;ohne Vertrag;;lieferbar;https://www.alditalk.de/p/samsung-samsung-galaxy-a17-lte-128-gb-black-sm-a175f-dsb--beclad-starter-kit-fur-samsung-galaxy-a17-330042091A1?FF_QUERY=*%3Acategory_id%3BG5DE0Z0SIKUBHRGTNF411A7XPLN9RV3D&FF_POS=19&FF_PAGE=1&FF_PAGESIZE=30&FF_SCORE=100.0&FF_CAMPAIGN=&FF_CAMPAIGN_PAGE_ID=
aldi-talk--samsung-galaxy-a17-128gb-schwarz;samsung-galaxy-a17-128gb-schwarz;ALDI TALK;Samsung;Galaxy A17;2026-09-01;159,00;ohne Vertrag;;lieferbar;https://www.alditalk.de/p/samsung-samsung-galaxy-a17-5g-128-gb-black-sm-a176b-ds-30041613A1?FF_QUERY=*%3Acategory_id%3BG5DE0Z0SIKUBHRGTNF411A7XPLN9RV3D&FF_POS=20&FF_PAGE=1&FF_PAGESIZE=30&FF_SCORE=100.0&FF_CAMPAIGN=&FF_CAMPAIGN_PAGE_ID=
aldi-talk--fairphone-6-256gb-schwarz;fairphone-6-256gb-schwarz;ALDI TALK;Fairphone;Fairphone 6;2026-09-02;539,00;ohne Vertrag;;lieferbar;https://www.alditalk.de/p/fairphone-fairphone-gen-6-256-gb-horizon-black-model-fp6-30042277A1?FF_QUERY=*%3Acategory_id%3BG5DE0Z0SIKUBHRGTNF411A7XPLN9RV3D&FF_POS=30&FF_PAGE=1&FF_PAGESIZE=30&FF_SCORE=100.0&FF_CAMPAIGN=&FF_CAMPAIGN_PAGE_ID=
aldi-talk--samsung-galaxy-a17-128gb-schwarz;samsung-galaxy-a17-128gb-schwarz;ALDI TALK;Samsung;Galaxy A17;2026-09-02;129,00;ohne Vertrag;;lieferbar;https://www.alditalk.de/p/samsung-samsung-galaxy-a17-lte-128-gb-black-sm-a175f-dsb--beclad-starter-kit-fur-samsung-galaxy-a17-330042091A1?FF_QUERY=*%3Acategory_id%3BG5DE0Z0SIKUBHRGTNF411A7XPLN9RV3D&FF_POS=1&FF_PAGE=1&FF_PAGESIZE=30&FF_SCORE=100.0&FF_CAMPAIGN=&FF_CAMPAIGN_PAGE_ID=
aldi-talk--samsung-galaxy-a17-128gb-schwarz;samsung-galaxy-a17-128gb-schwarz;ALDI TALK;Samsung;Galaxy A17;2026-09-02;159,00;ohne Vertrag;;lieferbar;https://www.alditalk.de/p/samsung-samsung-galaxy-a17-5g-128-gb-black-sm-a176b-ds-30041613A1?FF_QUERY=*%3Acategory_id%3BG5DE0Z0SIKUBHRGTNF411A7XPLN9RV3D&FF_POS=2&FF_PAGE=1&FF_PAGESIZE=30&FF_SCORE=100.0&FF_CAMPAIGN=&FF_CAMPAIGN_PAGE_ID=
electronicpartner--samsung-galaxy-a37-128gb-ohne-farbe;samsung-galaxy-a37-128gb-ohne-farbe;ElectronicPartner;Samsung;Galaxy A37;2026-09-02;299,00;ohne Vertrag;;lieferbar;https://www.ep.de/p/1518877/galaxy-a37-5g-a376b-128gb
electronicpartner--samsung-galaxy-a57-128gb-ohne-farbe;samsung-galaxy-a57-128gb-ohne-farbe;ElectronicPartner;Samsung;Galaxy A57;2026-09-02;389,00;ohne Vertrag;;lieferbar;https://www.ep.de/p/1518895/galaxy-a57-5g-a576b-128gb
medimax--samsung-galaxy-a57-128gb-ohne-farbe;samsung-galaxy-a57-128gb-ohne-farbe;Medimax;Samsung;Galaxy A57;2026-09-02;349,00;ohne Vertrag;;lieferbar;https://www.medimax.de/p/1518895/galaxy-a57-5g-a576b-128gb
medimax--samsung-galaxy-s26-256gb-ohne-farbe;samsung-galaxy-s26-256gb-ohne-farbe;Medimax;Samsung;Galaxy S26;2026-09-02;749,00;ohne Vertrag;;lieferbar;https://www.medimax.de/p/1514138/galaxy-s26-s942b-256gb
mobilcom-debitel--xiaomi-17t-256gb-blau;xiaomi-17t-256gb-blau;mobilcom-debitel;Xiaomi;Xiaomi 17T;2026-09-02;749,90;ohne Vertrag;;lieferbar;https://www.freenet.de/handys-smartphones/p/P-M-4548843?ds=P-4673019
mobilcom-debitel--xiaomi-17t-256gb-schwarz;xiaomi-17t-256gb-schwarz;mobilcom-debitel;Xiaomi;Xiaomi 17T;2026-09-02;749,90;ohne Vertrag;;lieferbar;https://www.freenet.de/handys-smartphones/p/P-M-4548843?ds=P-4673016
mobilcom-debitel--xiaomi-17t-256gb-violet;xiaomi-17t-256gb-violet;mobilcom-debitel;Xiaomi;Xiaomi 17T;2026-09-02;749,90;ohne Vertrag;;lieferbar;https://www.freenet.de/handys-smartphones/p/P-M-4548843?ds=P-4673022
mobilcom-debitel--xiaomi-17t-pro-512gb-deep-blue;xiaomi-17t-pro-512gb-deep-blue;mobilcom-debitel;Xiaomi;Xiaomi 17T Pro;2026-09-02;999,90;ohne Vertrag;;lieferbar;https://www.freenet.de/handys-smartphones/p/P-M-4548846?ds=P-4673028
mobilcom-debitel--xiaomi-17t-pro-512gb-deep-violet;xiaomi-17t-pro-512gb-deep-violet;mobilcom-debitel;Xiaomi;Xiaomi 17T Pro;2026-09-02;999,90;ohne Vertrag;;lieferbar;https://www.freenet.de/handys-smartphones/p/P-M-4548846?ds=P-4673031
mobilcom-debitel--xiaomi-17t-pro-512gb-schwarz;xiaomi-17t-pro-512gb-schwarz;mobilcom-debitel;Xiaomi;Xiaomi 17T Pro;2026-09-02;999,90;ohne Vertrag;;lieferbar;https://www.freenet.de/handys-smartphones/p/P-M-4548846?ds=P-4673025
mobilcom-debitel--xiaomi-redmi-note-15-pro-256gb-glacier-blue;xiaomi-redmi-note-15-pro-256gb-glacier-blue;mobilcom-debitel;Xiaomi;Redmi Note 15 Pro;2026-09-02;179,00;ohne Vertrag;;lieferbar;https://www.freenet.de/handys-smartphones/p/P-M-4408885?ds=P-4511545
mobilcom-debitel--xiaomi-redmi-note-15-pro-256gb-schwarz;xiaomi-redmi-note-15-pro-256gb-schwarz;mobilcom-debitel;Xiaomi;Redmi Note 15 Pro;2026-09-02;179,00;ohne Vertrag;;lieferbar;https://www.freenet.de/handys-smartphones/p/P-M-4408885?ds=P-4511551
mobilcom-debitel--xiaomi-redmi-note-15-pro-256gb-titanium;xiaomi-redmi-note-15-pro-256gb-titanium;mobilcom-debitel;Xiaomi;Redmi Note 15 Pro;2026-09-02;179,00;ohne Vertrag;;lieferbar;https://www.freenet.de/handys-smartphones/p/P-M-4408885?ds=P-4511548
o2--nothing-phone-3-256gb-schwarz;nothing-phone-3-256gb-schwarz;o2;Nothing;Nothing Phone (3);2026-09-02;595,00;ohne Vertrag;;unbekannt;https://www.o2online.de/e-shop/nothing/nothing-phone-3-256gb-schwarz-details?ohne-tarif=ja&zielgruppe=privatkunden&ratenzahlung=24&vertragsart=ratenzahlung
o2--nothing-phone-4a-128gb-schwarz;nothing-phone-4a-128gb-schwarz;o2;Nothing;Nothing Phone (4a);2026-09-02;379,00;ohne Vertrag;;unbekannt;https://www.o2online.de/e-shop/nothing/nothing-phone-4a-128gb-schwarz-details?ohne-tarif=ja&zielgruppe=privatkunden&ratenzahlung=24&vertragsart=ratenzahlung
o2--samsung-galaxy-a17-128gb-5g-schwarz;samsung-galaxy-a17-128gb-5g-schwarz;o2;Samsung;Galaxy A17;2026-09-02;271,00;ohne Vertrag;;unbekannt;https://www.o2online.de/e-shop/samsung/samsung-galaxy-a17-128gb-5g-schwarz-details?ohne-tarif=ja&zielgruppe=privatkunden&ratenzahlung=24&vertragsart=ratenzahlung
o2--samsung-galaxy-a57-128gb-awesome-navy;samsung-galaxy-a57-128gb-awesome-navy;o2;Samsung;Galaxy A57;2026-09-02;505,00;ohne Vertrag;;unbekannt;https://www.o2online.de/e-shop/samsung/samsung-galaxy-a57-128gb-awesome-navy-details?ohne-tarif=ja&zielgruppe=privatkunden&ratenzahlung=24&vertragsart=ratenzahlung
o2--xiaomi-redmi-note-17-128gb-purple-5g;xiaomi-redmi-note-17-128gb-purple-5g;o2;Xiaomi;Redmi Note 17;2026-09-02;349,00;ohne Vertrag;;unbekannt;https://www.o2online.de/e-shop/xiaomi/xiaomi-redmi-note-17-128gb-purple-5g-details?ohne-tarif=ja&zielgruppe=privatkunden&ratenzahlung=24&vertragsart=ratenzahlung
o2--xiaomi-redmi-note-17-pro-256gb-blue-5g;xiaomi-redmi-note-17-pro-256gb-blue-5g;o2;Xiaomi;Redmi Note 17 Pro;2026-09-02;469,00;ohne Vertrag;;unbekannt;https://www.o2online.de/e-shop/xiaomi/xiaomi-redmi-note-17-pro-256gb-blue-5g-details?ohne-tarif=ja&zielgruppe=privatkunden&ratenzahlung=24&vertragsart=ratenzahlung
o2--xiaomi-redmi-note-17-pro-max-256gb-cloud-5g;xiaomi-redmi-note-17-pro-max-256gb-cloud-5g;o2;Xiaomi;Redmi Note 17 Pro Max;2026-09-02;595,00;ohne Vertrag;;unbekannt;https://www.o2online.de/e-shop/xiaomi/xiaomi-redmi-note-17-pro-max-256gb-cloud-5g-details?ohne-tarif=ja&zielgruppe=privatkunden&ratenzahlung=24&vertragsart=ratenzahlung
aldi-talk--samsung-galaxy-a17-128gb-schwarz;samsung-galaxy-a17-128gb-schwarz;ALDI TALK;Samsung;Galaxy A17;2026-09-03;129,00;ohne Vertrag;;lieferbar;https://www.alditalk.de/p/samsung-samsung-galaxy-a17-lte-128-gb-black-sm-a175f-dsb--beclad-starter-kit-fur-samsung-galaxy-a17-330042091A1?FF_QUERY=*%3Acategory_id%3BG5DE0Z0SIKUBHRGTNF411A7XPLN9RV3D&FF_POS=1&FF_PAGE=1&FF_PAGESIZE=30&FF_SCORE=100.0&FF_CAMPAIGN=&FF_CAMPAIGN_PAGE_ID=
aldi-talk--samsung-galaxy-a17-128gb-schwarz;samsung-galaxy-a17-128gb-schwarz;ALDI TALK;Samsung;Galaxy A17;2026-09-03;159,00;ohne Vertrag;;lieferbar;https://www.alditalk.de/p/samsung-samsung-galaxy-a17-5g-128-gb-black-sm-a176b-ds-30041613A1?FF_QUERY=*%3Acategory_id%3BG5DE0Z0SIKUBHRGTNF411A7XPLN9RV3D&FF_POS=2&FF_PAGE=1&FF_PAGESIZE=30&FF_SCORE=100.0&FF_CAMPAIGN=&FF_CAMPAIGN_PAGE_ID=
aldi-talk--samsung-galaxy-a17-128gb-schwarz;samsung-galaxy-a17-128gb-schwarz;ALDI TALK;Samsung;Galaxy A17;2026-09-03;129,00;ohne Vertrag;;lieferbar;https://www.alditalk.de/p/samsung-samsung-galaxy-a17-lte-128-gb-black-sm-a175f-dsb--beclad-starter-kit-fur-samsung-galaxy-a17-330042091A1?FF_QUERY=*%3Acategory_id%3BG5DE0Z0SIKUBHRGTNF411A7XPLN9RV3D&FF_POS=1&FF_PAGE=1&FF_PAGESIZE=30&FF_SCORE=100.0&FF_CAMPAIGN=&FF_CAMPAIGN_PAGE_ID=
aldi-talk--samsung-galaxy-a17-128gb-schwarz;samsung-galaxy-a17-128gb-schwarz;ALDI TALK;Samsung;Galaxy A17;2026-09-03;159,00;ohne Vertrag;;lieferbar;https://www.alditalk.de/p/samsung-samsung-galaxy-a17-5g-128-gb-black-sm-a176b-ds-30041613A1?FF_QUERY=*%3Acategory_id%3BG5DE0Z0SIKUBHRGTNF411A7XPLN9RV3D&FF_POS=2&FF_PAGE=1&FF_PAGESIZE=30&FF_SCORE=100.0&FF_CAMPAIGN=&FF_CAMPAIGN_PAGE_ID=
congstar--apple-iphone-16-128gb-blaugruen;apple-iphone-16-128gb-blaugruen;congstar;Apple;iPhone 16;2026-09-03;757,00;ohne Vertrag;;lieferbar;https://www.congstar.de/geraete/apple/apple-iphone-16/
congstar--apple-iphone-16-128gb-rosa;apple-iphone-16-128gb-rosa;congstar;Apple;iPhone 16;2026-09-03;757,00;ohne Vertrag;;lieferbar;https://www.congstar.de/geraete/apple/apple-iphone-16/
congstar--apple-iphone-16-128gb-schwarz;apple-iphone-16-128gb-schwarz;congstar;Apple;iPhone 16;2026-09-03;757,00;ohne Vertrag;;lieferbar;https://www.congstar.de/geraete/apple/apple-iphone-16/
congstar--apple-iphone-16-128gb-weiss;apple-iphone-16-128gb-weiss;congstar;Apple;iPhone 16;2026-09-03;757,00;ohne Vertrag;;lieferbar;https://www.congstar.de/geraete/apple/apple-iphone-16/
congstar--apple-iphone-16e-128gb-schwarz;apple-iphone-16e-128gb-schwarz;congstar;Apple;iPhone 16e;2026-09-03;577,00;ohne Vertrag;;lieferbar;https://www.congstar.de/geraete/apple/apple-iphone-16e/
congstar--apple-iphone-17-256gb-gruen;apple-iphone-17-256gb-gruen;congstar;Apple;iPhone 17;2026-09-03;919,00;ohne Vertrag;;nicht_lieferbar;https://www.congstar.de/geraete/apple/apple-iphone-17/
congstar--apple-iphone-17-256gb-mist-blue;apple-iphone-17-256gb-mist-blue;congstar;Apple;iPhone 17;2026-09-03;919,00;ohne Vertrag;;nicht_lieferbar;https://www.congstar.de/geraete/apple/apple-iphone-17/
congstar--apple-iphone-17-256gb-schwarz;apple-iphone-17-256gb-schwarz;congstar;Apple;iPhone 17;2026-09-03;919,00;ohne Vertrag;;nicht_lieferbar;https://www.congstar.de/geraete/apple/apple-iphone-17/
congstar--apple-iphone-17-256gb-violett;apple-iphone-17-256gb-violett;congstar;Apple;iPhone 17;2026-09-03;919,00;ohne Vertrag;;nicht_lieferbar;https://www.congstar.de/geraete/apple/apple-iphone-17/
congstar--apple-iphone-17-256gb-weiss;apple-iphone-17-256gb-weiss;congstar;Apple;iPhone 17;2026-09-03;919,00;ohne Vertrag;;nicht_lieferbar;https://www.congstar.de/geraete/apple/apple-iphone-17/
congstar--apple-iphone-17-512gb-schwarz;apple-iphone-17-512gb-schwarz;congstar;Apple;iPhone 17;2026-09-03;1189,00;ohne Vertrag;;nicht_lieferbar;https://www.congstar.de/geraete/apple/apple-iphone-17/
congstar--apple-iphone-17-512gb-violett;apple-iphone-17-512gb-violett;congstar;Apple;iPhone 17;2026-09-03;1189,00;ohne Vertrag;;nicht_lieferbar;https://www.congstar.de/geraete/apple/apple-iphone-17/
congstar--apple-iphone-17-pro-256gb-cosmic-orange;apple-iphone-17-pro-256gb-cosmic-orange;congstar;Apple;iPhone 17 Pro;2026-09-03;1225,00;ohne Vertrag;;lieferbar;https://www.congstar.de/geraete/apple/apple-iphone-17-pro/
congstar--apple-iphone-17-pro-256gb-deep-blue;apple-iphone-17-pro-256gb-deep-blue;congstar;Apple;iPhone 17 Pro;2026-09-03;1225,00;ohne Vertrag;;lieferbar;https://www.congstar.de/geraete/apple/apple-iphone-17-pro/
congstar--apple-iphone-17-pro-256gb-silber;apple-iphone-17-pro-256gb-silber;congstar;Apple;iPhone 17 Pro;2026-09-03;1225,00;ohne Vertrag;;lieferbar;https://www.congstar.de/geraete/apple/apple-iphone-17-pro/
congstar--apple-iphone-17-pro-512gb-cosmic-orange;apple-iphone-17-pro-512gb-cosmic-orange;congstar;Apple;iPhone 17 Pro;2026-09-03;1537,00;ohne Vertrag;;lieferbar;https://www.congstar.de/geraete/apple/apple-iphone-17-pro/
congstar--apple-iphone-17-pro-512gb-deep-blue;apple-iphone-17-pro-512gb-deep-blue;congstar;Apple;iPhone 17 Pro;2026-09-03;1537,00;ohne Vertrag;;lieferbar;https://www.congstar.de/geraete/apple/apple-iphone-17-pro/
congstar--apple-iphone-17-pro-512gb-silber;apple-iphone-17-pro-512gb-silber;congstar;Apple;iPhone 17 Pro;2026-09-03;1537,00;ohne Vertrag;;lieferbar;https://www.congstar.de/geraete/apple/apple-iphone-17-pro/
congstar--apple-iphone-17-pro-max-256gb-cosmic-orange;apple-iphone-17-pro-max-256gb-cosmic-orange;congstar;Apple;iPhone 17 Pro Max;2026-09-03;1395,00;ohne Vertrag;;lieferbar;https://www.congstar.de/geraete/apple/apple-iphone-17-pro-max/
congstar--apple-iphone-17-pro-max-256gb-deep-blue;apple-iphone-17-pro-max-256gb-deep-blue;congstar;Apple;iPhone 17 Pro Max;2026-09-03;1395,00;ohne Vertrag;;lieferbar;https://www.congstar.de/geraete/apple/apple-iphone-17-pro-max/
congstar--apple-iphone-17-pro-max-512gb-cosmic-orange;apple-iphone-17-pro-max-512gb-cosmic-orange;congstar;Apple;iPhone 17 Pro Max;2026-09-03;1649,00;ohne Vertrag;;lieferbar;https://www.congstar.de/geraete/apple/apple-iphone-17-pro-max/
congstar--apple-iphone-17-pro-max-512gb-deep-blue;apple-iphone-17-pro-max-512gb-deep-blue;congstar;Apple;iPhone 17 Pro Max;2026-09-03;1649,00;ohne Vertrag;;lieferbar;https://www.congstar.de/geraete/apple/apple-iphone-17-pro-max/
congstar--apple-iphone-17-pro-max-512gb-silber;apple-iphone-17-pro-max-512gb-silber;congstar;Apple;iPhone 17 Pro Max;2026-09-03;1649,00;ohne Vertrag;;lieferbar;https://www.congstar.de/geraete/apple/apple-iphone-17-pro-max/
congstar--apple-iphone-17e-256gb-schwarz;apple-iphone-17e-256gb-schwarz;congstar;Apple;iPhone 17e;2026-09-03;685,00;ohne Vertrag;;lieferbar;https://www.congstar.de/geraete/apple/apple-iphone-17e/
congstar--apple-iphone-air-256gb-sky-blue;apple-iphone-air-256gb-sky-blue;congstar;Apple;iPhone Air;2026-09-03;891,00;ohne Vertrag;;lieferbar;https://www.congstar.de/geraete/apple/apple-iphone-air/
congstar--apple-iphone-air-512gb-light-gold;apple-iphone-air-512gb-light-gold;congstar;Apple;iPhone Air;2026-09-03;1053,00;ohne Vertrag;;lieferbar;https://www.congstar.de/geraete/apple/apple-iphone-air/
congstar--apple-iphone-air-512gb-schwarz;apple-iphone-air-512gb-schwarz;congstar;Apple;iPhone Air;2026-09-03;1053,00;ohne Vertrag;;lieferbar;https://www.congstar.de/geraete/apple/apple-iphone-air/
congstar--apple-iphone-air-512gb-sky-blue;apple-iphone-air-512gb-sky-blue;congstar;Apple;iPhone Air;2026-09-03;1053,00;ohne Vertrag;;lieferbar;https://www.congstar.de/geraete/apple/apple-iphone-air/
congstar--fairphone-6-256gb-schwarz;fairphone-6-256gb-schwarz;congstar;Fairphone;Fairphone 6;2026-09-03;541,00;ohne Vertrag;;lieferbar;https://www.congstar.de/geraete/fairphone/fairphone-gen-6-1/
congstar--google-pixel-10-pro-256gb-schwarz-refurbished;google-pixel-10-pro-256gb-schwarz-refurbished;congstar;Google;Pixel 10 Pro;2026-09-03;757,00;ohne Vertrag;;lieferbar;https://www.congstar.de/geraete/google/google-pixel-10-pro-zustand-wie-neu/
congstar--google-pixel-10a-128gb-schwarz;google-pixel-10a-128gb-schwarz;congstar;Google;Pixel 10a;2026-09-03;487,00;ohne Vertrag;;lieferbar;https://www.congstar.de/geraete/google/google-pixel-10a/
congstar--google-pixel-10a-256gb-schwarz;google-pixel-10a-256gb-schwarz;congstar;Google;Pixel 10a;2026-09-03;595,00;ohne Vertrag;;lieferbar;https://www.congstar.de/geraete/google/google-pixel-10a/
congstar--google-pixel-11-256gb-frost;google-pixel-11-256gb-frost;congstar;Google;Pixel 11;2026-09-03;991,00;ohne Vertrag;;lieferbar;https://www.congstar.de/geraete/google/google-pixel-11/
congstar--google-pixel-11-256gb-pistachio;google-pixel-11-256gb-pistachio;congstar;Google;Pixel 11;2026-09-03;991,00;ohne Vertrag;;lieferbar;https://www.congstar.de/geraete/google/google-pixel-11/
congstar--google-pixel-11-256gb-schwarz;google-pixel-11-256gb-schwarz;congstar;Google;Pixel 11;2026-09-03;991,00;ohne Vertrag;;lieferbar;https://www.congstar.de/geraete/google/google-pixel-11/
congstar--google-pixel-11-512gb-schwarz;google-pixel-11-512gb-schwarz;congstar;Google;Pixel 11;2026-09-03;1129,00;ohne Vertrag;;lieferbar;https://www.congstar.de/geraete/google/google-pixel-11/
congstar--google-pixel-11-pro-256gb-canyon;google-pixel-11-pro-256gb-canyon;congstar;Google;Pixel 11 Pro;2026-09-03;1189,00;ohne Vertrag;;lieferbar;https://www.congstar.de/geraete/google/google-pixel-11-pro/
congstar--google-pixel-11-pro-256gb-fog;google-pixel-11-pro-256gb-fog;congstar;Google;Pixel 11 Pro;2026-09-03;1189,00;ohne Vertrag;;lieferbar;https://www.congstar.de/geraete/google/google-pixel-11-pro/
congstar--google-pixel-11-pro-256gb-olive;google-pixel-11-pro-256gb-olive;congstar;Google;Pixel 11 Pro;2026-09-03;1189,00;ohne Vertrag;;lieferbar;https://www.congstar.de/geraete/google/google-pixel-11-pro/
congstar--google-pixel-11-pro-256gb-schwarz;google-pixel-11-pro-256gb-schwarz;congstar;Google;Pixel 11 Pro;2026-09-03;1189,00;ohne Vertrag;;lieferbar;https://www.congstar.de/geraete/google/google-pixel-11-pro/
congstar--google-pixel-11-pro-512gb-fog;google-pixel-11-pro-512gb-fog;congstar;Google;Pixel 11 Pro;2026-09-03;1329,00;ohne Vertrag;;lieferbar;https://www.congstar.de/geraete/google/google-pixel-11-pro/
congstar--google-pixel-11-pro-512gb-schwarz;google-pixel-11-pro-512gb-schwarz;congstar;Google;Pixel 11 Pro;2026-09-03;1329,00;ohne Vertrag;;lieferbar;https://www.congstar.de/geraete/google/google-pixel-11-pro/
congstar--google-pixel-11-pro-xl-256gb-fog;google-pixel-11-pro-xl-256gb-fog;congstar;Google;Pixel 11 Pro XL;2026-09-03;1397,00;ohne Vertrag;;lieferbar;https://www.congstar.de/geraete/google/google-pixel-11-pro-xl/
congstar--google-pixel-11-pro-xl-256gb-schwarz;google-pixel-11-pro-xl-256gb-schwarz;congstar;Google;Pixel 11 Pro XL;2026-09-03;1397,00;ohne Vertrag;;lieferbar;https://www.congstar.de/geraete/google/google-pixel-11-pro-xl/
congstar--google-pixel-11-pro-xl-512gb-schwarz;google-pixel-11-pro-xl-512gb-schwarz;congstar;Google;Pixel 11 Pro XL;2026-09-03;1529,00;ohne Vertrag;;lieferbar;https://www.congstar.de/geraete/google/google-pixel-11-pro-xl/
congstar--nothing-phone-3-256gb-schwarz;nothing-phone-3-256gb-schwarz;congstar;Nothing;Nothing Phone (3);2026-09-03;613,00;ohne Vertrag;;lieferbar;https://www.congstar.de/geraete/nothing/nothing-phone-3/
congstar--nothing-phone-4a-pro-256gb-silber;nothing-phone-4a-pro-256gb-silber;congstar;Nothing;Nothing Phone (4a) Pro;2026-09-03;477,00;ohne Vertrag;;lieferbar;https://www.congstar.de/geraete/nothing/nothing-phone-4a-pro/
congstar--samsung-galaxy-a17-128gb-blau-refurbished;samsung-galaxy-a17-128gb-blau-refurbished;congstar;Samsung;Galaxy A17;2026-09-03;145,00;ohne Vertrag;;lieferbar;https://www.congstar.de/geraete/samsung/samsung-galaxy-a17-5g-zustand-wie-neu/
congstar--samsung-galaxy-a17-128gb-schwarz;samsung-galaxy-a17-128gb-schwarz;congstar;Samsung;Galaxy A17;2026-09-03;225,00;ohne Vertrag;;lieferbar;https://www.congstar.de/geraete/samsung/samsung-galaxy-a17-5g/
congstar--samsung-galaxy-a37-128gb-awesome-charcoal;samsung-galaxy-a37-128gb-awesome-charcoal;congstar;Samsung;Galaxy A37;2026-09-03;325,00;ohne Vertrag;;lieferbar;https://www.congstar.de/geraete/samsung/samsung-galaxy-a37/
congstar--samsung-galaxy-a37-128gb-awesome-graygreen;samsung-galaxy-a37-128gb-awesome-graygreen;congstar;Samsung;Galaxy A37;2026-09-03;325,00;ohne Vertrag;;lieferbar;https://www.congstar.de/geraete/samsung/samsung-galaxy-a37/
congstar--samsung-galaxy-a37-128gb-awesome-lavender;samsung-galaxy-a37-128gb-awesome-lavender;congstar;Samsung;Galaxy A37;2026-09-03;325,00;ohne Vertrag;;lieferbar;https://www.congstar.de/geraete/samsung/samsung-galaxy-a37/
congstar--samsung-galaxy-a37-128gb-awesome-white;samsung-galaxy-a37-128gb-awesome-white;congstar;Samsung;Galaxy A37;2026-09-03;325,00;ohne Vertrag;;lieferbar;https://www.congstar.de/geraete/samsung/samsung-galaxy-a37/
congstar--samsung-galaxy-a37-256gb-awesome-charcoal;samsung-galaxy-a37-256gb-awesome-charcoal;congstar;Samsung;Galaxy A37;2026-09-03;397,00;ohne Vertrag;;lieferbar;https://www.congstar.de/geraete/samsung/samsung-galaxy-a37/
congstar--samsung-galaxy-a37-256gb-awesome-graygreen;samsung-galaxy-a37-256gb-awesome-graygreen;congstar;Samsung;Galaxy A37;2026-09-03;397,00;ohne Vertrag;;lieferbar;https://www.congstar.de/geraete/samsung/samsung-galaxy-a37/
congstar--samsung-galaxy-a37-256gb-awesome-lavender;samsung-galaxy-a37-256gb-awesome-lavender;congstar;Samsung;Galaxy A37;2026-09-03;397,00;ohne Vertrag;;lieferbar;https://www.congstar.de/geraete/samsung/samsung-galaxy-a37/
congstar--samsung-galaxy-a37-256gb-awesome-white;samsung-galaxy-a37-256gb-awesome-white;congstar;Samsung;Galaxy A37;2026-09-03;397,00;ohne Vertrag;;lieferbar;https://www.congstar.de/geraete/samsung/samsung-galaxy-a37/
congstar--samsung-galaxy-a57-128gb-awesome-gray;samsung-galaxy-a57-128gb-awesome-gray;congstar;Samsung;Galaxy A57;2026-09-03;423,00;ohne Vertrag;;lieferbar;https://www.congstar.de/geraete/samsung/samsung-galaxy-a57/
congstar--samsung-galaxy-a57-128gb-awesome-icyblue;samsung-galaxy-a57-128gb-awesome-icyblue;congstar;Samsung;Galaxy A57;2026-09-03;423,00;ohne Vertrag;;lieferbar;https://www.congstar.de/geraete/samsung/samsung-galaxy-a57/
congstar--samsung-galaxy-a57-128gb-awesome-lilac;samsung-galaxy-a57-128gb-awesome-lilac;congstar;Samsung;Galaxy A57;2026-09-03;423,00;ohne Vertrag;;lieferbar;https://www.congstar.de/geraete/samsung/samsung-galaxy-a57/
congstar--samsung-galaxy-a57-128gb-awesome-navy;samsung-galaxy-a57-128gb-awesome-navy;congstar;Samsung;Galaxy A57;2026-09-03;423,00;ohne Vertrag;;lieferbar;https://www.congstar.de/geraete/samsung/samsung-galaxy-a57/
congstar--samsung-galaxy-a57-256gb-awesome-gray;samsung-galaxy-a57-256gb-awesome-gray;congstar;Samsung;Galaxy A57;2026-09-03;483,00;ohne Vertrag;;lieferbar;https://www.congstar.de/geraete/samsung/samsung-galaxy-a57/
congstar--samsung-galaxy-a57-256gb-awesome-icyblue;samsung-galaxy-a57-256gb-awesome-icyblue;congstar;Samsung;Galaxy A57;2026-09-03;483,00;ohne Vertrag;;lieferbar;https://www.congstar.de/geraete/samsung/samsung-galaxy-a57/
congstar--samsung-galaxy-a57-256gb-awesome-lilac;samsung-galaxy-a57-256gb-awesome-lilac;congstar;Samsung;Galaxy A57;2026-09-03;483,00;ohne Vertrag;;lieferbar;https://www.congstar.de/geraete/samsung/samsung-galaxy-a57/
congstar--samsung-galaxy-a57-256gb-awesome-navy;samsung-galaxy-a57-256gb-awesome-navy;congstar;Samsung;Galaxy A57;2026-09-03;483,00;ohne Vertrag;;lieferbar;https://www.congstar.de/geraete/samsung/samsung-galaxy-a57/
congstar--samsung-galaxy-s25-128gb-blau;samsung-galaxy-s25-128gb-blau;congstar;Samsung;Galaxy S25;2026-09-03;699,00;ohne Vertrag;;lieferbar;https://www.congstar.de/geraete/samsung/samsung-galaxy-s25/
congstar--samsung-galaxy-s25-128gb-silber;samsung-galaxy-s25-128gb-silber;congstar;Samsung;Galaxy S25;2026-09-03;699,00;ohne Vertrag;;lieferbar;https://www.congstar.de/geraete/samsung/samsung-galaxy-s25/
congstar--samsung-galaxy-s25-256gb-blue-black;samsung-galaxy-s25-256gb-blue-black;congstar;Samsung;Galaxy S25;2026-09-03;759,00;ohne Vertrag;;lieferbar;https://www.congstar.de/geraete/samsung/samsung-galaxy-s25/
congstar--samsung-galaxy-s25-256gb-silber;samsung-galaxy-s25-256gb-silber;congstar;Samsung;Galaxy S25;2026-09-03;759,00;ohne Vertrag;;lieferbar;https://www.congstar.de/geraete/samsung/samsung-galaxy-s25/
congstar--samsung-galaxy-s25-fe-128gb-jetblack;samsung-galaxy-s25-fe-128gb-jetblack;congstar;Samsung;Galaxy S25 FE;2026-09-03;595,00;ohne Vertrag;;lieferbar;https://www.congstar.de/geraete/samsung/samsung-galaxy-s25-fe/
congstar--samsung-galaxy-s26-256gb-cobalt-violet;samsung-galaxy-s26-256gb-cobalt-violet;congstar;Samsung;Galaxy S26;2026-09-03;793,00;ohne Vertrag;;lieferbar;https://www.congstar.de/geraete/samsung/samsung-galaxy-s26/
congstar--samsung-galaxy-s26-256gb-schwarz;samsung-galaxy-s26-256gb-schwarz;congstar;Samsung;Galaxy S26;2026-09-03;793,00;ohne Vertrag;;lieferbar;https://www.congstar.de/geraete/samsung/samsung-galaxy-s26/
congstar--samsung-galaxy-s26-256gb-sky-blue;samsung-galaxy-s26-256gb-sky-blue;congstar;Samsung;Galaxy S26;2026-09-03;793,00;ohne Vertrag;;lieferbar;https://www.congstar.de/geraete/samsung/samsung-galaxy-s26/
congstar--samsung-galaxy-s26-256gb-weiss;samsung-galaxy-s26-256gb-weiss;congstar;Samsung;Galaxy S26;2026-09-03;793,00;ohne Vertrag;;lieferbar;https://www.congstar.de/geraete/samsung/samsung-galaxy-s26/
congstar--samsung-galaxy-s26-512gb-cobalt-violet;samsung-galaxy-s26-512gb-cobalt-violet;congstar;Samsung;Galaxy S26;2026-09-03;1009,00;ohne Vertrag;;lieferbar;https://www.congstar.de/geraete/samsung/samsung-galaxy-s26/
congstar--samsung-galaxy-s26-512gb-schwarz;samsung-galaxy-s26-512gb-schwarz;congstar;Samsung;Galaxy S26;2026-09-03;1009,00;ohne Vertrag;;lieferbar;https://www.congstar.de/geraete/samsung/samsung-galaxy-s26/
congstar--samsung-galaxy-s26-512gb-sky-blue;samsung-galaxy-s26-512gb-sky-blue;congstar;Samsung;Galaxy S26;2026-09-03;1009,00;ohne Vertrag;;lieferbar;https://www.congstar.de/geraete/samsung/samsung-galaxy-s26/
congstar--samsung-galaxy-s26-512gb-weiss;samsung-galaxy-s26-512gb-weiss;congstar;Samsung;Galaxy S26;2026-09-03;1009,00;ohne Vertrag;;lieferbar;https://www.congstar.de/geraete/samsung/samsung-galaxy-s26/
congstar--samsung-galaxy-s26-fe-128gb-grau;samsung-galaxy-s26-fe-128gb-grau;congstar;Samsung;Galaxy S26 FE;2026-09-03;793,00;ohne Vertrag;;nicht_lieferbar;https://www.congstar.de/geraete/samsung/samsung-galaxy-s26-fe/
congstar--samsung-galaxy-s26-fe-256gb-blueberry;samsung-galaxy-s26-fe-256gb-blueberry;congstar;Samsung;Galaxy S26 FE;2026-09-03;893,00;ohne Vertrag;;nicht_lieferbar;https://www.congstar.de/geraete/samsung/samsung-galaxy-s26-fe/
congstar--samsung-galaxy-s26-fe-256gb-grau;samsung-galaxy-s26-fe-256gb-grau;congstar;Samsung;Galaxy S26 FE;2026-09-03;893,00;ohne Vertrag;;nicht_lieferbar;https://www.congstar.de/geraete/samsung/samsung-galaxy-s26-fe/
congstar--samsung-galaxy-s26-fe-256gb-pistachio;samsung-galaxy-s26-fe-256gb-pistachio;congstar;Samsung;Galaxy S26 FE;2026-09-03;893,00;ohne Vertrag;;nicht_lieferbar;https://www.congstar.de/geraete/samsung/samsung-galaxy-s26-fe/
congstar--samsung-galaxy-s26-plus-256gb-cobalt-violet;samsung-galaxy-s26-plus-256gb-cobalt-violet;congstar;Samsung;Galaxy S26 Plus;2026-09-03;1225,00;ohne Vertrag;;lieferbar;https://www.congstar.de/geraete/samsung/samsung-galaxy-s26-1/
congstar--samsung-galaxy-s26-plus-256gb-schwarz;samsung-galaxy-s26-plus-256gb-schwarz;congstar;Samsung;Galaxy S26 Plus;2026-09-03;1225,00;ohne Vertrag;;lieferbar;https://www.congstar.de/geraete/samsung/samsung-galaxy-s26-1/
congstar--samsung-galaxy-s26-plus-256gb-weiss;samsung-galaxy-s26-plus-256gb-weiss;congstar;Samsung;Galaxy S26 Plus;2026-09-03;1225,00;ohne Vertrag;;lieferbar;https://www.congstar.de/geraete/samsung/samsung-galaxy-s26-1/
congstar--samsung-galaxy-s26-plus-512gb-cobalt-violet;samsung-galaxy-s26-plus-512gb-cobalt-violet;congstar;Samsung;Galaxy S26 Plus;2026-09-03;1429,00;ohne Vertrag;;lieferbar;https://www.congstar.de/geraete/samsung/samsung-galaxy-s26-1/
congstar--samsung-galaxy-s26-plus-512gb-schwarz;samsung-galaxy-s26-plus-512gb-schwarz;congstar;Samsung;Galaxy S26 Plus;2026-09-03;1429,00;ohne Vertrag;;lieferbar;https://www.congstar.de/geraete/samsung/samsung-galaxy-s26-1/
congstar--samsung-galaxy-s26-plus-512gb-sky-blue;samsung-galaxy-s26-plus-512gb-sky-blue;congstar;Samsung;Galaxy S26 Plus;2026-09-03;1429,00;ohne Vertrag;;lieferbar;https://www.congstar.de/geraete/samsung/samsung-galaxy-s26-1/
congstar--samsung-galaxy-s26-plus-512gb-weiss;samsung-galaxy-s26-plus-512gb-weiss;congstar;Samsung;Galaxy S26 Plus;2026-09-03;1429,00;ohne Vertrag;;lieferbar;https://www.congstar.de/geraete/samsung/samsung-galaxy-s26-1/
congstar--samsung-galaxy-s26-ultra-1gb-cobalt-violet;samsung-galaxy-s26-ultra-1gb-cobalt-violet;congstar;Samsung;Galaxy S26 Ultra;2026-09-03;1645,00;ohne Vertrag;;lieferbar;https://www.congstar.de/geraete/samsung/samsung-galaxy-s26-ultra/
congstar--samsung-galaxy-s26-ultra-1gb-schwarz;samsung-galaxy-s26-ultra-1gb-schwarz;congstar;Samsung;Galaxy S26 Ultra;2026-09-03;1645,00;ohne Vertrag;;lieferbar;https://www.congstar.de/geraete/samsung/samsung-galaxy-s26-ultra/
congstar--samsung-galaxy-s26-ultra-1gb-sky-blue;samsung-galaxy-s26-ultra-1gb-sky-blue;congstar;Samsung;Galaxy S26 Ultra;2026-09-03;1645,00;ohne Vertrag;;lieferbar;https://www.congstar.de/geraete/samsung/samsung-galaxy-s26-ultra/
congstar--samsung-galaxy-s26-ultra-1gb-weiss;samsung-galaxy-s26-ultra-1gb-weiss;congstar;Samsung;Galaxy S26 Ultra;2026-09-03;1645,00;ohne Vertrag;;lieferbar;https://www.congstar.de/geraete/samsung/samsung-galaxy-s26-ultra/
congstar--samsung-galaxy-s26-ultra-256gb-cobalt-violet;samsung-galaxy-s26-ultra-256gb-cobalt-violet;congstar;Samsung;Galaxy S26 Ultra;2026-09-03;1135,00;ohne Vertrag;;lieferbar;https://www.congstar.de/geraete/samsung/samsung-galaxy-s26-ultra/
congstar--samsung-galaxy-s26-ultra-256gb-schwarz;samsung-galaxy-s26-ultra-256gb-schwarz;congstar;Samsung;Galaxy S26 Ultra;2026-09-03;1135,00;ohne Vertrag;;lieferbar;https://www.congstar.de/geraete/samsung/samsung-galaxy-s26-ultra/
congstar--samsung-galaxy-s26-ultra-256gb-sky-blue;samsung-galaxy-s26-ultra-256gb-sky-blue;congstar;Samsung;Galaxy S26 Ultra;2026-09-03;1135,00;ohne Vertrag;;lieferbar;https://www.congstar.de/geraete/samsung/samsung-galaxy-s26-ultra/
congstar--samsung-galaxy-s26-ultra-256gb-weiss;samsung-galaxy-s26-ultra-256gb-weiss;congstar;Samsung;Galaxy S26 Ultra;2026-09-03;1135,00;ohne Vertrag;;lieferbar;https://www.congstar.de/geraete/samsung/samsung-galaxy-s26-ultra/
congstar--samsung-galaxy-s26-ultra-512gb-cobalt-violet;samsung-galaxy-s26-ultra-512gb-cobalt-violet;congstar;Samsung;Galaxy S26 Ultra;2026-09-03;1351,00;ohne Vertrag;;lieferbar;https://www.congstar.de/geraete/samsung/samsung-galaxy-s26-ultra/
congstar--samsung-galaxy-s26-ultra-512gb-schwarz;samsung-galaxy-s26-ultra-512gb-schwarz;congstar;Samsung;Galaxy S26 Ultra;2026-09-03;1351,00;ohne Vertrag;;lieferbar;https://www.congstar.de/geraete/samsung/samsung-galaxy-s26-ultra/
congstar--samsung-galaxy-s26-ultra-512gb-sky-blue;samsung-galaxy-s26-ultra-512gb-sky-blue;congstar;Samsung;Galaxy S26 Ultra;2026-09-03;1351,00;ohne Vertrag;;lieferbar;https://www.congstar.de/geraete/samsung/samsung-galaxy-s26-ultra/
congstar--samsung-galaxy-s26-ultra-512gb-weiss;samsung-galaxy-s26-ultra-512gb-weiss;congstar;Samsung;Galaxy S26 Ultra;2026-09-03;1351,00;ohne Vertrag;;lieferbar;https://www.congstar.de/geraete/samsung/samsung-galaxy-s26-ultra/
congstar--samsung-galaxy-z-flip8-256gb-cream;samsung-galaxy-z-flip8-256gb-cream;congstar;Samsung;Galaxy Z Flip8;2026-09-03;1297,00;ohne Vertrag;;lieferbar;https://www.congstar.de/geraete/samsung/samsung-galaxy-z-flip8/
congstar--samsung-galaxy-z-flip8-256gb-grau;samsung-galaxy-z-flip8-256gb-grau;congstar;Samsung;Galaxy Z Flip8;2026-09-03;1297,00;ohne Vertrag;;lieferbar;https://www.congstar.de/geraete/samsung/samsung-galaxy-z-flip8/
congstar--samsung-galaxy-z-flip8-256gb-rosa;samsung-galaxy-z-flip8-256gb-rosa;congstar;Samsung;Galaxy Z Flip8;2026-09-03;1297,00;ohne Vertrag;;lieferbar;https://www.congstar.de/geraete/samsung/samsung-galaxy-z-flip8/
congstar--samsung-galaxy-z-flip8-512gb-cream;samsung-galaxy-z-flip8-512gb-cream;congstar;Samsung;Galaxy Z Flip8;2026-09-03;1499,00;ohne Vertrag;;lieferbar;https://www.congstar.de/geraete/samsung/samsung-galaxy-z-flip8/
congstar--samsung-galaxy-z-flip8-512gb-grau;samsung-galaxy-z-flip8-512gb-grau;congstar;Samsung;Galaxy Z Flip8;2026-09-03;1499,00;ohne Vertrag;;lieferbar;https://www.congstar.de/geraete/samsung/samsung-galaxy-z-flip8/
congstar--samsung-galaxy-z-flip8-512gb-rosa;samsung-galaxy-z-flip8-512gb-rosa;congstar;Samsung;Galaxy Z Flip8;2026-09-03;1499,00;ohne Vertrag;;lieferbar;https://www.congstar.de/geraete/samsung/samsung-galaxy-z-flip8/
congstar--samsung-galaxy-z-fold8-256gb-cream;samsung-galaxy-z-fold8-256gb-cream;congstar;Samsung;Galaxy Z Fold8;2026-09-03;1993,00;ohne Vertrag;;lieferbar;https://www.congstar.de/geraete/samsung/samsung-galaxy-z-fold8/
congstar--samsung-galaxy-z-fold8-256gb-grau;samsung-galaxy-z-fold8-256gb-grau;congstar;Samsung;Galaxy Z Fold8;2026-09-03;1993,00;ohne Vertrag;;lieferbar;https://www.congstar.de/geraete/samsung/samsung-galaxy-z-fold8/
congstar--samsung-galaxy-z-fold8-256gb-violett;samsung-galaxy-z-fold8-256gb-violett;congstar;Samsung;Galaxy Z Fold8;2026-09-03;1993,00;ohne Vertrag;;lieferbar;https://www.congstar.de/geraete/samsung/samsung-galaxy-z-fold8/
congstar--samsung-galaxy-z-fold8-512gb-cream;samsung-galaxy-z-fold8-512gb-cream;congstar;Samsung;Galaxy Z Fold8;2026-09-03;2197,00;ohne Vertrag;;lieferbar;https://www.congstar.de/geraete/samsung/samsung-galaxy-z-fold8/
congstar--samsung-galaxy-z-fold8-512gb-violett;samsung-galaxy-z-fold8-512gb-violett;congstar;Samsung;Galaxy Z Fold8;2026-09-03;2197,00;ohne Vertrag;;lieferbar;https://www.congstar.de/geraete/samsung/samsung-galaxy-z-fold8/
congstar--samsung-galaxy-z-fold8-ultra-256gb-cream;samsung-galaxy-z-fold8-ultra-256gb-cream;congstar;Samsung;Galaxy Z Fold8 Ultra;2026-09-03;2197,00;ohne Vertrag;;lieferbar;https://www.congstar.de/geraete/samsung/samsung-galaxy-z-fold8-ultra/
congstar--samsung-galaxy-z-fold8-ultra-256gb-grau;samsung-galaxy-z-fold8-ultra-256gb-grau;congstar;Samsung;Galaxy Z Fold8 Ultra;2026-09-03;2197,00;ohne Vertrag;;lieferbar;https://www.congstar.de/geraete/samsung/samsung-galaxy-z-fold8-ultra/
congstar--samsung-galaxy-z-fold8-ultra-256gb-violet-shadow;samsung-galaxy-z-fold8-ultra-256gb-violet-shadow;congstar;Samsung;Galaxy Z Fold8 Ultra;2026-09-03;2197,00;ohne Vertrag;;lieferbar;https://www.congstar.de/geraete/samsung/samsung-galaxy-z-fold8-ultra/
congstar--samsung-galaxy-z-fold8-ultra-512gb-cream;samsung-galaxy-z-fold8-ultra-512gb-cream;congstar;Samsung;Galaxy Z Fold8 Ultra;2026-09-03;2397,00;ohne Vertrag;;lieferbar;https://www.congstar.de/geraete/samsung/samsung-galaxy-z-fold8-ultra/
congstar--samsung-galaxy-z-fold8-ultra-512gb-grau;samsung-galaxy-z-fold8-ultra-512gb-grau;congstar;Samsung;Galaxy Z Fold8 Ultra;2026-09-03;2397,00;ohne Vertrag;;lieferbar;https://www.congstar.de/geraete/samsung/samsung-galaxy-z-fold8-ultra/
congstar--samsung-galaxy-z-fold8-ultra-512gb-violet-shadow;samsung-galaxy-z-fold8-ultra-512gb-violet-shadow;congstar;Samsung;Galaxy Z Fold8 Ultra;2026-09-03;2397,00;ohne Vertrag;;lieferbar;https://www.congstar.de/geraete/samsung/samsung-galaxy-z-fold8-ultra/
congstar--xiaomi-15-256gb-schwarz-refurbished;xiaomi-15-256gb-schwarz-refurbished;congstar;Xiaomi;Xiaomi 15;2026-09-03;615,00;ohne Vertrag;;lieferbar;https://www.congstar.de/geraete/xiaomi/xiaomi-15-zustand-wie-neu/
congstar--xiaomi-17-ultra-512gb-schwarz;xiaomi-17-ultra-512gb-schwarz;congstar;Xiaomi;Xiaomi 17 Ultra;2026-09-03;1261,00;ohne Vertrag;;lieferbar;https://www.congstar.de/geraete/xiaomi/xiaomi-17-ultra/
congstar--xiaomi-17-ultra-512gb-starlit-green;xiaomi-17-ultra-512gb-starlit-green;congstar;Xiaomi;Xiaomi 17 Ultra;2026-09-03;1261,00;ohne Vertrag;;lieferbar;https://www.congstar.de/geraete/xiaomi/xiaomi-17-ultra/
congstar--xiaomi-17t-256gb-blau;xiaomi-17t-256gb-blau;congstar;Xiaomi;Xiaomi 17T;2026-09-03;685,00;ohne Vertrag;;lieferbar;https://www.congstar.de/geraete/xiaomi/xiaomi-17t/
congstar--xiaomi-17t-256gb-schwarz;xiaomi-17t-256gb-schwarz;congstar;Xiaomi;Xiaomi 17T;2026-09-03;685,00;ohne Vertrag;;lieferbar;https://www.congstar.de/geraete/xiaomi/xiaomi-17t/
congstar--xiaomi-17t-256gb-violet;xiaomi-17t-256gb-violet;congstar;Xiaomi;Xiaomi 17T;2026-09-03;685,00;ohne Vertrag;;lieferbar;https://www.congstar.de/geraete/xiaomi/xiaomi-17t/
congstar--xiaomi-17t-pro-512gb-deep-blue;xiaomi-17t-pro-512gb-deep-blue;congstar;Xiaomi;Xiaomi 17T Pro;2026-09-03;865,00;ohne Vertrag;;lieferbar;https://www.congstar.de/geraete/xiaomi/xiaomi-17t-pro/
congstar--xiaomi-17t-pro-512gb-schwarz;xiaomi-17t-pro-512gb-schwarz;congstar;Xiaomi;Xiaomi 17T Pro;2026-09-03;865,00;ohne Vertrag;;lieferbar;https://www.congstar.de/geraete/xiaomi/xiaomi-17t-pro/
congstar--xiaomi-redmi-17-128gb-deep-blue;xiaomi-redmi-17-128gb-deep-blue;congstar;Xiaomi;Redmi 17;2026-09-03;253,00;ohne Vertrag;;lieferbar;https://www.congstar.de/geraete/xiaomi/xiaomi-redmi-17-5g/
congstar--xiaomi-redmi-17-128gb-schwarz;xiaomi-redmi-17-128gb-schwarz;congstar;Xiaomi;Redmi 17;2026-09-03;253,00;ohne Vertrag;;lieferbar;https://www.congstar.de/geraete/xiaomi/xiaomi-redmi-17-5g/
congstar--xiaomi-redmi-note-15-pro-256gb-glacier-blue;xiaomi-redmi-note-15-pro-256gb-glacier-blue;congstar;Xiaomi;Redmi Note 15 Pro;2026-09-03;253,00;ohne Vertrag;;lieferbar;https://www.congstar.de/geraete/xiaomi/xiaomi-redmi-note-15-pro-5g/
congstar--xiaomi-redmi-note-15-pro-256gb-schwarz;xiaomi-redmi-note-15-pro-256gb-schwarz;congstar;Xiaomi;Redmi Note 15 Pro;2026-09-03;253,00;ohne Vertrag;;lieferbar;https://www.congstar.de/geraete/xiaomi/xiaomi-redmi-note-15-pro-5g/
congstar--xiaomi-redmi-note-17-128gb-schwarz;xiaomi-redmi-note-17-128gb-schwarz;congstar;Xiaomi;Redmi Note 17;2026-09-03;343,00;ohne Vertrag;;lieferbar;https://www.congstar.de/geraete/xiaomi/xiaomi-redmi-note-17-5g/
congstar--xiaomi-redmi-note-17-pro-256gb-schwarz;xiaomi-redmi-note-17-pro-256gb-schwarz;congstar;Xiaomi;Redmi Note 17 Pro;2026-09-03;477,00;ohne Vertrag;;lieferbar;https://www.congstar.de/geraete/xiaomi/xiaomi-redmi-note-17-pro-5g/
congstar--xiaomi-redmi-note-17-pro-256gb-sky-blue;xiaomi-redmi-note-17-pro-256gb-sky-blue;congstar;Xiaomi;Redmi Note 17 Pro;2026-09-03;477,00;ohne Vertrag;;lieferbar;https://www.congstar.de/geraete/xiaomi/xiaomi-redmi-note-17-pro-5g/
congstar--xiaomi-redmi-note-17-pro-max-256gb-schwarz;xiaomi-redmi-note-17-pro-max-256gb-schwarz;congstar;Xiaomi;Redmi Note 17 Pro Max;2026-09-03;595,00;ohne Vertrag;;lieferbar;https://www.congstar.de/geraete/xiaomi/xiaomi-redmi-note-17-pro-max-5g/
o2--google-pixel-10-pro-128gb-schwarz;google-pixel-10-pro-128gb-schwarz;o2;Google;Pixel 10 Pro;2026-09-03;973,00;ohne Vertrag;;unbekannt;https://www.o2online.de/e-shop/google/google-pixel-10-pro-128gb-obsidian-details?ohne-tarif=ja&zielgruppe=privatkunden&ratenzahlung=24&vertragsart=ratenzahlung
o2--xiaomi-redmi-17-128gb-blue-5g;xiaomi-redmi-17-128gb-blue-5g;o2;Xiaomi;Redmi 17;2026-09-03;253,00;ohne Vertrag;;unbekannt;https://www.o2online.de/e-shop/xiaomi/xiaomi-redmi-17-128gb-blue-5g-details?ohne-tarif=ja&zielgruppe=privatkunden&ratenzahlung=24&vertragsart=ratenzahlung
vodafone--apple-iphone-air-256gb-himmelblau;apple-iphone-air-256gb-himmelblau;Vodafone;Apple;iPhone Air;2026-09-03;949,90;ohne Vertrag;;lieferbar;https://www.vodafone.de/privat/handys/iphone-air.html
1-1--apple-iphone-15-128gb-blau;apple-iphone-15-128gb-blau;1&1;Apple;iPhone 15;2026-09-04;;;;lieferbar;https://mobile.1und1.de/iphone-15
1-1--apple-iphone-16-128gb-schwarz;apple-iphone-16-128gb-schwarz;1&1;Apple;iPhone 16;2026-09-04;;;;lieferbar;https://mobile.1und1.de/iphone-16
1-1--apple-iphone-16-plus-128gb-weiss;apple-iphone-16-plus-128gb-weiss;1&1;Apple;iPhone 16 Plus;2026-09-04;;;;lieferbar;https://mobile.1und1.de/iphone-16-plus
1-1--apple-iphone-16e-128gb-schwarz;apple-iphone-16e-128gb-schwarz;1&1;Apple;iPhone 16e;2026-09-04;;;;lieferbar;https://mobile.1und1.de/iphone-16e
1-1--apple-iphone-17-256gb-violett;apple-iphone-17-256gb-violett;1&1;Apple;iPhone 17;2026-09-04;;;;lieferbar;https://mobile.1und1.de/iphone-17
1-1--apple-iphone-17-pro-256gb-cosmic-orange;apple-iphone-17-pro-256gb-cosmic-orange;1&1;Apple;iPhone 17 Pro;2026-09-04;;;;lieferbar;https://mobile.1und1.de/iphone-17-pro
1-1--apple-iphone-17-pro-max-256gb-cosmic-orange;apple-iphone-17-pro-max-256gb-cosmic-orange;1&1;Apple;iPhone 17 Pro Max;2026-09-04;;;;lieferbar;https://mobile.1und1.de/iphone-17-pro-max
1-1--apple-iphone-17e-256gb-weiss;apple-iphone-17e-256gb-weiss;1&1;Apple;iPhone 17e;2026-09-04;;;;lieferbar;https://mobile.1und1.de/iphone-17e
1-1--apple-iphone-air-256gb-space-schwarz;apple-iphone-air-256gb-space-schwarz;1&1;Apple;iPhone Air;2026-09-04;;;;lieferbar;https://mobile.1und1.de/iphone-air
1-1--fairphone-6-256gb-forest-green;fairphone-6-256gb-forest-green;1&1;Fairphone;Fairphone 6;2026-09-04;;;;lieferbar;https://mobile.1und1.de/fairphone-6
1-1--google-pixel-10a-128gb-violett;google-pixel-10a-128gb-violett;1&1;Google;Pixel 10a;2026-09-04;;;;lieferbar;https://mobile.1und1.de/google-pixel-10a
1-1--google-pixel-11-256gb-frost;google-pixel-11-256gb-frost;1&1;Google;Pixel 11;2026-09-04;;;;lieferbar;https://mobile.1und1.de/google-pixel-11
1-1--google-pixel-11-pro-256gb-canyon;google-pixel-11-pro-256gb-canyon;1&1;Google;Pixel 11 Pro;2026-09-04;;;;lieferbar;https://mobile.1und1.de/google-pixel-11-pro
1-1--google-pixel-11-pro-fold-256gb-olive;google-pixel-11-pro-fold-256gb-olive;1&1;Google;Pixel 11 Pro Fold;2026-09-04;;;;lieferbar;https://mobile.1und1.de/google-pixel-11-pro-fold
1-1--google-pixel-11-pro-xl-256gb-canyon;google-pixel-11-pro-xl-256gb-canyon;1&1;Google;Pixel 11 Pro XL;2026-09-04;;;;lieferbar;https://mobile.1und1.de/google-pixel-11-pro-xl
1-1--nothing-phone-3-256gb-schwarz;nothing-phone-3-256gb-schwarz;1&1;Nothing;Nothing Phone (3);2026-09-04;;;;lieferbar;https://mobile.1und1.de/nothing-phone-3
1-1--nothing-phone-4a-pro-128gb-silber;nothing-phone-4a-pro-128gb-silber;1&1;Nothing;Nothing Phone (4a) Pro;2026-09-04;;;;lieferbar;https://mobile.1und1.de/nothing-phone-4a-pro
1-1--samsung-galaxy-a17-128gb-schwarz;samsung-galaxy-a17-128gb-schwarz;1&1;Samsung;Galaxy A17;2026-09-04;;;;lieferbar;https://mobile.1und1.de/samsung-galaxy-a17-5g
1-1--samsung-galaxy-a27-128gb-schwarz;samsung-galaxy-a27-128gb-schwarz;1&1;Samsung;Galaxy A27;2026-09-04;;;;lieferbar;https://mobile.1und1.de/samsung-galaxy-a27-5g
1-1--samsung-galaxy-a57-128gb-awesome-gray;samsung-galaxy-a57-128gb-awesome-gray;1&1;Samsung;Galaxy A57;2026-09-04;;;;lieferbar;https://mobile.1und1.de/samsung-galaxy-a57
1-1--samsung-galaxy-s25-128gb-silber;samsung-galaxy-s25-128gb-silber;1&1;Samsung;Galaxy S25;2026-09-04;;;;lieferbar;https://mobile.1und1.de/samsung-galaxy-s25
1-1--samsung-galaxy-s26-256gb-cobalt-violet;samsung-galaxy-s26-256gb-cobalt-violet;1&1;Samsung;Galaxy S26;2026-09-04;;;;lieferbar;https://mobile.1und1.de/samsung-galaxy-s26
1-1--samsung-galaxy-s26-fe-128gb-pistachio;samsung-galaxy-s26-fe-128gb-pistachio;1&1;Samsung;Galaxy S26 FE;2026-09-04;;;;vorbestellbar;https://mobile.1und1.de/samsung-galaxy-s26-fe
1-1--samsung-galaxy-s26-fe-128gb-pistachio;samsung-galaxy-s26-fe-128gb-pistachio;1&1;Samsung;Galaxy S26 FE;2026-09-04;;;;lieferbar;https://mobile.1und1.de/samsung-galaxy-s26-fe
1-1--samsung-galaxy-s26-plus-512gb-cobalt-violet;samsung-galaxy-s26-plus-512gb-cobalt-violet;1&1;Samsung;Galaxy S26 Plus;2026-09-04;;;;lieferbar;https://mobile.1und1.de/samsung-galaxy-s26-plus
1-1--samsung-galaxy-s26-ultra-256gb-cobalt-violet;samsung-galaxy-s26-ultra-256gb-cobalt-violet;1&1;Samsung;Galaxy S26 Ultra;2026-09-04;;;;lieferbar;https://mobile.1und1.de/samsung-galaxy-s26-ultra
1-1--samsung-galaxy-z-flip8-256gb-rosa;samsung-galaxy-z-flip8-256gb-rosa;1&1;Samsung;Galaxy Z Flip8;2026-09-04;;;;lieferbar;https://mobile.1und1.de/samsung-galaxy-z-flip8
1-1--samsung-galaxy-z-fold8-256gb-violett;samsung-galaxy-z-fold8-256gb-violett;1&1;Samsung;Galaxy Z Fold8;2026-09-04;;;;lieferbar;https://mobile.1und1.de/samsung-galaxy-z-fold8
1-1--samsung-galaxy-z-fold8-ultra-256gb-violet-shadow;samsung-galaxy-z-fold8-ultra-256gb-violet-shadow;1&1;Samsung;Galaxy Z Fold8 Ultra;2026-09-04;;;;lieferbar;https://mobile.1und1.de/samsung-galaxy-z-fold8-ultra
1-1--xiaomi-17-512gb-schwarz;xiaomi-17-512gb-schwarz;1&1;Xiaomi;Xiaomi 17;2026-09-04;;;;lieferbar;https://mobile.1und1.de/xiaomi-17
1-1--xiaomi-17-ultra-512gb-starlit-green;xiaomi-17-ultra-512gb-starlit-green;1&1;Xiaomi;Xiaomi 17 Ultra;2026-09-04;;;;lieferbar;https://mobile.1und1.de/xiaomi-17-ultra
1-1--xiaomi-17t-256gb-violet;xiaomi-17t-256gb-violet;1&1;Xiaomi;Xiaomi 17T;2026-09-04;;;;lieferbar;https://mobile.1und1.de/xiaomi-17t
1-1--xiaomi-17t-pro-512gb-deep-blue;xiaomi-17t-pro-512gb-deep-blue;1&1;Xiaomi;Xiaomi 17T Pro;2026-09-04;;;;lieferbar;https://mobile.1und1.de/xiaomi-17t-pro
1-1--xiaomi-redmi-note-17-128gb-violett;xiaomi-redmi-note-17-128gb-violett;1&1;Xiaomi;Redmi Note 17;2026-09-04;;;;lieferbar;https://mobile.1und1.de/xiaomi-redmi-note-17-5g
1-1--xiaomi-redmi-note-17-pro-256gb-sky-blue;xiaomi-redmi-note-17-pro-256gb-sky-blue;1&1;Xiaomi;Redmi Note 17 Pro;2026-09-04;;;;lieferbar;https://mobile.1und1.de/xiaomi-redmi-note-17-pro-5g
1-1--xiaomi-redmi-note-17-pro-max-256gb-cloud-blush;xiaomi-redmi-note-17-pro-max-256gb-cloud-blush;1&1;Xiaomi;Redmi Note 17 Pro Max;2026-09-04;;;;lieferbar;https://mobile.1und1.de/xiaomi-redmi-note-17-pro-max-5g
aldi-talk--samsung-galaxy-a17-128gb-schwarz;samsung-galaxy-a17-128gb-schwarz;ALDI TALK;Samsung;Galaxy A17;2026-09-04;129,00;ohne Vertrag;;lieferbar;https://www.alditalk.de/p/samsung-samsung-galaxy-a17-lte-128-gb-black-sm-a175f-dsb--beclad-starter-kit-fur-samsung-galaxy-a17-330042091A1?FF_QUERY=*%3Acategory_id%3BG5DE0Z0SIKUBHRGTNF411A7XPLN9RV3D&FF_POS=1&FF_PAGE=1&FF_PAGESIZE=30&FF_SCORE=100.0&FF_CAMPAIGN=&FF_CAMPAIGN_PAGE_ID=
aldi-talk--samsung-galaxy-a17-128gb-schwarz;samsung-galaxy-a17-128gb-schwarz;ALDI TALK;Samsung;Galaxy A17;2026-09-04;159,00;ohne Vertrag;;lieferbar;https://www.alditalk.de/p/samsung-samsung-galaxy-a17-5g-128-gb-black-sm-a176b-ds-30041613A1?FF_QUERY=*%3Acategory_id%3BG5DE0Z0SIKUBHRGTNF411A7XPLN9RV3D&FF_POS=2&FF_PAGE=1&FF_PAGESIZE=30&FF_SCORE=100.0&FF_CAMPAIGN=&FF_CAMPAIGN_PAGE_ID=
aldi-talk--samsung-galaxy-a17-128gb-schwarz;samsung-galaxy-a17-128gb-schwarz;ALDI TALK;Samsung;Galaxy A17;2026-09-04;129,00;ohne Vertrag;;lieferbar;https://www.alditalk.de/p/samsung-samsung-galaxy-a17-lte-128-gb-black-sm-a175f-dsb--beclad-starter-kit-fur-samsung-galaxy-a17-330042091A1?FF_QUERY=*%3Acategory_id%3BG5DE0Z0SIKUBHRGTNF411A7XPLN9RV3D&FF_POS=1&FF_PAGE=1&FF_PAGESIZE=30&FF_SCORE=100.0&FF_CAMPAIGN=&FF_CAMPAIGN_PAGE_ID=
aldi-talk--samsung-galaxy-a17-128gb-schwarz;samsung-galaxy-a17-128gb-schwarz;ALDI TALK;Samsung;Galaxy A17;2026-09-04;159,00;ohne Vertrag;;lieferbar;https://www.alditalk.de/p/samsung-samsung-galaxy-a17-5g-128-gb-black-sm-a176b-ds-30041613A1?FF_QUERY=*%3Acategory_id%3BG5DE0Z0SIKUBHRGTNF411A7XPLN9RV3D&FF_POS=2&FF_PAGE=1&FF_PAGESIZE=30&FF_SCORE=100.0&FF_CAMPAIGN=&FF_CAMPAIGN_PAGE_ID=
aldi-talk--samsung-galaxy-a17-128gb-schwarz;samsung-galaxy-a17-128gb-schwarz;ALDI TALK;Samsung;Galaxy A17;2026-09-04;129,00;ohne Vertrag;;lieferbar;https://www.alditalk.de/p/samsung-samsung-galaxy-a17-lte-128-gb-black-sm-a175f-dsb--beclad-starter-kit-fur-samsung-galaxy-a17-330042091A1?FF_QUERY=*%3Acategory_id%3BG5DE0Z0SIKUBHRGTNF411A7XPLN9RV3D&FF_POS=1&FF_PAGE=1&FF_PAGESIZE=30&FF_SCORE=100.0&FF_CAMPAIGN=&FF_CAMPAIGN_PAGE_ID=
aldi-talk--samsung-galaxy-a17-128gb-schwarz;samsung-galaxy-a17-128gb-schwarz;ALDI TALK;Samsung;Galaxy A17;2026-09-04;159,00;ohne Vertrag;;lieferbar;https://www.alditalk.de/p/samsung-samsung-galaxy-a17-5g-128-gb-black-sm-a176b-ds-30041613A1?FF_QUERY=*%3Acategory_id%3BG5DE0Z0SIKUBHRGTNF411A7XPLN9RV3D&FF_POS=2&FF_PAGE=1&FF_PAGESIZE=30&FF_SCORE=100.0&FF_CAMPAIGN=&FF_CAMPAIGN_PAGE_ID=
aldi-talk--samsung-galaxy-a17-128gb-schwarz;samsung-galaxy-a17-128gb-schwarz;ALDI TALK;Samsung;Galaxy A17;2026-09-04;129,00;ohne Vertrag;;lieferbar;https://www.alditalk.de/p/samsung-samsung-galaxy-a17-lte-128-gb-black-sm-a175f-dsb--beclad-starter-kit-fur-samsung-galaxy-a17-330042091A1?FF_QUERY=*%3Acategory_id%3BG5DE0Z0SIKUBHRGTNF411A7XPLN9RV3D&FF_POS=1&FF_PAGE=1&FF_PAGESIZE=30&FF_SCORE=100.0&FF_CAMPAIGN=&FF_CAMPAIGN_PAGE_ID=
aldi-talk--samsung-galaxy-a17-128gb-schwarz;samsung-galaxy-a17-128gb-schwarz;ALDI TALK;Samsung;Galaxy A17;2026-09-04;159,00;ohne Vertrag;;lieferbar;https://www.alditalk.de/p/samsung-samsung-galaxy-a17-5g-128-gb-black-sm-a176b-ds-30041613A1?FF_QUERY=*%3Acategory_id%3BG5DE0Z0SIKUBHRGTNF411A7XPLN9RV3D&FF_POS=2&FF_PAGE=1&FF_PAGESIZE=30&FF_SCORE=100.0&FF_CAMPAIGN=&FF_CAMPAIGN_PAGE_ID=
aldi-talk--samsung-galaxy-a17-128gb-schwarz;samsung-galaxy-a17-128gb-schwarz;ALDI TALK;Samsung;Galaxy A17;2026-09-04;129,00;ohne Vertrag;;lieferbar;https://www.alditalk.de/p/samsung-samsung-galaxy-a17-lte-128-gb-black-sm-a175f-dsb--beclad-starter-kit-fur-samsung-galaxy-a17-330042091A1?FF_QUERY=*%3Acategory_id%3BG5DE0Z0SIKUBHRGTNF411A7XPLN9RV3D&FF_POS=1&FF_PAGE=1&FF_PAGESIZE=30&FF_SCORE=100.0&FF_CAMPAIGN=&FF_CAMPAIGN_PAGE_ID=
aldi-talk--samsung-galaxy-a17-128gb-schwarz;samsung-galaxy-a17-128gb-schwarz;ALDI TALK;Samsung;Galaxy A17;2026-09-04;159,00;ohne Vertrag;;lieferbar;https://www.alditalk.de/p/samsung-samsung-galaxy-a17-5g-128-gb-black-sm-a176b-ds-30041613A1?FF_QUERY=*%3Acategory_id%3BG5DE0Z0SIKUBHRGTNF411A7XPLN9RV3D&FF_POS=2&FF_PAGE=1&FF_PAGESIZE=30&FF_SCORE=100.0&FF_CAMPAIGN=&FF_CAMPAIGN_PAGE_ID=
congstar--google-pixel-10a-128gb-fog;google-pixel-10a-128gb-fog;congstar;Google;Pixel 10a;2026-09-04;487,00;ohne Vertrag;;lieferbar;https://www.congstar.de/geraete/google/google-pixel-10a/
congstar--samsung-galaxy-s26-fe-128gb-grau;samsung-galaxy-s26-fe-128gb-grau;congstar;Samsung;Galaxy S26 FE;2026-09-04;793,00;ohne Vertrag;;lieferbar;https://www.congstar.de/geraete/samsung/samsung-galaxy-s26-fe/
congstar--samsung-galaxy-s26-fe-256gb-blueberry;samsung-galaxy-s26-fe-256gb-blueberry;congstar;Samsung;Galaxy S26 FE;2026-09-04;893,00;ohne Vertrag;;lieferbar;https://www.congstar.de/geraete/samsung/samsung-galaxy-s26-fe/
congstar--samsung-galaxy-s26-fe-256gb-grau;samsung-galaxy-s26-fe-256gb-grau;congstar;Samsung;Galaxy S26 FE;2026-09-04;893,00;ohne Vertrag;;lieferbar;https://www.congstar.de/geraete/samsung/samsung-galaxy-s26-fe/
congstar--samsung-galaxy-s26-fe-256gb-pistachio;samsung-galaxy-s26-fe-256gb-pistachio;congstar;Samsung;Galaxy S26 FE;2026-09-04;893,00;ohne Vertrag;;lieferbar;https://www.congstar.de/geraete/samsung/samsung-galaxy-s26-fe/
medimax--samsung-galaxy-a37-128gb-ohne-farbe;samsung-galaxy-a37-128gb-ohne-farbe;Medimax;Samsung;Galaxy A37;2026-09-04;289,00;ohne Vertrag;;lieferbar;https://www.medimax.de/p/1518879/galaxy-a37-5g-a376b-128gb
o2--samsung-galaxy-s25-ultra-256gb-titan-blau-refurbished;samsung-galaxy-s25-ultra-256gb-titan-blau-refurbished;o2;Samsung;Galaxy S25 Ultra;2026-09-04;889,00;ohne Vertrag;;unbekannt;https://www.o2online.de/e-shop/samsung/samsung-galaxy-s25-ultra-256gb-titanium-silverblue-erneuert-details?ohne-tarif=ja&zielgruppe=privatkunden&ratenzahlung=24&vertragsart=ratenzahlung
telekom--apple-iphone-17-256gb-violett;apple-iphone-17-256gb-violett;Telekom;Apple;iPhone 17;2026-09-05;948,60;ohne Vertrag;;lieferbar;https://www.telekom.de/shop/geraet/apple/apple-iphone-17/lavendel-256-gb?autoLogin=true&error=interaction_required&state=ca63a8f1-fc0f-4aa4-ba25-7aa7682afa14&hardwareOnlySale=true&categoryId=smartphones
telekom--apple-iphone-17-pro-256gb-tiefblau;apple-iphone-17-pro-256gb-tiefblau;Telekom;Apple;iPhone 17 Pro;2026-09-05;1197,00;ohne Vertrag;;lieferbar;https://www.telekom.de/shop/geraet/apple/apple-iphone-17-pro/tiefblau-256-gb?autoLogin=true&error=interaction_required&state=ca63a8f1-fc0f-4aa4-ba25-7aa7682afa14&hardwareOnlySale=true&categoryId=smartphones
telekom--apple-iphone-17-pro-max-256gb-silber;apple-iphone-17-pro-max-256gb-silber;Telekom;Apple;iPhone 17 Pro Max;2026-09-05;1347,40;ohne Vertrag;;lieferbar;https://www.telekom.de/shop/geraet/apple/apple-iphone-17-pro-max/silber-256-gb?autoLogin=true&error=interaction_required&state=ca63a8f1-fc0f-4aa4-ba25-7aa7682afa14&hardwareOnlySale=true&categoryId=smartphones
telekom--google-pixel-11-256gb-frost;google-pixel-11-256gb-frost;Telekom;Google;Pixel 11;2026-09-05;999,00;ohne Vertrag;;lieferbar;https://www.telekom.de/shop/geraet/google/google-pixel-11/frost-256-gb?autoLogin=true&error=interaction_required&state=ca63a8f1-fc0f-4aa4-ba25-7aa7682afa14&hardwareOnlySale=true&categoryId=smartphones
telekom--google-pixel-11-pro-256gb-olive;google-pixel-11-pro-256gb-olive;Telekom;Google;Pixel 11 Pro;2026-09-05;1197,00;ohne Vertrag;;lieferbar;https://www.telekom.de/shop/geraet/google/google-pixel-11-pro/olive-256-gb?autoLogin=true&error=interaction_required&state=ca63a8f1-fc0f-4aa4-ba25-7aa7682afa14&hardwareOnlySale=true&categoryId=smartphones
telekom--google-pixel-11-pro-xl-256gb-schwarz;google-pixel-11-pro-xl-256gb-schwarz;Telekom;Google;Pixel 11 Pro XL;2026-09-05;1397,80;ohne Vertrag;;lieferbar;https://www.telekom.de/shop/geraet/google/google-pixel-11-pro-xl/obsidian-256-gb?autoLogin=true&error=interaction_required&state=ca63a8f1-fc0f-4aa4-ba25-7aa7682afa14&hardwareOnlySale=true&categoryId=smartphones
telekom--samsung-galaxy-z-flip8-256gb-rosa;samsung-galaxy-z-flip8-256gb-rosa;Telekom;Samsung;Galaxy Z Flip8;2026-09-05;1297,00;ohne Vertrag;;lieferbar;https://www.telekom.de/shop/geraet/samsung/samsung-galaxy-z-flip8/pink-256-gb?autoLogin=true&error=interaction_required&state=ca63a8f1-fc0f-4aa4-ba25-7aa7682afa14&hardwareOnlySale=true&categoryId=smartphones
telekom--samsung-galaxy-z-fold8-256gb-cream;samsung-galaxy-z-fold8-256gb-cream;Telekom;Samsung;Galaxy Z Fold8;2026-09-05;1997,40;ohne Vertrag;;lieferbar;https://www.telekom.de/shop/geraet/samsung/samsung-galaxy-z-fold8/cream-256-gb?autoLogin=true&error=interaction_required&state=ca63a8f1-fc0f-4aa4-ba25-7aa7682afa14&hardwareOnlySale=true&categoryId=smartphones
telekom--samsung-galaxy-z-fold8-ultra-256gb-violet-shadow;samsung-galaxy-z-fold8-ultra-256gb-violet-shadow;Telekom;Samsung;Galaxy Z Fold8 Ultra;2026-09-05;2199,00;ohne Vertrag;;lieferbar;https://www.telekom.de/shop/geraet/samsung/samsung-galaxy-z-fold8-ultra/violet-shadow-256-gb?autoLogin=true&error=interaction_required&state=ca63a8f1-fc0f-4aa4-ba25-7aa7682afa14&hardwareOnlySale=true&categoryId=smartphones
telekom--xiaomi-17t-pro-512gb-schwarz;xiaomi-17t-pro-512gb-schwarz;Telekom;Xiaomi;Xiaomi 17T Pro;2026-09-05;875,80;ohne Vertrag;;lieferbar;https://www.telekom.de/shop/geraet/xiaomi/xiaomi-17t-pro/black-512-gb?autoLogin=true&error=interaction_required&state=ca63a8f1-fc0f-4aa4-ba25-7aa7682afa14&hardwareOnlySale=true&categoryId=smartphones
