Art;Modell;Speicher GB;Anbieter;Anbietertyp;Tarif;Band;Zustand;Zuzahlung EUR;Tarif/Monat EUR;Geräterate EUR;Bündel/Monat EUR;Laufzeit Monate;Anschlusspreis EUR;Leitzahl-Zeitraum Monate;Kosten über 24 Monate EUR;Kosten über die Bündellaufzeit EUR;Abgerufen am;Quelle;SKU-ID;Status;Lücke
Bündel;Motorola edge 60 neo;256;Telekom;netzbetreiber;MagentaMobil XL;XL;neu;1,00;84,95;8,00;;6;39,95;24;2127,75;;2026-10-10;https://www.telekom.de/shop/geraet/motorola/motorola-edge-60-neo/pantone-grisaille-256-gb?sortBy=popularityIndex&currentPage=3&tariffId=MF_17803&itemPerPage=24&excludedCurrentPage=1&forwardTradeInApplied=false&bp=acquisition&categoryId=smartphones;motorola-edge-60-neo-256gb-ohne-farbe;;
Bündel;Motorola edge 70 fusion;256;Telekom;netzbetreiber;MagentaMobil XL;XL;neu;1,00;84,95;9,60;;6;39,95;24;2137,35;;2026-10-10;https://www.telekom.de/shop/geraet/motorola/motorola-edge-70-fusio-fifa-edition/pantone-silhouette-256-gb?sortBy=popularityIndex&currentPage=3&tariffId=MF_17803&itemPerPage=24&excludedCurrentPage=1&forwardTradeInApplied=false&bp=acquisition&categoryId=smartphones;motorola-edge-70-fusion-256gb-ohne-farbe;;
Bündel;Motorola edge 70 fusion FIFA Edition;256;Telekom;netzbetreiber;MagentaMobil XL;XL;neu;1,00;84,95;9,60;;6;39,95;24;2137,35;;2026-10-10;https://www.telekom.de/shop/geraet/motorola/motorola-edge-70-fusio-fifa-edition/pantone-silhouette-256-gb?sortBy=popularityIndex&currentPage=3&tariffId=MF_17803&itemPerPage=24&excludedCurrentPage=1&forwardTradeInApplied=false&bp=acquisition&categoryId=smartphones;motorola-edge-70-fusion-fifa-edition-256gb-ohne-farbe;;
Bündel;Galaxy A17;128;Telekom;netzbetreiber;MagentaMobil L;L;neu;1,00;59,95;6,30;;6;39,95;24;1517,55;;2026-10-10;https://www.telekom.de/shop/geraet/samsung/samsung-galaxy-a17-5g/black-128-gb?sortBy=popularityIndex&currentPage=3&tariffId=MF_17797&itemPerPage=24&excludedCurrentPage=1&forwardTradeInApplied=false&bp=acquisition&categoryId=smartphones;samsung-galaxy-a17-128gb-ohne-farbe;;
Bündel;Galaxy A36;256;Telekom;netzbetreiber;MagentaMobil XL;XL;neu;1,00;84,95;6,30;;6;39,95;24;2117,55;;2026-10-10;https://www.telekom.de/shop/geraet/samsung/samsung-galaxy-a36-5g/awesome-black-256-gb?sortBy=popularityIndex&currentPage=3&tariffId=MF_17803&itemPerPage=24&excludedCurrentPage=1&forwardTradeInApplied=false&bp=acquisition&categoryId=smartphones;samsung-galaxy-a36-256gb-ohne-farbe;;
Bündel;T Phone 3;128;Telekom;netzbetreiber;MagentaMobil M;M;neu;1,00;49,95;8,00;;6;39,95;24;1287,75;;2026-10-10;https://www.telekom.de/shop/geraet/telekom/telekom-t-phone-3/icy-silver-128-gb?sortBy=popularityIndex&currentPage=3&tariffId=MF_17791&itemPerPage=24&excludedCurrentPage=1&forwardTradeInApplied=false&bp=acquisition&categoryId=smartphones;telekom-t-phone-3-128gb-ohne-farbe;;
Bündel;iPhone 16;128;1&1;netzbetreiber;1&1 All-Net-Flat S;XS;neu;;;;47,99;24;39,90;24;;;2026-10-10;https://mobile.1und1.de/flow2/mobile/ssc-private/tariffContractDuration?tariffChangeUrl=%2F%2Fmobile.1und1.de%2Fiphone-16&optionalPrecedingDocuments=%2F%2Fmobile.1und1.de%2Fiphone-16&addFlowStates=tradeInAvailable%2CbrandApple%2CwatchAvailable%2CaskWatch%2ChwDurationsAvailable&traceId=bbec470e-0ed6-4932-9178-f373548d0a7a;apple-iphone-16-128gb-blau;;Gerätezuzahlung
Bündel;iPhone 16 Plus;128;1&1;netzbetreiber;1&1 All-Net-Flat S;XS;neu;;;;52,99;24;39,90;24;;;2026-10-10;https://mobile.1und1.de/flow2/mobile/ssc-private/tariffContractDuration?tariffChangeUrl=%2F%2Fmobile.1und1.de%2Fiphone-16-plus&optionalPrecedingDocuments=%2F%2Fmobile.1und1.de%2Fiphone-16-plus&addFlowStates=tradeInAvailable%2CbrandApple%2CwatchAvailable%2CaskWatch%2ChwDurationsAvailable&traceId=fdd2d745-5f75-4f00-8436-14b3bb1a4511;apple-iphone-16-plus-128gb-weiss;;Gerätezuzahlung
Bündel;iPhone 16e;128;1&1;netzbetreiber;1&1 All-Net-Flat S;XS;neu;;;;37,99;24;39,90;24;;;2026-10-10;https://mobile.1und1.de/flow2/mobile/ssc-private/tariffContractDuration?tariffChangeUrl=%2F%2Fmobile.1und1.de%2Fiphone-16e&optionalPrecedingDocuments=%2F%2Fmobile.1und1.de%2Fiphone-16e&addFlowStates=tradeInAvailable%2CbrandApple%2CwatchAvailable%2CaskWatch%2ChwDurationsAvailable&traceId=9c71962b-6e50-4213-aa07-6c850879a186;apple-iphone-16e-128gb-schwarz;;Gerätezuzahlung
Bündel;iPhone 17;256;1&1;netzbetreiber;1&1 All-Net-Flat S;XS;neu;;;;57,99;24;39,90;24;;;2026-10-10;https://mobile.1und1.de/flow2/mobile/ssc-private/tariffContractDuration?tariffChangeUrl=%2F%2Fmobile.1und1.de%2Fiphone-17&optionalPrecedingDocuments=%2F%2Fmobile.1und1.de%2Fiphone-17&addFlowStates=tradeInAvailable%2CbrandApple%2CwatchAvailable%2CaskWatch%2ChwDurationsAvailable&traceId=6a1a9fd1-86de-485e-a1c2-45a95864f991;apple-iphone-17-256gb-nebelblau;;Gerätezuzahlung
Bündel;iPhone 17;512;1&1;netzbetreiber;1&1 All-Net-Flat S;XS;neu;;;;67,99;24;39,90;24;;;2026-10-10;https://mobile.1und1.de/flow2/mobile/ssc-private/tariffContractDuration?tariffChangeUrl=%2F%2Fmobile.1und1.de%2Fiphone-17&optionalPrecedingDocuments=%2F%2Fmobile.1und1.de%2Fiphone-17&addFlowStates=tradeInAvailable%2CbrandApple%2CwatchAvailable%2CaskWatch%2ChwDurationsAvailable&traceId=fea40c8c-c37b-4489-9830-f59f341064ea;apple-iphone-17-512gb-nebelblau;;Gerätezuzahlung
Bündel;iPhone 17 Pro;256;1&1;netzbetreiber;1&1 All-Net-Flat S;XS;neu;;;;59,99;24;39,90;24;;;2026-10-10;https://mobile.1und1.de/flow2/mobile/ssc-private/tariffContractDuration?tariffChangeUrl=%2F%2Fmobile.1und1.de%2Fiphone-17-pro&optionalPrecedingDocuments=%2F%2Fmobile.1und1.de%2Fiphone-17-pro&addFlowStates=tradeInAvailable%2CbrandApple%2CwatchAvailable%2CaskWatch%2ChwDurationsAvailable&traceId=6f62ae1c-4918-4ff8-9165-37ed27c0b016;apple-iphone-17-pro-256gb-cosmic-orange;;Gerätezuzahlung
Bündel;iPhone 17 Pro;512;1&1;netzbetreiber;1&1 All-Net-Flat S;XS;neu;;;;69,99;24;39,90;24;;;2026-10-10;https://mobile.1und1.de/flow2/mobile/ssc-private/tariffContractDuration?tariffChangeUrl=%2F%2Fmobile.1und1.de%2Fiphone-17-pro&optionalPrecedingDocuments=%2F%2Fmobile.1und1.de%2Fiphone-17-pro&addFlowStates=tradeInAvailable%2CbrandApple%2CwatchAvailable%2CaskWatch%2ChwDurationsAvailable&traceId=80e5c16b-bd5e-4323-92df-2a063e6e661d;apple-iphone-17-pro-512gb-tiefblau;;Gerätezuzahlung
Bündel;iPhone 17 Pro Max;1024;1&1;netzbetreiber;1&1 All-Net-Flat S;XS;neu;;;;89,99;24;39,90;24;;;2026-10-10;https://mobile.1und1.de/flow2/mobile/ssc-private/tariffContractDuration?tariffChangeUrl=%2F%2Fmobile.1und1.de%2Fiphone-17-pro-max&optionalPrecedingDocuments=%2F%2Fmobile.1und1.de%2Fiphone-17-pro-max&addFlowStates=tradeInAvailable%2CbrandApple%2CwatchAvailable%2CaskWatch%2ChwDurationsAvailable&traceId=3d343ca2-481f-4a0c-ab1a-0f3a85b0d82e;apple-iphone-17-pro-max-1024gb-silber;;Gerätezuzahlung
Bündel;iPhone 17 Pro Max;2048;1&1;netzbetreiber;1&1 All-Net-Flat S;XS;neu;;;;109,99;24;39,90;24;;;2026-10-10;https://mobile.1und1.de/flow2/mobile/ssc-private/tariffContractDuration?tariffChangeUrl=%2F%2Fmobile.1und1.de%2Fiphone-17-pro-max&optionalPrecedingDocuments=%2F%2Fmobile.1und1.de%2Fiphone-17-pro-max&addFlowStates=tradeInAvailable%2CbrandApple%2CwatchAvailable%2CaskWatch%2ChwDurationsAvailable&traceId=73e2a889-3e5a-4c87-b57e-4820e295ebe4;apple-iphone-17-pro-max-2048gb-silber;;Gerätezuzahlung
Bündel;iPhone 17 Pro Max;256;1&1;netzbetreiber;1&1 All-Net-Flat S;XS;neu;;;;67,99;24;39,90;24;;;2026-10-10;https://mobile.1und1.de/flow2/mobile/ssc-private/tariffContractDuration?tariffChangeUrl=%2F%2Fmobile.1und1.de%2Fiphone-17-pro-max&optionalPrecedingDocuments=%2F%2Fmobile.1und1.de%2Fiphone-17-pro-max&addFlowStates=tradeInAvailable%2CbrandApple%2CwatchAvailable%2CaskWatch%2ChwDurationsAvailable&traceId=edb83e2c-c251-4556-9a65-62423a4058d6;apple-iphone-17-pro-max-256gb-silber;;Gerätezuzahlung
Bündel;iPhone 17 Pro Max;512;1&1;netzbetreiber;1&1 All-Net-Flat S;XS;neu;;;;79,99;24;39,90;24;;;2026-10-10;https://mobile.1und1.de/flow2/mobile/ssc-private/tariffContractDuration?tariffChangeUrl=%2F%2Fmobile.1und1.de%2Fiphone-17-pro-max&optionalPrecedingDocuments=%2F%2Fmobile.1und1.de%2Fiphone-17-pro-max&addFlowStates=tradeInAvailable%2CbrandApple%2CwatchAvailable%2CaskWatch%2ChwDurationsAvailable&traceId=56c31dbb-155c-4961-9920-5b850f05b490;apple-iphone-17-pro-max-512gb-silber;;Gerätezuzahlung
Bündel;iPhone 17e;256;1&1;netzbetreiber;1&1 All-Net-Flat S;XS;neu;;;;47,99;24;39,90;24;;;2026-10-10;https://mobile.1und1.de/flow2/mobile/ssc-private/tariffContractDuration?tariffChangeUrl=%2F%2Fmobile.1und1.de%2Fiphone-17e&optionalPrecedingDocuments=%2F%2Fmobile.1und1.de%2Fiphone-17e&addFlowStates=tradeInAvailable%2CbrandApple%2CwatchAvailable%2CaskWatch%2ChwDurationsAvailable&traceId=c4dbb909-808b-44f4-8cae-124d21122a83;apple-iphone-17e-256gb-schwarz;;Gerätezuzahlung
Bündel;iPhone 18 Pro;1024;1&1;netzbetreiber;1&1 All-Net-Flat S;XS;neu;;;;99,99;24;39,90;24;;;2026-10-10;https://mobile.1und1.de/flow2/mobile/ssc-private/tariffContractDuration?tariffChangeUrl=%2F%2Fmobile.1und1.de%2Fiphone-18-pro&optionalPrecedingDocuments=%2F%2Fmobile.1und1.de%2Fiphone-18-pro&addFlowStates=tradeInAvailable%2CbrandApple%2CwatchAvailable%2CaskWatch%2ChwDurationsAvailable&traceId=ba6995be-9c4c-46b7-9b91-3bdf8bb7502e;apple-iphone-18-pro-1024gb-polar;;Gerätezuzahlung
Bündel;iPhone 18 Pro;2048;1&1;netzbetreiber;1&1 All-Net-Flat S;XS;neu;;;;130,99;24;39,90;24;;;2026-10-10;https://mobile.1und1.de/flow2/mobile/ssc-private/tariffContractDuration?tariffChangeUrl=%2F%2Fmobile.1und1.de%2Fiphone-18-pro&optionalPrecedingDocuments=%2F%2Fmobile.1und1.de%2Fiphone-18-pro&addFlowStates=tradeInAvailable%2CbrandApple%2CwatchAvailable%2CaskWatch%2ChwDurationsAvailable&traceId=d13a8797-3bf1-49f4-9f45-cf0a1d3c1276;apple-iphone-18-pro-2048gb-polar;;Gerätezuzahlung
Bündel;iPhone 18 Pro;256;1&1;netzbetreiber;1&1 All-Net-Flat S;XS;neu;;;;69,99;24;39,90;24;;;2026-10-10;https://mobile.1und1.de/flow2/mobile/ssc-private/tariffContractDuration?tariffChangeUrl=%2F%2Fmobile.1und1.de%2Fiphone-18-pro&optionalPrecedingDocuments=%2F%2Fmobile.1und1.de%2Fiphone-18-pro&addFlowStates=tradeInAvailable%2CbrandApple%2CwatchAvailable%2CaskWatch%2ChwDurationsAvailable&traceId=d85697e9-8c0f-4f35-afc7-804484a0aa73;apple-iphone-18-pro-256gb-polar;;Gerätezuzahlung
Bündel;iPhone 18 Pro;512;1&1;netzbetreiber;1&1 All-Net-Flat S;XS;neu;;;;79,99;24;39,90;24;;;2026-10-10;https://mobile.1und1.de/flow2/mobile/ssc-private/tariffContractDuration?tariffChangeUrl=%2F%2Fmobile.1und1.de%2Fiphone-18-pro&optionalPrecedingDocuments=%2F%2Fmobile.1und1.de%2Fiphone-18-pro&addFlowStates=tradeInAvailable%2CbrandApple%2CwatchAvailable%2CaskWatch%2ChwDurationsAvailable&traceId=f0a86d89-474b-424e-81fd-461087a9a45a;apple-iphone-18-pro-512gb-polar;;Gerätezuzahlung
Bündel;iPhone 18 Pro Max;1024;1&1;netzbetreiber;1&1 All-Net-Flat S;XS;neu;;;;107,99;24;39,90;24;;;2026-10-10;https://mobile.1und1.de/flow2/mobile/ssc-private/tariffContractDuration?tariffChangeUrl=%2F%2Fmobile.1und1.de%2Fiphone-18-pro-max&optionalPrecedingDocuments=%2F%2Fmobile.1und1.de%2Fiphone-18-pro-max&addFlowStates=tradeInAvailable%2CbrandApple%2CwatchAvailable%2CaskWatch%2ChwDurationsAvailable&traceId=a99ad942-d4c7-49ba-a8cf-0afb566d7dc2;apple-iphone-18-pro-max-1024gb-polar;;Gerätezuzahlung
Bündel;iPhone 18 Pro Max;2048;1&1;netzbetreiber;1&1 All-Net-Flat S;XS;neu;;;;138,99;24;39,90;24;;;2026-10-10;https://mobile.1und1.de/flow2/mobile/ssc-private/tariffContractDuration?tariffChangeUrl=%2F%2Fmobile.1und1.de%2Fiphone-18-pro-max&optionalPrecedingDocuments=%2F%2Fmobile.1und1.de%2Fiphone-18-pro-max&addFlowStates=tradeInAvailable%2CbrandApple%2CwatchAvailable%2CaskWatch%2ChwDurationsAvailable&traceId=bf625761-df8b-4e88-bb97-4eba13a63cd4;apple-iphone-18-pro-max-2048gb-polar;;Gerätezuzahlung
Bündel;iPhone 18 Pro Max;256;1&1;netzbetreiber;1&1 All-Net-Flat S;XS;neu;;;;77,99;24;39,90;24;;;2026-10-10;https://mobile.1und1.de/flow2/mobile/ssc-private/tariffContractDuration?tariffChangeUrl=%2F%2Fmobile.1und1.de%2Fiphone-18-pro-max&optionalPrecedingDocuments=%2F%2Fmobile.1und1.de%2Fiphone-18-pro-max&addFlowStates=tradeInAvailable%2CbrandApple%2CwatchAvailable%2CaskWatch%2ChwDurationsAvailable&traceId=1fcec51d-d76d-44dc-a479-6575b4921889;apple-iphone-18-pro-max-256gb-polar;;Gerätezuzahlung
Bündel;iPhone 18 Pro Max;512;1&1;netzbetreiber;1&1 All-Net-Flat S;XS;neu;;;;87,99;24;39,90;24;;;2026-10-10;https://mobile.1und1.de/flow2/mobile/ssc-private/tariffContractDuration?tariffChangeUrl=%2F%2Fmobile.1und1.de%2Fiphone-18-pro-max&optionalPrecedingDocuments=%2F%2Fmobile.1und1.de%2Fiphone-18-pro-max&addFlowStates=tradeInAvailable%2CbrandApple%2CwatchAvailable%2CaskWatch%2ChwDurationsAvailable&traceId=0a0b0564-38a5-45ef-86e6-5942c84374c7;apple-iphone-18-pro-max-512gb-polar;;Gerätezuzahlung
Bündel;iPhone Air;1024;1&1;netzbetreiber;1&1 All-Net-Flat S;XS;neu;;;;69,99;24;39,90;24;;;2026-10-10;https://mobile.1und1.de/flow2/mobile/ssc-private/tariffContractDuration?tariffChangeUrl=%2F%2Fmobile.1und1.de%2Fiphone-air&optionalPrecedingDocuments=%2F%2Fmobile.1und1.de%2Fiphone-air&addFlowStates=tradeInAvailable%2CbrandApple%2CwatchAvailable%2CaskWatch%2ChwDurationsAvailable&traceId=0c00ba8c-3992-4082-8494-30476c142c7d;apple-iphone-air-1024gb-space-schwarz;;Gerätezuzahlung
Bündel;iPhone Air;256;1&1;netzbetreiber;1&1 All-Net-Flat S;XS;neu;;;;49,99;24;39,90;24;;;2026-10-10;https://mobile.1und1.de/flow2/mobile/ssc-private/tariffContractDuration?tariffChangeUrl=%2F%2Fmobile.1und1.de%2Fiphone-air&optionalPrecedingDocuments=%2F%2Fmobile.1und1.de%2Fiphone-air&addFlowStates=tradeInAvailable%2CbrandApple%2CwatchAvailable%2CaskWatch%2ChwDurationsAvailable&traceId=48dfe26c-0fcf-4931-9be2-53bcebeb1673;apple-iphone-air-256gb-lichtgold;;Gerätezuzahlung
Bündel;Fairphone 6;256;1&1;netzbetreiber;1&1 All-Net-Flat S;XS;neu;;;;39,99;24;39,90;24;;;2026-10-10;https://mobile.1und1.de/flow2/mobile/ssc-private/tariffContractDuration?tariffChangeUrl=%2F%2Fmobile.1und1.de%2Ffairphone-6&optionalPrecedingDocuments=%2F%2Fmobile.1und1.de%2Ffairphone-6&addFlowStates=tradeInAvailable%2CaskWatch%2ChwDurationsAvailable&traceId=4a418cf5-a57e-4214-a041-aff04ae50b11;fairphone-6-256gb-forest-green;;Gerätezuzahlung
Bündel;Pixel 10a;128;1&1;netzbetreiber;1&1 All-Net-Flat S;XS;neu;;;;29,99;24;39,90;24;;;2026-10-10;https://mobile.1und1.de/flow2/mobile/ssc-private/tariffContractDuration?tariffChangeUrl=%2F%2Fmobile.1und1.de%2Fgoogle-pixel-10a&optionalPrecedingDocuments=%2F%2Fmobile.1und1.de%2Fgoogle-pixel-10a&addFlowStates=tradeInAvailable%2CbrandGoogle%2Cgooglepixel10Series%2CwatchAvailable%2CaskWatch%2ChwDurationsAvailable&traceId=67926086-8023-47f7-81f3-2654699210f5;google-pixel-10a-128gb-violett;;Gerätezuzahlung
Bündel;Pixel 10a;256;1&1;netzbetreiber;1&1 All-Net-Flat S;XS;neu;;;;33,99;24;39,90;24;;;2026-10-10;https://mobile.1und1.de/flow2/mobile/ssc-private/tariffContractDuration?tariffChangeUrl=%2F%2Fmobile.1und1.de%2Fgoogle-pixel-10a&optionalPrecedingDocuments=%2F%2Fmobile.1und1.de%2Fgoogle-pixel-10a&addFlowStates=tradeInAvailable%2CbrandGoogle%2Cgooglepixel10Series%2CwatchAvailable%2CaskWatch%2ChwDurationsAvailable&traceId=94feb823-69cc-4577-b119-246e1479367a;google-pixel-10a-256gb-violett;;Gerätezuzahlung
Bündel;Pixel 11;256;1&1;netzbetreiber;1&1 All-Net-Flat S;XS;neu;;;;49,99;24;39,90;24;;;2026-10-10;https://mobile.1und1.de/flow2/mobile/ssc-private/tariffContractDuration?tariffChangeUrl=%2F%2Fmobile.1und1.de%2Fgoogle-pixel-11&optionalPrecedingDocuments=%2F%2Fmobile.1und1.de%2Fgoogle-pixel-11&addFlowStates=tradeInAvailable%2CbrandGoogle%2CwatchAvailable%2CaskWatch%2ChwDurationsAvailable&traceId=9b5c678b-087c-476c-b49e-608eb5889e68;google-pixel-11-256gb-frost;;Gerätezuzahlung
Bündel;Pixel 11;512;1&1;netzbetreiber;1&1 All-Net-Flat S;XS;neu;;;;54,99;24;39,90;24;;;2026-10-10;https://mobile.1und1.de/flow2/mobile/ssc-private/tariffContractDuration?tariffChangeUrl=%2F%2Fmobile.1und1.de%2Fgoogle-pixel-11&optionalPrecedingDocuments=%2F%2Fmobile.1und1.de%2Fgoogle-pixel-11&addFlowStates=tradeInAvailable%2CbrandGoogle%2CwatchAvailable%2CaskWatch%2ChwDurationsAvailable&traceId=0f0efe85-7ea4-47aa-b304-76ac389af6b4;google-pixel-11-512gb-frost;;Gerätezuzahlung
Bündel;Pixel 11 Pro;256;1&1;netzbetreiber;1&1 All-Net-Flat S;XS;neu;;;;56,99;24;39,90;24;;;2026-10-10;https://mobile.1und1.de/flow2/mobile/ssc-private/tariffContractDuration?tariffChangeUrl=%2F%2Fmobile.1und1.de%2Fgoogle-pixel-11-pro&optionalPrecedingDocuments=%2F%2Fmobile.1und1.de%2Fgoogle-pixel-11-pro&addFlowStates=tradeInAvailable%2CbrandGoogle%2CwatchAvailable%2CaskWatch%2ChwDurationsAvailable&traceId=4ea65ff2-cc4d-45a4-aa2b-b5254b0ea352;google-pixel-11-pro-256gb-canyon;;Gerätezuzahlung
Bündel;Pixel 11 Pro;512;1&1;netzbetreiber;1&1 All-Net-Flat S;XS;neu;;;;61,99;24;39,90;24;;;2026-10-10;https://mobile.1und1.de/flow2/mobile/ssc-private/tariffContractDuration?tariffChangeUrl=%2F%2Fmobile.1und1.de%2Fgoogle-pixel-11-pro&optionalPrecedingDocuments=%2F%2Fmobile.1und1.de%2Fgoogle-pixel-11-pro&addFlowStates=tradeInAvailable%2CbrandGoogle%2CwatchAvailable%2CaskWatch%2ChwDurationsAvailable&traceId=d7932344-ca8f-4ef6-82f3-24136edc8511;google-pixel-11-pro-512gb-canyon;;Gerätezuzahlung
Bündel;Pixel 11 Pro Fold;256;1&1;netzbetreiber;1&1 All-Net-Flat S;XS;neu;;;;94,99;24;39,90;24;;;2026-10-10;https://mobile.1und1.de/flow2/mobile/ssc-private/tariffContractDuration?tariffChangeUrl=%2F%2Fmobile.1und1.de%2Fgoogle-pixel-11-pro-fold&optionalPrecedingDocuments=%2F%2Fmobile.1und1.de%2Fgoogle-pixel-11-pro-fold&addFlowStates=tradeInAvailable%2CbrandGoogle%2CwatchAvailable%2CaskWatch%2ChwDurationsAvailable&traceId=7579b974-ffb1-4692-b9db-d66450e4c1a2;google-pixel-11-pro-fold-256gb-olive;;Gerätezuzahlung
Bündel;Pixel 11 Pro Fold;512;1&1;netzbetreiber;1&1 All-Net-Flat S;XS;neu;;;;99,99;24;39,90;24;;;2026-10-10;https://mobile.1und1.de/flow2/mobile/ssc-private/tariffContractDuration?tariffChangeUrl=%2F%2Fmobile.1und1.de%2Fgoogle-pixel-11-pro-fold&optionalPrecedingDocuments=%2F%2Fmobile.1und1.de%2Fgoogle-pixel-11-pro-fold&addFlowStates=tradeInAvailable%2CbrandGoogle%2CwatchAvailable%2CaskWatch%2ChwDurationsAvailable&traceId=46b4cb1a-7aca-45eb-bc6c-dfdb2ce6c816;google-pixel-11-pro-fold-512gb-olive;;Gerätezuzahlung
Bündel;Pixel 11 Pro XL;256;1&1;netzbetreiber;1&1 All-Net-Flat S;XS;neu;;;;69,99;24;39,90;24;;;2026-10-10;https://mobile.1und1.de/flow2/mobile/ssc-private/tariffContractDuration?tariffChangeUrl=%2F%2Fmobile.1und1.de%2Fgoogle-pixel-11-pro-xl&optionalPrecedingDocuments=%2F%2Fmobile.1und1.de%2Fgoogle-pixel-11-pro-xl&addFlowStates=tradeInAvailable%2CbrandGoogle%2CwatchAvailable%2CaskWatch%2ChwDurationsAvailable&traceId=2ddc9d38-a129-4d2d-acb2-c0105cbf6b92;google-pixel-11-pro-xl-256gb-canyon;;Gerätezuzahlung
Bündel;Pixel 11 Pro XL;512;1&1;netzbetreiber;1&1 All-Net-Flat S;XS;neu;;;;74,99;24;39,90;24;;;2026-10-10;https://mobile.1und1.de/flow2/mobile/ssc-private/tariffContractDuration?tariffChangeUrl=%2F%2Fmobile.1und1.de%2Fgoogle-pixel-11-pro-xl&optionalPrecedingDocuments=%2F%2Fmobile.1und1.de%2Fgoogle-pixel-11-pro-xl&addFlowStates=tradeInAvailable%2CbrandGoogle%2CwatchAvailable%2CaskWatch%2ChwDurationsAvailable&traceId=5bfe5398-086b-40b3-8e7b-1ab5f3d5ba88;google-pixel-11-pro-xl-512gb-canyon;;Gerätezuzahlung
Bündel;HONOR 600;256;1&1;netzbetreiber;1&1 All-Net-Flat S;XS;neu;;;;29,99;24;39,90;24;;;2026-10-10;https://mobile.1und1.de/flow2/mobile/ssc-private/tariffContractDuration?tariffChangeUrl=%2F%2Fmobile.1und1.de%2Fhonor-600&optionalPrecedingDocuments=%2F%2Fmobile.1und1.de%2Fhonor-600&addFlowStates=tradeInAvailable%2CaskWatch%2ChwDurationsAvailable&traceId=6ce3d677-e146-4f31-be2c-4ac0d8f46bb9;honor-600-256gb-quantum-black;;Gerätezuzahlung
Bündel;HONOR Magic V6;512;1&1;netzbetreiber;1&1 All-Net-Flat S;XS;neu;;;;84,99;24;39,90;24;;;2026-10-10;https://mobile.1und1.de/flow2/mobile/ssc-private/tariffContractDuration?tariffChangeUrl=%2F%2Fmobile.1und1.de%2Fhonor-magic-v6&optionalPrecedingDocuments=%2F%2Fmobile.1und1.de%2Fhonor-magic-v6&addFlowStates=tradeInAvailable%2CaskWatch%2ChwDurationsAvailable&traceId=be3d12ba-c50c-4b32-b445-263e2701191f;honor-magic-v6-512gb-schwarz;;Gerätezuzahlung
Bündel;HONOR Magic8 Lite;256;1&1;netzbetreiber;1&1 All-Net-Flat S;XS;neu;;;;26,99;24;39,90;24;;;2026-10-10;https://mobile.1und1.de/flow2/mobile/ssc-private/tariffContractDuration?tariffChangeUrl=%2F%2Fmobile.1und1.de%2Fhonor-magic8-lite&optionalPrecedingDocuments=%2F%2Fmobile.1und1.de%2Fhonor-magic8-lite&addFlowStates=tradeInAvailable%2CaskWatch%2ChwDurationsAvailable&traceId=b10ceb47-9841-4f80-8680-56d16018addc;honor-magic8-lite-256gb-midnight-black;;Gerätezuzahlung
Bündel;Motorola moto g77;256;1&1;netzbetreiber;1&1 All-Net-Flat S;XS;neu;;;;24,99;24;39,90;24;;;2026-10-10;https://mobile.1und1.de/flow2/mobile/ssc-private/tariffContractDuration?tariffChangeUrl=%2F%2Fmobile.1und1.de%2Fmotorola-moto-g77&optionalPrecedingDocuments=%2F%2Fmobile.1und1.de%2Fmotorola-moto-g77&addFlowStates=tradeInAvailable%2CaskWatch%2ChwDurationsAvailable&traceId=f83d1e7d-53f5-41f0-b8ac-d269f00a8f7a;motorola-moto-g77-256gb-pantone-black-olive;;Gerätezuzahlung
Bündel;Motorola razr 70;256;1&1;netzbetreiber;1&1 All-Net-Flat S;XS;neu;;;;46,99;24;39,90;24;;;2026-10-10;https://mobile.1und1.de/flow2/mobile/ssc-private/tariffContractDuration?tariffChangeUrl=%2F%2Fmobile.1und1.de%2Fmotorola-razr-70&optionalPrecedingDocuments=%2F%2Fmobile.1und1.de%2Fmotorola-razr-70&addFlowStates=tradeInAvailable%2CaskWatch%2ChwDurationsAvailable&traceId=9ff5cb9c-f6ad-4e6d-98b8-3f93d72ee1a7;motorola-razr-70-256gb-hematite;;Gerätezuzahlung
Bündel;Nothing Phone (3);256;1&1;netzbetreiber;1&1 All-Net-Flat S;XS;neu;;;;39,99;24;39,90;24;;;2026-10-10;https://mobile.1und1.de/flow2/mobile/ssc-private/tariffContractDuration?tariffChangeUrl=%2F%2Fmobile.1und1.de%2Fnothing-phone-3&optionalPrecedingDocuments=%2F%2Fmobile.1und1.de%2Fnothing-phone-3&addFlowStates=tradeInAvailable%2CaskWatch%2ChwDurationsAvailable&traceId=ee9cfadf-1401-40f8-9549-7761a6e583f5;nothing-phone-3-256gb-schwarz;;Gerätezuzahlung
Bündel;Nothing Phone (4a) Pro;128;1&1;netzbetreiber;1&1 All-Net-Flat S;XS;neu;;;;31,99;24;39,90;24;;;2026-10-10;https://mobile.1und1.de/flow2/mobile/ssc-private/tariffContractDuration?tariffChangeUrl=%2F%2Fmobile.1und1.de%2Fnothing-phone-4a-pro&optionalPrecedingDocuments=%2F%2Fmobile.1und1.de%2Fnothing-phone-4a-pro&addFlowStates=tradeInAvailable%2CaskWatch%2ChwDurationsAvailable&traceId=ec70e8fb-189e-4b87-88f2-30cfc68710e1;nothing-phone-4a-pro-128gb-silber;;Gerätezuzahlung
Bündel;Galaxy A17;128;1&1;netzbetreiber;1&1 All-Net-Flat S;XS;neu;;;;19,99;24;39,90;24;;;2026-10-10;https://mobile.1und1.de/flow2/mobile/ssc-private/tariffContractDuration?tariffChangeUrl=%2F%2Fmobile.1und1.de%2Fsamsung-galaxy-a17-5g&optionalPrecedingDocuments=%2F%2Fmobile.1und1.de%2Fsamsung-galaxy-a17-5g&addFlowStates=tradeInAvailable%2CbrandSamsung%2CwatchAvailable%2CstrapsAvailable%2CaskWatch%2ChwDurationsAvailable&traceId=193170d5-ac21-4689-a13d-d28587cd44e2;samsung-galaxy-a17-128gb-schwarz;;Gerätezuzahlung
Bündel;Galaxy A27;128;1&1;netzbetreiber;1&1 All-Net-Flat S;XS;neu;;;;26,99;24;39,90;24;;;2026-10-10;https://mobile.1und1.de/flow2/mobile/ssc-private/tariffContractDuration?tariffChangeUrl=%2F%2Fmobile.1und1.de%2Fsamsung-galaxy-a27-5g&optionalPrecedingDocuments=%2F%2Fmobile.1und1.de%2Fsamsung-galaxy-a27-5g&addFlowStates=tradeInAvailable%2CbrandSamsung%2CwatchAvailable%2CstrapsAvailable%2CaskWatch%2ChwDurationsAvailable&traceId=be63d519-7678-4abc-8683-e407dfa91ecc;samsung-galaxy-a27-128gb-schwarz;;Gerätezuzahlung
Bündel;Galaxy A57;128;1&1;netzbetreiber;1&1 All-Net-Flat S;XS;neu;;;;29,99;24;39,90;24;;;2026-10-10;https://mobile.1und1.de/flow2/mobile/ssc-private/tariffContractDuration?tariffChangeUrl=%2F%2Fmobile.1und1.de%2Fsamsung-galaxy-a57&optionalPrecedingDocuments=%2F%2Fmobile.1und1.de%2Fsamsung-galaxy-a57&addFlowStates=tradeInAvailable%2CbrandSamsung%2CwatchAvailable%2CstrapsAvailable%2CaskWatch%2ChwDurationsAvailable&traceId=c0a9feb7-7641-4b69-90b6-63c4a983fd14;samsung-galaxy-a57-128gb-awesome-gray;;Gerätezuzahlung
Bündel;Galaxy A57;256;1&1;netzbetreiber;1&1 All-Net-Flat S;XS;neu;;;;31,99;24;39,90;24;;;2026-10-10;https://mobile.1und1.de/flow2/mobile/ssc-private/tariffContractDuration?tariffChangeUrl=%2F%2Fmobile.1und1.de%2Fsamsung-galaxy-a57&optionalPrecedingDocuments=%2F%2Fmobile.1und1.de%2Fsamsung-galaxy-a57&addFlowStates=tradeInAvailable%2CbrandSamsung%2CwatchAvailable%2CstrapsAvailable%2CaskWatch%2ChwDurationsAvailable&traceId=2c89a257-523f-4042-8d8d-eb8b0a7499c8;samsung-galaxy-a57-256gb-awesome-gray;;Gerätezuzahlung
Bündel;Galaxy S25 Edge;256;1&1;netzbetreiber;1&1 All-Net-Flat S;XS;neu;;;;34,99;24;39,90;24;;;2026-10-10;https://mobile.1und1.de/flow2/mobile/ssc-private/tariffContractDuration?tariffChangeUrl=%2F%2Fmobile.1und1.de%2Fsamsung-galaxy-s25-edge&optionalPrecedingDocuments=%2F%2Fmobile.1und1.de%2Fsamsung-galaxy-s25-edge&addFlowStates=tradeInAvailable%2CbrandSamsung%2CwatchAvailable%2CstrapsAvailable%2CaskWatch%2ChwDurationsAvailable&traceId=14a21a39-f277-4dfa-a60b-7bd986b927ee;samsung-galaxy-s25-edge-256gb-titanium-jetblack;;Gerätezuzahlung
Bündel;Galaxy S26;256;1&1;netzbetreiber;1&1 All-Net-Flat S;XS;neu;;;;41,99;24;39,90;24;;;2026-10-10;https://mobile.1und1.de/flow2/mobile/ssc-private/tariffContractDuration?tariffChangeUrl=%2F%2Fmobile.1und1.de%2Fsamsung-galaxy-s26&optionalPrecedingDocuments=%2F%2Fmobile.1und1.de%2Fsamsung-galaxy-s26&addFlowStates=tradeInAvailable%2CbrandSamsung%2CsamsungS26Series%2CwatchAvailable%2CstrapsAvailable%2CaskWatch%2ChwDurationsAvailable&traceId=8038e523-8edf-4633-9f15-b558e038b3cf;samsung-galaxy-s26-256gb-schwarz;;Gerätezuzahlung
Bündel;Galaxy S26;512;1&1;netzbetreiber;1&1 All-Net-Flat S;XS;neu;;;;49,99;24;39,90;24;;;2026-10-10;https://mobile.1und1.de/flow2/mobile/ssc-private/tariffContractDuration?tariffChangeUrl=%2F%2Fmobile.1und1.de%2Fsamsung-galaxy-s26&optionalPrecedingDocuments=%2F%2Fmobile.1und1.de%2Fsamsung-galaxy-s26&addFlowStates=tradeInAvailable%2CbrandSamsung%2CsamsungS26Series%2CwatchAvailable%2CstrapsAvailable%2CaskWatch%2ChwDurationsAvailable&traceId=b0d3a330-e553-4cc4-97bc-9dab957e86af;samsung-galaxy-s26-512gb-schwarz;;Gerätezuzahlung
Bündel;Galaxy S26 FE;128;1&1;netzbetreiber;1&1 All-Net-Flat S;XS;neu;;;;34,99;24;39,90;24;;;2026-10-10;https://mobile.1und1.de/flow2/mobile/ssc-private/tariffContractDuration?tariffChangeUrl=%2F%2Fmobile.1und1.de%2Fsamsung-galaxy-s26-fe&optionalPrecedingDocuments=%2F%2Fmobile.1und1.de%2Fsamsung-galaxy-s26-fe&addFlowStates=tradeInAvailable%2CbrandSamsung%2CsamsungS26fe%2CwatchAvailable%2CstrapsAvailable%2CaskWatch%2ChwDurationsAvailable&traceId=4d154de0-38a3-4819-aa98-b6877e63de58;samsung-galaxy-s26-fe-128gb-pistachio;;Gerätezuzahlung
Bündel;Galaxy S26 FE;256;1&1;netzbetreiber;1&1 All-Net-Flat S;XS;neu;;;;39,99;24;39,90;24;;;2026-10-10;https://mobile.1und1.de/flow2/mobile/ssc-private/tariffContractDuration?tariffChangeUrl=%2F%2Fmobile.1und1.de%2Fsamsung-galaxy-s26-fe&optionalPrecedingDocuments=%2F%2Fmobile.1und1.de%2Fsamsung-galaxy-s26-fe&addFlowStates=tradeInAvailable%2CbrandSamsung%2CsamsungS26fe%2CwatchAvailable%2CstrapsAvailable%2CaskWatch%2ChwDurationsAvailable&traceId=44678af2-4d63-48ca-a303-a21c46eb23df;samsung-galaxy-s26-fe-256gb-pistachio;;Gerätezuzahlung
Bündel;Galaxy S26 Plus;256;1&1;netzbetreiber;1&1 All-Net-Flat S;XS;neu;;;;57,99;24;39,90;24;;;2026-10-10;https://mobile.1und1.de/flow2/mobile/ssc-private/tariffContractDuration?tariffChangeUrl=%2F%2Fmobile.1und1.de%2Fsamsung-galaxy-s26-plus&optionalPrecedingDocuments=%2F%2Fmobile.1und1.de%2Fsamsung-galaxy-s26-plus&addFlowStates=tradeInAvailable%2CbrandSamsung%2CsamsungS26Series%2CwatchAvailable%2CstrapsAvailable%2CaskWatch%2ChwDurationsAvailable&traceId=da2e038d-f13d-4445-a4d2-08ae3ded9104;samsung-galaxy-s26-plus-256gb-cobalt-violet;;Gerätezuzahlung
Bündel;Galaxy S26 Plus;512;1&1;netzbetreiber;1&1 All-Net-Flat S;XS;neu;;;;65,99;24;39,90;24;;;2026-10-10;https://mobile.1und1.de/flow2/mobile/ssc-private/tariffContractDuration?tariffChangeUrl=%2F%2Fmobile.1und1.de%2Fsamsung-galaxy-s26-plus&optionalPrecedingDocuments=%2F%2Fmobile.1und1.de%2Fsamsung-galaxy-s26-plus&addFlowStates=tradeInAvailable%2CbrandSamsung%2CsamsungS26Series%2CwatchAvailable%2CstrapsAvailable%2CaskWatch%2ChwDurationsAvailable&traceId=97fa866d-7c50-4687-bb60-4dbfefb5bbd3;samsung-galaxy-s26-plus-512gb-cobalt-violet;;Gerätezuzahlung
Bündel;Galaxy S26 Ultra;1024;1&1;netzbetreiber;1&1 All-Net-Flat S;XS;neu;;;;77,99;24;39,90;24;;;2026-10-10;https://mobile.1und1.de/flow2/mobile/ssc-private/tariffContractDuration?tariffChangeUrl=%2F%2Fmobile.1und1.de%2Fsamsung-galaxy-s26-ultra&optionalPrecedingDocuments=%2F%2Fmobile.1und1.de%2Fsamsung-galaxy-s26-ultra&addFlowStates=tradeInAvailable%2CbrandSamsung%2CsamsungS26Series%2CwatchAvailable%2CstrapsAvailable%2CaskWatch%2ChwDurationsAvailable&traceId=8d27355d-5aa8-4549-b547-3813075d86c9;samsung-galaxy-s26-ultra-1024gb-cobalt-violet;;Gerätezuzahlung
Bündel;Galaxy S26 Ultra;256;1&1;netzbetreiber;1&1 All-Net-Flat S;XS;neu;;;;57,99;24;39,90;24;;;2026-10-10;https://mobile.1und1.de/flow2/mobile/ssc-private/tariffContractDuration?tariffChangeUrl=%2F%2Fmobile.1und1.de%2Fsamsung-galaxy-s26-ultra&optionalPrecedingDocuments=%2F%2Fmobile.1und1.de%2Fsamsung-galaxy-s26-ultra&addFlowStates=tradeInAvailable%2CbrandSamsung%2CsamsungS26Series%2CwatchAvailable%2CstrapsAvailable%2CaskWatch%2ChwDurationsAvailable&traceId=f4798952-0825-475d-ac91-77d75c891844;samsung-galaxy-s26-ultra-256gb-cobalt-violet;;Gerätezuzahlung
Bündel;Galaxy S26 Ultra;512;1&1;netzbetreiber;1&1 All-Net-Flat S;XS;neu;;;;65,99;24;39,90;24;;;2026-10-10;https://mobile.1und1.de/flow2/mobile/ssc-private/tariffContractDuration?tariffChangeUrl=%2F%2Fmobile.1und1.de%2Fsamsung-galaxy-s26-ultra&optionalPrecedingDocuments=%2F%2Fmobile.1und1.de%2Fsamsung-galaxy-s26-ultra&addFlowStates=tradeInAvailable%2CbrandSamsung%2CsamsungS26Series%2CwatchAvailable%2CstrapsAvailable%2CaskWatch%2ChwDurationsAvailable&traceId=b9b44eda-0640-478e-925d-df1f049d0e76;samsung-galaxy-s26-ultra-512gb-cobalt-violet;;Gerätezuzahlung
Bündel;Galaxy Z Flip8;256;1&1;netzbetreiber;1&1 All-Net-Flat S;XS;neu;;;;56,99;24;39,90;24;;;2026-10-10;https://mobile.1und1.de/flow2/mobile/ssc-private/tariffContractDuration?tariffChangeUrl=%2F%2Fmobile.1und1.de%2Fsamsung-galaxy-z-flip8&optionalPrecedingDocuments=%2F%2Fmobile.1und1.de%2Fsamsung-galaxy-z-flip8&addFlowStates=tradeInAvailable%2CbrandSamsung%2CgalaxyZflip%2CwatchAvailable%2CstrapsAvailable%2CaskWatch%2ChwDurationsAvailable&traceId=e2b2368a-be50-4b3f-92ce-f723d350504e;samsung-galaxy-z-flip8-256gb-grau;;Gerätezuzahlung
Bündel;Galaxy Z Flip8;512;1&1;netzbetreiber;1&1 All-Net-Flat S;XS;neu;;;;64,99;24;39,90;24;;;2026-10-10;https://mobile.1und1.de/flow2/mobile/ssc-private/tariffContractDuration?tariffChangeUrl=%2F%2Fmobile.1und1.de%2Fsamsung-galaxy-z-flip8&optionalPrecedingDocuments=%2F%2Fmobile.1und1.de%2Fsamsung-galaxy-z-flip8&addFlowStates=tradeInAvailable%2CbrandSamsung%2CgalaxyZflip%2CwatchAvailable%2CstrapsAvailable%2CaskWatch%2ChwDurationsAvailable&traceId=34f93ff4-0229-43b6-a8db-d613591be394;samsung-galaxy-z-flip8-512gb-grau;;Gerätezuzahlung
Bündel;Galaxy Z Fold8;256;1&1;netzbetreiber;1&1 All-Net-Flat S;XS;neu;;;;86,99;24;39,90;24;;;2026-10-10;https://mobile.1und1.de/flow2/mobile/ssc-private/tariffContractDuration?tariffChangeUrl=%2F%2Fmobile.1und1.de%2Fsamsung-galaxy-z-fold8&optionalPrecedingDocuments=%2F%2Fmobile.1und1.de%2Fsamsung-galaxy-z-fold8&addFlowStates=tradeInAvailable%2CbrandSamsung%2CgalaxyZfold%2CwatchAvailable%2CstrapsAvailable%2CaskWatch%2ChwDurationsAvailable&traceId=16f32684-564a-493d-aca8-6be8d3152943;samsung-galaxy-z-fold8-256gb-grau;;Gerätezuzahlung
Bündel;Galaxy Z Fold8;512;1&1;netzbetreiber;1&1 All-Net-Flat S;XS;neu;;;;94,99;24;39,90;24;;;2026-10-10;https://mobile.1und1.de/flow2/mobile/ssc-private/tariffContractDuration?tariffChangeUrl=%2F%2Fmobile.1und1.de%2Fsamsung-galaxy-z-fold8&optionalPrecedingDocuments=%2F%2Fmobile.1und1.de%2Fsamsung-galaxy-z-fold8&addFlowStates=tradeInAvailable%2CbrandSamsung%2CgalaxyZfold%2CwatchAvailable%2CstrapsAvailable%2CaskWatch%2ChwDurationsAvailable&traceId=f0246cf7-4cc9-4f92-95aa-8105405f3e39;samsung-galaxy-z-fold8-512gb-grau;;Gerätezuzahlung
Bündel;Galaxy Z Fold8 Ultra;1024;1&1;netzbetreiber;1&1 All-Net-Flat S;XS;neu;;;;119,99;24;39,90;24;;;2026-10-10;https://mobile.1und1.de/flow2/mobile/ssc-private/tariffContractDuration?tariffChangeUrl=%2F%2Fmobile.1und1.de%2Fsamsung-galaxy-z-fold8-ultra&optionalPrecedingDocuments=%2F%2Fmobile.1und1.de%2Fsamsung-galaxy-z-fold8-ultra&addFlowStates=tradeInAvailable%2CbrandSamsung%2CgalaxyZfold%2CwatchAvailable%2CstrapsAvailable%2CaskWatch%2ChwDurationsAvailable&traceId=2b4cd539-d46e-459b-b58b-556c94c0ecd3;samsung-galaxy-z-fold8-ultra-1024gb-grau;;Gerätezuzahlung
Bündel;Galaxy Z Fold8 Ultra;256;1&1;netzbetreiber;1&1 All-Net-Flat S;XS;neu;;;;94,99;24;39,90;24;;;2026-10-10;https://mobile.1und1.de/flow2/mobile/ssc-private/tariffContractDuration?tariffChangeUrl=%2F%2Fmobile.1und1.de%2Fsamsung-galaxy-z-fold8-ultra&optionalPrecedingDocuments=%2F%2Fmobile.1und1.de%2Fsamsung-galaxy-z-fold8-ultra&addFlowStates=tradeInAvailable%2CbrandSamsung%2CgalaxyZfold%2CwatchAvailable%2CstrapsAvailable%2CaskWatch%2ChwDurationsAvailable&traceId=a32e4c1a-b74a-4708-905d-902a052a2d1e;samsung-galaxy-z-fold8-ultra-256gb-grau;;Gerätezuzahlung
Bündel;Galaxy Z Fold8 Ultra;512;1&1;netzbetreiber;1&1 All-Net-Flat S;XS;neu;;;;103,99;24;39,90;24;;;2026-10-10;https://mobile.1und1.de/flow2/mobile/ssc-private/tariffContractDuration?tariffChangeUrl=%2F%2Fmobile.1und1.de%2Fsamsung-galaxy-z-fold8-ultra&optionalPrecedingDocuments=%2F%2Fmobile.1und1.de%2Fsamsung-galaxy-z-fold8-ultra&addFlowStates=tradeInAvailable%2CbrandSamsung%2CgalaxyZfold%2CwatchAvailable%2CstrapsAvailable%2CaskWatch%2ChwDurationsAvailable&traceId=c8bb657a-a477-4b31-8d78-2ec3347ff691;samsung-galaxy-z-fold8-ultra-512gb-grau;;Gerätezuzahlung
Bündel;Xiaomi 17;512;1&1;netzbetreiber;1&1 All-Net-Flat S;XS;neu;;;;49,99;24;39,90;24;;;2026-10-10;https://mobile.1und1.de/flow2/mobile/ssc-private/tariffContractDuration?tariffChangeUrl=%2F%2Fmobile.1und1.de%2Fxiaomi-17&optionalPrecedingDocuments=%2F%2Fmobile.1und1.de%2Fxiaomi-17&addFlowStates=tradeInAvailable%2CaskWatch%2ChwDurationsAvailable&traceId=9f7017d8-036b-4ff9-838f-812835a52d91;xiaomi-17-512gb-schwarz;;Gerätezuzahlung
Bündel;Xiaomi 17 Ultra;512;1&1;netzbetreiber;1&1 All-Net-Flat S;XS;neu;;;;59,99;24;39,90;24;;;2026-10-10;https://mobile.1und1.de/flow2/mobile/ssc-private/tariffContractDuration?tariffChangeUrl=%2F%2Fmobile.1und1.de%2Fxiaomi-17-ultra&optionalPrecedingDocuments=%2F%2Fmobile.1und1.de%2Fxiaomi-17-ultra&addFlowStates=tradeInAvailable%2CaskWatch%2ChwDurationsAvailable&traceId=5e3dd6bf-3f88-49ac-a968-e2423a0cef70;xiaomi-17-ultra-512gb-schwarz;;Gerätezuzahlung
Bündel;Xiaomi 17T;256;1&1;netzbetreiber;1&1 All-Net-Flat S;XS;neu;;;;34,99;24;39,90;24;;;2026-10-10;https://mobile.1und1.de/flow2/mobile/ssc-private/tariffContractDuration?tariffChangeUrl=%2F%2Fmobile.1und1.de%2Fxiaomi-17t&optionalPrecedingDocuments=%2F%2Fmobile.1und1.de%2Fxiaomi-17t&addFlowStates=tradeInAvailable%2CaskWatch%2ChwDurationsAvailable&traceId=1af33ae9-137c-4fd6-82b7-0b14edce4ba5;xiaomi-17t-256gb-schwarz;;Gerätezuzahlung
Bündel;Xiaomi 17T Pro;512;1&1;netzbetreiber;1&1 All-Net-Flat S;XS;neu;;;;39,99;24;39,90;24;;;2026-10-10;https://mobile.1und1.de/flow2/mobile/ssc-private/tariffContractDuration?tariffChangeUrl=%2F%2Fmobile.1und1.de%2Fxiaomi-17t-pro&optionalPrecedingDocuments=%2F%2Fmobile.1und1.de%2Fxiaomi-17t-pro&addFlowStates=tradeInAvailable%2CaskWatch%2ChwDurationsAvailable&traceId=625060ae-9474-474a-9bbc-0e7693abafef;xiaomi-17t-pro-512gb-schwarz;;Gerätezuzahlung
Bündel;Redmi 17C;128;1&1;netzbetreiber;1&1 All-Net-Flat S;XS;neu;;;;19,99;24;39,90;24;;;2026-10-10;https://mobile.1und1.de/flow2/mobile/ssc-private/tariffContractDuration?tariffChangeUrl=%2F%2Fmobile.1und1.de%2Fxiaomi-redmi-17c-5g&optionalPrecedingDocuments=%2F%2Fmobile.1und1.de%2Fxiaomi-redmi-17c-5g&addFlowStates=tradeInAvailable%2CaskWatch%2ChwDurationsAvailable&traceId=b04db755-4c96-44d5-bdda-8b1567eaea23;xiaomi-redmi-17c-128gb-schwarz;;Gerätezuzahlung
Bündel;Redmi Note 17;128;1&1;netzbetreiber;1&1 All-Net-Flat S;XS;neu;;;;24,99;24;39,90;24;;;2026-10-10;https://mobile.1und1.de/flow2/mobile/ssc-private/tariffContractDuration?tariffChangeUrl=%2F%2Fmobile.1und1.de%2Fxiaomi-redmi-note-17-5g&optionalPrecedingDocuments=%2F%2Fmobile.1und1.de%2Fxiaomi-redmi-note-17-5g&addFlowStates=tradeInAvailable%2CaskWatch%2ChwDurationsAvailable&traceId=aabf3dda-97c3-4419-b989-b80232a081ac;xiaomi-redmi-note-17-128gb-violett;;Gerätezuzahlung
Bündel;Redmi Note 17 Pro;256;1&1;netzbetreiber;1&1 All-Net-Flat S;XS;neu;;;;24,99;24;39,90;24;;;2026-10-10;https://mobile.1und1.de/flow2/mobile/ssc-private/tariffContractDuration?tariffChangeUrl=%2F%2Fmobile.1und1.de%2Fxiaomi-redmi-note-17-pro-5g&optionalPrecedingDocuments=%2F%2Fmobile.1und1.de%2Fxiaomi-redmi-note-17-pro-5g&addFlowStates=tradeInAvailable%2CaskWatch%2ChwDurationsAvailable&traceId=255021e0-113e-442f-a11b-87663f31d8c6;xiaomi-redmi-note-17-pro-256gb-sky-blue;;Gerätezuzahlung
Bündel;Redmi Note 17 Pro Max;256;1&1;netzbetreiber;1&1 All-Net-Flat S;XS;neu;;;;31,99;24;39,90;24;;;2026-10-10;https://mobile.1und1.de/flow2/mobile/ssc-private/tariffContractDuration?tariffChangeUrl=%2F%2Fmobile.1und1.de%2Fxiaomi-redmi-note-17-pro-max-5g&optionalPrecedingDocuments=%2F%2Fmobile.1und1.de%2Fxiaomi-redmi-note-17-pro-max-5g&addFlowStates=tradeInAvailable%2CaskWatch%2ChwDurationsAvailable&traceId=c17d72fc-8bac-46db-92dd-1301a6f32dc9;xiaomi-redmi-note-17-pro-max-256gb-cloud-blush;;Gerätezuzahlung
Bündel;iPhone 16e;128;Telekom;netzbetreiber;MagentaMobil M;M;neu;1,00;49,95;23,60;;24;39,95;24;1806,15;;2026-10-10;https://www.telekom.de/shop/geraet/apple/apple-iphone-16e/weiss-128-gb?tariffId=MF_17791&categoryId=smartphones&forwardTradeInApplied=false&tariffCategoryId=smartphone-tarife&installmentValue=23.6&instalmentId=24;apple-iphone-16e-128gb-ohne-farbe;;
Bündel;iPhone 17;256;Telekom;netzbetreiber;MagentaMobil M;M;neu;99,00;49,95;35,80;;24;39,95;24;2196,95;;2026-10-10;https://www.telekom.de/shop/geraet/apple/apple-iphone-17/lavendel-256-gb?tariffId=MF_17791&categoryId=smartphones&tariffCategoryId=smartphone-tarife&installmentValue=35.8&instalmentId=24;apple-iphone-17-256gb-ohne-farbe;;
Bündel;iPhone 17;512;Telekom;netzbetreiber;MagentaMobil M;M;neu;99,00;49,95;46,20;;24;39,95;24;2446,55;;2026-10-10;https://www.telekom.de/shop/geraet/apple/apple-iphone-17/lavendel-512-gb?tariffId=MF_17791&categoryId=smartphones&tariffCategoryId=smartphone-tarife&installmentValue=46.2&instalmentId=24&changedAttr%5B%5D=changedAttr.storage%3D512_GB;apple-iphone-17-512gb-ohne-farbe;;
Bündel;iPhone 17 Pro;1024;Telekom;netzbetreiber;MagentaMobil L;L;neu;199,00;59,95;52,00;;24;39,95;24;2925,75;;2026-10-10;https://www.telekom.de/shop/geraet/apple/apple-iphone-17-pro/tiefblau-1-tb?tariffId=MF_17797&categoryId=smartphones&forwardTradeInApplied=false&tariffCategoryId=smartphone-tarife&installmentValue=52&instalmentId=24&changedAttr%5B%5D=changedAttr.storage%3D1_TB;apple-iphone-17-pro-1024gb-ohne-farbe;;
Bündel;iPhone 17 Pro;1024;Telekom;netzbetreiber;MagentaMobil M;M;neu;299,00;49,95;52,00;;24;39,95;24;2785,75;;2026-10-10;https://www.telekom.de/shop/geraet/apple/apple-iphone-17-pro/tiefblau-1-tb?tariffId=MF_17791&categoryId=smartphones&forwardTradeInApplied=false&tariffCategoryId=smartphone-tarife&installmentValue=52&instalmentId=24&changedAttr%5B%5D=changedAttr.storage%3D1_TB;apple-iphone-17-pro-1024gb-ohne-farbe;;
Bündel;iPhone 17 Pro;1024;Telekom;netzbetreiber;MagentaMobil S;S;neu;299,00;39,95;56,20;;24;39,95;24;2646,55;;2026-10-10;https://www.telekom.de/shop/geraet/apple/apple-iphone-17-pro/tiefblau-1-tb?tariffId=MF_17785&categoryId=smartphones&forwardTradeInApplied=false&tariffCategoryId=smartphone-tarife&installmentValue=56.2&instalmentId=24&changedAttr%5B%5D=changedAttr.storage%3D1_TB;apple-iphone-17-pro-1024gb-ohne-farbe;;
Bündel;iPhone 17 Pro;1024;Telekom;netzbetreiber;MagentaMobil XS;XS;neu;299,00;29,95;56,20;;24;39,95;24;2406,55;;2026-10-10;https://www.telekom.de/shop/geraet/apple/apple-iphone-17-pro/tiefblau-1-tb?tariffId=MF_17779&categoryId=smartphones&forwardTradeInApplied=false&tariffCategoryId=smartphone-tarife&installmentValue=56.2&instalmentId=24&changedAttr%5B%5D=changedAttr.storage%3D1_TB;apple-iphone-17-pro-1024gb-ohne-farbe;;
Bündel;iPhone 17 Pro;256;Telekom;netzbetreiber;MagentaMobil L;L;neu;99,00;59,95;36,20;;24;39,95;24;2446,55;;2026-10-10;https://www.telekom.de/shop/geraet/apple/apple-iphone-17-pro/tiefblau-256-gb?tariffId=MF_17797&categoryId=smartphones&forwardTradeInApplied=false&tariffCategoryId=smartphone-tarife&installmentValue=36.2&instalmentId=24;apple-iphone-17-pro-256gb-ohne-farbe;;
Bündel;iPhone 17 Pro;256;Telekom;netzbetreiber;MagentaMobil M;M;neu;99,00;49,95;40,40;;24;39,95;24;2307,35;;2026-10-10;https://www.telekom.de/shop/geraet/apple/apple-iphone-17-pro/tiefblau-256-gb?tariffId=MF_17791&categoryId=smartphones&forwardTradeInApplied=false&tariffCategoryId=smartphone-tarife&installmentValue=40.4&instalmentId=24;apple-iphone-17-pro-256gb-ohne-farbe;;
Bündel;iPhone 17 Pro;256;Telekom;netzbetreiber;MagentaMobil S;S;neu;99,00;39,95;44,50;;24;39,95;24;2165,75;;2026-10-10;https://www.telekom.de/shop/geraet/apple/apple-iphone-17-pro/tiefblau-256-gb?tariffId=MF_17785&categoryId=smartphones&forwardTradeInApplied=false&tariffCategoryId=smartphone-tarife&installmentValue=44.5&instalmentId=24;apple-iphone-17-pro-256gb-ohne-farbe;;
Bündel;iPhone 17 Pro;256;Telekom;netzbetreiber;MagentaMobil XS;XS;neu;99,00;29,95;44,50;;24;39,95;24;1925,75;;2026-10-10;https://www.telekom.de/shop/geraet/apple/apple-iphone-17-pro/tiefblau-256-gb?tariffId=MF_17779&categoryId=smartphones&forwardTradeInApplied=false&tariffCategoryId=smartphone-tarife&installmentValue=44.5&instalmentId=24;apple-iphone-17-pro-256gb-ohne-farbe;;
Bündel;iPhone 17 Pro;512;Telekom;netzbetreiber;MagentaMobil L;L;neu;99,00;59,95;46,20;;24;39,95;24;2686,55;;2026-10-10;https://www.telekom.de/shop/geraet/apple/apple-iphone-17-pro/tiefblau-512-gb?tariffId=MF_17797&categoryId=smartphones&forwardTradeInApplied=false&tariffCategoryId=smartphone-tarife&installmentValue=46.2&instalmentId=24&changedAttr%5B%5D=changedAttr.storage%3D512_GB;apple-iphone-17-pro-512gb-ohne-farbe;;
Bündel;iPhone 17 Pro;512;Telekom;netzbetreiber;MagentaMobil M;M;neu;199,00;49,95;46,20;;24;39,95;24;2546,55;;2026-10-10;https://www.telekom.de/shop/geraet/apple/apple-iphone-17-pro/tiefblau-512-gb?tariffId=MF_17791&categoryId=smartphones&forwardTradeInApplied=false&tariffCategoryId=smartphone-tarife&installmentValue=46.2&instalmentId=24&changedAttr%5B%5D=changedAttr.storage%3D512_GB;apple-iphone-17-pro-512gb-ohne-farbe;;
Bündel;iPhone 17 Pro;512;Telekom;netzbetreiber;MagentaMobil S;S;neu;199,00;39,95;50,40;;24;39,95;24;2407,35;;2026-10-10;https://www.telekom.de/shop/geraet/apple/apple-iphone-17-pro/tiefblau-512-gb?tariffId=MF_17785&categoryId=smartphones&forwardTradeInApplied=false&tariffCategoryId=smartphone-tarife&installmentValue=50.4&instalmentId=24&changedAttr%5B%5D=changedAttr.storage%3D512_GB;apple-iphone-17-pro-512gb-ohne-farbe;;
Bündel;iPhone 17 Pro;512;Telekom;netzbetreiber;MagentaMobil XS;XS;neu;199,00;29,95;50,40;;24;39,95;24;2167,35;;2026-10-10;https://www.telekom.de/shop/geraet/apple/apple-iphone-17-pro/tiefblau-512-gb?tariffId=MF_17779&categoryId=smartphones&forwardTradeInApplied=false&tariffCategoryId=smartphone-tarife&installmentValue=50.4&instalmentId=24&changedAttr%5B%5D=changedAttr.storage%3D512_GB;apple-iphone-17-pro-512gb-ohne-farbe;;
Bündel;iPhone 17 Pro Max;1024;Telekom;netzbetreiber;MagentaMobil M;M;neu;299,00;49,95;58,30;;24;39,95;24;2936,95;;2026-10-10;https://www.telekom.de/shop/geraet/apple/apple-iphone-17-pro-max/cosmic-orange-1-tb?tariffId=MF_17791&categoryId=smartphones&forwardTradeInApplied=false&tariffCategoryId=smartphone-tarife&installmentValue=58.3&instalmentId=24&changedAttr%5B%5D=changedAttr.storage%3D1_TB;apple-iphone-17-pro-max-1024gb-ohne-farbe;;
Bündel;iPhone 17 Pro Max;256;Telekom;netzbetreiber;MagentaMobil M;M;neu;99,00;49,95;46,60;;24;39,95;24;2456,15;;2026-10-10;https://www.telekom.de/shop/geraet/apple/apple-iphone-17-pro-max/cosmic-orange-256-gb?tariffId=MF_17791&categoryId=smartphones&forwardTradeInApplied=false&tariffCategoryId=smartphone-tarife&installmentValue=46.6&instalmentId=24;apple-iphone-17-pro-max-256gb-ohne-farbe;;
Bündel;iPhone 17 Pro Max;512;Telekom;netzbetreiber;MagentaMobil M;M;neu;299,00;49,95;48,30;;24;39,95;24;2696,95;;2026-10-10;https://www.telekom.de/shop/geraet/apple/apple-iphone-17-pro-max/cosmic-orange-512-gb?tariffId=MF_17791&categoryId=smartphones&forwardTradeInApplied=false&tariffCategoryId=smartphone-tarife&installmentValue=48.3&instalmentId=24&changedAttr%5B%5D=changedAttr.storage%3D512_GB;apple-iphone-17-pro-max-512gb-ohne-farbe;;
Bündel;iPhone 18 Pro;1024;Telekom;netzbetreiber;MagentaMobil M;M;neu;399,00;49,95;67,90;;24;39,95;24;3267,35;;2026-10-10;https://www.telekom.de/shop/geraet/apple/apple-iphone-18-pro/polar-1-tb?tariffId=MF_17791&categoryId=smartphones&forwardTradeInApplied=false&installmentValue=67.9&instalmentId=24&tariffCategoryId=smartphone-tarife&changedAttr%5B%5D=changedAttr.storage%3D1_TB;apple-iphone-18-pro-1024gb-ohne-farbe;;
Bündel;iPhone 18 Pro;2048;Telekom;netzbetreiber;MagentaMobil M;M;neu;399,00;49,95;97,00;;24;39,95;24;3965,75;;2026-10-10;https://www.telekom.de/shop/geraet/apple/apple-iphone-18-pro/polar-2-tb?tariffId=MF_17791&categoryId=smartphones&forwardTradeInApplied=false&installmentValue=97&instalmentId=24&tariffCategoryId=smartphone-tarife&changedAttr%5B%5D=changedAttr.storage%3D2_TB;apple-iphone-18-pro-2048gb-ohne-farbe;;
Bündel;iPhone 18 Pro;256;Telekom;netzbetreiber;MagentaMobil M;M;neu;199,00;49,95;45,00;;24;39,95;24;2517,75;;2026-10-10;https://www.telekom.de/shop/geraet/apple/apple-iphone-18-pro/polar-256-gb?tariffId=MF_17791&categoryId=smartphones&forwardTradeInApplied=false&installmentValue=45&instalmentId=24&tariffCategoryId=smartphone-tarife;apple-iphone-18-pro-256gb-ohne-farbe;;
Bündel;iPhone 18 Pro;512;Telekom;netzbetreiber;MagentaMobil M;M;neu;299,00;49,95;53,30;;24;39,95;24;2816,95;;2026-10-10;https://www.telekom.de/shop/geraet/apple/apple-iphone-18-pro/polar-512-gb?tariffId=MF_17791&categoryId=smartphones&forwardTradeInApplied=false&installmentValue=53.3&instalmentId=24&tariffCategoryId=smartphone-tarife&changedAttr%5B%5D=changedAttr.storage%3D512_GB;apple-iphone-18-pro-512gb-ohne-farbe;;
Bündel;iPhone 18 Pro Max;1024;Telekom;netzbetreiber;MagentaMobil M;M;neu;399,00;49,95;74,10;;24;39,95;24;3416,15;;2026-10-10;https://www.telekom.de/shop/geraet/apple/apple-iphone-18-pro-max/burgunder-1-tb?tariffId=MF_17791&categoryId=smartphones&forwardTradeInApplied=false&tariffCategoryId=smartphone-tarife&installmentValue=74.1&instalmentId=24&changedAttr%5B%5D=changedAttr.storage%3D1_TB;apple-iphone-18-pro-max-1024gb-ohne-farbe;;
Bündel;iPhone 18 Pro Max;2048;Telekom;netzbetreiber;MagentaMobil M;M;neu;399,00;49,95;103,30;;24;39,95;24;4116,95;;2026-10-10;https://www.telekom.de/shop/geraet/apple/apple-iphone-18-pro-max/burgunder-2-tb?tariffId=MF_17791&categoryId=smartphones&forwardTradeInApplied=false&tariffCategoryId=smartphone-tarife&installmentValue=103.3&instalmentId=24&changedAttr%5B%5D=changedAttr.storage%3D2_TB;apple-iphone-18-pro-max-2048gb-ohne-farbe;;
Bündel;iPhone 18 Pro Max;256;Telekom;netzbetreiber;MagentaMobil M;M;neu;299,00;49,95;48,70;;24;39,95;24;2706,55;;2026-10-10;https://www.telekom.de/shop/geraet/apple/apple-iphone-18-pro-max/burgunder-256-gb?tariffId=MF_17791&categoryId=smartphones&forwardTradeInApplied=false&tariffCategoryId=smartphone-tarife&installmentValue=48.7&instalmentId=24;apple-iphone-18-pro-max-256gb-ohne-farbe;;
Bündel;iPhone 18 Pro Max;512;Telekom;netzbetreiber;MagentaMobil M;M;neu;299,00;49,95;59,50;;24;39,95;24;2965,75;;2026-10-10;https://www.telekom.de/shop/geraet/apple/apple-iphone-18-pro-max/burgunder-512-gb?tariffId=MF_17791&categoryId=smartphones&forwardTradeInApplied=false&tariffCategoryId=smartphone-tarife&installmentValue=59.5&instalmentId=24&changedAttr%5B%5D=changedAttr.storage%3D512_GB;apple-iphone-18-pro-max-512gb-ohne-farbe;;
Bündel;Pixel 10 Pro;128;Telekom;netzbetreiber;MagentaMobil M;M;neu;1,00;49,95;33,20;;24;39,95;24;2036,55;;2026-10-10;https://www.telekom.de/shop/geraet/google/google-pixel-10-pro/obsidian-128-gb?tariffId=MF_17791&categoryId=smartphones&forwardTradeInApplied=false&tariffCategoryId=smartphone-tarife&installmentValue=33.2&instalmentId=24;google-pixel-10-pro-128gb-ohne-farbe;;
Bündel;Pixel 11;256;Telekom;netzbetreiber;MagentaMobil M;M;neu;1,00;49,95;32,40;;24;39,95;24;2017,35;;2026-10-10;https://www.telekom.de/shop/geraet/google/google-pixel-11/frost-256-gb?tariffId=MF_17791&categoryId=smartphones&forwardTradeInApplied=false&tariffCategoryId=smartphone-tarife&installmentValue=32.4&instalmentId=24;google-pixel-11-256gb-ohne-farbe;;
Bündel;Pixel 11 Pro;256;Telekom;netzbetreiber;MagentaMobil M;M;neu;99,00;49,95;38,30;;24;39,95;24;2256,95;;2026-10-10;https://www.telekom.de/shop/geraet/google/google-pixel-11-pro/olive-256-gb?tariffId=MF_17791&categoryId=smartphones&forwardTradeInApplied=false&tariffCategoryId=smartphone-tarife&installmentValue=38.3&instalmentId=24;google-pixel-11-pro-256gb-ohne-farbe;;
Bündel;Pixel 11 Pro XL;256;Telekom;netzbetreiber;MagentaMobil M;M;neu;99,00;49,95;43,30;;24;39,95;24;2376,95;;2026-10-10;https://www.telekom.de/shop/geraet/google/google-pixel-11-pro-xl/obsidian-256-gb?tariffId=MF_17791&categoryId=smartphones&forwardTradeInApplied=false&tariffCategoryId=smartphone-tarife&installmentValue=43.3&instalmentId=24;google-pixel-11-pro-xl-256gb-ohne-farbe;;
Bündel;Pixel 11 Pro XL;512;Telekom;netzbetreiber;MagentaMobil M;M;neu;199,00;49,95;44,50;;24;39,95;24;2505,75;;2026-10-10;https://www.telekom.de/shop/geraet/google/google-pixel-11-pro-xl/obsidian-512-gb?tariffId=MF_17791&categoryId=smartphones&forwardTradeInApplied=false&tariffCategoryId=smartphone-tarife&installmentValue=44.5&instalmentId=24&changedAttr%5B%5D=changedAttr.storage%3D512_GB;google-pixel-11-pro-xl-512gb-ohne-farbe;;
Bündel;Motorola edge 60 neo;256;Telekom;netzbetreiber;MagentaMobil L;L;neu;1,00;59,95;6,10;;24;39,95;24;1626,15;;2026-10-10;https://www.telekom.de/shop/geraet/motorola/motorola-edge-60-neo/pantone-grisaille-256-gb?sortBy=popularityIndex&currentPage=3&tariffId=MF_17797&itemPerPage=24&excludedCurrentPage=1&forwardTradeInApplied=false&bp=acquisition&categoryId=smartphones;motorola-edge-60-neo-256gb-ohne-farbe;;
Bündel;Motorola edge 70 fusion;256;Telekom;netzbetreiber;MagentaMobil L;L;neu;1,00;59,95;7,40;;24;39,95;24;1657,35;;2026-10-10;https://www.telekom.de/shop/geraet/motorola/motorola-edge-70-fusion/pantone-silhouette-256-gb?sortBy=popularityIndex&currentPage=3&tariffId=MF_17797&itemPerPage=24&excludedCurrentPage=1&forwardTradeInApplied=false&bp=acquisition&categoryId=smartphones;motorola-edge-70-fusion-256gb-ohne-farbe;;
Bündel;Motorola edge 70 fusion FIFA Edition;256;Telekom;netzbetreiber;MagentaMobil L;L;neu;1,00;59,95;6,50;;24;39,95;24;1635,75;;2026-10-10;https://www.telekom.de/shop/geraet/motorola/motorola-edge-70-fusio-fifa-edition/pantone-silhouette-256-gb?sortBy=popularityIndex&currentPage=3&tariffId=MF_17797&itemPerPage=24&excludedCurrentPage=1&forwardTradeInApplied=false&bp=acquisition&categoryId=smartphones;motorola-edge-70-fusion-fifa-edition-256gb-ohne-farbe;;
Bündel;Galaxy A17;128;Telekom;netzbetreiber;MagentaMobil M;M;neu;1,00;49,95;5,70;;24;39,95;24;1376,55;;2026-10-10;https://www.telekom.de/shop/geraet/samsung/samsung-galaxy-a17-5g/black-128-gb?sortBy=popularityIndex&currentPage=3&tariffId=MF_17791&itemPerPage=24&excludedCurrentPage=1&forwardTradeInApplied=false&bp=acquisition&categoryId=smartphones;samsung-galaxy-a17-128gb-ohne-farbe;;
Bündel;Galaxy A36;256;Telekom;netzbetreiber;MagentaMobil L;L;neu;1,00;59,95;5,70;;24;39,95;24;1616,55;;2026-10-10;https://www.telekom.de/shop/geraet/samsung/samsung-galaxy-a36-5g/awesome-black-256-gb?sortBy=popularityIndex&currentPage=3&tariffId=MF_17797&itemPerPage=24&excludedCurrentPage=1&forwardTradeInApplied=false&bp=acquisition&categoryId=smartphones;samsung-galaxy-a36-256gb-ohne-farbe;;
Bündel;Galaxy A37;128;Telekom;netzbetreiber;MagentaMobil L;L;neu;1,00;59,95;7,40;;24;39,95;24;1657,35;;2026-10-10;https://www.telekom.de/shop/geraet/samsung/samsung-galaxy-a37-5g/awesome-lavender-128-gb?sortBy=popularityIndex&currentPage=3&tariffId=MF_17797&itemPerPage=24&excludedCurrentPage=1&forwardTradeInApplied=false&bp=acquisition&categoryId=smartphones;samsung-galaxy-a37-128gb-ohne-farbe;;
Bündel;Galaxy A57;128;Telekom;netzbetreiber;MagentaMobil M;M;neu;1,00;49,95;15,30;;24;39,95;24;1606,95;;2026-10-10;https://www.telekom.de/shop/geraet/samsung/samsung-galaxy-a57-5g/awesome-navy-128-gb?tariffId=MF_17791&categoryId=smartphones&forwardTradeInApplied=false&tariffCategoryId=smartphone-tarife&installmentValue=15.3&instalmentId=24;samsung-galaxy-a57-128gb-ohne-farbe;;
Bündel;Galaxy A57;128;Telekom;netzbetreiber;MagentaMobil XL;XL;neu;1,00;84,95;7,00;;24;39,95;24;2247,75;;2026-10-10;https://www.telekom.de/shop/geraet/samsung/samsung-galaxy-a57-5g/awesome-navy-128-gb?sortBy=popularityIndex&currentPage=3&tariffId=MF_17803&itemPerPage=24&excludedCurrentPage=1&forwardTradeInApplied=false&bp=acquisition&categoryId=smartphones;samsung-galaxy-a57-128gb-ohne-farbe;;
Bündel;Galaxy A57;256;Telekom;netzbetreiber;MagentaMobil M;M;neu;1,00;49,95;17,40;;24;39,95;24;1657,35;;2026-10-10;https://www.telekom.de/shop/geraet/samsung/samsung-galaxy-a57-5g/awesome-navy-256-gb?tariffId=MF_17791&categoryId=smartphones&forwardTradeInApplied=false&tariffCategoryId=smartphone-tarife&installmentValue=17.4&instalmentId=24&changedAttr%5B%5D=changedAttr.storage%3D256_GB;samsung-galaxy-a57-256gb-ohne-farbe;;
Bündel;Galaxy S26;256;Telekom;netzbetreiber;MagentaMobil M;M;neu;99,00;49,95;35,40;;24;39,95;24;2187,35;;2026-10-10;https://www.telekom.de/shop/geraet/samsung/samsung-galaxy-s26/cobalt-violet-256-gb?tariffId=MF_17791&categoryId=smartphones&forwardTradeInApplied=false&tariffCategoryId=smartphone-tarife&installmentValue=35.4&instalmentId=24;samsung-galaxy-s26-256gb-ohne-farbe;;
Bündel;Galaxy S26;512;Telekom;netzbetreiber;MagentaMobil M;M;neu;99,00;49,95;39,50;;24;39,95;24;2285,75;;2026-10-10;https://www.telekom.de/shop/geraet/samsung/samsung-galaxy-s26/cobalt-violet-512-gb?tariffId=MF_17791&categoryId=smartphones&forwardTradeInApplied=false&tariffCategoryId=smartphone-tarife&installmentValue=39.5&instalmentId=24&changedAttr%5B%5D=changedAttr.storage%3D512_GB;samsung-galaxy-s26-512gb-ohne-farbe;;
Bündel;Galaxy S26 Ultra;1024;Telekom;netzbetreiber;MagentaMobil M;M;neu;299,00;49,95;66,60;;24;39,95;24;3136,15;;2026-10-10;https://www.telekom.de/shop/geraet/samsung/samsung-galaxy-s26-ultra/sky-blue-1-tb?tariffId=MF_17791&categoryId=smartphones&forwardTradeInApplied=false&tariffCategoryId=smartphone-tarife&installmentValue=66.6&instalmentId=24&changedAttr%5B%5D=changedAttr.storage%3D1_TB;samsung-galaxy-s26-ultra-1024gb-ohne-farbe;;
Bündel;Galaxy S26 Ultra;256;Telekom;netzbetreiber;MagentaMobil M;M;neu;199,00;49,95;47,90;;24;39,95;24;2587,35;;2026-10-10;https://www.telekom.de/shop/geraet/samsung/samsung-galaxy-s26-ultra/sky-blue-256-gb?tariffId=MF_17791&categoryId=smartphones&forwardTradeInApplied=false&tariffCategoryId=smartphone-tarife&installmentValue=47.9&instalmentId=24;samsung-galaxy-s26-ultra-256gb-ohne-farbe;;
Bündel;Galaxy S26 Ultra;512;Telekom;netzbetreiber;MagentaMobil M;M;neu;299,00;49,95;51,60;;24;39,95;24;2776,15;;2026-10-10;https://www.telekom.de/shop/geraet/samsung/samsung-galaxy-s26-ultra/sky-blue-512-gb?tariffId=MF_17791&categoryId=smartphones&forwardTradeInApplied=false&tariffCategoryId=smartphone-tarife&installmentValue=51.6&instalmentId=24&changedAttr%5B%5D=changedAttr.storage%3D512_GB;samsung-galaxy-s26-ultra-512gb-ohne-farbe;;
Bündel;samsung-galaxy-xcover7-pro-128gb-ohne-farbe;;Telekom;netzbetreiber;MagentaMobil XL;XL;neu;1,00;84,95;7,00;;24;39,95;24;2247,75;;2026-10-10;https://www.telekom.de/shop/geraet/samsung/samsung-galaxy-xcover7-pro-enterprise-edition/black-128-gb?sortBy=popularityIndex&currentPage=3&tariffId=MF_17803&itemPerPage=24&excludedCurrentPage=1&forwardTradeInApplied=false&bp=acquisition&categoryId=smartphones;samsung-galaxy-xcover7-pro-128gb-ohne-farbe;;
Bündel;Galaxy XCover7 Pro EE;128;Telekom;netzbetreiber;MagentaMobil XL;XL;neu;1,00;84,95;7,00;;24;39,95;24;2247,75;;2026-10-10;https://www.telekom.de/shop/geraet/samsung/samsung-galaxy-xcover7-pro-enterprise-edition/black-128-gb?sortBy=popularityIndex&currentPage=3&tariffId=MF_17803&itemPerPage=24&excludedCurrentPage=1&forwardTradeInApplied=false&bp=acquisition&categoryId=smartphones;samsung-galaxy-xcover7-pro-ee-128gb-ohne-farbe;;
Bündel;Galaxy Z Flip8;256;Telekom;netzbetreiber;MagentaMobil M;M;neu;99,00;49,95;43,30;;24;39,95;24;2376,95;;2026-10-10;https://www.telekom.de/shop/geraet/samsung/samsung-galaxy-z-flip8/pink-256-gb?tariffId=MF_17791&categoryId=smartphones&forwardTradeInApplied=false&tariffCategoryId=smartphone-tarife&installmentValue=43.3&instalmentId=24;samsung-galaxy-z-flip8-256gb-ohne-farbe;;
Bündel;Galaxy Z Flip8;512;Telekom;netzbetreiber;MagentaMobil M;M;neu;199,00;49,95;46,60;;24;39,95;24;2556,15;;2026-10-10;https://www.telekom.de/shop/geraet/samsung/samsung-galaxy-z-flip8/pink-512-gb?tariffId=MF_17791&categoryId=smartphones&forwardTradeInApplied=false&tariffCategoryId=smartphone-tarife&installmentValue=46.6&instalmentId=24&changedAttr%5B%5D=changedAttr.storage%3D512_GB;samsung-galaxy-z-flip8-512gb-ohne-farbe;;
Bündel;Galaxy Z Fold8;256;Telekom;netzbetreiber;MagentaMobil M;M;neu;299,00;49,95;61,60;;24;39,95;24;3016,15;;2026-10-10;https://www.telekom.de/shop/geraet/samsung/samsung-galaxy-z-fold8/cream-256-gb?tariffId=MF_17791&categoryId=smartphones&forwardTradeInApplied=false&tariffCategoryId=smartphone-tarife&installmentValue=61.6&instalmentId=24;samsung-galaxy-z-fold8-256gb-ohne-farbe;;
Bündel;Galaxy Z Fold8;512;Telekom;netzbetreiber;MagentaMobil M;M;neu;299,00;49,95;69,10;;24;39,95;24;3196,15;;2026-10-10;https://www.telekom.de/shop/geraet/samsung/samsung-galaxy-z-fold8/cream-512-gb?tariffId=MF_17791&categoryId=smartphones&forwardTradeInApplied=false&tariffCategoryId=smartphone-tarife&installmentValue=69.1&instalmentId=24&changedAttr%5B%5D=changedAttr.storage%3D512_GB;samsung-galaxy-z-fold8-512gb-ohne-farbe;;
Bündel;Galaxy Z Fold8 Ultra;256;Telekom;netzbetreiber;MagentaMobil M;M;neu;299,00;49,95;69,10;;24;39,95;24;3196,15;;2026-10-10;https://www.telekom.de/shop/geraet/samsung/samsung-galaxy-z-fold8-ultra/violet-shadow-256-gb?tariffId=MF_17791&categoryId=smartphones&forwardTradeInApplied=false&tariffCategoryId=smartphone-tarife&installmentValue=69.1&instalmentId=24;samsung-galaxy-z-fold8-ultra-256gb-ohne-farbe;;
Bündel;Galaxy Z Fold8 Ultra;512;Telekom;netzbetreiber;MagentaMobil M;M;neu;399,00;49,95;72,50;;24;39,95;24;3377,75;;2026-10-10;https://www.telekom.de/shop/geraet/samsung/samsung-galaxy-z-fold8-ultra/violet-shadow-512-gb?tariffId=MF_17791&categoryId=smartphones&forwardTradeInApplied=false&tariffCategoryId=smartphone-tarife&installmentValue=72.5&instalmentId=24&changedAttr%5B%5D=changedAttr.storage%3D512_GB;samsung-galaxy-z-fold8-ultra-512gb-ohne-farbe;;
Bündel;T Phone 3;128;Telekom;netzbetreiber;MagentaMobil S;S;neu;1,00;39,95;6,10;;24;39,95;24;1146,15;;2026-10-10;https://www.telekom.de/shop/geraet/telekom/telekom-t-phone-3/icy-silver-128-gb?sortBy=popularityIndex&currentPage=3&tariffId=MF_17785&itemPerPage=24&excludedCurrentPage=1&forwardTradeInApplied=false&bp=acquisition&categoryId=smartphones;telekom-t-phone-3-128gb-ohne-farbe;;
Bündel;T Phone 3;128;Telekom;netzbetreiber;MagentaMobil XS;XS;neu;1,00;29,95;6,10;;24;39,95;24;906,15;;2026-10-10;https://www.telekom.de/shop/geraet/telekom/telekom-t-phone-3/icy-silver-128-gb?sortBy=popularityIndex&currentPage=3&tariffId=MF_17779&itemPerPage=24&excludedCurrentPage=1&forwardTradeInApplied=false&bp=acquisition&categoryId=smartphones;telekom-t-phone-3-128gb-ohne-farbe;;
Bündel;T Phone 3 Pro;256;Telekom;netzbetreiber;MagentaMobil M;M;neu;1,00;49,95;5,30;;24;39,95;24;1366,95;;2026-10-10;https://www.telekom.de/shop/geraet/telekom/telekom-t-phone-3-pro/graphite-gray-256-gb?sortBy=popularityIndex&currentPage=3&tariffId=MF_17791&itemPerPage=24&excludedCurrentPage=1&forwardTradeInApplied=false&bp=acquisition&categoryId=smartphones;telekom-t-phone-3-pro-256gb-ohne-farbe;;
Bündel;Xiaomi 15T;256;Telekom;netzbetreiber;MagentaMobil XL;XL;neu;1,00;84,95;6,50;;24;39,95;24;2235,75;;2026-10-10;https://www.telekom.de/shop/geraet/xiaomi/xiaomi-15t/black-256-gb?sortBy=popularityIndex&currentPage=3&tariffId=MF_17803&itemPerPage=24&excludedCurrentPage=1&forwardTradeInApplied=false&bp=acquisition&categoryId=smartphones;xiaomi-15t-256gb-ohne-farbe;;
Bündel;Xiaomi 17T Pro;512;Telekom;netzbetreiber;MagentaMobil M;M;neu;1,00;49,95;30,30;;24;39,95;24;1966,95;;2026-10-10;https://www.telekom.de/shop/geraet/xiaomi/xiaomi-17t-pro/black-512-gb?tariffId=MF_17791&categoryId=smartphones&forwardTradeInApplied=false&tariffCategoryId=smartphone-tarife&installmentValue=30.3&instalmentId=24;xiaomi-17t-pro-512gb-ohne-farbe;;
Bündel;Redmi 17;128;Telekom;netzbetreiber;MagentaMobil M;M;neu;1,00;49,95;5,30;;24;39,95;24;1366,95;;2026-10-10;https://www.telekom.de/shop/geraet/xiaomi/xiaomi-redmi-17-5g/deep-blue-128-gb?sortBy=popularityIndex&currentPage=3&tariffId=MF_17791&itemPerPage=24&excludedCurrentPage=1&forwardTradeInApplied=false&bp=acquisition&categoryId=smartphones;xiaomi-redmi-17-128gb-ohne-farbe;;
Bündel;Redmi Note 15;256;Telekom;netzbetreiber;MagentaMobil M;M;neu;1,00;49,95;7,00;;24;39,95;24;1407,75;;2026-10-10;https://www.telekom.de/shop/geraet/xiaomi/xiaomi-redmi-note-15-5g/black-256-gb?sortBy=popularityIndex&currentPage=3&tariffId=MF_17791&itemPerPage=24&excludedCurrentPage=1&forwardTradeInApplied=false&bp=acquisition&categoryId=smartphones;xiaomi-redmi-note-15-256gb-ohne-farbe;;
Bündel;iPhone 15;128;Vodafone;netzbetreiber;Mobil M;M;neu;1,00;51,95;29,25;;24;0,00;24;1949,80;;2026-09-14;https://www.vodafone.de/privat/handys/iphone-15.html;apple-iphone-15-128gb-schwarz;veraltet;
Bündel;iPhone 15;256;Vodafone;netzbetreiber;Mobil M;M;neu;1,00;51,95;34,50;;24;0,00;24;2075,80;;2026-09-15;https://www.vodafone.de/privat/handys/iphone-15.html;apple-iphone-15-256gb-schwarz;veraltet;
Bündel;iPhone 16;128;Vodafone;netzbetreiber;Mobil L;L;neu;1,00;35,86;40,50;;24;0,00;24;1833,64;;2026-10-10;https://www.vodafone.de/privat/handys/iphone-16.html;apple-iphone-16-128gb-blau;;
Bündel;iPhone 16;128;Vodafone;netzbetreiber;Mobil M;M;neu;1,00;29,11;40,50;;24;0,00;24;1671,64;;2026-10-10;https://www.vodafone.de/privat/handys/iphone-16.html;apple-iphone-16-128gb-blau;;
Bündel;iPhone 16;128;Vodafone;netzbetreiber;Mobil S;S;neu;1,00;31,45;40,50;;24;0,00;24;1727,80;;2026-10-10;https://www.vodafone.de/privat/handys/iphone-16.html;apple-iphone-16-128gb-blau;;
Bündel;iPhone 16;128;Vodafone;netzbetreiber;Mobil XL;XL;neu;1,00;48,61;40,50;;24;0,00;24;2139,64;;2026-10-10;https://www.vodafone.de/privat/handys/iphone-16.html;apple-iphone-16-128gb-blau;;
Bündel;iPhone 16;128;Vodafone;netzbetreiber;Mobil XS;XS;neu;1,00;23,95;40,50;;24;0,00;24;1547,80;;2026-10-10;https://www.vodafone.de/privat/handys/iphone-16.html;apple-iphone-16-128gb-blau;;
Bündel;iPhone 16;128;Vodafone;netzbetreiber;Mobil L;L;neu;1,00;35,86;40,50;;24;0,00;24;1833,64;;2026-10-10;https://www.vodafone.de/privat/handys/iphone-16.html;apple-iphone-16-128gb-blaugruen;;
Bündel;iPhone 16;128;Vodafone;netzbetreiber;Mobil M;M;neu;1,00;29,11;40,50;;24;0,00;24;1671,64;;2026-10-10;https://www.vodafone.de/privat/handys/iphone-16.html;apple-iphone-16-128gb-blaugruen;;
Bündel;iPhone 16;128;Vodafone;netzbetreiber;Mobil S;S;neu;1,00;31,45;40,50;;24;0,00;24;1727,80;;2026-10-10;https://www.vodafone.de/privat/handys/iphone-16.html;apple-iphone-16-128gb-blaugruen;;
Bündel;iPhone 16;128;Vodafone;netzbetreiber;Mobil XL;XL;neu;1,00;48,61;40,50;;24;0,00;24;2139,64;;2026-10-10;https://www.vodafone.de/privat/handys/iphone-16.html;apple-iphone-16-128gb-blaugruen;;
Bündel;iPhone 16;128;Vodafone;netzbetreiber;Mobil XS;XS;neu;1,00;23,95;40,50;;24;0,00;24;1547,80;;2026-10-10;https://www.vodafone.de/privat/handys/iphone-16.html;apple-iphone-16-128gb-blaugruen;;
Bündel;iPhone 16;128;Vodafone;netzbetreiber;Mobil L;L;neu;1,00;35,86;40,50;;24;0,00;24;1833,64;;2026-10-10;https://www.vodafone.de/privat/handys/iphone-16.html;apple-iphone-16-128gb-rosa;;
Bündel;iPhone 16;128;Vodafone;netzbetreiber;Mobil M;M;neu;1,00;29,11;40,50;;24;0,00;24;1671,64;;2026-10-10;https://www.vodafone.de/privat/handys/iphone-16.html;apple-iphone-16-128gb-rosa;;
Bündel;iPhone 16;128;Vodafone;netzbetreiber;Mobil S;S;neu;1,00;31,45;40,50;;24;0,00;24;1727,80;;2026-10-10;https://www.vodafone.de/privat/handys/iphone-16.html;apple-iphone-16-128gb-rosa;;
Bündel;iPhone 16;128;Vodafone;netzbetreiber;Mobil XL;XL;neu;1,00;48,61;40,50;;24;0,00;24;2139,64;;2026-10-10;https://www.vodafone.de/privat/handys/iphone-16.html;apple-iphone-16-128gb-rosa;;
Bündel;iPhone 16;128;Vodafone;netzbetreiber;Mobil XS;XS;neu;1,00;23,95;40,50;;24;0,00;24;1547,80;;2026-10-10;https://www.vodafone.de/privat/handys/iphone-16.html;apple-iphone-16-128gb-rosa;;
Bündel;iPhone 16;128;Vodafone;netzbetreiber;Mobil L;L;neu;1,00;35,86;40,50;;24;0,00;24;1833,64;;2026-10-10;https://www.vodafone.de/privat/handys/iphone-16.html;apple-iphone-16-128gb-schwarz;;
Bündel;iPhone 16;128;Vodafone;netzbetreiber;Mobil M;M;neu;1,00;29,11;40,50;;24;0,00;24;1671,64;;2026-10-10;https://www.vodafone.de/privat/handys/iphone-16.html;apple-iphone-16-128gb-schwarz;;
Bündel;iPhone 16;128;Vodafone;netzbetreiber;Mobil S;S;neu;1,00;31,45;40,50;;24;0,00;24;1727,80;;2026-10-10;https://www.vodafone.de/privat/handys/iphone-16.html;apple-iphone-16-128gb-schwarz;;
Bündel;iPhone 16;128;Vodafone;netzbetreiber;Mobil XL;XL;neu;1,00;48,61;40,50;;24;0,00;24;2139,64;;2026-10-10;https://www.vodafone.de/privat/handys/iphone-16.html;apple-iphone-16-128gb-schwarz;;
Bündel;iPhone 16;128;Vodafone;netzbetreiber;Mobil XS;XS;neu;1,00;23,95;40,50;;24;0,00;24;1547,80;;2026-10-10;https://www.vodafone.de/privat/handys/iphone-16.html;apple-iphone-16-128gb-schwarz;;
Bündel;iPhone 16;128;Vodafone;netzbetreiber;Mobil L;L;neu;1,00;35,86;40,50;;24;0,00;24;1833,64;;2026-10-10;https://www.vodafone.de/privat/handys/iphone-16.html;apple-iphone-16-128gb-weiss;;
Bündel;iPhone 16;128;Vodafone;netzbetreiber;Mobil M;M;neu;1,00;29,11;40,50;;24;0,00;24;1671,64;;2026-10-10;https://www.vodafone.de/privat/handys/iphone-16.html;apple-iphone-16-128gb-weiss;;
Bündel;iPhone 16;128;Vodafone;netzbetreiber;Mobil S;S;neu;1,00;31,45;40,50;;24;0,00;24;1727,80;;2026-10-10;https://www.vodafone.de/privat/handys/iphone-16.html;apple-iphone-16-128gb-weiss;;
Bündel;iPhone 16;128;Vodafone;netzbetreiber;Mobil XL;XL;neu;1,00;48,61;40,50;;24;0,00;24;2139,64;;2026-10-10;https://www.vodafone.de/privat/handys/iphone-16.html;apple-iphone-16-128gb-weiss;;
Bündel;iPhone 16;128;Vodafone;netzbetreiber;Mobil XS;XS;neu;1,00;23,95;40,50;;24;0,00;24;1547,80;;2026-10-10;https://www.vodafone.de/privat/handys/iphone-16.html;apple-iphone-16-128gb-weiss;;
Bündel;iPhone 16 Plus;128;Vodafone;netzbetreiber;Mobil M;M;neu;0,99;51,95;39,00;;24;0,00;24;2183,79;;2026-09-24;https://www.vodafone.de/privat/handys/iphone-16-plus.html;apple-iphone-16-plus-128gb-schwarz;veraltet;
Bündel;iPhone 16e;128;Vodafone;netzbetreiber;Mobil L;L;neu;1,00;35,86;27,75;;24;0,00;24;1527,64;;2026-10-10;https://www.vodafone.de/privat/handys/iphone-16e.html;apple-iphone-16e-128gb-schwarz;;
Bündel;iPhone 16e;128;Vodafone;netzbetreiber;Mobil M;M;neu;1,00;29,11;27,75;;24;0,00;24;1365,64;;2026-10-10;https://www.vodafone.de/privat/handys/iphone-16e.html;apple-iphone-16e-128gb-schwarz;;
Bündel;iPhone 16e;128;Vodafone;netzbetreiber;Mobil S;S;neu;1,00;31,45;27,75;;24;0,00;24;1421,80;;2026-10-10;https://www.vodafone.de/privat/handys/iphone-16e.html;apple-iphone-16e-128gb-schwarz;;
Bündel;iPhone 16e;128;Vodafone;netzbetreiber;Mobil XL;XL;neu;1,00;48,61;27,75;;24;0,00;24;1833,64;;2026-10-10;https://www.vodafone.de/privat/handys/iphone-16e.html;apple-iphone-16e-128gb-schwarz;;
Bündel;iPhone 16e;128;Vodafone;netzbetreiber;Mobil XS;XS;neu;1,00;23,95;27,75;;24;0,00;24;1241,80;;2026-10-10;https://www.vodafone.de/privat/handys/iphone-16e.html;apple-iphone-16e-128gb-schwarz;;
Bündel;iPhone 16e;128;Vodafone;netzbetreiber;Mobil L;L;neu;1,00;35,86;27,75;;24;0,00;24;1527,64;;2026-10-10;https://www.vodafone.de/privat/handys/iphone-16e.html;apple-iphone-16e-128gb-weiss;;
Bündel;iPhone 16e;128;Vodafone;netzbetreiber;Mobil M;M;neu;1,00;29,11;27,75;;24;0,00;24;1365,64;;2026-10-10;https://www.vodafone.de/privat/handys/iphone-16e.html;apple-iphone-16e-128gb-weiss;;
Bündel;iPhone 16e;128;Vodafone;netzbetreiber;Mobil S;S;neu;1,00;31,45;27,75;;24;0,00;24;1421,80;;2026-10-10;https://www.vodafone.de/privat/handys/iphone-16e.html;apple-iphone-16e-128gb-weiss;;
Bündel;iPhone 16e;128;Vodafone;netzbetreiber;Mobil XL;XL;neu;1,00;48,61;27,75;;24;0,00;24;1833,64;;2026-10-10;https://www.vodafone.de/privat/handys/iphone-16e.html;apple-iphone-16e-128gb-weiss;;
Bündel;iPhone 16e;128;Vodafone;netzbetreiber;Mobil XS;XS;neu;1,00;23,95;27,75;;24;0,00;24;1241,80;;2026-10-10;https://www.vodafone.de/privat/handys/iphone-16e.html;apple-iphone-16e-128gb-weiss;;
Bündel;iPhone 17;256;Vodafone;netzbetreiber;Mobil L;L;neu;1,00;35,86;45,00;;24;0,00;24;1941,64;;2026-10-10;https://www.vodafone.de/privat/handys/iphone-17.html;apple-iphone-17-256gb-gruen;;
Bündel;iPhone 17;256;Vodafone;netzbetreiber;Mobil M;M;neu;1,00;29,11;45,00;;24;0,00;24;1779,64;;2026-10-10;https://www.vodafone.de/privat/handys/iphone-17.html;apple-iphone-17-256gb-gruen;;
Bündel;iPhone 17;256;Vodafone;netzbetreiber;Mobil S;S;neu;1,00;31,45;45,00;;24;0,00;24;1835,80;;2026-10-10;https://www.vodafone.de/privat/handys/iphone-17.html;apple-iphone-17-256gb-gruen;;
Bündel;iPhone 17;256;Vodafone;netzbetreiber;Mobil XL;XL;neu;1,00;48,61;45,00;;24;0,00;24;2247,64;;2026-10-10;https://www.vodafone.de/privat/handys/iphone-17.html;apple-iphone-17-256gb-gruen;;
Bündel;iPhone 17;256;Vodafone;netzbetreiber;Mobil XS;XS;neu;1,00;23,95;45,00;;24;0,00;24;1655,80;;2026-10-10;https://www.vodafone.de/privat/handys/iphone-17.html;apple-iphone-17-256gb-gruen;;
Bündel;iPhone 17;256;Vodafone;netzbetreiber;Mobil L;L;neu;1,00;35,86;45,00;;24;0,00;24;1941,64;;2026-10-10;https://www.vodafone.de/privat/handys/iphone-17.html;apple-iphone-17-256gb-nebelblau;;
Bündel;iPhone 17;256;Vodafone;netzbetreiber;Mobil M;M;neu;1,00;29,11;45,00;;24;0,00;24;1779,64;;2026-10-10;https://www.vodafone.de/privat/handys/iphone-17.html;apple-iphone-17-256gb-nebelblau;;
Bündel;iPhone 17;256;Vodafone;netzbetreiber;Mobil S;S;neu;1,00;31,45;45,00;;24;0,00;24;1835,80;;2026-10-10;https://www.vodafone.de/privat/handys/iphone-17.html;apple-iphone-17-256gb-nebelblau;;
Bündel;iPhone 17;256;Vodafone;netzbetreiber;Mobil XL;XL;neu;1,00;48,61;45,00;;24;0,00;24;2247,64;;2026-10-10;https://www.vodafone.de/privat/handys/iphone-17.html;apple-iphone-17-256gb-nebelblau;;
Bündel;iPhone 17;256;Vodafone;netzbetreiber;Mobil XS;XS;neu;1,00;23,95;45,00;;24;0,00;24;1655,80;;2026-10-10;https://www.vodafone.de/privat/handys/iphone-17.html;apple-iphone-17-256gb-nebelblau;;
Bündel;iPhone 17;256;Vodafone;netzbetreiber;Mobil L;L;neu;1,00;35,86;45,00;;24;0,00;24;1941,64;;2026-10-10;https://www.vodafone.de/privat/handys/iphone-17.html;apple-iphone-17-256gb-schwarz;;
Bündel;iPhone 17;256;Vodafone;netzbetreiber;Mobil M;M;neu;1,00;29,11;45,00;;24;0,00;24;1779,64;;2026-10-10;https://www.vodafone.de/privat/handys/iphone-17.html;apple-iphone-17-256gb-schwarz;;
Bündel;iPhone 17;256;Vodafone;netzbetreiber;Mobil S;S;neu;1,00;31,45;45,00;;24;0,00;24;1835,80;;2026-10-10;https://www.vodafone.de/privat/handys/iphone-17.html;apple-iphone-17-256gb-schwarz;;
Bündel;iPhone 17;256;Vodafone;netzbetreiber;Mobil XL;XL;neu;1,00;48,61;45,00;;24;0,00;24;2247,64;;2026-10-10;https://www.vodafone.de/privat/handys/iphone-17.html;apple-iphone-17-256gb-schwarz;;
Bündel;iPhone 17;256;Vodafone;netzbetreiber;Mobil XS;XS;neu;1,00;23,95;45,00;;24;0,00;24;1655,80;;2026-10-10;https://www.vodafone.de/privat/handys/iphone-17.html;apple-iphone-17-256gb-schwarz;;
Bündel;iPhone 17;256;Vodafone;netzbetreiber;Mobil L;L;neu;1,00;35,86;45,00;;24;0,00;24;1941,64;;2026-10-10;https://www.vodafone.de/privat/handys/iphone-17.html;apple-iphone-17-256gb-violett;;
Bündel;iPhone 17;256;Vodafone;netzbetreiber;Mobil M;M;neu;1,00;29,11;45,00;;24;0,00;24;1779,64;;2026-10-10;https://www.vodafone.de/privat/handys/iphone-17.html;apple-iphone-17-256gb-violett;;
Bündel;iPhone 17;256;Vodafone;netzbetreiber;Mobil S;S;neu;1,00;31,45;45,00;;24;0,00;24;1835,80;;2026-10-10;https://www.vodafone.de/privat/handys/iphone-17.html;apple-iphone-17-256gb-violett;;
Bündel;iPhone 17;256;Vodafone;netzbetreiber;Mobil XL;XL;neu;1,00;48,61;45,00;;24;0,00;24;2247,64;;2026-10-10;https://www.vodafone.de/privat/handys/iphone-17.html;apple-iphone-17-256gb-violett;;
Bündel;iPhone 17;256;Vodafone;netzbetreiber;Mobil XS;XS;neu;1,00;23,95;45,00;;24;0,00;24;1655,80;;2026-10-10;https://www.vodafone.de/privat/handys/iphone-17.html;apple-iphone-17-256gb-violett;;
Bündel;iPhone 17;256;Vodafone;netzbetreiber;Mobil L;L;neu;1,00;35,86;45,00;;24;0,00;24;1941,64;;2026-10-10;https://www.vodafone.de/privat/handys/iphone-17.html;apple-iphone-17-256gb-weiss;;
Bündel;iPhone 17;256;Vodafone;netzbetreiber;Mobil M;M;neu;1,00;29,11;45,00;;24;0,00;24;1779,64;;2026-10-10;https://www.vodafone.de/privat/handys/iphone-17.html;apple-iphone-17-256gb-weiss;;
Bündel;iPhone 17;256;Vodafone;netzbetreiber;Mobil S;S;neu;1,00;31,45;45,00;;24;0,00;24;1835,80;;2026-10-10;https://www.vodafone.de/privat/handys/iphone-17.html;apple-iphone-17-256gb-weiss;;
Bündel;iPhone 17;256;Vodafone;netzbetreiber;Mobil XL;XL;neu;1,00;48,61;45,00;;24;0,00;24;2247,64;;2026-10-10;https://www.vodafone.de/privat/handys/iphone-17.html;apple-iphone-17-256gb-weiss;;
Bündel;iPhone 17;256;Vodafone;netzbetreiber;Mobil XS;XS;neu;1,00;23,95;45,00;;24;0,00;24;1655,80;;2026-10-10;https://www.vodafone.de/privat/handys/iphone-17.html;apple-iphone-17-256gb-weiss;;
Bündel;iPhone 17;512;Vodafone;netzbetreiber;Mobil L;L;neu;1,00;35,86;55,50;;24;0,00;24;2193,64;;2026-10-10;https://www.vodafone.de/privat/handys/iphone-17.html;apple-iphone-17-512gb-gruen;;
Bündel;iPhone 17;512;Vodafone;netzbetreiber;Mobil M;M;neu;1,00;29,11;55,50;;24;0,00;24;2031,64;;2026-10-10;https://www.vodafone.de/privat/handys/iphone-17.html;apple-iphone-17-512gb-gruen;;
Bündel;iPhone 17;512;Vodafone;netzbetreiber;Mobil S;S;neu;1,00;31,45;55,50;;24;0,00;24;2087,80;;2026-10-10;https://www.vodafone.de/privat/handys/iphone-17.html;apple-iphone-17-512gb-gruen;;
Bündel;iPhone 17;512;Vodafone;netzbetreiber;Mobil XL;XL;neu;1,00;48,61;55,50;;24;0,00;24;2499,64;;2026-10-10;https://www.vodafone.de/privat/handys/iphone-17.html;apple-iphone-17-512gb-gruen;;
Bündel;iPhone 17;512;Vodafone;netzbetreiber;Mobil XS;XS;neu;1,00;23,95;55,50;;24;0,00;24;1907,80;;2026-10-10;https://www.vodafone.de/privat/handys/iphone-17.html;apple-iphone-17-512gb-gruen;;
Bündel;iPhone 17;512;Vodafone;netzbetreiber;Mobil L;L;neu;1,00;35,86;55,50;;24;0,00;24;2193,64;;2026-10-10;https://www.vodafone.de/privat/handys/iphone-17.html;apple-iphone-17-512gb-nebelblau;;
Bündel;iPhone 17;512;Vodafone;netzbetreiber;Mobil M;M;neu;1,00;29,11;55,50;;24;0,00;24;2031,64;;2026-10-10;https://www.vodafone.de/privat/handys/iphone-17.html;apple-iphone-17-512gb-nebelblau;;
Bündel;iPhone 17;512;Vodafone;netzbetreiber;Mobil S;S;neu;1,00;31,45;55,50;;24;0,00;24;2087,80;;2026-10-10;https://www.vodafone.de/privat/handys/iphone-17.html;apple-iphone-17-512gb-nebelblau;;
Bündel;iPhone 17;512;Vodafone;netzbetreiber;Mobil XL;XL;neu;1,00;48,61;55,50;;24;0,00;24;2499,64;;2026-10-10;https://www.vodafone.de/privat/handys/iphone-17.html;apple-iphone-17-512gb-nebelblau;;
Bündel;iPhone 17;512;Vodafone;netzbetreiber;Mobil XS;XS;neu;1,00;23,95;55,50;;24;0,00;24;1907,80;;2026-10-10;https://www.vodafone.de/privat/handys/iphone-17.html;apple-iphone-17-512gb-nebelblau;;
Bündel;iPhone 17;512;Vodafone;netzbetreiber;Mobil L;L;neu;1,00;35,86;55,50;;24;0,00;24;2193,64;;2026-10-10;https://www.vodafone.de/privat/handys/iphone-17.html;apple-iphone-17-512gb-schwarz;;
Bündel;iPhone 17;512;Vodafone;netzbetreiber;Mobil M;M;neu;1,00;29,11;55,50;;24;0,00;24;2031,64;;2026-10-10;https://www.vodafone.de/privat/handys/iphone-17.html;apple-iphone-17-512gb-schwarz;;
Bündel;iPhone 17;512;Vodafone;netzbetreiber;Mobil S;S;neu;1,00;31,45;55,50;;24;0,00;24;2087,80;;2026-10-10;https://www.vodafone.de/privat/handys/iphone-17.html;apple-iphone-17-512gb-schwarz;;
Bündel;iPhone 17;512;Vodafone;netzbetreiber;Mobil XL;XL;neu;1,00;48,61;55,50;;24;0,00;24;2499,64;;2026-10-10;https://www.vodafone.de/privat/handys/iphone-17.html;apple-iphone-17-512gb-schwarz;;
Bündel;iPhone 17;512;Vodafone;netzbetreiber;Mobil XS;XS;neu;1,00;23,95;55,50;;24;0,00;24;1907,80;;2026-10-10;https://www.vodafone.de/privat/handys/iphone-17.html;apple-iphone-17-512gb-schwarz;;
Bündel;iPhone 17;512;Vodafone;netzbetreiber;Mobil L;L;neu;1,00;35,86;55,50;;24;0,00;24;2193,64;;2026-10-10;https://www.vodafone.de/privat/handys/iphone-17.html;apple-iphone-17-512gb-violett;;
Bündel;iPhone 17;512;Vodafone;netzbetreiber;Mobil M;M;neu;1,00;29,11;55,50;;24;0,00;24;2031,64;;2026-10-10;https://www.vodafone.de/privat/handys/iphone-17.html;apple-iphone-17-512gb-violett;;
Bündel;iPhone 17;512;Vodafone;netzbetreiber;Mobil S;S;neu;1,00;31,45;55,50;;24;0,00;24;2087,80;;2026-10-10;https://www.vodafone.de/privat/handys/iphone-17.html;apple-iphone-17-512gb-violett;;
Bündel;iPhone 17;512;Vodafone;netzbetreiber;Mobil XL;XL;neu;1,00;48,61;55,50;;24;0,00;24;2499,64;;2026-10-10;https://www.vodafone.de/privat/handys/iphone-17.html;apple-iphone-17-512gb-violett;;
Bündel;iPhone 17;512;Vodafone;netzbetreiber;Mobil XS;XS;neu;1,00;23,95;55,50;;24;0,00;24;1907,80;;2026-10-10;https://www.vodafone.de/privat/handys/iphone-17.html;apple-iphone-17-512gb-violett;;
Bündel;iPhone 17;512;Vodafone;netzbetreiber;Mobil L;L;neu;1,00;35,86;55,50;;24;0,00;24;2193,64;;2026-10-10;https://www.vodafone.de/privat/handys/iphone-17.html;apple-iphone-17-512gb-weiss;;
Bündel;iPhone 17;512;Vodafone;netzbetreiber;Mobil M;M;neu;1,00;29,11;55,50;;24;0,00;24;2031,64;;2026-10-10;https://www.vodafone.de/privat/handys/iphone-17.html;apple-iphone-17-512gb-weiss;;
Bündel;iPhone 17;512;Vodafone;netzbetreiber;Mobil S;S;neu;1,00;31,45;55,50;;24;0,00;24;2087,80;;2026-10-10;https://www.vodafone.de/privat/handys/iphone-17.html;apple-iphone-17-512gb-weiss;;
Bündel;iPhone 17;512;Vodafone;netzbetreiber;Mobil XL;XL;neu;1,00;48,61;55,50;;24;0,00;24;2499,64;;2026-10-10;https://www.vodafone.de/privat/handys/iphone-17.html;apple-iphone-17-512gb-weiss;;
Bündel;iPhone 17;512;Vodafone;netzbetreiber;Mobil XS;XS;neu;1,00;23,95;55,50;;24;0,00;24;1907,80;;2026-10-10;https://www.vodafone.de/privat/handys/iphone-17.html;apple-iphone-17-512gb-weiss;;
Bündel;iPhone 17 Pro;1024;Vodafone;netzbetreiber;Mobil L;L;neu;1,00;35,86;70,50;;24;0,00;24;2553,64;;2026-10-10;https://www.vodafone.de/privat/handys/iphone-17-pro.html;apple-iphone-17-pro-1024gb-cosmic-orange;;
Bündel;iPhone 17 Pro;1024;Vodafone;netzbetreiber;Mobil M;M;neu;1,00;29,11;70,50;;24;0,00;24;2391,64;;2026-10-10;https://www.vodafone.de/privat/handys/iphone-17-pro.html;apple-iphone-17-pro-1024gb-cosmic-orange;;
Bündel;iPhone 17 Pro;1024;Vodafone;netzbetreiber;Mobil S;S;neu;1,00;31,45;70,50;;24;0,00;24;2447,80;;2026-10-10;https://www.vodafone.de/privat/handys/iphone-17-pro.html;apple-iphone-17-pro-1024gb-cosmic-orange;;
Bündel;iPhone 17 Pro;1024;Vodafone;netzbetreiber;Mobil XL;XL;neu;1,00;48,61;70,50;;24;0,00;24;2859,64;;2026-10-10;https://www.vodafone.de/privat/handys/iphone-17-pro.html;apple-iphone-17-pro-1024gb-cosmic-orange;;
Bündel;iPhone 17 Pro;1024;Vodafone;netzbetreiber;Mobil XS;XS;neu;1,00;23,95;70,50;;24;0,00;24;2267,80;;2026-10-10;https://www.vodafone.de/privat/handys/iphone-17-pro.html;apple-iphone-17-pro-1024gb-cosmic-orange;;
Bündel;iPhone 17 Pro;1024;Vodafone;netzbetreiber;Mobil M;M;neu;1,00;51,95;70,50;;24;0,00;24;2939,80;;2026-09-15;https://www.vodafone.de/privat/handys/iphone-17-pro.html;apple-iphone-17-pro-1024gb-tiefblau;veraltet;
Bündel;iPhone 17 Pro;256;Vodafone;netzbetreiber;Mobil L;L;neu;1,00;35,86;49,50;;24;0,00;24;2049,64;;2026-10-10;https://www.vodafone.de/privat/handys/iphone-17-pro.html;apple-iphone-17-pro-256gb-cosmic-orange;;
Bündel;iPhone 17 Pro;256;Vodafone;netzbetreiber;Mobil M;M;neu;1,00;29,11;49,50;;24;0,00;24;1887,64;;2026-10-10;https://www.vodafone.de/privat/handys/iphone-17-pro.html;apple-iphone-17-pro-256gb-cosmic-orange;;
Bündel;iPhone 17 Pro;256;Vodafone;netzbetreiber;Mobil S;S;neu;1,00;31,45;49,50;;24;0,00;24;1943,80;;2026-10-10;https://www.vodafone.de/privat/handys/iphone-17-pro.html;apple-iphone-17-pro-256gb-cosmic-orange;;
Bündel;iPhone 17 Pro;256;Vodafone;netzbetreiber;Mobil XL;XL;neu;1,00;48,61;49,50;;24;0,00;24;2355,64;;2026-10-10;https://www.vodafone.de/privat/handys/iphone-17-pro.html;apple-iphone-17-pro-256gb-cosmic-orange;;
Bündel;iPhone 17 Pro;256;Vodafone;netzbetreiber;Mobil XS;XS;neu;1,00;23,95;49,50;;24;0,00;24;1763,80;;2026-10-10;https://www.vodafone.de/privat/handys/iphone-17-pro.html;apple-iphone-17-pro-256gb-cosmic-orange;;
Bündel;iPhone 17 Pro;256;Vodafone;netzbetreiber;Mobil L;L;neu;1,00;35,86;49,50;;24;0,00;24;2049,64;;2026-10-10;https://www.vodafone.de/privat/handys/iphone-17-pro.html;apple-iphone-17-pro-256gb-silber;;
Bündel;iPhone 17 Pro;256;Vodafone;netzbetreiber;Mobil M;M;neu;1,00;29,11;49,50;;24;0,00;24;1887,64;;2026-10-10;https://www.vodafone.de/privat/handys/iphone-17-pro.html;apple-iphone-17-pro-256gb-silber;;
Bündel;iPhone 17 Pro;256;Vodafone;netzbetreiber;Mobil S;S;neu;1,00;31,45;49,50;;24;0,00;24;1943,80;;2026-10-10;https://www.vodafone.de/privat/handys/iphone-17-pro.html;apple-iphone-17-pro-256gb-silber;;
Bündel;iPhone 17 Pro;256;Vodafone;netzbetreiber;Mobil XL;XL;neu;1,00;48,61;49,50;;24;0,00;24;2355,64;;2026-10-10;https://www.vodafone.de/privat/handys/iphone-17-pro.html;apple-iphone-17-pro-256gb-silber;;
Bündel;iPhone 17 Pro;256;Vodafone;netzbetreiber;Mobil XS;XS;neu;1,00;23,95;49,50;;24;0,00;24;1763,80;;2026-10-10;https://www.vodafone.de/privat/handys/iphone-17-pro.html;apple-iphone-17-pro-256gb-silber;;
Bündel;iPhone 17 Pro;256;Vodafone;netzbetreiber;Mobil L;L;neu;1,00;35,86;49,50;;24;0,00;24;2049,64;;2026-10-10;https://www.vodafone.de/privat/handys/iphone-17-pro.html;apple-iphone-17-pro-256gb-tiefblau;;
Bündel;iPhone 17 Pro;256;Vodafone;netzbetreiber;Mobil M;M;neu;1,00;29,11;49,50;;24;0,00;24;1887,64;;2026-10-10;https://www.vodafone.de/privat/handys/iphone-17-pro.html;apple-iphone-17-pro-256gb-tiefblau;;
Bündel;iPhone 17 Pro;256;Vodafone;netzbetreiber;Mobil S;S;neu;1,00;31,45;49,50;;24;0,00;24;1943,80;;2026-10-10;https://www.vodafone.de/privat/handys/iphone-17-pro.html;apple-iphone-17-pro-256gb-tiefblau;;
Bündel;iPhone 17 Pro;256;Vodafone;netzbetreiber;Mobil XL;XL;neu;1,00;48,61;49,50;;24;0,00;24;2355,64;;2026-10-10;https://www.vodafone.de/privat/handys/iphone-17-pro.html;apple-iphone-17-pro-256gb-tiefblau;;
Bündel;iPhone 17 Pro;256;Vodafone;netzbetreiber;Mobil XS;XS;neu;1,00;23,95;49,50;;24;0,00;24;1763,80;;2026-10-10;https://www.vodafone.de/privat/handys/iphone-17-pro.html;apple-iphone-17-pro-256gb-tiefblau;;
Bündel;iPhone 17 Pro;512;Vodafone;netzbetreiber;Mobil L;L;neu;0,99;35,86;60,00;;24;0,00;24;2301,63;;2026-10-10;https://www.vodafone.de/privat/handys/iphone-17-pro.html;apple-iphone-17-pro-512gb-cosmic-orange;;
Bündel;iPhone 17 Pro;512;Vodafone;netzbetreiber;Mobil M;M;neu;0,99;29,11;60,00;;24;0,00;24;2139,63;;2026-10-10;https://www.vodafone.de/privat/handys/iphone-17-pro.html;apple-iphone-17-pro-512gb-cosmic-orange;;
Bündel;iPhone 17 Pro;512;Vodafone;netzbetreiber;Mobil S;S;neu;0,99;31,45;60,00;;24;0,00;24;2195,79;;2026-10-10;https://www.vodafone.de/privat/handys/iphone-17-pro.html;apple-iphone-17-pro-512gb-cosmic-orange;;
Bündel;iPhone 17 Pro;512;Vodafone;netzbetreiber;Mobil XL;XL;neu;0,99;48,61;60,00;;24;0,00;24;2607,63;;2026-10-10;https://www.vodafone.de/privat/handys/iphone-17-pro.html;apple-iphone-17-pro-512gb-cosmic-orange;;
Bündel;iPhone 17 Pro;512;Vodafone;netzbetreiber;Mobil XS;XS;neu;0,99;23,95;60,00;;24;0,00;24;2015,79;;2026-10-10;https://www.vodafone.de/privat/handys/iphone-17-pro.html;apple-iphone-17-pro-512gb-cosmic-orange;;
Bündel;iPhone 17 Pro;512;Vodafone;netzbetreiber;Mobil L;L;neu;0,99;35,86;60,00;;24;0,00;24;2301,63;;2026-10-10;https://www.vodafone.de/privat/handys/iphone-17-pro.html;apple-iphone-17-pro-512gb-silber;;
Bündel;iPhone 17 Pro;512;Vodafone;netzbetreiber;Mobil M;M;neu;0,99;29,11;60,00;;24;0,00;24;2139,63;;2026-10-10;https://www.vodafone.de/privat/handys/iphone-17-pro.html;apple-iphone-17-pro-512gb-silber;;
Bündel;iPhone 17 Pro;512;Vodafone;netzbetreiber;Mobil S;S;neu;0,99;31,45;60,00;;24;0,00;24;2195,79;;2026-10-10;https://www.vodafone.de/privat/handys/iphone-17-pro.html;apple-iphone-17-pro-512gb-silber;;
Bündel;iPhone 17 Pro;512;Vodafone;netzbetreiber;Mobil XL;XL;neu;0,99;48,61;60,00;;24;0,00;24;2607,63;;2026-10-10;https://www.vodafone.de/privat/handys/iphone-17-pro.html;apple-iphone-17-pro-512gb-silber;;
Bündel;iPhone 17 Pro;512;Vodafone;netzbetreiber;Mobil XS;XS;neu;0,99;23,95;60,00;;24;0,00;24;2015,79;;2026-10-10;https://www.vodafone.de/privat/handys/iphone-17-pro.html;apple-iphone-17-pro-512gb-silber;;
Bündel;iPhone 17 Pro;512;Vodafone;netzbetreiber;Mobil L;L;neu;0,99;35,86;60,00;;24;0,00;24;2301,63;;2026-10-10;https://www.vodafone.de/privat/handys/iphone-17-pro.html;apple-iphone-17-pro-512gb-tiefblau;;
Bündel;iPhone 17 Pro;512;Vodafone;netzbetreiber;Mobil M;M;neu;0,99;29,11;60,00;;24;0,00;24;2139,63;;2026-10-10;https://www.vodafone.de/privat/handys/iphone-17-pro.html;apple-iphone-17-pro-512gb-tiefblau;;
Bündel;iPhone 17 Pro;512;Vodafone;netzbetreiber;Mobil S;S;neu;0,99;31,45;60,00;;24;0,00;24;2195,79;;2026-10-10;https://www.vodafone.de/privat/handys/iphone-17-pro.html;apple-iphone-17-pro-512gb-tiefblau;;
Bündel;iPhone 17 Pro;512;Vodafone;netzbetreiber;Mobil XL;XL;neu;0,99;48,61;60,00;;24;0,00;24;2607,63;;2026-10-10;https://www.vodafone.de/privat/handys/iphone-17-pro.html;apple-iphone-17-pro-512gb-tiefblau;;
Bündel;iPhone 17 Pro;512;Vodafone;netzbetreiber;Mobil XS;XS;neu;0,99;23,95;60,00;;24;0,00;24;2015,79;;2026-10-10;https://www.vodafone.de/privat/handys/iphone-17-pro.html;apple-iphone-17-pro-512gb-tiefblau;;
Bündel;iPhone 17 Pro Max;256;Vodafone;netzbetreiber;Mobil L;L;neu;1,00;35,86;55,50;;24;0,00;24;2193,64;;2026-10-10;https://www.vodafone.de/privat/handys/iphone-17-pro-max.html;apple-iphone-17-pro-max-256gb-cosmic-orange;;
Bündel;iPhone 17 Pro Max;256;Vodafone;netzbetreiber;Mobil M;M;neu;1,00;29,11;55,50;;24;0,00;24;2031,64;;2026-10-10;https://www.vodafone.de/privat/handys/iphone-17-pro-max.html;apple-iphone-17-pro-max-256gb-cosmic-orange;;
Bündel;iPhone 17 Pro Max;256;Vodafone;netzbetreiber;Mobil S;S;neu;1,00;31,45;55,50;;24;0,00;24;2087,80;;2026-10-10;https://www.vodafone.de/privat/handys/iphone-17-pro-max.html;apple-iphone-17-pro-max-256gb-cosmic-orange;;
Bündel;iPhone 17 Pro Max;256;Vodafone;netzbetreiber;Mobil XL;XL;neu;1,00;48,61;55,50;;24;0,00;24;2499,64;;2026-10-10;https://www.vodafone.de/privat/handys/iphone-17-pro-max.html;apple-iphone-17-pro-max-256gb-cosmic-orange;;
Bündel;iPhone 17 Pro Max;256;Vodafone;netzbetreiber;Mobil XS;XS;neu;1,00;23,95;55,50;;24;0,00;24;1907,80;;2026-10-10;https://www.vodafone.de/privat/handys/iphone-17-pro-max.html;apple-iphone-17-pro-max-256gb-cosmic-orange;;
Bündel;iPhone 17 Pro Max;256;Vodafone;netzbetreiber;Mobil L;L;neu;1,00;35,86;55,50;;24;0,00;24;2193,64;;2026-10-10;https://www.vodafone.de/privat/handys/iphone-17-pro-max.html;apple-iphone-17-pro-max-256gb-silber;;
Bündel;iPhone 17 Pro Max;256;Vodafone;netzbetreiber;Mobil M;M;neu;1,00;29,11;55,50;;24;0,00;24;2031,64;;2026-10-10;https://www.vodafone.de/privat/handys/iphone-17-pro-max.html;apple-iphone-17-pro-max-256gb-silber;;
Bündel;iPhone 17 Pro Max;256;Vodafone;netzbetreiber;Mobil S;S;neu;1,00;31,45;55,50;;24;0,00;24;2087,80;;2026-10-10;https://www.vodafone.de/privat/handys/iphone-17-pro-max.html;apple-iphone-17-pro-max-256gb-silber;;
Bündel;iPhone 17 Pro Max;256;Vodafone;netzbetreiber;Mobil XL;XL;neu;1,00;48,61;55,50;;24;0,00;24;2499,64;;2026-10-10;https://www.vodafone.de/privat/handys/iphone-17-pro-max.html;apple-iphone-17-pro-max-256gb-silber;;
Bündel;iPhone 17 Pro Max;256;Vodafone;netzbetreiber;Mobil XS;XS;neu;1,00;23,95;55,50;;24;0,00;24;1907,80;;2026-10-10;https://www.vodafone.de/privat/handys/iphone-17-pro-max.html;apple-iphone-17-pro-max-256gb-silber;;
Bündel;iPhone 17 Pro Max;256;Vodafone;netzbetreiber;Mobil L;L;neu;1,00;35,86;55,50;;24;0,00;24;2193,64;;2026-10-10;https://www.vodafone.de/privat/handys/iphone-17-pro-max.html;apple-iphone-17-pro-max-256gb-tiefblau;;
Bündel;iPhone 17 Pro Max;256;Vodafone;netzbetreiber;Mobil M;M;neu;1,00;29,11;55,50;;24;0,00;24;2031,64;;2026-10-10;https://www.vodafone.de/privat/handys/iphone-17-pro-max.html;apple-iphone-17-pro-max-256gb-tiefblau;;
Bündel;iPhone 17 Pro Max;256;Vodafone;netzbetreiber;Mobil S;S;neu;1,00;31,45;55,50;;24;0,00;24;2087,80;;2026-10-10;https://www.vodafone.de/privat/handys/iphone-17-pro-max.html;apple-iphone-17-pro-max-256gb-tiefblau;;
Bündel;iPhone 17 Pro Max;256;Vodafone;netzbetreiber;Mobil XL;XL;neu;1,00;48,61;55,50;;24;0,00;24;2499,64;;2026-10-10;https://www.vodafone.de/privat/handys/iphone-17-pro-max.html;apple-iphone-17-pro-max-256gb-tiefblau;;
Bündel;iPhone 17 Pro Max;256;Vodafone;netzbetreiber;Mobil XS;XS;neu;1,00;23,95;55,50;;24;0,00;24;1907,80;;2026-10-10;https://www.vodafone.de/privat/handys/iphone-17-pro-max.html;apple-iphone-17-pro-max-256gb-tiefblau;;
Bündel;iPhone 17 Pro Max;512;Vodafone;netzbetreiber;Mobil L;L;neu;1,00;35,86;66,00;;24;0,00;24;2445,64;;2026-10-10;https://www.vodafone.de/privat/handys/iphone-17-pro-max.html;apple-iphone-17-pro-max-512gb-cosmic-orange;;
Bündel;iPhone 17 Pro Max;512;Vodafone;netzbetreiber;Mobil M;M;neu;1,00;29,11;66,00;;24;0,00;24;2283,64;;2026-10-10;https://www.vodafone.de/privat/handys/iphone-17-pro-max.html;apple-iphone-17-pro-max-512gb-cosmic-orange;;
Bündel;iPhone 17 Pro Max;512;Vodafone;netzbetreiber;Mobil S;S;neu;1,00;31,45;66,00;;24;0,00;24;2339,80;;2026-10-10;https://www.vodafone.de/privat/handys/iphone-17-pro-max.html;apple-iphone-17-pro-max-512gb-cosmic-orange;;
Bündel;iPhone 17 Pro Max;512;Vodafone;netzbetreiber;Mobil XL;XL;neu;1,00;48,61;66,00;;24;0,00;24;2751,64;;2026-10-10;https://www.vodafone.de/privat/handys/iphone-17-pro-max.html;apple-iphone-17-pro-max-512gb-cosmic-orange;;
Bündel;iPhone 17 Pro Max;512;Vodafone;netzbetreiber;Mobil XS;XS;neu;1,00;23,95;66,00;;24;0,00;24;2159,80;;2026-10-10;https://www.vodafone.de/privat/handys/iphone-17-pro-max.html;apple-iphone-17-pro-max-512gb-cosmic-orange;;
Bündel;iPhone 17 Pro Max;512;Vodafone;netzbetreiber;Mobil L;L;neu;1,00;35,86;66,00;;24;0,00;24;2445,64;;2026-10-10;https://www.vodafone.de/privat/handys/iphone-17-pro-max.html;apple-iphone-17-pro-max-512gb-silber;;
Bündel;iPhone 17 Pro Max;512;Vodafone;netzbetreiber;Mobil M;M;neu;1,00;29,11;66,00;;24;0,00;24;2283,64;;2026-10-10;https://www.vodafone.de/privat/handys/iphone-17-pro-max.html;apple-iphone-17-pro-max-512gb-silber;;
Bündel;iPhone 17 Pro Max;512;Vodafone;netzbetreiber;Mobil S;S;neu;1,00;31,45;66,00;;24;0,00;24;2339,80;;2026-10-10;https://www.vodafone.de/privat/handys/iphone-17-pro-max.html;apple-iphone-17-pro-max-512gb-silber;;
Bündel;iPhone 17 Pro Max;512;Vodafone;netzbetreiber;Mobil XL;XL;neu;1,00;48,61;66,00;;24;0,00;24;2751,64;;2026-10-10;https://www.vodafone.de/privat/handys/iphone-17-pro-max.html;apple-iphone-17-pro-max-512gb-silber;;
Bündel;iPhone 17 Pro Max;512;Vodafone;netzbetreiber;Mobil XS;XS;neu;1,00;23,95;66,00;;24;0,00;24;2159,80;;2026-10-10;https://www.vodafone.de/privat/handys/iphone-17-pro-max.html;apple-iphone-17-pro-max-512gb-silber;;
Bündel;iPhone 17 Pro Max;512;Vodafone;netzbetreiber;Mobil L;L;neu;1,00;35,86;66,00;;24;0,00;24;2445,64;;2026-10-10;https://www.vodafone.de/privat/handys/iphone-17-pro-max.html;apple-iphone-17-pro-max-512gb-tiefblau;;
Bündel;iPhone 17 Pro Max;512;Vodafone;netzbetreiber;Mobil M;M;neu;1,00;29,11;66,00;;24;0,00;24;2283,64;;2026-10-10;https://www.vodafone.de/privat/handys/iphone-17-pro-max.html;apple-iphone-17-pro-max-512gb-tiefblau;;
Bündel;iPhone 17 Pro Max;512;Vodafone;netzbetreiber;Mobil S;S;neu;1,00;31,45;66,00;;24;0,00;24;2339,80;;2026-10-10;https://www.vodafone.de/privat/handys/iphone-17-pro-max.html;apple-iphone-17-pro-max-512gb-tiefblau;;
Bündel;iPhone 17 Pro Max;512;Vodafone;netzbetreiber;Mobil XL;XL;neu;1,00;48,61;66,00;;24;0,00;24;2751,64;;2026-10-10;https://www.vodafone.de/privat/handys/iphone-17-pro-max.html;apple-iphone-17-pro-max-512gb-tiefblau;;
Bündel;iPhone 17 Pro Max;512;Vodafone;netzbetreiber;Mobil XS;XS;neu;1,00;23,95;66,00;;24;0,00;24;2159,80;;2026-10-10;https://www.vodafone.de/privat/handys/iphone-17-pro-max.html;apple-iphone-17-pro-max-512gb-tiefblau;;
Bündel;iPhone 17e;256;Vodafone;netzbetreiber;Mobil L;L;neu;1,00;35,86;34,50;;24;0,00;24;1689,64;;2026-10-10;https://www.vodafone.de/privat/handys/iphone-17e.html;apple-iphone-17e-256gb-hellrosa;;
Bündel;iPhone 17e;256;Vodafone;netzbetreiber;Mobil M;M;neu;1,00;29,11;34,50;;24;0,00;24;1527,64;;2026-10-10;https://www.vodafone.de/privat/handys/iphone-17e.html;apple-iphone-17e-256gb-hellrosa;;
Bündel;iPhone 17e;256;Vodafone;netzbetreiber;Mobil S;S;neu;1,00;31,45;34,50;;24;0,00;24;1583,80;;2026-10-10;https://www.vodafone.de/privat/handys/iphone-17e.html;apple-iphone-17e-256gb-hellrosa;;
Bündel;iPhone 17e;256;Vodafone;netzbetreiber;Mobil XL;XL;neu;1,00;48,61;34,50;;24;0,00;24;1995,64;;2026-10-10;https://www.vodafone.de/privat/handys/iphone-17e.html;apple-iphone-17e-256gb-hellrosa;;
Bündel;iPhone 17e;256;Vodafone;netzbetreiber;Mobil XS;XS;neu;1,00;23,95;34,50;;24;0,00;24;1403,80;;2026-10-10;https://www.vodafone.de/privat/handys/iphone-17e.html;apple-iphone-17e-256gb-hellrosa;;
Bündel;iPhone 17e;256;Vodafone;netzbetreiber;Mobil L;L;neu;1,00;35,86;34,50;;24;0,00;24;1689,64;;2026-10-10;https://www.vodafone.de/privat/handys/iphone-17e.html;apple-iphone-17e-256gb-schwarz;;
Bündel;iPhone 17e;256;Vodafone;netzbetreiber;Mobil M;M;neu;1,00;29,11;34,50;;24;0,00;24;1527,64;;2026-10-10;https://www.vodafone.de/privat/handys/iphone-17e.html;apple-iphone-17e-256gb-schwarz;;
Bündel;iPhone 17e;256;Vodafone;netzbetreiber;Mobil S;S;neu;1,00;31,45;34,50;;24;0,00;24;1583,80;;2026-10-10;https://www.vodafone.de/privat/handys/iphone-17e.html;apple-iphone-17e-256gb-schwarz;;
Bündel;iPhone 17e;256;Vodafone;netzbetreiber;Mobil XL;XL;neu;1,00;48,61;34,50;;24;0,00;24;1995,64;;2026-10-10;https://www.vodafone.de/privat/handys/iphone-17e.html;apple-iphone-17e-256gb-schwarz;;
Bündel;iPhone 17e;256;Vodafone;netzbetreiber;Mobil XS;XS;neu;1,00;23,95;34,50;;24;0,00;24;1403,80;;2026-10-10;https://www.vodafone.de/privat/handys/iphone-17e.html;apple-iphone-17e-256gb-schwarz;;
Bündel;iPhone 17e;256;Vodafone;netzbetreiber;Mobil L;L;neu;1,00;35,86;34,50;;24;0,00;24;1689,64;;2026-10-10;https://www.vodafone.de/privat/handys/iphone-17e.html;apple-iphone-17e-256gb-weiss;;
Bündel;iPhone 17e;256;Vodafone;netzbetreiber;Mobil M;M;neu;1,00;29,11;34,50;;24;0,00;24;1527,64;;2026-10-10;https://www.vodafone.de/privat/handys/iphone-17e.html;apple-iphone-17e-256gb-weiss;;
Bündel;iPhone 17e;256;Vodafone;netzbetreiber;Mobil S;S;neu;1,00;31,45;34,50;;24;0,00;24;1583,80;;2026-10-10;https://www.vodafone.de/privat/handys/iphone-17e.html;apple-iphone-17e-256gb-weiss;;
Bündel;iPhone 17e;256;Vodafone;netzbetreiber;Mobil XL;XL;neu;1,00;48,61;34,50;;24;0,00;24;1995,64;;2026-10-10;https://www.vodafone.de/privat/handys/iphone-17e.html;apple-iphone-17e-256gb-weiss;;
Bündel;iPhone 17e;256;Vodafone;netzbetreiber;Mobil XS;XS;neu;1,00;23,95;34,50;;24;0,00;24;1403,80;;2026-10-10;https://www.vodafone.de/privat/handys/iphone-17e.html;apple-iphone-17e-256gb-weiss;;
Bündel;iPhone 17e;512;Vodafone;netzbetreiber;Mobil L;L;neu;1,00;35,86;45,00;;24;0,00;24;1941,64;;2026-10-10;https://www.vodafone.de/privat/handys/iphone-17e.html;apple-iphone-17e-512gb-hellrosa;;
Bündel;iPhone 17e;512;Vodafone;netzbetreiber;Mobil M;M;neu;1,00;29,11;45,00;;24;0,00;24;1779,64;;2026-10-10;https://www.vodafone.de/privat/handys/iphone-17e.html;apple-iphone-17e-512gb-hellrosa;;
Bündel;iPhone 17e;512;Vodafone;netzbetreiber;Mobil S;S;neu;1,00;31,45;45,00;;24;0,00;24;1835,80;;2026-10-10;https://www.vodafone.de/privat/handys/iphone-17e.html;apple-iphone-17e-512gb-hellrosa;;
Bündel;iPhone 17e;512;Vodafone;netzbetreiber;Mobil XL;XL;neu;1,00;48,61;45,00;;24;0,00;24;2247,64;;2026-10-10;https://www.vodafone.de/privat/handys/iphone-17e.html;apple-iphone-17e-512gb-hellrosa;;
Bündel;iPhone 17e;512;Vodafone;netzbetreiber;Mobil XS;XS;neu;1,00;23,95;45,00;;24;0,00;24;1655,80;;2026-10-10;https://www.vodafone.de/privat/handys/iphone-17e.html;apple-iphone-17e-512gb-hellrosa;;
Bündel;iPhone 17e;512;Vodafone;netzbetreiber;Mobil L;L;neu;1,00;35,86;45,00;;24;0,00;24;1941,64;;2026-10-10;https://www.vodafone.de/privat/handys/iphone-17e.html;apple-iphone-17e-512gb-schwarz;;
Bündel;iPhone 17e;512;Vodafone;netzbetreiber;Mobil M;M;neu;1,00;29,11;45,00;;24;0,00;24;1779,64;;2026-10-10;https://www.vodafone.de/privat/handys/iphone-17e.html;apple-iphone-17e-512gb-schwarz;;
Bündel;iPhone 17e;512;Vodafone;netzbetreiber;Mobil S;S;neu;1,00;31,45;45,00;;24;0,00;24;1835,80;;2026-10-10;https://www.vodafone.de/privat/handys/iphone-17e.html;apple-iphone-17e-512gb-schwarz;;
Bündel;iPhone 17e;512;Vodafone;netzbetreiber;Mobil XL;XL;neu;1,00;48,61;45,00;;24;0,00;24;2247,64;;2026-10-10;https://www.vodafone.de/privat/handys/iphone-17e.html;apple-iphone-17e-512gb-schwarz;;
Bündel;iPhone 17e;512;Vodafone;netzbetreiber;Mobil XS;XS;neu;1,00;23,95;45,00;;24;0,00;24;1655,80;;2026-10-10;https://www.vodafone.de/privat/handys/iphone-17e.html;apple-iphone-17e-512gb-schwarz;;
Bündel;iPhone 17e;512;Vodafone;netzbetreiber;Mobil L;L;neu;1,00;35,86;45,00;;24;0,00;24;1941,64;;2026-10-10;https://www.vodafone.de/privat/handys/iphone-17e.html;apple-iphone-17e-512gb-weiss;;
Bündel;iPhone 17e;512;Vodafone;netzbetreiber;Mobil M;M;neu;1,00;29,11;45,00;;24;0,00;24;1779,64;;2026-10-10;https://www.vodafone.de/privat/handys/iphone-17e.html;apple-iphone-17e-512gb-weiss;;
Bündel;iPhone 17e;512;Vodafone;netzbetreiber;Mobil S;S;neu;1,00;31,45;45,00;;24;0,00;24;1835,80;;2026-10-10;https://www.vodafone.de/privat/handys/iphone-17e.html;apple-iphone-17e-512gb-weiss;;
Bündel;iPhone 17e;512;Vodafone;netzbetreiber;Mobil XL;XL;neu;1,00;48,61;45,00;;24;0,00;24;2247,64;;2026-10-10;https://www.vodafone.de/privat/handys/iphone-17e.html;apple-iphone-17e-512gb-weiss;;
Bündel;iPhone 17e;512;Vodafone;netzbetreiber;Mobil XS;XS;neu;1,00;23,95;45,00;;24;0,00;24;1655,80;;2026-10-10;https://www.vodafone.de/privat/handys/iphone-17e.html;apple-iphone-17e-512gb-weiss;;
Bündel;iPhone 18 Pro;1024;Vodafone;netzbetreiber;Mobil L;L;neu;145,00;35,86;83,25;;24;0,00;24;3003,64;;2026-10-10;https://www.vodafone.de/privat/handys/iphone-18-pro.html;apple-iphone-18-pro-1024gb-burgunder;;
Bündel;iPhone 18 Pro;1024;Vodafone;netzbetreiber;Mobil M;M;neu;145,00;29,11;83,25;;24;0,00;24;2841,64;;2026-10-10;https://www.vodafone.de/privat/handys/iphone-18-pro.html;apple-iphone-18-pro-1024gb-burgunder;;
Bündel;iPhone 18 Pro;1024;Vodafone;netzbetreiber;Mobil S;S;neu;145,00;31,45;83,25;;24;0,00;24;2897,80;;2026-10-10;https://www.vodafone.de/privat/handys/iphone-18-pro.html;apple-iphone-18-pro-1024gb-burgunder;;
Bündel;iPhone 18 Pro;1024;Vodafone;netzbetreiber;Mobil XL;XL;neu;145,00;48,61;83,25;;24;0,00;24;3309,64;;2026-10-10;https://www.vodafone.de/privat/handys/iphone-18-pro.html;apple-iphone-18-pro-1024gb-burgunder;;
Bündel;iPhone 18 Pro;1024;Vodafone;netzbetreiber;Mobil XS;XS;neu;145,00;23,95;83,25;;24;0,00;24;2717,80;;2026-10-10;https://www.vodafone.de/privat/handys/iphone-18-pro.html;apple-iphone-18-pro-1024gb-burgunder;;
Bündel;iPhone 18 Pro;1024;Vodafone;netzbetreiber;Mobil L;L;neu;145,00;35,86;83,25;;24;0,00;24;3003,64;;2026-10-10;https://www.vodafone.de/privat/handys/iphone-18-pro.html;apple-iphone-18-pro-1024gb-polar;;
Bündel;iPhone 18 Pro;1024;Vodafone;netzbetreiber;Mobil M;M;neu;145,00;29,11;83,25;;24;0,00;24;2841,64;;2026-10-10;https://www.vodafone.de/privat/handys/iphone-18-pro.html;apple-iphone-18-pro-1024gb-polar;;
Bündel;iPhone 18 Pro;1024;Vodafone;netzbetreiber;Mobil S;S;neu;145,00;31,45;83,25;;24;0,00;24;2897,80;;2026-10-10;https://www.vodafone.de/privat/handys/iphone-18-pro.html;apple-iphone-18-pro-1024gb-polar;;
Bündel;iPhone 18 Pro;1024;Vodafone;netzbetreiber;Mobil XL;XL;neu;145,00;48,61;83,25;;24;0,00;24;3309,64;;2026-10-10;https://www.vodafone.de/privat/handys/iphone-18-pro.html;apple-iphone-18-pro-1024gb-polar;;
Bündel;iPhone 18 Pro;1024;Vodafone;netzbetreiber;Mobil XS;XS;neu;145,00;23,95;83,25;;24;0,00;24;2717,80;;2026-10-10;https://www.vodafone.de/privat/handys/iphone-18-pro.html;apple-iphone-18-pro-1024gb-polar;;
Bündel;iPhone 18 Pro;1024;Vodafone;netzbetreiber;Mobil L;L;neu;145,00;35,86;83,25;;24;0,00;24;3003,64;;2026-10-10;https://www.vodafone.de/privat/handys/iphone-18-pro.html;apple-iphone-18-pro-1024gb-schwarz;;
Bündel;iPhone 18 Pro;1024;Vodafone;netzbetreiber;Mobil M;M;neu;145,00;29,11;83,25;;24;0,00;24;2841,64;;2026-10-10;https://www.vodafone.de/privat/handys/iphone-18-pro.html;apple-iphone-18-pro-1024gb-schwarz;;
Bündel;iPhone 18 Pro;1024;Vodafone;netzbetreiber;Mobil S;S;neu;145,00;31,45;83,25;;24;0,00;24;2897,80;;2026-10-10;https://www.vodafone.de/privat/handys/iphone-18-pro.html;apple-iphone-18-pro-1024gb-schwarz;;
Bündel;iPhone 18 Pro;1024;Vodafone;netzbetreiber;Mobil XL;XL;neu;145,00;48,61;83,25;;24;0,00;24;3309,64;;2026-10-10;https://www.vodafone.de/privat/handys/iphone-18-pro.html;apple-iphone-18-pro-1024gb-schwarz;;
Bündel;iPhone 18 Pro;1024;Vodafone;netzbetreiber;Mobil XS;XS;neu;145,00;23,95;83,25;;24;0,00;24;2717,80;;2026-10-10;https://www.vodafone.de/privat/handys/iphone-18-pro.html;apple-iphone-18-pro-1024gb-schwarz;;
Bündel;iPhone 18 Pro;1024;Vodafone;netzbetreiber;Mobil L;L;neu;145,00;35,86;83,25;;24;0,00;24;3003,64;;2026-10-10;https://www.vodafone.de/privat/handys/iphone-18-pro.html;apple-iphone-18-pro-1024gb-silber;;
Bündel;iPhone 18 Pro;1024;Vodafone;netzbetreiber;Mobil M;M;neu;145,00;29,11;83,25;;24;0,00;24;2841,64;;2026-10-10;https://www.vodafone.de/privat/handys/iphone-18-pro.html;apple-iphone-18-pro-1024gb-silber;;
Bündel;iPhone 18 Pro;1024;Vodafone;netzbetreiber;Mobil S;S;neu;145,00;31,45;83,25;;24;0,00;24;2897,80;;2026-10-10;https://www.vodafone.de/privat/handys/iphone-18-pro.html;apple-iphone-18-pro-1024gb-silber;;
Bündel;iPhone 18 Pro;1024;Vodafone;netzbetreiber;Mobil XL;XL;neu;145,00;48,61;83,25;;24;0,00;24;3309,64;;2026-10-10;https://www.vodafone.de/privat/handys/iphone-18-pro.html;apple-iphone-18-pro-1024gb-silber;;
Bündel;iPhone 18 Pro;1024;Vodafone;netzbetreiber;Mobil XS;XS;neu;145,00;23,95;83,25;;24;0,00;24;2717,80;;2026-10-10;https://www.vodafone.de/privat/handys/iphone-18-pro.html;apple-iphone-18-pro-1024gb-silber;;
Bündel;iPhone 18 Pro;2048;Vodafone;netzbetreiber;Mobil L;L;neu;829,00;35,86;83,25;;24;0,00;24;3687,64;;2026-10-10;https://www.vodafone.de/privat/handys/iphone-18-pro.html;apple-iphone-18-pro-2048gb-burgunder;;
Bündel;iPhone 18 Pro;2048;Vodafone;netzbetreiber;Mobil M;M;neu;829,00;29,11;83,25;;24;0,00;24;3525,64;;2026-10-10;https://www.vodafone.de/privat/handys/iphone-18-pro.html;apple-iphone-18-pro-2048gb-burgunder;;
Bündel;iPhone 18 Pro;2048;Vodafone;netzbetreiber;Mobil S;S;neu;829,00;31,45;83,25;;24;0,00;24;3581,80;;2026-10-10;https://www.vodafone.de/privat/handys/iphone-18-pro.html;apple-iphone-18-pro-2048gb-burgunder;;
Bündel;iPhone 18 Pro;2048;Vodafone;netzbetreiber;Mobil XL;XL;neu;829,00;48,61;83,25;;24;0,00;24;3993,64;;2026-10-10;https://www.vodafone.de/privat/handys/iphone-18-pro.html;apple-iphone-18-pro-2048gb-burgunder;;
Bündel;iPhone 18 Pro;2048;Vodafone;netzbetreiber;Mobil XS;XS;neu;829,00;23,95;83,25;;24;0,00;24;3401,80;;2026-10-10;https://www.vodafone.de/privat/handys/iphone-18-pro.html;apple-iphone-18-pro-2048gb-burgunder;;
Bündel;iPhone 18 Pro;2048;Vodafone;netzbetreiber;Mobil L;L;neu;829,00;35,86;83,25;;24;0,00;24;3687,64;;2026-10-10;https://www.vodafone.de/privat/handys/iphone-18-pro.html;apple-iphone-18-pro-2048gb-polar;;
Bündel;iPhone 18 Pro;2048;Vodafone;netzbetreiber;Mobil M;M;neu;829,00;29,11;83,25;;24;0,00;24;3525,64;;2026-10-10;https://www.vodafone.de/privat/handys/iphone-18-pro.html;apple-iphone-18-pro-2048gb-polar;;
Bündel;iPhone 18 Pro;2048;Vodafone;netzbetreiber;Mobil S;S;neu;829,00;31,45;83,25;;24;0,00;24;3581,80;;2026-10-10;https://www.vodafone.de/privat/handys/iphone-18-pro.html;apple-iphone-18-pro-2048gb-polar;;
Bündel;iPhone 18 Pro;2048;Vodafone;netzbetreiber;Mobil XL;XL;neu;829,00;48,61;83,25;;24;0,00;24;3993,64;;2026-10-10;https://www.vodafone.de/privat/handys/iphone-18-pro.html;apple-iphone-18-pro-2048gb-polar;;
Bündel;iPhone 18 Pro;2048;Vodafone;netzbetreiber;Mobil XS;XS;neu;829,00;23,95;83,25;;24;0,00;24;3401,80;;2026-10-10;https://www.vodafone.de/privat/handys/iphone-18-pro.html;apple-iphone-18-pro-2048gb-polar;;
Bündel;iPhone 18 Pro;2048;Vodafone;netzbetreiber;Mobil L;L;neu;829,00;35,86;83,25;;24;0,00;24;3687,64;;2026-10-10;https://www.vodafone.de/privat/handys/iphone-18-pro.html;apple-iphone-18-pro-2048gb-schwarz;;
Bündel;iPhone 18 Pro;2048;Vodafone;netzbetreiber;Mobil M;M;neu;829,00;29,11;83,25;;24;0,00;24;3525,64;;2026-10-10;https://www.vodafone.de/privat/handys/iphone-18-pro.html;apple-iphone-18-pro-2048gb-schwarz;;
Bündel;iPhone 18 Pro;2048;Vodafone;netzbetreiber;Mobil S;S;neu;829,00;31,45;83,25;;24;0,00;24;3581,80;;2026-10-10;https://www.vodafone.de/privat/handys/iphone-18-pro.html;apple-iphone-18-pro-2048gb-schwarz;;
Bündel;iPhone 18 Pro;2048;Vodafone;netzbetreiber;Mobil XL;XL;neu;829,00;48,61;83,25;;24;0,00;24;3993,64;;2026-10-10;https://www.vodafone.de/privat/handys/iphone-18-pro.html;apple-iphone-18-pro-2048gb-schwarz;;
Bündel;iPhone 18 Pro;2048;Vodafone;netzbetreiber;Mobil XS;XS;neu;829,00;23,95;83,25;;24;0,00;24;3401,80;;2026-10-10;https://www.vodafone.de/privat/handys/iphone-18-pro.html;apple-iphone-18-pro-2048gb-schwarz;;
Bündel;iPhone 18 Pro;2048;Vodafone;netzbetreiber;Mobil L;L;neu;829,00;35,86;83,25;;24;0,00;24;3687,64;;2026-10-10;https://www.vodafone.de/privat/handys/iphone-18-pro.html;apple-iphone-18-pro-2048gb-silber;;
Bündel;iPhone 18 Pro;2048;Vodafone;netzbetreiber;Mobil M;M;neu;829,00;29,11;83,25;;24;0,00;24;3525,64;;2026-10-10;https://www.vodafone.de/privat/handys/iphone-18-pro.html;apple-iphone-18-pro-2048gb-silber;;
Bündel;iPhone 18 Pro;2048;Vodafone;netzbetreiber;Mobil S;S;neu;829,00;31,45;83,25;;24;0,00;24;3581,80;;2026-10-10;https://www.vodafone.de/privat/handys/iphone-18-pro.html;apple-iphone-18-pro-2048gb-silber;;
Bündel;iPhone 18 Pro;2048;Vodafone;netzbetreiber;Mobil XL;XL;neu;829,00;48,61;83,25;;24;0,00;24;3993,64;;2026-10-10;https://www.vodafone.de/privat/handys/iphone-18-pro.html;apple-iphone-18-pro-2048gb-silber;;
Bündel;iPhone 18 Pro;2048;Vodafone;netzbetreiber;Mobil XS;XS;neu;829,00;23,95;83,25;;24;0,00;24;3401,80;;2026-10-10;https://www.vodafone.de/privat/handys/iphone-18-pro.html;apple-iphone-18-pro-2048gb-silber;;
Bündel;iPhone 18 Pro;256;Vodafone;netzbetreiber;Mobil L;L;neu;0,99;35,86;60,00;;24;0,00;24;2301,63;;2026-10-10;https://www.vodafone.de/privat/handys/iphone-18-pro.html;apple-iphone-18-pro-256gb-burgunder;;
Bündel;iPhone 18 Pro;256;Vodafone;netzbetreiber;Mobil M;M;neu;0,99;29,11;60,00;;24;0,00;24;2139,63;;2026-10-10;https://www.vodafone.de/privat/handys/iphone-18-pro.html;apple-iphone-18-pro-256gb-burgunder;;
Bündel;iPhone 18 Pro;256;Vodafone;netzbetreiber;Mobil S;S;neu;0,99;31,45;60,00;;24;0,00;24;2195,79;;2026-10-10;https://www.vodafone.de/privat/handys/iphone-18-pro.html;apple-iphone-18-pro-256gb-burgunder;;
Bündel;iPhone 18 Pro;256;Vodafone;netzbetreiber;Mobil XL;XL;neu;0,99;48,61;60,00;;24;0,00;24;2607,63;;2026-10-10;https://www.vodafone.de/privat/handys/iphone-18-pro.html;apple-iphone-18-pro-256gb-burgunder;;
Bündel;iPhone 18 Pro;256;Vodafone;netzbetreiber;Mobil XS;XS;neu;0,99;23,95;60,00;;24;0,00;24;2015,79;;2026-10-10;https://www.vodafone.de/privat/handys/iphone-18-pro.html;apple-iphone-18-pro-256gb-burgunder;;
Bündel;iPhone 18 Pro;256;Vodafone;netzbetreiber;Mobil L;L;neu;0,99;35,86;60,00;;24;0,00;24;2301,63;;2026-10-10;https://www.vodafone.de/privat/handys/iphone-18-pro.html;apple-iphone-18-pro-256gb-polar;;
Bündel;iPhone 18 Pro;256;Vodafone;netzbetreiber;Mobil M;M;neu;0,99;29,11;60,00;;24;0,00;24;2139,63;;2026-10-10;https://www.vodafone.de/privat/handys/iphone-18-pro.html;apple-iphone-18-pro-256gb-polar;;
Bündel;iPhone 18 Pro;256;Vodafone;netzbetreiber;Mobil S;S;neu;0,99;31,45;60,00;;24;0,00;24;2195,79;;2026-10-10;https://www.vodafone.de/privat/handys/iphone-18-pro.html;apple-iphone-18-pro-256gb-polar;;
Bündel;iPhone 18 Pro;256;Vodafone;netzbetreiber;Mobil XL;XL;neu;0,99;48,61;60,00;;24;0,00;24;2607,63;;2026-10-10;https://www.vodafone.de/privat/handys/iphone-18-pro.html;apple-iphone-18-pro-256gb-polar;;
Bündel;iPhone 18 Pro;256;Vodafone;netzbetreiber;Mobil XS;XS;neu;0,99;23,95;60,00;;24;0,00;24;2015,79;;2026-10-10;https://www.vodafone.de/privat/handys/iphone-18-pro.html;apple-iphone-18-pro-256gb-polar;;
Bündel;iPhone 18 Pro;256;Vodafone;netzbetreiber;Mobil L;L;neu;0,99;35,86;60,00;;24;0,00;24;2301,63;;2026-10-10;https://www.vodafone.de/privat/handys/iphone-18-pro.html;apple-iphone-18-pro-256gb-schwarz;;
Bündel;iPhone 18 Pro;256;Vodafone;netzbetreiber;Mobil M;M;neu;0,99;29,11;60,00;;24;0,00;24;2139,63;;2026-10-10;https://www.vodafone.de/privat/handys/iphone-18-pro.html;apple-iphone-18-pro-256gb-schwarz;;
Bündel;iPhone 18 Pro;256;Vodafone;netzbetreiber;Mobil S;S;neu;0,99;31,45;60,00;;24;0,00;24;2195,79;;2026-10-10;https://www.vodafone.de/privat/handys/iphone-18-pro.html;apple-iphone-18-pro-256gb-schwarz;;
Bündel;iPhone 18 Pro;256;Vodafone;netzbetreiber;Mobil XL;XL;neu;0,99;48,61;60,00;;24;0,00;24;2607,63;;2026-10-10;https://www.vodafone.de/privat/handys/iphone-18-pro.html;apple-iphone-18-pro-256gb-schwarz;;
Bündel;iPhone 18 Pro;256;Vodafone;netzbetreiber;Mobil XS;XS;neu;0,99;23,95;60,00;;24;0,00;24;2015,79;;2026-10-10;https://www.vodafone.de/privat/handys/iphone-18-pro.html;apple-iphone-18-pro-256gb-schwarz;;
Bündel;iPhone 18 Pro;256;Vodafone;netzbetreiber;Mobil L;L;neu;0,99;35,86;60,00;;24;0,00;24;2301,63;;2026-10-10;https://www.vodafone.de/privat/handys/iphone-18-pro.html;apple-iphone-18-pro-256gb-silber;;
Bündel;iPhone 18 Pro;256;Vodafone;netzbetreiber;Mobil M;M;neu;0,99;29,11;60,00;;24;0,00;24;2139,63;;2026-10-10;https://www.vodafone.de/privat/handys/iphone-18-pro.html;apple-iphone-18-pro-256gb-silber;;
Bündel;iPhone 18 Pro;256;Vodafone;netzbetreiber;Mobil S;S;neu;0,99;31,45;60,00;;24;0,00;24;2195,79;;2026-10-10;https://www.vodafone.de/privat/handys/iphone-18-pro.html;apple-iphone-18-pro-256gb-silber;;
Bündel;iPhone 18 Pro;256;Vodafone;netzbetreiber;Mobil XL;XL;neu;0,99;48,61;60,00;;24;0,00;24;2607,63;;2026-10-10;https://www.vodafone.de/privat/handys/iphone-18-pro.html;apple-iphone-18-pro-256gb-silber;;
Bündel;iPhone 18 Pro;256;Vodafone;netzbetreiber;Mobil XS;XS;neu;0,99;23,95;60,00;;24;0,00;24;2015,79;;2026-10-10;https://www.vodafone.de/privat/handys/iphone-18-pro.html;apple-iphone-18-pro-256gb-silber;;
Bündel;iPhone 18 Pro;512;Vodafone;netzbetreiber;Mobil L;L;neu;1,00;35,86;70,50;;24;0,00;24;2553,64;;2026-10-10;https://www.vodafone.de/privat/handys/iphone-18-pro.html;apple-iphone-18-pro-512gb-burgunder;;
Bündel;iPhone 18 Pro;512;Vodafone;netzbetreiber;Mobil M;M;neu;1,00;29,11;70,50;;24;0,00;24;2391,64;;2026-10-10;https://www.vodafone.de/privat/handys/iphone-18-pro.html;apple-iphone-18-pro-512gb-burgunder;;
Bündel;iPhone 18 Pro;512;Vodafone;netzbetreiber;Mobil S;S;neu;1,00;31,45;70,50;;24;0,00;24;2447,80;;2026-10-10;https://www.vodafone.de/privat/handys/iphone-18-pro.html;apple-iphone-18-pro-512gb-burgunder;;
Bündel;iPhone 18 Pro;512;Vodafone;netzbetreiber;Mobil XL;XL;neu;1,00;48,61;70,50;;24;0,00;24;2859,64;;2026-10-10;https://www.vodafone.de/privat/handys/iphone-18-pro.html;apple-iphone-18-pro-512gb-burgunder;;
Bündel;iPhone 18 Pro;512;Vodafone;netzbetreiber;Mobil XS;XS;neu;1,00;23,95;70,50;;24;0,00;24;2267,80;;2026-10-10;https://www.vodafone.de/privat/handys/iphone-18-pro.html;apple-iphone-18-pro-512gb-burgunder;;
Bündel;iPhone 18 Pro;512;Vodafone;netzbetreiber;Mobil L;L;neu;1,00;35,86;70,50;;24;0,00;24;2553,64;;2026-10-10;https://www.vodafone.de/privat/handys/iphone-18-pro.html;apple-iphone-18-pro-512gb-polar;;
Bündel;iPhone 18 Pro;512;Vodafone;netzbetreiber;Mobil M;M;neu;1,00;29,11;70,50;;24;0,00;24;2391,64;;2026-10-10;https://www.vodafone.de/privat/handys/iphone-18-pro.html;apple-iphone-18-pro-512gb-polar;;
Bündel;iPhone 18 Pro;512;Vodafone;netzbetreiber;Mobil S;S;neu;1,00;31,45;70,50;;24;0,00;24;2447,80;;2026-10-10;https://www.vodafone.de/privat/handys/iphone-18-pro.html;apple-iphone-18-pro-512gb-polar;;
Bündel;iPhone 18 Pro;512;Vodafone;netzbetreiber;Mobil XL;XL;neu;1,00;48,61;70,50;;24;0,00;24;2859,64;;2026-10-10;https://www.vodafone.de/privat/handys/iphone-18-pro.html;apple-iphone-18-pro-512gb-polar;;
Bündel;iPhone 18 Pro;512;Vodafone;netzbetreiber;Mobil XS;XS;neu;1,00;23,95;70,50;;24;0,00;24;2267,80;;2026-10-10;https://www.vodafone.de/privat/handys/iphone-18-pro.html;apple-iphone-18-pro-512gb-polar;;
Bündel;iPhone 18 Pro;512;Vodafone;netzbetreiber;Mobil L;L;neu;1,00;35,86;70,50;;24;0,00;24;2553,64;;2026-10-10;https://www.vodafone.de/privat/handys/iphone-18-pro.html;apple-iphone-18-pro-512gb-schwarz;;
Bündel;iPhone 18 Pro;512;Vodafone;netzbetreiber;Mobil M;M;neu;1,00;29,11;70,50;;24;0,00;24;2391,64;;2026-10-10;https://www.vodafone.de/privat/handys/iphone-18-pro.html;apple-iphone-18-pro-512gb-schwarz;;
Bündel;iPhone 18 Pro;512;Vodafone;netzbetreiber;Mobil S;S;neu;1,00;31,45;70,50;;24;0,00;24;2447,80;;2026-10-10;https://www.vodafone.de/privat/handys/iphone-18-pro.html;apple-iphone-18-pro-512gb-schwarz;;
Bündel;iPhone 18 Pro;512;Vodafone;netzbetreiber;Mobil XL;XL;neu;1,00;48,61;70,50;;24;0,00;24;2859,64;;2026-10-10;https://www.vodafone.de/privat/handys/iphone-18-pro.html;apple-iphone-18-pro-512gb-schwarz;;
Bündel;iPhone 18 Pro;512;Vodafone;netzbetreiber;Mobil XS;XS;neu;1,00;23,95;70,50;;24;0,00;24;2267,80;;2026-10-10;https://www.vodafone.de/privat/handys/iphone-18-pro.html;apple-iphone-18-pro-512gb-schwarz;;
Bündel;iPhone 18 Pro;512;Vodafone;netzbetreiber;Mobil L;L;neu;1,00;35,86;70,50;;24;0,00;24;2553,64;;2026-10-10;https://www.vodafone.de/privat/handys/iphone-18-pro.html;apple-iphone-18-pro-512gb-silber;;
Bündel;iPhone 18 Pro;512;Vodafone;netzbetreiber;Mobil M;M;neu;1,00;29,11;70,50;;24;0,00;24;2391,64;;2026-10-10;https://www.vodafone.de/privat/handys/iphone-18-pro.html;apple-iphone-18-pro-512gb-silber;;
Bündel;iPhone 18 Pro;512;Vodafone;netzbetreiber;Mobil S;S;neu;1,00;31,45;70,50;;24;0,00;24;2447,80;;2026-10-10;https://www.vodafone.de/privat/handys/iphone-18-pro.html;apple-iphone-18-pro-512gb-silber;;
Bündel;iPhone 18 Pro;512;Vodafone;netzbetreiber;Mobil XL;XL;neu;1,00;48,61;70,50;;24;0,00;24;2859,64;;2026-10-10;https://www.vodafone.de/privat/handys/iphone-18-pro.html;apple-iphone-18-pro-512gb-silber;;
Bündel;iPhone 18 Pro;512;Vodafone;netzbetreiber;Mobil XS;XS;neu;1,00;23,95;70,50;;24;0,00;24;2267,80;;2026-10-10;https://www.vodafone.de/privat/handys/iphone-18-pro.html;apple-iphone-18-pro-512gb-silber;;
Bündel;iPhone 18 Pro Max;1024;Vodafone;netzbetreiber;Mobil L;L;neu;306,99;35,86;83,25;;24;0,00;24;3165,63;;2026-10-10;https://www.vodafone.de/privat/handys/iphone-18-pro-max.html;apple-iphone-18-pro-max-1024gb-burgunder;;
Bündel;iPhone 18 Pro Max;1024;Vodafone;netzbetreiber;Mobil M;M;neu;306,99;29,11;83,25;;24;0,00;24;3003,63;;2026-10-10;https://www.vodafone.de/privat/handys/iphone-18-pro-max.html;apple-iphone-18-pro-max-1024gb-burgunder;;
Bündel;iPhone 18 Pro Max;1024;Vodafone;netzbetreiber;Mobil S;S;neu;306,99;31,45;83,25;;24;0,00;24;3059,79;;2026-10-10;https://www.vodafone.de/privat/handys/iphone-18-pro-max.html;apple-iphone-18-pro-max-1024gb-burgunder;;
Bündel;iPhone 18 Pro Max;1024;Vodafone;netzbetreiber;Mobil XL;XL;neu;306,99;48,61;83,25;;24;0,00;24;3471,63;;2026-10-10;https://www.vodafone.de/privat/handys/iphone-18-pro-max.html;apple-iphone-18-pro-max-1024gb-burgunder;;
Bündel;iPhone 18 Pro Max;1024;Vodafone;netzbetreiber;Mobil XS;XS;neu;306,99;23,95;83,25;;24;0,00;24;2879,79;;2026-10-10;https://www.vodafone.de/privat/handys/iphone-18-pro-max.html;apple-iphone-18-pro-max-1024gb-burgunder;;
Bündel;iPhone 18 Pro Max;1024;Vodafone;netzbetreiber;Mobil L;L;neu;306,99;35,86;83,25;;24;0,00;24;3165,63;;2026-10-10;https://www.vodafone.de/privat/handys/iphone-18-pro-max.html;apple-iphone-18-pro-max-1024gb-polar;;
Bündel;iPhone 18 Pro Max;1024;Vodafone;netzbetreiber;Mobil M;M;neu;306,99;29,11;83,25;;24;0,00;24;3003,63;;2026-10-10;https://www.vodafone.de/privat/handys/iphone-18-pro-max.html;apple-iphone-18-pro-max-1024gb-polar;;
Bündel;iPhone 18 Pro Max;1024;Vodafone;netzbetreiber;Mobil S;S;neu;306,99;31,45;83,25;;24;0,00;24;3059,79;;2026-10-10;https://www.vodafone.de/privat/handys/iphone-18-pro-max.html;apple-iphone-18-pro-max-1024gb-polar;;
Bündel;iPhone 18 Pro Max;1024;Vodafone;netzbetreiber;Mobil XL;XL;neu;306,99;48,61;83,25;;24;0,00;24;3471,63;;2026-10-10;https://www.vodafone.de/privat/handys/iphone-18-pro-max.html;apple-iphone-18-pro-max-1024gb-polar;;
Bündel;iPhone 18 Pro Max;1024;Vodafone;netzbetreiber;Mobil XS;XS;neu;306,99;23,95;83,25;;24;0,00;24;2879,79;;2026-10-10;https://www.vodafone.de/privat/handys/iphone-18-pro-max.html;apple-iphone-18-pro-max-1024gb-polar;;
Bündel;iPhone 18 Pro Max;1024;Vodafone;netzbetreiber;Mobil L;L;neu;306,99;35,86;83,25;;24;0,00;24;3165,63;;2026-10-10;https://www.vodafone.de/privat/handys/iphone-18-pro-max.html;apple-iphone-18-pro-max-1024gb-schwarz;;
Bündel;iPhone 18 Pro Max;1024;Vodafone;netzbetreiber;Mobil M;M;neu;306,99;29,11;83,25;;24;0,00;24;3003,63;;2026-10-10;https://www.vodafone.de/privat/handys/iphone-18-pro-max.html;apple-iphone-18-pro-max-1024gb-schwarz;;
Bündel;iPhone 18 Pro Max;1024;Vodafone;netzbetreiber;Mobil S;S;neu;306,99;31,45;83,25;;24;0,00;24;3059,79;;2026-10-10;https://www.vodafone.de/privat/handys/iphone-18-pro-max.html;apple-iphone-18-pro-max-1024gb-schwarz;;
Bündel;iPhone 18 Pro Max;1024;Vodafone;netzbetreiber;Mobil XL;XL;neu;306,99;48,61;83,25;;24;0,00;24;3471,63;;2026-10-10;https://www.vodafone.de/privat/handys/iphone-18-pro-max.html;apple-iphone-18-pro-max-1024gb-schwarz;;
Bündel;iPhone 18 Pro Max;1024;Vodafone;netzbetreiber;Mobil XS;XS;neu;306,99;23,95;83,25;;24;0,00;24;2879,79;;2026-10-10;https://www.vodafone.de/privat/handys/iphone-18-pro-max.html;apple-iphone-18-pro-max-1024gb-schwarz;;
Bündel;iPhone 18 Pro Max;1024;Vodafone;netzbetreiber;Mobil L;L;neu;306,99;35,86;83,25;;24;0,00;24;3165,63;;2026-10-10;https://www.vodafone.de/privat/handys/iphone-18-pro-max.html;apple-iphone-18-pro-max-1024gb-silber;;
Bündel;iPhone 18 Pro Max;1024;Vodafone;netzbetreiber;Mobil M;M;neu;306,99;29,11;83,25;;24;0,00;24;3003,63;;2026-10-10;https://www.vodafone.de/privat/handys/iphone-18-pro-max.html;apple-iphone-18-pro-max-1024gb-silber;;
Bündel;iPhone 18 Pro Max;1024;Vodafone;netzbetreiber;Mobil S;S;neu;306,99;31,45;83,25;;24;0,00;24;3059,79;;2026-10-10;https://www.vodafone.de/privat/handys/iphone-18-pro-max.html;apple-iphone-18-pro-max-1024gb-silber;;
Bündel;iPhone 18 Pro Max;1024;Vodafone;netzbetreiber;Mobil XL;XL;neu;306,99;48,61;83,25;;24;0,00;24;3471,63;;2026-10-10;https://www.vodafone.de/privat/handys/iphone-18-pro-max.html;apple-iphone-18-pro-max-1024gb-silber;;
Bündel;iPhone 18 Pro Max;1024;Vodafone;netzbetreiber;Mobil XS;XS;neu;306,99;23,95;83,25;;24;0,00;24;2879,79;;2026-10-10;https://www.vodafone.de/privat/handys/iphone-18-pro-max.html;apple-iphone-18-pro-max-1024gb-silber;;
Bündel;iPhone 18 Pro Max;2048;Vodafone;netzbetreiber;Mobil L;L;neu;1045,00;35,86;83,25;;24;0,00;24;3903,64;;2026-10-10;https://www.vodafone.de/privat/handys/iphone-18-pro-max.html;apple-iphone-18-pro-max-2048gb-burgunder;;
Bündel;iPhone 18 Pro Max;2048;Vodafone;netzbetreiber;Mobil M;M;neu;1045,00;29,11;83,25;;24;0,00;24;3741,64;;2026-10-10;https://www.vodafone.de/privat/handys/iphone-18-pro-max.html;apple-iphone-18-pro-max-2048gb-burgunder;;
Bündel;iPhone 18 Pro Max;2048;Vodafone;netzbetreiber;Mobil S;S;neu;1045,00;31,45;83,25;;24;0,00;24;3797,80;;2026-10-10;https://www.vodafone.de/privat/handys/iphone-18-pro-max.html;apple-iphone-18-pro-max-2048gb-burgunder;;
Bündel;iPhone 18 Pro Max;2048;Vodafone;netzbetreiber;Mobil XL;XL;neu;1045,00;48,61;83,25;;24;0,00;24;4209,64;;2026-10-10;https://www.vodafone.de/privat/handys/iphone-18-pro-max.html;apple-iphone-18-pro-max-2048gb-burgunder;;
Bündel;iPhone 18 Pro Max;2048;Vodafone;netzbetreiber;Mobil XS;XS;neu;1045,00;23,95;83,25;;24;0,00;24;3617,80;;2026-10-10;https://www.vodafone.de/privat/handys/iphone-18-pro-max.html;apple-iphone-18-pro-max-2048gb-burgunder;;
Bündel;iPhone 18 Pro Max;2048;Vodafone;netzbetreiber;Mobil L;L;neu;1045,00;35,86;83,25;;24;0,00;24;3903,64;;2026-10-10;https://www.vodafone.de/privat/handys/iphone-18-pro-max.html;apple-iphone-18-pro-max-2048gb-polar;;
Bündel;iPhone 18 Pro Max;2048;Vodafone;netzbetreiber;Mobil M;M;neu;1045,00;29,11;83,25;;24;0,00;24;3741,64;;2026-10-10;https://www.vodafone.de/privat/handys/iphone-18-pro-max.html;apple-iphone-18-pro-max-2048gb-polar;;
Bündel;iPhone 18 Pro Max;2048;Vodafone;netzbetreiber;Mobil S;S;neu;1045,00;31,45;83,25;;24;0,00;24;3797,80;;2026-10-10;https://www.vodafone.de/privat/handys/iphone-18-pro-max.html;apple-iphone-18-pro-max-2048gb-polar;;
Bündel;iPhone 18 Pro Max;2048;Vodafone;netzbetreiber;Mobil XL;XL;neu;1045,00;48,61;83,25;;24;0,00;24;4209,64;;2026-10-10;https://www.vodafone.de/privat/handys/iphone-18-pro-max.html;apple-iphone-18-pro-max-2048gb-polar;;
Bündel;iPhone 18 Pro Max;2048;Vodafone;netzbetreiber;Mobil XS;XS;neu;1045,00;23,95;83,25;;24;0,00;24;3617,80;;2026-10-10;https://www.vodafone.de/privat/handys/iphone-18-pro-max.html;apple-iphone-18-pro-max-2048gb-polar;;
Bündel;iPhone 18 Pro Max;2048;Vodafone;netzbetreiber;Mobil L;L;neu;1045,00;35,86;83,25;;24;0,00;24;3903,64;;2026-10-10;https://www.vodafone.de/privat/handys/iphone-18-pro-max.html;apple-iphone-18-pro-max-2048gb-schwarz;;
Bündel;iPhone 18 Pro Max;2048;Vodafone;netzbetreiber;Mobil M;M;neu;1045,00;29,11;83,25;;24;0,00;24;3741,64;;2026-10-10;https://www.vodafone.de/privat/handys/iphone-18-pro-max.html;apple-iphone-18-pro-max-2048gb-schwarz;;
Bündel;iPhone 18 Pro Max;2048;Vodafone;netzbetreiber;Mobil S;S;neu;1045,00;31,45;83,25;;24;0,00;24;3797,80;;2026-10-10;https://www.vodafone.de/privat/handys/iphone-18-pro-max.html;apple-iphone-18-pro-max-2048gb-schwarz;;
Bündel;iPhone 18 Pro Max;2048;Vodafone;netzbetreiber;Mobil XL;XL;neu;1045,00;48,61;83,25;;24;0,00;24;4209,64;;2026-10-10;https://www.vodafone.de/privat/handys/iphone-18-pro-max.html;apple-iphone-18-pro-max-2048gb-schwarz;;
Bündel;iPhone 18 Pro Max;2048;Vodafone;netzbetreiber;Mobil XS;XS;neu;1045,00;23,95;83,25;;24;0,00;24;3617,80;;2026-10-10;https://www.vodafone.de/privat/handys/iphone-18-pro-max.html;apple-iphone-18-pro-max-2048gb-schwarz;;
Bündel;iPhone 18 Pro Max;2048;Vodafone;netzbetreiber;Mobil L;L;neu;1045,00;35,86;83,25;;24;0,00;24;3903,64;;2026-10-10;https://www.vodafone.de/privat/handys/iphone-18-pro-max.html;apple-iphone-18-pro-max-2048gb-silber;;
Bündel;iPhone 18 Pro Max;2048;Vodafone;netzbetreiber;Mobil M;M;neu;1045,00;29,11;83,25;;24;0,00;24;3741,64;;2026-10-10;https://www.vodafone.de/privat/handys/iphone-18-pro-max.html;apple-iphone-18-pro-max-2048gb-silber;;
Bündel;iPhone 18 Pro Max;2048;Vodafone;netzbetreiber;Mobil S;S;neu;1045,00;31,45;83,25;;24;0,00;24;3797,80;;2026-10-10;https://www.vodafone.de/privat/handys/iphone-18-pro-max.html;apple-iphone-18-pro-max-2048gb-silber;;
Bündel;iPhone 18 Pro Max;2048;Vodafone;netzbetreiber;Mobil XL;XL;neu;1045,00;48,61;83,25;;24;0,00;24;4209,64;;2026-10-10;https://www.vodafone.de/privat/handys/iphone-18-pro-max.html;apple-iphone-18-pro-max-2048gb-silber;;
Bündel;iPhone 18 Pro Max;2048;Vodafone;netzbetreiber;Mobil XS;XS;neu;1045,00;23,95;83,25;;24;0,00;24;3617,80;;2026-10-10;https://www.vodafone.de/privat/handys/iphone-18-pro-max.html;apple-iphone-18-pro-max-2048gb-silber;;
Bündel;iPhone 18 Pro Max;256;Vodafone;netzbetreiber;Mobil L;L;neu;1,00;35,86;66,00;;24;0,00;24;2445,64;;2026-10-10;https://www.vodafone.de/privat/handys/iphone-18-pro-max.html;apple-iphone-18-pro-max-256gb-burgunder;;
Bündel;iPhone 18 Pro Max;256;Vodafone;netzbetreiber;Mobil M;M;neu;1,00;29,11;66,00;;24;0,00;24;2283,64;;2026-10-10;https://www.vodafone.de/privat/handys/iphone-18-pro-max.html;apple-iphone-18-pro-max-256gb-burgunder;;
Bündel;iPhone 18 Pro Max;256;Vodafone;netzbetreiber;Mobil S;S;neu;1,00;31,45;66,00;;24;0,00;24;2339,80;;2026-10-10;https://www.vodafone.de/privat/handys/iphone-18-pro-max.html;apple-iphone-18-pro-max-256gb-burgunder;;
Bündel;iPhone 18 Pro Max;256;Vodafone;netzbetreiber;Mobil XL;XL;neu;1,00;48,61;66,00;;24;0,00;24;2751,64;;2026-10-10;https://www.vodafone.de/privat/handys/iphone-18-pro-max.html;apple-iphone-18-pro-max-256gb-burgunder;;
Bündel;iPhone 18 Pro Max;256;Vodafone;netzbetreiber;Mobil XS;XS;neu;1,00;23,95;66,00;;24;0,00;24;2159,80;;2026-10-10;https://www.vodafone.de/privat/handys/iphone-18-pro-max.html;apple-iphone-18-pro-max-256gb-burgunder;;
Bündel;iPhone 18 Pro Max;256;Vodafone;netzbetreiber;Mobil L;L;neu;1,00;35,86;66,00;;24;0,00;24;2445,64;;2026-10-10;https://www.vodafone.de/privat/handys/iphone-18-pro-max.html;apple-iphone-18-pro-max-256gb-polar;;
Bündel;iPhone 18 Pro Max;256;Vodafone;netzbetreiber;Mobil M;M;neu;1,00;29,11;66,00;;24;0,00;24;2283,64;;2026-10-10;https://www.vodafone.de/privat/handys/iphone-18-pro-max.html;apple-iphone-18-pro-max-256gb-polar;;
Bündel;iPhone 18 Pro Max;256;Vodafone;netzbetreiber;Mobil S;S;neu;1,00;31,45;66,00;;24;0,00;24;2339,80;;2026-10-10;https://www.vodafone.de/privat/handys/iphone-18-pro-max.html;apple-iphone-18-pro-max-256gb-polar;;
Bündel;iPhone 18 Pro Max;256;Vodafone;netzbetreiber;Mobil XL;XL;neu;1,00;48,61;66,00;;24;0,00;24;2751,64;;2026-10-10;https://www.vodafone.de/privat/handys/iphone-18-pro-max.html;apple-iphone-18-pro-max-256gb-polar;;
Bündel;iPhone 18 Pro Max;256;Vodafone;netzbetreiber;Mobil XS;XS;neu;1,00;23,95;66,00;;24;0,00;24;2159,80;;2026-10-10;https://www.vodafone.de/privat/handys/iphone-18-pro-max.html;apple-iphone-18-pro-max-256gb-polar;;
Bündel;iPhone 18 Pro Max;256;Vodafone;netzbetreiber;Mobil L;L;neu;1,00;35,86;66,00;;24;0,00;24;2445,64;;2026-10-10;https://www.vodafone.de/privat/handys/iphone-18-pro-max.html;apple-iphone-18-pro-max-256gb-schwarz;;
Bündel;iPhone 18 Pro Max;256;Vodafone;netzbetreiber;Mobil M;M;neu;1,00;29,11;66,00;;24;0,00;24;2283,64;;2026-10-10;https://www.vodafone.de/privat/handys/iphone-18-pro-max.html;apple-iphone-18-pro-max-256gb-schwarz;;
Bündel;iPhone 18 Pro Max;256;Vodafone;netzbetreiber;Mobil S;S;neu;1,00;31,45;66,00;;24;0,00;24;2339,80;;2026-10-10;https://www.vodafone.de/privat/handys/iphone-18-pro-max.html;apple-iphone-18-pro-max-256gb-schwarz;;
Bündel;iPhone 18 Pro Max;256;Vodafone;netzbetreiber;Mobil XL;XL;neu;1,00;48,61;66,00;;24;0,00;24;2751,64;;2026-10-10;https://www.vodafone.de/privat/handys/iphone-18-pro-max.html;apple-iphone-18-pro-max-256gb-schwarz;;
Bündel;iPhone 18 Pro Max;256;Vodafone;netzbetreiber;Mobil XS;XS;neu;1,00;23,95;66,00;;24;0,00;24;2159,80;;2026-10-10;https://www.vodafone.de/privat/handys/iphone-18-pro-max.html;apple-iphone-18-pro-max-256gb-schwarz;;
Bündel;iPhone 18 Pro Max;256;Vodafone;netzbetreiber;Mobil L;L;neu;1,00;35,86;66,00;;24;0,00;24;2445,64;;2026-10-10;https://www.vodafone.de/privat/handys/iphone-18-pro-max.html;apple-iphone-18-pro-max-256gb-silber;;
Bündel;iPhone 18 Pro Max;256;Vodafone;netzbetreiber;Mobil M;M;neu;1,00;29,11;66,00;;24;0,00;24;2283,64;;2026-10-10;https://www.vodafone.de/privat/handys/iphone-18-pro-max.html;apple-iphone-18-pro-max-256gb-silber;;
Bündel;iPhone 18 Pro Max;256;Vodafone;netzbetreiber;Mobil S;S;neu;1,00;31,45;66,00;;24;0,00;24;2339,80;;2026-10-10;https://www.vodafone.de/privat/handys/iphone-18-pro-max.html;apple-iphone-18-pro-max-256gb-silber;;
Bündel;iPhone 18 Pro Max;256;Vodafone;netzbetreiber;Mobil XL;XL;neu;1,00;48,61;66,00;;24;0,00;24;2751,64;;2026-10-10;https://www.vodafone.de/privat/handys/iphone-18-pro-max.html;apple-iphone-18-pro-max-256gb-silber;;
Bündel;iPhone 18 Pro Max;256;Vodafone;netzbetreiber;Mobil XS;XS;neu;1,00;23,95;66,00;;24;0,00;24;2159,80;;2026-10-10;https://www.vodafone.de/privat/handys/iphone-18-pro-max.html;apple-iphone-18-pro-max-256gb-silber;;
Bündel;iPhone 18 Pro Max;512;Vodafone;netzbetreiber;Mobil L;L;neu;1,00;35,86;76,50;;24;0,00;24;2697,64;;2026-10-10;https://www.vodafone.de/privat/handys/iphone-18-pro-max.html;apple-iphone-18-pro-max-512gb-burgunder;;
Bündel;iPhone 18 Pro Max;512;Vodafone;netzbetreiber;Mobil M;M;neu;1,00;29,11;76,50;;24;0,00;24;2535,64;;2026-10-10;https://www.vodafone.de/privat/handys/iphone-18-pro-max.html;apple-iphone-18-pro-max-512gb-burgunder;;
Bündel;iPhone 18 Pro Max;512;Vodafone;netzbetreiber;Mobil S;S;neu;1,00;31,45;76,50;;24;0,00;24;2591,80;;2026-10-10;https://www.vodafone.de/privat/handys/iphone-18-pro-max.html;apple-iphone-18-pro-max-512gb-burgunder;;
Bündel;iPhone 18 Pro Max;512;Vodafone;netzbetreiber;Mobil XL;XL;neu;1,00;48,61;76,50;;24;0,00;24;3003,64;;2026-10-10;https://www.vodafone.de/privat/handys/iphone-18-pro-max.html;apple-iphone-18-pro-max-512gb-burgunder;;
Bündel;iPhone 18 Pro Max;512;Vodafone;netzbetreiber;Mobil XS;XS;neu;1,00;23,95;76,50;;24;0,00;24;2411,80;;2026-10-10;https://www.vodafone.de/privat/handys/iphone-18-pro-max.html;apple-iphone-18-pro-max-512gb-burgunder;;
Bündel;iPhone 18 Pro Max;512;Vodafone;netzbetreiber;Mobil L;L;neu;1,00;35,86;76,50;;24;0,00;24;2697,64;;2026-10-10;https://www.vodafone.de/privat/handys/iphone-18-pro-max.html;apple-iphone-18-pro-max-512gb-polar;;
Bündel;iPhone 18 Pro Max;512;Vodafone;netzbetreiber;Mobil M;M;neu;1,00;29,11;76,50;;24;0,00;24;2535,64;;2026-10-10;https://www.vodafone.de/privat/handys/iphone-18-pro-max.html;apple-iphone-18-pro-max-512gb-polar;;
Bündel;iPhone 18 Pro Max;512;Vodafone;netzbetreiber;Mobil S;S;neu;1,00;31,45;76,50;;24;0,00;24;2591,80;;2026-10-10;https://www.vodafone.de/privat/handys/iphone-18-pro-max.html;apple-iphone-18-pro-max-512gb-polar;;
Bündel;iPhone 18 Pro Max;512;Vodafone;netzbetreiber;Mobil XL;XL;neu;1,00;48,61;76,50;;24;0,00;24;3003,64;;2026-10-10;https://www.vodafone.de/privat/handys/iphone-18-pro-max.html;apple-iphone-18-pro-max-512gb-polar;;
Bündel;iPhone 18 Pro Max;512;Vodafone;netzbetreiber;Mobil XS;XS;neu;1,00;23,95;76,50;;24;0,00;24;2411,80;;2026-10-10;https://www.vodafone.de/privat/handys/iphone-18-pro-max.html;apple-iphone-18-pro-max-512gb-polar;;
Bündel;iPhone 18 Pro Max;512;Vodafone;netzbetreiber;Mobil L;L;neu;1,00;35,86;76,50;;24;0,00;24;2697,64;;2026-10-10;https://www.vodafone.de/privat/handys/iphone-18-pro-max.html;apple-iphone-18-pro-max-512gb-schwarz;;
Bündel;iPhone 18 Pro Max;512;Vodafone;netzbetreiber;Mobil M;M;neu;1,00;29,11;76,50;;24;0,00;24;2535,64;;2026-10-10;https://www.vodafone.de/privat/handys/iphone-18-pro-max.html;apple-iphone-18-pro-max-512gb-schwarz;;
Bündel;iPhone 18 Pro Max;512;Vodafone;netzbetreiber;Mobil S;S;neu;1,00;31,45;76,50;;24;0,00;24;2591,80;;2026-10-10;https://www.vodafone.de/privat/handys/iphone-18-pro-max.html;apple-iphone-18-pro-max-512gb-schwarz;;
Bündel;iPhone 18 Pro Max;512;Vodafone;netzbetreiber;Mobil XL;XL;neu;1,00;48,61;76,50;;24;0,00;24;3003,64;;2026-10-10;https://www.vodafone.de/privat/handys/iphone-18-pro-max.html;apple-iphone-18-pro-max-512gb-schwarz;;
Bündel;iPhone 18 Pro Max;512;Vodafone;netzbetreiber;Mobil XS;XS;neu;1,00;23,95;76,50;;24;0,00;24;2411,80;;2026-10-10;https://www.vodafone.de/privat/handys/iphone-18-pro-max.html;apple-iphone-18-pro-max-512gb-schwarz;;
Bündel;iPhone 18 Pro Max;512;Vodafone;netzbetreiber;Mobil L;L;neu;1,00;35,86;76,50;;24;0,00;24;2697,64;;2026-10-10;https://www.vodafone.de/privat/handys/iphone-18-pro-max.html;apple-iphone-18-pro-max-512gb-silber;;
Bündel;iPhone 18 Pro Max;512;Vodafone;netzbetreiber;Mobil M;M;neu;1,00;29,11;76,50;;24;0,00;24;2535,64;;2026-10-10;https://www.vodafone.de/privat/handys/iphone-18-pro-max.html;apple-iphone-18-pro-max-512gb-silber;;
Bündel;iPhone 18 Pro Max;512;Vodafone;netzbetreiber;Mobil S;S;neu;1,00;31,45;76,50;;24;0,00;24;2591,80;;2026-10-10;https://www.vodafone.de/privat/handys/iphone-18-pro-max.html;apple-iphone-18-pro-max-512gb-silber;;
Bündel;iPhone 18 Pro Max;512;Vodafone;netzbetreiber;Mobil XL;XL;neu;1,00;48,61;76,50;;24;0,00;24;3003,64;;2026-10-10;https://www.vodafone.de/privat/handys/iphone-18-pro-max.html;apple-iphone-18-pro-max-512gb-silber;;
Bündel;iPhone 18 Pro Max;512;Vodafone;netzbetreiber;Mobil XS;XS;neu;1,00;23,95;76,50;;24;0,00;24;2411,80;;2026-10-10;https://www.vodafone.de/privat/handys/iphone-18-pro-max.html;apple-iphone-18-pro-max-512gb-silber;;
Bündel;iPhone Air;1024;Vodafone;netzbetreiber;Mobil L;L;neu;1,00;35,86;52,50;;24;0,00;24;2121,64;;2026-10-10;https://www.vodafone.de/privat/handys/iphone-air.html;apple-iphone-air-1024gb-himmelblau;;
Bündel;iPhone Air;1024;Vodafone;netzbetreiber;Mobil M;M;neu;1,00;29,11;52,50;;24;0,00;24;1959,64;;2026-10-10;https://www.vodafone.de/privat/handys/iphone-air.html;apple-iphone-air-1024gb-himmelblau;;
Bündel;iPhone Air;1024;Vodafone;netzbetreiber;Mobil S;S;neu;1,00;31,45;52,50;;24;0,00;24;2015,80;;2026-10-10;https://www.vodafone.de/privat/handys/iphone-air.html;apple-iphone-air-1024gb-himmelblau;;
Bündel;iPhone Air;1024;Vodafone;netzbetreiber;Mobil XL;XL;neu;1,00;48,61;52,50;;24;0,00;24;2427,64;;2026-10-10;https://www.vodafone.de/privat/handys/iphone-air.html;apple-iphone-air-1024gb-himmelblau;;
Bündel;iPhone Air;1024;Vodafone;netzbetreiber;Mobil XS;XS;neu;1,00;23,95;52,50;;24;0,00;24;1835,80;;2026-10-10;https://www.vodafone.de/privat/handys/iphone-air.html;apple-iphone-air-1024gb-himmelblau;;
Bündel;iPhone Air;1024;Vodafone;netzbetreiber;Mobil L;L;neu;1,00;35,86;52,50;;24;0,00;24;2121,64;;2026-10-10;https://www.vodafone.de/privat/handys/iphone-air.html;apple-iphone-air-1024gb-lichtgold;;
Bündel;iPhone Air;1024;Vodafone;netzbetreiber;Mobil M;M;neu;1,00;29,11;52,50;;24;0,00;24;1959,64;;2026-10-10;https://www.vodafone.de/privat/handys/iphone-air.html;apple-iphone-air-1024gb-lichtgold;;
Bündel;iPhone Air;1024;Vodafone;netzbetreiber;Mobil S;S;neu;1,00;31,45;52,50;;24;0,00;24;2015,80;;2026-10-10;https://www.vodafone.de/privat/handys/iphone-air.html;apple-iphone-air-1024gb-lichtgold;;
Bündel;iPhone Air;1024;Vodafone;netzbetreiber;Mobil XL;XL;neu;1,00;48,61;52,50;;24;0,00;24;2427,64;;2026-10-10;https://www.vodafone.de/privat/handys/iphone-air.html;apple-iphone-air-1024gb-lichtgold;;
Bündel;iPhone Air;1024;Vodafone;netzbetreiber;Mobil XS;XS;neu;1,00;23,95;52,50;;24;0,00;24;1835,80;;2026-10-10;https://www.vodafone.de/privat/handys/iphone-air.html;apple-iphone-air-1024gb-lichtgold;;
Bündel;iPhone Air;1024;Vodafone;netzbetreiber;Mobil L;L;neu;1,00;35,86;52,50;;24;0,00;24;2121,64;;2026-10-10;https://www.vodafone.de/privat/handys/iphone-air.html;apple-iphone-air-1024gb-space-schwarz;;
Bündel;iPhone Air;1024;Vodafone;netzbetreiber;Mobil M;M;neu;1,00;29,11;52,50;;24;0,00;24;1959,64;;2026-10-10;https://www.vodafone.de/privat/handys/iphone-air.html;apple-iphone-air-1024gb-space-schwarz;;
Bündel;iPhone Air;1024;Vodafone;netzbetreiber;Mobil S;S;neu;1,00;31,45;52,50;;24;0,00;24;2015,80;;2026-10-10;https://www.vodafone.de/privat/handys/iphone-air.html;apple-iphone-air-1024gb-space-schwarz;;
Bündel;iPhone Air;1024;Vodafone;netzbetreiber;Mobil XL;XL;neu;1,00;48,61;52,50;;24;0,00;24;2427,64;;2026-10-10;https://www.vodafone.de/privat/handys/iphone-air.html;apple-iphone-air-1024gb-space-schwarz;;
Bündel;iPhone Air;1024;Vodafone;netzbetreiber;Mobil XS;XS;neu;1,00;23,95;52,50;;24;0,00;24;1835,80;;2026-10-10;https://www.vodafone.de/privat/handys/iphone-air.html;apple-iphone-air-1024gb-space-schwarz;;
Bündel;iPhone Air;256;Vodafone;netzbetreiber;Mobil L;L;neu;1,00;35,86;43,50;;24;0,00;24;1905,64;;2026-10-10;https://www.vodafone.de/privat/handys/iphone-air.html;apple-iphone-air-256gb-himmelblau;;
Bündel;iPhone Air;256;Vodafone;netzbetreiber;Mobil M;M;neu;1,00;29,11;43,50;;24;0,00;24;1743,64;;2026-10-10;https://www.vodafone.de/privat/handys/iphone-air.html;apple-iphone-air-256gb-himmelblau;;
Bündel;iPhone Air;256;Vodafone;netzbetreiber;Mobil S;S;neu;1,00;31,45;43,50;;24;0,00;24;1799,80;;2026-10-10;https://www.vodafone.de/privat/handys/iphone-air.html;apple-iphone-air-256gb-himmelblau;;
Bündel;iPhone Air;256;Vodafone;netzbetreiber;Mobil XL;XL;neu;1,00;48,61;43,50;;24;0,00;24;2211,64;;2026-10-10;https://www.vodafone.de/privat/handys/iphone-air.html;apple-iphone-air-256gb-himmelblau;;
Bündel;iPhone Air;256;Vodafone;netzbetreiber;Mobil XS;XS;neu;1,00;23,95;43,50;;24;0,00;24;1619,80;;2026-10-10;https://www.vodafone.de/privat/handys/iphone-air.html;apple-iphone-air-256gb-himmelblau;;
Bündel;iPhone Air;256;Vodafone;netzbetreiber;Mobil L;L;neu;1,00;35,86;43,50;;24;0,00;24;1905,64;;2026-10-10;https://www.vodafone.de/privat/handys/iphone-air.html;apple-iphone-air-256gb-space-schwarz;;
Bündel;iPhone Air;256;Vodafone;netzbetreiber;Mobil M;M;neu;1,00;29,11;43,50;;24;0,00;24;1743,64;;2026-10-10;https://www.vodafone.de/privat/handys/iphone-air.html;apple-iphone-air-256gb-space-schwarz;;
Bündel;iPhone Air;256;Vodafone;netzbetreiber;Mobil S;S;neu;1,00;31,45;43,50;;24;0,00;24;1799,80;;2026-10-10;https://www.vodafone.de/privat/handys/iphone-air.html;apple-iphone-air-256gb-space-schwarz;;
Bündel;iPhone Air;256;Vodafone;netzbetreiber;Mobil XL;XL;neu;1,00;48,61;43,50;;24;0,00;24;2211,64;;2026-10-10;https://www.vodafone.de/privat/handys/iphone-air.html;apple-iphone-air-256gb-space-schwarz;;
Bündel;iPhone Air;256;Vodafone;netzbetreiber;Mobil XS;XS;neu;1,00;23,95;43,50;;24;0,00;24;1619,80;;2026-10-10;https://www.vodafone.de/privat/handys/iphone-air.html;apple-iphone-air-256gb-space-schwarz;;
Bündel;iPhone Air;256;Vodafone;netzbetreiber;Mobil M;M;neu;0,99;51,95;39,00;;24;0,00;24;2183,79;;2026-09-11;https://www.vodafone.de/privat/handys/iphone-air.html;apple-iphone-air-256gb-wolkenweiss;veraltet;
Bündel;iPhone Air;512;Vodafone;netzbetreiber;Mobil L;L;neu;1,00;35,86;43,50;;24;0,00;24;1905,64;;2026-10-10;https://www.vodafone.de/privat/handys/iphone-air.html;apple-iphone-air-512gb-himmelblau;;
Bündel;iPhone Air;512;Vodafone;netzbetreiber;Mobil M;M;neu;1,00;29,11;43,50;;24;0,00;24;1743,64;;2026-10-10;https://www.vodafone.de/privat/handys/iphone-air.html;apple-iphone-air-512gb-himmelblau;;
Bündel;iPhone Air;512;Vodafone;netzbetreiber;Mobil S;S;neu;1,00;31,45;43,50;;24;0,00;24;1799,80;;2026-10-10;https://www.vodafone.de/privat/handys/iphone-air.html;apple-iphone-air-512gb-himmelblau;;
Bündel;iPhone Air;512;Vodafone;netzbetreiber;Mobil XL;XL;neu;1,00;48,61;43,50;;24;0,00;24;2211,64;;2026-10-10;https://www.vodafone.de/privat/handys/iphone-air.html;apple-iphone-air-512gb-himmelblau;;
Bündel;iPhone Air;512;Vodafone;netzbetreiber;Mobil XS;XS;neu;1,00;23,95;43,50;;24;0,00;24;1619,80;;2026-10-10;https://www.vodafone.de/privat/handys/iphone-air.html;apple-iphone-air-512gb-himmelblau;;
Bündel;iPhone Air;512;Vodafone;netzbetreiber;Mobil L;L;neu;1,00;61,95;43,50;;24;0,00;24;2531,80;;2026-09-30;https://www.vodafone.de/privat/handys/iphone-air.html;apple-iphone-air-512gb-lichtgold;veraltet;
Bündel;iPhone Air;512;Vodafone;netzbetreiber;Mobil M;M;neu;1,00;51,95;43,50;;24;0,00;24;2291,80;;2026-09-30;https://www.vodafone.de/privat/handys/iphone-air.html;apple-iphone-air-512gb-lichtgold;veraltet;
Bündel;iPhone Air;512;Vodafone;netzbetreiber;Mobil S;S;neu;1,00;41,95;43,50;;24;0,00;24;2051,80;;2026-09-30;https://www.vodafone.de/privat/handys/iphone-air.html;apple-iphone-air-512gb-lichtgold;veraltet;
Bündel;iPhone Air;512;Vodafone;netzbetreiber;Mobil XL;XL;neu;1,00;81,95;43,50;;24;0,00;24;3011,80;;2026-09-30;https://www.vodafone.de/privat/handys/iphone-air.html;apple-iphone-air-512gb-lichtgold;veraltet;
Bündel;iPhone Air;512;Vodafone;netzbetreiber;Mobil XS;XS;neu;1,00;31,95;43,50;;24;0,00;24;1811,80;;2026-09-30;https://www.vodafone.de/privat/handys/iphone-air.html;apple-iphone-air-512gb-lichtgold;veraltet;
Bündel;iPhone Air;512;Vodafone;netzbetreiber;Mobil L;L;neu;1,00;35,86;43,50;;24;0,00;24;1905,64;;2026-10-10;https://www.vodafone.de/privat/handys/iphone-air.html;apple-iphone-air-512gb-space-schwarz;;
Bündel;iPhone Air;512;Vodafone;netzbetreiber;Mobil M;M;neu;1,00;29,11;43,50;;24;0,00;24;1743,64;;2026-10-10;https://www.vodafone.de/privat/handys/iphone-air.html;apple-iphone-air-512gb-space-schwarz;;
Bündel;iPhone Air;512;Vodafone;netzbetreiber;Mobil S;S;neu;1,00;31,45;43,50;;24;0,00;24;1799,80;;2026-10-10;https://www.vodafone.de/privat/handys/iphone-air.html;apple-iphone-air-512gb-space-schwarz;;
Bündel;iPhone Air;512;Vodafone;netzbetreiber;Mobil XL;XL;neu;1,00;48,61;43,50;;24;0,00;24;2211,64;;2026-10-10;https://www.vodafone.de/privat/handys/iphone-air.html;apple-iphone-air-512gb-space-schwarz;;
Bündel;iPhone Air;512;Vodafone;netzbetreiber;Mobil XS;XS;neu;1,00;23,95;43,50;;24;0,00;24;1619,80;;2026-10-10;https://www.vodafone.de/privat/handys/iphone-air.html;apple-iphone-air-512gb-space-schwarz;;
Bündel;Fairphone 6;256;Vodafone;netzbetreiber;Mobil L;L;neu;1,00;35,86;22,50;;24;0,00;24;1401,64;;2026-10-10;https://www.vodafone.de/privat/handys/fairphone-6.html;fairphone-6-256gb-horizon-black;;
Bündel;Fairphone 6;256;Vodafone;netzbetreiber;Mobil M;M;neu;1,00;29,11;22,50;;24;0,00;24;1239,64;;2026-10-10;https://www.vodafone.de/privat/handys/fairphone-6.html;fairphone-6-256gb-horizon-black;;
Bündel;Fairphone 6;256;Vodafone;netzbetreiber;Mobil S;S;neu;1,00;29,95;22,50;;24;0,00;24;1259,80;;2026-10-10;https://www.vodafone.de/privat/handys/fairphone-6.html;fairphone-6-256gb-horizon-black;;
Bündel;Fairphone 6;256;Vodafone;netzbetreiber;Mobil XL;XL;neu;1,00;48,61;22,50;;24;0,00;24;1707,64;;2026-10-10;https://www.vodafone.de/privat/handys/fairphone-6.html;fairphone-6-256gb-horizon-black;;
Bündel;Fairphone 6;256;Vodafone;netzbetreiber;Mobil XS;XS;neu;1,00;23,95;22,50;;24;0,00;24;1115,80;;2026-10-10;https://www.vodafone.de/privat/handys/fairphone-6.html;fairphone-6-256gb-horizon-black;;
Bündel;Pixel 10;128;Vodafone;netzbetreiber;Mobil L;L;neu;1,00;35,86;24,00;;24;0,00;24;1437,64;;2026-10-10;https://www.vodafone.de/privat/handys/google-pixel-10.html;google-pixel-10-128gb-schwarz;;
Bündel;Pixel 10;128;Vodafone;netzbetreiber;Mobil M;M;neu;1,00;29,11;24,00;;24;0,00;24;1275,64;;2026-10-10;https://www.vodafone.de/privat/handys/google-pixel-10.html;google-pixel-10-128gb-schwarz;;
Bündel;Pixel 10;128;Vodafone;netzbetreiber;Mobil S;S;neu;1,00;29,95;24,00;;24;0,00;24;1295,80;;2026-10-10;https://www.vodafone.de/privat/handys/google-pixel-10.html;google-pixel-10-128gb-schwarz;;
Bündel;Pixel 10;128;Vodafone;netzbetreiber;Mobil XL;XL;neu;1,00;48,61;24,00;;24;0,00;24;1743,64;;2026-10-10;https://www.vodafone.de/privat/handys/google-pixel-10.html;google-pixel-10-128gb-schwarz;;
Bündel;Pixel 10;128;Vodafone;netzbetreiber;Mobil XS;XS;neu;1,00;23,95;24,00;;24;0,00;24;1151,80;;2026-10-10;https://www.vodafone.de/privat/handys/google-pixel-10.html;google-pixel-10-128gb-schwarz;;
Bündel;Pixel 10 Pro;128;Vodafone;netzbetreiber;Mobil M;M;neu;1,00;51,95;28,50;;24;0,00;24;1931,80;;2026-09-24;https://www.vodafone.de/privat/handys/google-pixel-10-pro.html;google-pixel-10-pro-128gb-schwarz;veraltet;
Bündel;Pixel 10 Pro XL;256;Vodafone;netzbetreiber;Mobil M;M;neu;1,00;51,95;34,50;;24;0,00;24;2075,80;;2026-09-16;https://www.vodafone.de/privat/handys/google-pixel-10-pro-xl.html;google-pixel-10-pro-xl-256gb-schwarz;veraltet;
Bündel;Pixel 10a;128;Vodafone;netzbetreiber;Mobil L;L;neu;1,00;35,86;21,75;;24;0,00;24;1383,64;;2026-10-10;https://www.vodafone.de/privat/handys/google-pixel-10a.html;google-pixel-10a-128gb-berry;;
Bündel;Pixel 10a;128;Vodafone;netzbetreiber;Mobil M;M;neu;1,00;29,11;21,75;;24;0,00;24;1221,64;;2026-10-10;https://www.vodafone.de/privat/handys/google-pixel-10a.html;google-pixel-10a-128gb-berry;;
Bündel;Pixel 10a;128;Vodafone;netzbetreiber;Mobil S;S;neu;1,00;29,95;21,75;;24;0,00;24;1241,80;;2026-10-10;https://www.vodafone.de/privat/handys/google-pixel-10a.html;google-pixel-10a-128gb-berry;;
Bündel;Pixel 10a;128;Vodafone;netzbetreiber;Mobil XL;XL;neu;1,00;48,61;21,75;;24;0,00;24;1689,64;;2026-10-10;https://www.vodafone.de/privat/handys/google-pixel-10a.html;google-pixel-10a-128gb-berry;;
Bündel;Pixel 10a;128;Vodafone;netzbetreiber;Mobil XS;XS;neu;1,00;23,95;21,75;;24;0,00;24;1097,80;;2026-10-10;https://www.vodafone.de/privat/handys/google-pixel-10a.html;google-pixel-10a-128gb-berry;;
Bündel;Pixel 10a;128;Vodafone;netzbetreiber;Mobil L;L;neu;1,00;35,86;21,75;;24;0,00;24;1383,64;;2026-10-10;https://www.vodafone.de/privat/handys/google-pixel-10a.html;google-pixel-10a-128gb-fog;;
Bündel;Pixel 10a;128;Vodafone;netzbetreiber;Mobil M;M;neu;1,00;29,11;21,75;;24;0,00;24;1221,64;;2026-10-10;https://www.vodafone.de/privat/handys/google-pixel-10a.html;google-pixel-10a-128gb-fog;;
Bündel;Pixel 10a;128;Vodafone;netzbetreiber;Mobil S;S;neu;1,00;29,95;21,75;;24;0,00;24;1241,80;;2026-10-10;https://www.vodafone.de/privat/handys/google-pixel-10a.html;google-pixel-10a-128gb-fog;;
Bündel;Pixel 10a;128;Vodafone;netzbetreiber;Mobil XL;XL;neu;1,00;48,61;21,75;;24;0,00;24;1689,64;;2026-10-10;https://www.vodafone.de/privat/handys/google-pixel-10a.html;google-pixel-10a-128gb-fog;;
Bündel;Pixel 10a;128;Vodafone;netzbetreiber;Mobil XS;XS;neu;1,00;23,95;21,75;;24;0,00;24;1097,80;;2026-10-10;https://www.vodafone.de/privat/handys/google-pixel-10a.html;google-pixel-10a-128gb-fog;;
Bündel;Pixel 10a;128;Vodafone;netzbetreiber;Mobil L;L;neu;1,00;35,86;21,75;;24;0,00;24;1383,64;;2026-10-10;https://www.vodafone.de/privat/handys/google-pixel-10a.html;google-pixel-10a-128gb-schwarz;;
Bündel;Pixel 10a;128;Vodafone;netzbetreiber;Mobil M;M;neu;1,00;29,11;21,75;;24;0,00;24;1221,64;;2026-10-10;https://www.vodafone.de/privat/handys/google-pixel-10a.html;google-pixel-10a-128gb-schwarz;;
Bündel;Pixel 10a;128;Vodafone;netzbetreiber;Mobil S;S;neu;1,00;29,95;21,75;;24;0,00;24;1241,80;;2026-10-10;https://www.vodafone.de/privat/handys/google-pixel-10a.html;google-pixel-10a-128gb-schwarz;;
Bündel;Pixel 10a;128;Vodafone;netzbetreiber;Mobil XL;XL;neu;1,00;48,61;21,75;;24;0,00;24;1689,64;;2026-10-10;https://www.vodafone.de/privat/handys/google-pixel-10a.html;google-pixel-10a-128gb-schwarz;;
Bündel;Pixel 10a;128;Vodafone;netzbetreiber;Mobil XS;XS;neu;1,00;23,95;21,75;;24;0,00;24;1097,80;;2026-10-10;https://www.vodafone.de/privat/handys/google-pixel-10a.html;google-pixel-10a-128gb-schwarz;;
Bündel;Pixel 10a;128;Vodafone;netzbetreiber;Mobil L;L;neu;1,00;35,86;21,75;;24;0,00;24;1383,64;;2026-10-10;https://www.vodafone.de/privat/handys/google-pixel-10a.html;google-pixel-10a-128gb-violett;;
Bündel;Pixel 10a;128;Vodafone;netzbetreiber;Mobil M;M;neu;1,00;29,11;21,75;;24;0,00;24;1221,64;;2026-10-10;https://www.vodafone.de/privat/handys/google-pixel-10a.html;google-pixel-10a-128gb-violett;;
Bündel;Pixel 10a;128;Vodafone;netzbetreiber;Mobil S;S;neu;1,00;29,95;21,75;;24;0,00;24;1241,80;;2026-10-10;https://www.vodafone.de/privat/handys/google-pixel-10a.html;google-pixel-10a-128gb-violett;;
Bündel;Pixel 10a;128;Vodafone;netzbetreiber;Mobil XL;XL;neu;1,00;48,61;21,75;;24;0,00;24;1689,64;;2026-10-10;https://www.vodafone.de/privat/handys/google-pixel-10a.html;google-pixel-10a-128gb-violett;;
Bündel;Pixel 10a;128;Vodafone;netzbetreiber;Mobil XS;XS;neu;1,00;23,95;21,75;;24;0,00;24;1097,80;;2026-10-10;https://www.vodafone.de/privat/handys/google-pixel-10a.html;google-pixel-10a-128gb-violett;;
Bündel;Pixel 10a;256;Vodafone;netzbetreiber;Mobil L;L;neu;1,00;35,86;25,50;;24;0,00;24;1473,64;;2026-10-10;https://www.vodafone.de/privat/handys/google-pixel-10a.html;google-pixel-10a-256gb-schwarz;;
Bündel;Pixel 10a;256;Vodafone;netzbetreiber;Mobil M;M;neu;1,00;29,11;25,50;;24;0,00;24;1311,64;;2026-10-10;https://www.vodafone.de/privat/handys/google-pixel-10a.html;google-pixel-10a-256gb-schwarz;;
Bündel;Pixel 10a;256;Vodafone;netzbetreiber;Mobil S;S;neu;1,00;29,95;25,50;;24;0,00;24;1331,80;;2026-10-10;https://www.vodafone.de/privat/handys/google-pixel-10a.html;google-pixel-10a-256gb-schwarz;;
Bündel;Pixel 10a;256;Vodafone;netzbetreiber;Mobil XL;XL;neu;1,00;48,61;25,50;;24;0,00;24;1779,64;;2026-10-10;https://www.vodafone.de/privat/handys/google-pixel-10a.html;google-pixel-10a-256gb-schwarz;;
Bündel;Pixel 10a;256;Vodafone;netzbetreiber;Mobil XS;XS;neu;1,00;23,95;25,50;;24;0,00;24;1187,80;;2026-10-10;https://www.vodafone.de/privat/handys/google-pixel-10a.html;google-pixel-10a-256gb-schwarz;;
Bündel;Pixel 11;256;Vodafone;netzbetreiber;Mobil L;L;neu;0,99;35,86;35,25;;24;0,00;24;1707,63;;2026-10-10;https://www.vodafone.de/privat/handys/google-pixel-11.html;google-pixel-11-256gb-frost;;
Bündel;Pixel 11;256;Vodafone;netzbetreiber;Mobil M;M;neu;0,99;29,11;35,25;;24;0,00;24;1545,63;;2026-10-10;https://www.vodafone.de/privat/handys/google-pixel-11.html;google-pixel-11-256gb-frost;;
Bündel;Pixel 11;256;Vodafone;netzbetreiber;Mobil S;S;neu;0,99;31,45;35,25;;24;0,00;24;1601,79;;2026-10-10;https://www.vodafone.de/privat/handys/google-pixel-11.html;google-pixel-11-256gb-frost;;
Bündel;Pixel 11;256;Vodafone;netzbetreiber;Mobil XL;XL;neu;0,99;48,61;35,25;;24;0,00;24;2013,63;;2026-10-10;https://www.vodafone.de/privat/handys/google-pixel-11.html;google-pixel-11-256gb-frost;;
Bündel;Pixel 11;256;Vodafone;netzbetreiber;Mobil XS;XS;neu;0,99;23,95;35,25;;24;0,00;24;1421,79;;2026-10-10;https://www.vodafone.de/privat/handys/google-pixel-11.html;google-pixel-11-256gb-frost;;
Bündel;Pixel 11;256;Vodafone;netzbetreiber;Mobil L;L;neu;0,99;35,86;35,25;;24;0,00;24;1707,63;;2026-10-10;https://www.vodafone.de/privat/handys/google-pixel-11.html;google-pixel-11-256gb-hibiscus;;
Bündel;Pixel 11;256;Vodafone;netzbetreiber;Mobil M;M;neu;0,99;29,11;35,25;;24;0,00;24;1545,63;;2026-10-10;https://www.vodafone.de/privat/handys/google-pixel-11.html;google-pixel-11-256gb-hibiscus;;
Bündel;Pixel 11;256;Vodafone;netzbetreiber;Mobil S;S;neu;0,99;31,45;35,25;;24;0,00;24;1601,79;;2026-10-10;https://www.vodafone.de/privat/handys/google-pixel-11.html;google-pixel-11-256gb-hibiscus;;
Bündel;Pixel 11;256;Vodafone;netzbetreiber;Mobil XL;XL;neu;0,99;48,61;35,25;;24;0,00;24;2013,63;;2026-10-10;https://www.vodafone.de/privat/handys/google-pixel-11.html;google-pixel-11-256gb-hibiscus;;
Bündel;Pixel 11;256;Vodafone;netzbetreiber;Mobil XS;XS;neu;0,99;23,95;35,25;;24;0,00;24;1421,79;;2026-10-10;https://www.vodafone.de/privat/handys/google-pixel-11.html;google-pixel-11-256gb-hibiscus;;
Bündel;Pixel 11;256;Vodafone;netzbetreiber;Mobil L;L;neu;0,99;35,86;35,25;;24;0,00;24;1707,63;;2026-10-10;https://www.vodafone.de/privat/handys/google-pixel-11.html;google-pixel-11-256gb-pistachio;;
Bündel;Pixel 11;256;Vodafone;netzbetreiber;Mobil M;M;neu;0,99;29,11;35,25;;24;0,00;24;1545,63;;2026-10-10;https://www.vodafone.de/privat/handys/google-pixel-11.html;google-pixel-11-256gb-pistachio;;
Bündel;Pixel 11;256;Vodafone;netzbetreiber;Mobil S;S;neu;0,99;31,45;35,25;;24;0,00;24;1601,79;;2026-10-10;https://www.vodafone.de/privat/handys/google-pixel-11.html;google-pixel-11-256gb-pistachio;;
Bündel;Pixel 11;256;Vodafone;netzbetreiber;Mobil XL;XL;neu;0,99;48,61;35,25;;24;0,00;24;2013,63;;2026-10-10;https://www.vodafone.de/privat/handys/google-pixel-11.html;google-pixel-11-256gb-pistachio;;
Bündel;Pixel 11;256;Vodafone;netzbetreiber;Mobil XS;XS;neu;0,99;23,95;35,25;;24;0,00;24;1421,79;;2026-10-10;https://www.vodafone.de/privat/handys/google-pixel-11.html;google-pixel-11-256gb-pistachio;;
Bündel;Pixel 11;256;Vodafone;netzbetreiber;Mobil L;L;neu;0,99;35,86;35,25;;24;0,00;24;1707,63;;2026-10-10;https://www.vodafone.de/privat/handys/google-pixel-11.html;google-pixel-11-256gb-schwarz;;
Bündel;Pixel 11;256;Vodafone;netzbetreiber;Mobil M;M;neu;0,99;29,11;35,25;;24;0,00;24;1545,63;;2026-10-10;https://www.vodafone.de/privat/handys/google-pixel-11.html;google-pixel-11-256gb-schwarz;;
Bündel;Pixel 11;256;Vodafone;netzbetreiber;Mobil S;S;neu;0,99;31,45;35,25;;24;0,00;24;1601,79;;2026-10-10;https://www.vodafone.de/privat/handys/google-pixel-11.html;google-pixel-11-256gb-schwarz;;
Bündel;Pixel 11;256;Vodafone;netzbetreiber;Mobil XL;XL;neu;0,99;48,61;35,25;;24;0,00;24;2013,63;;2026-10-10;https://www.vodafone.de/privat/handys/google-pixel-11.html;google-pixel-11-256gb-schwarz;;
Bündel;Pixel 11;256;Vodafone;netzbetreiber;Mobil XS;XS;neu;0,99;23,95;35,25;;24;0,00;24;1421,79;;2026-10-10;https://www.vodafone.de/privat/handys/google-pixel-11.html;google-pixel-11-256gb-schwarz;;
Bündel;Pixel 11;512;Vodafone;netzbetreiber;Mobil L;L;neu;1,00;35,86;40,50;;24;0,00;24;1833,64;;2026-10-10;https://www.vodafone.de/privat/handys/google-pixel-11.html;google-pixel-11-512gb-frost;;
Bündel;Pixel 11;512;Vodafone;netzbetreiber;Mobil M;M;neu;1,00;29,11;40,50;;24;0,00;24;1671,64;;2026-10-10;https://www.vodafone.de/privat/handys/google-pixel-11.html;google-pixel-11-512gb-frost;;
Bündel;Pixel 11;512;Vodafone;netzbetreiber;Mobil S;S;neu;1,00;31,45;40,50;;24;0,00;24;1727,80;;2026-10-10;https://www.vodafone.de/privat/handys/google-pixel-11.html;google-pixel-11-512gb-frost;;
Bündel;Pixel 11;512;Vodafone;netzbetreiber;Mobil XL;XL;neu;1,00;48,61;40,50;;24;0,00;24;2139,64;;2026-10-10;https://www.vodafone.de/privat/handys/google-pixel-11.html;google-pixel-11-512gb-frost;;
Bündel;Pixel 11;512;Vodafone;netzbetreiber;Mobil XS;XS;neu;1,00;23,95;40,50;;24;0,00;24;1547,80;;2026-10-10;https://www.vodafone.de/privat/handys/google-pixel-11.html;google-pixel-11-512gb-frost;;
Bündel;Pixel 11;512;Vodafone;netzbetreiber;Mobil L;L;neu;1,00;35,86;40,50;;24;0,00;24;1833,64;;2026-10-10;https://www.vodafone.de/privat/handys/google-pixel-11.html;google-pixel-11-512gb-schwarz;;
Bündel;Pixel 11;512;Vodafone;netzbetreiber;Mobil M;M;neu;1,00;29,11;40,50;;24;0,00;24;1671,64;;2026-10-10;https://www.vodafone.de/privat/handys/google-pixel-11.html;google-pixel-11-512gb-schwarz;;
Bündel;Pixel 11;512;Vodafone;netzbetreiber;Mobil S;S;neu;1,00;31,45;40,50;;24;0,00;24;1727,80;;2026-10-10;https://www.vodafone.de/privat/handys/google-pixel-11.html;google-pixel-11-512gb-schwarz;;
Bündel;Pixel 11;512;Vodafone;netzbetreiber;Mobil XL;XL;neu;1,00;48,61;40,50;;24;0,00;24;2139,64;;2026-10-10;https://www.vodafone.de/privat/handys/google-pixel-11.html;google-pixel-11-512gb-schwarz;;
Bündel;Pixel 11;512;Vodafone;netzbetreiber;Mobil XS;XS;neu;1,00;23,95;40,50;;24;0,00;24;1547,80;;2026-10-10;https://www.vodafone.de/privat/handys/google-pixel-11.html;google-pixel-11-512gb-schwarz;;
Bündel;Pixel 11 Pro;256;Vodafone;netzbetreiber;Mobil L;L;neu;1,00;35,86;44,25;;24;0,00;24;1923,64;;2026-10-10;https://www.vodafone.de/privat/handys/google-pixel-11-pro.html;google-pixel-11-pro-256gb-canyon;;
Bündel;Pixel 11 Pro;256;Vodafone;netzbetreiber;Mobil M;M;neu;1,00;29,11;44,25;;24;0,00;24;1761,64;;2026-10-10;https://www.vodafone.de/privat/handys/google-pixel-11-pro.html;google-pixel-11-pro-256gb-canyon;;
Bündel;Pixel 11 Pro;256;Vodafone;netzbetreiber;Mobil S;S;neu;1,00;31,45;44,25;;24;0,00;24;1817,80;;2026-10-10;https://www.vodafone.de/privat/handys/google-pixel-11-pro.html;google-pixel-11-pro-256gb-canyon;;
Bündel;Pixel 11 Pro;256;Vodafone;netzbetreiber;Mobil XL;XL;neu;1,00;48,61;44,25;;24;0,00;24;2229,64;;2026-10-10;https://www.vodafone.de/privat/handys/google-pixel-11-pro.html;google-pixel-11-pro-256gb-canyon;;
Bündel;Pixel 11 Pro;256;Vodafone;netzbetreiber;Mobil XS;XS;neu;1,00;23,95;44,25;;24;0,00;24;1637,80;;2026-10-10;https://www.vodafone.de/privat/handys/google-pixel-11-pro.html;google-pixel-11-pro-256gb-canyon;;
Bündel;Pixel 11 Pro;256;Vodafone;netzbetreiber;Mobil L;L;neu;1,00;35,86;44,25;;24;0,00;24;1923,64;;2026-10-10;https://www.vodafone.de/privat/handys/google-pixel-11-pro.html;google-pixel-11-pro-256gb-fog;;
Bündel;Pixel 11 Pro;256;Vodafone;netzbetreiber;Mobil M;M;neu;1,00;29,11;44,25;;24;0,00;24;1761,64;;2026-10-10;https://www.vodafone.de/privat/handys/google-pixel-11-pro.html;google-pixel-11-pro-256gb-fog;;
Bündel;Pixel 11 Pro;256;Vodafone;netzbetreiber;Mobil S;S;neu;1,00;31,45;44,25;;24;0,00;24;1817,80;;2026-10-10;https://www.vodafone.de/privat/handys/google-pixel-11-pro.html;google-pixel-11-pro-256gb-fog;;
Bündel;Pixel 11 Pro;256;Vodafone;netzbetreiber;Mobil XL;XL;neu;1,00;48,61;44,25;;24;0,00;24;2229,64;;2026-10-10;https://www.vodafone.de/privat/handys/google-pixel-11-pro.html;google-pixel-11-pro-256gb-fog;;
Bündel;Pixel 11 Pro;256;Vodafone;netzbetreiber;Mobil XS;XS;neu;1,00;23,95;44,25;;24;0,00;24;1637,80;;2026-10-10;https://www.vodafone.de/privat/handys/google-pixel-11-pro.html;google-pixel-11-pro-256gb-fog;;
Bündel;Pixel 11 Pro;256;Vodafone;netzbetreiber;Mobil L;L;neu;1,00;35,86;44,25;;24;0,00;24;1923,64;;2026-10-10;https://www.vodafone.de/privat/handys/google-pixel-11-pro.html;google-pixel-11-pro-256gb-olive;;
Bündel;Pixel 11 Pro;256;Vodafone;netzbetreiber;Mobil M;M;neu;1,00;29,11;44,25;;24;0,00;24;1761,64;;2026-10-10;https://www.vodafone.de/privat/handys/google-pixel-11-pro.html;google-pixel-11-pro-256gb-olive;;
Bündel;Pixel 11 Pro;256;Vodafone;netzbetreiber;Mobil S;S;neu;1,00;31,45;44,25;;24;0,00;24;1817,80;;2026-10-10;https://www.vodafone.de/privat/handys/google-pixel-11-pro.html;google-pixel-11-pro-256gb-olive;;
Bündel;Pixel 11 Pro;256;Vodafone;netzbetreiber;Mobil XL;XL;neu;1,00;48,61;44,25;;24;0,00;24;2229,64;;2026-10-10;https://www.vodafone.de/privat/handys/google-pixel-11-pro.html;google-pixel-11-pro-256gb-olive;;
Bündel;Pixel 11 Pro;256;Vodafone;netzbetreiber;Mobil XS;XS;neu;1,00;23,95;44,25;;24;0,00;24;1637,80;;2026-10-10;https://www.vodafone.de/privat/handys/google-pixel-11-pro.html;google-pixel-11-pro-256gb-olive;;
Bündel;Pixel 11 Pro;256;Vodafone;netzbetreiber;Mobil L;L;neu;1,00;35,86;44,25;;24;0,00;24;1923,64;;2026-10-10;https://www.vodafone.de/privat/handys/google-pixel-11-pro.html;google-pixel-11-pro-256gb-schwarz;;
Bündel;Pixel 11 Pro;256;Vodafone;netzbetreiber;Mobil M;M;neu;1,00;29,11;44,25;;24;0,00;24;1761,64;;2026-10-10;https://www.vodafone.de/privat/handys/google-pixel-11-pro.html;google-pixel-11-pro-256gb-schwarz;;
Bündel;Pixel 11 Pro;256;Vodafone;netzbetreiber;Mobil S;S;neu;1,00;31,45;44,25;;24;0,00;24;1817,80;;2026-10-10;https://www.vodafone.de/privat/handys/google-pixel-11-pro.html;google-pixel-11-pro-256gb-schwarz;;
Bündel;Pixel 11 Pro;256;Vodafone;netzbetreiber;Mobil XL;XL;neu;1,00;48,61;44,25;;24;0,00;24;2229,64;;2026-10-10;https://www.vodafone.de/privat/handys/google-pixel-11-pro.html;google-pixel-11-pro-256gb-schwarz;;
Bündel;Pixel 11 Pro;256;Vodafone;netzbetreiber;Mobil XS;XS;neu;1,00;23,95;44,25;;24;0,00;24;1637,80;;2026-10-10;https://www.vodafone.de/privat/handys/google-pixel-11-pro.html;google-pixel-11-pro-256gb-schwarz;;
Bündel;Pixel 11 Pro;512;Vodafone;netzbetreiber;Mobil L;L;neu;1,00;35,86;49,50;;24;0,00;24;2049,64;;2026-10-10;https://www.vodafone.de/privat/handys/google-pixel-11-pro.html;google-pixel-11-pro-512gb-canyon;;
Bündel;Pixel 11 Pro;512;Vodafone;netzbetreiber;Mobil M;M;neu;1,00;29,11;49,50;;24;0,00;24;1887,64;;2026-10-10;https://www.vodafone.de/privat/handys/google-pixel-11-pro.html;google-pixel-11-pro-512gb-canyon;;
Bündel;Pixel 11 Pro;512;Vodafone;netzbetreiber;Mobil S;S;neu;1,00;31,45;49,50;;24;0,00;24;1943,80;;2026-10-10;https://www.vodafone.de/privat/handys/google-pixel-11-pro.html;google-pixel-11-pro-512gb-canyon;;
Bündel;Pixel 11 Pro;512;Vodafone;netzbetreiber;Mobil XL;XL;neu;1,00;48,61;49,50;;24;0,00;24;2355,64;;2026-10-10;https://www.vodafone.de/privat/handys/google-pixel-11-pro.html;google-pixel-11-pro-512gb-canyon;;
Bündel;Pixel 11 Pro;512;Vodafone;netzbetreiber;Mobil XS;XS;neu;1,00;23,95;49,50;;24;0,00;24;1763,80;;2026-10-10;https://www.vodafone.de/privat/handys/google-pixel-11-pro.html;google-pixel-11-pro-512gb-canyon;;
Bündel;Pixel 11 Pro;512;Vodafone;netzbetreiber;Mobil L;L;neu;1,00;35,86;49,50;;24;0,00;24;2049,64;;2026-10-10;https://www.vodafone.de/privat/handys/google-pixel-11-pro.html;google-pixel-11-pro-512gb-fog;;
Bündel;Pixel 11 Pro;512;Vodafone;netzbetreiber;Mobil M;M;neu;1,00;29,11;49,50;;24;0,00;24;1887,64;;2026-10-10;https://www.vodafone.de/privat/handys/google-pixel-11-pro.html;google-pixel-11-pro-512gb-fog;;
Bündel;Pixel 11 Pro;512;Vodafone;netzbetreiber;Mobil S;S;neu;1,00;31,45;49,50;;24;0,00;24;1943,80;;2026-10-10;https://www.vodafone.de/privat/handys/google-pixel-11-pro.html;google-pixel-11-pro-512gb-fog;;
Bündel;Pixel 11 Pro;512;Vodafone;netzbetreiber;Mobil XL;XL;neu;1,00;48,61;49,50;;24;0,00;24;2355,64;;2026-10-10;https://www.vodafone.de/privat/handys/google-pixel-11-pro.html;google-pixel-11-pro-512gb-fog;;
Bündel;Pixel 11 Pro;512;Vodafone;netzbetreiber;Mobil XS;XS;neu;1,00;23,95;49,50;;24;0,00;24;1763,80;;2026-10-10;https://www.vodafone.de/privat/handys/google-pixel-11-pro.html;google-pixel-11-pro-512gb-fog;;
Bündel;Pixel 11 Pro;512;Vodafone;netzbetreiber;Mobil L;L;neu;1,00;35,86;49,50;;24;0,00;24;2049,64;;2026-10-10;https://www.vodafone.de/privat/handys/google-pixel-11-pro.html;google-pixel-11-pro-512gb-olive;;
Bündel;Pixel 11 Pro;512;Vodafone;netzbetreiber;Mobil M;M;neu;1,00;29,11;49,50;;24;0,00;24;1887,64;;2026-10-10;https://www.vodafone.de/privat/handys/google-pixel-11-pro.html;google-pixel-11-pro-512gb-olive;;
Bündel;Pixel 11 Pro;512;Vodafone;netzbetreiber;Mobil S;S;neu;1,00;31,45;49,50;;24;0,00;24;1943,80;;2026-10-10;https://www.vodafone.de/privat/handys/google-pixel-11-pro.html;google-pixel-11-pro-512gb-olive;;
Bündel;Pixel 11 Pro;512;Vodafone;netzbetreiber;Mobil XL;XL;neu;1,00;48,61;49,50;;24;0,00;24;2355,64;;2026-10-10;https://www.vodafone.de/privat/handys/google-pixel-11-pro.html;google-pixel-11-pro-512gb-olive;;
Bündel;Pixel 11 Pro;512;Vodafone;netzbetreiber;Mobil XS;XS;neu;1,00;23,95;49,50;;24;0,00;24;1763,80;;2026-10-10;https://www.vodafone.de/privat/handys/google-pixel-11-pro.html;google-pixel-11-pro-512gb-olive;;
Bündel;Pixel 11 Pro;512;Vodafone;netzbetreiber;Mobil L;L;neu;1,00;35,86;49,50;;24;0,00;24;2049,64;;2026-10-10;https://www.vodafone.de/privat/handys/google-pixel-11-pro.html;google-pixel-11-pro-512gb-schwarz;;
Bündel;Pixel 11 Pro;512;Vodafone;netzbetreiber;Mobil M;M;neu;1,00;29,11;49,50;;24;0,00;24;1887,64;;2026-10-10;https://www.vodafone.de/privat/handys/google-pixel-11-pro.html;google-pixel-11-pro-512gb-schwarz;;
Bündel;Pixel 11 Pro;512;Vodafone;netzbetreiber;Mobil S;S;neu;1,00;31,45;49,50;;24;0,00;24;1943,80;;2026-10-10;https://www.vodafone.de/privat/handys/google-pixel-11-pro.html;google-pixel-11-pro-512gb-schwarz;;
Bündel;Pixel 11 Pro;512;Vodafone;netzbetreiber;Mobil XL;XL;neu;1,00;48,61;49,50;;24;0,00;24;2355,64;;2026-10-10;https://www.vodafone.de/privat/handys/google-pixel-11-pro.html;google-pixel-11-pro-512gb-schwarz;;
Bündel;Pixel 11 Pro;512;Vodafone;netzbetreiber;Mobil XS;XS;neu;1,00;23,95;49,50;;24;0,00;24;1763,80;;2026-10-10;https://www.vodafone.de/privat/handys/google-pixel-11-pro.html;google-pixel-11-pro-512gb-schwarz;;
Bündel;Pixel 11 Pro Fold;256;Vodafone;netzbetreiber;Mobil L;L;neu;1,00;35,86;81,75;;24;0,00;24;2823,64;;2026-10-10;https://www.vodafone.de/privat/handys/google-pixel-11-pro-fold.html;google-pixel-11-pro-fold-256gb-schwarz;;
Bündel;Pixel 11 Pro Fold;256;Vodafone;netzbetreiber;Mobil M;M;neu;1,00;29,11;81,75;;24;0,00;24;2661,64;;2026-10-10;https://www.vodafone.de/privat/handys/google-pixel-11-pro-fold.html;google-pixel-11-pro-fold-256gb-schwarz;;
Bündel;Pixel 11 Pro Fold;256;Vodafone;netzbetreiber;Mobil S;S;neu;1,00;31,45;81,75;;24;0,00;24;2717,80;;2026-10-10;https://www.vodafone.de/privat/handys/google-pixel-11-pro-fold.html;google-pixel-11-pro-fold-256gb-schwarz;;
Bündel;Pixel 11 Pro Fold;256;Vodafone;netzbetreiber;Mobil XL;XL;neu;1,00;48,61;81,75;;24;0,00;24;3129,64;;2026-10-10;https://www.vodafone.de/privat/handys/google-pixel-11-pro-fold.html;google-pixel-11-pro-fold-256gb-schwarz;;
Bündel;Pixel 11 Pro Fold;256;Vodafone;netzbetreiber;Mobil XS;XS;neu;1,00;23,95;81,75;;24;0,00;24;2537,80;;2026-10-10;https://www.vodafone.de/privat/handys/google-pixel-11-pro-fold.html;google-pixel-11-pro-fold-256gb-schwarz;;
Bündel;Pixel 11 Pro XL;256;Vodafone;netzbetreiber;Mobil L;L;neu;1,00;35,86;51,75;;24;0,00;24;2103,64;;2026-10-10;https://www.vodafone.de/privat/handys/google-pixel-11-pro-xl.html;google-pixel-11-pro-xl-256gb-canyon;;
Bündel;Pixel 11 Pro XL;256;Vodafone;netzbetreiber;Mobil M;M;neu;1,00;29,11;51,75;;24;0,00;24;1941,64;;2026-10-10;https://www.vodafone.de/privat/handys/google-pixel-11-pro-xl.html;google-pixel-11-pro-xl-256gb-canyon;;
Bündel;Pixel 11 Pro XL;256;Vodafone;netzbetreiber;Mobil S;S;neu;1,00;31,45;51,75;;24;0,00;24;1997,80;;2026-10-10;https://www.vodafone.de/privat/handys/google-pixel-11-pro-xl.html;google-pixel-11-pro-xl-256gb-canyon;;
Bündel;Pixel 11 Pro XL;256;Vodafone;netzbetreiber;Mobil XL;XL;neu;1,00;48,61;51,75;;24;0,00;24;2409,64;;2026-10-10;https://www.vodafone.de/privat/handys/google-pixel-11-pro-xl.html;google-pixel-11-pro-xl-256gb-canyon;;
Bündel;Pixel 11 Pro XL;256;Vodafone;netzbetreiber;Mobil XS;XS;neu;1,00;23,95;51,75;;24;0,00;24;1817,80;;2026-10-10;https://www.vodafone.de/privat/handys/google-pixel-11-pro-xl.html;google-pixel-11-pro-xl-256gb-canyon;;
Bündel;Pixel 11 Pro XL;256;Vodafone;netzbetreiber;Mobil L;L;neu;1,00;35,86;51,75;;24;0,00;24;2103,64;;2026-10-10;https://www.vodafone.de/privat/handys/google-pixel-11-pro-xl.html;google-pixel-11-pro-xl-256gb-fog;;
Bündel;Pixel 11 Pro XL;256;Vodafone;netzbetreiber;Mobil M;M;neu;1,00;29,11;51,75;;24;0,00;24;1941,64;;2026-10-10;https://www.vodafone.de/privat/handys/google-pixel-11-pro-xl.html;google-pixel-11-pro-xl-256gb-fog;;
Bündel;Pixel 11 Pro XL;256;Vodafone;netzbetreiber;Mobil S;S;neu;1,00;31,45;51,75;;24;0,00;24;1997,80;;2026-10-10;https://www.vodafone.de/privat/handys/google-pixel-11-pro-xl.html;google-pixel-11-pro-xl-256gb-fog;;
Bündel;Pixel 11 Pro XL;256;Vodafone;netzbetreiber;Mobil XL;XL;neu;1,00;48,61;51,75;;24;0,00;24;2409,64;;2026-10-10;https://www.vodafone.de/privat/handys/google-pixel-11-pro-xl.html;google-pixel-11-pro-xl-256gb-fog;;
Bündel;Pixel 11 Pro XL;256;Vodafone;netzbetreiber;Mobil XS;XS;neu;1,00;23,95;51,75;;24;0,00;24;1817,80;;2026-10-10;https://www.vodafone.de/privat/handys/google-pixel-11-pro-xl.html;google-pixel-11-pro-xl-256gb-fog;;
Bündel;Pixel 11 Pro XL;256;Vodafone;netzbetreiber;Mobil L;L;neu;1,00;35,86;51,75;;24;0,00;24;2103,64;;2026-10-10;https://www.vodafone.de/privat/handys/google-pixel-11-pro-xl.html;google-pixel-11-pro-xl-256gb-olive;;
Bündel;Pixel 11 Pro XL;256;Vodafone;netzbetreiber;Mobil M;M;neu;1,00;29,11;51,75;;24;0,00;24;1941,64;;2026-10-10;https://www.vodafone.de/privat/handys/google-pixel-11-pro-xl.html;google-pixel-11-pro-xl-256gb-olive;;
Bündel;Pixel 11 Pro XL;256;Vodafone;netzbetreiber;Mobil S;S;neu;1,00;31,45;51,75;;24;0,00;24;1997,80;;2026-10-10;https://www.vodafone.de/privat/handys/google-pixel-11-pro-xl.html;google-pixel-11-pro-xl-256gb-olive;;
Bündel;Pixel 11 Pro XL;256;Vodafone;netzbetreiber;Mobil XL;XL;neu;1,00;48,61;51,75;;24;0,00;24;2409,64;;2026-10-10;https://www.vodafone.de/privat/handys/google-pixel-11-pro-xl.html;google-pixel-11-pro-xl-256gb-olive;;
Bündel;Pixel 11 Pro XL;256;Vodafone;netzbetreiber;Mobil XS;XS;neu;1,00;23,95;51,75;;24;0,00;24;1817,80;;2026-10-10;https://www.vodafone.de/privat/handys/google-pixel-11-pro-xl.html;google-pixel-11-pro-xl-256gb-olive;;
Bündel;Pixel 11 Pro XL;256;Vodafone;netzbetreiber;Mobil L;L;neu;1,00;35,86;51,75;;24;0,00;24;2103,64;;2026-10-10;https://www.vodafone.de/privat/handys/google-pixel-11-pro-xl.html;google-pixel-11-pro-xl-256gb-schwarz;;
Bündel;Pixel 11 Pro XL;256;Vodafone;netzbetreiber;Mobil M;M;neu;1,00;29,11;51,75;;24;0,00;24;1941,64;;2026-10-10;https://www.vodafone.de/privat/handys/google-pixel-11-pro-xl.html;google-pixel-11-pro-xl-256gb-schwarz;;
Bündel;Pixel 11 Pro XL;256;Vodafone;netzbetreiber;Mobil S;S;neu;1,00;31,45;51,75;;24;0,00;24;1997,80;;2026-10-10;https://www.vodafone.de/privat/handys/google-pixel-11-pro-xl.html;google-pixel-11-pro-xl-256gb-schwarz;;
Bündel;Pixel 11 Pro XL;256;Vodafone;netzbetreiber;Mobil XL;XL;neu;1,00;48,61;51,75;;24;0,00;24;2409,64;;2026-10-10;https://www.vodafone.de/privat/handys/google-pixel-11-pro-xl.html;google-pixel-11-pro-xl-256gb-schwarz;;
Bündel;Pixel 11 Pro XL;256;Vodafone;netzbetreiber;Mobil XS;XS;neu;1,00;23,95;51,75;;24;0,00;24;1817,80;;2026-10-10;https://www.vodafone.de/privat/handys/google-pixel-11-pro-xl.html;google-pixel-11-pro-xl-256gb-schwarz;;
Bündel;Pixel 11 Pro XL;512;Vodafone;netzbetreiber;Mobil L;L;neu;1,00;35,86;57,00;;24;0,00;24;2229,64;;2026-10-10;https://www.vodafone.de/privat/handys/google-pixel-11-pro-xl.html;google-pixel-11-pro-xl-512gb-canyon;;
Bündel;Pixel 11 Pro XL;512;Vodafone;netzbetreiber;Mobil M;M;neu;1,00;29,11;57,00;;24;0,00;24;2067,64;;2026-10-10;https://www.vodafone.de/privat/handys/google-pixel-11-pro-xl.html;google-pixel-11-pro-xl-512gb-canyon;;
Bündel;Pixel 11 Pro XL;512;Vodafone;netzbetreiber;Mobil S;S;neu;1,00;31,45;57,00;;24;0,00;24;2123,80;;2026-10-10;https://www.vodafone.de/privat/handys/google-pixel-11-pro-xl.html;google-pixel-11-pro-xl-512gb-canyon;;
Bündel;Pixel 11 Pro XL;512;Vodafone;netzbetreiber;Mobil XL;XL;neu;1,00;48,61;57,00;;24;0,00;24;2535,64;;2026-10-10;https://www.vodafone.de/privat/handys/google-pixel-11-pro-xl.html;google-pixel-11-pro-xl-512gb-canyon;;
Bündel;Pixel 11 Pro XL;512;Vodafone;netzbetreiber;Mobil XS;XS;neu;1,00;23,95;57,00;;24;0,00;24;1943,80;;2026-10-10;https://www.vodafone.de/privat/handys/google-pixel-11-pro-xl.html;google-pixel-11-pro-xl-512gb-canyon;;
Bündel;Pixel 11 Pro XL;512;Vodafone;netzbetreiber;Mobil L;L;neu;1,00;35,86;57,00;;24;0,00;24;2229,64;;2026-10-10;https://www.vodafone.de/privat/handys/google-pixel-11-pro-xl.html;google-pixel-11-pro-xl-512gb-fog;;
Bündel;Pixel 11 Pro XL;512;Vodafone;netzbetreiber;Mobil M;M;neu;1,00;29,11;57,00;;24;0,00;24;2067,64;;2026-10-10;https://www.vodafone.de/privat/handys/google-pixel-11-pro-xl.html;google-pixel-11-pro-xl-512gb-fog;;
Bündel;Pixel 11 Pro XL;512;Vodafone;netzbetreiber;Mobil S;S;neu;1,00;31,45;57,00;;24;0,00;24;2123,80;;2026-10-10;https://www.vodafone.de/privat/handys/google-pixel-11-pro-xl.html;google-pixel-11-pro-xl-512gb-fog;;
Bündel;Pixel 11 Pro XL;512;Vodafone;netzbetreiber;Mobil XL;XL;neu;1,00;48,61;57,00;;24;0,00;24;2535,64;;2026-10-10;https://www.vodafone.de/privat/handys/google-pixel-11-pro-xl.html;google-pixel-11-pro-xl-512gb-fog;;
Bündel;Pixel 11 Pro XL;512;Vodafone;netzbetreiber;Mobil XS;XS;neu;1,00;23,95;57,00;;24;0,00;24;1943,80;;2026-10-10;https://www.vodafone.de/privat/handys/google-pixel-11-pro-xl.html;google-pixel-11-pro-xl-512gb-fog;;
Bündel;Pixel 11 Pro XL;512;Vodafone;netzbetreiber;Mobil L;L;neu;1,00;35,86;57,00;;24;0,00;24;2229,64;;2026-10-10;https://www.vodafone.de/privat/handys/google-pixel-11-pro-xl.html;google-pixel-11-pro-xl-512gb-olive;;
Bündel;Pixel 11 Pro XL;512;Vodafone;netzbetreiber;Mobil M;M;neu;1,00;29,11;57,00;;24;0,00;24;2067,64;;2026-10-10;https://www.vodafone.de/privat/handys/google-pixel-11-pro-xl.html;google-pixel-11-pro-xl-512gb-olive;;
Bündel;Pixel 11 Pro XL;512;Vodafone;netzbetreiber;Mobil S;S;neu;1,00;31,45;57,00;;24;0,00;24;2123,80;;2026-10-10;https://www.vodafone.de/privat/handys/google-pixel-11-pro-xl.html;google-pixel-11-pro-xl-512gb-olive;;
Bündel;Pixel 11 Pro XL;512;Vodafone;netzbetreiber;Mobil XL;XL;neu;1,00;48,61;57,00;;24;0,00;24;2535,64;;2026-10-10;https://www.vodafone.de/privat/handys/google-pixel-11-pro-xl.html;google-pixel-11-pro-xl-512gb-olive;;
Bündel;Pixel 11 Pro XL;512;Vodafone;netzbetreiber;Mobil XS;XS;neu;1,00;23,95;57,00;;24;0,00;24;1943,80;;2026-10-10;https://www.vodafone.de/privat/handys/google-pixel-11-pro-xl.html;google-pixel-11-pro-xl-512gb-olive;;
Bündel;Pixel 11 Pro XL;512;Vodafone;netzbetreiber;Mobil L;L;neu;1,00;35,86;57,00;;24;0,00;24;2229,64;;2026-10-10;https://www.vodafone.de/privat/handys/google-pixel-11-pro-xl.html;google-pixel-11-pro-xl-512gb-schwarz;;
Bündel;Pixel 11 Pro XL;512;Vodafone;netzbetreiber;Mobil M;M;neu;1,00;29,11;57,00;;24;0,00;24;2067,64;;2026-10-10;https://www.vodafone.de/privat/handys/google-pixel-11-pro-xl.html;google-pixel-11-pro-xl-512gb-schwarz;;
Bündel;Pixel 11 Pro XL;512;Vodafone;netzbetreiber;Mobil S;S;neu;1,00;31,45;57,00;;24;0,00;24;2123,80;;2026-10-10;https://www.vodafone.de/privat/handys/google-pixel-11-pro-xl.html;google-pixel-11-pro-xl-512gb-schwarz;;
Bündel;Pixel 11 Pro XL;512;Vodafone;netzbetreiber;Mobil XL;XL;neu;1,00;48,61;57,00;;24;0,00;24;2535,64;;2026-10-10;https://www.vodafone.de/privat/handys/google-pixel-11-pro-xl.html;google-pixel-11-pro-xl-512gb-schwarz;;
Bündel;Pixel 11 Pro XL;512;Vodafone;netzbetreiber;Mobil XS;XS;neu;1,00;23,95;57,00;;24;0,00;24;1943,80;;2026-10-10;https://www.vodafone.de/privat/handys/google-pixel-11-pro-xl.html;google-pixel-11-pro-xl-512gb-schwarz;;
Bündel;Galaxy A17;128;Vodafone;netzbetreiber;Mobil L;L;neu;1,00;35,86;8,25;;24;0,00;24;1059,64;;2026-10-10;https://www.vodafone.de/privat/handys/samsung-galaxy-a17-5g.html;samsung-galaxy-a17-128gb-blau;;
Bündel;Galaxy A17;128;Vodafone;netzbetreiber;Mobil M;M;neu;1,00;29,11;8,25;;24;0,00;24;897,64;;2026-10-10;https://www.vodafone.de/privat/handys/samsung-galaxy-a17-5g.html;samsung-galaxy-a17-128gb-blau;;
Bündel;Galaxy A17;128;Vodafone;netzbetreiber;Mobil S;S;neu;1,00;29,95;8,25;;24;0,00;24;917,80;;2026-10-10;https://www.vodafone.de/privat/handys/samsung-galaxy-a17-5g.html;samsung-galaxy-a17-128gb-blau;;
Bündel;Galaxy A17;128;Vodafone;netzbetreiber;Mobil XL;XL;neu;1,00;48,61;8,25;;24;0,00;24;1365,64;;2026-10-10;https://www.vodafone.de/privat/handys/samsung-galaxy-a17-5g.html;samsung-galaxy-a17-128gb-blau;;
Bündel;Galaxy A17;128;Vodafone;netzbetreiber;Mobil XS;XS;neu;1,00;23,95;8,25;;24;0,00;24;773,80;;2026-10-10;https://www.vodafone.de/privat/handys/samsung-galaxy-a17-5g.html;samsung-galaxy-a17-128gb-blau;;
Bündel;Galaxy A17;128;Vodafone;netzbetreiber;Mobil L;L;neu;1,00;35,86;8,25;;24;0,00;24;1059,64;;2026-10-10;https://www.vodafone.de/privat/handys/samsung-galaxy-a17-5g.html;samsung-galaxy-a17-128gb-schwarz;;
Bündel;Galaxy A17;128;Vodafone;netzbetreiber;Mobil M;M;neu;1,00;29,11;8,25;;24;0,00;24;897,64;;2026-10-10;https://www.vodafone.de/privat/handys/samsung-galaxy-a17-5g.html;samsung-galaxy-a17-128gb-schwarz;;
Bündel;Galaxy A17;128;Vodafone;netzbetreiber;Mobil S;S;neu;1,00;29,95;8,25;;24;0,00;24;917,80;;2026-10-10;https://www.vodafone.de/privat/handys/samsung-galaxy-a17-5g.html;samsung-galaxy-a17-128gb-schwarz;;
Bündel;Galaxy A17;128;Vodafone;netzbetreiber;Mobil XL;XL;neu;1,00;48,61;8,25;;24;0,00;24;1365,64;;2026-10-10;https://www.vodafone.de/privat/handys/samsung-galaxy-a17-5g.html;samsung-galaxy-a17-128gb-schwarz;;
Bündel;Galaxy A17;128;Vodafone;netzbetreiber;Mobil XS;XS;neu;1,00;23,95;8,25;;24;0,00;24;773,80;;2026-10-10;https://www.vodafone.de/privat/handys/samsung-galaxy-a17-5g.html;samsung-galaxy-a17-128gb-schwarz;;
Bündel;Galaxy A37;128;Vodafone;netzbetreiber;Mobil L;L;neu;1,00;35,86;15,00;;24;0,00;24;1221,64;;2026-10-10;https://www.vodafone.de/privat/handys/samsung-galaxy-a37-5g.html;samsung-galaxy-a37-128gb-awesome-charcoal;;
Bündel;Galaxy A37;128;Vodafone;netzbetreiber;Mobil M;M;neu;1,00;29,11;15,00;;24;0,00;24;1059,64;;2026-10-10;https://www.vodafone.de/privat/handys/samsung-galaxy-a37-5g.html;samsung-galaxy-a37-128gb-awesome-charcoal;;
Bündel;Galaxy A37;128;Vodafone;netzbetreiber;Mobil S;S;neu;1,00;29,95;15,00;;24;0,00;24;1079,80;;2026-10-10;https://www.vodafone.de/privat/handys/samsung-galaxy-a37-5g.html;samsung-galaxy-a37-128gb-awesome-charcoal;;
Bündel;Galaxy A37;128;Vodafone;netzbetreiber;Mobil XL;XL;neu;1,00;48,61;15,00;;24;0,00;24;1527,64;;2026-10-10;https://www.vodafone.de/privat/handys/samsung-galaxy-a37-5g.html;samsung-galaxy-a37-128gb-awesome-charcoal;;
Bündel;Galaxy A37;128;Vodafone;netzbetreiber;Mobil XS;XS;neu;1,00;23,95;15,00;;24;0,00;24;935,80;;2026-10-10;https://www.vodafone.de/privat/handys/samsung-galaxy-a37-5g.html;samsung-galaxy-a37-128gb-awesome-charcoal;;
Bündel;Galaxy A57;256;Vodafone;netzbetreiber;Mobil L;L;neu;1,00;35,86;15,75;;24;0,00;24;1239,64;;2026-10-10;https://www.vodafone.de/privat/handys/samsung-galaxy-a57-5g.html;samsung-galaxy-a57-256gb-awesome-gray;;
Bündel;Galaxy A57;256;Vodafone;netzbetreiber;Mobil M;M;neu;1,00;29,11;15,75;;24;0,00;24;1077,64;;2026-10-10;https://www.vodafone.de/privat/handys/samsung-galaxy-a57-5g.html;samsung-galaxy-a57-256gb-awesome-gray;;
Bündel;Galaxy A57;256;Vodafone;netzbetreiber;Mobil S;S;neu;1,00;29,95;15,75;;24;0,00;24;1097,80;;2026-10-10;https://www.vodafone.de/privat/handys/samsung-galaxy-a57-5g.html;samsung-galaxy-a57-256gb-awesome-gray;;
Bündel;Galaxy A57;256;Vodafone;netzbetreiber;Mobil XL;XL;neu;1,00;48,61;15,75;;24;0,00;24;1545,64;;2026-10-10;https://www.vodafone.de/privat/handys/samsung-galaxy-a57-5g.html;samsung-galaxy-a57-256gb-awesome-gray;;
Bündel;Galaxy A57;256;Vodafone;netzbetreiber;Mobil XS;XS;neu;1,00;23,95;15,75;;24;0,00;24;953,80;;2026-10-10;https://www.vodafone.de/privat/handys/samsung-galaxy-a57-5g.html;samsung-galaxy-a57-256gb-awesome-gray;;
Bündel;Galaxy A57;256;Vodafone;netzbetreiber;Mobil L;L;neu;1,00;35,86;15,75;;24;0,00;24;1239,64;;2026-10-10;https://www.vodafone.de/privat/handys/samsung-galaxy-a57-5g.html;samsung-galaxy-a57-256gb-awesome-navy;;
Bündel;Galaxy A57;256;Vodafone;netzbetreiber;Mobil M;M;neu;1,00;29,11;15,75;;24;0,00;24;1077,64;;2026-10-10;https://www.vodafone.de/privat/handys/samsung-galaxy-a57-5g.html;samsung-galaxy-a57-256gb-awesome-navy;;
Bündel;Galaxy A57;256;Vodafone;netzbetreiber;Mobil S;S;neu;1,00;29,95;15,75;;24;0,00;24;1097,80;;2026-10-10;https://www.vodafone.de/privat/handys/samsung-galaxy-a57-5g.html;samsung-galaxy-a57-256gb-awesome-navy;;
Bündel;Galaxy A57;256;Vodafone;netzbetreiber;Mobil XL;XL;neu;1,00;48,61;15,75;;24;0,00;24;1545,64;;2026-10-10;https://www.vodafone.de/privat/handys/samsung-galaxy-a57-5g.html;samsung-galaxy-a57-256gb-awesome-navy;;
Bündel;Galaxy A57;256;Vodafone;netzbetreiber;Mobil XS;XS;neu;1,00;23,95;15,75;;24;0,00;24;953,80;;2026-10-10;https://www.vodafone.de/privat/handys/samsung-galaxy-a57-5g.html;samsung-galaxy-a57-256gb-awesome-navy;;
Bündel;Galaxy S25;128;Vodafone;netzbetreiber;Mobil L;L;neu;0,99;35,86;31,50;;24;0,00;24;1617,63;;2026-10-10;https://www.vodafone.de/privat/handys/samsung-galaxy-s25.html;samsung-galaxy-s25-128gb-blau;;
Bündel;Galaxy S25;128;Vodafone;netzbetreiber;Mobil M;M;neu;0,99;29,11;31,50;;24;0,00;24;1455,63;;2026-10-10;https://www.vodafone.de/privat/handys/samsung-galaxy-s25.html;samsung-galaxy-s25-128gb-blau;;
Bündel;Galaxy S25;128;Vodafone;netzbetreiber;Mobil S;S;neu;0,99;31,45;31,50;;24;0,00;24;1511,79;;2026-10-10;https://www.vodafone.de/privat/handys/samsung-galaxy-s25.html;samsung-galaxy-s25-128gb-blau;;
Bündel;Galaxy S25;128;Vodafone;netzbetreiber;Mobil XL;XL;neu;0,99;48,61;31,50;;24;0,00;24;1923,63;;2026-10-10;https://www.vodafone.de/privat/handys/samsung-galaxy-s25.html;samsung-galaxy-s25-128gb-blau;;
Bündel;Galaxy S25;128;Vodafone;netzbetreiber;Mobil XS;XS;neu;0,99;23,95;31,50;;24;0,00;24;1331,79;;2026-10-10;https://www.vodafone.de/privat/handys/samsung-galaxy-s25.html;samsung-galaxy-s25-128gb-blau;;
Bündel;Galaxy S25 FE;128;Vodafone;netzbetreiber;Mobil L;L;neu;1,00;35,86;27,75;;24;0,00;24;1527,64;;2026-10-10;https://www.vodafone.de/privat/handys/samsung-galaxy-s25-fe.html;samsung-galaxy-s25-fe-128gb-blau;;
Bündel;Galaxy S25 FE;128;Vodafone;netzbetreiber;Mobil M;M;neu;1,00;29,11;27,75;;24;0,00;24;1365,64;;2026-10-10;https://www.vodafone.de/privat/handys/samsung-galaxy-s25-fe.html;samsung-galaxy-s25-fe-128gb-blau;;
Bündel;Galaxy S25 FE;128;Vodafone;netzbetreiber;Mobil S;S;neu;1,00;29,95;27,75;;24;0,00;24;1385,80;;2026-10-10;https://www.vodafone.de/privat/handys/samsung-galaxy-s25-fe.html;samsung-galaxy-s25-fe-128gb-blau;;
Bündel;Galaxy S25 FE;128;Vodafone;netzbetreiber;Mobil XL;XL;neu;1,00;48,61;27,75;;24;0,00;24;1833,64;;2026-10-10;https://www.vodafone.de/privat/handys/samsung-galaxy-s25-fe.html;samsung-galaxy-s25-fe-128gb-blau;;
Bündel;Galaxy S25 FE;128;Vodafone;netzbetreiber;Mobil XS;XS;neu;1,00;23,95;27,75;;24;0,00;24;1241,80;;2026-10-10;https://www.vodafone.de/privat/handys/samsung-galaxy-s25-fe.html;samsung-galaxy-s25-fe-128gb-blau;;
Bündel;Galaxy S25 FE;128;Vodafone;netzbetreiber;Mobil L;L;neu;1,00;35,86;27,75;;24;0,00;24;1527,64;;2026-10-10;https://www.vodafone.de/privat/handys/samsung-galaxy-s25-fe.html;samsung-galaxy-s25-fe-128gb-jetblack;;
Bündel;Galaxy S25 FE;128;Vodafone;netzbetreiber;Mobil M;M;neu;1,00;29,11;27,75;;24;0,00;24;1365,64;;2026-10-10;https://www.vodafone.de/privat/handys/samsung-galaxy-s25-fe.html;samsung-galaxy-s25-fe-128gb-jetblack;;
Bündel;Galaxy S25 FE;128;Vodafone;netzbetreiber;Mobil S;S;neu;1,00;29,95;27,75;;24;0,00;24;1385,80;;2026-10-10;https://www.vodafone.de/privat/handys/samsung-galaxy-s25-fe.html;samsung-galaxy-s25-fe-128gb-jetblack;;
Bündel;Galaxy S25 FE;128;Vodafone;netzbetreiber;Mobil XL;XL;neu;1,00;48,61;27,75;;24;0,00;24;1833,64;;2026-10-10;https://www.vodafone.de/privat/handys/samsung-galaxy-s25-fe.html;samsung-galaxy-s25-fe-128gb-jetblack;;
Bündel;Galaxy S25 FE;128;Vodafone;netzbetreiber;Mobil XS;XS;neu;1,00;23,95;27,75;;24;0,00;24;1241,80;;2026-10-10;https://www.vodafone.de/privat/handys/samsung-galaxy-s25-fe.html;samsung-galaxy-s25-fe-128gb-jetblack;;
Bündel;Galaxy S26;256;Vodafone;netzbetreiber;Mobil L;L;neu;0,99;35,86;31,50;;24;0,00;24;1617,63;;2026-10-10;https://www.vodafone.de/privat/handys/samsung-galaxy-s26.html;samsung-galaxy-s26-256gb-cobalt-violet;;
Bündel;Galaxy S26;256;Vodafone;netzbetreiber;Mobil M;M;neu;0,99;29,11;31,50;;24;0,00;24;1455,63;;2026-10-10;https://www.vodafone.de/privat/handys/samsung-galaxy-s26.html;samsung-galaxy-s26-256gb-cobalt-violet;;
Bündel;Galaxy S26;256;Vodafone;netzbetreiber;Mobil S;S;neu;0,99;31,45;31,50;;24;0,00;24;1511,79;;2026-10-10;https://www.vodafone.de/privat/handys/samsung-galaxy-s26.html;samsung-galaxy-s26-256gb-cobalt-violet;;
Bündel;Galaxy S26;256;Vodafone;netzbetreiber;Mobil XL;XL;neu;0,99;48,61;31,50;;24;0,00;24;1923,63;;2026-10-10;https://www.vodafone.de/privat/handys/samsung-galaxy-s26.html;samsung-galaxy-s26-256gb-cobalt-violet;;
Bündel;Galaxy S26;256;Vodafone;netzbetreiber;Mobil XS;XS;neu;0,99;23,95;31,50;;24;0,00;24;1331,79;;2026-10-10;https://www.vodafone.de/privat/handys/samsung-galaxy-s26.html;samsung-galaxy-s26-256gb-cobalt-violet;;
Bündel;Galaxy S26;256;Vodafone;netzbetreiber;Mobil L;L;neu;0,99;35,86;31,50;;24;0,00;24;1617,63;;2026-10-10;https://www.vodafone.de/privat/handys/samsung-galaxy-s26.html;samsung-galaxy-s26-256gb-schwarz;;
Bündel;Galaxy S26;256;Vodafone;netzbetreiber;Mobil M;M;neu;0,99;29,11;31,50;;24;0,00;24;1455,63;;2026-10-10;https://www.vodafone.de/privat/handys/samsung-galaxy-s26.html;samsung-galaxy-s26-256gb-schwarz;;
Bündel;Galaxy S26;256;Vodafone;netzbetreiber;Mobil S;S;neu;0,99;31,45;31,50;;24;0,00;24;1511,79;;2026-10-10;https://www.vodafone.de/privat/handys/samsung-galaxy-s26.html;samsung-galaxy-s26-256gb-schwarz;;
Bündel;Galaxy S26;256;Vodafone;netzbetreiber;Mobil XL;XL;neu;0,99;48,61;31,50;;24;0,00;24;1923,63;;2026-10-10;https://www.vodafone.de/privat/handys/samsung-galaxy-s26.html;samsung-galaxy-s26-256gb-schwarz;;
Bündel;Galaxy S26;256;Vodafone;netzbetreiber;Mobil XS;XS;neu;0,99;23,95;31,50;;24;0,00;24;1331,79;;2026-10-10;https://www.vodafone.de/privat/handys/samsung-galaxy-s26.html;samsung-galaxy-s26-256gb-schwarz;;
Bündel;Galaxy S26;256;Vodafone;netzbetreiber;Mobil L;L;neu;0,99;35,86;31,50;;24;0,00;24;1617,63;;2026-10-10;https://www.vodafone.de/privat/handys/samsung-galaxy-s26.html;samsung-galaxy-s26-256gb-sky-blue;;
Bündel;Galaxy S26;256;Vodafone;netzbetreiber;Mobil M;M;neu;0,99;29,11;31,50;;24;0,00;24;1455,63;;2026-10-10;https://www.vodafone.de/privat/handys/samsung-galaxy-s26.html;samsung-galaxy-s26-256gb-sky-blue;;
Bündel;Galaxy S26;256;Vodafone;netzbetreiber;Mobil S;S;neu;0,99;31,45;31,50;;24;0,00;24;1511,79;;2026-10-10;https://www.vodafone.de/privat/handys/samsung-galaxy-s26.html;samsung-galaxy-s26-256gb-sky-blue;;
Bündel;Galaxy S26;256;Vodafone;netzbetreiber;Mobil XL;XL;neu;0,99;48,61;31,50;;24;0,00;24;1923,63;;2026-10-10;https://www.vodafone.de/privat/handys/samsung-galaxy-s26.html;samsung-galaxy-s26-256gb-sky-blue;;
Bündel;Galaxy S26;256;Vodafone;netzbetreiber;Mobil XS;XS;neu;0,99;23,95;31,50;;24;0,00;24;1331,79;;2026-10-10;https://www.vodafone.de/privat/handys/samsung-galaxy-s26.html;samsung-galaxy-s26-256gb-sky-blue;;
Bündel;Galaxy S26;256;Vodafone;netzbetreiber;Mobil L;L;neu;0,99;35,86;31,50;;24;0,00;24;1617,63;;2026-10-10;https://www.vodafone.de/privat/handys/samsung-galaxy-s26.html;samsung-galaxy-s26-256gb-weiss;;
Bündel;Galaxy S26;256;Vodafone;netzbetreiber;Mobil M;M;neu;0,99;29,11;31,50;;24;0,00;24;1455,63;;2026-10-10;https://www.vodafone.de/privat/handys/samsung-galaxy-s26.html;samsung-galaxy-s26-256gb-weiss;;
Bündel;Galaxy S26;256;Vodafone;netzbetreiber;Mobil S;S;neu;0,99;31,45;31,50;;24;0,00;24;1511,79;;2026-10-10;https://www.vodafone.de/privat/handys/samsung-galaxy-s26.html;samsung-galaxy-s26-256gb-weiss;;
Bündel;Galaxy S26;256;Vodafone;netzbetreiber;Mobil XL;XL;neu;0,99;48,61;31,50;;24;0,00;24;1923,63;;2026-10-10;https://www.vodafone.de/privat/handys/samsung-galaxy-s26.html;samsung-galaxy-s26-256gb-weiss;;
Bündel;Galaxy S26;256;Vodafone;netzbetreiber;Mobil XS;XS;neu;0,99;23,95;31,50;;24;0,00;24;1331,79;;2026-10-10;https://www.vodafone.de/privat/handys/samsung-galaxy-s26.html;samsung-galaxy-s26-256gb-weiss;;
Bündel;Galaxy S26;512;Vodafone;netzbetreiber;Mobil L;L;neu;0,99;35,86;39,00;;24;0,00;24;1797,63;;2026-10-10;https://www.vodafone.de/privat/handys/samsung-galaxy-s26.html;samsung-galaxy-s26-512gb-cobalt-violet;;
Bündel;Galaxy S26;512;Vodafone;netzbetreiber;Mobil M;M;neu;0,99;29,11;39,00;;24;0,00;24;1635,63;;2026-10-10;https://www.vodafone.de/privat/handys/samsung-galaxy-s26.html;samsung-galaxy-s26-512gb-cobalt-violet;;
Bündel;Galaxy S26;512;Vodafone;netzbetreiber;Mobil S;S;neu;0,99;31,45;39,00;;24;0,00;24;1691,79;;2026-10-10;https://www.vodafone.de/privat/handys/samsung-galaxy-s26.html;samsung-galaxy-s26-512gb-cobalt-violet;;
Bündel;Galaxy S26;512;Vodafone;netzbetreiber;Mobil XL;XL;neu;0,99;48,61;39,00;;24;0,00;24;2103,63;;2026-10-10;https://www.vodafone.de/privat/handys/samsung-galaxy-s26.html;samsung-galaxy-s26-512gb-cobalt-violet;;
Bündel;Galaxy S26;512;Vodafone;netzbetreiber;Mobil XS;XS;neu;0,99;23,95;39,00;;24;0,00;24;1511,79;;2026-10-10;https://www.vodafone.de/privat/handys/samsung-galaxy-s26.html;samsung-galaxy-s26-512gb-cobalt-violet;;
Bündel;Galaxy S26;512;Vodafone;netzbetreiber;Mobil L;L;neu;0,99;35,86;39,00;;24;0,00;24;1797,63;;2026-10-10;https://www.vodafone.de/privat/handys/samsung-galaxy-s26.html;samsung-galaxy-s26-512gb-schwarz;;
Bündel;Galaxy S26;512;Vodafone;netzbetreiber;Mobil M;M;neu;0,99;29,11;39,00;;24;0,00;24;1635,63;;2026-10-10;https://www.vodafone.de/privat/handys/samsung-galaxy-s26.html;samsung-galaxy-s26-512gb-schwarz;;
Bündel;Galaxy S26;512;Vodafone;netzbetreiber;Mobil S;S;neu;0,99;31,45;39,00;;24;0,00;24;1691,79;;2026-10-10;https://www.vodafone.de/privat/handys/samsung-galaxy-s26.html;samsung-galaxy-s26-512gb-schwarz;;
Bündel;Galaxy S26;512;Vodafone;netzbetreiber;Mobil XL;XL;neu;0,99;48,61;39,00;;24;0,00;24;2103,63;;2026-10-10;https://www.vodafone.de/privat/handys/samsung-galaxy-s26.html;samsung-galaxy-s26-512gb-schwarz;;
Bündel;Galaxy S26;512;Vodafone;netzbetreiber;Mobil XS;XS;neu;0,99;23,95;39,00;;24;0,00;24;1511,79;;2026-10-10;https://www.vodafone.de/privat/handys/samsung-galaxy-s26.html;samsung-galaxy-s26-512gb-schwarz;;
Bündel;Galaxy S26;512;Vodafone;netzbetreiber;Mobil L;L;neu;0,99;35,86;39,00;;24;0,00;24;1797,63;;2026-10-10;https://www.vodafone.de/privat/handys/samsung-galaxy-s26.html;samsung-galaxy-s26-512gb-sky-blue;;
Bündel;Galaxy S26;512;Vodafone;netzbetreiber;Mobil M;M;neu;0,99;29,11;39,00;;24;0,00;24;1635,63;;2026-10-10;https://www.vodafone.de/privat/handys/samsung-galaxy-s26.html;samsung-galaxy-s26-512gb-sky-blue;;
Bündel;Galaxy S26;512;Vodafone;netzbetreiber;Mobil S;S;neu;0,99;31,45;39,00;;24;0,00;24;1691,79;;2026-10-10;https://www.vodafone.de/privat/handys/samsung-galaxy-s26.html;samsung-galaxy-s26-512gb-sky-blue;;
Bündel;Galaxy S26;512;Vodafone;netzbetreiber;Mobil XL;XL;neu;0,99;48,61;39,00;;24;0,00;24;2103,63;;2026-10-10;https://www.vodafone.de/privat/handys/samsung-galaxy-s26.html;samsung-galaxy-s26-512gb-sky-blue;;
Bündel;Galaxy S26;512;Vodafone;netzbetreiber;Mobil XS;XS;neu;0,99;23,95;39,00;;24;0,00;24;1511,79;;2026-10-10;https://www.vodafone.de/privat/handys/samsung-galaxy-s26.html;samsung-galaxy-s26-512gb-sky-blue;;
Bündel;Galaxy S26;512;Vodafone;netzbetreiber;Mobil L;L;neu;0,99;35,86;39,00;;24;0,00;24;1797,63;;2026-10-10;https://www.vodafone.de/privat/handys/samsung-galaxy-s26.html;samsung-galaxy-s26-512gb-weiss;;
Bündel;Galaxy S26;512;Vodafone;netzbetreiber;Mobil M;M;neu;0,99;29,11;39,00;;24;0,00;24;1635,63;;2026-10-10;https://www.vodafone.de/privat/handys/samsung-galaxy-s26.html;samsung-galaxy-s26-512gb-weiss;;
Bündel;Galaxy S26;512;Vodafone;netzbetreiber;Mobil S;S;neu;0,99;31,45;39,00;;24;0,00;24;1691,79;;2026-10-10;https://www.vodafone.de/privat/handys/samsung-galaxy-s26.html;samsung-galaxy-s26-512gb-weiss;;
Bündel;Galaxy S26;512;Vodafone;netzbetreiber;Mobil XL;XL;neu;0,99;48,61;39,00;;24;0,00;24;2103,63;;2026-10-10;https://www.vodafone.de/privat/handys/samsung-galaxy-s26.html;samsung-galaxy-s26-512gb-weiss;;
Bündel;Galaxy S26;512;Vodafone;netzbetreiber;Mobil XS;XS;neu;0,99;23,95;39,00;;24;0,00;24;1511,79;;2026-10-10;https://www.vodafone.de/privat/handys/samsung-galaxy-s26.html;samsung-galaxy-s26-512gb-weiss;;
Bündel;Galaxy S26 FE;128;Vodafone;netzbetreiber;Mobil L;L;neu;1,00;35,86;28,50;;24;0,00;24;1545,64;;2026-10-10;https://www.vodafone.de/privat/handys/samsung-galaxy-s26-fe.html;samsung-galaxy-s26-fe-128gb-grau;;
Bündel;Galaxy S26 FE;128;Vodafone;netzbetreiber;Mobil M;M;neu;1,00;29,11;28,50;;24;0,00;24;1383,64;;2026-10-10;https://www.vodafone.de/privat/handys/samsung-galaxy-s26-fe.html;samsung-galaxy-s26-fe-128gb-grau;;
Bündel;Galaxy S26 FE;128;Vodafone;netzbetreiber;Mobil S;S;neu;1,00;29,95;28,50;;24;0,00;24;1403,80;;2026-10-10;https://www.vodafone.de/privat/handys/samsung-galaxy-s26-fe.html;samsung-galaxy-s26-fe-128gb-grau;;
Bündel;Galaxy S26 FE;128;Vodafone;netzbetreiber;Mobil XL;XL;neu;1,00;48,61;28,50;;24;0,00;24;1851,64;;2026-10-10;https://www.vodafone.de/privat/handys/samsung-galaxy-s26-fe.html;samsung-galaxy-s26-fe-128gb-grau;;
Bündel;Galaxy S26 FE;128;Vodafone;netzbetreiber;Mobil XS;XS;neu;1,00;23,95;28,50;;24;0,00;24;1259,80;;2026-10-10;https://www.vodafone.de/privat/handys/samsung-galaxy-s26-fe.html;samsung-galaxy-s26-fe-128gb-grau;;
Bündel;Galaxy S26 FE;128;Vodafone;netzbetreiber;Mobil L;L;neu;1,00;35,86;28,50;;24;0,00;24;1545,64;;2026-10-10;https://www.vodafone.de/privat/handys/samsung-galaxy-s26-fe.html;samsung-galaxy-s26-fe-128gb-pistachio;;
Bündel;Galaxy S26 FE;128;Vodafone;netzbetreiber;Mobil M;M;neu;1,00;29,11;28,50;;24;0,00;24;1383,64;;2026-10-10;https://www.vodafone.de/privat/handys/samsung-galaxy-s26-fe.html;samsung-galaxy-s26-fe-128gb-pistachio;;
Bündel;Galaxy S26 FE;128;Vodafone;netzbetreiber;Mobil S;S;neu;1,00;29,95;28,50;;24;0,00;24;1403,80;;2026-10-10;https://www.vodafone.de/privat/handys/samsung-galaxy-s26-fe.html;samsung-galaxy-s26-fe-128gb-pistachio;;
Bündel;Galaxy S26 FE;128;Vodafone;netzbetreiber;Mobil XL;XL;neu;1,00;48,61;28,50;;24;0,00;24;1851,64;;2026-10-10;https://www.vodafone.de/privat/handys/samsung-galaxy-s26-fe.html;samsung-galaxy-s26-fe-128gb-pistachio;;
Bündel;Galaxy S26 FE;128;Vodafone;netzbetreiber;Mobil XS;XS;neu;1,00;23,95;28,50;;24;0,00;24;1259,80;;2026-10-10;https://www.vodafone.de/privat/handys/samsung-galaxy-s26-fe.html;samsung-galaxy-s26-fe-128gb-pistachio;;
Bündel;Galaxy S26 FE;256;Vodafone;netzbetreiber;Mobil L;L;neu;1,00;35,86;32,25;;24;0,00;24;1635,64;;2026-10-10;https://www.vodafone.de/privat/handys/samsung-galaxy-s26-fe.html;samsung-galaxy-s26-fe-256gb-grau;;
Bündel;Galaxy S26 FE;256;Vodafone;netzbetreiber;Mobil M;M;neu;1,00;29,11;32,25;;24;0,00;24;1473,64;;2026-10-10;https://www.vodafone.de/privat/handys/samsung-galaxy-s26-fe.html;samsung-galaxy-s26-fe-256gb-grau;;
Bündel;Galaxy S26 FE;256;Vodafone;netzbetreiber;Mobil S;S;neu;1,00;29,95;32,25;;24;0,00;24;1493,80;;2026-10-10;https://www.vodafone.de/privat/handys/samsung-galaxy-s26-fe.html;samsung-galaxy-s26-fe-256gb-grau;;
Bündel;Galaxy S26 FE;256;Vodafone;netzbetreiber;Mobil XL;XL;neu;1,00;48,61;32,25;;24;0,00;24;1941,64;;2026-10-10;https://www.vodafone.de/privat/handys/samsung-galaxy-s26-fe.html;samsung-galaxy-s26-fe-256gb-grau;;
Bündel;Galaxy S26 FE;256;Vodafone;netzbetreiber;Mobil XS;XS;neu;1,00;23,95;32,25;;24;0,00;24;1349,80;;2026-10-10;https://www.vodafone.de/privat/handys/samsung-galaxy-s26-fe.html;samsung-galaxy-s26-fe-256gb-grau;;
Bündel;Galaxy S26 FE;256;Vodafone;netzbetreiber;Mobil L;L;neu;1,00;35,86;32,25;;24;0,00;24;1635,64;;2026-10-10;https://www.vodafone.de/privat/handys/samsung-galaxy-s26-fe.html;samsung-galaxy-s26-fe-256gb-pistachio;;
Bündel;Galaxy S26 FE;256;Vodafone;netzbetreiber;Mobil M;M;neu;1,00;29,11;32,25;;24;0,00;24;1473,64;;2026-10-10;https://www.vodafone.de/privat/handys/samsung-galaxy-s26-fe.html;samsung-galaxy-s26-fe-256gb-pistachio;;
Bündel;Galaxy S26 FE;256;Vodafone;netzbetreiber;Mobil S;S;neu;1,00;29,95;32,25;;24;0,00;24;1493,80;;2026-10-10;https://www.vodafone.de/privat/handys/samsung-galaxy-s26-fe.html;samsung-galaxy-s26-fe-256gb-pistachio;;
Bündel;Galaxy S26 FE;256;Vodafone;netzbetreiber;Mobil XL;XL;neu;1,00;48,61;32,25;;24;0,00;24;1941,64;;2026-10-10;https://www.vodafone.de/privat/handys/samsung-galaxy-s26-fe.html;samsung-galaxy-s26-fe-256gb-pistachio;;
Bündel;Galaxy S26 FE;256;Vodafone;netzbetreiber;Mobil XS;XS;neu;1,00;23,95;32,25;;24;0,00;24;1349,80;;2026-10-10;https://www.vodafone.de/privat/handys/samsung-galaxy-s26-fe.html;samsung-galaxy-s26-fe-256gb-pistachio;;
Bündel;Galaxy S26 Plus;256;Vodafone;netzbetreiber;Mobil L;L;neu;1,00;35,86;48,00;;24;0,00;24;2013,64;;2026-10-10;https://www.vodafone.de/privat/handys/samsung-galaxy-s26-plus.html;samsung-galaxy-s26-plus-256gb-cobalt-violet;;
Bündel;Galaxy S26 Plus;256;Vodafone;netzbetreiber;Mobil M;M;neu;1,00;29,11;48,00;;24;0,00;24;1851,64;;2026-10-10;https://www.vodafone.de/privat/handys/samsung-galaxy-s26-plus.html;samsung-galaxy-s26-plus-256gb-cobalt-violet;;
Bündel;Galaxy S26 Plus;256;Vodafone;netzbetreiber;Mobil S;S;neu;1,00;31,45;48,00;;24;0,00;24;1907,80;;2026-10-10;https://www.vodafone.de/privat/handys/samsung-galaxy-s26-plus.html;samsung-galaxy-s26-plus-256gb-cobalt-violet;;
Bündel;Galaxy S26 Plus;256;Vodafone;netzbetreiber;Mobil XL;XL;neu;1,00;48,61;48,00;;24;0,00;24;2319,64;;2026-10-10;https://www.vodafone.de/privat/handys/samsung-galaxy-s26-plus.html;samsung-galaxy-s26-plus-256gb-cobalt-violet;;
Bündel;Galaxy S26 Plus;256;Vodafone;netzbetreiber;Mobil XS;XS;neu;1,00;23,95;48,00;;24;0,00;24;1727,80;;2026-10-10;https://www.vodafone.de/privat/handys/samsung-galaxy-s26-plus.html;samsung-galaxy-s26-plus-256gb-cobalt-violet;;
Bündel;Galaxy S26 Plus;256;Vodafone;netzbetreiber;Mobil L;L;neu;1,00;35,86;48,00;;24;0,00;24;2013,64;;2026-10-10;https://www.vodafone.de/privat/handys/samsung-galaxy-s26-plus.html;samsung-galaxy-s26-plus-256gb-schwarz;;
Bündel;Galaxy S26 Plus;256;Vodafone;netzbetreiber;Mobil M;M;neu;1,00;29,11;48,00;;24;0,00;24;1851,64;;2026-10-10;https://www.vodafone.de/privat/handys/samsung-galaxy-s26-plus.html;samsung-galaxy-s26-plus-256gb-schwarz;;
Bündel;Galaxy S26 Plus;256;Vodafone;netzbetreiber;Mobil S;S;neu;1,00;31,45;48,00;;24;0,00;24;1907,80;;2026-10-10;https://www.vodafone.de/privat/handys/samsung-galaxy-s26-plus.html;samsung-galaxy-s26-plus-256gb-schwarz;;
Bündel;Galaxy S26 Plus;256;Vodafone;netzbetreiber;Mobil XL;XL;neu;1,00;48,61;48,00;;24;0,00;24;2319,64;;2026-10-10;https://www.vodafone.de/privat/handys/samsung-galaxy-s26-plus.html;samsung-galaxy-s26-plus-256gb-schwarz;;
Bündel;Galaxy S26 Plus;256;Vodafone;netzbetreiber;Mobil XS;XS;neu;1,00;23,95;48,00;;24;0,00;24;1727,80;;2026-10-10;https://www.vodafone.de/privat/handys/samsung-galaxy-s26-plus.html;samsung-galaxy-s26-plus-256gb-schwarz;;
Bündel;Galaxy S26 Plus;256;Vodafone;netzbetreiber;Mobil L;L;neu;1,00;35,86;48,00;;24;0,00;24;2013,64;;2026-10-10;https://www.vodafone.de/privat/handys/samsung-galaxy-s26-plus.html;samsung-galaxy-s26-plus-256gb-sky-blue;;
Bündel;Galaxy S26 Plus;256;Vodafone;netzbetreiber;Mobil M;M;neu;1,00;29,11;48,00;;24;0,00;24;1851,64;;2026-10-10;https://www.vodafone.de/privat/handys/samsung-galaxy-s26-plus.html;samsung-galaxy-s26-plus-256gb-sky-blue;;
Bündel;Galaxy S26 Plus;256;Vodafone;netzbetreiber;Mobil S;S;neu;1,00;31,45;48,00;;24;0,00;24;1907,80;;2026-10-10;https://www.vodafone.de/privat/handys/samsung-galaxy-s26-plus.html;samsung-galaxy-s26-plus-256gb-sky-blue;;
Bündel;Galaxy S26 Plus;256;Vodafone;netzbetreiber;Mobil XL;XL;neu;1,00;48,61;48,00;;24;0,00;24;2319,64;;2026-10-10;https://www.vodafone.de/privat/handys/samsung-galaxy-s26-plus.html;samsung-galaxy-s26-plus-256gb-sky-blue;;
Bündel;Galaxy S26 Plus;256;Vodafone;netzbetreiber;Mobil XS;XS;neu;1,00;23,95;48,00;;24;0,00;24;1727,80;;2026-10-10;https://www.vodafone.de/privat/handys/samsung-galaxy-s26-plus.html;samsung-galaxy-s26-plus-256gb-sky-blue;;
Bündel;Galaxy S26 Plus;256;Vodafone;netzbetreiber;Mobil L;L;neu;1,00;35,86;48,00;;24;0,00;24;2013,64;;2026-10-10;https://www.vodafone.de/privat/handys/samsung-galaxy-s26-plus.html;samsung-galaxy-s26-plus-256gb-weiss;;
Bündel;Galaxy S26 Plus;256;Vodafone;netzbetreiber;Mobil M;M;neu;1,00;29,11;48,00;;24;0,00;24;1851,64;;2026-10-10;https://www.vodafone.de/privat/handys/samsung-galaxy-s26-plus.html;samsung-galaxy-s26-plus-256gb-weiss;;
Bündel;Galaxy S26 Plus;256;Vodafone;netzbetreiber;Mobil S;S;neu;1,00;31,45;48,00;;24;0,00;24;1907,80;;2026-10-10;https://www.vodafone.de/privat/handys/samsung-galaxy-s26-plus.html;samsung-galaxy-s26-plus-256gb-weiss;;
Bündel;Galaxy S26 Plus;256;Vodafone;netzbetreiber;Mobil XL;XL;neu;1,00;48,61;48,00;;24;0,00;24;2319,64;;2026-10-10;https://www.vodafone.de/privat/handys/samsung-galaxy-s26-plus.html;samsung-galaxy-s26-plus-256gb-weiss;;
Bündel;Galaxy S26 Plus;256;Vodafone;netzbetreiber;Mobil XS;XS;neu;1,00;23,95;48,00;;24;0,00;24;1727,80;;2026-10-10;https://www.vodafone.de/privat/handys/samsung-galaxy-s26-plus.html;samsung-galaxy-s26-plus-256gb-weiss;;
Bündel;Galaxy S26 Plus;512;Vodafone;netzbetreiber;Mobil M;M;neu;1,00;51,95;53,25;;24;0,00;24;2525,80;;2026-09-06;https://www.vodafone.de/privat/handys/samsung-galaxy-s26-plus.html;samsung-galaxy-s26-plus-512gb-schwarz;veraltet;
Bündel;Galaxy S26 Plus;512;Vodafone;netzbetreiber;Mobil L;L;neu;1,00;35,86;55,50;;24;0,00;24;2193,64;;2026-10-10;https://www.vodafone.de/privat/handys/samsung-galaxy-s26-plus.html;samsung-galaxy-s26-plus-512gb-sky-blue;;
Bündel;Galaxy S26 Plus;512;Vodafone;netzbetreiber;Mobil M;M;neu;1,00;29,11;55,50;;24;0,00;24;2031,64;;2026-10-10;https://www.vodafone.de/privat/handys/samsung-galaxy-s26-plus.html;samsung-galaxy-s26-plus-512gb-sky-blue;;
Bündel;Galaxy S26 Plus;512;Vodafone;netzbetreiber;Mobil S;S;neu;1,00;31,45;55,50;;24;0,00;24;2087,80;;2026-10-10;https://www.vodafone.de/privat/handys/samsung-galaxy-s26-plus.html;samsung-galaxy-s26-plus-512gb-sky-blue;;
Bündel;Galaxy S26 Plus;512;Vodafone;netzbetreiber;Mobil XL;XL;neu;1,00;48,61;55,50;;24;0,00;24;2499,64;;2026-10-10;https://www.vodafone.de/privat/handys/samsung-galaxy-s26-plus.html;samsung-galaxy-s26-plus-512gb-sky-blue;;
Bündel;Galaxy S26 Plus;512;Vodafone;netzbetreiber;Mobil XS;XS;neu;1,00;23,95;55,50;;24;0,00;24;1907,80;;2026-10-10;https://www.vodafone.de/privat/handys/samsung-galaxy-s26-plus.html;samsung-galaxy-s26-plus-512gb-sky-blue;;
Bündel;Galaxy S26 Plus;512;Vodafone;netzbetreiber;Mobil M;M;neu;1,00;51,95;53,25;;24;0,00;24;2525,80;;2026-09-16;https://www.vodafone.de/privat/handys/samsung-galaxy-s26-plus.html;samsung-galaxy-s26-plus-512gb-weiss;veraltet;
Bündel;Galaxy S26 Ultra;1024;Vodafone;netzbetreiber;Mobil L;L;neu;1,00;35,86;69,75;;24;0,00;24;2535,64;;2026-10-10;https://www.vodafone.de/privat/handys/samsung-galaxy-s26-ultra.html;samsung-galaxy-s26-ultra-1024gb-schwarz;;
Bündel;Galaxy S26 Ultra;1024;Vodafone;netzbetreiber;Mobil M;M;neu;1,00;29,11;69,75;;24;0,00;24;2373,64;;2026-10-10;https://www.vodafone.de/privat/handys/samsung-galaxy-s26-ultra.html;samsung-galaxy-s26-ultra-1024gb-schwarz;;
Bündel;Galaxy S26 Ultra;1024;Vodafone;netzbetreiber;Mobil S;S;neu;1,00;31,45;69,75;;24;0,00;24;2429,80;;2026-10-10;https://www.vodafone.de/privat/handys/samsung-galaxy-s26-ultra.html;samsung-galaxy-s26-ultra-1024gb-schwarz;;
Bündel;Galaxy S26 Ultra;1024;Vodafone;netzbetreiber;Mobil XL;XL;neu;1,00;48,61;69,75;;24;0,00;24;2841,64;;2026-10-10;https://www.vodafone.de/privat/handys/samsung-galaxy-s26-ultra.html;samsung-galaxy-s26-ultra-1024gb-schwarz;;
Bündel;Galaxy S26 Ultra;1024;Vodafone;netzbetreiber;Mobil XS;XS;neu;1,00;23,95;69,75;;24;0,00;24;2249,80;;2026-10-10;https://www.vodafone.de/privat/handys/samsung-galaxy-s26-ultra.html;samsung-galaxy-s26-ultra-1024gb-schwarz;;
Bündel;Galaxy S26 Ultra;256;Vodafone;netzbetreiber;Mobil L;L;neu;1,00;35,86;51,00;;24;0,00;24;2085,64;;2026-10-10;https://www.vodafone.de/privat/handys/samsung-galaxy-s26-ultra.html;samsung-galaxy-s26-ultra-256gb-cobalt-violet;;
Bündel;Galaxy S26 Ultra;256;Vodafone;netzbetreiber;Mobil M;M;neu;1,00;29,11;51,00;;24;0,00;24;1923,64;;2026-10-10;https://www.vodafone.de/privat/handys/samsung-galaxy-s26-ultra.html;samsung-galaxy-s26-ultra-256gb-cobalt-violet;;
Bündel;Galaxy S26 Ultra;256;Vodafone;netzbetreiber;Mobil S;S;neu;1,00;31,45;51,00;;24;0,00;24;1979,80;;2026-10-10;https://www.vodafone.de/privat/handys/samsung-galaxy-s26-ultra.html;samsung-galaxy-s26-ultra-256gb-cobalt-violet;;
Bündel;Galaxy S26 Ultra;256;Vodafone;netzbetreiber;Mobil XL;XL;neu;1,00;48,61;51,00;;24;0,00;24;2391,64;;2026-10-10;https://www.vodafone.de/privat/handys/samsung-galaxy-s26-ultra.html;samsung-galaxy-s26-ultra-256gb-cobalt-violet;;
Bündel;Galaxy S26 Ultra;256;Vodafone;netzbetreiber;Mobil XS;XS;neu;1,00;23,95;51,00;;24;0,00;24;1799,80;;2026-10-10;https://www.vodafone.de/privat/handys/samsung-galaxy-s26-ultra.html;samsung-galaxy-s26-ultra-256gb-cobalt-violet;;
Bündel;Galaxy S26 Ultra;256;Vodafone;netzbetreiber;Mobil L;L;neu;1,00;35,86;51,00;;24;0,00;24;2085,64;;2026-10-10;https://www.vodafone.de/privat/handys/samsung-galaxy-s26-ultra.html;samsung-galaxy-s26-ultra-256gb-schwarz;;
Bündel;Galaxy S26 Ultra;256;Vodafone;netzbetreiber;Mobil M;M;neu;1,00;29,11;51,00;;24;0,00;24;1923,64;;2026-10-10;https://www.vodafone.de/privat/handys/samsung-galaxy-s26-ultra.html;samsung-galaxy-s26-ultra-256gb-schwarz;;
Bündel;Galaxy S26 Ultra;256;Vodafone;netzbetreiber;Mobil S;S;neu;1,00;31,45;51,00;;24;0,00;24;1979,80;;2026-10-10;https://www.vodafone.de/privat/handys/samsung-galaxy-s26-ultra.html;samsung-galaxy-s26-ultra-256gb-schwarz;;
Bündel;Galaxy S26 Ultra;256;Vodafone;netzbetreiber;Mobil XL;XL;neu;1,00;48,61;51,00;;24;0,00;24;2391,64;;2026-10-10;https://www.vodafone.de/privat/handys/samsung-galaxy-s26-ultra.html;samsung-galaxy-s26-ultra-256gb-schwarz;;
Bündel;Galaxy S26 Ultra;256;Vodafone;netzbetreiber;Mobil XS;XS;neu;1,00;23,95;51,00;;24;0,00;24;1799,80;;2026-10-10;https://www.vodafone.de/privat/handys/samsung-galaxy-s26-ultra.html;samsung-galaxy-s26-ultra-256gb-schwarz;;
Bündel;Galaxy S26 Ultra;256;Vodafone;netzbetreiber;Mobil L;L;neu;1,00;35,86;51,00;;24;0,00;24;2085,64;;2026-10-10;https://www.vodafone.de/privat/handys/samsung-galaxy-s26-ultra.html;samsung-galaxy-s26-ultra-256gb-sky-blue;;
Bündel;Galaxy S26 Ultra;256;Vodafone;netzbetreiber;Mobil M;M;neu;1,00;29,11;51,00;;24;0,00;24;1923,64;;2026-10-10;https://www.vodafone.de/privat/handys/samsung-galaxy-s26-ultra.html;samsung-galaxy-s26-ultra-256gb-sky-blue;;
Bündel;Galaxy S26 Ultra;256;Vodafone;netzbetreiber;Mobil S;S;neu;1,00;31,45;51,00;;24;0,00;24;1979,80;;2026-10-10;https://www.vodafone.de/privat/handys/samsung-galaxy-s26-ultra.html;samsung-galaxy-s26-ultra-256gb-sky-blue;;
Bündel;Galaxy S26 Ultra;256;Vodafone;netzbetreiber;Mobil XL;XL;neu;1,00;48,61;51,00;;24;0,00;24;2391,64;;2026-10-10;https://www.vodafone.de/privat/handys/samsung-galaxy-s26-ultra.html;samsung-galaxy-s26-ultra-256gb-sky-blue;;
Bündel;Galaxy S26 Ultra;256;Vodafone;netzbetreiber;Mobil XS;XS;neu;1,00;23,95;51,00;;24;0,00;24;1799,80;;2026-10-10;https://www.vodafone.de/privat/handys/samsung-galaxy-s26-ultra.html;samsung-galaxy-s26-ultra-256gb-sky-blue;;
Bündel;Galaxy S26 Ultra;256;Vodafone;netzbetreiber;Mobil L;L;neu;1,00;35,86;51,00;;24;0,00;24;2085,64;;2026-10-10;https://www.vodafone.de/privat/handys/samsung-galaxy-s26-ultra.html;samsung-galaxy-s26-ultra-256gb-weiss;;
Bündel;Galaxy S26 Ultra;256;Vodafone;netzbetreiber;Mobil M;M;neu;1,00;29,11;51,00;;24;0,00;24;1923,64;;2026-10-10;https://www.vodafone.de/privat/handys/samsung-galaxy-s26-ultra.html;samsung-galaxy-s26-ultra-256gb-weiss;;
Bündel;Galaxy S26 Ultra;256;Vodafone;netzbetreiber;Mobil S;S;neu;1,00;31,45;51,00;;24;0,00;24;1979,80;;2026-10-10;https://www.vodafone.de/privat/handys/samsung-galaxy-s26-ultra.html;samsung-galaxy-s26-ultra-256gb-weiss;;
Bündel;Galaxy S26 Ultra;256;Vodafone;netzbetreiber;Mobil XL;XL;neu;1,00;48,61;51,00;;24;0,00;24;2391,64;;2026-10-10;https://www.vodafone.de/privat/handys/samsung-galaxy-s26-ultra.html;samsung-galaxy-s26-ultra-256gb-weiss;;
Bündel;Galaxy S26 Ultra;256;Vodafone;netzbetreiber;Mobil XS;XS;neu;1,00;23,95;51,00;;24;0,00;24;1799,80;;2026-10-10;https://www.vodafone.de/privat/handys/samsung-galaxy-s26-ultra.html;samsung-galaxy-s26-ultra-256gb-weiss;;
Bündel;Galaxy S26 Ultra;512;Vodafone;netzbetreiber;Mobil L;L;neu;1,00;35,86;58,50;;24;0,00;24;2265,64;;2026-10-10;https://www.vodafone.de/privat/handys/samsung-galaxy-s26-ultra.html;samsung-galaxy-s26-ultra-512gb-cobalt-violet;;
Bündel;Galaxy S26 Ultra;512;Vodafone;netzbetreiber;Mobil M;M;neu;1,00;29,11;58,50;;24;0,00;24;2103,64;;2026-10-10;https://www.vodafone.de/privat/handys/samsung-galaxy-s26-ultra.html;samsung-galaxy-s26-ultra-512gb-cobalt-violet;;
Bündel;Galaxy S26 Ultra;512;Vodafone;netzbetreiber;Mobil S;S;neu;1,00;31,45;58,50;;24;0,00;24;2159,80;;2026-10-10;https://www.vodafone.de/privat/handys/samsung-galaxy-s26-ultra.html;samsung-galaxy-s26-ultra-512gb-cobalt-violet;;
Bündel;Galaxy S26 Ultra;512;Vodafone;netzbetreiber;Mobil XL;XL;neu;1,00;48,61;58,50;;24;0,00;24;2571,64;;2026-10-10;https://www.vodafone.de/privat/handys/samsung-galaxy-s26-ultra.html;samsung-galaxy-s26-ultra-512gb-cobalt-violet;;
Bündel;Galaxy S26 Ultra;512;Vodafone;netzbetreiber;Mobil XS;XS;neu;1,00;23,95;58,50;;24;0,00;24;1979,80;;2026-10-10;https://www.vodafone.de/privat/handys/samsung-galaxy-s26-ultra.html;samsung-galaxy-s26-ultra-512gb-cobalt-violet;;
Bündel;Galaxy S26 Ultra;512;Vodafone;netzbetreiber;Mobil L;L;neu;1,00;35,86;58,50;;24;0,00;24;2265,64;;2026-10-10;https://www.vodafone.de/privat/handys/samsung-galaxy-s26-ultra.html;samsung-galaxy-s26-ultra-512gb-schwarz;;
Bündel;Galaxy S26 Ultra;512;Vodafone;netzbetreiber;Mobil M;M;neu;1,00;29,11;58,50;;24;0,00;24;2103,64;;2026-10-10;https://www.vodafone.de/privat/handys/samsung-galaxy-s26-ultra.html;samsung-galaxy-s26-ultra-512gb-schwarz;;
Bündel;Galaxy S26 Ultra;512;Vodafone;netzbetreiber;Mobil S;S;neu;1,00;31,45;58,50;;24;0,00;24;2159,80;;2026-10-10;https://www.vodafone.de/privat/handys/samsung-galaxy-s26-ultra.html;samsung-galaxy-s26-ultra-512gb-schwarz;;
Bündel;Galaxy S26 Ultra;512;Vodafone;netzbetreiber;Mobil XL;XL;neu;1,00;48,61;58,50;;24;0,00;24;2571,64;;2026-10-10;https://www.vodafone.de/privat/handys/samsung-galaxy-s26-ultra.html;samsung-galaxy-s26-ultra-512gb-schwarz;;
Bündel;Galaxy S26 Ultra;512;Vodafone;netzbetreiber;Mobil XS;XS;neu;1,00;23,95;58,50;;24;0,00;24;1979,80;;2026-10-10;https://www.vodafone.de/privat/handys/samsung-galaxy-s26-ultra.html;samsung-galaxy-s26-ultra-512gb-schwarz;;
Bündel;Galaxy S26 Ultra;512;Vodafone;netzbetreiber;Mobil L;L;neu;1,00;35,86;58,50;;24;0,00;24;2265,64;;2026-10-10;https://www.vodafone.de/privat/handys/samsung-galaxy-s26-ultra.html;samsung-galaxy-s26-ultra-512gb-sky-blue;;
Bündel;Galaxy S26 Ultra;512;Vodafone;netzbetreiber;Mobil M;M;neu;1,00;29,11;58,50;;24;0,00;24;2103,64;;2026-10-10;https://www.vodafone.de/privat/handys/samsung-galaxy-s26-ultra.html;samsung-galaxy-s26-ultra-512gb-sky-blue;;
Bündel;Galaxy S26 Ultra;512;Vodafone;netzbetreiber;Mobil S;S;neu;1,00;31,45;58,50;;24;0,00;24;2159,80;;2026-10-10;https://www.vodafone.de/privat/handys/samsung-galaxy-s26-ultra.html;samsung-galaxy-s26-ultra-512gb-sky-blue;;
Bündel;Galaxy S26 Ultra;512;Vodafone;netzbetreiber;Mobil XL;XL;neu;1,00;48,61;58,50;;24;0,00;24;2571,64;;2026-10-10;https://www.vodafone.de/privat/handys/samsung-galaxy-s26-ultra.html;samsung-galaxy-s26-ultra-512gb-sky-blue;;
Bündel;Galaxy S26 Ultra;512;Vodafone;netzbetreiber;Mobil XS;XS;neu;1,00;23,95;58,50;;24;0,00;24;1979,80;;2026-10-10;https://www.vodafone.de/privat/handys/samsung-galaxy-s26-ultra.html;samsung-galaxy-s26-ultra-512gb-sky-blue;;
Bündel;Galaxy S26 Ultra;512;Vodafone;netzbetreiber;Mobil L;L;neu;1,00;35,86;58,50;;24;0,00;24;2265,64;;2026-10-10;https://www.vodafone.de/privat/handys/samsung-galaxy-s26-ultra.html;samsung-galaxy-s26-ultra-512gb-weiss;;
Bündel;Galaxy S26 Ultra;512;Vodafone;netzbetreiber;Mobil M;M;neu;1,00;29,11;58,50;;24;0,00;24;2103,64;;2026-10-10;https://www.vodafone.de/privat/handys/samsung-galaxy-s26-ultra.html;samsung-galaxy-s26-ultra-512gb-weiss;;
Bündel;Galaxy S26 Ultra;512;Vodafone;netzbetreiber;Mobil S;S;neu;1,00;31,45;58,50;;24;0,00;24;2159,80;;2026-10-10;https://www.vodafone.de/privat/handys/samsung-galaxy-s26-ultra.html;samsung-galaxy-s26-ultra-512gb-weiss;;
Bündel;Galaxy S26 Ultra;512;Vodafone;netzbetreiber;Mobil XL;XL;neu;1,00;48,61;58,50;;24;0,00;24;2571,64;;2026-10-10;https://www.vodafone.de/privat/handys/samsung-galaxy-s26-ultra.html;samsung-galaxy-s26-ultra-512gb-weiss;;
Bündel;Galaxy S26 Ultra;512;Vodafone;netzbetreiber;Mobil XS;XS;neu;1,00;23,95;58,50;;24;0,00;24;1979,80;;2026-10-10;https://www.vodafone.de/privat/handys/samsung-galaxy-s26-ultra.html;samsung-galaxy-s26-ultra-512gb-weiss;;
Bündel;Galaxy Z Flip 7;256;Vodafone;netzbetreiber;Mobil L;L;neu;1,00;35,86;44,25;;24;0,00;24;1923,64;;2026-10-10;https://www.vodafone.de/privat/handys/samsung-galaxy-z-flip7.html;samsung-galaxy-z-flip-7-256gb-jetblack;;
Bündel;Galaxy Z Flip 7;256;Vodafone;netzbetreiber;Mobil M;M;neu;1,00;29,11;44,25;;24;0,00;24;1761,64;;2026-10-10;https://www.vodafone.de/privat/handys/samsung-galaxy-z-flip7.html;samsung-galaxy-z-flip-7-256gb-jetblack;;
Bündel;Galaxy Z Flip 7;256;Vodafone;netzbetreiber;Mobil S;S;neu;1,00;31,45;44,25;;24;0,00;24;1817,80;;2026-10-10;https://www.vodafone.de/privat/handys/samsung-galaxy-z-flip7.html;samsung-galaxy-z-flip-7-256gb-jetblack;;
Bündel;Galaxy Z Flip 7;256;Vodafone;netzbetreiber;Mobil XL;XL;neu;1,00;48,61;44,25;;24;0,00;24;2229,64;;2026-10-10;https://www.vodafone.de/privat/handys/samsung-galaxy-z-flip7.html;samsung-galaxy-z-flip-7-256gb-jetblack;;
Bündel;Galaxy Z Flip 7;256;Vodafone;netzbetreiber;Mobil XS;XS;neu;1,00;23,95;44,25;;24;0,00;24;1637,80;;2026-10-10;https://www.vodafone.de/privat/handys/samsung-galaxy-z-flip7.html;samsung-galaxy-z-flip-7-256gb-jetblack;;
Bündel;Galaxy Z Flip8;256;Vodafone;netzbetreiber;Mobil L;L;neu;1,00;35,86;45,75;;24;0,00;24;1959,64;;2026-10-10;https://www.vodafone.de/privat/handys/samsung-galaxy-z-flip8.html;samsung-galaxy-z-flip8-256gb-cream;;
Bündel;Galaxy Z Flip8;256;Vodafone;netzbetreiber;Mobil M;M;neu;1,00;29,11;45,75;;24;0,00;24;1797,64;;2026-10-10;https://www.vodafone.de/privat/handys/samsung-galaxy-z-flip8.html;samsung-galaxy-z-flip8-256gb-cream;;
Bündel;Galaxy Z Flip8;256;Vodafone;netzbetreiber;Mobil S;S;neu;1,00;31,45;45,75;;24;0,00;24;1853,80;;2026-10-10;https://www.vodafone.de/privat/handys/samsung-galaxy-z-flip8.html;samsung-galaxy-z-flip8-256gb-cream;;
Bündel;Galaxy Z Flip8;256;Vodafone;netzbetreiber;Mobil XL;XL;neu;1,00;48,61;45,75;;24;0,00;24;2265,64;;2026-10-10;https://www.vodafone.de/privat/handys/samsung-galaxy-z-flip8.html;samsung-galaxy-z-flip8-256gb-cream;;
Bündel;Galaxy Z Flip8;256;Vodafone;netzbetreiber;Mobil XS;XS;neu;1,00;23,95;45,75;;24;0,00;24;1673,80;;2026-10-10;https://www.vodafone.de/privat/handys/samsung-galaxy-z-flip8.html;samsung-galaxy-z-flip8-256gb-cream;;
Bündel;Galaxy Z Flip8;256;Vodafone;netzbetreiber;Mobil L;L;neu;1,00;35,86;45,75;;24;0,00;24;1959,64;;2026-10-10;https://www.vodafone.de/privat/handys/samsung-galaxy-z-flip8.html;samsung-galaxy-z-flip8-256gb-grau;;
Bündel;Galaxy Z Flip8;256;Vodafone;netzbetreiber;Mobil M;M;neu;1,00;29,11;45,75;;24;0,00;24;1797,64;;2026-10-10;https://www.vodafone.de/privat/handys/samsung-galaxy-z-flip8.html;samsung-galaxy-z-flip8-256gb-grau;;
Bündel;Galaxy Z Flip8;256;Vodafone;netzbetreiber;Mobil S;S;neu;1,00;31,45;45,75;;24;0,00;24;1853,80;;2026-10-10;https://www.vodafone.de/privat/handys/samsung-galaxy-z-flip8.html;samsung-galaxy-z-flip8-256gb-grau;;
Bündel;Galaxy Z Flip8;256;Vodafone;netzbetreiber;Mobil XL;XL;neu;1,00;48,61;45,75;;24;0,00;24;2265,64;;2026-10-10;https://www.vodafone.de/privat/handys/samsung-galaxy-z-flip8.html;samsung-galaxy-z-flip8-256gb-grau;;
Bündel;Galaxy Z Flip8;256;Vodafone;netzbetreiber;Mobil XS;XS;neu;1,00;23,95;45,75;;24;0,00;24;1673,80;;2026-10-10;https://www.vodafone.de/privat/handys/samsung-galaxy-z-flip8.html;samsung-galaxy-z-flip8-256gb-grau;;
Bündel;Galaxy Z Flip8;256;Vodafone;netzbetreiber;Mobil L;L;neu;1,00;35,86;45,75;;24;0,00;24;1959,64;;2026-10-10;https://www.vodafone.de/privat/handys/samsung-galaxy-z-flip8.html;samsung-galaxy-z-flip8-256gb-rosa;;
Bündel;Galaxy Z Flip8;256;Vodafone;netzbetreiber;Mobil M;M;neu;1,00;29,11;45,75;;24;0,00;24;1797,64;;2026-10-10;https://www.vodafone.de/privat/handys/samsung-galaxy-z-flip8.html;samsung-galaxy-z-flip8-256gb-rosa;;
Bündel;Galaxy Z Flip8;256;Vodafone;netzbetreiber;Mobil S;S;neu;1,00;31,45;45,75;;24;0,00;24;1853,80;;2026-10-10;https://www.vodafone.de/privat/handys/samsung-galaxy-z-flip8.html;samsung-galaxy-z-flip8-256gb-rosa;;
Bündel;Galaxy Z Flip8;256;Vodafone;netzbetreiber;Mobil XL;XL;neu;1,00;48,61;45,75;;24;0,00;24;2265,64;;2026-10-10;https://www.vodafone.de/privat/handys/samsung-galaxy-z-flip8.html;samsung-galaxy-z-flip8-256gb-rosa;;
Bündel;Galaxy Z Flip8;256;Vodafone;netzbetreiber;Mobil XS;XS;neu;1,00;23,95;45,75;;24;0,00;24;1673,80;;2026-10-10;https://www.vodafone.de/privat/handys/samsung-galaxy-z-flip8.html;samsung-galaxy-z-flip8-256gb-rosa;;
Bündel;Galaxy Z Flip8;512;Vodafone;netzbetreiber;Mobil L;L;neu;1,00;35,86;54,00;;24;0,00;24;2157,64;;2026-10-10;https://www.vodafone.de/privat/handys/samsung-galaxy-z-flip8.html;samsung-galaxy-z-flip8-512gb-cream;;
Bündel;Galaxy Z Flip8;512;Vodafone;netzbetreiber;Mobil M;M;neu;1,00;29,11;54,00;;24;0,00;24;1995,64;;2026-10-10;https://www.vodafone.de/privat/handys/samsung-galaxy-z-flip8.html;samsung-galaxy-z-flip8-512gb-cream;;
Bündel;Galaxy Z Flip8;512;Vodafone;netzbetreiber;Mobil S;S;neu;1,00;31,45;54,00;;24;0,00;24;2051,80;;2026-10-10;https://www.vodafone.de/privat/handys/samsung-galaxy-z-flip8.html;samsung-galaxy-z-flip8-512gb-cream;;
Bündel;Galaxy Z Flip8;512;Vodafone;netzbetreiber;Mobil XL;XL;neu;1,00;48,61;54,00;;24;0,00;24;2463,64;;2026-10-10;https://www.vodafone.de/privat/handys/samsung-galaxy-z-flip8.html;samsung-galaxy-z-flip8-512gb-cream;;
Bündel;Galaxy Z Flip8;512;Vodafone;netzbetreiber;Mobil XS;XS;neu;1,00;23,95;54,00;;24;0,00;24;1871,80;;2026-10-10;https://www.vodafone.de/privat/handys/samsung-galaxy-z-flip8.html;samsung-galaxy-z-flip8-512gb-cream;;
Bündel;Galaxy Z Flip8;512;Vodafone;netzbetreiber;Mobil L;L;neu;1,00;35,86;54,00;;24;0,00;24;2157,64;;2026-10-10;https://www.vodafone.de/privat/handys/samsung-galaxy-z-flip8.html;samsung-galaxy-z-flip8-512gb-grau;;
Bündel;Galaxy Z Flip8;512;Vodafone;netzbetreiber;Mobil M;M;neu;1,00;29,11;54,00;;24;0,00;24;1995,64;;2026-10-10;https://www.vodafone.de/privat/handys/samsung-galaxy-z-flip8.html;samsung-galaxy-z-flip8-512gb-grau;;
Bündel;Galaxy Z Flip8;512;Vodafone;netzbetreiber;Mobil S;S;neu;1,00;31,45;54,00;;24;0,00;24;2051,80;;2026-10-10;https://www.vodafone.de/privat/handys/samsung-galaxy-z-flip8.html;samsung-galaxy-z-flip8-512gb-grau;;
Bündel;Galaxy Z Flip8;512;Vodafone;netzbetreiber;Mobil XL;XL;neu;1,00;48,61;54,00;;24;0,00;24;2463,64;;2026-10-10;https://www.vodafone.de/privat/handys/samsung-galaxy-z-flip8.html;samsung-galaxy-z-flip8-512gb-grau;;
Bündel;Galaxy Z Flip8;512;Vodafone;netzbetreiber;Mobil XS;XS;neu;1,00;23,95;54,00;;24;0,00;24;1871,80;;2026-10-10;https://www.vodafone.de/privat/handys/samsung-galaxy-z-flip8.html;samsung-galaxy-z-flip8-512gb-grau;;
Bündel;Galaxy Z Flip8;512;Vodafone;netzbetreiber;Mobil L;L;neu;1,00;35,86;54,00;;24;0,00;24;2157,64;;2026-10-10;https://www.vodafone.de/privat/handys/samsung-galaxy-z-flip8.html;samsung-galaxy-z-flip8-512gb-rosa;;
Bündel;Galaxy Z Flip8;512;Vodafone;netzbetreiber;Mobil M;M;neu;1,00;29,11;54,00;;24;0,00;24;1995,64;;2026-10-10;https://www.vodafone.de/privat/handys/samsung-galaxy-z-flip8.html;samsung-galaxy-z-flip8-512gb-rosa;;
Bündel;Galaxy Z Flip8;512;Vodafone;netzbetreiber;Mobil S;S;neu;1,00;31,45;54,00;;24;0,00;24;2051,80;;2026-10-10;https://www.vodafone.de/privat/handys/samsung-galaxy-z-flip8.html;samsung-galaxy-z-flip8-512gb-rosa;;
Bündel;Galaxy Z Flip8;512;Vodafone;netzbetreiber;Mobil XL;XL;neu;1,00;48,61;54,00;;24;0,00;24;2463,64;;2026-10-10;https://www.vodafone.de/privat/handys/samsung-galaxy-z-flip8.html;samsung-galaxy-z-flip8-512gb-rosa;;
Bündel;Galaxy Z Flip8;512;Vodafone;netzbetreiber;Mobil XS;XS;neu;1,00;23,95;54,00;;24;0,00;24;1871,80;;2026-10-10;https://www.vodafone.de/privat/handys/samsung-galaxy-z-flip8.html;samsung-galaxy-z-flip8-512gb-rosa;;
Bündel;Galaxy Z Fold 7;256;Vodafone;netzbetreiber;Mobil L;L;neu;1,00;35,86;69,75;;24;0,00;24;2535,64;;2026-10-10;https://www.vodafone.de/privat/handys/samsung-galaxy-z-fold7.html;samsung-galaxy-z-fold-7-256gb-jetblack;;
Bündel;Galaxy Z Fold 7;256;Vodafone;netzbetreiber;Mobil M;M;neu;1,00;29,11;69,75;;24;0,00;24;2373,64;;2026-10-10;https://www.vodafone.de/privat/handys/samsung-galaxy-z-fold7.html;samsung-galaxy-z-fold-7-256gb-jetblack;;
Bündel;Galaxy Z Fold 7;256;Vodafone;netzbetreiber;Mobil S;S;neu;1,00;31,45;69,75;;24;0,00;24;2429,80;;2026-10-10;https://www.vodafone.de/privat/handys/samsung-galaxy-z-fold7.html;samsung-galaxy-z-fold-7-256gb-jetblack;;
Bündel;Galaxy Z Fold 7;256;Vodafone;netzbetreiber;Mobil XL;XL;neu;1,00;48,61;69,75;;24;0,00;24;2841,64;;2026-10-10;https://www.vodafone.de/privat/handys/samsung-galaxy-z-fold7.html;samsung-galaxy-z-fold-7-256gb-jetblack;;
Bündel;Galaxy Z Fold 7;256;Vodafone;netzbetreiber;Mobil XS;XS;neu;1,00;23,95;69,75;;24;0,00;24;2249,80;;2026-10-10;https://www.vodafone.de/privat/handys/samsung-galaxy-z-fold7.html;samsung-galaxy-z-fold-7-256gb-jetblack;;
Bündel;Galaxy Z Fold8;256;Vodafone;netzbetreiber;Mobil L;L;neu;0,99;35,86;67,50;;24;0,00;24;2481,63;;2026-10-10;https://www.vodafone.de/privat/handys/samsung-galaxy-z-fold8.html;samsung-galaxy-z-fold8-256gb-cream;;
Bündel;Galaxy Z Fold8;256;Vodafone;netzbetreiber;Mobil M;M;neu;0,99;29,11;67,50;;24;0,00;24;2319,63;;2026-10-10;https://www.vodafone.de/privat/handys/samsung-galaxy-z-fold8.html;samsung-galaxy-z-fold8-256gb-cream;;
Bündel;Galaxy Z Fold8;256;Vodafone;netzbetreiber;Mobil S;S;neu;0,99;31,45;67,50;;24;0,00;24;2375,79;;2026-10-10;https://www.vodafone.de/privat/handys/samsung-galaxy-z-fold8.html;samsung-galaxy-z-fold8-256gb-cream;;
Bündel;Galaxy Z Fold8;256;Vodafone;netzbetreiber;Mobil XL;XL;neu;0,99;48,61;67,50;;24;0,00;24;2787,63;;2026-10-10;https://www.vodafone.de/privat/handys/samsung-galaxy-z-fold8.html;samsung-galaxy-z-fold8-256gb-cream;;
Bündel;Galaxy Z Fold8;256;Vodafone;netzbetreiber;Mobil XS;XS;neu;0,99;23,95;67,50;;24;0,00;24;2195,79;;2026-10-10;https://www.vodafone.de/privat/handys/samsung-galaxy-z-fold8.html;samsung-galaxy-z-fold8-256gb-cream;;
Bündel;Galaxy Z Fold8;256;Vodafone;netzbetreiber;Mobil L;L;neu;0,99;35,86;67,50;;24;0,00;24;2481,63;;2026-10-10;https://www.vodafone.de/privat/handys/samsung-galaxy-z-fold8.html;samsung-galaxy-z-fold8-256gb-grau;;
Bündel;Galaxy Z Fold8;256;Vodafone;netzbetreiber;Mobil M;M;neu;0,99;29,11;67,50;;24;0,00;24;2319,63;;2026-10-10;https://www.vodafone.de/privat/handys/samsung-galaxy-z-fold8.html;samsung-galaxy-z-fold8-256gb-grau;;
Bündel;Galaxy Z Fold8;256;Vodafone;netzbetreiber;Mobil S;S;neu;0,99;31,45;67,50;;24;0,00;24;2375,79;;2026-10-10;https://www.vodafone.de/privat/handys/samsung-galaxy-z-fold8.html;samsung-galaxy-z-fold8-256gb-grau;;
Bündel;Galaxy Z Fold8;256;Vodafone;netzbetreiber;Mobil XL;XL;neu;0,99;48,61;67,50;;24;0,00;24;2787,63;;2026-10-10;https://www.vodafone.de/privat/handys/samsung-galaxy-z-fold8.html;samsung-galaxy-z-fold8-256gb-grau;;
Bündel;Galaxy Z Fold8;256;Vodafone;netzbetreiber;Mobil XS;XS;neu;0,99;23,95;67,50;;24;0,00;24;2195,79;;2026-10-10;https://www.vodafone.de/privat/handys/samsung-galaxy-z-fold8.html;samsung-galaxy-z-fold8-256gb-grau;;
Bündel;Galaxy Z Fold8;256;Vodafone;netzbetreiber;Mobil L;L;neu;0,99;35,86;67,50;;24;0,00;24;2481,63;;2026-10-10;https://www.vodafone.de/privat/handys/samsung-galaxy-z-fold8.html;samsung-galaxy-z-fold8-256gb-violett;;
Bündel;Galaxy Z Fold8;256;Vodafone;netzbetreiber;Mobil M;M;neu;0,99;29,11;67,50;;24;0,00;24;2319,63;;2026-10-10;https://www.vodafone.de/privat/handys/samsung-galaxy-z-fold8.html;samsung-galaxy-z-fold8-256gb-violett;;
Bündel;Galaxy Z Fold8;256;Vodafone;netzbetreiber;Mobil S;S;neu;0,99;31,45;67,50;;24;0,00;24;2375,79;;2026-10-10;https://www.vodafone.de/privat/handys/samsung-galaxy-z-fold8.html;samsung-galaxy-z-fold8-256gb-violett;;
Bündel;Galaxy Z Fold8;256;Vodafone;netzbetreiber;Mobil XL;XL;neu;0,99;48,61;67,50;;24;0,00;24;2787,63;;2026-10-10;https://www.vodafone.de/privat/handys/samsung-galaxy-z-fold8.html;samsung-galaxy-z-fold8-256gb-violett;;
Bündel;Galaxy Z Fold8;256;Vodafone;netzbetreiber;Mobil XS;XS;neu;0,99;23,95;67,50;;24;0,00;24;2195,79;;2026-10-10;https://www.vodafone.de/privat/handys/samsung-galaxy-z-fold8.html;samsung-galaxy-z-fold8-256gb-violett;;
Bündel;Galaxy Z Fold8;512;Vodafone;netzbetreiber;Mobil L;L;neu;1,00;35,86;75,75;;24;0,00;24;2679,64;;2026-10-10;https://www.vodafone.de/privat/handys/samsung-galaxy-z-fold8.html;samsung-galaxy-z-fold8-512gb-cream;;
Bündel;Galaxy Z Fold8;512;Vodafone;netzbetreiber;Mobil M;M;neu;1,00;29,11;75,75;;24;0,00;24;2517,64;;2026-10-10;https://www.vodafone.de/privat/handys/samsung-galaxy-z-fold8.html;samsung-galaxy-z-fold8-512gb-cream;;
Bündel;Galaxy Z Fold8;512;Vodafone;netzbetreiber;Mobil S;S;neu;1,00;31,45;75,75;;24;0,00;24;2573,80;;2026-10-10;https://www.vodafone.de/privat/handys/samsung-galaxy-z-fold8.html;samsung-galaxy-z-fold8-512gb-cream;;
Bündel;Galaxy Z Fold8;512;Vodafone;netzbetreiber;Mobil XL;XL;neu;1,00;48,61;75,75;;24;0,00;24;2985,64;;2026-10-10;https://www.vodafone.de/privat/handys/samsung-galaxy-z-fold8.html;samsung-galaxy-z-fold8-512gb-cream;;
Bündel;Galaxy Z Fold8;512;Vodafone;netzbetreiber;Mobil XS;XS;neu;1,00;23,95;75,75;;24;0,00;24;2393,80;;2026-10-10;https://www.vodafone.de/privat/handys/samsung-galaxy-z-fold8.html;samsung-galaxy-z-fold8-512gb-cream;;
Bündel;Galaxy Z Fold8;512;Vodafone;netzbetreiber;Mobil L;L;neu;1,00;35,86;75,75;;24;0,00;24;2679,64;;2026-10-10;https://www.vodafone.de/privat/handys/samsung-galaxy-z-fold8.html;samsung-galaxy-z-fold8-512gb-grau;;
Bündel;Galaxy Z Fold8;512;Vodafone;netzbetreiber;Mobil M;M;neu;1,00;29,11;75,75;;24;0,00;24;2517,64;;2026-10-10;https://www.vodafone.de/privat/handys/samsung-galaxy-z-fold8.html;samsung-galaxy-z-fold8-512gb-grau;;
Bündel;Galaxy Z Fold8;512;Vodafone;netzbetreiber;Mobil S;S;neu;1,00;31,45;75,75;;24;0,00;24;2573,80;;2026-10-10;https://www.vodafone.de/privat/handys/samsung-galaxy-z-fold8.html;samsung-galaxy-z-fold8-512gb-grau;;
Bündel;Galaxy Z Fold8;512;Vodafone;netzbetreiber;Mobil XL;XL;neu;1,00;48,61;75,75;;24;0,00;24;2985,64;;2026-10-10;https://www.vodafone.de/privat/handys/samsung-galaxy-z-fold8.html;samsung-galaxy-z-fold8-512gb-grau;;
Bündel;Galaxy Z Fold8;512;Vodafone;netzbetreiber;Mobil XS;XS;neu;1,00;23,95;75,75;;24;0,00;24;2393,80;;2026-10-10;https://www.vodafone.de/privat/handys/samsung-galaxy-z-fold8.html;samsung-galaxy-z-fold8-512gb-grau;;
Bündel;Galaxy Z Fold8;512;Vodafone;netzbetreiber;Mobil L;L;neu;1,00;35,86;75,75;;24;0,00;24;2679,64;;2026-10-10;https://www.vodafone.de/privat/handys/samsung-galaxy-z-fold8.html;samsung-galaxy-z-fold8-512gb-violett;;
Bündel;Galaxy Z Fold8;512;Vodafone;netzbetreiber;Mobil M;M;neu;1,00;29,11;75,75;;24;0,00;24;2517,64;;2026-10-10;https://www.vodafone.de/privat/handys/samsung-galaxy-z-fold8.html;samsung-galaxy-z-fold8-512gb-violett;;
Bündel;Galaxy Z Fold8;512;Vodafone;netzbetreiber;Mobil S;S;neu;1,00;31,45;75,75;;24;0,00;24;2573,80;;2026-10-10;https://www.vodafone.de/privat/handys/samsung-galaxy-z-fold8.html;samsung-galaxy-z-fold8-512gb-violett;;
Bündel;Galaxy Z Fold8;512;Vodafone;netzbetreiber;Mobil XL;XL;neu;1,00;48,61;75,75;;24;0,00;24;2985,64;;2026-10-10;https://www.vodafone.de/privat/handys/samsung-galaxy-z-fold8.html;samsung-galaxy-z-fold8-512gb-violett;;
Bündel;Galaxy Z Fold8;512;Vodafone;netzbetreiber;Mobil XS;XS;neu;1,00;23,95;75,75;;24;0,00;24;2393,80;;2026-10-10;https://www.vodafone.de/privat/handys/samsung-galaxy-z-fold8.html;samsung-galaxy-z-fold8-512gb-violett;;
Bündel;Galaxy Z Fold8 Ultra;256;Vodafone;netzbetreiber;Mobil L;L;neu;1,00;35,86;75,75;;24;0,00;24;2679,64;;2026-10-10;https://www.vodafone.de/privat/handys/samsung-galaxy-z-fold8-ultra.html;samsung-galaxy-z-fold8-ultra-256gb-cream;;
Bündel;Galaxy Z Fold8 Ultra;256;Vodafone;netzbetreiber;Mobil M;M;neu;1,00;29,11;75,75;;24;0,00;24;2517,64;;2026-10-10;https://www.vodafone.de/privat/handys/samsung-galaxy-z-fold8-ultra.html;samsung-galaxy-z-fold8-ultra-256gb-cream;;
Bündel;Galaxy Z Fold8 Ultra;256;Vodafone;netzbetreiber;Mobil S;S;neu;1,00;31,45;75,75;;24;0,00;24;2573,80;;2026-10-10;https://www.vodafone.de/privat/handys/samsung-galaxy-z-fold8-ultra.html;samsung-galaxy-z-fold8-ultra-256gb-cream;;
Bündel;Galaxy Z Fold8 Ultra;256;Vodafone;netzbetreiber;Mobil XL;XL;neu;1,00;48,61;75,75;;24;0,00;24;2985,64;;2026-10-10;https://www.vodafone.de/privat/handys/samsung-galaxy-z-fold8-ultra.html;samsung-galaxy-z-fold8-ultra-256gb-cream;;
Bündel;Galaxy Z Fold8 Ultra;256;Vodafone;netzbetreiber;Mobil XS;XS;neu;1,00;23,95;75,75;;24;0,00;24;2393,80;;2026-10-10;https://www.vodafone.de/privat/handys/samsung-galaxy-z-fold8-ultra.html;samsung-galaxy-z-fold8-ultra-256gb-cream;;
Bündel;Galaxy Z Fold8 Ultra;256;Vodafone;netzbetreiber;Mobil L;L;neu;1,00;35,86;75,75;;24;0,00;24;2679,64;;2026-10-10;https://www.vodafone.de/privat/handys/samsung-galaxy-z-fold8-ultra.html;samsung-galaxy-z-fold8-ultra-256gb-grau;;
Bündel;Galaxy Z Fold8 Ultra;256;Vodafone;netzbetreiber;Mobil M;M;neu;1,00;29,11;75,75;;24;0,00;24;2517,64;;2026-10-10;https://www.vodafone.de/privat/handys/samsung-galaxy-z-fold8-ultra.html;samsung-galaxy-z-fold8-ultra-256gb-grau;;
Bündel;Galaxy Z Fold8 Ultra;256;Vodafone;netzbetreiber;Mobil S;S;neu;1,00;31,45;75,75;;24;0,00;24;2573,80;;2026-10-10;https://www.vodafone.de/privat/handys/samsung-galaxy-z-fold8-ultra.html;samsung-galaxy-z-fold8-ultra-256gb-grau;;
Bündel;Galaxy Z Fold8 Ultra;256;Vodafone;netzbetreiber;Mobil XL;XL;neu;1,00;48,61;75,75;;24;0,00;24;2985,64;;2026-10-10;https://www.vodafone.de/privat/handys/samsung-galaxy-z-fold8-ultra.html;samsung-galaxy-z-fold8-ultra-256gb-grau;;
Bündel;Galaxy Z Fold8 Ultra;256;Vodafone;netzbetreiber;Mobil XS;XS;neu;1,00;23,95;75,75;;24;0,00;24;2393,80;;2026-10-10;https://www.vodafone.de/privat/handys/samsung-galaxy-z-fold8-ultra.html;samsung-galaxy-z-fold8-ultra-256gb-grau;;
Bündel;Galaxy Z Fold8 Ultra;256;Vodafone;netzbetreiber;Mobil L;L;neu;1,00;35,86;75,75;;24;0,00;24;2679,64;;2026-10-10;https://www.vodafone.de/privat/handys/samsung-galaxy-z-fold8-ultra.html;samsung-galaxy-z-fold8-ultra-256gb-violet-shadow;;
Bündel;Galaxy Z Fold8 Ultra;256;Vodafone;netzbetreiber;Mobil M;M;neu;1,00;29,11;75,75;;24;0,00;24;2517,64;;2026-10-10;https://www.vodafone.de/privat/handys/samsung-galaxy-z-fold8-ultra.html;samsung-galaxy-z-fold8-ultra-256gb-violet-shadow;;
Bündel;Galaxy Z Fold8 Ultra;256;Vodafone;netzbetreiber;Mobil S;S;neu;1,00;31,45;75,75;;24;0,00;24;2573,80;;2026-10-10;https://www.vodafone.de/privat/handys/samsung-galaxy-z-fold8-ultra.html;samsung-galaxy-z-fold8-ultra-256gb-violet-shadow;;
Bündel;Galaxy Z Fold8 Ultra;256;Vodafone;netzbetreiber;Mobil XL;XL;neu;1,00;48,61;75,75;;24;0,00;24;2985,64;;2026-10-10;https://www.vodafone.de/privat/handys/samsung-galaxy-z-fold8-ultra.html;samsung-galaxy-z-fold8-ultra-256gb-violet-shadow;;
Bündel;Galaxy Z Fold8 Ultra;256;Vodafone;netzbetreiber;Mobil XS;XS;neu;1,00;23,95;75,75;;24;0,00;24;2393,80;;2026-10-10;https://www.vodafone.de/privat/handys/samsung-galaxy-z-fold8-ultra.html;samsung-galaxy-z-fold8-ultra-256gb-violet-shadow;;
Bündel;Galaxy Z Fold8 Ultra;512;Vodafone;netzbetreiber;Mobil L;L;neu;1,00;35,86;84,00;;24;0,00;24;2877,64;;2026-10-10;https://www.vodafone.de/privat/handys/samsung-galaxy-z-fold8-ultra.html;samsung-galaxy-z-fold8-ultra-512gb-cream;;
Bündel;Galaxy Z Fold8 Ultra;512;Vodafone;netzbetreiber;Mobil M;M;neu;1,00;29,11;84,00;;24;0,00;24;2715,64;;2026-10-10;https://www.vodafone.de/privat/handys/samsung-galaxy-z-fold8-ultra.html;samsung-galaxy-z-fold8-ultra-512gb-cream;;
Bündel;Galaxy Z Fold8 Ultra;512;Vodafone;netzbetreiber;Mobil S;S;neu;1,00;31,45;84,00;;24;0,00;24;2771,80;;2026-10-10;https://www.vodafone.de/privat/handys/samsung-galaxy-z-fold8-ultra.html;samsung-galaxy-z-fold8-ultra-512gb-cream;;
Bündel;Galaxy Z Fold8 Ultra;512;Vodafone;netzbetreiber;Mobil XL;XL;neu;1,00;48,61;84,00;;24;0,00;24;3183,64;;2026-10-10;https://www.vodafone.de/privat/handys/samsung-galaxy-z-fold8-ultra.html;samsung-galaxy-z-fold8-ultra-512gb-cream;;
Bündel;Galaxy Z Fold8 Ultra;512;Vodafone;netzbetreiber;Mobil XS;XS;neu;1,00;23,95;84,00;;24;0,00;24;2591,80;;2026-10-10;https://www.vodafone.de/privat/handys/samsung-galaxy-z-fold8-ultra.html;samsung-galaxy-z-fold8-ultra-512gb-cream;;
Bündel;Galaxy Z Fold8 Ultra;512;Vodafone;netzbetreiber;Mobil L;L;neu;1,00;35,86;84,00;;24;0,00;24;2877,64;;2026-10-10;https://www.vodafone.de/privat/handys/samsung-galaxy-z-fold8-ultra.html;samsung-galaxy-z-fold8-ultra-512gb-grau;;
Bündel;Galaxy Z Fold8 Ultra;512;Vodafone;netzbetreiber;Mobil M;M;neu;1,00;29,11;84,00;;24;0,00;24;2715,64;;2026-10-10;https://www.vodafone.de/privat/handys/samsung-galaxy-z-fold8-ultra.html;samsung-galaxy-z-fold8-ultra-512gb-grau;;
Bündel;Galaxy Z Fold8 Ultra;512;Vodafone;netzbetreiber;Mobil S;S;neu;1,00;31,45;84,00;;24;0,00;24;2771,80;;2026-10-10;https://www.vodafone.de/privat/handys/samsung-galaxy-z-fold8-ultra.html;samsung-galaxy-z-fold8-ultra-512gb-grau;;
Bündel;Galaxy Z Fold8 Ultra;512;Vodafone;netzbetreiber;Mobil XL;XL;neu;1,00;48,61;84,00;;24;0,00;24;3183,64;;2026-10-10;https://www.vodafone.de/privat/handys/samsung-galaxy-z-fold8-ultra.html;samsung-galaxy-z-fold8-ultra-512gb-grau;;
Bündel;Galaxy Z Fold8 Ultra;512;Vodafone;netzbetreiber;Mobil XS;XS;neu;1,00;23,95;84,00;;24;0,00;24;2591,80;;2026-10-10;https://www.vodafone.de/privat/handys/samsung-galaxy-z-fold8-ultra.html;samsung-galaxy-z-fold8-ultra-512gb-grau;;
Bündel;Galaxy Z Fold8 Ultra;512;Vodafone;netzbetreiber;Mobil L;L;neu;1,00;35,86;84,00;;24;0,00;24;2877,64;;2026-10-10;https://www.vodafone.de/privat/handys/samsung-galaxy-z-fold8-ultra.html;samsung-galaxy-z-fold8-ultra-512gb-violet-shadow;;
Bündel;Galaxy Z Fold8 Ultra;512;Vodafone;netzbetreiber;Mobil M;M;neu;1,00;29,11;84,00;;24;0,00;24;2715,64;;2026-10-10;https://www.vodafone.de/privat/handys/samsung-galaxy-z-fold8-ultra.html;samsung-galaxy-z-fold8-ultra-512gb-violet-shadow;;
Bündel;Galaxy Z Fold8 Ultra;512;Vodafone;netzbetreiber;Mobil S;S;neu;1,00;31,45;84,00;;24;0,00;24;2771,80;;2026-10-10;https://www.vodafone.de/privat/handys/samsung-galaxy-z-fold8-ultra.html;samsung-galaxy-z-fold8-ultra-512gb-violet-shadow;;
Bündel;Galaxy Z Fold8 Ultra;512;Vodafone;netzbetreiber;Mobil XL;XL;neu;1,00;48,61;84,00;;24;0,00;24;3183,64;;2026-10-10;https://www.vodafone.de/privat/handys/samsung-galaxy-z-fold8-ultra.html;samsung-galaxy-z-fold8-ultra-512gb-violet-shadow;;
Bündel;Galaxy Z Fold8 Ultra;512;Vodafone;netzbetreiber;Mobil XS;XS;neu;1,00;23,95;84,00;;24;0,00;24;2591,80;;2026-10-10;https://www.vodafone.de/privat/handys/samsung-galaxy-z-fold8-ultra.html;samsung-galaxy-z-fold8-ultra-512gb-violet-shadow;;
Bündel;Xiaomi 17;512;Vodafone;netzbetreiber;Mobil L;L;neu;1,00;35,86;40,50;;24;0,00;24;1833,64;;2026-10-10;https://www.vodafone.de/privat/handys/xiaomi-17.html;xiaomi-17-512gb-schwarz;;
Bündel;Xiaomi 17;512;Vodafone;netzbetreiber;Mobil M;M;neu;1,00;29,11;40,50;;24;0,00;24;1671,64;;2026-10-10;https://www.vodafone.de/privat/handys/xiaomi-17.html;xiaomi-17-512gb-schwarz;;
Bündel;Xiaomi 17;512;Vodafone;netzbetreiber;Mobil S;S;neu;1,00;31,45;40,50;;24;0,00;24;1727,80;;2026-10-10;https://www.vodafone.de/privat/handys/xiaomi-17.html;xiaomi-17-512gb-schwarz;;
Bündel;Xiaomi 17;512;Vodafone;netzbetreiber;Mobil XL;XL;neu;1,00;48,61;40,50;;24;0,00;24;2139,64;;2026-10-10;https://www.vodafone.de/privat/handys/xiaomi-17.html;xiaomi-17-512gb-schwarz;;
Bündel;Xiaomi 17;512;Vodafone;netzbetreiber;Mobil XS;XS;neu;1,00;23,95;40,50;;24;0,00;24;1547,80;;2026-10-10;https://www.vodafone.de/privat/handys/xiaomi-17.html;xiaomi-17-512gb-schwarz;;
Bündel;Xiaomi 17 Ultra;512;Vodafone;netzbetreiber;Mobil L;L;neu;1,00;35,86;53,25;;24;0,00;24;2139,64;;2026-10-10;https://www.vodafone.de/privat/handys/xiaomi-17-ultra.html;xiaomi-17-ultra-512gb-schwarz;;
Bündel;Xiaomi 17 Ultra;512;Vodafone;netzbetreiber;Mobil M;M;neu;1,00;29,11;53,25;;24;0,00;24;1977,64;;2026-10-10;https://www.vodafone.de/privat/handys/xiaomi-17-ultra.html;xiaomi-17-ultra-512gb-schwarz;;
Bündel;Xiaomi 17 Ultra;512;Vodafone;netzbetreiber;Mobil S;S;neu;1,00;31,45;53,25;;24;0,00;24;2033,80;;2026-10-10;https://www.vodafone.de/privat/handys/xiaomi-17-ultra.html;xiaomi-17-ultra-512gb-schwarz;;
Bündel;Xiaomi 17 Ultra;512;Vodafone;netzbetreiber;Mobil XL;XL;neu;1,00;48,61;53,25;;24;0,00;24;2445,64;;2026-10-10;https://www.vodafone.de/privat/handys/xiaomi-17-ultra.html;xiaomi-17-ultra-512gb-schwarz;;
Bündel;Xiaomi 17 Ultra;512;Vodafone;netzbetreiber;Mobil XS;XS;neu;1,00;23,95;53,25;;24;0,00;24;1853,80;;2026-10-10;https://www.vodafone.de/privat/handys/xiaomi-17-ultra.html;xiaomi-17-ultra-512gb-schwarz;;
Bündel;Xiaomi 17T;256;Vodafone;netzbetreiber;Mobil L;L;neu;1,00;35,86;25,50;;24;0,00;24;1473,64;;2026-10-10;https://www.vodafone.de/privat/handys/xiaomi-17t.html;xiaomi-17t-256gb-schwarz;;
Bündel;Xiaomi 17T;256;Vodafone;netzbetreiber;Mobil M;M;neu;1,00;29,11;25,50;;24;0,00;24;1311,64;;2026-10-10;https://www.vodafone.de/privat/handys/xiaomi-17t.html;xiaomi-17t-256gb-schwarz;;
Bündel;Xiaomi 17T;256;Vodafone;netzbetreiber;Mobil S;S;neu;1,00;31,45;25,50;;24;0,00;24;1367,80;;2026-10-10;https://www.vodafone.de/privat/handys/xiaomi-17t.html;xiaomi-17t-256gb-schwarz;;
Bündel;Xiaomi 17T;256;Vodafone;netzbetreiber;Mobil XL;XL;neu;1,00;48,61;25,50;;24;0,00;24;1779,64;;2026-10-10;https://www.vodafone.de/privat/handys/xiaomi-17t.html;xiaomi-17t-256gb-schwarz;;
Bündel;Xiaomi 17T;256;Vodafone;netzbetreiber;Mobil XS;XS;neu;1,00;23,95;25,50;;24;0,00;24;1187,80;;2026-10-10;https://www.vodafone.de/privat/handys/xiaomi-17t.html;xiaomi-17t-256gb-schwarz;;
Bündel;Xiaomi 17T Pro;512;Vodafone;netzbetreiber;Mobil L;L;neu;1,00;35,86;33,00;;24;0,00;24;1653,64;;2026-10-10;https://www.vodafone.de/privat/handys/xiaomi-17t-pro.html;xiaomi-17t-pro-512gb-deep-blue;;
Bündel;Xiaomi 17T Pro;512;Vodafone;netzbetreiber;Mobil M;M;neu;1,00;29,11;33,00;;24;0,00;24;1491,64;;2026-10-10;https://www.vodafone.de/privat/handys/xiaomi-17t-pro.html;xiaomi-17t-pro-512gb-deep-blue;;
Bündel;Xiaomi 17T Pro;512;Vodafone;netzbetreiber;Mobil S;S;neu;1,00;31,45;33,00;;24;0,00;24;1547,80;;2026-10-10;https://www.vodafone.de/privat/handys/xiaomi-17t-pro.html;xiaomi-17t-pro-512gb-deep-blue;;
Bündel;Xiaomi 17T Pro;512;Vodafone;netzbetreiber;Mobil XL;XL;neu;1,00;48,61;33,00;;24;0,00;24;1959,64;;2026-10-10;https://www.vodafone.de/privat/handys/xiaomi-17t-pro.html;xiaomi-17t-pro-512gb-deep-blue;;
Bündel;Xiaomi 17T Pro;512;Vodafone;netzbetreiber;Mobil XS;XS;neu;1,00;23,95;33,00;;24;0,00;24;1367,80;;2026-10-10;https://www.vodafone.de/privat/handys/xiaomi-17t-pro.html;xiaomi-17t-pro-512gb-deep-blue;;
Bündel;Xiaomi 17T Pro;512;Vodafone;netzbetreiber;Mobil L;L;neu;1,00;35,86;33,00;;24;0,00;24;1653,64;;2026-10-10;https://www.vodafone.de/privat/handys/xiaomi-17t-pro.html;xiaomi-17t-pro-512gb-schwarz;;
Bündel;Xiaomi 17T Pro;512;Vodafone;netzbetreiber;Mobil M;M;neu;1,00;29,11;33,00;;24;0,00;24;1491,64;;2026-10-10;https://www.vodafone.de/privat/handys/xiaomi-17t-pro.html;xiaomi-17t-pro-512gb-schwarz;;
Bündel;Xiaomi 17T Pro;512;Vodafone;netzbetreiber;Mobil S;S;neu;1,00;31,45;33,00;;24;0,00;24;1547,80;;2026-10-10;https://www.vodafone.de/privat/handys/xiaomi-17t-pro.html;xiaomi-17t-pro-512gb-schwarz;;
Bündel;Xiaomi 17T Pro;512;Vodafone;netzbetreiber;Mobil XL;XL;neu;1,00;48,61;33,00;;24;0,00;24;1959,64;;2026-10-10;https://www.vodafone.de/privat/handys/xiaomi-17t-pro.html;xiaomi-17t-pro-512gb-schwarz;;
Bündel;Xiaomi 17T Pro;512;Vodafone;netzbetreiber;Mobil XS;XS;neu;1,00;23,95;33,00;;24;0,00;24;1367,80;;2026-10-10;https://www.vodafone.de/privat/handys/xiaomi-17t-pro.html;xiaomi-17t-pro-512gb-schwarz;;
Bündel;Redmi 17;128;Vodafone;netzbetreiber;Mobil L;L;neu;1,00;35,86;9,00;;24;0,00;24;1077,64;;2026-10-10;https://www.vodafone.de/privat/handys/xiaomi-redmi-17-5g.html;xiaomi-redmi-17-128gb-deep-blue;;
Bündel;Redmi 17;128;Vodafone;netzbetreiber;Mobil M;M;neu;1,00;29,11;9,00;;24;0,00;24;915,64;;2026-10-10;https://www.vodafone.de/privat/handys/xiaomi-redmi-17-5g.html;xiaomi-redmi-17-128gb-deep-blue;;
Bündel;Redmi 17;128;Vodafone;netzbetreiber;Mobil S;S;neu;1,00;29,95;9,00;;24;0,00;24;935,80;;2026-10-10;https://www.vodafone.de/privat/handys/xiaomi-redmi-17-5g.html;xiaomi-redmi-17-128gb-deep-blue;;
Bündel;Redmi 17;128;Vodafone;netzbetreiber;Mobil XL;XL;neu;1,00;48,61;9,00;;24;0,00;24;1383,64;;2026-10-10;https://www.vodafone.de/privat/handys/xiaomi-redmi-17-5g.html;xiaomi-redmi-17-128gb-deep-blue;;
Bündel;Redmi 17;128;Vodafone;netzbetreiber;Mobil XS;XS;neu;1,00;23,95;9,00;;24;0,00;24;791,80;;2026-10-10;https://www.vodafone.de/privat/handys/xiaomi-redmi-17-5g.html;xiaomi-redmi-17-128gb-deep-blue;;
Bündel;Redmi 17;128;Vodafone;netzbetreiber;Mobil L;L;neu;1,00;35,86;9,00;;24;0,00;24;1077,64;;2026-10-10;https://www.vodafone.de/privat/handys/xiaomi-redmi-17-5g.html;xiaomi-redmi-17-128gb-schwarz;;
Bündel;Redmi 17;128;Vodafone;netzbetreiber;Mobil M;M;neu;1,00;29,11;9,00;;24;0,00;24;915,64;;2026-10-10;https://www.vodafone.de/privat/handys/xiaomi-redmi-17-5g.html;xiaomi-redmi-17-128gb-schwarz;;
Bündel;Redmi 17;128;Vodafone;netzbetreiber;Mobil S;S;neu;1,00;29,95;9,00;;24;0,00;24;935,80;;2026-10-10;https://www.vodafone.de/privat/handys/xiaomi-redmi-17-5g.html;xiaomi-redmi-17-128gb-schwarz;;
Bündel;Redmi 17;128;Vodafone;netzbetreiber;Mobil XL;XL;neu;1,00;48,61;9,00;;24;0,00;24;1383,64;;2026-10-10;https://www.vodafone.de/privat/handys/xiaomi-redmi-17-5g.html;xiaomi-redmi-17-128gb-schwarz;;
Bündel;Redmi 17;128;Vodafone;netzbetreiber;Mobil XS;XS;neu;1,00;23,95;9,00;;24;0,00;24;791,80;;2026-10-10;https://www.vodafone.de/privat/handys/xiaomi-redmi-17-5g.html;xiaomi-redmi-17-128gb-schwarz;;
Bündel;Redmi Note 15;256;Vodafone;netzbetreiber;Mobil L;L;neu;1,00;35,86;11,25;;24;0,00;24;1131,64;;2026-10-10;https://www.vodafone.de/privat/handys/xiaomi-redmi-note-15-5g.html;xiaomi-redmi-note-15-256gb-blau;;
Bündel;Redmi Note 15;256;Vodafone;netzbetreiber;Mobil M;M;neu;1,00;29,11;11,25;;24;0,00;24;969,64;;2026-10-10;https://www.vodafone.de/privat/handys/xiaomi-redmi-note-15-5g.html;xiaomi-redmi-note-15-256gb-blau;;
Bündel;Redmi Note 15;256;Vodafone;netzbetreiber;Mobil S;S;neu;1,00;29,95;11,25;;24;0,00;24;989,80;;2026-10-10;https://www.vodafone.de/privat/handys/xiaomi-redmi-note-15-5g.html;xiaomi-redmi-note-15-256gb-blau;;
Bündel;Redmi Note 15;256;Vodafone;netzbetreiber;Mobil XL;XL;neu;1,00;48,61;11,25;;24;0,00;24;1437,64;;2026-10-10;https://www.vodafone.de/privat/handys/xiaomi-redmi-note-15-5g.html;xiaomi-redmi-note-15-256gb-blau;;
Bündel;Redmi Note 15;256;Vodafone;netzbetreiber;Mobil XS;XS;neu;1,00;23,95;11,25;;24;0,00;24;845,80;;2026-10-10;https://www.vodafone.de/privat/handys/xiaomi-redmi-note-15-5g.html;xiaomi-redmi-note-15-256gb-blau;;
Bündel;Redmi Note 17;128;Vodafone;netzbetreiber;Mobil L;L;neu;1,00;35,86;12,00;;24;0,00;24;1149,64;;2026-10-10;https://www.vodafone.de/privat/handys/xiaomi-redmi-note-17-5g.html;xiaomi-redmi-note-17-128gb-schwarz;;
Bündel;Redmi Note 17;128;Vodafone;netzbetreiber;Mobil M;M;neu;1,00;29,11;12,00;;24;0,00;24;987,64;;2026-10-10;https://www.vodafone.de/privat/handys/xiaomi-redmi-note-17-5g.html;xiaomi-redmi-note-17-128gb-schwarz;;
Bündel;Redmi Note 17;128;Vodafone;netzbetreiber;Mobil S;S;neu;1,00;29,95;12,00;;24;0,00;24;1007,80;;2026-10-10;https://www.vodafone.de/privat/handys/xiaomi-redmi-note-17-5g.html;xiaomi-redmi-note-17-128gb-schwarz;;
Bündel;Redmi Note 17;128;Vodafone;netzbetreiber;Mobil XL;XL;neu;1,00;48,61;12,00;;24;0,00;24;1455,64;;2026-10-10;https://www.vodafone.de/privat/handys/xiaomi-redmi-note-17-5g.html;xiaomi-redmi-note-17-128gb-schwarz;;
Bündel;Redmi Note 17;128;Vodafone;netzbetreiber;Mobil XS;XS;neu;1,00;23,95;12,00;;24;0,00;24;863,80;;2026-10-10;https://www.vodafone.de/privat/handys/xiaomi-redmi-note-17-5g.html;xiaomi-redmi-note-17-128gb-schwarz;;
Bündel;Redmi Note 17 Pro;256;Vodafone;netzbetreiber;Mobil L;L;neu;1,00;35,86;16,50;;24;0,00;24;1257,64;;2026-10-10;https://www.vodafone.de/privat/handys/xiaomi-redmi-note-17-pro-5g.html;xiaomi-redmi-note-17-pro-256gb-schwarz;;
Bündel;Redmi Note 17 Pro;256;Vodafone;netzbetreiber;Mobil M;M;neu;1,00;29,11;16,50;;24;0,00;24;1095,64;;2026-10-10;https://www.vodafone.de/privat/handys/xiaomi-redmi-note-17-pro-5g.html;xiaomi-redmi-note-17-pro-256gb-schwarz;;
Bündel;Redmi Note 17 Pro;256;Vodafone;netzbetreiber;Mobil S;S;neu;1,00;29,95;16,50;;24;0,00;24;1115,80;;2026-10-10;https://www.vodafone.de/privat/handys/xiaomi-redmi-note-17-pro-5g.html;xiaomi-redmi-note-17-pro-256gb-schwarz;;
Bündel;Redmi Note 17 Pro;256;Vodafone;netzbetreiber;Mobil XL;XL;neu;1,00;48,61;16,50;;24;0,00;24;1563,64;;2026-10-10;https://www.vodafone.de/privat/handys/xiaomi-redmi-note-17-pro-5g.html;xiaomi-redmi-note-17-pro-256gb-schwarz;;
Bündel;Redmi Note 17 Pro;256;Vodafone;netzbetreiber;Mobil XS;XS;neu;1,00;23,95;16,50;;24;0,00;24;971,80;;2026-10-10;https://www.vodafone.de/privat/handys/xiaomi-redmi-note-17-pro-5g.html;xiaomi-redmi-note-17-pro-256gb-schwarz;;
Bündel;Redmi Note 17 Pro;256;Vodafone;netzbetreiber;Mobil L;L;neu;1,00;35,86;16,50;;24;0,00;24;1257,64;;2026-10-10;https://www.vodafone.de/privat/handys/xiaomi-redmi-note-17-pro-5g.html;xiaomi-redmi-note-17-pro-256gb-sky-blue;;
Bündel;Redmi Note 17 Pro;256;Vodafone;netzbetreiber;Mobil M;M;neu;1,00;29,11;16,50;;24;0,00;24;1095,64;;2026-10-10;https://www.vodafone.de/privat/handys/xiaomi-redmi-note-17-pro-5g.html;xiaomi-redmi-note-17-pro-256gb-sky-blue;;
Bündel;Redmi Note 17 Pro;256;Vodafone;netzbetreiber;Mobil S;S;neu;1,00;29,95;16,50;;24;0,00;24;1115,80;;2026-10-10;https://www.vodafone.de/privat/handys/xiaomi-redmi-note-17-pro-5g.html;xiaomi-redmi-note-17-pro-256gb-sky-blue;;
Bündel;Redmi Note 17 Pro;256;Vodafone;netzbetreiber;Mobil XL;XL;neu;1,00;48,61;16,50;;24;0,00;24;1563,64;;2026-10-10;https://www.vodafone.de/privat/handys/xiaomi-redmi-note-17-pro-5g.html;xiaomi-redmi-note-17-pro-256gb-sky-blue;;
Bündel;Redmi Note 17 Pro;256;Vodafone;netzbetreiber;Mobil XS;XS;neu;1,00;23,95;16,50;;24;0,00;24;971,80;;2026-10-10;https://www.vodafone.de/privat/handys/xiaomi-redmi-note-17-pro-5g.html;xiaomi-redmi-note-17-pro-256gb-sky-blue;;
Bündel;iPhone 16;128;congstar;discount;Allnet Flat L;L;neu;1,00;30,00;27,00;;24;15,00;24;1384,00;;2026-10-10;https://www.congstar.de/geraete/apple/apple-iphone-16/?paymentVariantBenefits=&planId=545&installmentPlanId=500;apple-iphone-16-128gb-weiss;;
Bündel;iPhone 16;128;congstar;discount;Allnet Flat L Flex;L;neu;1,00;30,00;31,50;;24;35,00;24;1512,00;;2026-10-10;https://www.congstar.de/geraete/apple/apple-iphone-16/;apple-iphone-16-128gb-weiss;;
Bündel;iPhone 16;128;congstar;discount;Allnet Flat M;L;neu;1,00;25,00;27,00;;24;15,00;24;1264,00;;2026-10-10;https://www.congstar.de/geraete/apple/apple-iphone-16/?paymentVariantBenefits=&planId=540&installmentPlanId=500;apple-iphone-16-128gb-weiss;;
Bündel;iPhone 16;128;congstar;discount;Allnet Flat M Flex;L;neu;1,00;25,00;31,50;;24;35,00;24;1392,00;;2026-10-10;https://www.congstar.de/geraete/apple/apple-iphone-16/;apple-iphone-16-128gb-weiss;;
Bündel;iPhone 16;128;congstar;discount;Allnet Flat S;M;neu;1,00;20,00;30,00;;24;15,00;24;1216,00;;2026-10-10;https://www.congstar.de/geraete/apple/apple-iphone-16/?paymentVariantBenefits=&planId=560&installmentPlanId=500;apple-iphone-16-128gb-weiss;;
Bündel;iPhone 16;128;congstar;discount;Allnet Flat S Flex;M;neu;1,00;20,00;31,50;;24;35,00;24;1272,00;;2026-10-10;https://www.congstar.de/geraete/apple/apple-iphone-16/;apple-iphone-16-128gb-weiss;;
Bündel;iPhone 16;128;congstar;discount;Allnet Flat XS;XS;neu;1,00;15,00;31,50;;24;15,00;24;1132,00;;2026-10-10;https://www.congstar.de/geraete/apple/apple-iphone-16/?paymentVariantBenefits=&planId=543&installmentPlanId=500;apple-iphone-16-128gb-weiss;;
Bündel;iPhone 16;128;congstar;discount;Allnet Flat XS Flex;XS;neu;1,00;15,00;31,50;;24;35,00;24;1152,00;;2026-10-10;https://www.congstar.de/geraete/apple/apple-iphone-16/;apple-iphone-16-128gb-weiss;;
Bündel;iPhone 16e;128;congstar;discount;Allnet Flat L;L;neu;39,00;30,00;12,75;;24;15,00;24;1080,00;;2026-10-04;https://www.congstar.de/geraete/apple/apple-iphone-16e/;apple-iphone-16e-128gb-schwarz;veraltet;
Bündel;iPhone 16e;128;congstar;discount;Allnet Flat L Flex;L;neu;39,00;30,00;22,50;;24;35,00;24;1334,00;;2026-10-04;https://www.congstar.de/geraete/apple/apple-iphone-16e/;apple-iphone-16e-128gb-schwarz;veraltet;
Bündel;iPhone 16e;128;congstar;discount;Allnet Flat M;L;neu;39,00;25,00;14,25;;24;15,00;24;996,00;;2026-10-04;https://www.congstar.de/geraete/apple/apple-iphone-16e/;apple-iphone-16e-128gb-schwarz;veraltet;
Bündel;iPhone 16e;128;congstar;discount;Allnet Flat M Flex;L;neu;39,00;25,00;22,50;;24;35,00;24;1214,00;;2026-10-04;https://www.congstar.de/geraete/apple/apple-iphone-16e/;apple-iphone-16e-128gb-schwarz;veraltet;
Bündel;iPhone 16e;128;congstar;discount;Allnet Flat S;M;neu;39,00;20,00;17,25;;24;15,00;24;948,00;;2026-10-04;https://www.congstar.de/geraete/apple/apple-iphone-16e/;apple-iphone-16e-128gb-schwarz;veraltet;
Bündel;iPhone 16e;128;congstar;discount;Allnet Flat S Flex;M;neu;39,00;20,00;22,50;;24;35,00;24;1094,00;;2026-10-04;https://www.congstar.de/geraete/apple/apple-iphone-16e/;apple-iphone-16e-128gb-schwarz;veraltet;
Bündel;iPhone 16e;128;congstar;discount;Allnet Flat XS;XS;neu;39,00;15,00;18,75;;24;15,00;24;864,00;;2026-10-04;https://www.congstar.de/geraete/apple/apple-iphone-16e/;apple-iphone-16e-128gb-schwarz;veraltet;
Bündel;iPhone 16e;128;congstar;discount;Allnet Flat XS Flex;XS;neu;39,00;15,00;22,50;;24;35,00;24;974,00;;2026-10-04;https://www.congstar.de/geraete/apple/apple-iphone-16e/;apple-iphone-16e-128gb-schwarz;veraltet;
Bündel;iPhone 16e;128;congstar;discount;Allnet Flat L;L;neu;39,00;30,00;15,75;;24;15,00;24;1152,00;;2026-10-10;https://www.congstar.de/geraete/apple/apple-iphone-16e/?paymentVariantBenefits=&planId=545&installmentPlanId=500;apple-iphone-16e-128gb-weiss;;
Bündel;iPhone 16e;128;congstar;discount;Allnet Flat L Flex;L;neu;39,00;30,00;25,50;;24;35,00;24;1406,00;;2026-10-10;https://www.congstar.de/geraete/apple/apple-iphone-16e/;apple-iphone-16e-128gb-weiss;;
Bündel;iPhone 16e;128;congstar;discount;Allnet Flat M;L;neu;39,00;25,00;17,25;;24;15,00;24;1068,00;;2026-10-10;https://www.congstar.de/geraete/apple/apple-iphone-16e/?paymentVariantBenefits=&planId=540&installmentPlanId=500;apple-iphone-16e-128gb-weiss;;
Bündel;iPhone 16e;128;congstar;discount;Allnet Flat M Flex;L;neu;39,00;25,00;25,50;;24;35,00;24;1286,00;;2026-10-10;https://www.congstar.de/geraete/apple/apple-iphone-16e/;apple-iphone-16e-128gb-weiss;;
Bündel;iPhone 16e;128;congstar;discount;Allnet Flat S;M;neu;39,00;20,00;20,25;;24;15,00;24;1020,00;;2026-10-10;https://www.congstar.de/geraete/apple/apple-iphone-16e/?paymentVariantBenefits=&planId=560&installmentPlanId=500;apple-iphone-16e-128gb-weiss;;
Bündel;iPhone 16e;128;congstar;discount;Allnet Flat S Flex;M;neu;39,00;20,00;25,50;;24;35,00;24;1166,00;;2026-10-10;https://www.congstar.de/geraete/apple/apple-iphone-16e/;apple-iphone-16e-128gb-weiss;;
Bündel;iPhone 16e;128;congstar;discount;Allnet Flat XS;XS;neu;39,00;15,00;21,75;;24;15,00;24;936,00;;2026-10-10;https://www.congstar.de/geraete/apple/apple-iphone-16e/?paymentVariantBenefits=&planId=543&installmentPlanId=500;apple-iphone-16e-128gb-weiss;;
Bündel;iPhone 16e;128;congstar;discount;Allnet Flat XS Flex;XS;neu;39,00;15,00;25,50;;24;35,00;24;1046,00;;2026-10-10;https://www.congstar.de/geraete/apple/apple-iphone-16e/;apple-iphone-16e-128gb-weiss;;
Bündel;iPhone 17;256;congstar;discount;Allnet Flat L;L;neu;79,00;30,00;34,50;;24;15,00;24;1642,00;;2026-10-10;https://www.congstar.de/geraete/apple/apple-iphone-17/?paymentVariantBenefits=&planId=545&installmentPlanId=500;apple-iphone-17-256gb-weiss;;
Bündel;iPhone 17;256;congstar;discount;Allnet Flat L Flex;L;neu;79,00;30,00;40,50;;24;35,00;24;1806,00;;2026-10-10;https://www.congstar.de/geraete/apple/apple-iphone-17/;apple-iphone-17-256gb-weiss;;
Bündel;iPhone 17;256;congstar;discount;Allnet Flat M;L;neu;79,00;25,00;36,00;;24;15,00;24;1558,00;;2026-10-10;https://www.congstar.de/geraete/apple/apple-iphone-17/?paymentVariantBenefits=&planId=540&installmentPlanId=500;apple-iphone-17-256gb-weiss;;
Bündel;iPhone 17;256;congstar;discount;Allnet Flat M Flex;L;neu;79,00;25,00;40,50;;24;35,00;24;1686,00;;2026-10-10;https://www.congstar.de/geraete/apple/apple-iphone-17/;apple-iphone-17-256gb-weiss;;
Bündel;iPhone 17;256;congstar;discount;Allnet Flat S;M;neu;79,00;20,00;37,50;;24;15,00;24;1474,00;;2026-10-10;https://www.congstar.de/geraete/apple/apple-iphone-17/?paymentVariantBenefits=&planId=560&installmentPlanId=500;apple-iphone-17-256gb-weiss;;
Bündel;iPhone 17;256;congstar;discount;Allnet Flat S Flex;M;neu;79,00;20,00;40,50;;24;35,00;24;1566,00;;2026-10-10;https://www.congstar.de/geraete/apple/apple-iphone-17/;apple-iphone-17-256gb-weiss;;
Bündel;iPhone 17;256;congstar;discount;Allnet Flat XS;XS;neu;79,00;15,00;39,00;;24;15,00;24;1390,00;;2026-10-10;https://www.congstar.de/geraete/apple/apple-iphone-17/?paymentVariantBenefits=&planId=543&installmentPlanId=500;apple-iphone-17-256gb-weiss;;
Bündel;iPhone 17;256;congstar;discount;Allnet Flat XS Flex;XS;neu;79,00;15,00;40,50;;24;35,00;24;1446,00;;2026-10-10;https://www.congstar.de/geraete/apple/apple-iphone-17/;apple-iphone-17-256gb-weiss;;
Bündel;iPhone 17;256;congstar;discount;Allnet Flat L;L;refurbished;1,00;29,00;31,50;;24;0,00;24;1453,00;;2026-09-29;https://www.congstar.de/geraete/apple/apple-iphone-17-zustand-wie-neu/;apple-iphone-17-256gb-weiss-refurbished;Aktion abgelaufen;
Bündel;iPhone 17;256;congstar;discount;Allnet Flat L Flex;L;refurbished;1,00;29,00;31,50;;24;0,00;24;1453,00;;2026-09-29;https://www.congstar.de/geraete/apple/apple-iphone-17-zustand-wie-neu/;apple-iphone-17-256gb-weiss-refurbished;Aktion abgelaufen;
Bündel;iPhone 17;256;congstar;discount;Allnet Flat M;L;refurbished;1,00;24,00;31,50;;24;0,00;24;1333,00;;2026-09-29;https://www.congstar.de/geraete/apple/apple-iphone-17-zustand-wie-neu/;apple-iphone-17-256gb-weiss-refurbished;Aktion abgelaufen;
Bündel;iPhone 17;256;congstar;discount;Allnet Flat M Flex;L;refurbished;1,00;24,00;31,50;;24;0,00;24;1333,00;;2026-09-29;https://www.congstar.de/geraete/apple/apple-iphone-17-zustand-wie-neu/;apple-iphone-17-256gb-weiss-refurbished;Aktion abgelaufen;
Bündel;iPhone 17;256;congstar;discount;Allnet Flat S;M;refurbished;1,00;20,00;31,50;;24;0,00;24;1237,00;;2026-09-29;https://www.congstar.de/geraete/apple/apple-iphone-17-zustand-wie-neu/;apple-iphone-17-256gb-weiss-refurbished;Aktion abgelaufen;
Bündel;iPhone 17;256;congstar;discount;Allnet Flat S Flex;M;refurbished;1,00;20,00;31,50;;24;0,00;24;1237,00;;2026-09-29;https://www.congstar.de/geraete/apple/apple-iphone-17-zustand-wie-neu/;apple-iphone-17-256gb-weiss-refurbished;Aktion abgelaufen;
Bündel;iPhone 17;256;congstar;discount;Allnet Flat XS;XS;refurbished;1,00;15,00;31,50;;24;0,00;24;1117,00;;2026-09-29;https://www.congstar.de/geraete/apple/apple-iphone-17-zustand-wie-neu/;apple-iphone-17-256gb-weiss-refurbished;Aktion abgelaufen;
Bündel;iPhone 17;256;congstar;discount;Allnet Flat XS Flex;XS;refurbished;1,00;15,00;31,50;;24;0,00;24;1117,00;;2026-09-29;https://www.congstar.de/geraete/apple/apple-iphone-17-zustand-wie-neu/;apple-iphone-17-256gb-weiss-refurbished;Aktion abgelaufen;
Bündel;iPhone 17;512;congstar;discount;Allnet Flat L;L;neu;149,00;30,00;42,75;;24;15,00;24;1910,00;;2026-10-10;https://www.congstar.de/geraete/apple/apple-iphone-17/?paymentVariantBenefits=&planId=545&installmentPlanId=500&memorySize=512+GB;apple-iphone-17-512gb-weiss;;
Bündel;iPhone 17;512;congstar;discount;Allnet Flat L Flex;L;neu;149,00;30,00;48,75;;24;35,00;24;2074,00;;2026-10-10;https://www.congstar.de/geraete/apple/apple-iphone-17/;apple-iphone-17-512gb-weiss;;
Bündel;iPhone 17;512;congstar;discount;Allnet Flat M;L;neu;149,00;25,00;44,25;;24;15,00;24;1826,00;;2026-10-10;https://www.congstar.de/geraete/apple/apple-iphone-17/?paymentVariantBenefits=&planId=540&installmentPlanId=500&memorySize=512+GB;apple-iphone-17-512gb-weiss;;
Bündel;iPhone 17;512;congstar;discount;Allnet Flat M Flex;L;neu;149,00;25,00;48,75;;24;35,00;24;1954,00;;2026-10-10;https://www.congstar.de/geraete/apple/apple-iphone-17/;apple-iphone-17-512gb-weiss;;
Bündel;iPhone 17;512;congstar;discount;Allnet Flat S;M;neu;149,00;20,00;45,75;;24;15,00;24;1742,00;;2026-10-10;https://www.congstar.de/geraete/apple/apple-iphone-17/?paymentVariantBenefits=&planId=560&installmentPlanId=500&memorySize=512+GB;apple-iphone-17-512gb-weiss;;
Bündel;iPhone 17;512;congstar;discount;Allnet Flat S Flex;M;neu;149,00;20,00;48,75;;24;35,00;24;1834,00;;2026-10-10;https://www.congstar.de/geraete/apple/apple-iphone-17/;apple-iphone-17-512gb-weiss;;
Bündel;iPhone 17;512;congstar;discount;Allnet Flat XS;XS;neu;149,00;15,00;47,25;;24;15,00;24;1658,00;;2026-10-10;https://www.congstar.de/geraete/apple/apple-iphone-17/?paymentVariantBenefits=&planId=543&installmentPlanId=500&memorySize=512+GB;apple-iphone-17-512gb-weiss;;
Bündel;iPhone 17;512;congstar;discount;Allnet Flat XS Flex;XS;neu;149,00;15,00;48,75;;24;35,00;24;1714,00;;2026-10-10;https://www.congstar.de/geraete/apple/apple-iphone-17/;apple-iphone-17-512gb-weiss;;
Bündel;iPhone 17 Pro;256;congstar;discount;Allnet Flat L;L;neu;1,00;29,00;39,75;;24;0,00;24;1651,00;;2026-09-28;https://www.congstar.de/handytarife/allnet-flat-tarife/allnet-flat-l/;apple-iphone-17-pro-256gb-silber;Aktion abgelaufen;
Bündel;iPhone 17 Pro;256;congstar;discount;Allnet Flat L Flex;L;neu;1,00;29,00;51,00;;24;0,00;24;1921,00;;2026-09-28;https://www.congstar.de/handytarife/allnet-flat-tarife/allnet-flat-l/;apple-iphone-17-pro-256gb-silber;Aktion abgelaufen;
Bündel;iPhone 17 Pro;256;congstar;discount;Allnet Flat M;L;neu;1,00;24,00;41,25;;24;0,00;24;1567,00;;2026-09-28;https://www.congstar.de/handytarife/allnet-flat-tarife/allnet-flat-m/;apple-iphone-17-pro-256gb-silber;Aktion abgelaufen;
Bündel;iPhone 17 Pro;256;congstar;discount;Allnet Flat M Flex;L;neu;1,00;24,00;51,00;;24;0,00;24;1801,00;;2026-09-28;https://www.congstar.de/handytarife/allnet-flat-tarife/allnet-flat-m/;apple-iphone-17-pro-256gb-silber;Aktion abgelaufen;
Bündel;iPhone 17 Pro;256;congstar;discount;Allnet Flat S;M;neu;1,00;20,00;42,75;;24;0,00;24;1507,00;;2026-09-28;https://www.congstar.de/handytarife/allnet-flat-tarife/allnet-flat-s/;apple-iphone-17-pro-256gb-silber;Aktion abgelaufen;
Bündel;iPhone 17 Pro;256;congstar;discount;Allnet Flat S Flex;M;neu;1,00;20,00;51,00;;24;0,00;24;1705,00;;2026-09-28;https://www.congstar.de/handytarife/allnet-flat-tarife/allnet-flat-s/;apple-iphone-17-pro-256gb-silber;Aktion abgelaufen;
Bündel;iPhone 17 Pro;256;congstar;discount;Allnet Flat XS;XS;neu;1,00;15,00;45,75;;24;0,00;24;1459,00;;2026-09-28;https://www.congstar.de/handytarife/allnet-flat-tarife/allnet-flat-xs/;apple-iphone-17-pro-256gb-silber;Aktion abgelaufen;
Bündel;iPhone 17 Pro;256;congstar;discount;Allnet Flat XS Flex;XS;neu;1,00;15,00;51,00;;24;0,00;24;1585,00;;2026-09-28;https://www.congstar.de/handytarife/allnet-flat-tarife/allnet-flat-xs/;apple-iphone-17-pro-256gb-silber;Aktion abgelaufen;
Bündel;iPhone 17 Pro;512;congstar;discount;Allnet Flat L;L;neu;179,00;30,00;45,00;;24;15,00;24;1994,00;;2026-10-10;https://www.congstar.de/geraete/apple/apple-iphone-17-pro/?paymentVariantBenefits=&planId=545&installmentPlanId=500;apple-iphone-17-pro-512gb-cosmic-orange;;
Bündel;iPhone 17 Pro;512;congstar;discount;Allnet Flat L Flex;L;neu;179,00;30,00;56,25;;24;35,00;24;2284,00;;2026-10-10;https://www.congstar.de/geraete/apple/apple-iphone-17-pro/;apple-iphone-17-pro-512gb-cosmic-orange;;
Bündel;iPhone 17 Pro;512;congstar;discount;Allnet Flat M;L;neu;179,00;25,00;46,50;;24;15,00;24;1910,00;;2026-10-10;https://www.congstar.de/geraete/apple/apple-iphone-17-pro/?paymentVariantBenefits=&planId=540&installmentPlanId=500;apple-iphone-17-pro-512gb-cosmic-orange;;
Bündel;iPhone 17 Pro;512;congstar;discount;Allnet Flat M Flex;L;neu;179,00;25,00;56,25;;24;35,00;24;2164,00;;2026-10-10;https://www.congstar.de/geraete/apple/apple-iphone-17-pro/;apple-iphone-17-pro-512gb-cosmic-orange;;
Bündel;iPhone 17 Pro;512;congstar;discount;Allnet Flat S;M;neu;179,00;20,00;48,00;;24;15,00;24;1826,00;;2026-10-10;https://www.congstar.de/geraete/apple/apple-iphone-17-pro/?paymentVariantBenefits=&planId=560&installmentPlanId=500;apple-iphone-17-pro-512gb-cosmic-orange;;
Bündel;iPhone 17 Pro;512;congstar;discount;Allnet Flat S Flex;M;neu;179,00;20,00;56,25;;24;35,00;24;2044,00;;2026-10-10;https://www.congstar.de/geraete/apple/apple-iphone-17-pro/;apple-iphone-17-pro-512gb-cosmic-orange;;
Bündel;iPhone 17 Pro;512;congstar;discount;Allnet Flat XS;XS;neu;179,00;15,00;51,00;;24;15,00;24;1778,00;;2026-10-10;https://www.congstar.de/geraete/apple/apple-iphone-17-pro/?paymentVariantBenefits=&planId=543&installmentPlanId=500;apple-iphone-17-pro-512gb-cosmic-orange;;
Bündel;iPhone 17 Pro;512;congstar;discount;Allnet Flat XS Flex;XS;neu;179,00;15,00;56,25;;24;35,00;24;1924,00;;2026-10-10;https://www.congstar.de/geraete/apple/apple-iphone-17-pro/;apple-iphone-17-pro-512gb-cosmic-orange;;
Bündel;iPhone 17 Pro Max;256;congstar;discount;Allnet Flat L;L;neu;79,00;30,00;44,25;;24;15,00;24;1876,00;;2026-10-10;https://www.congstar.de/geraete/apple/apple-iphone-17-pro-max/?paymentVariantBenefits=&planId=545&installmentPlanId=500;apple-iphone-17-pro-max-256gb-cosmic-orange;;
Bündel;iPhone 17 Pro Max;256;congstar;discount;Allnet Flat L Flex;L;neu;79,00;30,00;54,75;;24;35,00;24;2148,00;;2026-10-10;https://www.congstar.de/geraete/apple/apple-iphone-17-pro-max/;apple-iphone-17-pro-max-256gb-cosmic-orange;;
Bündel;iPhone 17 Pro Max;256;congstar;discount;Allnet Flat M;L;neu;79,00;25,00;45,75;;24;15,00;24;1792,00;;2026-10-10;https://www.congstar.de/geraete/apple/apple-iphone-17-pro-max/?paymentVariantBenefits=&planId=540&installmentPlanId=500;apple-iphone-17-pro-max-256gb-cosmic-orange;;
Bündel;iPhone 17 Pro Max;256;congstar;discount;Allnet Flat M Flex;L;neu;79,00;25,00;54,75;;24;35,00;24;2028,00;;2026-10-10;https://www.congstar.de/geraete/apple/apple-iphone-17-pro-max/;apple-iphone-17-pro-max-256gb-cosmic-orange;;
Bündel;iPhone 17 Pro Max;256;congstar;discount;Allnet Flat S;M;neu;79,00;20,00;48,75;;24;15,00;24;1744,00;;2026-10-10;https://www.congstar.de/geraete/apple/apple-iphone-17-pro-max/?paymentVariantBenefits=&planId=560&installmentPlanId=500;apple-iphone-17-pro-max-256gb-cosmic-orange;;
Bündel;iPhone 17 Pro Max;256;congstar;discount;Allnet Flat S Flex;M;neu;79,00;20,00;54,75;;24;35,00;24;1908,00;;2026-10-10;https://www.congstar.de/geraete/apple/apple-iphone-17-pro-max/;apple-iphone-17-pro-max-256gb-cosmic-orange;;
Bündel;iPhone 17 Pro Max;256;congstar;discount;Allnet Flat XS;XS;neu;79,00;15,00;50,25;;24;15,00;24;1660,00;;2026-10-10;https://www.congstar.de/geraete/apple/apple-iphone-17-pro-max/?paymentVariantBenefits=&planId=543&installmentPlanId=500;apple-iphone-17-pro-max-256gb-cosmic-orange;;
Bündel;iPhone 17 Pro Max;256;congstar;discount;Allnet Flat XS Flex;XS;neu;79,00;15,00;54,75;;24;35,00;24;1788,00;;2026-10-10;https://www.congstar.de/geraete/apple/apple-iphone-17-pro-max/;apple-iphone-17-pro-max-256gb-cosmic-orange;;
Bündel;iPhone 17 Pro Max;256;congstar;discount;Allnet Flat L;L;refurbished;99,00;29,00;45,00;;24;0,00;24;1875,00;;2026-09-29;https://www.congstar.de/geraete/apple/apple-iphone-17-pro-max-zustand-wie-neu/;apple-iphone-17-pro-max-256gb-deep-blue-refurbished;Aktion abgelaufen;
Bündel;iPhone 17 Pro Max;256;congstar;discount;Allnet Flat L Flex;L;refurbished;99,00;29,00;45,00;;24;0,00;24;1875,00;;2026-09-29;https://www.congstar.de/geraete/apple/apple-iphone-17-pro-max-zustand-wie-neu/;apple-iphone-17-pro-max-256gb-deep-blue-refurbished;Aktion abgelaufen;
Bündel;iPhone 17 Pro Max;256;congstar;discount;Allnet Flat M;L;refurbished;99,00;24,00;45,00;;24;0,00;24;1755,00;;2026-09-29;https://www.congstar.de/geraete/apple/apple-iphone-17-pro-max-zustand-wie-neu/;apple-iphone-17-pro-max-256gb-deep-blue-refurbished;Aktion abgelaufen;
Bündel;iPhone 17 Pro Max;256;congstar;discount;Allnet Flat M Flex;L;refurbished;99,00;24,00;45,00;;24;0,00;24;1755,00;;2026-09-29;https://www.congstar.de/geraete/apple/apple-iphone-17-pro-max-zustand-wie-neu/;apple-iphone-17-pro-max-256gb-deep-blue-refurbished;Aktion abgelaufen;
Bündel;iPhone 17 Pro Max;256;congstar;discount;Allnet Flat S;M;refurbished;99,00;20,00;45,00;;24;0,00;24;1659,00;;2026-09-29;https://www.congstar.de/geraete/apple/apple-iphone-17-pro-max-zustand-wie-neu/;apple-iphone-17-pro-max-256gb-deep-blue-refurbished;Aktion abgelaufen;
Bündel;iPhone 17 Pro Max;256;congstar;discount;Allnet Flat S Flex;M;refurbished;99,00;20,00;45,00;;24;0,00;24;1659,00;;2026-09-29;https://www.congstar.de/geraete/apple/apple-iphone-17-pro-max-zustand-wie-neu/;apple-iphone-17-pro-max-256gb-deep-blue-refurbished;Aktion abgelaufen;
Bündel;iPhone 17 Pro Max;256;congstar;discount;Allnet Flat XS;XS;refurbished;99,00;15,00;45,00;;24;0,00;24;1539,00;;2026-09-29;https://www.congstar.de/geraete/apple/apple-iphone-17-pro-max-zustand-wie-neu/;apple-iphone-17-pro-max-256gb-deep-blue-refurbished;Aktion abgelaufen;
Bündel;iPhone 17 Pro Max;256;congstar;discount;Allnet Flat XS Flex;XS;refurbished;99,00;15,00;45,00;;24;0,00;24;1539,00;;2026-09-29;https://www.congstar.de/geraete/apple/apple-iphone-17-pro-max-zustand-wie-neu/;apple-iphone-17-pro-max-256gb-deep-blue-refurbished;Aktion abgelaufen;
Bündel;iPhone 17 Pro Max;512;congstar;discount;Allnet Flat L;L;neu;79,00;30,00;54,75;;24;15,00;24;2128,00;;2026-10-10;https://www.congstar.de/geraete/apple/apple-iphone-17-pro-max/?paymentVariantBenefits=&planId=545&installmentPlanId=500&memorySize=512+GB;apple-iphone-17-pro-max-512gb-cosmic-orange;;
Bündel;iPhone 17 Pro Max;512;congstar;discount;Allnet Flat L Flex;L;neu;79,00;30,00;65,25;;24;35,00;24;2400,00;;2026-10-10;https://www.congstar.de/geraete/apple/apple-iphone-17-pro-max/;apple-iphone-17-pro-max-512gb-cosmic-orange;;
Bündel;iPhone 17 Pro Max;512;congstar;discount;Allnet Flat M;L;neu;79,00;25,00;56,25;;24;15,00;24;2044,00;;2026-10-10;https://www.congstar.de/geraete/apple/apple-iphone-17-pro-max/?paymentVariantBenefits=&planId=540&installmentPlanId=500&memorySize=512+GB;apple-iphone-17-pro-max-512gb-cosmic-orange;;
Bündel;iPhone 17 Pro Max;512;congstar;discount;Allnet Flat M Flex;L;neu;79,00;25,00;65,25;;24;35,00;24;2280,00;;2026-10-10;https://www.congstar.de/geraete/apple/apple-iphone-17-pro-max/;apple-iphone-17-pro-max-512gb-cosmic-orange;;
Bündel;iPhone 17 Pro Max;512;congstar;discount;Allnet Flat S;M;neu;79,00;20,00;59,25;;24;15,00;24;1996,00;;2026-10-10;https://www.congstar.de/geraete/apple/apple-iphone-17-pro-max/?paymentVariantBenefits=&planId=560&installmentPlanId=500&memorySize=512+GB;apple-iphone-17-pro-max-512gb-cosmic-orange;;
Bündel;iPhone 17 Pro Max;512;congstar;discount;Allnet Flat S Flex;M;neu;79,00;20,00;65,25;;24;35,00;24;2160,00;;2026-10-10;https://www.congstar.de/geraete/apple/apple-iphone-17-pro-max/;apple-iphone-17-pro-max-512gb-cosmic-orange;;
Bündel;iPhone 17 Pro Max;512;congstar;discount;Allnet Flat XS;XS;neu;79,00;15,00;60,75;;24;15,00;24;1912,00;;2026-10-10;https://www.congstar.de/geraete/apple/apple-iphone-17-pro-max/?paymentVariantBenefits=&planId=543&installmentPlanId=500&memorySize=512+GB;apple-iphone-17-pro-max-512gb-cosmic-orange;;
Bündel;iPhone 17 Pro Max;512;congstar;discount;Allnet Flat XS Flex;XS;neu;79,00;15,00;65,25;;24;35,00;24;2040,00;;2026-10-10;https://www.congstar.de/geraete/apple/apple-iphone-17-pro-max/;apple-iphone-17-pro-max-512gb-cosmic-orange;;
Bündel;iPhone 17e;256;congstar;discount;Allnet Flat L;L;neu;19,00;30,00;24,75;;24;15,00;24;1348,00;;2026-10-10;https://www.congstar.de/geraete/apple/apple-iphone-17e/?paymentVariantBenefits=&planId=545&installmentPlanId=500;apple-iphone-17e-256gb-rosa;;
Bündel;iPhone 17e;256;congstar;discount;Allnet Flat L Flex;L;neu;19,00;30,00;31,50;;24;35,00;24;1530,00;;2026-10-10;https://www.congstar.de/geraete/apple/apple-iphone-17e/;apple-iphone-17e-256gb-rosa;;
Bündel;iPhone 17e;256;congstar;discount;Allnet Flat M;L;neu;19,00;25,00;24,75;;24;15,00;24;1228,00;;2026-10-10;https://www.congstar.de/geraete/apple/apple-iphone-17e/?paymentVariantBenefits=&planId=540&installmentPlanId=500;apple-iphone-17e-256gb-rosa;;
Bündel;iPhone 17e;256;congstar;discount;Allnet Flat M Flex;L;neu;19,00;25,00;31,50;;24;35,00;24;1410,00;;2026-10-10;https://www.congstar.de/geraete/apple/apple-iphone-17e/;apple-iphone-17e-256gb-rosa;;
Bündel;iPhone 17e;256;congstar;discount;Allnet Flat S;M;neu;19,00;20,00;26,25;;24;15,00;24;1144,00;;2026-10-10;https://www.congstar.de/geraete/apple/apple-iphone-17e/?paymentVariantBenefits=&planId=560&installmentPlanId=500;apple-iphone-17e-256gb-rosa;;
Bündel;iPhone 17e;256;congstar;discount;Allnet Flat S Flex;M;neu;19,00;20,00;31,50;;24;35,00;24;1290,00;;2026-10-10;https://www.congstar.de/geraete/apple/apple-iphone-17e/;apple-iphone-17e-256gb-rosa;;
Bündel;iPhone 17e;256;congstar;discount;Allnet Flat XS;XS;neu;19,00;15,00;29,25;;24;15,00;24;1096,00;;2026-10-10;https://www.congstar.de/geraete/apple/apple-iphone-17e/?paymentVariantBenefits=&planId=543&installmentPlanId=500;apple-iphone-17e-256gb-rosa;;
Bündel;iPhone 17e;256;congstar;discount;Allnet Flat XS Flex;XS;neu;19,00;15,00;31,50;;24;35,00;24;1170,00;;2026-10-10;https://www.congstar.de/geraete/apple/apple-iphone-17e/;apple-iphone-17e-256gb-rosa;;
Bündel;iPhone 18 Pro;1024;congstar;discount;Allnet Flat L;L;neu;279,00;30,00;79,50;;24;15,00;24;2922,00;;2026-10-10;https://www.congstar.de/geraete/apple/apple-iphone-18-pro/?paymentVariantBenefits=&planId=545&installmentPlanId=500&memorySize=1+TB;apple-iphone-18-pro-1024gb-burgunder;;
Bündel;iPhone 18 Pro;1024;congstar;discount;Allnet Flat L Flex;L;neu;279,00;30,00;79,50;;24;35,00;24;2942,00;;2026-10-10;https://www.congstar.de/geraete/apple/apple-iphone-18-pro/;apple-iphone-18-pro-1024gb-burgunder;;
Bündel;iPhone 18 Pro;1024;congstar;discount;Allnet Flat M;L;neu;279,00;25,00;79,50;;24;15,00;24;2802,00;;2026-10-10;https://www.congstar.de/geraete/apple/apple-iphone-18-pro/?paymentVariantBenefits=&planId=540&installmentPlanId=500&memorySize=1+TB;apple-iphone-18-pro-1024gb-burgunder;;
Bündel;iPhone 18 Pro;1024;congstar;discount;Allnet Flat M Flex;L;neu;279,00;25,00;79,50;;24;35,00;24;2822,00;;2026-10-10;https://www.congstar.de/geraete/apple/apple-iphone-18-pro/;apple-iphone-18-pro-1024gb-burgunder;;
Bündel;iPhone 18 Pro;1024;congstar;discount;Allnet Flat S;M;neu;279,00;20,00;79,50;;24;15,00;24;2682,00;;2026-10-10;https://www.congstar.de/geraete/apple/apple-iphone-18-pro/?paymentVariantBenefits=&planId=560&installmentPlanId=500&memorySize=1+TB;apple-iphone-18-pro-1024gb-burgunder;;
Bündel;iPhone 18 Pro;1024;congstar;discount;Allnet Flat S Flex;M;neu;279,00;20,00;79,50;;24;35,00;24;2702,00;;2026-10-10;https://www.congstar.de/geraete/apple/apple-iphone-18-pro/;apple-iphone-18-pro-1024gb-burgunder;;
Bündel;iPhone 18 Pro;1024;congstar;discount;Allnet Flat XS;XS;neu;279,00;15,00;79,50;;24;15,00;24;2562,00;;2026-10-10;https://www.congstar.de/geraete/apple/apple-iphone-18-pro/?paymentVariantBenefits=&planId=543&installmentPlanId=500&memorySize=1+TB;apple-iphone-18-pro-1024gb-burgunder;;
Bündel;iPhone 18 Pro;1024;congstar;discount;Allnet Flat XS Flex;XS;neu;279,00;15,00;79,50;;24;35,00;24;2582,00;;2026-10-10;https://www.congstar.de/geraete/apple/apple-iphone-18-pro/;apple-iphone-18-pro-1024gb-burgunder;;
Bündel;iPhone 18 Pro;256;congstar;discount;Allnet Flat L;L;neu;199,00;30,00;49,50;;24;15,00;24;2122,00;;2026-10-10;https://www.congstar.de/geraete/apple/apple-iphone-18-pro/?paymentVariantBenefits=&planId=545&installmentPlanId=500;apple-iphone-18-pro-256gb-burgunder;;
Bündel;iPhone 18 Pro;256;congstar;discount;Allnet Flat L Flex;L;neu;199,00;30,00;49,50;;24;35,00;24;2142,00;;2026-10-10;https://www.congstar.de/geraete/apple/apple-iphone-18-pro/;apple-iphone-18-pro-256gb-burgunder;;
Bündel;iPhone 18 Pro;256;congstar;discount;Allnet Flat M;L;neu;199,00;25,00;49,50;;24;15,00;24;2002,00;;2026-10-10;https://www.congstar.de/geraete/apple/apple-iphone-18-pro/?paymentVariantBenefits=&planId=540&installmentPlanId=500;apple-iphone-18-pro-256gb-burgunder;;
Bündel;iPhone 18 Pro;256;congstar;discount;Allnet Flat M Flex;L;neu;199,00;25,00;49,50;;24;35,00;24;2022,00;;2026-10-10;https://www.congstar.de/geraete/apple/apple-iphone-18-pro/;apple-iphone-18-pro-256gb-burgunder;;
Bündel;iPhone 18 Pro;256;congstar;discount;Allnet Flat S;M;neu;199,00;20,00;49,50;;24;15,00;24;1882,00;;2026-10-10;https://www.congstar.de/geraete/apple/apple-iphone-18-pro/?paymentVariantBenefits=&planId=560&installmentPlanId=500;apple-iphone-18-pro-256gb-burgunder;;
Bündel;iPhone 18 Pro;256;congstar;discount;Allnet Flat S Flex;M;neu;199,00;20,00;49,50;;24;35,00;24;1902,00;;2026-10-10;https://www.congstar.de/geraete/apple/apple-iphone-18-pro/;apple-iphone-18-pro-256gb-burgunder;;
Bündel;iPhone 18 Pro;256;congstar;discount;Allnet Flat XS;XS;neu;199,00;15,00;49,50;;24;15,00;24;1762,00;;2026-10-10;https://www.congstar.de/geraete/apple/apple-iphone-18-pro/?paymentVariantBenefits=&planId=543&installmentPlanId=500;apple-iphone-18-pro-256gb-burgunder;;
Bündel;iPhone 18 Pro;256;congstar;discount;Allnet Flat XS Flex;XS;neu;199,00;15,00;49,50;;24;35,00;24;1782,00;;2026-10-10;https://www.congstar.de/geraete/apple/apple-iphone-18-pro/;apple-iphone-18-pro-256gb-burgunder;;
Bündel;iPhone 18 Pro;512;congstar;discount;Allnet Flat L;L;neu;249,00;30,00;60,00;;24;15,00;24;2424,00;;2026-10-10;https://www.congstar.de/geraete/apple/apple-iphone-18-pro/?paymentVariantBenefits=&planId=545&installmentPlanId=500&memorySize=512+GB;apple-iphone-18-pro-512gb-burgunder;;
Bündel;iPhone 18 Pro;512;congstar;discount;Allnet Flat L Flex;L;neu;249,00;30,00;60,00;;24;35,00;24;2444,00;;2026-10-10;https://www.congstar.de/geraete/apple/apple-iphone-18-pro/;apple-iphone-18-pro-512gb-burgunder;;
Bündel;iPhone 18 Pro;512;congstar;discount;Allnet Flat M;L;neu;249,00;25,00;60,00;;24;15,00;24;2304,00;;2026-10-10;https://www.congstar.de/geraete/apple/apple-iphone-18-pro/?paymentVariantBenefits=&planId=540&installmentPlanId=500&memorySize=512+GB;apple-iphone-18-pro-512gb-burgunder;;
Bündel;iPhone 18 Pro;512;congstar;discount;Allnet Flat M Flex;L;neu;249,00;25,00;60,00;;24;35,00;24;2324,00;;2026-10-10;https://www.congstar.de/geraete/apple/apple-iphone-18-pro/;apple-iphone-18-pro-512gb-burgunder;;
Bündel;iPhone 18 Pro;512;congstar;discount;Allnet Flat S;M;neu;249,00;20,00;60,00;;24;15,00;24;2184,00;;2026-10-10;https://www.congstar.de/geraete/apple/apple-iphone-18-pro/?paymentVariantBenefits=&planId=560&installmentPlanId=500&memorySize=512+GB;apple-iphone-18-pro-512gb-burgunder;;
Bündel;iPhone 18 Pro;512;congstar;discount;Allnet Flat S Flex;M;neu;249,00;20,00;60,00;;24;35,00;24;2204,00;;2026-10-10;https://www.congstar.de/geraete/apple/apple-iphone-18-pro/;apple-iphone-18-pro-512gb-burgunder;;
Bündel;iPhone 18 Pro;512;congstar;discount;Allnet Flat XS;XS;neu;249,00;15,00;60,00;;24;15,00;24;2064,00;;2026-10-10;https://www.congstar.de/geraete/apple/apple-iphone-18-pro/?paymentVariantBenefits=&planId=543&installmentPlanId=500&memorySize=512+GB;apple-iphone-18-pro-512gb-burgunder;;
Bündel;iPhone 18 Pro;512;congstar;discount;Allnet Flat XS Flex;XS;neu;249,00;15,00;60,00;;24;35,00;24;2084,00;;2026-10-10;https://www.congstar.de/geraete/apple/apple-iphone-18-pro/;apple-iphone-18-pro-512gb-burgunder;;
Bündel;iPhone 18 Pro Max;1024;congstar;discount;Allnet Flat L;L;neu;259,00;30,00;87,00;;24;15,00;24;3082,00;;2026-10-10;https://www.congstar.de/geraete/apple/apple-iphone-18-pro-max/?paymentVariantBenefits=&planId=545&installmentPlanId=500&memorySize=1+TB;apple-iphone-18-pro-max-1024gb-polar;;
Bündel;iPhone 18 Pro Max;1024;congstar;discount;Allnet Flat L Flex;L;neu;259,00;30,00;87,00;;24;35,00;24;3102,00;;2026-10-10;https://www.congstar.de/geraete/apple/apple-iphone-18-pro-max/;apple-iphone-18-pro-max-1024gb-polar;;
Bündel;iPhone 18 Pro Max;1024;congstar;discount;Allnet Flat M;L;neu;259,00;25,00;87,00;;24;15,00;24;2962,00;;2026-10-10;https://www.congstar.de/geraete/apple/apple-iphone-18-pro-max/?paymentVariantBenefits=&planId=540&installmentPlanId=500&memorySize=1+TB;apple-iphone-18-pro-max-1024gb-polar;;
Bündel;iPhone 18 Pro Max;1024;congstar;discount;Allnet Flat M Flex;L;neu;259,00;25,00;87,00;;24;35,00;24;2982,00;;2026-10-10;https://www.congstar.de/geraete/apple/apple-iphone-18-pro-max/;apple-iphone-18-pro-max-1024gb-polar;;
Bündel;iPhone 18 Pro Max;1024;congstar;discount;Allnet Flat S;M;neu;259,00;20,00;87,00;;24;15,00;24;2842,00;;2026-10-10;https://www.congstar.de/geraete/apple/apple-iphone-18-pro-max/?paymentVariantBenefits=&planId=560&installmentPlanId=500&memorySize=1+TB;apple-iphone-18-pro-max-1024gb-polar;;
Bündel;iPhone 18 Pro Max;1024;congstar;discount;Allnet Flat S Flex;M;neu;259,00;20,00;87,00;;24;35,00;24;2862,00;;2026-10-10;https://www.congstar.de/geraete/apple/apple-iphone-18-pro-max/;apple-iphone-18-pro-max-1024gb-polar;;
Bündel;iPhone 18 Pro Max;1024;congstar;discount;Allnet Flat XS;XS;neu;259,00;15,00;87,00;;24;15,00;24;2722,00;;2026-10-10;https://www.congstar.de/geraete/apple/apple-iphone-18-pro-max/?paymentVariantBenefits=&planId=543&installmentPlanId=500&memorySize=1+TB;apple-iphone-18-pro-max-1024gb-polar;;
Bündel;iPhone 18 Pro Max;1024;congstar;discount;Allnet Flat XS Flex;XS;neu;259,00;15,00;87,00;;24;35,00;24;2742,00;;2026-10-10;https://www.congstar.de/geraete/apple/apple-iphone-18-pro-max/;apple-iphone-18-pro-max-1024gb-polar;;
Bündel;iPhone 18 Pro Max;256;congstar;discount;Allnet Flat L;L;neu;189,00;29,00;58,50;;24;0,00;24;2289,00;;2026-09-22;https://www.congstar.de/handytarife/allnet-flat-tarife/allnet-flat-l/;apple-iphone-18-pro-max-256gb-burgunder;veraltet;
Bündel;iPhone 18 Pro Max;256;congstar;discount;Allnet Flat L Flex;L;neu;189,00;29,00;58,50;;24;0,00;24;2289,00;;2026-09-22;https://www.congstar.de/handytarife/allnet-flat-tarife/allnet-flat-l/;apple-iphone-18-pro-max-256gb-burgunder;veraltet;
Bündel;iPhone 18 Pro Max;256;congstar;discount;Allnet Flat M;L;neu;189,00;24,00;58,50;;24;0,00;24;2169,00;;2026-09-22;https://www.congstar.de/handytarife/allnet-flat-tarife/allnet-flat-m/;apple-iphone-18-pro-max-256gb-burgunder;Quarantäne;
Bündel;iPhone 18 Pro Max;256;congstar;discount;Allnet Flat M Flex;L;neu;189,00;24,00;58,50;;24;0,00;24;2169,00;;2026-09-22;https://www.congstar.de/handytarife/allnet-flat-tarife/allnet-flat-m/;apple-iphone-18-pro-max-256gb-burgunder;Quarantäne;
Bündel;iPhone 18 Pro Max;256;congstar;discount;Allnet Flat S;M;neu;189,00;20,00;58,50;;24;0,00;24;2073,00;;2026-09-22;https://www.congstar.de/handytarife/allnet-flat-tarife/allnet-flat-s/;apple-iphone-18-pro-max-256gb-burgunder;veraltet;
Bündel;iPhone 18 Pro Max;256;congstar;discount;Allnet Flat S Flex;M;neu;189,00;20,00;58,50;;24;0,00;24;2073,00;;2026-09-22;https://www.congstar.de/handytarife/allnet-flat-tarife/allnet-flat-s/;apple-iphone-18-pro-max-256gb-burgunder;veraltet;
Bündel;iPhone 18 Pro Max;256;congstar;discount;Allnet Flat XS;XS;neu;189,00;15,00;58,50;;24;0,00;24;1953,00;;2026-09-22;https://www.congstar.de/handytarife/allnet-flat-tarife/allnet-flat-xs/;apple-iphone-18-pro-max-256gb-burgunder;veraltet;
Bündel;iPhone 18 Pro Max;256;congstar;discount;Allnet Flat XS Flex;XS;neu;189,00;15,00;58,50;;24;0,00;24;1953,00;;2026-09-22;https://www.congstar.de/handytarife/allnet-flat-tarife/allnet-flat-xs/;apple-iphone-18-pro-max-256gb-burgunder;veraltet;
Bündel;iPhone 18 Pro Max;256;congstar;discount;Allnet Flat L;L;neu;189,00;30,00;58,50;;24;15,00;24;2328,00;;2026-10-10;https://www.congstar.de/geraete/apple/apple-iphone-18-pro-max/?paymentVariantBenefits=&planId=545&installmentPlanId=500;apple-iphone-18-pro-max-256gb-polar;;
Bündel;iPhone 18 Pro Max;256;congstar;discount;Allnet Flat L Flex;L;neu;189,00;30,00;58,50;;24;35,00;24;2348,00;;2026-10-10;https://www.congstar.de/geraete/apple/apple-iphone-18-pro-max/;apple-iphone-18-pro-max-256gb-polar;;
Bündel;iPhone 18 Pro Max;256;congstar;discount;Allnet Flat M;L;neu;189,00;25,00;58,50;;24;15,00;24;2208,00;;2026-10-10;https://www.congstar.de/geraete/apple/apple-iphone-18-pro-max/?paymentVariantBenefits=&planId=540&installmentPlanId=500;apple-iphone-18-pro-max-256gb-polar;;
Bündel;iPhone 18 Pro Max;256;congstar;discount;Allnet Flat M Flex;L;neu;189,00;25,00;58,50;;24;35,00;24;2228,00;;2026-10-10;https://www.congstar.de/geraete/apple/apple-iphone-18-pro-max/;apple-iphone-18-pro-max-256gb-polar;;
Bündel;iPhone 18 Pro Max;256;congstar;discount;Allnet Flat S;M;neu;189,00;20,00;58,50;;24;15,00;24;2088,00;;2026-10-10;https://www.congstar.de/geraete/apple/apple-iphone-18-pro-max/?paymentVariantBenefits=&planId=560&installmentPlanId=500;apple-iphone-18-pro-max-256gb-polar;;
Bündel;iPhone 18 Pro Max;256;congstar;discount;Allnet Flat S Flex;M;neu;189,00;20,00;58,50;;24;35,00;24;2108,00;;2026-10-10;https://www.congstar.de/geraete/apple/apple-iphone-18-pro-max/;apple-iphone-18-pro-max-256gb-polar;;
Bündel;iPhone 18 Pro Max;256;congstar;discount;Allnet Flat XS;XS;neu;189,00;15,00;58,50;;24;15,00;24;1968,00;;2026-10-10;https://www.congstar.de/geraete/apple/apple-iphone-18-pro-max/?paymentVariantBenefits=&planId=543&installmentPlanId=500;apple-iphone-18-pro-max-256gb-polar;;
Bündel;iPhone 18 Pro Max;256;congstar;discount;Allnet Flat XS Flex;XS;neu;189,00;15,00;58,50;;24;35,00;24;1988,00;;2026-10-10;https://www.congstar.de/geraete/apple/apple-iphone-18-pro-max/;apple-iphone-18-pro-max-256gb-polar;;
Bündel;iPhone 18 Pro Max;512;congstar;discount;Allnet Flat L;L;neu;229,00;30,00;67,50;;24;15,00;24;2584,00;;2026-10-10;https://www.congstar.de/geraete/apple/apple-iphone-18-pro-max/?paymentVariantBenefits=&planId=545&installmentPlanId=500&memorySize=512+GB;apple-iphone-18-pro-max-512gb-polar;;
Bündel;iPhone 18 Pro Max;512;congstar;discount;Allnet Flat L Flex;L;neu;229,00;30,00;67,50;;24;35,00;24;2604,00;;2026-10-10;https://www.congstar.de/geraete/apple/apple-iphone-18-pro-max/;apple-iphone-18-pro-max-512gb-polar;;
Bündel;iPhone 18 Pro Max;512;congstar;discount;Allnet Flat M;L;neu;229,00;25,00;67,50;;24;15,00;24;2464,00;;2026-10-10;https://www.congstar.de/geraete/apple/apple-iphone-18-pro-max/?paymentVariantBenefits=&planId=540&installmentPlanId=500&memorySize=512+GB;apple-iphone-18-pro-max-512gb-polar;;
Bündel;iPhone 18 Pro Max;512;congstar;discount;Allnet Flat M Flex;L;neu;229,00;25,00;67,50;;24;35,00;24;2484,00;;2026-10-10;https://www.congstar.de/geraete/apple/apple-iphone-18-pro-max/;apple-iphone-18-pro-max-512gb-polar;;
Bündel;iPhone 18 Pro Max;512;congstar;discount;Allnet Flat S;M;neu;229,00;20,00;67,50;;24;15,00;24;2344,00;;2026-10-10;https://www.congstar.de/geraete/apple/apple-iphone-18-pro-max/?paymentVariantBenefits=&planId=560&installmentPlanId=500&memorySize=512+GB;apple-iphone-18-pro-max-512gb-polar;;
Bündel;iPhone 18 Pro Max;512;congstar;discount;Allnet Flat S Flex;M;neu;229,00;20,00;67,50;;24;35,00;24;2364,00;;2026-10-10;https://www.congstar.de/geraete/apple/apple-iphone-18-pro-max/;apple-iphone-18-pro-max-512gb-polar;;
Bündel;iPhone 18 Pro Max;512;congstar;discount;Allnet Flat XS;XS;neu;229,00;15,00;67,50;;24;15,00;24;2224,00;;2026-10-10;https://www.congstar.de/geraete/apple/apple-iphone-18-pro-max/?paymentVariantBenefits=&planId=543&installmentPlanId=500&memorySize=512+GB;apple-iphone-18-pro-max-512gb-polar;;
Bündel;iPhone 18 Pro Max;512;congstar;discount;Allnet Flat XS Flex;XS;neu;229,00;15,00;67,50;;24;35,00;24;2244,00;;2026-10-10;https://www.congstar.de/geraete/apple/apple-iphone-18-pro-max/;apple-iphone-18-pro-max-512gb-polar;;
Bündel;iPhone Air;256;congstar;discount;Allnet Flat L;L;neu;79,00;30,00;24,75;;24;15,00;24;1408,00;;2026-10-10;https://www.congstar.de/geraete/apple/apple-iphone-air/?paymentVariantBenefits=&planId=545&installmentPlanId=500;apple-iphone-air-256gb-sky-blue;;
Bündel;iPhone Air;256;congstar;discount;Allnet Flat L Flex;L;neu;79,00;30,00;33,75;;24;35,00;24;1644,00;;2026-10-10;https://www.congstar.de/geraete/apple/apple-iphone-air/;apple-iphone-air-256gb-sky-blue;;
Bündel;iPhone Air;256;congstar;discount;Allnet Flat M;L;neu;79,00;25,00;26,25;;24;15,00;24;1324,00;;2026-10-10;https://www.congstar.de/geraete/apple/apple-iphone-air/?paymentVariantBenefits=&planId=540&installmentPlanId=500;apple-iphone-air-256gb-sky-blue;;
Bündel;iPhone Air;256;congstar;discount;Allnet Flat M Flex;L;neu;79,00;25,00;33,75;;24;35,00;24;1524,00;;2026-10-10;https://www.congstar.de/geraete/apple/apple-iphone-air/;apple-iphone-air-256gb-sky-blue;;
Bündel;iPhone Air;256;congstar;discount;Allnet Flat S;M;neu;79,00;20,00;29,25;;24;15,00;24;1276,00;;2026-10-10;https://www.congstar.de/geraete/apple/apple-iphone-air/?paymentVariantBenefits=&planId=560&installmentPlanId=500;apple-iphone-air-256gb-sky-blue;;
Bündel;iPhone Air;256;congstar;discount;Allnet Flat S Flex;M;neu;79,00;20,00;33,75;;24;35,00;24;1404,00;;2026-10-10;https://www.congstar.de/geraete/apple/apple-iphone-air/;apple-iphone-air-256gb-sky-blue;;
Bündel;iPhone Air;256;congstar;discount;Allnet Flat XS;XS;neu;79,00;15,00;30,75;;24;15,00;24;1192,00;;2026-10-10;https://www.congstar.de/geraete/apple/apple-iphone-air/?paymentVariantBenefits=&planId=543&installmentPlanId=500;apple-iphone-air-256gb-sky-blue;;
Bündel;iPhone Air;256;congstar;discount;Allnet Flat XS Flex;XS;neu;79,00;15,00;33,75;;24;35,00;24;1284,00;;2026-10-10;https://www.congstar.de/geraete/apple/apple-iphone-air/;apple-iphone-air-256gb-sky-blue;;
Bündel;iPhone Air;512;congstar;discount;Allnet Flat L;L;neu;89,00;30,00;33,00;;24;15,00;24;1616,00;;2026-10-10;https://www.congstar.de/geraete/apple/apple-iphone-air/?paymentVariantBenefits=&planId=545&installmentPlanId=500&memorySize=512+GB;apple-iphone-air-512gb-schwarz;;
Bündel;iPhone Air;512;congstar;discount;Allnet Flat L Flex;L;neu;89,00;30,00;41,25;;24;35,00;24;1834,00;;2026-10-10;https://www.congstar.de/geraete/apple/apple-iphone-air/;apple-iphone-air-512gb-schwarz;;
Bündel;iPhone Air;512;congstar;discount;Allnet Flat M;L;neu;89,00;25,00;34,50;;24;15,00;24;1532,00;;2026-10-10;https://www.congstar.de/geraete/apple/apple-iphone-air/?paymentVariantBenefits=&planId=540&installmentPlanId=500&memorySize=512+GB;apple-iphone-air-512gb-schwarz;;
Bündel;iPhone Air;512;congstar;discount;Allnet Flat M Flex;L;neu;89,00;25,00;41,25;;24;35,00;24;1714,00;;2026-10-10;https://www.congstar.de/geraete/apple/apple-iphone-air/;apple-iphone-air-512gb-schwarz;;
Bündel;iPhone Air;512;congstar;discount;Allnet Flat S;M;neu;89,00;20,00;37,50;;24;15,00;24;1484,00;;2026-10-10;https://www.congstar.de/geraete/apple/apple-iphone-air/?paymentVariantBenefits=&planId=560&installmentPlanId=500&memorySize=512+GB;apple-iphone-air-512gb-schwarz;;
Bündel;iPhone Air;512;congstar;discount;Allnet Flat S Flex;M;neu;89,00;20,00;41,25;;24;35,00;24;1594,00;;2026-10-10;https://www.congstar.de/geraete/apple/apple-iphone-air/;apple-iphone-air-512gb-schwarz;;
Bündel;iPhone Air;512;congstar;discount;Allnet Flat XS;XS;neu;89,00;15,00;39,00;;24;15,00;24;1400,00;;2026-10-10;https://www.congstar.de/geraete/apple/apple-iphone-air/?paymentVariantBenefits=&planId=543&installmentPlanId=500&memorySize=512+GB;apple-iphone-air-512gb-schwarz;;
Bündel;iPhone Air;512;congstar;discount;Allnet Flat XS Flex;XS;neu;89,00;15,00;41,25;;24;35,00;24;1474,00;;2026-10-10;https://www.congstar.de/geraete/apple/apple-iphone-air/;apple-iphone-air-512gb-schwarz;;
Bündel;Fairphone 6;256;congstar;discount;Allnet Flat L;L;neu;1,00;30,00;15,00;;24;15,00;24;1096,00;;2026-10-10;https://www.congstar.de/geraete/fairphone/fairphone-gen-6-1/?planId=545&installmentPlanId=500;fairphone-6-256gb-schwarz;;
Bündel;Fairphone 6;256;congstar;discount;Allnet Flat L Flex;L;neu;1,00;30,00;22,50;;24;35,00;24;1296,00;;2026-10-10;https://www.congstar.de/geraete/fairphone/fairphone-gen-6-1/;fairphone-6-256gb-schwarz;;
Bündel;Fairphone 6;256;congstar;discount;Allnet Flat M;L;neu;1,00;25,00;16,50;;24;15,00;24;1012,00;;2026-10-10;https://www.congstar.de/geraete/fairphone/fairphone-gen-6-1/?planId=540&installmentPlanId=500;fairphone-6-256gb-schwarz;;
Bündel;Fairphone 6;256;congstar;discount;Allnet Flat M Flex;L;neu;1,00;25,00;22,50;;24;35,00;24;1176,00;;2026-10-10;https://www.congstar.de/geraete/fairphone/fairphone-gen-6-1/;fairphone-6-256gb-schwarz;;
Bündel;Fairphone 6;256;congstar;discount;Allnet Flat S;M;neu;1,00;20,00;19,50;;24;15,00;24;964,00;;2026-10-10;https://www.congstar.de/geraete/fairphone/fairphone-gen-6-1/?planId=560&installmentPlanId=500;fairphone-6-256gb-schwarz;;
Bündel;Fairphone 6;256;congstar;discount;Allnet Flat S Flex;M;neu;1,00;20,00;22,50;;24;35,00;24;1056,00;;2026-10-10;https://www.congstar.de/geraete/fairphone/fairphone-gen-6-1/;fairphone-6-256gb-schwarz;;
Bündel;Fairphone 6;256;congstar;discount;Allnet Flat XS;XS;neu;1,00;15,00;21,00;;24;15,00;24;880,00;;2026-10-10;https://www.congstar.de/geraete/fairphone/fairphone-gen-6-1/?planId=543&installmentPlanId=500;fairphone-6-256gb-schwarz;;
Bündel;Fairphone 6;256;congstar;discount;Allnet Flat XS Flex;XS;neu;1,00;15,00;22,50;;24;35,00;24;936,00;;2026-10-10;https://www.congstar.de/geraete/fairphone/fairphone-gen-6-1/;fairphone-6-256gb-schwarz;;
Bündel;Fairphone 6 Plus;256;congstar;discount;Allnet Flat L;L;neu;1,00;30,00;16,50;;24;15,00;24;1132,00;;2026-10-10;https://www.congstar.de/geraete/fairphone/fairphone-gen-6/;fairphone-6-plus-256gb-forest-green;;
Bündel;Fairphone 6 Plus;256;congstar;discount;Allnet Flat L Flex;L;neu;1,00;30,00;27,00;;24;35,00;24;1404,00;;2026-10-10;https://www.congstar.de/geraete/fairphone/fairphone-gen-6/;fairphone-6-plus-256gb-forest-green;;
Bündel;Fairphone 6 Plus;256;congstar;discount;Allnet Flat M;L;neu;1,00;25,00;18,00;;24;15,00;24;1048,00;;2026-10-10;https://www.congstar.de/geraete/fairphone/fairphone-gen-6/;fairphone-6-plus-256gb-forest-green;;
Bündel;Fairphone 6 Plus;256;congstar;discount;Allnet Flat M Flex;L;neu;1,00;25,00;27,00;;24;35,00;24;1284,00;;2026-10-10;https://www.congstar.de/geraete/fairphone/fairphone-gen-6/;fairphone-6-plus-256gb-forest-green;;
Bündel;Fairphone 6 Plus;256;congstar;discount;Allnet Flat S;M;neu;1,00;20,00;19,50;;24;15,00;24;964,00;;2026-10-10;https://www.congstar.de/geraete/fairphone/fairphone-gen-6/;fairphone-6-plus-256gb-forest-green;;
Bündel;Fairphone 6 Plus;256;congstar;discount;Allnet Flat S Flex;M;neu;1,00;20,00;27,00;;24;35,00;24;1164,00;;2026-10-10;https://www.congstar.de/geraete/fairphone/fairphone-gen-6/;fairphone-6-plus-256gb-forest-green;;
Bündel;Fairphone 6 Plus;256;congstar;discount;Allnet Flat XS;XS;neu;1,00;15,00;24,00;;24;15,00;24;952,00;;2026-10-10;https://www.congstar.de/geraete/fairphone/fairphone-gen-6/;fairphone-6-plus-256gb-forest-green;;
Bündel;Fairphone 6 Plus;256;congstar;discount;Allnet Flat XS Flex;XS;neu;1,00;15,00;27,00;;24;35,00;24;1044,00;;2026-10-10;https://www.congstar.de/geraete/fairphone/fairphone-gen-6/;fairphone-6-plus-256gb-forest-green;;
Bündel;Pixel 10a;128;congstar;discount;Allnet Flat L;L;neu;1,00;30,00;4,50;;24;15,00;24;844,00;;2026-10-07;https://www.congstar.de/geraete/google/google-pixel-10a/;google-pixel-10a-128gb-fog;;
Bündel;Pixel 10a;128;congstar;discount;Allnet Flat L Flex;L;neu;1,00;30,00;16,50;;24;35,00;24;1152,00;;2026-10-07;https://www.congstar.de/geraete/google/google-pixel-10a/;google-pixel-10a-128gb-fog;;
Bündel;Pixel 10a;128;congstar;discount;Allnet Flat M;L;neu;1,00;25,00;6,00;;24;15,00;24;760,00;;2026-10-07;https://www.congstar.de/geraete/google/google-pixel-10a/;google-pixel-10a-128gb-fog;;
Bündel;Pixel 10a;128;congstar;discount;Allnet Flat M Flex;L;neu;1,00;25,00;16,50;;24;35,00;24;1032,00;;2026-10-07;https://www.congstar.de/geraete/google/google-pixel-10a/;google-pixel-10a-128gb-fog;;
Bündel;Pixel 10a;128;congstar;discount;Allnet Flat S;M;neu;1,00;20,00;9,00;;24;15,00;24;712,00;;2026-10-07;https://www.congstar.de/geraete/google/google-pixel-10a/;google-pixel-10a-128gb-fog;;
Bündel;Pixel 10a;128;congstar;discount;Allnet Flat S Flex;M;neu;1,00;20,00;16,50;;24;35,00;24;912,00;;2026-10-07;https://www.congstar.de/geraete/google/google-pixel-10a/;google-pixel-10a-128gb-fog;;
Bündel;Pixel 10a;128;congstar;discount;Allnet Flat XS;XS;neu;1,00;15,00;10,50;;24;15,00;24;628,00;;2026-10-07;https://www.congstar.de/geraete/google/google-pixel-10a/;google-pixel-10a-128gb-fog;;
Bündel;Pixel 10a;128;congstar;discount;Allnet Flat XS Flex;XS;neu;1,00;15,00;16,50;;24;35,00;24;792,00;;2026-10-07;https://www.congstar.de/geraete/google/google-pixel-10a/;google-pixel-10a-128gb-fog;;
Bündel;Pixel 10a;128;congstar;discount;Allnet Flat L;L;neu;1,00;30,00;4,50;;24;15,00;24;844,00;;2026-10-10;https://www.congstar.de/geraete/google/google-pixel-10a/?paymentVariantBenefits=&planId=545&installmentPlanId=500;google-pixel-10a-128gb-violett;;
Bündel;Pixel 10a;128;congstar;discount;Allnet Flat L Flex;L;neu;1,00;30,00;16,50;;24;35,00;24;1152,00;;2026-10-10;https://www.congstar.de/geraete/google/google-pixel-10a/;google-pixel-10a-128gb-violett;;
Bündel;Pixel 10a;128;congstar;discount;Allnet Flat M;L;neu;1,00;25,00;6,00;;24;15,00;24;760,00;;2026-10-10;https://www.congstar.de/geraete/google/google-pixel-10a/?paymentVariantBenefits=&planId=540&installmentPlanId=500;google-pixel-10a-128gb-violett;;
Bündel;Pixel 10a;128;congstar;discount;Allnet Flat M Flex;L;neu;1,00;25,00;16,50;;24;35,00;24;1032,00;;2026-10-10;https://www.congstar.de/geraete/google/google-pixel-10a/;google-pixel-10a-128gb-violett;;
Bündel;Pixel 10a;128;congstar;discount;Allnet Flat S;M;neu;1,00;20,00;9,00;;24;15,00;24;712,00;;2026-10-10;https://www.congstar.de/geraete/google/google-pixel-10a/?paymentVariantBenefits=&planId=560&installmentPlanId=500;google-pixel-10a-128gb-violett;;
Bündel;Pixel 10a;128;congstar;discount;Allnet Flat S Flex;M;neu;1,00;20,00;16,50;;24;35,00;24;912,00;;2026-10-10;https://www.congstar.de/geraete/google/google-pixel-10a/;google-pixel-10a-128gb-violett;;
Bündel;Pixel 10a;128;congstar;discount;Allnet Flat XS;XS;neu;1,00;15,00;10,50;;24;15,00;24;628,00;;2026-10-10;https://www.congstar.de/geraete/google/google-pixel-10a/?paymentVariantBenefits=&planId=543&installmentPlanId=500;google-pixel-10a-128gb-violett;;
Bündel;Pixel 10a;128;congstar;discount;Allnet Flat XS Flex;XS;neu;1,00;15,00;16,50;;24;35,00;24;792,00;;2026-10-10;https://www.congstar.de/geraete/google/google-pixel-10a/;google-pixel-10a-128gb-violett;;
Bündel;Pixel 10a;256;congstar;discount;Allnet Flat L;L;neu;29,00;30,00;7,50;;24;15,00;24;944,00;;2026-10-05;https://www.congstar.de/geraete/google/google-pixel-10a/;google-pixel-10a-256gb-schwarz;veraltet;
Bündel;Pixel 10a;256;congstar;discount;Allnet Flat L Flex;L;neu;29,00;30,00;19,50;;24;35,00;24;1252,00;;2026-10-05;https://www.congstar.de/geraete/google/google-pixel-10a/;google-pixel-10a-256gb-schwarz;veraltet;
Bündel;Pixel 10a;256;congstar;discount;Allnet Flat M;L;neu;29,00;25,00;9,00;;24;15,00;24;860,00;;2026-10-05;https://www.congstar.de/geraete/google/google-pixel-10a/;google-pixel-10a-256gb-schwarz;veraltet;
Bündel;Pixel 10a;256;congstar;discount;Allnet Flat M Flex;L;neu;29,00;25,00;19,50;;24;35,00;24;1132,00;;2026-10-05;https://www.congstar.de/geraete/google/google-pixel-10a/;google-pixel-10a-256gb-schwarz;veraltet;
Bündel;Pixel 10a;256;congstar;discount;Allnet Flat S;M;neu;29,00;20,00;12,00;;24;15,00;24;812,00;;2026-10-05;https://www.congstar.de/geraete/google/google-pixel-10a/;google-pixel-10a-256gb-schwarz;veraltet;
Bündel;Pixel 10a;256;congstar;discount;Allnet Flat S Flex;M;neu;29,00;20,00;19,50;;24;35,00;24;1012,00;;2026-10-05;https://www.congstar.de/geraete/google/google-pixel-10a/;google-pixel-10a-256gb-schwarz;veraltet;
Bündel;Pixel 10a;256;congstar;discount;Allnet Flat XS;XS;neu;29,00;15,00;13,50;;24;15,00;24;728,00;;2026-10-05;https://www.congstar.de/geraete/google/google-pixel-10a/;google-pixel-10a-256gb-schwarz;veraltet;
Bündel;Pixel 10a;256;congstar;discount;Allnet Flat XS Flex;XS;neu;29,00;15,00;19,50;;24;35,00;24;892,00;;2026-10-05;https://www.congstar.de/geraete/google/google-pixel-10a/;google-pixel-10a-256gb-schwarz;veraltet;
Bündel;Pixel 11;256;congstar;discount;Allnet Flat L;L;neu;1,00;30,00;25,50;;24;15,00;24;1348,00;;2026-10-10;https://www.congstar.de/geraete/google/google-pixel-11/?paymentVariantBenefits=&planId=545&installmentPlanId=500;google-pixel-11-256gb-frost;;
Bündel;Pixel 11;256;congstar;discount;Allnet Flat L Flex;L;neu;1,00;30,00;40,50;;24;35,00;24;1728,00;;2026-10-10;https://www.congstar.de/geraete/google/google-pixel-11/;google-pixel-11-256gb-frost;;
Bündel;Pixel 11;256;congstar;discount;Allnet Flat M;L;neu;1,00;25,00;28,50;;24;15,00;24;1300,00;;2026-10-10;https://www.congstar.de/geraete/google/google-pixel-11/?paymentVariantBenefits=&planId=540&installmentPlanId=500;google-pixel-11-256gb-frost;;
Bündel;Pixel 11;256;congstar;discount;Allnet Flat M Flex;L;neu;1,00;25,00;40,50;;24;35,00;24;1608,00;;2026-10-10;https://www.congstar.de/geraete/google/google-pixel-11/;google-pixel-11-256gb-frost;;
Bündel;Pixel 11;256;congstar;discount;Allnet Flat S;M;neu;1,00;20,00;30,00;;24;15,00;24;1216,00;;2026-10-10;https://www.congstar.de/geraete/google/google-pixel-11/?paymentVariantBenefits=&planId=560&installmentPlanId=500;google-pixel-11-256gb-frost;;
Bündel;Pixel 11;256;congstar;discount;Allnet Flat S Flex;M;neu;1,00;20,00;40,50;;24;35,00;24;1488,00;;2026-10-10;https://www.congstar.de/geraete/google/google-pixel-11/;google-pixel-11-256gb-frost;;
Bündel;Pixel 11;256;congstar;discount;Allnet Flat XS;XS;neu;1,00;15,00;31,50;;24;15,00;24;1132,00;;2026-10-10;https://www.congstar.de/geraete/google/google-pixel-11/?paymentVariantBenefits=&planId=543&installmentPlanId=500;google-pixel-11-256gb-frost;;
Bündel;Pixel 11;256;congstar;discount;Allnet Flat XS Flex;XS;neu;1,00;15,00;40,50;;24;35,00;24;1368,00;;2026-10-10;https://www.congstar.de/geraete/google/google-pixel-11/;google-pixel-11-256gb-frost;;
Bündel;Pixel 11;512;congstar;discount;Allnet Flat L;L;neu;19,00;30,00;30,75;;24;15,00;24;1492,00;;2026-10-10;https://www.congstar.de/geraete/google/google-pixel-11/;google-pixel-11-512gb-schwarz;;
Bündel;Pixel 11;512;congstar;discount;Allnet Flat L Flex;L;neu;19,00;30,00;45,75;;24;35,00;24;1872,00;;2026-10-10;https://www.congstar.de/geraete/google/google-pixel-11/;google-pixel-11-512gb-schwarz;;
Bündel;Pixel 11;512;congstar;discount;Allnet Flat M;L;neu;19,00;25,00;33,75;;24;15,00;24;1444,00;;2026-10-10;https://www.congstar.de/geraete/google/google-pixel-11/;google-pixel-11-512gb-schwarz;;
Bündel;Pixel 11;512;congstar;discount;Allnet Flat M Flex;L;neu;19,00;25,00;45,75;;24;35,00;24;1752,00;;2026-10-10;https://www.congstar.de/geraete/google/google-pixel-11/;google-pixel-11-512gb-schwarz;;
Bündel;Pixel 11;512;congstar;discount;Allnet Flat S;M;neu;19,00;20,00;35,25;;24;15,00;24;1360,00;;2026-10-10;https://www.congstar.de/geraete/google/google-pixel-11/;google-pixel-11-512gb-schwarz;;
Bündel;Pixel 11;512;congstar;discount;Allnet Flat S Flex;M;neu;19,00;20,00;45,75;;24;35,00;24;1632,00;;2026-10-10;https://www.congstar.de/geraete/google/google-pixel-11/;google-pixel-11-512gb-schwarz;;
Bündel;Pixel 11;512;congstar;discount;Allnet Flat XS;XS;neu;19,00;15,00;36,75;;24;15,00;24;1276,00;;2026-10-10;https://www.congstar.de/geraete/google/google-pixel-11/;google-pixel-11-512gb-schwarz;;
Bündel;Pixel 11;512;congstar;discount;Allnet Flat XS Flex;XS;neu;19,00;15,00;45,75;;24;35,00;24;1512,00;;2026-10-10;https://www.congstar.de/geraete/google/google-pixel-11/;google-pixel-11-512gb-schwarz;;
Bündel;Pixel 11 Pro;256;congstar;discount;Allnet Flat L;L;neu;39,00;30,00;31,50;;24;15,00;24;1530,00;;2026-10-10;https://www.congstar.de/geraete/google/google-pixel-11-pro/?paymentVariantBenefits=&planId=545&installmentPlanId=500;google-pixel-11-pro-256gb-canyon;;
Bündel;Pixel 11 Pro;256;congstar;discount;Allnet Flat L Flex;L;neu;39,00;30,00;46,50;;24;35,00;24;1910,00;;2026-10-10;https://www.congstar.de/geraete/google/google-pixel-11-pro/;google-pixel-11-pro-256gb-canyon;;
Bündel;Pixel 11 Pro;256;congstar;discount;Allnet Flat M;L;neu;39,00;25,00;34,50;;24;15,00;24;1482,00;;2026-10-10;https://www.congstar.de/geraete/google/google-pixel-11-pro/?paymentVariantBenefits=&planId=540&installmentPlanId=500;google-pixel-11-pro-256gb-canyon;;
Bündel;Pixel 11 Pro;256;congstar;discount;Allnet Flat M Flex;L;neu;39,00;25,00;46,50;;24;35,00;24;1790,00;;2026-10-10;https://www.congstar.de/geraete/google/google-pixel-11-pro/;google-pixel-11-pro-256gb-canyon;;
Bündel;Pixel 11 Pro;256;congstar;discount;Allnet Flat S;M;neu;39,00;20,00;39,00;;24;15,00;24;1470,00;;2026-10-10;https://www.congstar.de/geraete/google/google-pixel-11-pro/?paymentVariantBenefits=&planId=560&installmentPlanId=500;google-pixel-11-pro-256gb-canyon;;
Bündel;Pixel 11 Pro;256;congstar;discount;Allnet Flat S Flex;M;neu;39,00;20,00;46,50;;24;35,00;24;1670,00;;2026-10-10;https://www.congstar.de/geraete/google/google-pixel-11-pro/;google-pixel-11-pro-256gb-canyon;;
Bündel;Pixel 11 Pro;256;congstar;discount;Allnet Flat XS;XS;neu;39,00;15,00;43,50;;24;15,00;24;1458,00;;2026-10-10;https://www.congstar.de/geraete/google/google-pixel-11-pro/?paymentVariantBenefits=&planId=543&installmentPlanId=500;google-pixel-11-pro-256gb-canyon;;
Bündel;Pixel 11 Pro;256;congstar;discount;Allnet Flat XS Flex;XS;neu;39,00;15,00;46,50;;24;35,00;24;1550,00;;2026-10-10;https://www.congstar.de/geraete/google/google-pixel-11-pro/;google-pixel-11-pro-256gb-canyon;;
Bündel;Pixel 11 Pro;512;congstar;discount;Allnet Flat L;L;neu;69,00;30,00;38,25;;24;15,00;24;1722,00;;2026-10-10;https://www.congstar.de/geraete/google/google-pixel-11-pro/;google-pixel-11-pro-512gb-fog;;
Bündel;Pixel 11 Pro;512;congstar;discount;Allnet Flat L Flex;L;neu;69,00;30,00;52,50;;24;35,00;24;2084,00;;2026-10-10;https://www.congstar.de/geraete/google/google-pixel-11-pro/;google-pixel-11-pro-512gb-fog;;
Bündel;Pixel 11 Pro;512;congstar;discount;Allnet Flat M;L;neu;69,00;25,00;39,75;;24;15,00;24;1638,00;;2026-10-10;https://www.congstar.de/geraete/google/google-pixel-11-pro/;google-pixel-11-pro-512gb-fog;;
Bündel;Pixel 11 Pro;512;congstar;discount;Allnet Flat M Flex;L;neu;69,00;25,00;52,50;;24;35,00;24;1964,00;;2026-10-10;https://www.congstar.de/geraete/google/google-pixel-11-pro/;google-pixel-11-pro-512gb-fog;;
Bündel;Pixel 11 Pro;512;congstar;discount;Allnet Flat S;M;neu;69,00;20,00;44,25;;24;15,00;24;1626,00;;2026-10-10;https://www.congstar.de/geraete/google/google-pixel-11-pro/;google-pixel-11-pro-512gb-fog;;
Bündel;Pixel 11 Pro;512;congstar;discount;Allnet Flat S Flex;M;neu;69,00;20,00;52,50;;24;35,00;24;1844,00;;2026-10-10;https://www.congstar.de/geraete/google/google-pixel-11-pro/;google-pixel-11-pro-512gb-fog;;
Bündel;Pixel 11 Pro;512;congstar;discount;Allnet Flat XS;XS;neu;69,00;15,00;48,75;;24;15,00;24;1614,00;;2026-10-10;https://www.congstar.de/geraete/google/google-pixel-11-pro/;google-pixel-11-pro-512gb-fog;;
Bündel;Pixel 11 Pro;512;congstar;discount;Allnet Flat XS Flex;XS;neu;69,00;15,00;52,50;;24;35,00;24;1724,00;;2026-10-10;https://www.congstar.de/geraete/google/google-pixel-11-pro/;google-pixel-11-pro-512gb-fog;;
Bündel;Pixel 11 Pro XL;256;congstar;discount;Allnet Flat L;L;neu;29,00;30,00;41,25;;24;15,00;24;1754,00;;2026-10-10;https://www.congstar.de/geraete/google/google-pixel-11-pro-xl/?paymentVariantBenefits=&planId=545&installmentPlanId=500;google-pixel-11-pro-xl-256gb-fog;;
Bündel;Pixel 11 Pro XL;256;congstar;discount;Allnet Flat L Flex;L;neu;29,00;30,00;54,75;;24;35,00;24;2098,00;;2026-10-10;https://www.congstar.de/geraete/google/google-pixel-11-pro-xl/;google-pixel-11-pro-xl-256gb-fog;;
Bündel;Pixel 11 Pro XL;256;congstar;discount;Allnet Flat M;L;neu;29,00;25,00;42,75;;24;15,00;24;1670,00;;2026-10-10;https://www.congstar.de/geraete/google/google-pixel-11-pro-xl/?paymentVariantBenefits=&planId=540&installmentPlanId=500;google-pixel-11-pro-xl-256gb-fog;;
Bündel;Pixel 11 Pro XL;256;congstar;discount;Allnet Flat M Flex;L;neu;29,00;25,00;54,75;;24;35,00;24;1978,00;;2026-10-10;https://www.congstar.de/geraete/google/google-pixel-11-pro-xl/;google-pixel-11-pro-xl-256gb-fog;;
Bündel;Pixel 11 Pro XL;256;congstar;discount;Allnet Flat S;M;neu;29,00;20,00;47,25;;24;15,00;24;1658,00;;2026-10-10;https://www.congstar.de/geraete/google/google-pixel-11-pro-xl/?paymentVariantBenefits=&planId=560&installmentPlanId=500;google-pixel-11-pro-xl-256gb-fog;;
Bündel;Pixel 11 Pro XL;256;congstar;discount;Allnet Flat S Flex;M;neu;29,00;20,00;54,75;;24;35,00;24;1858,00;;2026-10-10;https://www.congstar.de/geraete/google/google-pixel-11-pro-xl/;google-pixel-11-pro-xl-256gb-fog;;
Bündel;Pixel 11 Pro XL;256;congstar;discount;Allnet Flat XS;XS;neu;29,00;15,00;50,25;;24;15,00;24;1610,00;;2026-10-10;https://www.congstar.de/geraete/google/google-pixel-11-pro-xl/?paymentVariantBenefits=&planId=543&installmentPlanId=500;google-pixel-11-pro-xl-256gb-fog;;
Bündel;Pixel 11 Pro XL;256;congstar;discount;Allnet Flat XS Flex;XS;neu;29,00;15,00;54,75;;24;35,00;24;1738,00;;2026-10-10;https://www.congstar.de/geraete/google/google-pixel-11-pro-xl/;google-pixel-11-pro-xl-256gb-fog;;
Bündel;Pixel 11 Pro XL;512;congstar;discount;Allnet Flat L;L;neu;129,00;30,00;42,00;;24;15,00;24;1872,00;;2026-10-10;https://www.congstar.de/geraete/google/google-pixel-11-pro-xl/;google-pixel-11-pro-xl-512gb-schwarz;;
Bündel;Pixel 11 Pro XL;512;congstar;discount;Allnet Flat L Flex;L;neu;129,00;30,00;54,75;;24;35,00;24;2198,00;;2026-10-10;https://www.congstar.de/geraete/google/google-pixel-11-pro-xl/;google-pixel-11-pro-xl-512gb-schwarz;;
Bündel;Pixel 11 Pro XL;512;congstar;discount;Allnet Flat M;L;neu;129,00;25,00;43,50;;24;15,00;24;1788,00;;2026-10-10;https://www.congstar.de/geraete/google/google-pixel-11-pro-xl/;google-pixel-11-pro-xl-512gb-schwarz;;
Bündel;Pixel 11 Pro XL;512;congstar;discount;Allnet Flat M Flex;L;neu;129,00;25,00;54,75;;24;35,00;24;2078,00;;2026-10-10;https://www.congstar.de/geraete/google/google-pixel-11-pro-xl/;google-pixel-11-pro-xl-512gb-schwarz;;
Bündel;Pixel 11 Pro XL;512;congstar;discount;Allnet Flat S;M;neu;129,00;20,00;48,00;;24;15,00;24;1776,00;;2026-10-10;https://www.congstar.de/geraete/google/google-pixel-11-pro-xl/;google-pixel-11-pro-xl-512gb-schwarz;;
Bündel;Pixel 11 Pro XL;512;congstar;discount;Allnet Flat S Flex;M;neu;129,00;20,00;54,75;;24;35,00;24;1958,00;;2026-10-10;https://www.congstar.de/geraete/google/google-pixel-11-pro-xl/;google-pixel-11-pro-xl-512gb-schwarz;;
Bündel;Pixel 11 Pro XL;512;congstar;discount;Allnet Flat XS;XS;neu;129,00;15,00;51,00;;24;15,00;24;1728,00;;2026-10-10;https://www.congstar.de/geraete/google/google-pixel-11-pro-xl/;google-pixel-11-pro-xl-512gb-schwarz;;
Bündel;Pixel 11 Pro XL;512;congstar;discount;Allnet Flat XS Flex;XS;neu;129,00;15,00;54,75;;24;35,00;24;1838,00;;2026-10-10;https://www.congstar.de/geraete/google/google-pixel-11-pro-xl/;google-pixel-11-pro-xl-512gb-schwarz;;
Bündel;Motorola edge 70 fusion;256;congstar;discount;Allnet Flat L;L;neu;1,00;30,00;6,00;;24;15,00;24;880,00;;2026-10-10;https://www.congstar.de/geraete/motorola/motorola-edge-70-fusion/;motorola-edge-70-fusion-256gb-silhouette;;
Bündel;Motorola edge 70 fusion;256;congstar;discount;Allnet Flat L Flex;L;neu;1,00;30,00;15,00;;24;35,00;24;1116,00;;2026-10-10;https://www.congstar.de/geraete/motorola/motorola-edge-70-fusion/;motorola-edge-70-fusion-256gb-silhouette;;
Bündel;Motorola edge 70 fusion;256;congstar;discount;Allnet Flat M;L;neu;1,00;25,00;7,50;;24;15,00;24;796,00;;2026-10-10;https://www.congstar.de/geraete/motorola/motorola-edge-70-fusion/;motorola-edge-70-fusion-256gb-silhouette;;
Bündel;Motorola edge 70 fusion;256;congstar;discount;Allnet Flat M Flex;L;neu;1,00;25,00;15,00;;24;35,00;24;996,00;;2026-10-10;https://www.congstar.de/geraete/motorola/motorola-edge-70-fusion/;motorola-edge-70-fusion-256gb-silhouette;;
Bündel;Motorola edge 70 fusion;256;congstar;discount;Allnet Flat S;M;neu;1,00;20,00;10,50;;24;15,00;24;748,00;;2026-10-10;https://www.congstar.de/geraete/motorola/motorola-edge-70-fusion/;motorola-edge-70-fusion-256gb-silhouette;;
Bündel;Motorola edge 70 fusion;256;congstar;discount;Allnet Flat S Flex;M;neu;1,00;20,00;15,00;;24;35,00;24;876,00;;2026-10-10;https://www.congstar.de/geraete/motorola/motorola-edge-70-fusion/;motorola-edge-70-fusion-256gb-silhouette;;
Bündel;Motorola edge 70 fusion;256;congstar;discount;Allnet Flat XS;XS;neu;1,00;15,00;13,50;;24;15,00;24;700,00;;2026-10-10;https://www.congstar.de/geraete/motorola/motorola-edge-70-fusion/;motorola-edge-70-fusion-256gb-silhouette;;
Bündel;Motorola edge 70 fusion;256;congstar;discount;Allnet Flat XS Flex;XS;neu;1,00;15,00;15,00;;24;35,00;24;756,00;;2026-10-10;https://www.congstar.de/geraete/motorola/motorola-edge-70-fusion/;motorola-edge-70-fusion-256gb-silhouette;;
Bündel;Motorola signature;512;congstar;discount;Allnet Flat L;L;neu;49,00;30,00;22,50;;24;15,00;24;1324,00;;2026-10-10;https://www.congstar.de/geraete/motorola/motorola-signature/;motorola-signature-512gb-martini-olive;;
Bündel;Motorola signature;512;congstar;discount;Allnet Flat L Flex;L;neu;49,00;30,00;30,75;;24;35,00;24;1542,00;;2026-10-10;https://www.congstar.de/geraete/motorola/motorola-signature/;motorola-signature-512gb-martini-olive;;
Bündel;Motorola signature;512;congstar;discount;Allnet Flat M;L;neu;49,00;25,00;22,50;;24;15,00;24;1204,00;;2026-10-10;https://www.congstar.de/geraete/motorola/motorola-signature/;motorola-signature-512gb-martini-olive;;
Bündel;Motorola signature;512;congstar;discount;Allnet Flat M Flex;L;neu;49,00;25,00;30,75;;24;35,00;24;1422,00;;2026-10-10;https://www.congstar.de/geraete/motorola/motorola-signature/;motorola-signature-512gb-martini-olive;;
Bündel;Motorola signature;512;congstar;discount;Allnet Flat S;M;neu;49,00;20,00;25,50;;24;15,00;24;1156,00;;2026-10-10;https://www.congstar.de/geraete/motorola/motorola-signature/;motorola-signature-512gb-martini-olive;;
Bündel;Motorola signature;512;congstar;discount;Allnet Flat S Flex;M;neu;49,00;20,00;30,75;;24;35,00;24;1302,00;;2026-10-10;https://www.congstar.de/geraete/motorola/motorola-signature/;motorola-signature-512gb-martini-olive;;
Bündel;Motorola signature;512;congstar;discount;Allnet Flat XS;XS;neu;49,00;15,00;28,50;;24;15,00;24;1108,00;;2026-10-10;https://www.congstar.de/geraete/motorola/motorola-signature/;motorola-signature-512gb-martini-olive;;
Bündel;Motorola signature;512;congstar;discount;Allnet Flat XS Flex;XS;neu;49,00;15,00;30,75;;24;35,00;24;1182,00;;2026-10-10;https://www.congstar.de/geraete/motorola/motorola-signature/;motorola-signature-512gb-martini-olive;;
Bündel;Nothing Phone (4a) Pro;256;congstar;discount;Allnet Flat L;L;neu;49,00;30,00;10,50;;24;15,00;24;1036,00;;2026-10-10;https://www.congstar.de/geraete/nothing/nothing-phone-4a-pro/?planId=545&installmentPlanId=500;nothing-phone-4a-pro-256gb-silber;;
Bündel;Nothing Phone (4a) Pro;256;congstar;discount;Allnet Flat L Flex;L;neu;49,00;30,00;19,50;;24;35,00;24;1272,00;;2026-10-10;https://www.congstar.de/geraete/nothing/nothing-phone-4a-pro/;nothing-phone-4a-pro-256gb-silber;;
Bündel;Nothing Phone (4a) Pro;256;congstar;discount;Allnet Flat M;L;neu;49,00;25,00;12,00;;24;15,00;24;952,00;;2026-10-10;https://www.congstar.de/geraete/nothing/nothing-phone-4a-pro/?planId=540&installmentPlanId=500;nothing-phone-4a-pro-256gb-silber;;
Bündel;Nothing Phone (4a) Pro;256;congstar;discount;Allnet Flat M Flex;L;neu;49,00;25,00;19,50;;24;35,00;24;1152,00;;2026-10-10;https://www.congstar.de/geraete/nothing/nothing-phone-4a-pro/;nothing-phone-4a-pro-256gb-silber;;
Bündel;Nothing Phone (4a) Pro;256;congstar;discount;Allnet Flat S;M;neu;49,00;20,00;13,50;;24;15,00;24;868,00;;2026-10-10;https://www.congstar.de/geraete/nothing/nothing-phone-4a-pro/?planId=560&installmentPlanId=500;nothing-phone-4a-pro-256gb-silber;;
Bündel;Nothing Phone (4a) Pro;256;congstar;discount;Allnet Flat S Flex;M;neu;49,00;20,00;19,50;;24;35,00;24;1032,00;;2026-10-10;https://www.congstar.de/geraete/nothing/nothing-phone-4a-pro/;nothing-phone-4a-pro-256gb-silber;;
Bündel;Nothing Phone (4a) Pro;256;congstar;discount;Allnet Flat XS;XS;neu;49,00;15,00;15,00;;24;15,00;24;784,00;;2026-10-10;https://www.congstar.de/geraete/nothing/nothing-phone-4a-pro/?planId=543&installmentPlanId=500;nothing-phone-4a-pro-256gb-silber;;
Bündel;Nothing Phone (4a) Pro;256;congstar;discount;Allnet Flat XS Flex;XS;neu;49,00;15,00;19,50;;24;35,00;24;912,00;;2026-10-10;https://www.congstar.de/geraete/nothing/nothing-phone-4a-pro/;nothing-phone-4a-pro-256gb-silber;;
Bündel;Galaxy A17;128;congstar;discount;Allnet Flat L;L;neu;9,00;30,00;1,50;;24;15,00;24;780,00;;2026-10-10;https://www.congstar.de/geraete/samsung/samsung-galaxy-a17-5g/?planId=545&installmentPlanId=500;samsung-galaxy-a17-128gb-schwarz;;
Bündel;Galaxy A17;128;congstar;discount;Allnet Flat L Flex;L;neu;9,00;30,00;9,00;;24;35,00;24;980,00;;2026-10-10;https://www.congstar.de/geraete/samsung/samsung-galaxy-a17-5g/;samsung-galaxy-a17-128gb-schwarz;;
Bündel;Galaxy A17;128;congstar;discount;Allnet Flat M;L;neu;9,00;25,00;1,50;;24;15,00;24;660,00;;2026-10-10;https://www.congstar.de/geraete/samsung/samsung-galaxy-a17-5g/?planId=540&installmentPlanId=500;samsung-galaxy-a17-128gb-schwarz;;
Bündel;Galaxy A17;128;congstar;discount;Allnet Flat M Flex;L;neu;9,00;25,00;9,00;;24;35,00;24;860,00;;2026-10-10;https://www.congstar.de/geraete/samsung/samsung-galaxy-a17-5g/;samsung-galaxy-a17-128gb-schwarz;;
Bündel;Galaxy A17;128;congstar;discount;Allnet Flat S;M;neu;9,00;20,00;3,00;;24;15,00;24;576,00;;2026-10-10;https://www.congstar.de/geraete/samsung/samsung-galaxy-a17-5g/?planId=560&installmentPlanId=500;samsung-galaxy-a17-128gb-schwarz;;
Bündel;Galaxy A17;128;congstar;discount;Allnet Flat S Flex;M;neu;9,00;20,00;9,00;;24;35,00;24;740,00;;2026-10-10;https://www.congstar.de/geraete/samsung/samsung-galaxy-a17-5g/;samsung-galaxy-a17-128gb-schwarz;;
Bündel;Galaxy A17;128;congstar;discount;Allnet Flat XS;XS;neu;9,00;15,00;6,00;;24;15,00;24;528,00;;2026-10-10;https://www.congstar.de/geraete/samsung/samsung-galaxy-a17-5g/?planId=543&installmentPlanId=500;samsung-galaxy-a17-128gb-schwarz;;
Bündel;Galaxy A17;128;congstar;discount;Allnet Flat XS Flex;XS;neu;9,00;15,00;9,00;;24;35,00;24;620,00;;2026-10-10;https://www.congstar.de/geraete/samsung/samsung-galaxy-a17-5g/;samsung-galaxy-a17-128gb-schwarz;;
Bündel;Galaxy A37;128;congstar;discount;Allnet Flat L;L;neu;49,00;30,00;4,50;;24;15,00;24;892,00;;2026-10-10;https://www.congstar.de/geraete/samsung/samsung-galaxy-a37/?planId=545&installmentPlanId=500;samsung-galaxy-a37-128gb-awesome-white;;
Bündel;Galaxy A37;128;congstar;discount;Allnet Flat L Flex;L;neu;49,00;30,00;12,00;;24;35,00;24;1092,00;;2026-10-10;https://www.congstar.de/geraete/samsung/samsung-galaxy-a37/;samsung-galaxy-a37-128gb-awesome-white;;
Bündel;Galaxy A37;128;congstar;discount;Allnet Flat M;L;neu;49,00;25,00;6,00;;24;15,00;24;808,00;;2026-10-10;https://www.congstar.de/geraete/samsung/samsung-galaxy-a37/?planId=540&installmentPlanId=500;samsung-galaxy-a37-128gb-awesome-white;;
Bündel;Galaxy A37;128;congstar;discount;Allnet Flat M Flex;L;neu;49,00;25,00;12,00;;24;35,00;24;972,00;;2026-10-10;https://www.congstar.de/geraete/samsung/samsung-galaxy-a37/;samsung-galaxy-a37-128gb-awesome-white;;
Bündel;Galaxy A37;128;congstar;discount;Allnet Flat S;M;neu;49,00;20,00;7,50;;24;15,00;24;724,00;;2026-10-10;https://www.congstar.de/geraete/samsung/samsung-galaxy-a37/?planId=560&installmentPlanId=500;samsung-galaxy-a37-128gb-awesome-white;;
Bündel;Galaxy A37;128;congstar;discount;Allnet Flat S Flex;M;neu;49,00;20,00;12,00;;24;35,00;24;852,00;;2026-10-10;https://www.congstar.de/geraete/samsung/samsung-galaxy-a37/;samsung-galaxy-a37-128gb-awesome-white;;
Bündel;Galaxy A37;128;congstar;discount;Allnet Flat XS;XS;neu;49,00;15,00;10,50;;24;15,00;24;676,00;;2026-10-10;https://www.congstar.de/geraete/samsung/samsung-galaxy-a37/?planId=543&installmentPlanId=500;samsung-galaxy-a37-128gb-awesome-white;;
Bündel;Galaxy A37;128;congstar;discount;Allnet Flat XS Flex;XS;neu;49,00;15,00;12,00;;24;35,00;24;732,00;;2026-10-10;https://www.congstar.de/geraete/samsung/samsung-galaxy-a37/;samsung-galaxy-a37-128gb-awesome-white;;
Bündel;Galaxy A37;256;congstar;discount;Allnet Flat L;L;neu;49,00;30,00;9,00;;24;15,00;24;1000,00;;2026-10-10;https://www.congstar.de/geraete/samsung/samsung-galaxy-a37/?planId=545&installmentPlanId=500&memorySize=256+GB;samsung-galaxy-a37-256gb-awesome-white;;
Bündel;Galaxy A37;256;congstar;discount;Allnet Flat L Flex;L;neu;49,00;30,00;16,50;;24;35,00;24;1200,00;;2026-10-10;https://www.congstar.de/geraete/samsung/samsung-galaxy-a37/;samsung-galaxy-a37-256gb-awesome-white;;
Bündel;Galaxy A37;256;congstar;discount;Allnet Flat M;L;neu;49,00;25,00;10,50;;24;15,00;24;916,00;;2026-10-10;https://www.congstar.de/geraete/samsung/samsung-galaxy-a37/?planId=540&installmentPlanId=500&memorySize=256+GB;samsung-galaxy-a37-256gb-awesome-white;;
Bündel;Galaxy A37;256;congstar;discount;Allnet Flat M Flex;L;neu;49,00;25,00;16,50;;24;35,00;24;1080,00;;2026-10-10;https://www.congstar.de/geraete/samsung/samsung-galaxy-a37/;samsung-galaxy-a37-256gb-awesome-white;;
Bündel;Galaxy A37;256;congstar;discount;Allnet Flat S;M;neu;49,00;20,00;12,00;;24;15,00;24;832,00;;2026-10-10;https://www.congstar.de/geraete/samsung/samsung-galaxy-a37/?planId=560&installmentPlanId=500&memorySize=256+GB;samsung-galaxy-a37-256gb-awesome-white;;
Bündel;Galaxy A37;256;congstar;discount;Allnet Flat S Flex;M;neu;49,00;20,00;16,50;;24;35,00;24;960,00;;2026-10-10;https://www.congstar.de/geraete/samsung/samsung-galaxy-a37/;samsung-galaxy-a37-256gb-awesome-white;;
Bündel;Galaxy A37;256;congstar;discount;Allnet Flat XS;XS;neu;49,00;15,00;15,00;;24;15,00;24;784,00;;2026-10-10;https://www.congstar.de/geraete/samsung/samsung-galaxy-a37/?planId=543&installmentPlanId=500&memorySize=256+GB;samsung-galaxy-a37-256gb-awesome-white;;
Bündel;Galaxy A37;256;congstar;discount;Allnet Flat XS Flex;XS;neu;49,00;15,00;16,50;;24;35,00;24;840,00;;2026-10-10;https://www.congstar.de/geraete/samsung/samsung-galaxy-a37/;samsung-galaxy-a37-256gb-awesome-white;;
Bündel;Galaxy A57;128;congstar;discount;Allnet Flat L;L;neu;9,00;30,00;10,50;;24;15,00;24;996,00;;2026-10-10;https://www.congstar.de/geraete/samsung/samsung-galaxy-a57/?planId=545&installmentPlanId=500;samsung-galaxy-a57-128gb-awesome-lilac;;
Bündel;Galaxy A57;128;congstar;discount;Allnet Flat L Flex;L;neu;9,00;30,00;17,25;;24;35,00;24;1178,00;;2026-10-10;https://www.congstar.de/geraete/samsung/samsung-galaxy-a57/;samsung-galaxy-a57-128gb-awesome-lilac;;
Bündel;Galaxy A57;128;congstar;discount;Allnet Flat M;L;neu;9,00;25,00;12,00;;24;15,00;24;912,00;;2026-10-10;https://www.congstar.de/geraete/samsung/samsung-galaxy-a57/?planId=540&installmentPlanId=500;samsung-galaxy-a57-128gb-awesome-lilac;;
Bündel;Galaxy A57;128;congstar;discount;Allnet Flat M Flex;L;neu;9,00;25,00;17,25;;24;35,00;24;1058,00;;2026-10-10;https://www.congstar.de/geraete/samsung/samsung-galaxy-a57/;samsung-galaxy-a57-128gb-awesome-lilac;;
Bündel;Galaxy A57;128;congstar;discount;Allnet Flat S;M;neu;9,00;20,00;13,50;;24;15,00;24;828,00;;2026-10-10;https://www.congstar.de/geraete/samsung/samsung-galaxy-a57/?planId=560&installmentPlanId=500;samsung-galaxy-a57-128gb-awesome-lilac;;
Bündel;Galaxy A57;128;congstar;discount;Allnet Flat S Flex;M;neu;9,00;20,00;17,25;;24;35,00;24;938,00;;2026-10-10;https://www.congstar.de/geraete/samsung/samsung-galaxy-a57/;samsung-galaxy-a57-128gb-awesome-lilac;;
Bündel;Galaxy A57;128;congstar;discount;Allnet Flat XS;XS;neu;9,00;15,00;15,00;;24;15,00;24;744,00;;2026-10-10;https://www.congstar.de/geraete/samsung/samsung-galaxy-a57/?planId=543&installmentPlanId=500;samsung-galaxy-a57-128gb-awesome-lilac;;
Bündel;Galaxy A57;128;congstar;discount;Allnet Flat XS Flex;XS;neu;9,00;15,00;17,25;;24;35,00;24;818,00;;2026-10-10;https://www.congstar.de/geraete/samsung/samsung-galaxy-a57/;samsung-galaxy-a57-128gb-awesome-lilac;;
Bündel;Galaxy A57;256;congstar;discount;Allnet Flat L;L;neu;69,00;30,00;10,50;;24;15,00;24;1056,00;;2026-10-10;https://www.congstar.de/geraete/samsung/samsung-galaxy-a57/?planId=545&installmentPlanId=500&memorySize=256+GB;samsung-galaxy-a57-256gb-awesome-icyblue;;
Bündel;Galaxy A57;256;congstar;discount;Allnet Flat L Flex;L;neu;69,00;30,00;17,25;;24;35,00;24;1238,00;;2026-10-10;https://www.congstar.de/geraete/samsung/samsung-galaxy-a57/;samsung-galaxy-a57-256gb-awesome-icyblue;;
Bündel;Galaxy A57;256;congstar;discount;Allnet Flat M;L;neu;69,00;25,00;12,00;;24;15,00;24;972,00;;2026-10-10;https://www.congstar.de/geraete/samsung/samsung-galaxy-a57/?planId=540&installmentPlanId=500&memorySize=256+GB;samsung-galaxy-a57-256gb-awesome-icyblue;;
Bündel;Galaxy A57;256;congstar;discount;Allnet Flat M Flex;L;neu;69,00;25,00;17,25;;24;35,00;24;1118,00;;2026-10-10;https://www.congstar.de/geraete/samsung/samsung-galaxy-a57/;samsung-galaxy-a57-256gb-awesome-icyblue;;
Bündel;Galaxy A57;256;congstar;discount;Allnet Flat S;M;neu;69,00;20,00;13,50;;24;15,00;24;888,00;;2026-10-10;https://www.congstar.de/geraete/samsung/samsung-galaxy-a57/?planId=560&installmentPlanId=500&memorySize=256+GB;samsung-galaxy-a57-256gb-awesome-icyblue;;
Bündel;Galaxy A57;256;congstar;discount;Allnet Flat S Flex;M;neu;69,00;20,00;17,25;;24;35,00;24;998,00;;2026-10-10;https://www.congstar.de/geraete/samsung/samsung-galaxy-a57/;samsung-galaxy-a57-256gb-awesome-icyblue;;
Bündel;Galaxy A57;256;congstar;discount;Allnet Flat XS;XS;neu;69,00;15,00;15,00;;24;15,00;24;804,00;;2026-10-10;https://www.congstar.de/geraete/samsung/samsung-galaxy-a57/?planId=543&installmentPlanId=500&memorySize=256+GB;samsung-galaxy-a57-256gb-awesome-icyblue;;
Bündel;Galaxy A57;256;congstar;discount;Allnet Flat XS Flex;XS;neu;69,00;15,00;17,25;;24;35,00;24;878,00;;2026-10-10;https://www.congstar.de/geraete/samsung/samsung-galaxy-a57/;samsung-galaxy-a57-256gb-awesome-icyblue;;
Bündel;Galaxy S25;128;congstar;discount;Allnet Flat L;L;neu;15,00;30,00;19,50;;24;15,00;24;1218,00;;2026-10-10;https://www.congstar.de/geraete/samsung/samsung-galaxy-s25/;samsung-galaxy-s25-128gb-silber;Quarantäne;
Bündel;Galaxy S25;128;congstar;discount;Allnet Flat L Flex;L;neu;15,00;30,00;31,50;;24;35,00;24;1526,00;;2026-10-10;https://www.congstar.de/geraete/samsung/samsung-galaxy-s25/;samsung-galaxy-s25-128gb-silber;Quarantäne;
Bündel;Galaxy S25;128;congstar;discount;Allnet Flat M;L;neu;15,00;25,00;24,00;;24;15,00;24;1206,00;;2026-10-10;https://www.congstar.de/geraete/samsung/samsung-galaxy-s25/;samsung-galaxy-s25-128gb-silber;Quarantäne;
Bündel;Galaxy S25;128;congstar;discount;Allnet Flat M Flex;L;neu;15,00;25,00;31,50;;24;35,00;24;1406,00;;2026-10-10;https://www.congstar.de/geraete/samsung/samsung-galaxy-s25/;samsung-galaxy-s25-128gb-silber;Quarantäne;
Bündel;Galaxy S25;128;congstar;discount;Allnet Flat S;M;neu;15,00;20,00;25,50;;24;15,00;24;1122,00;;2026-10-10;https://www.congstar.de/geraete/samsung/samsung-galaxy-s25/;samsung-galaxy-s25-128gb-silber;Quarantäne;
Bündel;Galaxy S25;128;congstar;discount;Allnet Flat S Flex;M;neu;15,00;20,00;31,50;;24;35,00;24;1286,00;;2026-10-10;https://www.congstar.de/geraete/samsung/samsung-galaxy-s25/;samsung-galaxy-s25-128gb-silber;Quarantäne;
Bündel;Galaxy S25;128;congstar;discount;Allnet Flat XS;XS;neu;15,00;15,00;30,00;;24;15,00;24;1110,00;;2026-10-10;https://www.congstar.de/geraete/samsung/samsung-galaxy-s25/;samsung-galaxy-s25-128gb-silber;Quarantäne;
Bündel;Galaxy S25;128;congstar;discount;Allnet Flat XS Flex;XS;neu;15,00;15,00;31,50;;24;35,00;24;1166,00;;2026-10-10;https://www.congstar.de/geraete/samsung/samsung-galaxy-s25/;samsung-galaxy-s25-128gb-silber;Quarantäne;
Bündel;Galaxy S25;256;congstar;discount;Allnet Flat L;L;neu;75,00;30,00;16,50;;24;15,00;24;1206,00;;2026-10-07;https://www.congstar.de/geraete/samsung/samsung-galaxy-s25/;samsung-galaxy-s25-256gb-silber;Quarantäne;
Bündel;Galaxy S25;256;congstar;discount;Allnet Flat L Flex;L;neu;75,00;30,00;28,50;;24;35,00;24;1514,00;;2026-10-07;https://www.congstar.de/geraete/samsung/samsung-galaxy-s25/;samsung-galaxy-s25-256gb-silber;Quarantäne;
Bündel;Galaxy S25;256;congstar;discount;Allnet Flat M;L;neu;75,00;25,00;21,00;;24;15,00;24;1194,00;;2026-10-07;https://www.congstar.de/geraete/samsung/samsung-galaxy-s25/;samsung-galaxy-s25-256gb-silber;Quarantäne;
Bündel;Galaxy S25;256;congstar;discount;Allnet Flat M Flex;L;neu;75,00;25,00;28,50;;24;35,00;24;1394,00;;2026-10-07;https://www.congstar.de/geraete/samsung/samsung-galaxy-s25/;samsung-galaxy-s25-256gb-silber;Quarantäne;
Bündel;Galaxy S25;256;congstar;discount;Allnet Flat S;M;neu;75,00;20,00;22,50;;24;15,00;24;1110,00;;2026-10-07;https://www.congstar.de/geraete/samsung/samsung-galaxy-s25/;samsung-galaxy-s25-256gb-silber;Quarantäne;
Bündel;Galaxy S25;256;congstar;discount;Allnet Flat S Flex;M;neu;75,00;20,00;28,50;;24;35,00;24;1274,00;;2026-10-07;https://www.congstar.de/geraete/samsung/samsung-galaxy-s25/;samsung-galaxy-s25-256gb-silber;Quarantäne;
Bündel;Galaxy S25;256;congstar;discount;Allnet Flat XS;XS;neu;75,00;15,00;27,00;;24;15,00;24;1098,00;;2026-10-07;https://www.congstar.de/geraete/samsung/samsung-galaxy-s25/;samsung-galaxy-s25-256gb-silber;Quarantäne;
Bündel;Galaxy S25;256;congstar;discount;Allnet Flat XS Flex;XS;neu;75,00;15,00;28,50;;24;35,00;24;1154,00;;2026-10-07;https://www.congstar.de/geraete/samsung/samsung-galaxy-s25/;samsung-galaxy-s25-256gb-silber;Quarantäne;
Bündel;Galaxy S25 FE;128;congstar;discount;Allnet Flat L;L;neu;19,00;29,00;15,00;;24;0,00;24;1075,00;;2026-09-30;https://www.congstar.de/geraete/samsung/samsung-galaxy-s25-fe/;samsung-galaxy-s25-fe-128gb-jetblack;Aktion abgelaufen;
Bündel;Galaxy S25 FE;128;congstar;discount;Allnet Flat L Flex;L;neu;19,00;29,00;24,00;;24;0,00;24;1291,00;;2026-09-30;https://www.congstar.de/geraete/samsung/samsung-galaxy-s25-fe/;samsung-galaxy-s25-fe-128gb-jetblack;Aktion abgelaufen;
Bündel;Galaxy S25 FE;128;congstar;discount;Allnet Flat M;L;neu;19,00;24,00;16,50;;24;0,00;24;991,00;;2026-09-30;https://www.congstar.de/geraete/samsung/samsung-galaxy-s25-fe/;samsung-galaxy-s25-fe-128gb-jetblack;Aktion abgelaufen;
Bündel;Galaxy S25 FE;128;congstar;discount;Allnet Flat M Flex;L;neu;19,00;24,00;24,00;;24;0,00;24;1171,00;;2026-09-30;https://www.congstar.de/geraete/samsung/samsung-galaxy-s25-fe/;samsung-galaxy-s25-fe-128gb-jetblack;Aktion abgelaufen;
Bündel;Galaxy S25 FE;128;congstar;discount;Allnet Flat S;M;neu;19,00;20,00;19,50;;24;0,00;24;967,00;;2026-09-30;https://www.congstar.de/geraete/samsung/samsung-galaxy-s25-fe/;samsung-galaxy-s25-fe-128gb-jetblack;Aktion abgelaufen;
Bündel;Galaxy S25 FE;128;congstar;discount;Allnet Flat S Flex;M;neu;19,00;20,00;24,00;;24;0,00;24;1075,00;;2026-09-30;https://www.congstar.de/geraete/samsung/samsung-galaxy-s25-fe/;samsung-galaxy-s25-fe-128gb-jetblack;Aktion abgelaufen;
Bündel;Galaxy S25 FE;128;congstar;discount;Allnet Flat XS;XS;neu;19,00;15,00;21,00;;24;0,00;24;883,00;;2026-09-30;https://www.congstar.de/geraete/samsung/samsung-galaxy-s25-fe/;samsung-galaxy-s25-fe-128gb-jetblack;Aktion abgelaufen;
Bündel;Galaxy S25 FE;128;congstar;discount;Allnet Flat XS Flex;XS;neu;19,00;15,00;24,00;;24;0,00;24;955,00;;2026-09-30;https://www.congstar.de/geraete/samsung/samsung-galaxy-s25-fe/;samsung-galaxy-s25-fe-128gb-jetblack;Aktion abgelaufen;
Bündel;Galaxy S26;256;congstar;discount;Allnet Flat L;L;neu;1,00;30,00;22,50;;24;15,00;24;1276,00;;2026-10-10;https://www.congstar.de/geraete/samsung/samsung-galaxy-s26/?paymentVariantBenefits=&planId=545&installmentPlanId=500;samsung-galaxy-s26-256gb-cobalt-violet;;
Bündel;Galaxy S26;256;congstar;discount;Allnet Flat L Flex;L;neu;1,00;30,00;33,00;;24;35,00;24;1548,00;;2026-10-10;https://www.congstar.de/geraete/samsung/samsung-galaxy-s26/;samsung-galaxy-s26-256gb-cobalt-violet;;
Bündel;Galaxy S26;256;congstar;discount;Allnet Flat M;L;neu;1,00;25,00;25,50;;24;15,00;24;1228,00;;2026-10-10;https://www.congstar.de/geraete/samsung/samsung-galaxy-s26/?paymentVariantBenefits=&planId=540&installmentPlanId=500;samsung-galaxy-s26-256gb-cobalt-violet;;
Bündel;Galaxy S26;256;congstar;discount;Allnet Flat M Flex;L;neu;1,00;25,00;33,00;;24;35,00;24;1428,00;;2026-10-10;https://www.congstar.de/geraete/samsung/samsung-galaxy-s26/;samsung-galaxy-s26-256gb-cobalt-violet;;
Bündel;Galaxy S26;256;congstar;discount;Allnet Flat S;M;neu;1,00;20,00;28,50;;24;15,00;24;1180,00;;2026-10-10;https://www.congstar.de/geraete/samsung/samsung-galaxy-s26/?paymentVariantBenefits=&planId=560&installmentPlanId=500;samsung-galaxy-s26-256gb-cobalt-violet;;
Bündel;Galaxy S26;256;congstar;discount;Allnet Flat S Flex;M;neu;1,00;20,00;33,00;;24;35,00;24;1308,00;;2026-10-10;https://www.congstar.de/geraete/samsung/samsung-galaxy-s26/;samsung-galaxy-s26-256gb-cobalt-violet;;
Bündel;Galaxy S26;256;congstar;discount;Allnet Flat XS;XS;neu;1,00;15,00;31,50;;24;15,00;24;1132,00;;2026-10-10;https://www.congstar.de/geraete/samsung/samsung-galaxy-s26/?paymentVariantBenefits=&planId=543&installmentPlanId=500;samsung-galaxy-s26-256gb-cobalt-violet;;
Bündel;Galaxy S26;256;congstar;discount;Allnet Flat XS Flex;XS;neu;1,00;15,00;33,00;;24;35,00;24;1188,00;;2026-10-10;https://www.congstar.de/geraete/samsung/samsung-galaxy-s26/;samsung-galaxy-s26-256gb-cobalt-violet;;
Bündel;Galaxy S26;256;congstar;discount;Allnet Flat L;L;refurbished;1,00;30,00;28,50;;24;15,00;24;1420,00;;2026-10-10;https://www.congstar.de/geraete/samsung/samsung-galaxy-s26-zustand-wie-neu/;samsung-galaxy-s26-256gb-cobalt-violet-refurbished;;
Bündel;Galaxy S26;256;congstar;discount;Allnet Flat L Flex;L;refurbished;1,00;30,00;28,50;;24;35,00;24;1440,00;;2026-10-10;https://www.congstar.de/geraete/samsung/samsung-galaxy-s26-zustand-wie-neu/;samsung-galaxy-s26-256gb-cobalt-violet-refurbished;;
Bündel;Galaxy S26;256;congstar;discount;Allnet Flat M;L;refurbished;1,00;25,00;28,50;;24;15,00;24;1300,00;;2026-10-10;https://www.congstar.de/geraete/samsung/samsung-galaxy-s26-zustand-wie-neu/;samsung-galaxy-s26-256gb-cobalt-violet-refurbished;;
Bündel;Galaxy S26;256;congstar;discount;Allnet Flat M Flex;L;refurbished;1,00;25,00;28,50;;24;35,00;24;1320,00;;2026-10-10;https://www.congstar.de/geraete/samsung/samsung-galaxy-s26-zustand-wie-neu/;samsung-galaxy-s26-256gb-cobalt-violet-refurbished;;
Bündel;Galaxy S26;256;congstar;discount;Allnet Flat S;M;refurbished;1,00;20,00;28,50;;24;15,00;24;1180,00;;2026-10-10;https://www.congstar.de/geraete/samsung/samsung-galaxy-s26-zustand-wie-neu/;samsung-galaxy-s26-256gb-cobalt-violet-refurbished;;
Bündel;Galaxy S26;256;congstar;discount;Allnet Flat S Flex;M;refurbished;1,00;20,00;28,50;;24;35,00;24;1200,00;;2026-10-10;https://www.congstar.de/geraete/samsung/samsung-galaxy-s26-zustand-wie-neu/;samsung-galaxy-s26-256gb-cobalt-violet-refurbished;;
Bündel;Galaxy S26;256;congstar;discount;Allnet Flat XS;XS;refurbished;1,00;15,00;28,50;;24;15,00;24;1060,00;;2026-10-10;https://www.congstar.de/geraete/samsung/samsung-galaxy-s26-zustand-wie-neu/;samsung-galaxy-s26-256gb-cobalt-violet-refurbished;;
Bündel;Galaxy S26;256;congstar;discount;Allnet Flat XS Flex;XS;refurbished;1,00;15,00;28,50;;24;35,00;24;1080,00;;2026-10-10;https://www.congstar.de/geraete/samsung/samsung-galaxy-s26-zustand-wie-neu/;samsung-galaxy-s26-256gb-cobalt-violet-refurbished;;
Bündel;Galaxy S26;256;congstar;discount;Allnet Flat L;L;neu;1,00;30,00;22,50;;24;15,00;24;1276,00;;2026-10-01;https://www.congstar.de/geraete/samsung/samsung-galaxy-s26/;samsung-galaxy-s26-256gb-weiss;veraltet;
Bündel;Galaxy S26;256;congstar;discount;Allnet Flat L Flex;L;neu;1,00;30,00;33,00;;24;35,00;24;1548,00;;2026-10-01;https://www.congstar.de/geraete/samsung/samsung-galaxy-s26/;samsung-galaxy-s26-256gb-weiss;veraltet;
Bündel;Galaxy S26;256;congstar;discount;Allnet Flat M;L;neu;1,00;25,00;25,50;;24;15,00;24;1228,00;;2026-10-01;https://www.congstar.de/geraete/samsung/samsung-galaxy-s26/;samsung-galaxy-s26-256gb-weiss;veraltet;
Bündel;Galaxy S26;256;congstar;discount;Allnet Flat M Flex;L;neu;1,00;25,00;33,00;;24;35,00;24;1428,00;;2026-10-01;https://www.congstar.de/geraete/samsung/samsung-galaxy-s26/;samsung-galaxy-s26-256gb-weiss;veraltet;
Bündel;Galaxy S26;256;congstar;discount;Allnet Flat S;M;neu;1,00;20,00;28,50;;24;15,00;24;1180,00;;2026-10-01;https://www.congstar.de/geraete/samsung/samsung-galaxy-s26/;samsung-galaxy-s26-256gb-weiss;veraltet;
Bündel;Galaxy S26;256;congstar;discount;Allnet Flat S Flex;M;neu;1,00;20,00;33,00;;24;35,00;24;1308,00;;2026-10-01;https://www.congstar.de/geraete/samsung/samsung-galaxy-s26/;samsung-galaxy-s26-256gb-weiss;veraltet;
Bündel;Galaxy S26;256;congstar;discount;Allnet Flat XS;XS;neu;1,00;15,00;31,50;;24;15,00;24;1132,00;;2026-10-01;https://www.congstar.de/geraete/samsung/samsung-galaxy-s26/;samsung-galaxy-s26-256gb-weiss;veraltet;
Bündel;Galaxy S26;256;congstar;discount;Allnet Flat XS Flex;XS;neu;1,00;15,00;33,00;;24;35,00;24;1188,00;;2026-10-01;https://www.congstar.de/geraete/samsung/samsung-galaxy-s26/;samsung-galaxy-s26-256gb-weiss;veraltet;
Bündel;Galaxy S26;512;congstar;discount;Allnet Flat L;L;neu;1,00;30,00;34,50;;24;15,00;24;1564,00;;2026-10-10;https://www.congstar.de/geraete/samsung/samsung-galaxy-s26/?paymentVariantBenefits=&planId=545&installmentPlanId=500&memorySize=512+GB;samsung-galaxy-s26-512gb-cobalt-violet;;
Bündel;Galaxy S26;512;congstar;discount;Allnet Flat L Flex;L;neu;1,00;30,00;42,75;;24;35,00;24;1782,00;;2026-10-10;https://www.congstar.de/geraete/samsung/samsung-galaxy-s26/;samsung-galaxy-s26-512gb-cobalt-violet;;
Bündel;Galaxy S26;512;congstar;discount;Allnet Flat M;L;neu;1,00;25,00;36,00;;24;15,00;24;1480,00;;2026-10-10;https://www.congstar.de/geraete/samsung/samsung-galaxy-s26/?paymentVariantBenefits=&planId=540&installmentPlanId=500&memorySize=512+GB;samsung-galaxy-s26-512gb-cobalt-violet;;
Bündel;Galaxy S26;512;congstar;discount;Allnet Flat M Flex;L;neu;1,00;25,00;42,75;;24;35,00;24;1662,00;;2026-10-10;https://www.congstar.de/geraete/samsung/samsung-galaxy-s26/;samsung-galaxy-s26-512gb-cobalt-violet;;
Bündel;Galaxy S26;512;congstar;discount;Allnet Flat S;M;neu;1,00;20,00;39,00;;24;15,00;24;1432,00;;2026-10-10;https://www.congstar.de/geraete/samsung/samsung-galaxy-s26/?paymentVariantBenefits=&planId=560&installmentPlanId=500&memorySize=512+GB;samsung-galaxy-s26-512gb-cobalt-violet;;
Bündel;Galaxy S26;512;congstar;discount;Allnet Flat S Flex;M;neu;1,00;20,00;42,75;;24;35,00;24;1542,00;;2026-10-10;https://www.congstar.de/geraete/samsung/samsung-galaxy-s26/;samsung-galaxy-s26-512gb-cobalt-violet;;
Bündel;Galaxy S26;512;congstar;discount;Allnet Flat XS;XS;neu;1,00;15,00;40,50;;24;15,00;24;1348,00;;2026-10-10;https://www.congstar.de/geraete/samsung/samsung-galaxy-s26/?paymentVariantBenefits=&planId=543&installmentPlanId=500&memorySize=512+GB;samsung-galaxy-s26-512gb-cobalt-violet;;
Bündel;Galaxy S26;512;congstar;discount;Allnet Flat XS Flex;XS;neu;1,00;15,00;42,75;;24;35,00;24;1422,00;;2026-10-10;https://www.congstar.de/geraete/samsung/samsung-galaxy-s26/;samsung-galaxy-s26-512gb-cobalt-violet;;
Bündel;Galaxy S26;512;congstar;discount;Allnet Flat L;L;refurbished;1,00;30,00;34,50;;24;15,00;24;1564,00;;2026-10-10;https://www.congstar.de/geraete/samsung/samsung-galaxy-s26-zustand-wie-neu/;samsung-galaxy-s26-512gb-schwarz-refurbished;;
Bündel;Galaxy S26;512;congstar;discount;Allnet Flat L Flex;L;refurbished;1,00;30,00;34,50;;24;35,00;24;1584,00;;2026-10-10;https://www.congstar.de/geraete/samsung/samsung-galaxy-s26-zustand-wie-neu/;samsung-galaxy-s26-512gb-schwarz-refurbished;;
Bündel;Galaxy S26;512;congstar;discount;Allnet Flat M;L;refurbished;1,00;25,00;34,50;;24;15,00;24;1444,00;;2026-10-10;https://www.congstar.de/geraete/samsung/samsung-galaxy-s26-zustand-wie-neu/;samsung-galaxy-s26-512gb-schwarz-refurbished;;
Bündel;Galaxy S26;512;congstar;discount;Allnet Flat M Flex;L;refurbished;1,00;25,00;34,50;;24;35,00;24;1464,00;;2026-10-10;https://www.congstar.de/geraete/samsung/samsung-galaxy-s26-zustand-wie-neu/;samsung-galaxy-s26-512gb-schwarz-refurbished;;
Bündel;Galaxy S26;512;congstar;discount;Allnet Flat S;M;refurbished;1,00;20,00;34,50;;24;15,00;24;1324,00;;2026-10-10;https://www.congstar.de/geraete/samsung/samsung-galaxy-s26-zustand-wie-neu/;samsung-galaxy-s26-512gb-schwarz-refurbished;;
Bündel;Galaxy S26;512;congstar;discount;Allnet Flat S Flex;M;refurbished;1,00;20,00;34,50;;24;35,00;24;1344,00;;2026-10-10;https://www.congstar.de/geraete/samsung/samsung-galaxy-s26-zustand-wie-neu/;samsung-galaxy-s26-512gb-schwarz-refurbished;;
Bündel;Galaxy S26;512;congstar;discount;Allnet Flat XS;XS;refurbished;1,00;15,00;34,50;;24;15,00;24;1204,00;;2026-10-10;https://www.congstar.de/geraete/samsung/samsung-galaxy-s26-zustand-wie-neu/;samsung-galaxy-s26-512gb-schwarz-refurbished;;
Bündel;Galaxy S26;512;congstar;discount;Allnet Flat XS Flex;XS;refurbished;1,00;15,00;34,50;;24;35,00;24;1224,00;;2026-10-10;https://www.congstar.de/geraete/samsung/samsung-galaxy-s26-zustand-wie-neu/;samsung-galaxy-s26-512gb-schwarz-refurbished;;
Bündel;Galaxy S26 FE;128;congstar;discount;Allnet Flat L;L;neu;1,00;30,00;27,00;;24;15,00;24;1384,00;;2026-10-10;https://www.congstar.de/geraete/samsung/samsung-galaxy-s26-fe/?planId=545&installmentPlanId=500;samsung-galaxy-s26-fe-128gb-grau;;
Bündel;Galaxy S26 FE;128;congstar;discount;Allnet Flat L Flex;L;neu;1,00;30,00;33,00;;24;35,00;24;1548,00;;2026-10-10;https://www.congstar.de/geraete/samsung/samsung-galaxy-s26-fe/;samsung-galaxy-s26-fe-128gb-grau;;
Bündel;Galaxy S26 FE;128;congstar;discount;Allnet Flat M;L;neu;1,00;25,00;28,50;;24;15,00;24;1300,00;;2026-10-10;https://www.congstar.de/geraete/samsung/samsung-galaxy-s26-fe/?planId=540&installmentPlanId=500;samsung-galaxy-s26-fe-128gb-grau;;
Bündel;Galaxy S26 FE;128;congstar;discount;Allnet Flat M Flex;L;neu;1,00;25,00;33,00;;24;35,00;24;1428,00;;2026-10-10;https://www.congstar.de/geraete/samsung/samsung-galaxy-s26-fe/;samsung-galaxy-s26-fe-128gb-grau;;
Bündel;Galaxy S26 FE;128;congstar;discount;Allnet Flat S;M;neu;1,00;20,00;30,00;;24;15,00;24;1216,00;;2026-10-10;https://www.congstar.de/geraete/samsung/samsung-galaxy-s26-fe/?planId=560&installmentPlanId=500;samsung-galaxy-s26-fe-128gb-grau;;
Bündel;Galaxy S26 FE;128;congstar;discount;Allnet Flat S Flex;M;neu;1,00;20,00;33,00;;24;35,00;24;1308,00;;2026-10-10;https://www.congstar.de/geraete/samsung/samsung-galaxy-s26-fe/;samsung-galaxy-s26-fe-128gb-grau;;
Bündel;Galaxy S26 FE;128;congstar;discount;Allnet Flat XS;XS;neu;1,00;15,00;31,50;;24;15,00;24;1132,00;;2026-10-10;https://www.congstar.de/geraete/samsung/samsung-galaxy-s26-fe/?planId=543&installmentPlanId=500;samsung-galaxy-s26-fe-128gb-grau;;
Bündel;Galaxy S26 FE;128;congstar;discount;Allnet Flat XS Flex;XS;neu;1,00;15,00;33,00;;24;35,00;24;1188,00;;2026-10-10;https://www.congstar.de/geraete/samsung/samsung-galaxy-s26-fe/;samsung-galaxy-s26-fe-128gb-grau;;
Bündel;Galaxy S26 FE;256;congstar;discount;Allnet Flat L;L;neu;29,00;30,00;30,00;;24;15,00;24;1484,00;;2026-10-10;https://www.congstar.de/geraete/samsung/samsung-galaxy-s26-fe/?planId=545&installmentPlanId=500&memorySize=256+GB;samsung-galaxy-s26-fe-256gb-blueberry;;
Bündel;Galaxy S26 FE;256;congstar;discount;Allnet Flat L Flex;L;neu;29,00;30,00;36,00;;24;35,00;24;1648,00;;2026-10-10;https://www.congstar.de/geraete/samsung/samsung-galaxy-s26-fe/;samsung-galaxy-s26-fe-256gb-blueberry;;
Bündel;Galaxy S26 FE;256;congstar;discount;Allnet Flat M;L;neu;29,00;25,00;31,50;;24;15,00;24;1400,00;;2026-10-10;https://www.congstar.de/geraete/samsung/samsung-galaxy-s26-fe/?planId=540&installmentPlanId=500&memorySize=256+GB;samsung-galaxy-s26-fe-256gb-blueberry;;
Bündel;Galaxy S26 FE;256;congstar;discount;Allnet Flat M Flex;L;neu;29,00;25,00;36,00;;24;35,00;24;1528,00;;2026-10-10;https://www.congstar.de/geraete/samsung/samsung-galaxy-s26-fe/;samsung-galaxy-s26-fe-256gb-blueberry;;
Bündel;Galaxy S26 FE;256;congstar;discount;Allnet Flat S;M;neu;29,00;20,00;33,00;;24;15,00;24;1316,00;;2026-10-10;https://www.congstar.de/geraete/samsung/samsung-galaxy-s26-fe/?planId=560&installmentPlanId=500&memorySize=256+GB;samsung-galaxy-s26-fe-256gb-blueberry;;
Bündel;Galaxy S26 FE;256;congstar;discount;Allnet Flat S Flex;M;neu;29,00;20,00;36,00;;24;35,00;24;1408,00;;2026-10-10;https://www.congstar.de/geraete/samsung/samsung-galaxy-s26-fe/;samsung-galaxy-s26-fe-256gb-blueberry;;
Bündel;Galaxy S26 FE;256;congstar;discount;Allnet Flat XS;XS;neu;29,00;15,00;34,50;;24;15,00;24;1232,00;;2026-10-10;https://www.congstar.de/geraete/samsung/samsung-galaxy-s26-fe/?planId=543&installmentPlanId=500&memorySize=256+GB;samsung-galaxy-s26-fe-256gb-blueberry;;
Bündel;Galaxy S26 FE;256;congstar;discount;Allnet Flat XS Flex;XS;neu;29,00;15,00;36,00;;24;35,00;24;1288,00;;2026-10-10;https://www.congstar.de/geraete/samsung/samsung-galaxy-s26-fe/;samsung-galaxy-s26-fe-256gb-blueberry;;
Bündel;Galaxy S26 Plus;256;congstar;discount;Allnet Flat L;L;neu;49,00;30,00;39,00;;24;15,00;24;1720,00;;2026-10-10;https://www.congstar.de/geraete/samsung/samsung-galaxy-s26-1/?paymentVariantBenefits=&planId=545&installmentPlanId=500;samsung-galaxy-s26-plus-256gb-weiss;;
Bündel;Galaxy S26 Plus;256;congstar;discount;Allnet Flat L Flex;L;neu;49,00;30,00;51,00;;24;35,00;24;2028,00;;2026-10-10;https://www.congstar.de/geraete/samsung/samsung-galaxy-s26-1/;samsung-galaxy-s26-plus-256gb-weiss;;
Bündel;Galaxy S26 Plus;256;congstar;discount;Allnet Flat M;L;neu;49,00;25,00;42,00;;24;15,00;24;1672,00;;2026-10-10;https://www.congstar.de/geraete/samsung/samsung-galaxy-s26-1/?paymentVariantBenefits=&planId=540&installmentPlanId=500;samsung-galaxy-s26-plus-256gb-weiss;;
Bündel;Galaxy S26 Plus;256;congstar;discount;Allnet Flat M Flex;L;neu;49,00;25,00;51,00;;24;35,00;24;1908,00;;2026-10-10;https://www.congstar.de/geraete/samsung/samsung-galaxy-s26-1/;samsung-galaxy-s26-plus-256gb-weiss;;
Bündel;Galaxy S26 Plus;256;congstar;discount;Allnet Flat S;M;neu;49,00;20,00;45,00;;24;15,00;24;1624,00;;2026-10-10;https://www.congstar.de/geraete/samsung/samsung-galaxy-s26-1/?paymentVariantBenefits=&planId=560&installmentPlanId=500;samsung-galaxy-s26-plus-256gb-weiss;;
Bündel;Galaxy S26 Plus;256;congstar;discount;Allnet Flat S Flex;M;neu;49,00;20,00;51,00;;24;35,00;24;1788,00;;2026-10-10;https://www.congstar.de/geraete/samsung/samsung-galaxy-s26-1/;samsung-galaxy-s26-plus-256gb-weiss;;
Bündel;Galaxy S26 Plus;256;congstar;discount;Allnet Flat XS;XS;neu;49,00;15,00;46,50;;24;15,00;24;1540,00;;2026-10-10;https://www.congstar.de/geraete/samsung/samsung-galaxy-s26-1/?paymentVariantBenefits=&planId=543&installmentPlanId=500;samsung-galaxy-s26-plus-256gb-weiss;;
Bündel;Galaxy S26 Plus;256;congstar;discount;Allnet Flat XS Flex;XS;neu;49,00;15,00;51,00;;24;35,00;24;1668,00;;2026-10-10;https://www.congstar.de/geraete/samsung/samsung-galaxy-s26-1/;samsung-galaxy-s26-plus-256gb-weiss;;
Bündel;Galaxy S26 Plus;512;congstar;discount;Allnet Flat L;L;neu;69,00;30,00;43,50;;24;15,00;24;1848,00;;2026-10-10;https://www.congstar.de/geraete/samsung/samsung-galaxy-s26-1/?paymentVariantBenefits=&planId=545&installmentPlanId=500&memorySize=512+GB;samsung-galaxy-s26-plus-512gb-cobalt-violet;;
Bündel;Galaxy S26 Plus;512;congstar;discount;Allnet Flat L Flex;L;neu;69,00;30,00;56,25;;24;35,00;24;2174,00;;2026-10-10;https://www.congstar.de/geraete/samsung/samsung-galaxy-s26-1/;samsung-galaxy-s26-plus-512gb-cobalt-violet;;
Bündel;Galaxy S26 Plus;512;congstar;discount;Allnet Flat M;L;neu;69,00;25,00;46,50;;24;15,00;24;1800,00;;2026-10-10;https://www.congstar.de/geraete/samsung/samsung-galaxy-s26-1/?paymentVariantBenefits=&planId=540&installmentPlanId=500&memorySize=512+GB;samsung-galaxy-s26-plus-512gb-cobalt-violet;;
Bündel;Galaxy S26 Plus;512;congstar;discount;Allnet Flat M Flex;L;neu;69,00;25,00;56,25;;24;35,00;24;2054,00;;2026-10-10;https://www.congstar.de/geraete/samsung/samsung-galaxy-s26-1/;samsung-galaxy-s26-plus-512gb-cobalt-violet;;
Bündel;Galaxy S26 Plus;512;congstar;discount;Allnet Flat S;M;neu;69,00;20,00;49,50;;24;15,00;24;1752,00;;2026-10-10;https://www.congstar.de/geraete/samsung/samsung-galaxy-s26-1/?paymentVariantBenefits=&planId=560&installmentPlanId=500&memorySize=512+GB;samsung-galaxy-s26-plus-512gb-cobalt-violet;;
Bündel;Galaxy S26 Plus;512;congstar;discount;Allnet Flat S Flex;M;neu;69,00;20,00;56,25;;24;35,00;24;1934,00;;2026-10-10;https://www.congstar.de/geraete/samsung/samsung-galaxy-s26-1/;samsung-galaxy-s26-plus-512gb-cobalt-violet;;
Bündel;Galaxy S26 Plus;512;congstar;discount;Allnet Flat XS;XS;neu;69,00;15,00;51,00;;24;15,00;24;1668,00;;2026-10-10;https://www.congstar.de/geraete/samsung/samsung-galaxy-s26-1/?paymentVariantBenefits=&planId=543&installmentPlanId=500&memorySize=512+GB;samsung-galaxy-s26-plus-512gb-cobalt-violet;;
Bündel;Galaxy S26 Plus;512;congstar;discount;Allnet Flat XS Flex;XS;neu;69,00;15,00;56,25;;24;35,00;24;1814,00;;2026-10-10;https://www.congstar.de/geraete/samsung/samsung-galaxy-s26-1/;samsung-galaxy-s26-plus-512gb-cobalt-violet;;
Bündel;Galaxy S26 Ultra;1024;congstar;discount;Allnet Flat L;L;neu;225,00;30,00;54,75;;24;15,00;24;2274,00;;2026-10-10;https://www.congstar.de/geraete/samsung/samsung-galaxy-s26-ultra/?paymentVariantBenefits=&planId=545&installmentPlanId=500&memorySize=1+TB;samsung-galaxy-s26-ultra-1024gb-cobalt-violet;;
Bündel;Galaxy S26 Ultra;1024;congstar;discount;Allnet Flat L Flex;L;neu;225,00;30,00;69,75;;24;35,00;24;2654,00;;2026-10-10;https://www.congstar.de/geraete/samsung/samsung-galaxy-s26-ultra/;samsung-galaxy-s26-ultra-1024gb-cobalt-violet;;
Bündel;Galaxy S26 Ultra;1024;congstar;discount;Allnet Flat M;L;neu;225,00;25,00;60,75;;24;15,00;24;2298,00;;2026-10-10;https://www.congstar.de/geraete/samsung/samsung-galaxy-s26-ultra/?paymentVariantBenefits=&planId=540&installmentPlanId=500&memorySize=1+TB;samsung-galaxy-s26-ultra-1024gb-cobalt-violet;;
Bündel;Galaxy S26 Ultra;1024;congstar;discount;Allnet Flat M Flex;L;neu;225,00;25,00;69,75;;24;35,00;24;2534,00;;2026-10-10;https://www.congstar.de/geraete/samsung/samsung-galaxy-s26-ultra/;samsung-galaxy-s26-ultra-1024gb-cobalt-violet;;
Bündel;Galaxy S26 Ultra;1024;congstar;discount;Allnet Flat S;M;neu;225,00;20,00;60,75;;24;15,00;24;2178,00;;2026-10-10;https://www.congstar.de/geraete/samsung/samsung-galaxy-s26-ultra/?paymentVariantBenefits=&planId=560&installmentPlanId=500&memorySize=1+TB;samsung-galaxy-s26-ultra-1024gb-cobalt-violet;;
Bündel;Galaxy S26 Ultra;1024;congstar;discount;Allnet Flat S Flex;M;neu;225,00;20,00;69,75;;24;35,00;24;2414,00;;2026-10-10;https://www.congstar.de/geraete/samsung/samsung-galaxy-s26-ultra/;samsung-galaxy-s26-ultra-1024gb-cobalt-violet;;
Bündel;Galaxy S26 Ultra;1024;congstar;discount;Allnet Flat XS;XS;neu;225,00;15,00;66,75;;24;15,00;24;2202,00;;2026-10-10;https://www.congstar.de/geraete/samsung/samsung-galaxy-s26-ultra/?paymentVariantBenefits=&planId=543&installmentPlanId=500&memorySize=1+TB;samsung-galaxy-s26-ultra-1024gb-cobalt-violet;;
Bündel;Galaxy S26 Ultra;1024;congstar;discount;Allnet Flat XS Flex;XS;neu;225,00;15,00;69,75;;24;35,00;24;2294,00;;2026-10-10;https://www.congstar.de/geraete/samsung/samsung-galaxy-s26-ultra/;samsung-galaxy-s26-ultra-1024gb-cobalt-violet;;
Bündel;Galaxy S26 Ultra;256;congstar;discount;Allnet Flat L;L;neu;119,00;30,00;37,50;;24;15,00;24;1754,00;;2026-10-10;https://www.congstar.de/geraete/samsung/samsung-galaxy-s26-ultra/?paymentVariantBenefits=&planId=545&installmentPlanId=500;samsung-galaxy-s26-ultra-256gb-cobalt-violet;;
Bündel;Galaxy S26 Ultra;256;congstar;discount;Allnet Flat L Flex;L;neu;119,00;30,00;52,50;;24;35,00;24;2134,00;;2026-10-10;https://www.congstar.de/geraete/samsung/samsung-galaxy-s26-ultra/;samsung-galaxy-s26-ultra-256gb-cobalt-violet;;
Bündel;Galaxy S26 Ultra;256;congstar;discount;Allnet Flat M;L;neu;119,00;25,00;43,50;;24;15,00;24;1778,00;;2026-10-10;https://www.congstar.de/geraete/samsung/samsung-galaxy-s26-ultra/?paymentVariantBenefits=&planId=540&installmentPlanId=500;samsung-galaxy-s26-ultra-256gb-cobalt-violet;;
Bündel;Galaxy S26 Ultra;256;congstar;discount;Allnet Flat M Flex;L;neu;119,00;25,00;52,50;;24;35,00;24;2014,00;;2026-10-10;https://www.congstar.de/geraete/samsung/samsung-galaxy-s26-ultra/;samsung-galaxy-s26-ultra-256gb-cobalt-violet;;
Bündel;Galaxy S26 Ultra;256;congstar;discount;Allnet Flat S;M;neu;119,00;20,00;43,50;;24;15,00;24;1658,00;;2026-10-10;https://www.congstar.de/geraete/samsung/samsung-galaxy-s26-ultra/?paymentVariantBenefits=&planId=560&installmentPlanId=500;samsung-galaxy-s26-ultra-256gb-cobalt-violet;;
Bündel;Galaxy S26 Ultra;256;congstar;discount;Allnet Flat S Flex;M;neu;119,00;20,00;52,50;;24;35,00;24;1894,00;;2026-10-10;https://www.congstar.de/geraete/samsung/samsung-galaxy-s26-ultra/;samsung-galaxy-s26-ultra-256gb-cobalt-violet;;
Bündel;Galaxy S26 Ultra;256;congstar;discount;Allnet Flat XS;XS;neu;119,00;15,00;49,50;;24;15,00;24;1682,00;;2026-10-10;https://www.congstar.de/geraete/samsung/samsung-galaxy-s26-ultra/?paymentVariantBenefits=&planId=543&installmentPlanId=500;samsung-galaxy-s26-ultra-256gb-cobalt-violet;;
Bündel;Galaxy S26 Ultra;256;congstar;discount;Allnet Flat XS Flex;XS;neu;119,00;15,00;52,50;;24;35,00;24;1774,00;;2026-10-10;https://www.congstar.de/geraete/samsung/samsung-galaxy-s26-ultra/;samsung-galaxy-s26-ultra-256gb-cobalt-violet;;
Bündel;Galaxy S26 Ultra;256;congstar;discount;Allnet Flat L;L;refurbished;49,00;30,00;36,00;;24;15,00;24;1648,00;;2026-10-10;https://www.congstar.de/geraete/samsung/samsung-galaxy-s26-ultra-zustand-wie-neu/;samsung-galaxy-s26-ultra-256gb-cobalt-violet-refurbished;;
Bündel;Galaxy S26 Ultra;256;congstar;discount;Allnet Flat L Flex;L;refurbished;49,00;30,00;36,00;;24;35,00;24;1668,00;;2026-10-10;https://www.congstar.de/geraete/samsung/samsung-galaxy-s26-ultra-zustand-wie-neu/;samsung-galaxy-s26-ultra-256gb-cobalt-violet-refurbished;;
Bündel;Galaxy S26 Ultra;256;congstar;discount;Allnet Flat M;L;refurbished;49,00;25,00;36,00;;24;15,00;24;1528,00;;2026-10-10;https://www.congstar.de/geraete/samsung/samsung-galaxy-s26-ultra-zustand-wie-neu/;samsung-galaxy-s26-ultra-256gb-cobalt-violet-refurbished;;
Bündel;Galaxy S26 Ultra;256;congstar;discount;Allnet Flat M Flex;L;refurbished;49,00;25,00;36,00;;24;35,00;24;1548,00;;2026-10-10;https://www.congstar.de/geraete/samsung/samsung-galaxy-s26-ultra-zustand-wie-neu/;samsung-galaxy-s26-ultra-256gb-cobalt-violet-refurbished;;
Bündel;Galaxy S26 Ultra;256;congstar;discount;Allnet Flat S;M;refurbished;49,00;20,00;36,00;;24;15,00;24;1408,00;;2026-10-10;https://www.congstar.de/geraete/samsung/samsung-galaxy-s26-ultra-zustand-wie-neu/;samsung-galaxy-s26-ultra-256gb-cobalt-violet-refurbished;;
Bündel;Galaxy S26 Ultra;256;congstar;discount;Allnet Flat S Flex;M;refurbished;49,00;20,00;36,00;;24;35,00;24;1428,00;;2026-10-10;https://www.congstar.de/geraete/samsung/samsung-galaxy-s26-ultra-zustand-wie-neu/;samsung-galaxy-s26-ultra-256gb-cobalt-violet-refurbished;;
Bündel;Galaxy S26 Ultra;256;congstar;discount;Allnet Flat XS;XS;refurbished;49,00;15,00;36,00;;24;15,00;24;1288,00;;2026-10-10;https://www.congstar.de/geraete/samsung/samsung-galaxy-s26-ultra-zustand-wie-neu/;samsung-galaxy-s26-ultra-256gb-cobalt-violet-refurbished;;
Bündel;Galaxy S26 Ultra;256;congstar;discount;Allnet Flat XS Flex;XS;refurbished;49,00;15,00;36,00;;24;35,00;24;1308,00;;2026-10-10;https://www.congstar.de/geraete/samsung/samsung-galaxy-s26-ultra-zustand-wie-neu/;samsung-galaxy-s26-ultra-256gb-cobalt-violet-refurbished;;
Bündel;Galaxy S26 Ultra;512;congstar;discount;Allnet Flat L;L;neu;179,00;30,00;41,25;;24;15,00;24;1904,00;;2026-10-10;https://www.congstar.de/geraete/samsung/samsung-galaxy-s26-ultra/?paymentVariantBenefits=&planId=545&installmentPlanId=500&memorySize=512+GB;samsung-galaxy-s26-ultra-512gb-cobalt-violet;;
Bündel;Galaxy S26 Ultra;512;congstar;discount;Allnet Flat L Flex;L;neu;179,00;30,00;56,25;;24;35,00;24;2284,00;;2026-10-10;https://www.congstar.de/geraete/samsung/samsung-galaxy-s26-ultra/;samsung-galaxy-s26-ultra-512gb-cobalt-violet;;
Bündel;Galaxy S26 Ultra;512;congstar;discount;Allnet Flat M;L;neu;179,00;25,00;47,25;;24;15,00;24;1928,00;;2026-10-10;https://www.congstar.de/geraete/samsung/samsung-galaxy-s26-ultra/?paymentVariantBenefits=&planId=540&installmentPlanId=500&memorySize=512+GB;samsung-galaxy-s26-ultra-512gb-cobalt-violet;;
Bündel;Galaxy S26 Ultra;512;congstar;discount;Allnet Flat M Flex;L;neu;179,00;25,00;56,25;;24;35,00;24;2164,00;;2026-10-10;https://www.congstar.de/geraete/samsung/samsung-galaxy-s26-ultra/;samsung-galaxy-s26-ultra-512gb-cobalt-violet;;
Bündel;Galaxy S26 Ultra;512;congstar;discount;Allnet Flat S;M;neu;179,00;20,00;47,25;;24;15,00;24;1808,00;;2026-10-10;https://www.congstar.de/geraete/samsung/samsung-galaxy-s26-ultra/?paymentVariantBenefits=&planId=560&installmentPlanId=500&memorySize=512+GB;samsung-galaxy-s26-ultra-512gb-cobalt-violet;;
Bündel;Galaxy S26 Ultra;512;congstar;discount;Allnet Flat S Flex;M;neu;179,00;20,00;56,25;;24;35,00;24;2044,00;;2026-10-10;https://www.congstar.de/geraete/samsung/samsung-galaxy-s26-ultra/;samsung-galaxy-s26-ultra-512gb-cobalt-violet;;
Bündel;Galaxy S26 Ultra;512;congstar;discount;Allnet Flat XS;XS;neu;179,00;15,00;53,25;;24;15,00;24;1832,00;;2026-10-10;https://www.congstar.de/geraete/samsung/samsung-galaxy-s26-ultra/?paymentVariantBenefits=&planId=543&installmentPlanId=500&memorySize=512+GB;samsung-galaxy-s26-ultra-512gb-cobalt-violet;;
Bündel;Galaxy S26 Ultra;512;congstar;discount;Allnet Flat XS Flex;XS;neu;179,00;15,00;56,25;;24;35,00;24;1924,00;;2026-10-10;https://www.congstar.de/geraete/samsung/samsung-galaxy-s26-ultra/;samsung-galaxy-s26-ultra-512gb-cobalt-violet;;
Bündel;Galaxy S26 Ultra;512;congstar;discount;Allnet Flat L;L;refurbished;89,00;30,00;42,00;;24;15,00;24;1832,00;;2026-10-10;https://www.congstar.de/geraete/samsung/samsung-galaxy-s26-ultra-zustand-wie-neu/;samsung-galaxy-s26-ultra-512gb-cobalt-violet-refurbished;;
Bündel;Galaxy S26 Ultra;512;congstar;discount;Allnet Flat L Flex;L;refurbished;89,00;30,00;42,00;;24;35,00;24;1852,00;;2026-10-10;https://www.congstar.de/geraete/samsung/samsung-galaxy-s26-ultra-zustand-wie-neu/;samsung-galaxy-s26-ultra-512gb-cobalt-violet-refurbished;;
Bündel;Galaxy S26 Ultra;512;congstar;discount;Allnet Flat M;L;refurbished;89,00;25,00;42,00;;24;15,00;24;1712,00;;2026-10-10;https://www.congstar.de/geraete/samsung/samsung-galaxy-s26-ultra-zustand-wie-neu/;samsung-galaxy-s26-ultra-512gb-cobalt-violet-refurbished;;
Bündel;Galaxy S26 Ultra;512;congstar;discount;Allnet Flat M Flex;L;refurbished;89,00;25,00;42,00;;24;35,00;24;1732,00;;2026-10-10;https://www.congstar.de/geraete/samsung/samsung-galaxy-s26-ultra-zustand-wie-neu/;samsung-galaxy-s26-ultra-512gb-cobalt-violet-refurbished;;
Bündel;Galaxy S26 Ultra;512;congstar;discount;Allnet Flat S;M;refurbished;89,00;20,00;42,00;;24;15,00;24;1592,00;;2026-10-10;https://www.congstar.de/geraete/samsung/samsung-galaxy-s26-ultra-zustand-wie-neu/;samsung-galaxy-s26-ultra-512gb-cobalt-violet-refurbished;;
Bündel;Galaxy S26 Ultra;512;congstar;discount;Allnet Flat S Flex;M;refurbished;89,00;20,00;42,00;;24;35,00;24;1612,00;;2026-10-10;https://www.congstar.de/geraete/samsung/samsung-galaxy-s26-ultra-zustand-wie-neu/;samsung-galaxy-s26-ultra-512gb-cobalt-violet-refurbished;;
Bündel;Galaxy S26 Ultra;512;congstar;discount;Allnet Flat XS;XS;refurbished;89,00;15,00;42,00;;24;15,00;24;1472,00;;2026-10-10;https://www.congstar.de/geraete/samsung/samsung-galaxy-s26-ultra-zustand-wie-neu/;samsung-galaxy-s26-ultra-512gb-cobalt-violet-refurbished;;
Bündel;Galaxy S26 Ultra;512;congstar;discount;Allnet Flat XS Flex;XS;refurbished;89,00;15,00;42,00;;24;35,00;24;1492,00;;2026-10-10;https://www.congstar.de/geraete/samsung/samsung-galaxy-s26-ultra-zustand-wie-neu/;samsung-galaxy-s26-ultra-512gb-cobalt-violet-refurbished;;
Bündel;Galaxy S26 Ultra;512;congstar;discount;Allnet Flat L;L;refurbished;89,00;30,00;42,00;;24;15,00;24;1832,00;;2026-10-07;https://www.congstar.de/geraete/samsung/samsung-galaxy-s26-ultra-zustand-wie-neu/;samsung-galaxy-s26-ultra-512gb-sky-blue-refurbished;;
Bündel;Galaxy S26 Ultra;512;congstar;discount;Allnet Flat L Flex;L;refurbished;89,00;30,00;42,00;;24;35,00;24;1852,00;;2026-10-07;https://www.congstar.de/geraete/samsung/samsung-galaxy-s26-ultra-zustand-wie-neu/;samsung-galaxy-s26-ultra-512gb-sky-blue-refurbished;;
Bündel;Galaxy S26 Ultra;512;congstar;discount;Allnet Flat M;L;refurbished;89,00;25,00;42,00;;24;15,00;24;1712,00;;2026-10-07;https://www.congstar.de/geraete/samsung/samsung-galaxy-s26-ultra-zustand-wie-neu/;samsung-galaxy-s26-ultra-512gb-sky-blue-refurbished;;
Bündel;Galaxy S26 Ultra;512;congstar;discount;Allnet Flat M Flex;L;refurbished;89,00;25,00;42,00;;24;35,00;24;1732,00;;2026-10-07;https://www.congstar.de/geraete/samsung/samsung-galaxy-s26-ultra-zustand-wie-neu/;samsung-galaxy-s26-ultra-512gb-sky-blue-refurbished;;
Bündel;Galaxy S26 Ultra;512;congstar;discount;Allnet Flat S;M;refurbished;89,00;20,00;42,00;;24;15,00;24;1592,00;;2026-10-07;https://www.congstar.de/geraete/samsung/samsung-galaxy-s26-ultra-zustand-wie-neu/;samsung-galaxy-s26-ultra-512gb-sky-blue-refurbished;;
Bündel;Galaxy S26 Ultra;512;congstar;discount;Allnet Flat S Flex;M;refurbished;89,00;20,00;42,00;;24;35,00;24;1612,00;;2026-10-07;https://www.congstar.de/geraete/samsung/samsung-galaxy-s26-ultra-zustand-wie-neu/;samsung-galaxy-s26-ultra-512gb-sky-blue-refurbished;;
Bündel;Galaxy S26 Ultra;512;congstar;discount;Allnet Flat XS;XS;refurbished;89,00;15,00;42,00;;24;15,00;24;1472,00;;2026-10-07;https://www.congstar.de/geraete/samsung/samsung-galaxy-s26-ultra-zustand-wie-neu/;samsung-galaxy-s26-ultra-512gb-sky-blue-refurbished;;
Bündel;Galaxy S26 Ultra;512;congstar;discount;Allnet Flat XS Flex;XS;refurbished;89,00;15,00;42,00;;24;35,00;24;1492,00;;2026-10-07;https://www.congstar.de/geraete/samsung/samsung-galaxy-s26-ultra-zustand-wie-neu/;samsung-galaxy-s26-ultra-512gb-sky-blue-refurbished;;
Bündel;Galaxy Xcover 7 EE;128;congstar;discount;Allnet Flat L;L;neu;1,00;30,00;1,50;;24;15,00;24;772,00;;2026-10-10;https://www.congstar.de/geraete/samsung/samsung-galaxy-xcover-7-ee/;samsung-galaxy-xcover-7-ee-128gb-schwarz;;
Bündel;Galaxy Xcover 7 EE;128;congstar;discount;Allnet Flat L Flex;L;neu;1,00;30,00;10,50;;24;35,00;24;1008,00;;2026-10-10;https://www.congstar.de/geraete/samsung/samsung-galaxy-xcover-7-ee/;samsung-galaxy-xcover-7-ee-128gb-schwarz;;
Bündel;Galaxy Xcover 7 EE;128;congstar;discount;Allnet Flat M;L;neu;1,00;25,00;4,50;;24;15,00;24;724,00;;2026-10-10;https://www.congstar.de/geraete/samsung/samsung-galaxy-xcover-7-ee/;samsung-galaxy-xcover-7-ee-128gb-schwarz;;
Bündel;Galaxy Xcover 7 EE;128;congstar;discount;Allnet Flat M Flex;L;neu;1,00;25,00;10,50;;24;35,00;24;888,00;;2026-10-10;https://www.congstar.de/geraete/samsung/samsung-galaxy-xcover-7-ee/;samsung-galaxy-xcover-7-ee-128gb-schwarz;;
Bündel;Galaxy Xcover 7 EE;128;congstar;discount;Allnet Flat S;M;neu;1,00;20,00;6,00;;24;15,00;24;640,00;;2026-10-10;https://www.congstar.de/geraete/samsung/samsung-galaxy-xcover-7-ee/;samsung-galaxy-xcover-7-ee-128gb-schwarz;;
Bündel;Galaxy Xcover 7 EE;128;congstar;discount;Allnet Flat S Flex;M;neu;1,00;20,00;10,50;;24;35,00;24;768,00;;2026-10-10;https://www.congstar.de/geraete/samsung/samsung-galaxy-xcover-7-ee/;samsung-galaxy-xcover-7-ee-128gb-schwarz;;
Bündel;Galaxy Xcover 7 EE;128;congstar;discount;Allnet Flat XS;XS;neu;1,00;15,00;7,50;;24;15,00;24;556,00;;2026-10-10;https://www.congstar.de/geraete/samsung/samsung-galaxy-xcover-7-ee/;samsung-galaxy-xcover-7-ee-128gb-schwarz;;
Bündel;Galaxy Xcover 7 EE;128;congstar;discount;Allnet Flat XS Flex;XS;neu;1,00;15,00;10,50;;24;35,00;24;648,00;;2026-10-10;https://www.congstar.de/geraete/samsung/samsung-galaxy-xcover-7-ee/;samsung-galaxy-xcover-7-ee-128gb-schwarz;;
Bündel;Galaxy Z Flip8;256;congstar;discount;Allnet Flat L;L;neu;1,00;30,00;39,75;;24;15,00;24;1690,00;;2026-10-01;https://www.congstar.de/geraete/samsung/samsung-galaxy-z-flip8/;samsung-galaxy-z-flip8-256gb-grau;veraltet;
Bündel;Galaxy Z Flip8;256;congstar;discount;Allnet Flat L Flex;L;neu;1,00;30,00;54,00;;24;35,00;24;2052,00;;2026-10-01;https://www.congstar.de/geraete/samsung/samsung-galaxy-z-flip8/;samsung-galaxy-z-flip8-256gb-grau;veraltet;
Bündel;Galaxy Z Flip8;256;congstar;discount;Allnet Flat M;L;neu;1,00;25,00;41,25;;24;15,00;24;1606,00;;2026-10-01;https://www.congstar.de/geraete/samsung/samsung-galaxy-z-flip8/;samsung-galaxy-z-flip8-256gb-grau;veraltet;
Bündel;Galaxy Z Flip8;256;congstar;discount;Allnet Flat M Flex;L;neu;1,00;25,00;54,00;;24;35,00;24;1932,00;;2026-10-01;https://www.congstar.de/geraete/samsung/samsung-galaxy-z-flip8/;samsung-galaxy-z-flip8-256gb-grau;veraltet;
Bündel;Galaxy Z Flip8;256;congstar;discount;Allnet Flat S;M;neu;1,00;20,00;44,25;;24;15,00;24;1558,00;;2026-10-01;https://www.congstar.de/geraete/samsung/samsung-galaxy-z-flip8/;samsung-galaxy-z-flip8-256gb-grau;veraltet;
Bündel;Galaxy Z Flip8;256;congstar;discount;Allnet Flat S Flex;M;neu;1,00;20,00;54,00;;24;35,00;24;1812,00;;2026-10-01;https://www.congstar.de/geraete/samsung/samsung-galaxy-z-flip8/;samsung-galaxy-z-flip8-256gb-grau;veraltet;
Bündel;Galaxy Z Flip8;256;congstar;discount;Allnet Flat XS;XS;neu;1,00;15,00;48,75;;24;15,00;24;1546,00;;2026-10-01;https://www.congstar.de/geraete/samsung/samsung-galaxy-z-flip8/;samsung-galaxy-z-flip8-256gb-grau;veraltet;
Bündel;Galaxy Z Flip8;256;congstar;discount;Allnet Flat XS Flex;XS;neu;1,00;15,00;54,00;;24;35,00;24;1692,00;;2026-10-01;https://www.congstar.de/geraete/samsung/samsung-galaxy-z-flip8/;samsung-galaxy-z-flip8-256gb-grau;veraltet;
Bündel;Galaxy Z Flip8;256;congstar;discount;Allnet Flat L;L;neu;1,00;30,00;39,75;;24;15,00;24;1690,00;;2026-10-10;https://www.congstar.de/geraete/samsung/samsung-galaxy-z-flip8/?paymentVariantBenefits=&planId=545&installmentPlanId=500;samsung-galaxy-z-flip8-256gb-rosa;;
Bündel;Galaxy Z Flip8;256;congstar;discount;Allnet Flat L Flex;L;neu;1,00;30,00;54,00;;24;35,00;24;2052,00;;2026-10-10;https://www.congstar.de/geraete/samsung/samsung-galaxy-z-flip8/;samsung-galaxy-z-flip8-256gb-rosa;;
Bündel;Galaxy Z Flip8;256;congstar;discount;Allnet Flat M;L;neu;1,00;25,00;41,25;;24;15,00;24;1606,00;;2026-10-10;https://www.congstar.de/geraete/samsung/samsung-galaxy-z-flip8/?paymentVariantBenefits=&planId=540&installmentPlanId=500;samsung-galaxy-z-flip8-256gb-rosa;;
Bündel;Galaxy Z Flip8;256;congstar;discount;Allnet Flat M Flex;L;neu;1,00;25,00;54,00;;24;35,00;24;1932,00;;2026-10-10;https://www.congstar.de/geraete/samsung/samsung-galaxy-z-flip8/;samsung-galaxy-z-flip8-256gb-rosa;;
Bündel;Galaxy Z Flip8;256;congstar;discount;Allnet Flat S;M;neu;1,00;20,00;44,25;;24;15,00;24;1558,00;;2026-10-10;https://www.congstar.de/geraete/samsung/samsung-galaxy-z-flip8/?paymentVariantBenefits=&planId=560&installmentPlanId=500;samsung-galaxy-z-flip8-256gb-rosa;;
Bündel;Galaxy Z Flip8;256;congstar;discount;Allnet Flat S Flex;M;neu;1,00;20,00;54,00;;24;35,00;24;1812,00;;2026-10-10;https://www.congstar.de/geraete/samsung/samsung-galaxy-z-flip8/;samsung-galaxy-z-flip8-256gb-rosa;;
Bündel;Galaxy Z Flip8;256;congstar;discount;Allnet Flat XS;XS;neu;1,00;15,00;48,75;;24;15,00;24;1546,00;;2026-10-10;https://www.congstar.de/geraete/samsung/samsung-galaxy-z-flip8/?paymentVariantBenefits=&planId=543&installmentPlanId=500;samsung-galaxy-z-flip8-256gb-rosa;;
Bündel;Galaxy Z Flip8;256;congstar;discount;Allnet Flat XS Flex;XS;neu;1,00;15,00;54,00;;24;35,00;24;1692,00;;2026-10-10;https://www.congstar.de/geraete/samsung/samsung-galaxy-z-flip8/;samsung-galaxy-z-flip8-256gb-rosa;;
Bündel;Galaxy Z Flip8;512;congstar;discount;Allnet Flat L;L;neu;59,00;30,00;46,50;;24;15,00;24;1910,00;;2026-10-10;https://www.congstar.de/geraete/samsung/samsung-galaxy-z-flip8/?paymentVariantBenefits=&planId=545&installmentPlanId=500&memorySize=512+GB;samsung-galaxy-z-flip8-512gb-rosa;;
Bündel;Galaxy Z Flip8;512;congstar;discount;Allnet Flat L Flex;L;neu;59,00;30,00;60,00;;24;35,00;24;2254,00;;2026-10-10;https://www.congstar.de/geraete/samsung/samsung-galaxy-z-flip8/;samsung-galaxy-z-flip8-512gb-rosa;;
Bündel;Galaxy Z Flip8;512;congstar;discount;Allnet Flat M;L;neu;59,00;25,00;48,00;;24;15,00;24;1826,00;;2026-10-10;https://www.congstar.de/geraete/samsung/samsung-galaxy-z-flip8/?paymentVariantBenefits=&planId=540&installmentPlanId=500&memorySize=512+GB;samsung-galaxy-z-flip8-512gb-rosa;;
Bündel;Galaxy Z Flip8;512;congstar;discount;Allnet Flat M Flex;L;neu;59,00;25,00;60,00;;24;35,00;24;2134,00;;2026-10-10;https://www.congstar.de/geraete/samsung/samsung-galaxy-z-flip8/;samsung-galaxy-z-flip8-512gb-rosa;;
Bündel;Galaxy Z Flip8;512;congstar;discount;Allnet Flat S;M;neu;59,00;20,00;51,00;;24;15,00;24;1778,00;;2026-10-10;https://www.congstar.de/geraete/samsung/samsung-galaxy-z-flip8/?paymentVariantBenefits=&planId=560&installmentPlanId=500&memorySize=512+GB;samsung-galaxy-z-flip8-512gb-rosa;;
Bündel;Galaxy Z Flip8;512;congstar;discount;Allnet Flat S Flex;M;neu;59,00;20,00;60,00;;24;35,00;24;2014,00;;2026-10-10;https://www.congstar.de/geraete/samsung/samsung-galaxy-z-flip8/;samsung-galaxy-z-flip8-512gb-rosa;;
Bündel;Galaxy Z Flip8;512;congstar;discount;Allnet Flat XS;XS;neu;59,00;15,00;55,50;;24;15,00;24;1766,00;;2026-10-10;https://www.congstar.de/geraete/samsung/samsung-galaxy-z-flip8/?paymentVariantBenefits=&planId=543&installmentPlanId=500&memorySize=512+GB;samsung-galaxy-z-flip8-512gb-rosa;;
Bündel;Galaxy Z Flip8;512;congstar;discount;Allnet Flat XS Flex;XS;neu;59,00;15,00;60,00;;24;35,00;24;1894,00;;2026-10-10;https://www.congstar.de/geraete/samsung/samsung-galaxy-z-flip8/;samsung-galaxy-z-flip8-512gb-rosa;;
Bündel;Galaxy Z Fold8;256;congstar;discount;Allnet Flat L;L;neu;49,00;30,00;66,00;;24;15,00;24;2368,00;;2026-10-10;https://www.congstar.de/geraete/samsung/samsung-galaxy-z-fold8/?paymentVariantBenefits=&planId=545&installmentPlanId=500;samsung-galaxy-z-fold8-256gb-violett;;
Bündel;Galaxy Z Fold8;256;congstar;discount;Allnet Flat L Flex;L;neu;49,00;30,00;80,25;;24;35,00;24;2730,00;;2026-10-10;https://www.congstar.de/geraete/samsung/samsung-galaxy-z-fold8/;samsung-galaxy-z-fold8-256gb-violett;;
Bündel;Galaxy Z Fold8;256;congstar;discount;Allnet Flat M;L;neu;49,00;25,00;67,50;;24;15,00;24;2284,00;;2026-10-10;https://www.congstar.de/geraete/samsung/samsung-galaxy-z-fold8/?paymentVariantBenefits=&planId=540&installmentPlanId=500;samsung-galaxy-z-fold8-256gb-violett;;
Bündel;Galaxy Z Fold8;256;congstar;discount;Allnet Flat M Flex;L;neu;49,00;25,00;80,25;;24;35,00;24;2610,00;;2026-10-10;https://www.congstar.de/geraete/samsung/samsung-galaxy-z-fold8/;samsung-galaxy-z-fold8-256gb-violett;;
Bündel;Galaxy Z Fold8;256;congstar;discount;Allnet Flat S;M;neu;49,00;20,00;70,50;;24;15,00;24;2236,00;;2026-10-10;https://www.congstar.de/geraete/samsung/samsung-galaxy-z-fold8/?paymentVariantBenefits=&planId=560&installmentPlanId=500;samsung-galaxy-z-fold8-256gb-violett;;
Bündel;Galaxy Z Fold8;256;congstar;discount;Allnet Flat S Flex;M;neu;49,00;20,00;80,25;;24;35,00;24;2490,00;;2026-10-10;https://www.congstar.de/geraete/samsung/samsung-galaxy-z-fold8/;samsung-galaxy-z-fold8-256gb-violett;;
Bündel;Galaxy Z Fold8;256;congstar;discount;Allnet Flat XS;XS;neu;49,00;15,00;72,00;;24;15,00;24;2152,00;;2026-10-10;https://www.congstar.de/geraete/samsung/samsung-galaxy-z-fold8/?paymentVariantBenefits=&planId=543&installmentPlanId=500;samsung-galaxy-z-fold8-256gb-violett;;
Bündel;Galaxy Z Fold8;256;congstar;discount;Allnet Flat XS Flex;XS;neu;49,00;15,00;80,25;;24;35,00;24;2370,00;;2026-10-10;https://www.congstar.de/geraete/samsung/samsung-galaxy-z-fold8/;samsung-galaxy-z-fold8-256gb-violett;;
Bündel;Galaxy Z Fold8;512;congstar;discount;Allnet Flat L;L;neu;109,00;30,00;70,50;;24;15,00;24;2536,00;;2026-10-10;https://www.congstar.de/geraete/samsung/samsung-galaxy-z-fold8/?paymentVariantBenefits=&planId=545&installmentPlanId=500&memorySize=512+GB;samsung-galaxy-z-fold8-512gb-violett;;
Bündel;Galaxy Z Fold8;512;congstar;discount;Allnet Flat L Flex;L;neu;109,00;30,00;84,00;;24;35,00;24;2880,00;;2026-10-10;https://www.congstar.de/geraete/samsung/samsung-galaxy-z-fold8/;samsung-galaxy-z-fold8-512gb-violett;;
Bündel;Galaxy Z Fold8;512;congstar;discount;Allnet Flat M;L;neu;109,00;25,00;72,00;;24;15,00;24;2452,00;;2026-10-10;https://www.congstar.de/geraete/samsung/samsung-galaxy-z-fold8/?paymentVariantBenefits=&planId=540&installmentPlanId=500&memorySize=512+GB;samsung-galaxy-z-fold8-512gb-violett;;
Bündel;Galaxy Z Fold8;512;congstar;discount;Allnet Flat M Flex;L;neu;109,00;25,00;84,00;;24;35,00;24;2760,00;;2026-10-10;https://www.congstar.de/geraete/samsung/samsung-galaxy-z-fold8/;samsung-galaxy-z-fold8-512gb-violett;;
Bündel;Galaxy Z Fold8;512;congstar;discount;Allnet Flat S;M;neu;109,00;20,00;75,00;;24;15,00;24;2404,00;;2026-10-10;https://www.congstar.de/geraete/samsung/samsung-galaxy-z-fold8/?paymentVariantBenefits=&planId=560&installmentPlanId=500&memorySize=512+GB;samsung-galaxy-z-fold8-512gb-violett;;
Bündel;Galaxy Z Fold8;512;congstar;discount;Allnet Flat S Flex;M;neu;109,00;20,00;84,00;;24;35,00;24;2640,00;;2026-10-10;https://www.congstar.de/geraete/samsung/samsung-galaxy-z-fold8/;samsung-galaxy-z-fold8-512gb-violett;;
Bündel;Galaxy Z Fold8;512;congstar;discount;Allnet Flat XS;XS;neu;109,00;15,00;76,50;;24;15,00;24;2320,00;;2026-10-10;https://www.congstar.de/geraete/samsung/samsung-galaxy-z-fold8/?paymentVariantBenefits=&planId=543&installmentPlanId=500&memorySize=512+GB;samsung-galaxy-z-fold8-512gb-violett;;
Bündel;Galaxy Z Fold8;512;congstar;discount;Allnet Flat XS Flex;XS;neu;109,00;15,00;84,00;;24;35,00;24;2520,00;;2026-10-10;https://www.congstar.de/geraete/samsung/samsung-galaxy-z-fold8/;samsung-galaxy-z-fold8-512gb-violett;;
Bündel;Galaxy Z Fold8 Ultra;256;congstar;discount;Allnet Flat L;L;neu;99,00;30,00;70,50;;24;15,00;24;2526,00;;2026-10-10;https://www.congstar.de/geraete/samsung/samsung-galaxy-z-fold8-ultra/?paymentVariantBenefits=&planId=545&installmentPlanId=500;samsung-galaxy-z-fold8-ultra-256gb-violet-shadow;;
Bündel;Galaxy Z Fold8 Ultra;256;congstar;discount;Allnet Flat L Flex;L;neu;99,00;30,00;84,00;;24;35,00;24;2870,00;;2026-10-10;https://www.congstar.de/geraete/samsung/samsung-galaxy-z-fold8-ultra/;samsung-galaxy-z-fold8-ultra-256gb-violet-shadow;;
Bündel;Galaxy Z Fold8 Ultra;256;congstar;discount;Allnet Flat M;L;neu;99,00;25,00;72,00;;24;15,00;24;2442,00;;2026-10-10;https://www.congstar.de/geraete/samsung/samsung-galaxy-z-fold8-ultra/?paymentVariantBenefits=&planId=540&installmentPlanId=500;samsung-galaxy-z-fold8-ultra-256gb-violet-shadow;;
Bündel;Galaxy Z Fold8 Ultra;256;congstar;discount;Allnet Flat M Flex;L;neu;99,00;25,00;84,00;;24;35,00;24;2750,00;;2026-10-10;https://www.congstar.de/geraete/samsung/samsung-galaxy-z-fold8-ultra/;samsung-galaxy-z-fold8-ultra-256gb-violet-shadow;;
Bündel;Galaxy Z Fold8 Ultra;256;congstar;discount;Allnet Flat S;M;neu;99,00;20,00;75,00;;24;15,00;24;2394,00;;2026-10-10;https://www.congstar.de/geraete/samsung/samsung-galaxy-z-fold8-ultra/?paymentVariantBenefits=&planId=560&installmentPlanId=500;samsung-galaxy-z-fold8-ultra-256gb-violet-shadow;;
Bündel;Galaxy Z Fold8 Ultra;256;congstar;discount;Allnet Flat S Flex;M;neu;99,00;20,00;84,00;;24;35,00;24;2630,00;;2026-10-10;https://www.congstar.de/geraete/samsung/samsung-galaxy-z-fold8-ultra/;samsung-galaxy-z-fold8-ultra-256gb-violet-shadow;;
Bündel;Galaxy Z Fold8 Ultra;256;congstar;discount;Allnet Flat XS;XS;neu;99,00;15,00;78,00;;24;15,00;24;2346,00;;2026-10-10;https://www.congstar.de/geraete/samsung/samsung-galaxy-z-fold8-ultra/?paymentVariantBenefits=&planId=543&installmentPlanId=500;samsung-galaxy-z-fold8-ultra-256gb-violet-shadow;;
Bündel;Galaxy Z Fold8 Ultra;256;congstar;discount;Allnet Flat XS Flex;XS;neu;99,00;15,00;84,00;;24;35,00;24;2510,00;;2026-10-10;https://www.congstar.de/geraete/samsung/samsung-galaxy-z-fold8-ultra/;samsung-galaxy-z-fold8-ultra-256gb-violet-shadow;;
Bündel;Galaxy Z Fold8 Ultra;512;congstar;discount;Allnet Flat L;L;neu;129,00;30,00;75,75;;24;15,00;24;2682,00;;2026-10-10;https://www.congstar.de/geraete/samsung/samsung-galaxy-z-fold8-ultra/?paymentVariantBenefits=&planId=545&installmentPlanId=500&memorySize=512+GB;samsung-galaxy-z-fold8-ultra-512gb-violet-shadow;;
Bündel;Galaxy Z Fold8 Ultra;512;congstar;discount;Allnet Flat L Flex;L;neu;129,00;30,00;90,00;;24;35,00;24;3044,00;;2026-10-10;https://www.congstar.de/geraete/samsung/samsung-galaxy-z-fold8-ultra/;samsung-galaxy-z-fold8-ultra-512gb-violet-shadow;;
Bündel;Galaxy Z Fold8 Ultra;512;congstar;discount;Allnet Flat M;L;neu;129,00;25,00;77,25;;24;15,00;24;2598,00;;2026-10-10;https://www.congstar.de/geraete/samsung/samsung-galaxy-z-fold8-ultra/?paymentVariantBenefits=&planId=540&installmentPlanId=500&memorySize=512+GB;samsung-galaxy-z-fold8-ultra-512gb-violet-shadow;;
Bündel;Galaxy Z Fold8 Ultra;512;congstar;discount;Allnet Flat M Flex;L;neu;129,00;25,00;90,00;;24;35,00;24;2924,00;;2026-10-10;https://www.congstar.de/geraete/samsung/samsung-galaxy-z-fold8-ultra/;samsung-galaxy-z-fold8-ultra-512gb-violet-shadow;;
Bündel;Galaxy Z Fold8 Ultra;512;congstar;discount;Allnet Flat S;M;neu;129,00;20,00;80,25;;24;15,00;24;2550,00;;2026-10-10;https://www.congstar.de/geraete/samsung/samsung-galaxy-z-fold8-ultra/?paymentVariantBenefits=&planId=560&installmentPlanId=500&memorySize=512+GB;samsung-galaxy-z-fold8-ultra-512gb-violet-shadow;;
Bündel;Galaxy Z Fold8 Ultra;512;congstar;discount;Allnet Flat S Flex;M;neu;129,00;20,00;90,00;;24;35,00;24;2804,00;;2026-10-10;https://www.congstar.de/geraete/samsung/samsung-galaxy-z-fold8-ultra/;samsung-galaxy-z-fold8-ultra-512gb-violet-shadow;;
Bündel;Galaxy Z Fold8 Ultra;512;congstar;discount;Allnet Flat XS;XS;neu;129,00;15,00;83,25;;24;15,00;24;2502,00;;2026-10-10;https://www.congstar.de/geraete/samsung/samsung-galaxy-z-fold8-ultra/?paymentVariantBenefits=&planId=543&installmentPlanId=500&memorySize=512+GB;samsung-galaxy-z-fold8-ultra-512gb-violet-shadow;;
Bündel;Galaxy Z Fold8 Ultra;512;congstar;discount;Allnet Flat XS Flex;XS;neu;129,00;15,00;90,00;;24;35,00;24;2684,00;;2026-10-10;https://www.congstar.de/geraete/samsung/samsung-galaxy-z-fold8-ultra/;samsung-galaxy-z-fold8-ultra-512gb-violet-shadow;;
Bündel;Xiaomi 17 Ultra;512;congstar;discount;Allnet Flat L;L;refurbished;27,00;30,00;40,50;;24;15,00;24;1734,00;;2026-10-10;https://www.congstar.de/geraete/xiaomi/xiaomi-17-ultra-zustand-wie-neu/;xiaomi-17-ultra-512gb-schwarz-refurbished;;
Bündel;Xiaomi 17 Ultra;512;congstar;discount;Allnet Flat L Flex;L;refurbished;27,00;30,00;40,50;;24;35,00;24;1754,00;;2026-10-10;https://www.congstar.de/geraete/xiaomi/xiaomi-17-ultra-zustand-wie-neu/;xiaomi-17-ultra-512gb-schwarz-refurbished;;
Bündel;Xiaomi 17 Ultra;512;congstar;discount;Allnet Flat M;L;refurbished;27,00;25,00;40,50;;24;15,00;24;1614,00;;2026-10-10;https://www.congstar.de/geraete/xiaomi/xiaomi-17-ultra-zustand-wie-neu/;xiaomi-17-ultra-512gb-schwarz-refurbished;;
Bündel;Xiaomi 17 Ultra;512;congstar;discount;Allnet Flat M Flex;L;refurbished;27,00;25,00;40,50;;24;35,00;24;1634,00;;2026-10-10;https://www.congstar.de/geraete/xiaomi/xiaomi-17-ultra-zustand-wie-neu/;xiaomi-17-ultra-512gb-schwarz-refurbished;;
Bündel;Xiaomi 17 Ultra;512;congstar;discount;Allnet Flat S;M;refurbished;27,00;20,00;40,50;;24;15,00;24;1494,00;;2026-10-10;https://www.congstar.de/geraete/xiaomi/xiaomi-17-ultra-zustand-wie-neu/;xiaomi-17-ultra-512gb-schwarz-refurbished;;
Bündel;Xiaomi 17 Ultra;512;congstar;discount;Allnet Flat S Flex;M;refurbished;27,00;20,00;40,50;;24;35,00;24;1514,00;;2026-10-10;https://www.congstar.de/geraete/xiaomi/xiaomi-17-ultra-zustand-wie-neu/;xiaomi-17-ultra-512gb-schwarz-refurbished;;
Bündel;Xiaomi 17 Ultra;512;congstar;discount;Allnet Flat XS;XS;refurbished;27,00;15,00;40,50;;24;15,00;24;1374,00;;2026-10-10;https://www.congstar.de/geraete/xiaomi/xiaomi-17-ultra-zustand-wie-neu/;xiaomi-17-ultra-512gb-schwarz-refurbished;;
Bündel;Xiaomi 17 Ultra;512;congstar;discount;Allnet Flat XS Flex;XS;refurbished;27,00;15,00;40,50;;24;35,00;24;1394,00;;2026-10-10;https://www.congstar.de/geraete/xiaomi/xiaomi-17-ultra-zustand-wie-neu/;xiaomi-17-ultra-512gb-schwarz-refurbished;;
Bündel;Xiaomi 17 Ultra;512;congstar;discount;Allnet Flat L;L;neu;69,00;30,00;36,75;;24;15,00;24;1686,00;;2026-10-10;https://www.congstar.de/geraete/xiaomi/xiaomi-17-ultra/?paymentVariantBenefits=&planId=545&installmentPlanId=500;xiaomi-17-ultra-512gb-starlit-green;;
Bündel;Xiaomi 17 Ultra;512;congstar;discount;Allnet Flat L Flex;L;neu;69,00;30,00;48,75;;24;35,00;24;1994,00;;2026-10-10;https://www.congstar.de/geraete/xiaomi/xiaomi-17-ultra/;xiaomi-17-ultra-512gb-starlit-green;;
Bündel;Xiaomi 17 Ultra;512;congstar;discount;Allnet Flat M;L;neu;69,00;25,00;39,75;;24;15,00;24;1638,00;;2026-10-10;https://www.congstar.de/geraete/xiaomi/xiaomi-17-ultra/?paymentVariantBenefits=&planId=540&installmentPlanId=500;xiaomi-17-ultra-512gb-starlit-green;;
Bündel;Xiaomi 17 Ultra;512;congstar;discount;Allnet Flat M Flex;L;neu;69,00;25,00;48,75;;24;35,00;24;1874,00;;2026-10-10;https://www.congstar.de/geraete/xiaomi/xiaomi-17-ultra/;xiaomi-17-ultra-512gb-starlit-green;;
Bündel;Xiaomi 17 Ultra;512;congstar;discount;Allnet Flat S;M;neu;69,00;20,00;42,75;;24;15,00;24;1590,00;;2026-10-10;https://www.congstar.de/geraete/xiaomi/xiaomi-17-ultra/?paymentVariantBenefits=&planId=560&installmentPlanId=500;xiaomi-17-ultra-512gb-starlit-green;;
Bündel;Xiaomi 17 Ultra;512;congstar;discount;Allnet Flat S Flex;M;neu;69,00;20,00;48,75;;24;35,00;24;1754,00;;2026-10-10;https://www.congstar.de/geraete/xiaomi/xiaomi-17-ultra/;xiaomi-17-ultra-512gb-starlit-green;;
Bündel;Xiaomi 17 Ultra;512;congstar;discount;Allnet Flat XS;XS;neu;69,00;15,00;45,75;;24;15,00;24;1542,00;;2026-10-10;https://www.congstar.de/geraete/xiaomi/xiaomi-17-ultra/?paymentVariantBenefits=&planId=543&installmentPlanId=500;xiaomi-17-ultra-512gb-starlit-green;;
Bündel;Xiaomi 17 Ultra;512;congstar;discount;Allnet Flat XS Flex;XS;neu;69,00;15,00;48,75;;24;35,00;24;1634,00;;2026-10-10;https://www.congstar.de/geraete/xiaomi/xiaomi-17-ultra/;xiaomi-17-ultra-512gb-starlit-green;;
Bündel;Xiaomi 17T;256;congstar;discount;Allnet Flat L;L;neu;1,00;30,00;13,50;;24;15,00;24;1060,00;;2026-10-10;https://www.congstar.de/geraete/xiaomi/xiaomi-17t/?planId=545&installmentPlanId=500;xiaomi-17t-256gb-violet;;
Bündel;Xiaomi 17T;256;congstar;discount;Allnet Flat L Flex;L;neu;1,00;30,00;28,50;;24;35,00;24;1440,00;;2026-10-10;https://www.congstar.de/geraete/xiaomi/xiaomi-17t/;xiaomi-17t-256gb-violet;;
Bündel;Xiaomi 17T;256;congstar;discount;Allnet Flat M;L;neu;1,00;25,00;15,00;;24;15,00;24;976,00;;2026-10-10;https://www.congstar.de/geraete/xiaomi/xiaomi-17t/?planId=540&installmentPlanId=500;xiaomi-17t-256gb-violet;;
Bündel;Xiaomi 17T;256;congstar;discount;Allnet Flat M Flex;L;neu;1,00;25,00;28,50;;24;35,00;24;1320,00;;2026-10-10;https://www.congstar.de/geraete/xiaomi/xiaomi-17t/;xiaomi-17t-256gb-violet;;
Bündel;Xiaomi 17T;256;congstar;discount;Allnet Flat S;M;neu;1,00;20,00;19,50;;24;15,00;24;964,00;;2026-10-10;https://www.congstar.de/geraete/xiaomi/xiaomi-17t/?planId=560&installmentPlanId=500;xiaomi-17t-256gb-violet;;
Bündel;Xiaomi 17T;256;congstar;discount;Allnet Flat S Flex;M;neu;1,00;20,00;28,50;;24;35,00;24;1200,00;;2026-10-10;https://www.congstar.de/geraete/xiaomi/xiaomi-17t/;xiaomi-17t-256gb-violet;;
Bündel;Xiaomi 17T;256;congstar;discount;Allnet Flat XS;XS;neu;1,00;15,00;21,00;;24;15,00;24;880,00;;2026-10-10;https://www.congstar.de/geraete/xiaomi/xiaomi-17t/?planId=543&installmentPlanId=500;xiaomi-17t-256gb-violet;;
Bündel;Xiaomi 17T;256;congstar;discount;Allnet Flat XS Flex;XS;neu;1,00;15,00;28,50;;24;35,00;24;1080,00;;2026-10-10;https://www.congstar.de/geraete/xiaomi/xiaomi-17t/;xiaomi-17t-256gb-violet;;
Bündel;Xiaomi 17T Pro;512;congstar;discount;Allnet Flat L;L;neu;1,00;30,00;23,25;;24;15,00;24;1294,00;;2026-10-10;https://www.congstar.de/geraete/xiaomi/xiaomi-17t-pro/?paymentVariantBenefits=&planId=545&installmentPlanId=500;xiaomi-17t-pro-512gb-deep-blue;;
Bündel;Xiaomi 17T Pro;512;congstar;discount;Allnet Flat L Flex;L;neu;1,00;30,00;36,00;;24;35,00;24;1620,00;;2026-10-10;https://www.congstar.de/geraete/xiaomi/xiaomi-17t-pro/;xiaomi-17t-pro-512gb-deep-blue;;
Bündel;Xiaomi 17T Pro;512;congstar;discount;Allnet Flat M;L;neu;1,00;25,00;26,25;;24;15,00;24;1246,00;;2026-10-10;https://www.congstar.de/geraete/xiaomi/xiaomi-17t-pro/?paymentVariantBenefits=&planId=540&installmentPlanId=500;xiaomi-17t-pro-512gb-deep-blue;;
Bündel;Xiaomi 17T Pro;512;congstar;discount;Allnet Flat M Flex;L;neu;1,00;25,00;36,00;;24;35,00;24;1500,00;;2026-10-10;https://www.congstar.de/geraete/xiaomi/xiaomi-17t-pro/;xiaomi-17t-pro-512gb-deep-blue;;
Bündel;Xiaomi 17T Pro;512;congstar;discount;Allnet Flat S;M;neu;1,00;20,00;29,25;;24;15,00;24;1198,00;;2026-10-10;https://www.congstar.de/geraete/xiaomi/xiaomi-17t-pro/?paymentVariantBenefits=&planId=560&installmentPlanId=500;xiaomi-17t-pro-512gb-deep-blue;;
Bündel;Xiaomi 17T Pro;512;congstar;discount;Allnet Flat S Flex;M;neu;1,00;20,00;36,00;;24;35,00;24;1380,00;;2026-10-10;https://www.congstar.de/geraete/xiaomi/xiaomi-17t-pro/;xiaomi-17t-pro-512gb-deep-blue;;
Bündel;Xiaomi 17T Pro;512;congstar;discount;Allnet Flat XS;XS;neu;1,00;15,00;32,25;;24;15,00;24;1150,00;;2026-10-10;https://www.congstar.de/geraete/xiaomi/xiaomi-17t-pro/?paymentVariantBenefits=&planId=543&installmentPlanId=500;xiaomi-17t-pro-512gb-deep-blue;;
Bündel;Xiaomi 17T Pro;512;congstar;discount;Allnet Flat XS Flex;XS;neu;1,00;15,00;36,00;;24;35,00;24;1260,00;;2026-10-10;https://www.congstar.de/geraete/xiaomi/xiaomi-17t-pro/;xiaomi-17t-pro-512gb-deep-blue;;
Bündel;Redmi 17;128;congstar;discount;Allnet Flat L;L;neu;1,00;30,00;3,00;;24;15,00;24;808,00;;2026-10-10;https://www.congstar.de/geraete/xiaomi/xiaomi-redmi-17-5g/?planId=545&installmentPlanId=500;xiaomi-redmi-17-128gb-deep-blue;;
Bündel;Redmi 17;128;congstar;discount;Allnet Flat L Flex;L;neu;1,00;30,00;10,50;;24;35,00;24;1008,00;;2026-10-10;https://www.congstar.de/geraete/xiaomi/xiaomi-redmi-17-5g/;xiaomi-redmi-17-128gb-deep-blue;;
Bündel;Redmi 17;128;congstar;discount;Allnet Flat M;L;neu;1,00;25,00;4,50;;24;15,00;24;724,00;;2026-10-10;https://www.congstar.de/geraete/xiaomi/xiaomi-redmi-17-5g/?planId=540&installmentPlanId=500;xiaomi-redmi-17-128gb-deep-blue;;
Bündel;Redmi 17;128;congstar;discount;Allnet Flat M Flex;L;neu;1,00;25,00;10,50;;24;35,00;24;888,00;;2026-10-10;https://www.congstar.de/geraete/xiaomi/xiaomi-redmi-17-5g/;xiaomi-redmi-17-128gb-deep-blue;;
Bündel;Redmi 17;128;congstar;discount;Allnet Flat S;M;neu;1,00;20,00;6,00;;24;15,00;24;640,00;;2026-10-10;https://www.congstar.de/geraete/xiaomi/xiaomi-redmi-17-5g/?planId=560&installmentPlanId=500;xiaomi-redmi-17-128gb-deep-blue;;
Bündel;Redmi 17;128;congstar;discount;Allnet Flat S Flex;M;neu;1,00;20,00;10,50;;24;35,00;24;768,00;;2026-10-10;https://www.congstar.de/geraete/xiaomi/xiaomi-redmi-17-5g/;xiaomi-redmi-17-128gb-deep-blue;;
Bündel;Redmi 17;128;congstar;discount;Allnet Flat XS;XS;neu;1,00;15,00;7,50;;24;15,00;24;556,00;;2026-10-10;https://www.congstar.de/geraete/xiaomi/xiaomi-redmi-17-5g/?planId=543&installmentPlanId=500;xiaomi-redmi-17-128gb-deep-blue;;
Bündel;Redmi 17;128;congstar;discount;Allnet Flat XS Flex;XS;neu;1,00;15,00;10,50;;24;35,00;24;648,00;;2026-10-10;https://www.congstar.de/geraete/xiaomi/xiaomi-redmi-17-5g/;xiaomi-redmi-17-128gb-deep-blue;;
Bündel;Redmi Note 15 Pro Plus;256;congstar;discount;Allnet Flat L;L;neu;29,00;30,00;7,50;;24;15,00;24;944,00;;2026-10-10;https://www.congstar.de/geraete/xiaomi/xiaomi-redmi-note-15-pro-5g/;xiaomi-redmi-note-15-pro-plus-256gb-schwarz;;
Bündel;Redmi Note 15 Pro Plus;256;congstar;discount;Allnet Flat L Flex;L;neu;29,00;30,00;13,50;;24;35,00;24;1108,00;;2026-10-10;https://www.congstar.de/geraete/xiaomi/xiaomi-redmi-note-15-pro-5g/;xiaomi-redmi-note-15-pro-plus-256gb-schwarz;;
Bündel;Redmi Note 15 Pro Plus;256;congstar;discount;Allnet Flat M;L;neu;29,00;25,00;9,00;;24;15,00;24;860,00;;2026-10-10;https://www.congstar.de/geraete/xiaomi/xiaomi-redmi-note-15-pro-5g/;xiaomi-redmi-note-15-pro-plus-256gb-schwarz;;
Bündel;Redmi Note 15 Pro Plus;256;congstar;discount;Allnet Flat M Flex;L;neu;29,00;25,00;13,50;;24;35,00;24;988,00;;2026-10-10;https://www.congstar.de/geraete/xiaomi/xiaomi-redmi-note-15-pro-5g/;xiaomi-redmi-note-15-pro-plus-256gb-schwarz;;
Bündel;Redmi Note 15 Pro Plus;256;congstar;discount;Allnet Flat S;M;neu;29,00;20,00;10,50;;24;15,00;24;776,00;;2026-10-10;https://www.congstar.de/geraete/xiaomi/xiaomi-redmi-note-15-pro-5g/;xiaomi-redmi-note-15-pro-plus-256gb-schwarz;;
Bündel;Redmi Note 15 Pro Plus;256;congstar;discount;Allnet Flat S Flex;M;neu;29,00;20,00;13,50;;24;35,00;24;868,00;;2026-10-10;https://www.congstar.de/geraete/xiaomi/xiaomi-redmi-note-15-pro-5g/;xiaomi-redmi-note-15-pro-plus-256gb-schwarz;;
Bündel;Redmi Note 15 Pro Plus;256;congstar;discount;Allnet Flat XS;XS;neu;29,00;15,00;12,00;;24;15,00;24;692,00;;2026-10-10;https://www.congstar.de/geraete/xiaomi/xiaomi-redmi-note-15-pro-5g/;xiaomi-redmi-note-15-pro-plus-256gb-schwarz;;
Bündel;Redmi Note 15 Pro Plus;256;congstar;discount;Allnet Flat XS Flex;XS;neu;29,00;15,00;13,50;;24;35,00;24;748,00;;2026-10-10;https://www.congstar.de/geraete/xiaomi/xiaomi-redmi-note-15-pro-5g/;xiaomi-redmi-note-15-pro-plus-256gb-schwarz;;
Bündel;Redmi Note 17;128;congstar;discount;Allnet Flat L;L;neu;1,00;30,00;4,50;;24;15,00;24;844,00;;2026-10-10;https://www.congstar.de/geraete/xiaomi/xiaomi-redmi-note-17-5g/?planId=545&installmentPlanId=500;xiaomi-redmi-note-17-128gb-schwarz;;
Bündel;Redmi Note 17;128;congstar;discount;Allnet Flat L Flex;L;neu;1,00;30,00;14,25;;24;35,00;24;1098,00;;2026-10-10;https://www.congstar.de/geraete/xiaomi/xiaomi-redmi-note-17-5g/;xiaomi-redmi-note-17-128gb-schwarz;;
Bündel;Redmi Note 17;128;congstar;discount;Allnet Flat M;L;neu;1,00;25,00;6,00;;24;15,00;24;760,00;;2026-10-10;https://www.congstar.de/geraete/xiaomi/xiaomi-redmi-note-17-5g/?planId=540&installmentPlanId=500;xiaomi-redmi-note-17-128gb-schwarz;;
Bündel;Redmi Note 17;128;congstar;discount;Allnet Flat M Flex;L;neu;1,00;25,00;14,25;;24;35,00;24;978,00;;2026-10-10;https://www.congstar.de/geraete/xiaomi/xiaomi-redmi-note-17-5g/;xiaomi-redmi-note-17-128gb-schwarz;;
Bündel;Redmi Note 17;128;congstar;discount;Allnet Flat S;M;neu;1,00;20,00;7,50;;24;15,00;24;676,00;;2026-10-10;https://www.congstar.de/geraete/xiaomi/xiaomi-redmi-note-17-5g/?planId=560&installmentPlanId=500;xiaomi-redmi-note-17-128gb-schwarz;;
Bündel;Redmi Note 17;128;congstar;discount;Allnet Flat S Flex;M;neu;1,00;20,00;14,25;;24;35,00;24;858,00;;2026-10-10;https://www.congstar.de/geraete/xiaomi/xiaomi-redmi-note-17-5g/;xiaomi-redmi-note-17-128gb-schwarz;;
Bündel;Redmi Note 17;128;congstar;discount;Allnet Flat XS;XS;neu;1,00;15,00;10,50;;24;15,00;24;628,00;;2026-10-10;https://www.congstar.de/geraete/xiaomi/xiaomi-redmi-note-17-5g/?planId=543&installmentPlanId=500;xiaomi-redmi-note-17-128gb-schwarz;;
Bündel;Redmi Note 17;128;congstar;discount;Allnet Flat XS Flex;XS;neu;1,00;15,00;14,25;;24;35,00;24;738,00;;2026-10-10;https://www.congstar.de/geraete/xiaomi/xiaomi-redmi-note-17-5g/;xiaomi-redmi-note-17-128gb-schwarz;;
Bündel;Redmi Note 17 Pro;256;congstar;discount;Allnet Flat L;L;neu;9,00;30,00;9,00;;24;15,00;24;960,00;;2026-10-10;https://www.congstar.de/geraete/xiaomi/xiaomi-redmi-note-17-pro-5g/?planId=545&installmentPlanId=500;xiaomi-redmi-note-17-pro-256gb-sky-blue;;
Bündel;Redmi Note 17 Pro;256;congstar;discount;Allnet Flat L Flex;L;neu;9,00;30,00;19,50;;24;35,00;24;1232,00;;2026-10-10;https://www.congstar.de/geraete/xiaomi/xiaomi-redmi-note-17-pro-5g/;xiaomi-redmi-note-17-pro-256gb-sky-blue;;
Bündel;Redmi Note 17 Pro;256;congstar;discount;Allnet Flat M;L;neu;9,00;25,00;9,00;;24;15,00;24;840,00;;2026-10-10;https://www.congstar.de/geraete/xiaomi/xiaomi-redmi-note-17-pro-5g/?planId=540&installmentPlanId=500;xiaomi-redmi-note-17-pro-256gb-sky-blue;;
Bündel;Redmi Note 17 Pro;256;congstar;discount;Allnet Flat M Flex;L;neu;9,00;25,00;19,50;;24;35,00;24;1112,00;;2026-10-10;https://www.congstar.de/geraete/xiaomi/xiaomi-redmi-note-17-pro-5g/;xiaomi-redmi-note-17-pro-256gb-sky-blue;;
Bündel;Redmi Note 17 Pro;256;congstar;discount;Allnet Flat S;M;neu;9,00;20,00;12,00;;24;15,00;24;792,00;;2026-10-10;https://www.congstar.de/geraete/xiaomi/xiaomi-redmi-note-17-pro-5g/?planId=560&installmentPlanId=500;xiaomi-redmi-note-17-pro-256gb-sky-blue;;
Bündel;Redmi Note 17 Pro;256;congstar;discount;Allnet Flat S Flex;M;neu;9,00;20,00;19,50;;24;35,00;24;992,00;;2026-10-10;https://www.congstar.de/geraete/xiaomi/xiaomi-redmi-note-17-pro-5g/;xiaomi-redmi-note-17-pro-256gb-sky-blue;;
Bündel;Redmi Note 17 Pro;256;congstar;discount;Allnet Flat XS;XS;neu;9,00;15,00;13,50;;24;15,00;24;708,00;;2026-10-10;https://www.congstar.de/geraete/xiaomi/xiaomi-redmi-note-17-pro-5g/?planId=543&installmentPlanId=500;xiaomi-redmi-note-17-pro-256gb-sky-blue;;
Bündel;Redmi Note 17 Pro;256;congstar;discount;Allnet Flat XS Flex;XS;neu;9,00;15,00;19,50;;24;35,00;24;872,00;;2026-10-10;https://www.congstar.de/geraete/xiaomi/xiaomi-redmi-note-17-pro-5g/;xiaomi-redmi-note-17-pro-256gb-sky-blue;;
Bündel;Redmi Note 17 Pro Max;256;congstar;discount;Allnet Flat L;L;neu;19,00;30,00;13,50;;24;15,00;24;1078,00;;2026-10-10;https://www.congstar.de/geraete/xiaomi/xiaomi-redmi-note-17-pro-max-5g/?planId=545&installmentPlanId=500;xiaomi-redmi-note-17-pro-max-256gb-schwarz;;
Bündel;Redmi Note 17 Pro Max;256;congstar;discount;Allnet Flat L Flex;L;neu;19,00;30,00;24,00;;24;35,00;24;1350,00;;2026-10-10;https://www.congstar.de/geraete/xiaomi/xiaomi-redmi-note-17-pro-max-5g/;xiaomi-redmi-note-17-pro-max-256gb-schwarz;;
Bündel;Redmi Note 17 Pro Max;256;congstar;discount;Allnet Flat M;L;neu;19,00;25,00;13,50;;24;15,00;24;958,00;;2026-10-10;https://www.congstar.de/geraete/xiaomi/xiaomi-redmi-note-17-pro-max-5g/?planId=540&installmentPlanId=500;xiaomi-redmi-note-17-pro-max-256gb-schwarz;;
Bündel;Redmi Note 17 Pro Max;256;congstar;discount;Allnet Flat M Flex;L;neu;19,00;25,00;24,00;;24;35,00;24;1230,00;;2026-10-10;https://www.congstar.de/geraete/xiaomi/xiaomi-redmi-note-17-pro-max-5g/;xiaomi-redmi-note-17-pro-max-256gb-schwarz;;
Bündel;Redmi Note 17 Pro Max;256;congstar;discount;Allnet Flat S;M;neu;19,00;20,00;15,00;;24;15,00;24;874,00;;2026-10-10;https://www.congstar.de/geraete/xiaomi/xiaomi-redmi-note-17-pro-max-5g/?planId=560&installmentPlanId=500;xiaomi-redmi-note-17-pro-max-256gb-schwarz;;
Bündel;Redmi Note 17 Pro Max;256;congstar;discount;Allnet Flat S Flex;M;neu;19,00;20,00;24,00;;24;35,00;24;1110,00;;2026-10-10;https://www.congstar.de/geraete/xiaomi/xiaomi-redmi-note-17-pro-max-5g/;xiaomi-redmi-note-17-pro-max-256gb-schwarz;;
Bündel;Redmi Note 17 Pro Max;256;congstar;discount;Allnet Flat XS;XS;neu;19,00;15,00;18,00;;24;15,00;24;826,00;;2026-10-10;https://www.congstar.de/geraete/xiaomi/xiaomi-redmi-note-17-pro-max-5g/?planId=543&installmentPlanId=500;xiaomi-redmi-note-17-pro-max-256gb-schwarz;;
Bündel;Redmi Note 17 Pro Max;256;congstar;discount;Allnet Flat XS Flex;XS;neu;19,00;15,00;24,00;;24;35,00;24;990,00;;2026-10-10;https://www.congstar.de/geraete/xiaomi/xiaomi-redmi-note-17-pro-max-5g/;xiaomi-redmi-note-17-pro-max-256gb-schwarz;;
Bündel;AirPods 5;;o2;netzbetreiber;O2 Mobile L mit 150 GB+ (24 Mon.);L;neu;1,00;24,99;6,50;;24;0,00;24;756,76;;2026-10-10;https://www.o2online.de/e-shop/apple/apple-airpods-5-weiss-details?ohne-tarif=nein&zielgruppe=privatkunden&ratenzahlung=36&vertragsart=ratenzahlung&tarif=o2-mobile-on-demand-m;apple-airpods-5-ohne-speicher-ohne-farbe;nicht direkt genannt;
Bündel;AirPods 5;;o2;netzbetreiber;O2 Mobile on Demand M mit 50 GB+ (24 Mon.);M;neu;1,00;19,99;6,50;;24;39,99;24;676,75;;2026-10-10;https://www.o2online.de/e-shop/apple/apple-airpods-5-weiss-details?ohne-tarif=nein&zielgruppe=privatkunden&ratenzahlung=36&vertragsart=ratenzahlung&tarif=o2-mobile-on-demand-m;apple-airpods-5-ohne-speicher-ohne-farbe;;
Bündel;AirPods 5;;o2;netzbetreiber;O2 Mobile S mit 15 GB+ (24 Mon.);XS;neu;1,00;14,99;6,50;;24;39,99;24;556,75;;2026-10-10;https://www.o2online.de/e-shop/apple/apple-airpods-5-weiss-details?ohne-tarif=nein&zielgruppe=privatkunden&ratenzahlung=36&vertragsart=ratenzahlung&tarif=o2-mobile-on-demand-m;apple-airpods-5-ohne-speicher-ohne-farbe;nicht direkt genannt;
Bündel;AirPods 5;;o2;netzbetreiber;O2 Mobile Special (24 Mon.);;neu;1,00;14,99;6,50;;24;0,00;24;516,76;;2026-10-10;https://www.o2online.de/e-shop/apple/apple-airpods-5-weiss-details?ohne-tarif=nein&zielgruppe=privatkunden&ratenzahlung=36&vertragsart=ratenzahlung&tarif=o2-mobile-on-demand-m;apple-airpods-5-ohne-speicher-ohne-farbe;nicht direkt genannt;
Bündel;AirPods 5;;o2;netzbetreiber;O2 Mobile Unlimited L mit 300 MBit/s (24 Mon.);XL;neu;1,00;39,99;6,50;;24;0,00;24;1116,76;;2026-10-10;https://www.o2online.de/e-shop/apple/apple-airpods-5-weiss-details?ohne-tarif=nein&zielgruppe=privatkunden&ratenzahlung=36&vertragsart=ratenzahlung&tarif=o2-mobile-on-demand-m;apple-airpods-5-ohne-speicher-ohne-farbe;nicht direkt genannt;
Bündel;AirPods 5;;o2;netzbetreiber;O2 Mobile Unlimited M mit 100 MBit/s (24 Mon.);XL;neu;1,00;29,99;6,50;;24;0,00;24;876,76;;2026-10-10;https://www.o2online.de/e-shop/apple/apple-airpods-5-weiss-details?ohne-tarif=nein&zielgruppe=privatkunden&ratenzahlung=36&vertragsart=ratenzahlung&tarif=o2-mobile-on-demand-m;apple-airpods-5-ohne-speicher-ohne-farbe;nicht direkt genannt;
Bündel;AirPods 5;;o2;netzbetreiber;O2 Mobile Unlimited S Special mit 15 MBit/s (24 Mon.);XL;neu;1,00;24,99;6,50;;24;39,99;24;796,75;;2026-10-10;https://www.o2online.de/e-shop/apple/apple-airpods-5-weiss-details?ohne-tarif=nein&zielgruppe=privatkunden&ratenzahlung=36&vertragsart=ratenzahlung&tarif=o2-mobile-on-demand-m;apple-airpods-5-ohne-speicher-ohne-farbe;nicht direkt genannt;
Bündel;iPhone 14;128;o2;netzbetreiber;O2 Mobile L mit 150 GB+ (24 Mon.);L;neu;1,00;24,99;30,00;;24;0,00;24;1320,76;;2026-10-10;https://www.o2online.de/e-shop/apple/apple-iphone-14-128gb-mitternacht-details?ohne-tarif=nein&zielgruppe=privatkunden&ratenzahlung=36&vertragsart=ratenzahlung&tarif=o2-mobile-on-demand-m-plus;apple-iphone-14-128gb-schwarz;nicht direkt genannt;
Bündel;iPhone 14;128;o2;netzbetreiber;O2 Mobile L Plus mit 150 GB+ (24 Mon.);L;neu;1,00;19,99;30,00;;24;0,00;24;1200,76;;2026-10-10;https://www.o2online.de/e-shop/apple/apple-iphone-14-128gb-mitternacht-details?ohne-tarif=nein&zielgruppe=privatkunden&ratenzahlung=36&vertragsart=ratenzahlung&tarif=o2-mobile-on-demand-m-plus;apple-iphone-14-128gb-schwarz;;
Bündel;iPhone 14;128;o2;netzbetreiber;O2 Mobile on Demand M mit 50 GB+ (24 Mon.);M;neu;1,00;19,99;30,00;;24;39,99;24;1240,75;;2026-10-10;https://www.o2online.de/e-shop/apple/apple-iphone-14-128gb-mitternacht-details?ohne-tarif=nein&zielgruppe=privatkunden&ratenzahlung=36&vertragsart=ratenzahlung&tarif=o2-mobile-on-demand-m-plus;apple-iphone-14-128gb-schwarz;nicht direkt genannt;
Bündel;iPhone 14;128;o2;netzbetreiber;O2 Mobile on Demand M Plus mit 50 GB+ (24 Mon.);M;neu;1,00;14,99;30,00;;24;39,99;24;1120,75;;2026-10-10;https://www.o2online.de/e-shop/apple/apple-iphone-14-128gb-mitternacht-details?ohne-tarif=nein&zielgruppe=privatkunden&ratenzahlung=36&vertragsart=ratenzahlung&tarif=o2-mobile-on-demand-m-plus;apple-iphone-14-128gb-schwarz;;
Bündel;iPhone 14;128;o2;netzbetreiber;O2 Mobile S mit 15 GB+ (24 Mon.);XS;neu;1,00;19,99;30,00;;24;39,99;24;1240,75;;2026-10-10;https://www.o2online.de/e-shop/apple/apple-iphone-14-128gb-mitternacht-details?ohne-tarif=nein&zielgruppe=privatkunden&ratenzahlung=36&vertragsart=ratenzahlung&tarif=o2-mobile-on-demand-m-plus;apple-iphone-14-128gb-schwarz;nicht direkt genannt;
Bündel;iPhone 14;128;o2;netzbetreiber;O2 Mobile Special (24 Mon.);;neu;1,00;14,99;30,00;;24;0,00;24;1080,76;;2026-10-10;https://www.o2online.de/e-shop/apple/apple-iphone-14-128gb-mitternacht-details?ohne-tarif=nein&zielgruppe=privatkunden&ratenzahlung=36&vertragsart=ratenzahlung&tarif=o2-mobile-on-demand-m-plus;apple-iphone-14-128gb-schwarz;nicht direkt genannt;
Bündel;iPhone 14;128;o2;netzbetreiber;O2 Mobile Unlimited L mit 300 MBit/s (24 Mon.);XL;neu;1,00;39,99;30,00;;24;0,00;24;1680,76;;2026-10-10;https://www.o2online.de/e-shop/apple/apple-iphone-14-128gb-mitternacht-details?ohne-tarif=nein&zielgruppe=privatkunden&ratenzahlung=36&vertragsart=ratenzahlung&tarif=o2-mobile-on-demand-m-plus;apple-iphone-14-128gb-schwarz;nicht direkt genannt;
Bündel;iPhone 14;128;o2;netzbetreiber;O2 Mobile Unlimited L Plus mit 300 MBit/s (24 Mon.);;neu;1,00;34,99;30,00;;24;0,00;24;1560,76;;2026-10-10;https://www.o2online.de/e-shop/apple/apple-iphone-14-128gb-mitternacht-details?ohne-tarif=nein&zielgruppe=privatkunden&ratenzahlung=36&vertragsart=ratenzahlung&tarif=o2-mobile-on-demand-m-plus;apple-iphone-14-128gb-schwarz;;
Bündel;iPhone 14;128;o2;netzbetreiber;O2 Mobile Unlimited M mit 100 MBit/s (24 Mon.);XL;neu;1,00;29,99;30,00;;24;0,00;24;1440,76;;2026-10-10;https://www.o2online.de/e-shop/apple/apple-iphone-14-128gb-mitternacht-details?ohne-tarif=nein&zielgruppe=privatkunden&ratenzahlung=36&vertragsart=ratenzahlung&tarif=o2-mobile-on-demand-m-plus;apple-iphone-14-128gb-schwarz;nicht direkt genannt;
Bündel;iPhone 14;128;o2;netzbetreiber;O2 Mobile Unlimited M Plus mit 100 MBit/s (24 Mon.);XL;neu;1,00;24,99;30,00;;24;0,00;24;1320,76;;2026-10-10;https://www.o2online.de/e-shop/apple/apple-iphone-14-128gb-mitternacht-details?ohne-tarif=nein&zielgruppe=privatkunden&ratenzahlung=36&vertragsart=ratenzahlung&tarif=o2-mobile-on-demand-m-plus;apple-iphone-14-128gb-schwarz;;
Bündel;iPhone 14;128;o2;netzbetreiber;O2 Mobile Unlimited S Special mit 15 MBit/s (24 Mon.);XL;neu;1,00;24,99;30,00;;24;39,99;24;1360,75;;2026-10-10;https://www.o2online.de/e-shop/apple/apple-iphone-14-128gb-mitternacht-details?ohne-tarif=nein&zielgruppe=privatkunden&ratenzahlung=36&vertragsart=ratenzahlung&tarif=o2-mobile-on-demand-m-plus;apple-iphone-14-128gb-schwarz;nicht direkt genannt;
Bündel;iPhone 14;128;o2;netzbetreiber;O2 Mobile Unlimited S Special Plus mit 15 MBit/s (24 Mon.);XL;neu;1,00;19,99;30,00;;24;39,99;24;1240,75;;2026-10-10;https://www.o2online.de/e-shop/apple/apple-iphone-14-128gb-mitternacht-details?ohne-tarif=nein&zielgruppe=privatkunden&ratenzahlung=36&vertragsart=ratenzahlung&tarif=o2-mobile-on-demand-m-plus;apple-iphone-14-128gb-schwarz;nicht direkt genannt;
Bündel;iPhone 14;128;o2;netzbetreiber;O2 Mobile L mit 150 GB+ (24 Mon.);L;refurbished;1,00;24,99;18,50;;24;0,00;24;1044,76;;2026-10-10;https://www.o2online.de/e-shop/apple/apple-iphone-14-128gb-mitternacht-erneuert-details?ohne-tarif=nein&zielgruppe=privatkunden&ratenzahlung=36&vertragsart=ratenzahlung&tarif=o2-mobile-on-demand-m-plus;apple-iphone-14-128gb-schwarz-refurbished;nicht direkt genannt;
Bündel;iPhone 14;128;o2;netzbetreiber;O2 Mobile L Plus mit 150 GB+ (24 Mon.);L;refurbished;1,00;19,99;18,50;;24;0,00;24;924,76;;2026-10-10;https://www.o2online.de/e-shop/apple/apple-iphone-14-128gb-mitternacht-erneuert-details?ohne-tarif=nein&zielgruppe=privatkunden&ratenzahlung=36&vertragsart=ratenzahlung&tarif=o2-mobile-on-demand-m-plus;apple-iphone-14-128gb-schwarz-refurbished;nicht direkt genannt;
Bündel;iPhone 14;128;o2;netzbetreiber;O2 Mobile on Demand M mit 50 GB+ (24 Mon.);M;refurbished;1,00;19,99;18,50;;24;39,99;24;964,75;;2026-10-10;https://www.o2online.de/e-shop/apple/apple-iphone-14-128gb-mitternacht-erneuert-details?ohne-tarif=nein&zielgruppe=privatkunden&ratenzahlung=36&vertragsart=ratenzahlung&tarif=o2-mobile-on-demand-m-plus;apple-iphone-14-128gb-schwarz-refurbished;nicht direkt genannt;
Bündel;iPhone 14;128;o2;netzbetreiber;O2 Mobile on Demand M Plus mit 50 GB+ (24 Mon.);M;refurbished;1,00;14,99;18,50;;24;39,99;24;844,75;;2026-10-10;https://www.o2online.de/e-shop/apple/apple-iphone-14-128gb-mitternacht-erneuert-details?ohne-tarif=nein&zielgruppe=privatkunden&ratenzahlung=36&vertragsart=ratenzahlung&tarif=o2-mobile-on-demand-m-plus;apple-iphone-14-128gb-schwarz-refurbished;;
Bündel;iPhone 14;128;o2;netzbetreiber;O2 Mobile S mit 15 GB+ (24 Mon.);XS;refurbished;1,00;14,99;18,50;;24;39,99;24;844,75;;2026-10-10;https://www.o2online.de/e-shop/apple/apple-iphone-14-128gb-mitternacht-erneuert-details?ohne-tarif=nein&zielgruppe=privatkunden&ratenzahlung=36&vertragsart=ratenzahlung&tarif=o2-mobile-on-demand-m-plus;apple-iphone-14-128gb-schwarz-refurbished;nicht direkt genannt;
Bündel;iPhone 14;128;o2;netzbetreiber;O2 Mobile Special (24 Mon.);;refurbished;1,00;14,99;18,50;;24;0,00;24;804,76;;2026-10-10;https://www.o2online.de/e-shop/apple/apple-iphone-14-128gb-mitternacht-erneuert-details?ohne-tarif=nein&zielgruppe=privatkunden&ratenzahlung=36&vertragsart=ratenzahlung&tarif=o2-mobile-on-demand-m-plus;apple-iphone-14-128gb-schwarz-refurbished;nicht direkt genannt;
Bündel;iPhone 14;128;o2;netzbetreiber;O2 Mobile Unlimited L mit 300 MBit/s (24 Mon.);XL;refurbished;1,00;39,99;18,50;;24;0,00;24;1404,76;;2026-10-10;https://www.o2online.de/e-shop/apple/apple-iphone-14-128gb-mitternacht-erneuert-details?ohne-tarif=nein&zielgruppe=privatkunden&ratenzahlung=36&vertragsart=ratenzahlung&tarif=o2-mobile-on-demand-m-plus;apple-iphone-14-128gb-schwarz-refurbished;nicht direkt genannt;
Bündel;iPhone 14;128;o2;netzbetreiber;O2 Mobile Unlimited L Plus mit 300 MBit/s (24 Mon.);;refurbished;1,00;29,99;18,50;;24;0,00;24;1164,76;;2026-10-10;https://www.o2online.de/e-shop/apple/apple-iphone-14-128gb-mitternacht-erneuert-details?ohne-tarif=nein&zielgruppe=privatkunden&ratenzahlung=36&vertragsart=ratenzahlung&tarif=o2-mobile-on-demand-m-plus;apple-iphone-14-128gb-schwarz-refurbished;nicht direkt genannt;
Bündel;iPhone 14;128;o2;netzbetreiber;O2 Mobile Unlimited M mit 100 MBit/s (24 Mon.);XL;refurbished;1,00;29,99;18,50;;24;0,00;24;1164,76;;2026-10-10;https://www.o2online.de/e-shop/apple/apple-iphone-14-128gb-mitternacht-erneuert-details?ohne-tarif=nein&zielgruppe=privatkunden&ratenzahlung=36&vertragsart=ratenzahlung&tarif=o2-mobile-on-demand-m-plus;apple-iphone-14-128gb-schwarz-refurbished;nicht direkt genannt;
Bündel;iPhone 14;128;o2;netzbetreiber;O2 Mobile Unlimited M Plus mit 100 MBit/s (24 Mon.);XL;refurbished;1,00;19,99;18,50;;24;0,00;24;924,76;;2026-10-10;https://www.o2online.de/e-shop/apple/apple-iphone-14-128gb-mitternacht-erneuert-details?ohne-tarif=nein&zielgruppe=privatkunden&ratenzahlung=36&vertragsart=ratenzahlung&tarif=o2-mobile-on-demand-m-plus;apple-iphone-14-128gb-schwarz-refurbished;nicht direkt genannt;
Bündel;iPhone 14;128;o2;netzbetreiber;O2 Mobile Unlimited S Special mit 15 MBit/s (24 Mon.);XL;refurbished;1,00;24,99;18,50;;24;39,99;24;1084,75;;2026-10-10;https://www.o2online.de/e-shop/apple/apple-iphone-14-128gb-mitternacht-erneuert-details?ohne-tarif=nein&zielgruppe=privatkunden&ratenzahlung=36&vertragsart=ratenzahlung&tarif=o2-mobile-on-demand-m-plus;apple-iphone-14-128gb-schwarz-refurbished;nicht direkt genannt;
Bündel;iPhone 14;128;o2;netzbetreiber;O2 Mobile Unlimited S Special Plus mit 15 MBit/s (24 Mon.);XL;refurbished;1,00;19,99;18,50;;24;39,99;24;964,75;;2026-10-10;https://www.o2online.de/e-shop/apple/apple-iphone-14-128gb-mitternacht-erneuert-details?ohne-tarif=nein&zielgruppe=privatkunden&ratenzahlung=36&vertragsart=ratenzahlung&tarif=o2-mobile-on-demand-m-plus;apple-iphone-14-128gb-schwarz-refurbished;nicht direkt genannt;
Bündel;iPhone 14 Pro;128;o2;netzbetreiber;O2 Mobile L mit 150 GB+ (24 Mon.);L;neu;1,00;24,99;51,00;;24;0,00;24;1824,76;;2026-10-10;https://www.o2online.de/e-shop/apple/apple-iphone-14-pro-128gb-dunkellila-details?ohne-tarif=nein&zielgruppe=privatkunden&ratenzahlung=36&vertragsart=ratenzahlung&tarif=o2-mobile-on-demand-m-plus;apple-iphone-14-pro-128gb-dunkellila;nicht direkt genannt;
Bündel;iPhone 14 Pro;128;o2;netzbetreiber;O2 Mobile L Plus mit 150 GB+ (24 Mon.);L;neu;1,00;19,99;51,00;;24;0,00;24;1704,76;;2026-10-10;https://www.o2online.de/e-shop/apple/apple-iphone-14-pro-128gb-dunkellila-details?ohne-tarif=nein&zielgruppe=privatkunden&ratenzahlung=36&vertragsart=ratenzahlung&tarif=o2-mobile-on-demand-m-plus;apple-iphone-14-pro-128gb-dunkellila;;
Bündel;iPhone 14 Pro;128;o2;netzbetreiber;O2 Mobile on Demand M mit 50 GB+ (24 Mon.);M;neu;1,00;19,99;51,00;;24;39,99;24;1744,75;;2026-10-10;https://www.o2online.de/e-shop/apple/apple-iphone-14-pro-128gb-dunkellila-details?ohne-tarif=nein&zielgruppe=privatkunden&ratenzahlung=36&vertragsart=ratenzahlung&tarif=o2-mobile-on-demand-m-plus;apple-iphone-14-pro-128gb-dunkellila;nicht direkt genannt;
Bündel;iPhone 14 Pro;128;o2;netzbetreiber;O2 Mobile on Demand M Plus mit 50 GB+ (24 Mon.);M;neu;1,00;14,99;51,00;;24;39,99;24;1624,75;;2026-10-10;https://www.o2online.de/e-shop/apple/apple-iphone-14-pro-128gb-dunkellila-details?ohne-tarif=nein&zielgruppe=privatkunden&ratenzahlung=36&vertragsart=ratenzahlung&tarif=o2-mobile-on-demand-m-plus;apple-iphone-14-pro-128gb-dunkellila;;
Bündel;iPhone 14 Pro;128;o2;netzbetreiber;O2 Mobile S mit 15 GB+ (24 Mon.);XS;neu;1,00;19,99;51,00;;24;39,99;24;1744,75;;2026-10-10;https://www.o2online.de/e-shop/apple/apple-iphone-14-pro-128gb-dunkellila-details?ohne-tarif=nein&zielgruppe=privatkunden&ratenzahlung=36&vertragsart=ratenzahlung&tarif=o2-mobile-on-demand-m-plus;apple-iphone-14-pro-128gb-dunkellila;nicht direkt genannt;
Bündel;iPhone 14 Pro;128;o2;netzbetreiber;O2 Mobile Special (24 Mon.);;neu;1,00;14,99;51,00;;24;0,00;24;1584,76;;2026-10-10;https://www.o2online.de/e-shop/apple/apple-iphone-14-pro-128gb-dunkellila-details?ohne-tarif=nein&zielgruppe=privatkunden&ratenzahlung=36&vertragsart=ratenzahlung&tarif=o2-mobile-on-demand-m-plus;apple-iphone-14-pro-128gb-dunkellila;nicht direkt genannt;
Bündel;iPhone 14 Pro;128;o2;netzbetreiber;O2 Mobile Unlimited L mit 300 MBit/s (24 Mon.);XL;neu;1,00;39,99;51,00;;24;0,00;24;2184,76;;2026-10-10;https://www.o2online.de/e-shop/apple/apple-iphone-14-pro-128gb-dunkellila-details?ohne-tarif=nein&zielgruppe=privatkunden&ratenzahlung=36&vertragsart=ratenzahlung&tarif=o2-mobile-on-demand-m-plus;apple-iphone-14-pro-128gb-dunkellila;nicht direkt genannt;
Bündel;iPhone 14 Pro;128;o2;netzbetreiber;O2 Mobile Unlimited L Plus mit 300 MBit/s (24 Mon.);;neu;1,00;34,99;51,00;;24;0,00;24;2064,76;;2026-10-10;https://www.o2online.de/e-shop/apple/apple-iphone-14-pro-128gb-dunkellila-details?ohne-tarif=nein&zielgruppe=privatkunden&ratenzahlung=36&vertragsart=ratenzahlung&tarif=o2-mobile-on-demand-m-plus;apple-iphone-14-pro-128gb-dunkellila;;
Bündel;iPhone 14 Pro;128;o2;netzbetreiber;O2 Mobile Unlimited M mit 100 MBit/s (24 Mon.);XL;neu;1,00;29,99;51,00;;24;0,00;24;1944,76;;2026-10-10;https://www.o2online.de/e-shop/apple/apple-iphone-14-pro-128gb-dunkellila-details?ohne-tarif=nein&zielgruppe=privatkunden&ratenzahlung=36&vertragsart=ratenzahlung&tarif=o2-mobile-on-demand-m-plus;apple-iphone-14-pro-128gb-dunkellila;nicht direkt genannt;
Bündel;iPhone 14 Pro;128;o2;netzbetreiber;O2 Mobile Unlimited M Plus mit 100 MBit/s (24 Mon.);XL;neu;1,00;24,99;51,00;;24;0,00;24;1824,76;;2026-10-10;https://www.o2online.de/e-shop/apple/apple-iphone-14-pro-128gb-dunkellila-details?ohne-tarif=nein&zielgruppe=privatkunden&ratenzahlung=36&vertragsart=ratenzahlung&tarif=o2-mobile-on-demand-m-plus;apple-iphone-14-pro-128gb-dunkellila;;
Bündel;iPhone 14 Pro;128;o2;netzbetreiber;O2 Mobile Unlimited S Special mit 15 MBit/s (24 Mon.);XL;neu;1,00;24,99;51,00;;24;39,99;24;1864,75;;2026-10-10;https://www.o2online.de/e-shop/apple/apple-iphone-14-pro-128gb-dunkellila-details?ohne-tarif=nein&zielgruppe=privatkunden&ratenzahlung=36&vertragsart=ratenzahlung&tarif=o2-mobile-on-demand-m-plus;apple-iphone-14-pro-128gb-dunkellila;nicht direkt genannt;
Bündel;iPhone 14 Pro;128;o2;netzbetreiber;O2 Mobile Unlimited S Special Plus mit 15 MBit/s (24 Mon.);XL;neu;1,00;19,99;51,00;;24;39,99;24;1744,75;;2026-10-10;https://www.o2online.de/e-shop/apple/apple-iphone-14-pro-128gb-dunkellila-details?ohne-tarif=nein&zielgruppe=privatkunden&ratenzahlung=36&vertragsart=ratenzahlung&tarif=o2-mobile-on-demand-m-plus;apple-iphone-14-pro-128gb-dunkellila;nicht direkt genannt;
Bündel;iPhone 14 Pro Max;512;o2;netzbetreiber;O2 Mobile L mit 150 GB+ (24 Mon.);L;neu;1,00;24,99;73,50;;24;0,00;24;2364,76;;2026-10-10;https://www.o2online.de/e-shop/apple/apple-iphone-14-pro-max-512gb-gold-details?ohne-tarif=nein&zielgruppe=privatkunden&ratenzahlung=36&vertragsart=ratenzahlung&tarif=o2-mobile-on-demand-m-plus;apple-iphone-14-pro-max-512gb-gold;nicht direkt genannt;
Bündel;iPhone 14 Pro Max;512;o2;netzbetreiber;O2 Mobile L Plus mit 150 GB+ (24 Mon.);L;neu;1,00;19,99;73,50;;24;0,00;24;2244,76;;2026-10-10;https://www.o2online.de/e-shop/apple/apple-iphone-14-pro-max-512gb-gold-details?ohne-tarif=nein&zielgruppe=privatkunden&ratenzahlung=36&vertragsart=ratenzahlung&tarif=o2-mobile-on-demand-m-plus;apple-iphone-14-pro-max-512gb-gold;;
Bündel;iPhone 14 Pro Max;512;o2;netzbetreiber;O2 Mobile on Demand M mit 50 GB+ (24 Mon.);M;neu;1,00;19,99;73,50;;24;39,99;24;2284,75;;2026-10-10;https://www.o2online.de/e-shop/apple/apple-iphone-14-pro-max-512gb-gold-details?ohne-tarif=nein&zielgruppe=privatkunden&ratenzahlung=36&vertragsart=ratenzahlung&tarif=o2-mobile-on-demand-m-plus;apple-iphone-14-pro-max-512gb-gold;nicht direkt genannt;
Bündel;iPhone 14 Pro Max;512;o2;netzbetreiber;O2 Mobile on Demand M Plus mit 50 GB+ (24 Mon.);M;neu;1,00;14,99;73,50;;24;39,99;24;2164,75;;2026-10-10;https://www.o2online.de/e-shop/apple/apple-iphone-14-pro-max-512gb-gold-details?ohne-tarif=nein&zielgruppe=privatkunden&ratenzahlung=36&vertragsart=ratenzahlung&tarif=o2-mobile-on-demand-m-plus;apple-iphone-14-pro-max-512gb-gold;;
Bündel;iPhone 14 Pro Max;512;o2;netzbetreiber;O2 Mobile S mit 15 GB+ (24 Mon.);XS;neu;1,00;19,99;73,50;;24;39,99;24;2284,75;;2026-10-10;https://www.o2online.de/e-shop/apple/apple-iphone-14-pro-max-512gb-gold-details?ohne-tarif=nein&zielgruppe=privatkunden&ratenzahlung=36&vertragsart=ratenzahlung&tarif=o2-mobile-on-demand-m-plus;apple-iphone-14-pro-max-512gb-gold;nicht direkt genannt;
Bündel;iPhone 14 Pro Max;512;o2;netzbetreiber;O2 Mobile Special (24 Mon.);;neu;1,00;14,99;73,50;;24;0,00;24;2124,76;;2026-10-10;https://www.o2online.de/e-shop/apple/apple-iphone-14-pro-max-512gb-gold-details?ohne-tarif=nein&zielgruppe=privatkunden&ratenzahlung=36&vertragsart=ratenzahlung&tarif=o2-mobile-on-demand-m-plus;apple-iphone-14-pro-max-512gb-gold;nicht direkt genannt;
Bündel;iPhone 14 Pro Max;512;o2;netzbetreiber;O2 Mobile Unlimited L mit 300 MBit/s (24 Mon.);XL;neu;1,00;39,99;73,50;;24;0,00;24;2724,76;;2026-10-10;https://www.o2online.de/e-shop/apple/apple-iphone-14-pro-max-512gb-gold-details?ohne-tarif=nein&zielgruppe=privatkunden&ratenzahlung=36&vertragsart=ratenzahlung&tarif=o2-mobile-on-demand-m-plus;apple-iphone-14-pro-max-512gb-gold;nicht direkt genannt;
Bündel;iPhone 14 Pro Max;512;o2;netzbetreiber;O2 Mobile Unlimited L Plus mit 300 MBit/s (24 Mon.);;neu;1,00;34,99;73,50;;24;0,00;24;2604,76;;2026-10-10;https://www.o2online.de/e-shop/apple/apple-iphone-14-pro-max-512gb-gold-details?ohne-tarif=nein&zielgruppe=privatkunden&ratenzahlung=36&vertragsart=ratenzahlung&tarif=o2-mobile-on-demand-m-plus;apple-iphone-14-pro-max-512gb-gold;;
Bündel;iPhone 14 Pro Max;512;o2;netzbetreiber;O2 Mobile Unlimited M mit 100 MBit/s (24 Mon.);XL;neu;1,00;29,99;73,50;;24;0,00;24;2484,76;;2026-10-10;https://www.o2online.de/e-shop/apple/apple-iphone-14-pro-max-512gb-gold-details?ohne-tarif=nein&zielgruppe=privatkunden&ratenzahlung=36&vertragsart=ratenzahlung&tarif=o2-mobile-on-demand-m-plus;apple-iphone-14-pro-max-512gb-gold;nicht direkt genannt;
Bündel;iPhone 14 Pro Max;512;o2;netzbetreiber;O2 Mobile Unlimited M Plus mit 100 MBit/s (24 Mon.);XL;neu;1,00;24,99;73,50;;24;0,00;24;2364,76;;2026-10-10;https://www.o2online.de/e-shop/apple/apple-iphone-14-pro-max-512gb-gold-details?ohne-tarif=nein&zielgruppe=privatkunden&ratenzahlung=36&vertragsart=ratenzahlung&tarif=o2-mobile-on-demand-m-plus;apple-iphone-14-pro-max-512gb-gold;;
Bündel;iPhone 14 Pro Max;512;o2;netzbetreiber;O2 Mobile Unlimited S Special mit 15 MBit/s (24 Mon.);XL;neu;1,00;24,99;73,50;;24;39,99;24;2404,75;;2026-10-10;https://www.o2online.de/e-shop/apple/apple-iphone-14-pro-max-512gb-gold-details?ohne-tarif=nein&zielgruppe=privatkunden&ratenzahlung=36&vertragsart=ratenzahlung&tarif=o2-mobile-on-demand-m-plus;apple-iphone-14-pro-max-512gb-gold;nicht direkt genannt;
Bündel;iPhone 14 Pro Max;512;o2;netzbetreiber;O2 Mobile Unlimited S Special Plus mit 15 MBit/s (24 Mon.);XL;neu;1,00;19,99;73,50;;24;39,99;24;2284,75;;2026-10-10;https://www.o2online.de/e-shop/apple/apple-iphone-14-pro-max-512gb-gold-details?ohne-tarif=nein&zielgruppe=privatkunden&ratenzahlung=36&vertragsart=ratenzahlung&tarif=o2-mobile-on-demand-m-plus;apple-iphone-14-pro-max-512gb-gold;nicht direkt genannt;
Bündel;iPhone 15;128;o2;netzbetreiber;O2 Mobile L mit 150 GB+ (24 Mon.);L;refurbished;1,00;24,99;25,50;;24;0,00;24;1212,76;;2026-10-07;https://www.o2online.de/e-shop/apple/apple-iphone-15-128gb-schwarz-erneuert-details?ohne-tarif=nein&zielgruppe=privatkunden&ratenzahlung=36&vertragsart=ratenzahlung&tarif=o2-mobile-on-demand-m-plus;apple-iphone-15-128gb-blau-refurbished;nicht direkt genannt;
Bündel;iPhone 15;128;o2;netzbetreiber;O2 Mobile L Plus mit 150 GB+ (24 Mon.);L;refurbished;1,00;19,99;25,50;;24;0,00;24;1092,76;;2026-10-07;https://www.o2online.de/e-shop/apple/apple-iphone-15-128gb-schwarz-erneuert-details?ohne-tarif=nein&zielgruppe=privatkunden&ratenzahlung=36&vertragsart=ratenzahlung&tarif=o2-mobile-on-demand-m-plus;apple-iphone-15-128gb-blau-refurbished;nicht direkt genannt;
Bündel;iPhone 15;128;o2;netzbetreiber;O2 Mobile on Demand M mit 50 GB+ (24 Mon.);M;refurbished;1,00;19,99;25,50;;24;39,99;24;1132,75;;2026-10-07;https://www.o2online.de/e-shop/apple/apple-iphone-15-128gb-schwarz-erneuert-details?ohne-tarif=nein&zielgruppe=privatkunden&ratenzahlung=36&vertragsart=ratenzahlung&tarif=o2-mobile-on-demand-m-plus;apple-iphone-15-128gb-blau-refurbished;nicht direkt genannt;
Bündel;iPhone 15;128;o2;netzbetreiber;O2 Mobile on Demand M Plus mit 50 GB+ (24 Mon.);M;refurbished;1,00;14,99;25,50;;24;39,99;24;1012,75;;2026-10-07;https://www.o2online.de/e-shop/apple/apple-iphone-15-128gb-schwarz-erneuert-details?ohne-tarif=nein&zielgruppe=privatkunden&ratenzahlung=36&vertragsart=ratenzahlung&tarif=o2-mobile-on-demand-m-plus;apple-iphone-15-128gb-blau-refurbished;;
Bündel;iPhone 15;128;o2;netzbetreiber;O2 Mobile S mit 15 GB+ (24 Mon.);XS;refurbished;1,00;14,99;25,50;;24;39,99;24;1012,75;;2026-10-07;https://www.o2online.de/e-shop/apple/apple-iphone-15-128gb-schwarz-erneuert-details?ohne-tarif=nein&zielgruppe=privatkunden&ratenzahlung=36&vertragsart=ratenzahlung&tarif=o2-mobile-on-demand-m-plus;apple-iphone-15-128gb-blau-refurbished;nicht direkt genannt;
Bündel;iPhone 15;128;o2;netzbetreiber;O2 Mobile Unlimited L mit 300 MBit/s (24 Mon.);XL;refurbished;1,00;39,99;25,50;;24;0,00;24;1572,76;;2026-10-07;https://www.o2online.de/e-shop/apple/apple-iphone-15-128gb-schwarz-erneuert-details?ohne-tarif=nein&zielgruppe=privatkunden&ratenzahlung=36&vertragsart=ratenzahlung&tarif=o2-mobile-on-demand-m-plus;apple-iphone-15-128gb-blau-refurbished;nicht direkt genannt;
Bündel;iPhone 15;128;o2;netzbetreiber;O2 Mobile Unlimited M mit 100 MBit/s (24 Mon.);XL;refurbished;1,00;29,99;25,50;;24;0,00;24;1332,76;;2026-10-07;https://www.o2online.de/e-shop/apple/apple-iphone-15-128gb-schwarz-erneuert-details?ohne-tarif=nein&zielgruppe=privatkunden&ratenzahlung=36&vertragsart=ratenzahlung&tarif=o2-mobile-on-demand-m-plus;apple-iphone-15-128gb-blau-refurbished;nicht direkt genannt;
Bündel;iPhone 15;128;o2;netzbetreiber;O2 Mobile Unlimited M Plus mit 100 MBit/s (24 Mon.);XL;refurbished;1,00;19,99;25,50;;24;0,00;24;1092,76;;2026-10-07;https://www.o2online.de/e-shop/apple/apple-iphone-15-128gb-schwarz-erneuert-details?ohne-tarif=nein&zielgruppe=privatkunden&ratenzahlung=36&vertragsart=ratenzahlung&tarif=o2-mobile-on-demand-m-plus;apple-iphone-15-128gb-blau-refurbished;nicht direkt genannt;
Bündel;iPhone 15;128;o2;netzbetreiber;O2 Mobile Unlimited S Special mit 15 MBit/s (24 Mon.);XL;refurbished;1,00;24,99;25,50;;24;39,99;24;1252,75;;2026-10-07;https://www.o2online.de/e-shop/apple/apple-iphone-15-128gb-schwarz-erneuert-details?ohne-tarif=nein&zielgruppe=privatkunden&ratenzahlung=36&vertragsart=ratenzahlung&tarif=o2-mobile-on-demand-m-plus;apple-iphone-15-128gb-blau-refurbished;nicht direkt genannt;
Bündel;iPhone 15;128;o2;netzbetreiber;O2 Mobile Unlimited S Special Plus mit 15 MBit/s (24 Mon.);XL;refurbished;1,00;19,99;25,50;;24;39,99;24;1132,75;;2026-10-07;https://www.o2online.de/e-shop/apple/apple-iphone-15-128gb-schwarz-erneuert-details?ohne-tarif=nein&zielgruppe=privatkunden&ratenzahlung=36&vertragsart=ratenzahlung&tarif=o2-mobile-on-demand-m-plus;apple-iphone-15-128gb-blau-refurbished;nicht direkt genannt;
Bündel;iPhone 15;128;o2;netzbetreiber;O2 Mobile L mit 150 GB+ (24 Mon.);L;neu;25,00;24,99;29,00;;24;0,00;24;1320,76;;2026-10-10;https://www.o2online.de/e-shop/apple/apple-iphone-15-128gb-schwarz-details?ohne-tarif=nein&zielgruppe=privatkunden&ratenzahlung=36&vertragsart=ratenzahlung&tarif=o2-mobile-on-demand-m-plus;apple-iphone-15-128gb-schwarz;nicht direkt genannt;
Bündel;iPhone 15;128;o2;netzbetreiber;O2 Mobile L Plus mit 150 GB+ (24 Mon.);L;neu;25,00;19,99;29,00;;24;0,00;24;1200,76;;2026-10-10;https://www.o2online.de/e-shop/apple/apple-iphone-15-128gb-schwarz-details?ohne-tarif=nein&zielgruppe=privatkunden&ratenzahlung=36&vertragsart=ratenzahlung&tarif=o2-mobile-on-demand-m-plus;apple-iphone-15-128gb-schwarz;;
Bündel;iPhone 15;128;o2;netzbetreiber;O2 Mobile on Demand M mit 50 GB+ (24 Mon.);M;neu;25,00;19,99;29,00;;24;39,99;24;1240,75;;2026-10-10;https://www.o2online.de/e-shop/apple/apple-iphone-15-128gb-schwarz-details?ohne-tarif=nein&zielgruppe=privatkunden&ratenzahlung=36&vertragsart=ratenzahlung&tarif=o2-mobile-on-demand-m-plus;apple-iphone-15-128gb-schwarz;nicht direkt genannt;
Bündel;iPhone 15;128;o2;netzbetreiber;O2 Mobile on Demand M Plus mit 50 GB+ (24 Mon.);M;neu;25,00;14,99;29,00;;24;39,99;24;1120,75;;2026-10-10;https://www.o2online.de/e-shop/apple/apple-iphone-15-128gb-schwarz-details?ohne-tarif=nein&zielgruppe=privatkunden&ratenzahlung=36&vertragsart=ratenzahlung&tarif=o2-mobile-on-demand-m-plus;apple-iphone-15-128gb-schwarz;;
Bündel;iPhone 15;128;o2;netzbetreiber;O2 Mobile S mit 15 GB+ (24 Mon.);XS;neu;25,00;14,99;29,00;;24;39,99;24;1120,75;;2026-10-10;https://www.o2online.de/e-shop/apple/apple-iphone-15-128gb-schwarz-details?ohne-tarif=nein&zielgruppe=privatkunden&ratenzahlung=36&vertragsart=ratenzahlung&tarif=o2-mobile-on-demand-m-plus;apple-iphone-15-128gb-schwarz;nicht direkt genannt;
Bündel;iPhone 15;128;o2;netzbetreiber;O2 Mobile Special (24 Mon.);;neu;25,00;14,99;29,00;;24;0,00;24;1080,76;;2026-10-10;https://www.o2online.de/e-shop/apple/apple-iphone-15-128gb-schwarz-details?ohne-tarif=nein&zielgruppe=privatkunden&ratenzahlung=36&vertragsart=ratenzahlung&tarif=o2-mobile-on-demand-m-plus;apple-iphone-15-128gb-schwarz;nicht direkt genannt;
Bündel;iPhone 15;128;o2;netzbetreiber;O2 Mobile Unlimited L mit 300 MBit/s (24 Mon.);XL;neu;25,00;39,99;29,00;;24;0,00;24;1680,76;;2026-10-10;https://www.o2online.de/e-shop/apple/apple-iphone-15-128gb-schwarz-details?ohne-tarif=nein&zielgruppe=privatkunden&ratenzahlung=36&vertragsart=ratenzahlung&tarif=o2-mobile-on-demand-m-plus;apple-iphone-15-128gb-schwarz;nicht direkt genannt;
Bündel;iPhone 15;128;o2;netzbetreiber;O2 Mobile Unlimited L Plus mit 300 MBit/s (24 Mon.);;neu;25,00;29,99;29,00;;24;0,00;24;1440,76;;2026-10-10;https://www.o2online.de/e-shop/apple/apple-iphone-15-128gb-schwarz-details?ohne-tarif=nein&zielgruppe=privatkunden&ratenzahlung=36&vertragsart=ratenzahlung&tarif=o2-mobile-on-demand-m-plus;apple-iphone-15-128gb-schwarz;;
Bündel;iPhone 15;128;o2;netzbetreiber;O2 Mobile Unlimited M mit 100 MBit/s (24 Mon.);XL;neu;25,00;29,99;29,00;;24;0,00;24;1440,76;;2026-10-10;https://www.o2online.de/e-shop/apple/apple-iphone-15-128gb-schwarz-details?ohne-tarif=nein&zielgruppe=privatkunden&ratenzahlung=36&vertragsart=ratenzahlung&tarif=o2-mobile-on-demand-m-plus;apple-iphone-15-128gb-schwarz;nicht direkt genannt;
Bündel;iPhone 15;128;o2;netzbetreiber;O2 Mobile Unlimited M Plus mit 100 MBit/s (24 Mon.);XL;neu;25,00;19,99;29,00;;24;0,00;24;1200,76;;2026-10-10;https://www.o2online.de/e-shop/apple/apple-iphone-15-128gb-schwarz-details?ohne-tarif=nein&zielgruppe=privatkunden&ratenzahlung=36&vertragsart=ratenzahlung&tarif=o2-mobile-on-demand-m-plus;apple-iphone-15-128gb-schwarz;;
Bündel;iPhone 15;128;o2;netzbetreiber;O2 Mobile Unlimited S Special mit 15 MBit/s (24 Mon.);XL;neu;25,00;24,99;29,00;;24;39,99;24;1360,75;;2026-10-10;https://www.o2online.de/e-shop/apple/apple-iphone-15-128gb-schwarz-details?ohne-tarif=nein&zielgruppe=privatkunden&ratenzahlung=36&vertragsart=ratenzahlung&tarif=o2-mobile-on-demand-m-plus;apple-iphone-15-128gb-schwarz;nicht direkt genannt;
Bündel;iPhone 15;128;o2;netzbetreiber;O2 Mobile Unlimited S Special Plus mit 15 MBit/s (24 Mon.);XL;neu;25,00;19,99;29,00;;24;39,99;24;1240,75;;2026-10-10;https://www.o2online.de/e-shop/apple/apple-iphone-15-128gb-schwarz-details?ohne-tarif=nein&zielgruppe=privatkunden&ratenzahlung=36&vertragsart=ratenzahlung&tarif=o2-mobile-on-demand-m-plus;apple-iphone-15-128gb-schwarz;nicht direkt genannt;
Bündel;iPhone 15;128;o2;netzbetreiber;O2 Mobile L mit 150 GB+ (24 Mon.);L;refurbished;1,00;24,99;25,50;;24;0,00;24;1212,76;;2026-10-10;https://www.o2online.de/e-shop/apple/apple-iphone-15-128gb-schwarz-erneuert-details?ohne-tarif=nein&zielgruppe=privatkunden&ratenzahlung=36&vertragsart=ratenzahlung&tarif=o2-mobile-on-demand-m-plus;apple-iphone-15-128gb-schwarz-refurbished;nicht direkt genannt;
Bündel;iPhone 15;128;o2;netzbetreiber;O2 Mobile L Plus mit 150 GB+ (24 Mon.);L;refurbished;1,00;19,99;25,50;;24;0,00;24;1092,76;;2026-10-10;https://www.o2online.de/e-shop/apple/apple-iphone-15-128gb-schwarz-erneuert-details?ohne-tarif=nein&zielgruppe=privatkunden&ratenzahlung=36&vertragsart=ratenzahlung&tarif=o2-mobile-on-demand-m-plus;apple-iphone-15-128gb-schwarz-refurbished;nicht direkt genannt;
Bündel;iPhone 15;128;o2;netzbetreiber;O2 Mobile on Demand M mit 50 GB+ (24 Mon.);M;refurbished;1,00;19,99;25,50;;24;39,99;24;1132,75;;2026-10-10;https://www.o2online.de/e-shop/apple/apple-iphone-15-128gb-schwarz-erneuert-details?ohne-tarif=nein&zielgruppe=privatkunden&ratenzahlung=36&vertragsart=ratenzahlung&tarif=o2-mobile-on-demand-m-plus;apple-iphone-15-128gb-schwarz-refurbished;nicht direkt genannt;
Bündel;iPhone 15;128;o2;netzbetreiber;O2 Mobile on Demand M Plus mit 50 GB+ (24 Mon.);M;refurbished;1,00;14,99;25,50;;24;39,99;24;1012,75;;2026-10-10;https://www.o2online.de/e-shop/apple/apple-iphone-15-128gb-schwarz-erneuert-details?ohne-tarif=nein&zielgruppe=privatkunden&ratenzahlung=36&vertragsart=ratenzahlung&tarif=o2-mobile-on-demand-m-plus;apple-iphone-15-128gb-schwarz-refurbished;;
Bündel;iPhone 15;128;o2;netzbetreiber;O2 Mobile S mit 15 GB+ (24 Mon.);XS;refurbished;1,00;14,99;25,50;;24;39,99;24;1012,75;;2026-10-10;https://www.o2online.de/e-shop/apple/apple-iphone-15-128gb-schwarz-erneuert-details?ohne-tarif=nein&zielgruppe=privatkunden&ratenzahlung=36&vertragsart=ratenzahlung&tarif=o2-mobile-on-demand-m-plus;apple-iphone-15-128gb-schwarz-refurbished;nicht direkt genannt;
Bündel;iPhone 15;128;o2;netzbetreiber;O2 Mobile Special (24 Mon.);;refurbished;1,00;14,99;25,50;;24;0,00;24;972,76;;2026-10-10;https://www.o2online.de/e-shop/apple/apple-iphone-15-128gb-schwarz-erneuert-details?ohne-tarif=nein&zielgruppe=privatkunden&ratenzahlung=36&vertragsart=ratenzahlung&tarif=o2-mobile-on-demand-m-plus;apple-iphone-15-128gb-schwarz-refurbished;nicht direkt genannt;
Bündel;iPhone 15;128;o2;netzbetreiber;O2 Mobile Unlimited L mit 300 MBit/s (24 Mon.);XL;refurbished;1,00;39,99;25,50;;24;0,00;24;1572,76;;2026-10-10;https://www.o2online.de/e-shop/apple/apple-iphone-15-128gb-schwarz-erneuert-details?ohne-tarif=nein&zielgruppe=privatkunden&ratenzahlung=36&vertragsart=ratenzahlung&tarif=o2-mobile-on-demand-m-plus;apple-iphone-15-128gb-schwarz-refurbished;nicht direkt genannt;
Bündel;iPhone 15;128;o2;netzbetreiber;O2 Mobile Unlimited L Plus mit 300 MBit/s (24 Mon.);;refurbished;1,00;29,99;25,50;;24;0,00;24;1332,76;;2026-10-10;https://www.o2online.de/e-shop/apple/apple-iphone-15-128gb-schwarz-erneuert-details?ohne-tarif=nein&zielgruppe=privatkunden&ratenzahlung=36&vertragsart=ratenzahlung&tarif=o2-mobile-on-demand-m-plus;apple-iphone-15-128gb-schwarz-refurbished;nicht direkt genannt;
Bündel;iPhone 15;128;o2;netzbetreiber;O2 Mobile Unlimited M mit 100 MBit/s (24 Mon.);XL;refurbished;1,00;29,99;25,50;;24;0,00;24;1332,76;;2026-10-10;https://www.o2online.de/e-shop/apple/apple-iphone-15-128gb-schwarz-erneuert-details?ohne-tarif=nein&zielgruppe=privatkunden&ratenzahlung=36&vertragsart=ratenzahlung&tarif=o2-mobile-on-demand-m-plus;apple-iphone-15-128gb-schwarz-refurbished;nicht direkt genannt;
Bündel;iPhone 15;128;o2;netzbetreiber;O2 Mobile Unlimited M Plus mit 100 MBit/s (24 Mon.);XL;refurbished;1,00;19,99;25,50;;24;0,00;24;1092,76;;2026-10-10;https://www.o2online.de/e-shop/apple/apple-iphone-15-128gb-schwarz-erneuert-details?ohne-tarif=nein&zielgruppe=privatkunden&ratenzahlung=36&vertragsart=ratenzahlung&tarif=o2-mobile-on-demand-m-plus;apple-iphone-15-128gb-schwarz-refurbished;nicht direkt genannt;
Bündel;iPhone 15;128;o2;netzbetreiber;O2 Mobile Unlimited S Special mit 15 MBit/s (24 Mon.);XL;refurbished;1,00;24,99;25,50;;24;39,99;24;1252,75;;2026-10-10;https://www.o2online.de/e-shop/apple/apple-iphone-15-128gb-schwarz-erneuert-details?ohne-tarif=nein&zielgruppe=privatkunden&ratenzahlung=36&vertragsart=ratenzahlung&tarif=o2-mobile-on-demand-m-plus;apple-iphone-15-128gb-schwarz-refurbished;nicht direkt genannt;
Bündel;iPhone 15;128;o2;netzbetreiber;O2 Mobile Unlimited S Special Plus mit 15 MBit/s (24 Mon.);XL;refurbished;1,00;19,99;25,50;;24;39,99;24;1132,75;;2026-10-10;https://www.o2online.de/e-shop/apple/apple-iphone-15-128gb-schwarz-erneuert-details?ohne-tarif=nein&zielgruppe=privatkunden&ratenzahlung=36&vertragsart=ratenzahlung&tarif=o2-mobile-on-demand-m-plus;apple-iphone-15-128gb-schwarz-refurbished;nicht direkt genannt;
Bündel;iPhone 15 Plus;128;o2;netzbetreiber;O2 Mobile L mit 150 GB+ (24 Mon.);L;neu;1,00;24,99;39,00;;24;0,00;24;1536,76;;2026-10-10;https://www.o2online.de/e-shop/apple/apple-iphone-15-plus-128gb-schwarz-details?ohne-tarif=nein&zielgruppe=privatkunden&ratenzahlung=36&vertragsart=ratenzahlung&tarif=o2-mobile-on-demand-m-plus;apple-iphone-15-plus-128gb-schwarz;nicht direkt genannt;
Bündel;iPhone 15 Plus;128;o2;netzbetreiber;O2 Mobile L Plus mit 150 GB+ (24 Mon.);L;neu;1,00;19,99;39,00;;24;0,00;24;1416,76;;2026-10-10;https://www.o2online.de/e-shop/apple/apple-iphone-15-plus-128gb-schwarz-details?ohne-tarif=nein&zielgruppe=privatkunden&ratenzahlung=36&vertragsart=ratenzahlung&tarif=o2-mobile-on-demand-m-plus;apple-iphone-15-plus-128gb-schwarz;;
Bündel;iPhone 15 Plus;128;o2;netzbetreiber;O2 Mobile on Demand M mit 50 GB+ (24 Mon.);M;neu;1,00;19,99;39,00;;24;39,99;24;1456,75;;2026-10-10;https://www.o2online.de/e-shop/apple/apple-iphone-15-plus-128gb-schwarz-details?ohne-tarif=nein&zielgruppe=privatkunden&ratenzahlung=36&vertragsart=ratenzahlung&tarif=o2-mobile-on-demand-m-plus;apple-iphone-15-plus-128gb-schwarz;nicht direkt genannt;
Bündel;iPhone 15 Plus;128;o2;netzbetreiber;O2 Mobile on Demand M Plus mit 50 GB+ (24 Mon.);M;neu;1,00;14,99;39,00;;24;39,99;24;1336,75;;2026-10-10;https://www.o2online.de/e-shop/apple/apple-iphone-15-plus-128gb-schwarz-details?ohne-tarif=nein&zielgruppe=privatkunden&ratenzahlung=36&vertragsart=ratenzahlung&tarif=o2-mobile-on-demand-m-plus;apple-iphone-15-plus-128gb-schwarz;;
Bündel;iPhone 15 Plus;128;o2;netzbetreiber;O2 Mobile S mit 15 GB+ (24 Mon.);XS;neu;1,00;19,99;39,00;;24;39,99;24;1456,75;;2026-10-10;https://www.o2online.de/e-shop/apple/apple-iphone-15-plus-128gb-schwarz-details?ohne-tarif=nein&zielgruppe=privatkunden&ratenzahlung=36&vertragsart=ratenzahlung&tarif=o2-mobile-on-demand-m-plus;apple-iphone-15-plus-128gb-schwarz;nicht direkt genannt;
Bündel;iPhone 15 Plus;128;o2;netzbetreiber;O2 Mobile Special (24 Mon.);;neu;1,00;14,99;39,00;;24;0,00;24;1296,76;;2026-10-10;https://www.o2online.de/e-shop/apple/apple-iphone-15-plus-128gb-schwarz-details?ohne-tarif=nein&zielgruppe=privatkunden&ratenzahlung=36&vertragsart=ratenzahlung&tarif=o2-mobile-on-demand-m-plus;apple-iphone-15-plus-128gb-schwarz;nicht direkt genannt;
Bündel;iPhone 15 Plus;128;o2;netzbetreiber;O2 Mobile Unlimited L mit 300 MBit/s (24 Mon.);XL;neu;1,00;39,99;39,00;;24;0,00;24;1896,76;;2026-10-10;https://www.o2online.de/e-shop/apple/apple-iphone-15-plus-128gb-schwarz-details?ohne-tarif=nein&zielgruppe=privatkunden&ratenzahlung=36&vertragsart=ratenzahlung&tarif=o2-mobile-on-demand-m-plus;apple-iphone-15-plus-128gb-schwarz;nicht direkt genannt;
Bündel;iPhone 15 Plus;128;o2;netzbetreiber;O2 Mobile Unlimited L Plus mit 300 MBit/s (24 Mon.);;neu;1,00;34,99;39,00;;24;0,00;24;1776,76;;2026-10-10;https://www.o2online.de/e-shop/apple/apple-iphone-15-plus-128gb-schwarz-details?ohne-tarif=nein&zielgruppe=privatkunden&ratenzahlung=36&vertragsart=ratenzahlung&tarif=o2-mobile-on-demand-m-plus;apple-iphone-15-plus-128gb-schwarz;;
Bündel;iPhone 15 Plus;128;o2;netzbetreiber;O2 Mobile Unlimited M mit 100 MBit/s (24 Mon.);XL;neu;1,00;29,99;39,00;;24;0,00;24;1656,76;;2026-10-10;https://www.o2online.de/e-shop/apple/apple-iphone-15-plus-128gb-schwarz-details?ohne-tarif=nein&zielgruppe=privatkunden&ratenzahlung=36&vertragsart=ratenzahlung&tarif=o2-mobile-on-demand-m-plus;apple-iphone-15-plus-128gb-schwarz;nicht direkt genannt;
Bündel;iPhone 15 Plus;128;o2;netzbetreiber;O2 Mobile Unlimited M Plus mit 100 MBit/s (24 Mon.);XL;neu;1,00;24,99;39,00;;24;0,00;24;1536,76;;2026-10-10;https://www.o2online.de/e-shop/apple/apple-iphone-15-plus-128gb-schwarz-details?ohne-tarif=nein&zielgruppe=privatkunden&ratenzahlung=36&vertragsart=ratenzahlung&tarif=o2-mobile-on-demand-m-plus;apple-iphone-15-plus-128gb-schwarz;;
Bündel;iPhone 15 Plus;128;o2;netzbetreiber;O2 Mobile Unlimited S Special mit 15 MBit/s (24 Mon.);XL;neu;1,00;24,99;39,00;;24;39,99;24;1576,75;;2026-10-10;https://www.o2online.de/e-shop/apple/apple-iphone-15-plus-128gb-schwarz-details?ohne-tarif=nein&zielgruppe=privatkunden&ratenzahlung=36&vertragsart=ratenzahlung&tarif=o2-mobile-on-demand-m-plus;apple-iphone-15-plus-128gb-schwarz;nicht direkt genannt;
Bündel;iPhone 15 Plus;128;o2;netzbetreiber;O2 Mobile Unlimited S Special Plus mit 15 MBit/s (24 Mon.);XL;neu;1,00;19,99;39,00;;24;39,99;24;1456,75;;2026-10-10;https://www.o2online.de/e-shop/apple/apple-iphone-15-plus-128gb-schwarz-details?ohne-tarif=nein&zielgruppe=privatkunden&ratenzahlung=36&vertragsart=ratenzahlung&tarif=o2-mobile-on-demand-m-plus;apple-iphone-15-plus-128gb-schwarz;nicht direkt genannt;
Bündel;iPhone 15 Pro;128;o2;netzbetreiber;O2 Mobile L mit 150 GB+ (24 Mon.);L;refurbished;1,00;24,99;28,50;;24;0,00;24;1284,76;;2026-10-10;https://www.o2online.de/e-shop/apple/apple-iphone-15-pro-128gb-titan-blau-erneuert-details?ohne-tarif=nein&zielgruppe=privatkunden&ratenzahlung=36&vertragsart=ratenzahlung&tarif=o2-mobile-on-demand-m-plus;apple-iphone-15-pro-128gb-titan-blau-refurbished;nicht direkt genannt;
Bündel;iPhone 15 Pro;128;o2;netzbetreiber;O2 Mobile L Plus mit 150 GB+ (24 Mon.);L;refurbished;1,00;19,99;28,50;;24;0,00;24;1164,76;;2026-10-10;https://www.o2online.de/e-shop/apple/apple-iphone-15-pro-128gb-titan-blau-erneuert-details?ohne-tarif=nein&zielgruppe=privatkunden&ratenzahlung=36&vertragsart=ratenzahlung&tarif=o2-mobile-on-demand-m-plus;apple-iphone-15-pro-128gb-titan-blau-refurbished;nicht direkt genannt;
Bündel;iPhone 15 Pro;128;o2;netzbetreiber;O2 Mobile on Demand M mit 50 GB+ (24 Mon.);M;refurbished;1,00;19,99;28,50;;24;39,99;24;1204,75;;2026-10-10;https://www.o2online.de/e-shop/apple/apple-iphone-15-pro-128gb-titan-blau-erneuert-details?ohne-tarif=nein&zielgruppe=privatkunden&ratenzahlung=36&vertragsart=ratenzahlung&tarif=o2-mobile-on-demand-m-plus;apple-iphone-15-pro-128gb-titan-blau-refurbished;nicht direkt genannt;
Bündel;iPhone 15 Pro;128;o2;netzbetreiber;O2 Mobile on Demand M Plus mit 50 GB+ (24 Mon.);M;refurbished;1,00;14,99;28,50;;24;39,99;24;1084,75;;2026-10-10;https://www.o2online.de/e-shop/apple/apple-iphone-15-pro-128gb-titan-blau-erneuert-details?ohne-tarif=nein&zielgruppe=privatkunden&ratenzahlung=36&vertragsart=ratenzahlung&tarif=o2-mobile-on-demand-m-plus;apple-iphone-15-pro-128gb-titan-blau-refurbished;;
Bündel;iPhone 15 Pro;128;o2;netzbetreiber;O2 Mobile S mit 15 GB+ (24 Mon.);XS;refurbished;1,00;14,99;28,50;;24;39,99;24;1084,75;;2026-10-10;https://www.o2online.de/e-shop/apple/apple-iphone-15-pro-128gb-titan-blau-erneuert-details?ohne-tarif=nein&zielgruppe=privatkunden&ratenzahlung=36&vertragsart=ratenzahlung&tarif=o2-mobile-on-demand-m-plus;apple-iphone-15-pro-128gb-titan-blau-refurbished;nicht direkt genannt;
Bündel;iPhone 15 Pro;128;o2;netzbetreiber;O2 Mobile Special (24 Mon.);;refurbished;1,00;14,99;28,50;;24;0,00;24;1044,76;;2026-10-10;https://www.o2online.de/e-shop/apple/apple-iphone-15-pro-128gb-titan-blau-erneuert-details?ohne-tarif=nein&zielgruppe=privatkunden&ratenzahlung=36&vertragsart=ratenzahlung&tarif=o2-mobile-on-demand-m-plus;apple-iphone-15-pro-128gb-titan-blau-refurbished;nicht direkt genannt;
Bündel;iPhone 15 Pro;128;o2;netzbetreiber;O2 Mobile Unlimited L mit 300 MBit/s (24 Mon.);XL;refurbished;1,00;39,99;28,50;;24;0,00;24;1644,76;;2026-10-10;https://www.o2online.de/e-shop/apple/apple-iphone-15-pro-128gb-titan-blau-erneuert-details?ohne-tarif=nein&zielgruppe=privatkunden&ratenzahlung=36&vertragsart=ratenzahlung&tarif=o2-mobile-on-demand-m-plus;apple-iphone-15-pro-128gb-titan-blau-refurbished;nicht direkt genannt;
Bündel;iPhone 15 Pro;128;o2;netzbetreiber;O2 Mobile Unlimited L Plus mit 300 MBit/s (24 Mon.);;refurbished;1,00;29,99;28,50;;24;0,00;24;1404,76;;2026-10-10;https://www.o2online.de/e-shop/apple/apple-iphone-15-pro-128gb-titan-blau-erneuert-details?ohne-tarif=nein&zielgruppe=privatkunden&ratenzahlung=36&vertragsart=ratenzahlung&tarif=o2-mobile-on-demand-m-plus;apple-iphone-15-pro-128gb-titan-blau-refurbished;nicht direkt genannt;
Bündel;iPhone 15 Pro;128;o2;netzbetreiber;O2 Mobile Unlimited M mit 100 MBit/s (24 Mon.);XL;refurbished;1,00;29,99;28,50;;24;0,00;24;1404,76;;2026-10-10;https://www.o2online.de/e-shop/apple/apple-iphone-15-pro-128gb-titan-blau-erneuert-details?ohne-tarif=nein&zielgruppe=privatkunden&ratenzahlung=36&vertragsart=ratenzahlung&tarif=o2-mobile-on-demand-m-plus;apple-iphone-15-pro-128gb-titan-blau-refurbished;nicht direkt genannt;
Bündel;iPhone 15 Pro;128;o2;netzbetreiber;O2 Mobile Unlimited M Plus mit 100 MBit/s (24 Mon.);XL;refurbished;1,00;19,99;28,50;;24;0,00;24;1164,76;;2026-10-10;https://www.o2online.de/e-shop/apple/apple-iphone-15-pro-128gb-titan-blau-erneuert-details?ohne-tarif=nein&zielgruppe=privatkunden&ratenzahlung=36&vertragsart=ratenzahlung&tarif=o2-mobile-on-demand-m-plus;apple-iphone-15-pro-128gb-titan-blau-refurbished;nicht direkt genannt;
Bündel;iPhone 15 Pro;128;o2;netzbetreiber;O2 Mobile Unlimited S Special mit 15 MBit/s (24 Mon.);XL;refurbished;1,00;24,99;28,50;;24;39,99;24;1324,75;;2026-10-10;https://www.o2online.de/e-shop/apple/apple-iphone-15-pro-128gb-titan-blau-erneuert-details?ohne-tarif=nein&zielgruppe=privatkunden&ratenzahlung=36&vertragsart=ratenzahlung&tarif=o2-mobile-on-demand-m-plus;apple-iphone-15-pro-128gb-titan-blau-refurbished;nicht direkt genannt;
Bündel;iPhone 15 Pro;128;o2;netzbetreiber;O2 Mobile Unlimited S Special Plus mit 15 MBit/s (24 Mon.);XL;refurbished;1,00;19,99;28,50;;24;39,99;24;1204,75;;2026-10-10;https://www.o2online.de/e-shop/apple/apple-iphone-15-pro-128gb-titan-blau-erneuert-details?ohne-tarif=nein&zielgruppe=privatkunden&ratenzahlung=36&vertragsart=ratenzahlung&tarif=o2-mobile-on-demand-m-plus;apple-iphone-15-pro-128gb-titan-blau-refurbished;nicht direkt genannt;
Bündel;iPhone 15 Pro;128;o2;netzbetreiber;O2 Mobile L mit 150 GB+ (24 Mon.);L;neu;1,00;24,99;51,00;;24;0,00;24;1824,76;;2026-10-10;https://www.o2online.de/e-shop/apple/apple-iphone-15-pro-128gb-titan-natur-details?ohne-tarif=nein&zielgruppe=privatkunden&ratenzahlung=36&vertragsart=ratenzahlung&tarif=o2-mobile-on-demand-m-plus;apple-iphone-15-pro-128gb-titan-natur;nicht direkt genannt;
Bündel;iPhone 15 Pro;128;o2;netzbetreiber;O2 Mobile L Plus mit 150 GB+ (24 Mon.);L;neu;1,00;19,99;51,00;;24;0,00;24;1704,76;;2026-10-10;https://www.o2online.de/e-shop/apple/apple-iphone-15-pro-128gb-titan-natur-details?ohne-tarif=nein&zielgruppe=privatkunden&ratenzahlung=36&vertragsart=ratenzahlung&tarif=o2-mobile-on-demand-m-plus;apple-iphone-15-pro-128gb-titan-natur;;
Bündel;iPhone 15 Pro;128;o2;netzbetreiber;O2 Mobile on Demand M mit 50 GB+ (24 Mon.);M;neu;1,00;19,99;51,00;;24;39,99;24;1744,75;;2026-10-10;https://www.o2online.de/e-shop/apple/apple-iphone-15-pro-128gb-titan-natur-details?ohne-tarif=nein&zielgruppe=privatkunden&ratenzahlung=36&vertragsart=ratenzahlung&tarif=o2-mobile-on-demand-m-plus;apple-iphone-15-pro-128gb-titan-natur;nicht direkt genannt;
Bündel;iPhone 15 Pro;128;o2;netzbetreiber;O2 Mobile on Demand M Plus mit 50 GB+ (24 Mon.);M;neu;1,00;14,99;51,00;;24;39,99;24;1624,75;;2026-10-10;https://www.o2online.de/e-shop/apple/apple-iphone-15-pro-128gb-titan-natur-details?ohne-tarif=nein&zielgruppe=privatkunden&ratenzahlung=36&vertragsart=ratenzahlung&tarif=o2-mobile-on-demand-m-plus;apple-iphone-15-pro-128gb-titan-natur;;
Bündel;iPhone 15 Pro;128;o2;netzbetreiber;O2 Mobile S mit 15 GB+ (24 Mon.);XS;neu;1,00;19,99;51,00;;24;39,99;24;1744,75;;2026-10-10;https://www.o2online.de/e-shop/apple/apple-iphone-15-pro-128gb-titan-natur-details?ohne-tarif=nein&zielgruppe=privatkunden&ratenzahlung=36&vertragsart=ratenzahlung&tarif=o2-mobile-on-demand-m-plus;apple-iphone-15-pro-128gb-titan-natur;nicht direkt genannt;
Bündel;iPhone 15 Pro;128;o2;netzbetreiber;O2 Mobile Special (24 Mon.);;neu;1,00;14,99;51,00;;24;0,00;24;1584,76;;2026-10-10;https://www.o2online.de/e-shop/apple/apple-iphone-15-pro-128gb-titan-natur-details?ohne-tarif=nein&zielgruppe=privatkunden&ratenzahlung=36&vertragsart=ratenzahlung&tarif=o2-mobile-on-demand-m-plus;apple-iphone-15-pro-128gb-titan-natur;nicht direkt genannt;
Bündel;iPhone 15 Pro;128;o2;netzbetreiber;O2 Mobile Unlimited L mit 300 MBit/s (24 Mon.);XL;neu;1,00;39,99;51,00;;24;0,00;24;2184,76;;2026-10-10;https://www.o2online.de/e-shop/apple/apple-iphone-15-pro-128gb-titan-natur-details?ohne-tarif=nein&zielgruppe=privatkunden&ratenzahlung=36&vertragsart=ratenzahlung&tarif=o2-mobile-on-demand-m-plus;apple-iphone-15-pro-128gb-titan-natur;nicht direkt genannt;
Bündel;iPhone 15 Pro;128;o2;netzbetreiber;O2 Mobile Unlimited L Plus mit 300 MBit/s (24 Mon.);;neu;1,00;34,99;51,00;;24;0,00;24;2064,76;;2026-10-10;https://www.o2online.de/e-shop/apple/apple-iphone-15-pro-128gb-titan-natur-details?ohne-tarif=nein&zielgruppe=privatkunden&ratenzahlung=36&vertragsart=ratenzahlung&tarif=o2-mobile-on-demand-m-plus;apple-iphone-15-pro-128gb-titan-natur;;
Bündel;iPhone 15 Pro;128;o2;netzbetreiber;O2 Mobile Unlimited M mit 100 MBit/s (24 Mon.);XL;neu;1,00;29,99;51,00;;24;0,00;24;1944,76;;2026-10-10;https://www.o2online.de/e-shop/apple/apple-iphone-15-pro-128gb-titan-natur-details?ohne-tarif=nein&zielgruppe=privatkunden&ratenzahlung=36&vertragsart=ratenzahlung&tarif=o2-mobile-on-demand-m-plus;apple-iphone-15-pro-128gb-titan-natur;nicht direkt genannt;
Bündel;iPhone 15 Pro;128;o2;netzbetreiber;O2 Mobile Unlimited M Plus mit 100 MBit/s (24 Mon.);XL;neu;1,00;24,99;51,00;;24;0,00;24;1824,76;;2026-10-10;https://www.o2online.de/e-shop/apple/apple-iphone-15-pro-128gb-titan-natur-details?ohne-tarif=nein&zielgruppe=privatkunden&ratenzahlung=36&vertragsart=ratenzahlung&tarif=o2-mobile-on-demand-m-plus;apple-iphone-15-pro-128gb-titan-natur;;
Bündel;iPhone 15 Pro;128;o2;netzbetreiber;O2 Mobile Unlimited S Special mit 15 MBit/s (24 Mon.);XL;neu;1,00;24,99;51,00;;24;39,99;24;1864,75;;2026-10-10;https://www.o2online.de/e-shop/apple/apple-iphone-15-pro-128gb-titan-natur-details?ohne-tarif=nein&zielgruppe=privatkunden&ratenzahlung=36&vertragsart=ratenzahlung&tarif=o2-mobile-on-demand-m-plus;apple-iphone-15-pro-128gb-titan-natur;nicht direkt genannt;
Bündel;iPhone 15 Pro;128;o2;netzbetreiber;O2 Mobile Unlimited S Special Plus mit 15 MBit/s (24 Mon.);XL;neu;1,00;19,99;51,00;;24;39,99;24;1744,75;;2026-10-10;https://www.o2online.de/e-shop/apple/apple-iphone-15-pro-128gb-titan-natur-details?ohne-tarif=nein&zielgruppe=privatkunden&ratenzahlung=36&vertragsart=ratenzahlung&tarif=o2-mobile-on-demand-m-plus;apple-iphone-15-pro-128gb-titan-natur;nicht direkt genannt;
Bündel;iPhone 15 Pro;128;o2;netzbetreiber;O2 Mobile L mit 150 GB+ (24 Mon.);L;refurbished;1,00;24,99;28,50;;24;0,00;24;1284,76;;2026-10-10;https://www.o2online.de/e-shop/apple/apple-iphone-15-pro-128gb-titan-blau-erneuert-details?ohne-tarif=nein&zielgruppe=privatkunden&ratenzahlung=36&vertragsart=ratenzahlung&tarif=o2-mobile-on-demand-m-plus;apple-iphone-15-pro-128gb-titan-natur-refurbished;nicht direkt genannt;
Bündel;iPhone 15 Pro;128;o2;netzbetreiber;O2 Mobile L Plus mit 150 GB+ (24 Mon.);L;refurbished;1,00;19,99;28,50;;24;0,00;24;1164,76;;2026-10-10;https://www.o2online.de/e-shop/apple/apple-iphone-15-pro-128gb-titan-blau-erneuert-details?ohne-tarif=nein&zielgruppe=privatkunden&ratenzahlung=36&vertragsart=ratenzahlung&tarif=o2-mobile-on-demand-m-plus;apple-iphone-15-pro-128gb-titan-natur-refurbished;nicht direkt genannt;
Bündel;iPhone 15 Pro;128;o2;netzbetreiber;O2 Mobile on Demand M mit 50 GB+ (24 Mon.);M;refurbished;1,00;19,99;28,50;;24;39,99;24;1204,75;;2026-10-10;https://www.o2online.de/e-shop/apple/apple-iphone-15-pro-128gb-titan-blau-erneuert-details?ohne-tarif=nein&zielgruppe=privatkunden&ratenzahlung=36&vertragsart=ratenzahlung&tarif=o2-mobile-on-demand-m-plus;apple-iphone-15-pro-128gb-titan-natur-refurbished;nicht direkt genannt;
Bündel;iPhone 15 Pro;128;o2;netzbetreiber;O2 Mobile on Demand M Plus mit 50 GB+ (24 Mon.);M;refurbished;1,00;14,99;28,50;;24;39,99;24;1084,75;;2026-10-10;https://www.o2online.de/e-shop/apple/apple-iphone-15-pro-128gb-titan-blau-erneuert-details?ohne-tarif=nein&zielgruppe=privatkunden&ratenzahlung=36&vertragsart=ratenzahlung&tarif=o2-mobile-on-demand-m-plus;apple-iphone-15-pro-128gb-titan-natur-refurbished;;
Bündel;iPhone 15 Pro;128;o2;netzbetreiber;O2 Mobile S mit 15 GB+ (24 Mon.);XS;refurbished;1,00;14,99;28,50;;24;39,99;24;1084,75;;2026-10-10;https://www.o2online.de/e-shop/apple/apple-iphone-15-pro-128gb-titan-blau-erneuert-details?ohne-tarif=nein&zielgruppe=privatkunden&ratenzahlung=36&vertragsart=ratenzahlung&tarif=o2-mobile-on-demand-m-plus;apple-iphone-15-pro-128gb-titan-natur-refurbished;nicht direkt genannt;
Bündel;iPhone 15 Pro;128;o2;netzbetreiber;O2 Mobile Special (24 Mon.);;refurbished;1,00;14,99;28,50;;24;0,00;24;1044,76;;2026-10-10;https://www.o2online.de/e-shop/apple/apple-iphone-15-pro-128gb-titan-blau-erneuert-details?ohne-tarif=nein&zielgruppe=privatkunden&ratenzahlung=36&vertragsart=ratenzahlung&tarif=o2-mobile-on-demand-m-plus;apple-iphone-15-pro-128gb-titan-natur-refurbished;nicht direkt genannt;
Bündel;iPhone 15 Pro;128;o2;netzbetreiber;O2 Mobile Unlimited L mit 300 MBit/s (24 Mon.);XL;refurbished;1,00;39,99;28,50;;24;0,00;24;1644,76;;2026-10-10;https://www.o2online.de/e-shop/apple/apple-iphone-15-pro-128gb-titan-blau-erneuert-details?ohne-tarif=nein&zielgruppe=privatkunden&ratenzahlung=36&vertragsart=ratenzahlung&tarif=o2-mobile-on-demand-m-plus;apple-iphone-15-pro-128gb-titan-natur-refurbished;nicht direkt genannt;
Bündel;iPhone 15 Pro;128;o2;netzbetreiber;O2 Mobile Unlimited L Plus mit 300 MBit/s (24 Mon.);;refurbished;1,00;29,99;28,50;;24;0,00;24;1404,76;;2026-10-10;https://www.o2online.de/e-shop/apple/apple-iphone-15-pro-128gb-titan-blau-erneuert-details?ohne-tarif=nein&zielgruppe=privatkunden&ratenzahlung=36&vertragsart=ratenzahlung&tarif=o2-mobile-on-demand-m-plus;apple-iphone-15-pro-128gb-titan-natur-refurbished;nicht direkt genannt;
Bündel;iPhone 15 Pro;128;o2;netzbetreiber;O2 Mobile Unlimited M mit 100 MBit/s (24 Mon.);XL;refurbished;1,00;29,99;28,50;;24;0,00;24;1404,76;;2026-10-10;https://www.o2online.de/e-shop/apple/apple-iphone-15-pro-128gb-titan-blau-erneuert-details?ohne-tarif=nein&zielgruppe=privatkunden&ratenzahlung=36&vertragsart=ratenzahlung&tarif=o2-mobile-on-demand-m-plus;apple-iphone-15-pro-128gb-titan-natur-refurbished;nicht direkt genannt;
Bündel;iPhone 15 Pro;128;o2;netzbetreiber;O2 Mobile Unlimited M Plus mit 100 MBit/s (24 Mon.);XL;refurbished;1,00;19,99;28,50;;24;0,00;24;1164,76;;2026-10-10;https://www.o2online.de/e-shop/apple/apple-iphone-15-pro-128gb-titan-blau-erneuert-details?ohne-tarif=nein&zielgruppe=privatkunden&ratenzahlung=36&vertragsart=ratenzahlung&tarif=o2-mobile-on-demand-m-plus;apple-iphone-15-pro-128gb-titan-natur-refurbished;nicht direkt genannt;
Bündel;iPhone 15 Pro;128;o2;netzbetreiber;O2 Mobile Unlimited S Special mit 15 MBit/s (24 Mon.);XL;refurbished;1,00;24,99;28,50;;24;39,99;24;1324,75;;2026-10-10;https://www.o2online.de/e-shop/apple/apple-iphone-15-pro-128gb-titan-blau-erneuert-details?ohne-tarif=nein&zielgruppe=privatkunden&ratenzahlung=36&vertragsart=ratenzahlung&tarif=o2-mobile-on-demand-m-plus;apple-iphone-15-pro-128gb-titan-natur-refurbished;nicht direkt genannt;
Bündel;iPhone 15 Pro;128;o2;netzbetreiber;O2 Mobile Unlimited S Special Plus mit 15 MBit/s (24 Mon.);XL;refurbished;1,00;19,99;28,50;;24;39,99;24;1204,75;;2026-10-10;https://www.o2online.de/e-shop/apple/apple-iphone-15-pro-128gb-titan-blau-erneuert-details?ohne-tarif=nein&zielgruppe=privatkunden&ratenzahlung=36&vertragsart=ratenzahlung&tarif=o2-mobile-on-demand-m-plus;apple-iphone-15-pro-128gb-titan-natur-refurbished;nicht direkt genannt;
Bündel;iPhone 15 Pro Max;256;o2;netzbetreiber;O2 Mobile L mit 150 GB+ (24 Mon.);L;neu;49,00;24,99;59,50;;24;0,00;24;2076,76;;2026-10-10;https://www.o2online.de/e-shop/apple/apple-iphone-15-pro-max-256gb-titan-schwarz-details?ohne-tarif=nein&zielgruppe=privatkunden&ratenzahlung=36&vertragsart=ratenzahlung&tarif=o2-mobile-on-demand-m-plus;apple-iphone-15-pro-max-256gb-titan-schwarz;nicht direkt genannt;
Bündel;iPhone 15 Pro Max;256;o2;netzbetreiber;O2 Mobile L Plus mit 150 GB+ (24 Mon.);L;neu;49,00;19,99;59,50;;24;0,00;24;1956,76;;2026-10-10;https://www.o2online.de/e-shop/apple/apple-iphone-15-pro-max-256gb-titan-schwarz-details?ohne-tarif=nein&zielgruppe=privatkunden&ratenzahlung=36&vertragsart=ratenzahlung&tarif=o2-mobile-on-demand-m-plus;apple-iphone-15-pro-max-256gb-titan-schwarz;;
Bündel;iPhone 15 Pro Max;256;o2;netzbetreiber;O2 Mobile on Demand M mit 50 GB+ (24 Mon.);M;neu;49,00;19,99;59,50;;24;39,99;24;1996,75;;2026-10-10;https://www.o2online.de/e-shop/apple/apple-iphone-15-pro-max-256gb-titan-schwarz-details?ohne-tarif=nein&zielgruppe=privatkunden&ratenzahlung=36&vertragsart=ratenzahlung&tarif=o2-mobile-on-demand-m-plus;apple-iphone-15-pro-max-256gb-titan-schwarz;nicht direkt genannt;
Bündel;iPhone 15 Pro Max;256;o2;netzbetreiber;O2 Mobile on Demand M Plus mit 50 GB+ (24 Mon.);M;neu;49,00;14,99;59,50;;24;39,99;24;1876,75;;2026-10-10;https://www.o2online.de/e-shop/apple/apple-iphone-15-pro-max-256gb-titan-schwarz-details?ohne-tarif=nein&zielgruppe=privatkunden&ratenzahlung=36&vertragsart=ratenzahlung&tarif=o2-mobile-on-demand-m-plus;apple-iphone-15-pro-max-256gb-titan-schwarz;;
Bündel;iPhone 15 Pro Max;256;o2;netzbetreiber;O2 Mobile S mit 15 GB+ (24 Mon.);XS;neu;49,00;19,99;59,50;;24;39,99;24;1996,75;;2026-10-10;https://www.o2online.de/e-shop/apple/apple-iphone-15-pro-max-256gb-titan-schwarz-details?ohne-tarif=nein&zielgruppe=privatkunden&ratenzahlung=36&vertragsart=ratenzahlung&tarif=o2-mobile-on-demand-m-plus;apple-iphone-15-pro-max-256gb-titan-schwarz;nicht direkt genannt;
Bündel;iPhone 15 Pro Max;256;o2;netzbetreiber;O2 Mobile Special (24 Mon.);;neu;49,00;14,99;59,50;;24;0,00;24;1836,76;;2026-10-10;https://www.o2online.de/e-shop/apple/apple-iphone-15-pro-max-256gb-titan-schwarz-details?ohne-tarif=nein&zielgruppe=privatkunden&ratenzahlung=36&vertragsart=ratenzahlung&tarif=o2-mobile-on-demand-m-plus;apple-iphone-15-pro-max-256gb-titan-schwarz;nicht direkt genannt;
Bündel;iPhone 15 Pro Max;256;o2;netzbetreiber;O2 Mobile Unlimited L mit 300 MBit/s (24 Mon.);XL;neu;49,00;39,99;59,50;;24;0,00;24;2436,76;;2026-10-10;https://www.o2online.de/e-shop/apple/apple-iphone-15-pro-max-256gb-titan-schwarz-details?ohne-tarif=nein&zielgruppe=privatkunden&ratenzahlung=36&vertragsart=ratenzahlung&tarif=o2-mobile-on-demand-m-plus;apple-iphone-15-pro-max-256gb-titan-schwarz;nicht direkt genannt;
Bündel;iPhone 15 Pro Max;256;o2;netzbetreiber;O2 Mobile Unlimited L Plus mit 300 MBit/s (24 Mon.);;neu;49,00;34,99;59,50;;24;0,00;24;2316,76;;2026-10-10;https://www.o2online.de/e-shop/apple/apple-iphone-15-pro-max-256gb-titan-schwarz-details?ohne-tarif=nein&zielgruppe=privatkunden&ratenzahlung=36&vertragsart=ratenzahlung&tarif=o2-mobile-on-demand-m-plus;apple-iphone-15-pro-max-256gb-titan-schwarz;;
Bündel;iPhone 15 Pro Max;256;o2;netzbetreiber;O2 Mobile Unlimited M mit 100 MBit/s (24 Mon.);XL;neu;49,00;29,99;59,50;;24;0,00;24;2196,76;;2026-10-10;https://www.o2online.de/e-shop/apple/apple-iphone-15-pro-max-256gb-titan-schwarz-details?ohne-tarif=nein&zielgruppe=privatkunden&ratenzahlung=36&vertragsart=ratenzahlung&tarif=o2-mobile-on-demand-m-plus;apple-iphone-15-pro-max-256gb-titan-schwarz;nicht direkt genannt;
Bündel;iPhone 15 Pro Max;256;o2;netzbetreiber;O2 Mobile Unlimited M Plus mit 100 MBit/s (24 Mon.);XL;neu;49,00;24,99;59,50;;24;0,00;24;2076,76;;2026-10-10;https://www.o2online.de/e-shop/apple/apple-iphone-15-pro-max-256gb-titan-schwarz-details?ohne-tarif=nein&zielgruppe=privatkunden&ratenzahlung=36&vertragsart=ratenzahlung&tarif=o2-mobile-on-demand-m-plus;apple-iphone-15-pro-max-256gb-titan-schwarz;;
Bündel;iPhone 15 Pro Max;256;o2;netzbetreiber;O2 Mobile Unlimited S Special mit 15 MBit/s (24 Mon.);XL;neu;49,00;24,99;59,50;;24;39,99;24;2116,75;;2026-10-10;https://www.o2online.de/e-shop/apple/apple-iphone-15-pro-max-256gb-titan-schwarz-details?ohne-tarif=nein&zielgruppe=privatkunden&ratenzahlung=36&vertragsart=ratenzahlung&tarif=o2-mobile-on-demand-m-plus;apple-iphone-15-pro-max-256gb-titan-schwarz;nicht direkt genannt;
Bündel;iPhone 15 Pro Max;256;o2;netzbetreiber;O2 Mobile Unlimited S Special Plus mit 15 MBit/s (24 Mon.);XL;neu;49,00;19,99;59,50;;24;39,99;24;1996,75;;2026-10-10;https://www.o2online.de/e-shop/apple/apple-iphone-15-pro-max-256gb-titan-schwarz-details?ohne-tarif=nein&zielgruppe=privatkunden&ratenzahlung=36&vertragsart=ratenzahlung&tarif=o2-mobile-on-demand-m-plus;apple-iphone-15-pro-max-256gb-titan-schwarz;nicht direkt genannt;
Bündel;iPhone 16;128;o2;netzbetreiber;O2 Mobile L mit 150 GB+ (24 Mon.);L;refurbished;1,00;24,99;29,00;;24;0,00;24;1296,76;;2026-10-10;https://www.o2online.de/e-shop/apple/apple-iphone-16-128gb-blau-erneuert-details?ohne-tarif=nein&zielgruppe=privatkunden&ratenzahlung=36&vertragsart=ratenzahlung&tarif=o2-mobile-on-demand-m-plus;apple-iphone-16-128gb-blau-refurbished;nicht direkt genannt;
Bündel;iPhone 16;128;o2;netzbetreiber;O2 Mobile L Plus mit 150 GB+ (24 Mon.);L;refurbished;1,00;19,99;29,00;;24;0,00;24;1176,76;;2026-10-10;https://www.o2online.de/e-shop/apple/apple-iphone-16-128gb-blau-erneuert-details?ohne-tarif=nein&zielgruppe=privatkunden&ratenzahlung=36&vertragsart=ratenzahlung&tarif=o2-mobile-on-demand-m-plus;apple-iphone-16-128gb-blau-refurbished;nicht direkt genannt;
Bündel;iPhone 16;128;o2;netzbetreiber;O2 Mobile on Demand M mit 50 GB+ (24 Mon.);M;refurbished;1,00;19,99;29,00;;24;39,99;24;1216,75;;2026-10-10;https://www.o2online.de/e-shop/apple/apple-iphone-16-128gb-blau-erneuert-details?ohne-tarif=nein&zielgruppe=privatkunden&ratenzahlung=36&vertragsart=ratenzahlung&tarif=o2-mobile-on-demand-m-plus;apple-iphone-16-128gb-blau-refurbished;nicht direkt genannt;
Bündel;iPhone 16;128;o2;netzbetreiber;O2 Mobile on Demand M Plus mit 50 GB+ (24 Mon.);M;refurbished;1,00;14,99;29,00;;24;39,99;24;1096,75;;2026-10-10;https://www.o2online.de/e-shop/apple/apple-iphone-16-128gb-blau-erneuert-details?ohne-tarif=nein&zielgruppe=privatkunden&ratenzahlung=36&vertragsart=ratenzahlung&tarif=o2-mobile-on-demand-m-plus;apple-iphone-16-128gb-blau-refurbished;;
Bündel;iPhone 16;128;o2;netzbetreiber;O2 Mobile S mit 15 GB+ (24 Mon.);XS;refurbished;1,00;14,99;29,00;;24;39,99;24;1096,75;;2026-10-10;https://www.o2online.de/e-shop/apple/apple-iphone-16-128gb-blau-erneuert-details?ohne-tarif=nein&zielgruppe=privatkunden&ratenzahlung=36&vertragsart=ratenzahlung&tarif=o2-mobile-on-demand-m-plus;apple-iphone-16-128gb-blau-refurbished;nicht direkt genannt;
Bündel;iPhone 16;128;o2;netzbetreiber;O2 Mobile Special (24 Mon.);;refurbished;1,00;14,99;29,00;;24;0,00;24;1056,76;;2026-10-10;https://www.o2online.de/e-shop/apple/apple-iphone-16-128gb-blau-erneuert-details?ohne-tarif=nein&zielgruppe=privatkunden&ratenzahlung=36&vertragsart=ratenzahlung&tarif=o2-mobile-on-demand-m-plus;apple-iphone-16-128gb-blau-refurbished;nicht direkt genannt;
Bündel;iPhone 16;128;o2;netzbetreiber;O2 Mobile Unlimited L mit 300 MBit/s (24 Mon.);XL;refurbished;1,00;39,99;29,00;;24;0,00;24;1656,76;;2026-10-10;https://www.o2online.de/e-shop/apple/apple-iphone-16-128gb-blau-erneuert-details?ohne-tarif=nein&zielgruppe=privatkunden&ratenzahlung=36&vertragsart=ratenzahlung&tarif=o2-mobile-on-demand-m-plus;apple-iphone-16-128gb-blau-refurbished;nicht direkt genannt;
Bündel;iPhone 16;128;o2;netzbetreiber;O2 Mobile Unlimited L Plus mit 300 MBit/s (24 Mon.);;refurbished;1,00;29,99;29,00;;24;0,00;24;1416,76;;2026-10-10;https://www.o2online.de/e-shop/apple/apple-iphone-16-128gb-blau-erneuert-details?ohne-tarif=nein&zielgruppe=privatkunden&ratenzahlung=36&vertragsart=ratenzahlung&tarif=o2-mobile-on-demand-m-plus;apple-iphone-16-128gb-blau-refurbished;nicht direkt genannt;
Bündel;iPhone 16;128;o2;netzbetreiber;O2 Mobile Unlimited M mit 100 MBit/s (24 Mon.);XL;refurbished;1,00;29,99;29,00;;24;0,00;24;1416,76;;2026-10-10;https://www.o2online.de/e-shop/apple/apple-iphone-16-128gb-blau-erneuert-details?ohne-tarif=nein&zielgruppe=privatkunden&ratenzahlung=36&vertragsart=ratenzahlung&tarif=o2-mobile-on-demand-m-plus;apple-iphone-16-128gb-blau-refurbished;nicht direkt genannt;
Bündel;iPhone 16;128;o2;netzbetreiber;O2 Mobile Unlimited M Plus mit 100 MBit/s (24 Mon.);XL;refurbished;1,00;19,99;29,00;;24;0,00;24;1176,76;;2026-10-10;https://www.o2online.de/e-shop/apple/apple-iphone-16-128gb-blau-erneuert-details?ohne-tarif=nein&zielgruppe=privatkunden&ratenzahlung=36&vertragsart=ratenzahlung&tarif=o2-mobile-on-demand-m-plus;apple-iphone-16-128gb-blau-refurbished;nicht direkt genannt;
Bündel;iPhone 16;128;o2;netzbetreiber;O2 Mobile Unlimited S Special mit 15 MBit/s (24 Mon.);XL;refurbished;1,00;24,99;29,00;;24;39,99;24;1336,75;;2026-10-10;https://www.o2online.de/e-shop/apple/apple-iphone-16-128gb-blau-erneuert-details?ohne-tarif=nein&zielgruppe=privatkunden&ratenzahlung=36&vertragsart=ratenzahlung&tarif=o2-mobile-on-demand-m-plus;apple-iphone-16-128gb-blau-refurbished;nicht direkt genannt;
Bündel;iPhone 16;128;o2;netzbetreiber;O2 Mobile Unlimited S Special Plus mit 15 MBit/s (24 Mon.);XL;refurbished;1,00;19,99;29,00;;24;39,99;24;1216,75;;2026-10-10;https://www.o2online.de/e-shop/apple/apple-iphone-16-128gb-blau-erneuert-details?ohne-tarif=nein&zielgruppe=privatkunden&ratenzahlung=36&vertragsart=ratenzahlung&tarif=o2-mobile-on-demand-m-plus;apple-iphone-16-128gb-blau-refurbished;nicht direkt genannt;
Bündel;iPhone 16;128;o2;netzbetreiber;O2 Mobile L mit 150 GB+ (24 Mon.);L;neu;1,00;24,99;43,50;;24;0,00;24;1644,76;;2026-10-10;https://www.o2online.de/e-shop/apple/apple-iphone-16-128gb-schwarz-details?ohne-tarif=nein&zielgruppe=privatkunden&ratenzahlung=36&vertragsart=ratenzahlung&tarif=o2-mobile-on-demand-m-plus;apple-iphone-16-128gb-rosa;nicht direkt genannt;
Bündel;iPhone 16;128;o2;netzbetreiber;O2 Mobile L Plus mit 150 GB+ (24 Mon.);L;neu;1,00;19,99;43,50;;24;0,00;24;1524,76;;2026-10-10;https://www.o2online.de/e-shop/apple/apple-iphone-16-128gb-schwarz-details?ohne-tarif=nein&zielgruppe=privatkunden&ratenzahlung=36&vertragsart=ratenzahlung&tarif=o2-mobile-on-demand-m-plus;apple-iphone-16-128gb-rosa;;
Bündel;iPhone 16;128;o2;netzbetreiber;O2 Mobile on Demand M mit 50 GB+ (24 Mon.);M;neu;1,00;19,99;43,50;;24;39,99;24;1564,75;;2026-10-10;https://www.o2online.de/e-shop/apple/apple-iphone-16-128gb-schwarz-details?ohne-tarif=nein&zielgruppe=privatkunden&ratenzahlung=36&vertragsart=ratenzahlung&tarif=o2-mobile-on-demand-m-plus;apple-iphone-16-128gb-rosa;nicht direkt genannt;
Bündel;iPhone 16;128;o2;netzbetreiber;O2 Mobile on Demand M Plus mit 50 GB+ (24 Mon.);M;neu;1,00;14,99;43,50;;24;39,99;24;1444,75;;2026-10-10;https://www.o2online.de/e-shop/apple/apple-iphone-16-128gb-schwarz-details?ohne-tarif=nein&zielgruppe=privatkunden&ratenzahlung=36&vertragsart=ratenzahlung&tarif=o2-mobile-on-demand-m-plus;apple-iphone-16-128gb-rosa;;
Bündel;iPhone 16;128;o2;netzbetreiber;O2 Mobile S mit 15 GB+ (24 Mon.);XS;neu;1,00;14,99;43,50;;24;39,99;24;1444,75;;2026-10-10;https://www.o2online.de/e-shop/apple/apple-iphone-16-128gb-schwarz-details?ohne-tarif=nein&zielgruppe=privatkunden&ratenzahlung=36&vertragsart=ratenzahlung&tarif=o2-mobile-on-demand-m-plus;apple-iphone-16-128gb-rosa;nicht direkt genannt;
Bündel;iPhone 16;128;o2;netzbetreiber;O2 Mobile Special (24 Mon.);;neu;1,00;14,99;43,50;;24;0,00;24;1404,76;;2026-10-10;https://www.o2online.de/e-shop/apple/apple-iphone-16-128gb-schwarz-details?ohne-tarif=nein&zielgruppe=privatkunden&ratenzahlung=36&vertragsart=ratenzahlung&tarif=o2-mobile-on-demand-m-plus;apple-iphone-16-128gb-rosa;nicht direkt genannt;
Bündel;iPhone 16;128;o2;netzbetreiber;O2 Mobile Unlimited L mit 300 MBit/s (24 Mon.);XL;neu;1,00;39,99;43,50;;24;0,00;24;2004,76;;2026-10-10;https://www.o2online.de/e-shop/apple/apple-iphone-16-128gb-schwarz-details?ohne-tarif=nein&zielgruppe=privatkunden&ratenzahlung=36&vertragsart=ratenzahlung&tarif=o2-mobile-on-demand-m-plus;apple-iphone-16-128gb-rosa;nicht direkt genannt;
Bündel;iPhone 16;128;o2;netzbetreiber;O2 Mobile Unlimited L Plus mit 300 MBit/s (24 Mon.);;neu;1,00;29,99;43,50;;24;0,00;24;1764,76;;2026-10-10;https://www.o2online.de/e-shop/apple/apple-iphone-16-128gb-schwarz-details?ohne-tarif=nein&zielgruppe=privatkunden&ratenzahlung=36&vertragsart=ratenzahlung&tarif=o2-mobile-on-demand-m-plus;apple-iphone-16-128gb-rosa;;
Bündel;iPhone 16;128;o2;netzbetreiber;O2 Mobile Unlimited M mit 100 MBit/s (24 Mon.);XL;neu;1,00;29,99;43,50;;24;0,00;24;1764,76;;2026-10-10;https://www.o2online.de/e-shop/apple/apple-iphone-16-128gb-schwarz-details?ohne-tarif=nein&zielgruppe=privatkunden&ratenzahlung=36&vertragsart=ratenzahlung&tarif=o2-mobile-on-demand-m-plus;apple-iphone-16-128gb-rosa;nicht direkt genannt;
Bündel;iPhone 16;128;o2;netzbetreiber;O2 Mobile Unlimited M Plus mit 100 MBit/s (24 Mon.);XL;neu;1,00;19,99;43,50;;24;0,00;24;1524,76;;2026-10-10;https://www.o2online.de/e-shop/apple/apple-iphone-16-128gb-schwarz-details?ohne-tarif=nein&zielgruppe=privatkunden&ratenzahlung=36&vertragsart=ratenzahlung&tarif=o2-mobile-on-demand-m-plus;apple-iphone-16-128gb-rosa;;
Bündel;iPhone 16;128;o2;netzbetreiber;O2 Mobile Unlimited S Special mit 15 MBit/s (24 Mon.);XL;neu;1,00;24,99;43,50;;24;39,99;24;1684,75;;2026-10-10;https://www.o2online.de/e-shop/apple/apple-iphone-16-128gb-schwarz-details?ohne-tarif=nein&zielgruppe=privatkunden&ratenzahlung=36&vertragsart=ratenzahlung&tarif=o2-mobile-on-demand-m-plus;apple-iphone-16-128gb-rosa;nicht direkt genannt;
Bündel;iPhone 16;128;o2;netzbetreiber;O2 Mobile Unlimited S Special Plus mit 15 MBit/s (24 Mon.);XL;neu;1,00;19,99;43,50;;24;39,99;24;1564,75;;2026-10-10;https://www.o2online.de/e-shop/apple/apple-iphone-16-128gb-schwarz-details?ohne-tarif=nein&zielgruppe=privatkunden&ratenzahlung=36&vertragsart=ratenzahlung&tarif=o2-mobile-on-demand-m-plus;apple-iphone-16-128gb-rosa;nicht direkt genannt;
Bündel;iPhone 16;128;o2;netzbetreiber;O2 Mobile L mit 150 GB+ (24 Mon.);L;neu;1,00;24,99;43,50;;24;0,00;24;1644,76;;2026-10-09;https://www.o2online.de/e-shop/apple/apple-iphone-16-128gb-schwarz-details?ohne-tarif=nein&zielgruppe=privatkunden&ratenzahlung=36&vertragsart=ratenzahlung&tarif=o2-mobile-on-demand-m-plus;apple-iphone-16-128gb-schwarz;nicht direkt genannt;
Bündel;iPhone 16;128;o2;netzbetreiber;O2 Mobile L Plus mit 150 GB+ (24 Mon.);L;neu;1,00;19,99;43,50;;24;0,00;24;1524,76;;2026-10-09;https://www.o2online.de/e-shop/apple/apple-iphone-16-128gb-schwarz-details?ohne-tarif=nein&zielgruppe=privatkunden&ratenzahlung=36&vertragsart=ratenzahlung&tarif=o2-mobile-on-demand-m-plus;apple-iphone-16-128gb-schwarz;nicht direkt genannt;
Bündel;iPhone 16;128;o2;netzbetreiber;O2 Mobile on Demand M mit 50 GB+ (24 Mon.);M;neu;1,00;19,99;43,50;;24;39,99;24;1564,75;;2026-10-09;https://www.o2online.de/e-shop/apple/apple-iphone-16-128gb-schwarz-details?ohne-tarif=nein&zielgruppe=privatkunden&ratenzahlung=36&vertragsart=ratenzahlung&tarif=o2-mobile-on-demand-m-plus;apple-iphone-16-128gb-schwarz;nicht direkt genannt;
Bündel;iPhone 16;128;o2;netzbetreiber;O2 Mobile on Demand M Plus mit 50 GB+ (24 Mon.);M;neu;1,00;14,99;43,50;;24;39,99;24;1444,75;;2026-10-09;https://www.o2online.de/e-shop/apple/apple-iphone-16-128gb-schwarz-details?ohne-tarif=nein&zielgruppe=privatkunden&ratenzahlung=36&vertragsart=ratenzahlung&tarif=o2-mobile-on-demand-m-plus;apple-iphone-16-128gb-schwarz;;
Bündel;iPhone 16;128;o2;netzbetreiber;O2 Mobile S mit 15 GB+ (24 Mon.);XS;neu;1,00;14,99;43,50;;24;39,99;24;1444,75;;2026-10-09;https://www.o2online.de/e-shop/apple/apple-iphone-16-128gb-schwarz-details?ohne-tarif=nein&zielgruppe=privatkunden&ratenzahlung=36&vertragsart=ratenzahlung&tarif=o2-mobile-on-demand-m-plus;apple-iphone-16-128gb-schwarz;nicht direkt genannt;
Bündel;iPhone 16;128;o2;netzbetreiber;O2 Mobile Special (24 Mon.);;neu;1,00;14,99;43,50;;24;0,00;24;1404,76;;2026-10-09;https://www.o2online.de/e-shop/apple/apple-iphone-16-128gb-schwarz-details?ohne-tarif=nein&zielgruppe=privatkunden&ratenzahlung=36&vertragsart=ratenzahlung&tarif=o2-mobile-on-demand-m-plus;apple-iphone-16-128gb-schwarz;nicht direkt genannt;
Bündel;iPhone 16;128;o2;netzbetreiber;O2 Mobile Unlimited L mit 300 MBit/s (24 Mon.);XL;neu;1,00;39,99;43,50;;24;0,00;24;2004,76;;2026-10-09;https://www.o2online.de/e-shop/apple/apple-iphone-16-128gb-schwarz-details?ohne-tarif=nein&zielgruppe=privatkunden&ratenzahlung=36&vertragsart=ratenzahlung&tarif=o2-mobile-on-demand-m-plus;apple-iphone-16-128gb-schwarz;nicht direkt genannt;
Bündel;iPhone 16;128;o2;netzbetreiber;O2 Mobile Unlimited L Plus mit 300 MBit/s (24 Mon.);;neu;1,00;29,99;43,50;;24;0,00;24;1764,76;;2026-10-09;https://www.o2online.de/e-shop/apple/apple-iphone-16-128gb-schwarz-details?ohne-tarif=nein&zielgruppe=privatkunden&ratenzahlung=36&vertragsart=ratenzahlung&tarif=o2-mobile-on-demand-m-plus;apple-iphone-16-128gb-schwarz;nicht direkt genannt;
Bündel;iPhone 16;128;o2;netzbetreiber;O2 Mobile Unlimited M mit 100 MBit/s (24 Mon.);XL;neu;1,00;29,99;43,50;;24;0,00;24;1764,76;;2026-10-09;https://www.o2online.de/e-shop/apple/apple-iphone-16-128gb-schwarz-details?ohne-tarif=nein&zielgruppe=privatkunden&ratenzahlung=36&vertragsart=ratenzahlung&tarif=o2-mobile-on-demand-m-plus;apple-iphone-16-128gb-schwarz;nicht direkt genannt;
Bündel;iPhone 16;128;o2;netzbetreiber;O2 Mobile Unlimited M Plus mit 100 MBit/s (24 Mon.);XL;neu;1,00;19,99;43,50;;24;0,00;24;1524,76;;2026-10-09;https://www.o2online.de/e-shop/apple/apple-iphone-16-128gb-schwarz-details?ohne-tarif=nein&zielgruppe=privatkunden&ratenzahlung=36&vertragsart=ratenzahlung&tarif=o2-mobile-on-demand-m-plus;apple-iphone-16-128gb-schwarz;nicht direkt genannt;
Bündel;iPhone 16;128;o2;netzbetreiber;O2 Mobile Unlimited S Special mit 15 MBit/s (24 Mon.);XL;neu;1,00;24,99;43,50;;24;39,99;24;1684,75;;2026-10-09;https://www.o2online.de/e-shop/apple/apple-iphone-16-128gb-schwarz-details?ohne-tarif=nein&zielgruppe=privatkunden&ratenzahlung=36&vertragsart=ratenzahlung&tarif=o2-mobile-on-demand-m-plus;apple-iphone-16-128gb-schwarz;nicht direkt genannt;
Bündel;iPhone 16;128;o2;netzbetreiber;O2 Mobile Unlimited S Special Plus mit 15 MBit/s (24 Mon.);XL;neu;1,00;19,99;43,50;;24;39,99;24;1564,75;;2026-10-09;https://www.o2online.de/e-shop/apple/apple-iphone-16-128gb-schwarz-details?ohne-tarif=nein&zielgruppe=privatkunden&ratenzahlung=36&vertragsart=ratenzahlung&tarif=o2-mobile-on-demand-m-plus;apple-iphone-16-128gb-schwarz;nicht direkt genannt;
Bündel;iPhone 16 Plus;128;o2;netzbetreiber;O2 Mobile L mit 150 GB+ (24 Mon.);L;neu;7,00;24,99;41,00;;24;0,00;24;1590,76;;2026-10-10;https://www.o2online.de/e-shop/apple/apple-iphone-16-plus-128gb-ultramarin-details?ohne-tarif=nein&zielgruppe=privatkunden&ratenzahlung=36&vertragsart=ratenzahlung&tarif=o2-mobile-on-demand-m-plus;apple-iphone-16-plus-128gb-blau;nicht direkt genannt;
Bündel;iPhone 16 Plus;128;o2;netzbetreiber;O2 Mobile L Plus mit 150 GB+ (24 Mon.);L;neu;7,00;19,99;41,00;;24;0,00;24;1470,76;;2026-10-10;https://www.o2online.de/e-shop/apple/apple-iphone-16-plus-128gb-ultramarin-details?ohne-tarif=nein&zielgruppe=privatkunden&ratenzahlung=36&vertragsart=ratenzahlung&tarif=o2-mobile-on-demand-m-plus;apple-iphone-16-plus-128gb-blau;;
Bündel;iPhone 16 Plus;128;o2;netzbetreiber;O2 Mobile on Demand M mit 50 GB+ (24 Mon.);M;neu;7,00;19,99;41,00;;24;39,99;24;1510,75;;2026-10-10;https://www.o2online.de/e-shop/apple/apple-iphone-16-plus-128gb-ultramarin-details?ohne-tarif=nein&zielgruppe=privatkunden&ratenzahlung=36&vertragsart=ratenzahlung&tarif=o2-mobile-on-demand-m-plus;apple-iphone-16-plus-128gb-blau;nicht direkt genannt;
Bündel;iPhone 16 Plus;128;o2;netzbetreiber;O2 Mobile on Demand M Plus mit 50 GB+ (24 Mon.);M;neu;7,00;14,99;41,00;;24;39,99;24;1390,75;;2026-10-10;https://www.o2online.de/e-shop/apple/apple-iphone-16-plus-128gb-ultramarin-details?ohne-tarif=nein&zielgruppe=privatkunden&ratenzahlung=36&vertragsart=ratenzahlung&tarif=o2-mobile-on-demand-m-plus;apple-iphone-16-plus-128gb-blau;;
Bündel;iPhone 16 Plus;128;o2;netzbetreiber;O2 Mobile S mit 15 GB+ (24 Mon.);XS;neu;7,00;14,99;41,00;;24;39,99;24;1390,75;;2026-10-10;https://www.o2online.de/e-shop/apple/apple-iphone-16-plus-128gb-ultramarin-details?ohne-tarif=nein&zielgruppe=privatkunden&ratenzahlung=36&vertragsart=ratenzahlung&tarif=o2-mobile-on-demand-m-plus;apple-iphone-16-plus-128gb-blau;nicht direkt genannt;
Bündel;iPhone 16 Plus;128;o2;netzbetreiber;O2 Mobile Special (24 Mon.);;neu;7,00;14,99;41,00;;24;0,00;24;1350,76;;2026-10-10;https://www.o2online.de/e-shop/apple/apple-iphone-16-plus-128gb-ultramarin-details?ohne-tarif=nein&zielgruppe=privatkunden&ratenzahlung=36&vertragsart=ratenzahlung&tarif=o2-mobile-on-demand-m-plus;apple-iphone-16-plus-128gb-blau;nicht direkt genannt;
Bündel;iPhone 16 Plus;128;o2;netzbetreiber;O2 Mobile Unlimited L mit 300 MBit/s (24 Mon.);XL;neu;7,00;39,99;41,00;;24;0,00;24;1950,76;;2026-10-10;https://www.o2online.de/e-shop/apple/apple-iphone-16-plus-128gb-ultramarin-details?ohne-tarif=nein&zielgruppe=privatkunden&ratenzahlung=36&vertragsart=ratenzahlung&tarif=o2-mobile-on-demand-m-plus;apple-iphone-16-plus-128gb-blau;nicht direkt genannt;
Bündel;iPhone 16 Plus;128;o2;netzbetreiber;O2 Mobile Unlimited L Plus mit 300 MBit/s (24 Mon.);;neu;7,00;29,99;41,00;;24;0,00;24;1710,76;;2026-10-10;https://www.o2online.de/e-shop/apple/apple-iphone-16-plus-128gb-ultramarin-details?ohne-tarif=nein&zielgruppe=privatkunden&ratenzahlung=36&vertragsart=ratenzahlung&tarif=o2-mobile-on-demand-m-plus;apple-iphone-16-plus-128gb-blau;;
Bündel;iPhone 16 Plus;128;o2;netzbetreiber;O2 Mobile Unlimited M mit 100 MBit/s (24 Mon.);XL;neu;7,00;29,99;41,00;;24;0,00;24;1710,76;;2026-10-10;https://www.o2online.de/e-shop/apple/apple-iphone-16-plus-128gb-ultramarin-details?ohne-tarif=nein&zielgruppe=privatkunden&ratenzahlung=36&vertragsart=ratenzahlung&tarif=o2-mobile-on-demand-m-plus;apple-iphone-16-plus-128gb-blau;nicht direkt genannt;
Bündel;iPhone 16 Plus;128;o2;netzbetreiber;O2 Mobile Unlimited M Plus mit 100 MBit/s (24 Mon.);XL;neu;7,00;19,99;41,00;;24;0,00;24;1470,76;;2026-10-10;https://www.o2online.de/e-shop/apple/apple-iphone-16-plus-128gb-ultramarin-details?ohne-tarif=nein&zielgruppe=privatkunden&ratenzahlung=36&vertragsart=ratenzahlung&tarif=o2-mobile-on-demand-m-plus;apple-iphone-16-plus-128gb-blau;;
Bündel;iPhone 16 Plus;128;o2;netzbetreiber;O2 Mobile Unlimited S Special mit 15 MBit/s (24 Mon.);XL;neu;7,00;24,99;41,00;;24;39,99;24;1630,75;;2026-10-10;https://www.o2online.de/e-shop/apple/apple-iphone-16-plus-128gb-ultramarin-details?ohne-tarif=nein&zielgruppe=privatkunden&ratenzahlung=36&vertragsart=ratenzahlung&tarif=o2-mobile-on-demand-m-plus;apple-iphone-16-plus-128gb-blau;nicht direkt genannt;
Bündel;iPhone 16 Plus;128;o2;netzbetreiber;O2 Mobile Unlimited S Special Plus mit 15 MBit/s (24 Mon.);XL;neu;7,00;19,99;41,00;;24;39,99;24;1510,75;;2026-10-10;https://www.o2online.de/e-shop/apple/apple-iphone-16-plus-128gb-ultramarin-details?ohne-tarif=nein&zielgruppe=privatkunden&ratenzahlung=36&vertragsart=ratenzahlung&tarif=o2-mobile-on-demand-m-plus;apple-iphone-16-plus-128gb-blau;nicht direkt genannt;
Bündel;iPhone 16 Plus;128;o2;netzbetreiber;O2 Mobile L mit 150 GB+ (24 Mon.);L;neu;7,00;24,99;41,00;;24;0,00;24;1590,76;;2026-09-29;https://www.o2online.de/e-shop/apple/apple-iphone-16-plus-128gb-schwarz-details?ohne-tarif=nein&zielgruppe=privatkunden&ratenzahlung=36&vertragsart=ratenzahlung&tarif=o2-mobile-on-demand-m-plus;apple-iphone-16-plus-128gb-schwarz;nicht direkt genannt;
Bündel;iPhone 16 Plus;128;o2;netzbetreiber;O2 Mobile L Plus mit 150 GB+ (24 Mon.);L;neu;7,00;19,99;41,00;;24;0,00;24;1470,76;;2026-09-29;https://www.o2online.de/e-shop/apple/apple-iphone-16-plus-128gb-schwarz-details?ohne-tarif=nein&zielgruppe=privatkunden&ratenzahlung=36&vertragsart=ratenzahlung&tarif=o2-mobile-on-demand-m-plus;apple-iphone-16-plus-128gb-schwarz;nicht direkt genannt;
Bündel;iPhone 16 Plus;128;o2;netzbetreiber;O2 Mobile on Demand M mit 50 GB+ (24 Mon.);M;neu;7,00;19,99;41,00;;24;39,99;24;1510,75;;2026-09-29;https://www.o2online.de/e-shop/apple/apple-iphone-16-plus-128gb-schwarz-details?ohne-tarif=nein&zielgruppe=privatkunden&ratenzahlung=36&vertragsart=ratenzahlung&tarif=o2-mobile-on-demand-m-plus;apple-iphone-16-plus-128gb-schwarz;nicht direkt genannt;
Bündel;iPhone 16 Plus;128;o2;netzbetreiber;O2 Mobile on Demand M Plus mit 50 GB+ (24 Mon.);M;neu;7,00;14,99;41,00;;24;39,99;24;1390,75;;2026-09-29;https://www.o2online.de/e-shop/apple/apple-iphone-16-plus-128gb-schwarz-details?ohne-tarif=nein&zielgruppe=privatkunden&ratenzahlung=36&vertragsart=ratenzahlung&tarif=o2-mobile-on-demand-m-plus;apple-iphone-16-plus-128gb-schwarz;veraltet;
Bündel;iPhone 16 Plus;128;o2;netzbetreiber;O2 Mobile S mit 15 GB+ (24 Mon.);XS;neu;7,00;14,99;41,00;;24;39,99;24;1390,75;;2026-09-29;https://www.o2online.de/e-shop/apple/apple-iphone-16-plus-128gb-schwarz-details?ohne-tarif=nein&zielgruppe=privatkunden&ratenzahlung=36&vertragsart=ratenzahlung&tarif=o2-mobile-on-demand-m-plus;apple-iphone-16-plus-128gb-schwarz;nicht direkt genannt;
Bündel;iPhone 16 Plus;128;o2;netzbetreiber;O2 Mobile Unlimited L mit 300 MBit/s (24 Mon.);XL;neu;7,00;39,99;41,00;;24;0,00;24;1950,76;;2026-09-29;https://www.o2online.de/e-shop/apple/apple-iphone-16-plus-128gb-schwarz-details?ohne-tarif=nein&zielgruppe=privatkunden&ratenzahlung=36&vertragsart=ratenzahlung&tarif=o2-mobile-on-demand-m-plus;apple-iphone-16-plus-128gb-schwarz;nicht direkt genannt;
Bündel;iPhone 16 Plus;128;o2;netzbetreiber;O2 Mobile Unlimited M mit 100 MBit/s (24 Mon.);XL;neu;7,00;29,99;41,00;;24;0,00;24;1710,76;;2026-09-29;https://www.o2online.de/e-shop/apple/apple-iphone-16-plus-128gb-schwarz-details?ohne-tarif=nein&zielgruppe=privatkunden&ratenzahlung=36&vertragsart=ratenzahlung&tarif=o2-mobile-on-demand-m-plus;apple-iphone-16-plus-128gb-schwarz;nicht direkt genannt;
Bündel;iPhone 16 Plus;128;o2;netzbetreiber;O2 Mobile Unlimited M Plus mit 100 MBit/s (24 Mon.);XL;neu;7,00;19,99;41,00;;24;0,00;24;1470,76;;2026-09-29;https://www.o2online.de/e-shop/apple/apple-iphone-16-plus-128gb-schwarz-details?ohne-tarif=nein&zielgruppe=privatkunden&ratenzahlung=36&vertragsart=ratenzahlung&tarif=o2-mobile-on-demand-m-plus;apple-iphone-16-plus-128gb-schwarz;nicht direkt genannt;
Bündel;iPhone 16 Plus;128;o2;netzbetreiber;O2 Mobile Unlimited S Special mit 15 MBit/s (24 Mon.);XL;neu;7,00;24,99;41,00;;24;39,99;24;1630,75;;2026-09-29;https://www.o2online.de/e-shop/apple/apple-iphone-16-plus-128gb-schwarz-details?ohne-tarif=nein&zielgruppe=privatkunden&ratenzahlung=36&vertragsart=ratenzahlung&tarif=o2-mobile-on-demand-m-plus;apple-iphone-16-plus-128gb-schwarz;nicht direkt genannt;
Bündel;iPhone 16 Plus;128;o2;netzbetreiber;O2 Mobile Unlimited S Special Plus mit 15 MBit/s (24 Mon.);XL;neu;7,00;19,99;41,00;;24;39,99;24;1510,75;;2026-09-29;https://www.o2online.de/e-shop/apple/apple-iphone-16-plus-128gb-schwarz-details?ohne-tarif=nein&zielgruppe=privatkunden&ratenzahlung=36&vertragsart=ratenzahlung&tarif=o2-mobile-on-demand-m-plus;apple-iphone-16-plus-128gb-schwarz;nicht direkt genannt;
Bündel;iPhone 16 Pro;128;o2;netzbetreiber;O2 Mobile L mit 150 GB+ (24 Mon.);L;neu;25,00;24,99;51,50;;24;0,00;24;1860,76;;2026-10-10;https://www.o2online.de/e-shop/apple/apple-iphone-16-pro-128gb-titan-schwarz-details?ohne-tarif=nein&zielgruppe=privatkunden&ratenzahlung=36&vertragsart=ratenzahlung&tarif=o2-mobile-on-demand-m-plus;apple-iphone-16-pro-128gb-titan-schwarz;nicht direkt genannt;
Bündel;iPhone 16 Pro;128;o2;netzbetreiber;O2 Mobile L Plus mit 150 GB+ (24 Mon.);L;neu;25,00;19,99;51,50;;24;0,00;24;1740,76;;2026-10-10;https://www.o2online.de/e-shop/apple/apple-iphone-16-pro-128gb-titan-schwarz-details?ohne-tarif=nein&zielgruppe=privatkunden&ratenzahlung=36&vertragsart=ratenzahlung&tarif=o2-mobile-on-demand-m-plus;apple-iphone-16-pro-128gb-titan-schwarz;;
Bündel;iPhone 16 Pro;128;o2;netzbetreiber;O2 Mobile on Demand M mit 50 GB+ (24 Mon.);M;neu;25,00;19,99;51,50;;24;39,99;24;1780,75;;2026-10-10;https://www.o2online.de/e-shop/apple/apple-iphone-16-pro-128gb-titan-schwarz-details?ohne-tarif=nein&zielgruppe=privatkunden&ratenzahlung=36&vertragsart=ratenzahlung&tarif=o2-mobile-on-demand-m-plus;apple-iphone-16-pro-128gb-titan-schwarz;nicht direkt genannt;
Bündel;iPhone 16 Pro;128;o2;netzbetreiber;O2 Mobile on Demand M Plus mit 50 GB+ (24 Mon.);M;neu;25,00;14,99;51,50;;24;39,99;24;1660,75;;2026-10-10;https://www.o2online.de/e-shop/apple/apple-iphone-16-pro-128gb-titan-schwarz-details?ohne-tarif=nein&zielgruppe=privatkunden&ratenzahlung=36&vertragsart=ratenzahlung&tarif=o2-mobile-on-demand-m-plus;apple-iphone-16-pro-128gb-titan-schwarz;;
Bündel;iPhone 16 Pro;128;o2;netzbetreiber;O2 Mobile S mit 15 GB+ (24 Mon.);XS;neu;25,00;19,99;51,50;;24;39,99;24;1780,75;;2026-10-10;https://www.o2online.de/e-shop/apple/apple-iphone-16-pro-128gb-titan-schwarz-details?ohne-tarif=nein&zielgruppe=privatkunden&ratenzahlung=36&vertragsart=ratenzahlung&tarif=o2-mobile-on-demand-m-plus;apple-iphone-16-pro-128gb-titan-schwarz;nicht direkt genannt;
Bündel;iPhone 16 Pro;128;o2;netzbetreiber;O2 Mobile Special (24 Mon.);;neu;25,00;14,99;51,50;;24;0,00;24;1620,76;;2026-10-10;https://www.o2online.de/e-shop/apple/apple-iphone-16-pro-128gb-titan-schwarz-details?ohne-tarif=nein&zielgruppe=privatkunden&ratenzahlung=36&vertragsart=ratenzahlung&tarif=o2-mobile-on-demand-m-plus;apple-iphone-16-pro-128gb-titan-schwarz;nicht direkt genannt;
Bündel;iPhone 16 Pro;128;o2;netzbetreiber;O2 Mobile Unlimited L mit 300 MBit/s (24 Mon.);XL;neu;25,00;39,99;51,50;;24;0,00;24;2220,76;;2026-10-10;https://www.o2online.de/e-shop/apple/apple-iphone-16-pro-128gb-titan-schwarz-details?ohne-tarif=nein&zielgruppe=privatkunden&ratenzahlung=36&vertragsart=ratenzahlung&tarif=o2-mobile-on-demand-m-plus;apple-iphone-16-pro-128gb-titan-schwarz;nicht direkt genannt;
Bündel;iPhone 16 Pro;128;o2;netzbetreiber;O2 Mobile Unlimited L Plus mit 300 MBit/s (24 Mon.);;neu;25,00;34,99;51,50;;24;0,00;24;2100,76;;2026-10-10;https://www.o2online.de/e-shop/apple/apple-iphone-16-pro-128gb-titan-schwarz-details?ohne-tarif=nein&zielgruppe=privatkunden&ratenzahlung=36&vertragsart=ratenzahlung&tarif=o2-mobile-on-demand-m-plus;apple-iphone-16-pro-128gb-titan-schwarz;;
Bündel;iPhone 16 Pro;128;o2;netzbetreiber;O2 Mobile Unlimited M mit 100 MBit/s (24 Mon.);XL;neu;25,00;29,99;51,50;;24;0,00;24;1980,76;;2026-10-10;https://www.o2online.de/e-shop/apple/apple-iphone-16-pro-128gb-titan-schwarz-details?ohne-tarif=nein&zielgruppe=privatkunden&ratenzahlung=36&vertragsart=ratenzahlung&tarif=o2-mobile-on-demand-m-plus;apple-iphone-16-pro-128gb-titan-schwarz;nicht direkt genannt;
Bündel;iPhone 16 Pro;128;o2;netzbetreiber;O2 Mobile Unlimited M Plus mit 100 MBit/s (24 Mon.);XL;neu;25,00;24,99;51,50;;24;0,00;24;1860,76;;2026-10-10;https://www.o2online.de/e-shop/apple/apple-iphone-16-pro-128gb-titan-schwarz-details?ohne-tarif=nein&zielgruppe=privatkunden&ratenzahlung=36&vertragsart=ratenzahlung&tarif=o2-mobile-on-demand-m-plus;apple-iphone-16-pro-128gb-titan-schwarz;;
Bündel;iPhone 16 Pro;128;o2;netzbetreiber;O2 Mobile Unlimited S Special mit 15 MBit/s (24 Mon.);XL;neu;25,00;24,99;51,50;;24;39,99;24;1900,75;;2026-10-10;https://www.o2online.de/e-shop/apple/apple-iphone-16-pro-128gb-titan-schwarz-details?ohne-tarif=nein&zielgruppe=privatkunden&ratenzahlung=36&vertragsart=ratenzahlung&tarif=o2-mobile-on-demand-m-plus;apple-iphone-16-pro-128gb-titan-schwarz;nicht direkt genannt;
Bündel;iPhone 16 Pro;128;o2;netzbetreiber;O2 Mobile Unlimited S Special Plus mit 15 MBit/s (24 Mon.);XL;neu;25,00;19,99;51,50;;24;39,99;24;1780,75;;2026-10-10;https://www.o2online.de/e-shop/apple/apple-iphone-16-pro-128gb-titan-schwarz-details?ohne-tarif=nein&zielgruppe=privatkunden&ratenzahlung=36&vertragsart=ratenzahlung&tarif=o2-mobile-on-demand-m-plus;apple-iphone-16-pro-128gb-titan-schwarz;nicht direkt genannt;
Bündel;iPhone 16 Pro Max;256;o2;netzbetreiber;O2 Mobile L mit 150 GB+ (24 Mon.);L;neu;1,00;24,99;63,00;;24;0,00;24;2112,76;;2026-10-10;https://www.o2online.de/e-shop/apple/apple-iphone-16-pro-max-256gb-titan-weiss-details?ohne-tarif=nein&zielgruppe=privatkunden&ratenzahlung=36&vertragsart=ratenzahlung&tarif=o2-mobile-on-demand-m-plus;apple-iphone-16-pro-max-256gb-titan-weiss;nicht direkt genannt;
Bündel;iPhone 16 Pro Max;256;o2;netzbetreiber;O2 Mobile L Plus mit 150 GB+ (24 Mon.);L;neu;1,00;19,99;63,00;;24;0,00;24;1992,76;;2026-10-10;https://www.o2online.de/e-shop/apple/apple-iphone-16-pro-max-256gb-titan-weiss-details?ohne-tarif=nein&zielgruppe=privatkunden&ratenzahlung=36&vertragsart=ratenzahlung&tarif=o2-mobile-on-demand-m-plus;apple-iphone-16-pro-max-256gb-titan-weiss;;
Bündel;iPhone 16 Pro Max;256;o2;netzbetreiber;O2 Mobile on Demand M mit 50 GB+ (24 Mon.);M;neu;1,00;19,99;63,00;;24;39,99;24;2032,75;;2026-10-10;https://www.o2online.de/e-shop/apple/apple-iphone-16-pro-max-256gb-titan-weiss-details?ohne-tarif=nein&zielgruppe=privatkunden&ratenzahlung=36&vertragsart=ratenzahlung&tarif=o2-mobile-on-demand-m-plus;apple-iphone-16-pro-max-256gb-titan-weiss;nicht direkt genannt;
Bündel;iPhone 16 Pro Max;256;o2;netzbetreiber;O2 Mobile on Demand M Plus mit 50 GB+ (24 Mon.);M;neu;1,00;14,99;63,00;;24;39,99;24;1912,75;;2026-10-10;https://www.o2online.de/e-shop/apple/apple-iphone-16-pro-max-256gb-titan-weiss-details?ohne-tarif=nein&zielgruppe=privatkunden&ratenzahlung=36&vertragsart=ratenzahlung&tarif=o2-mobile-on-demand-m-plus;apple-iphone-16-pro-max-256gb-titan-weiss;;
Bündel;iPhone 16 Pro Max;256;o2;netzbetreiber;O2 Mobile S mit 15 GB+ (24 Mon.);XS;neu;1,00;19,99;63,00;;24;39,99;24;2032,75;;2026-10-10;https://www.o2online.de/e-shop/apple/apple-iphone-16-pro-max-256gb-titan-weiss-details?ohne-tarif=nein&zielgruppe=privatkunden&ratenzahlung=36&vertragsart=ratenzahlung&tarif=o2-mobile-on-demand-m-plus;apple-iphone-16-pro-max-256gb-titan-weiss;nicht direkt genannt;
Bündel;iPhone 16 Pro Max;256;o2;netzbetreiber;O2 Mobile Special (24 Mon.);;neu;1,00;14,99;63,00;;24;0,00;24;1872,76;;2026-10-10;https://www.o2online.de/e-shop/apple/apple-iphone-16-pro-max-256gb-titan-weiss-details?ohne-tarif=nein&zielgruppe=privatkunden&ratenzahlung=36&vertragsart=ratenzahlung&tarif=o2-mobile-on-demand-m-plus;apple-iphone-16-pro-max-256gb-titan-weiss;nicht direkt genannt;
Bündel;iPhone 16 Pro Max;256;o2;netzbetreiber;O2 Mobile Unlimited L mit 300 MBit/s (24 Mon.);XL;neu;1,00;39,99;63,00;;24;0,00;24;2472,76;;2026-10-10;https://www.o2online.de/e-shop/apple/apple-iphone-16-pro-max-256gb-titan-weiss-details?ohne-tarif=nein&zielgruppe=privatkunden&ratenzahlung=36&vertragsart=ratenzahlung&tarif=o2-mobile-on-demand-m-plus;apple-iphone-16-pro-max-256gb-titan-weiss;nicht direkt genannt;
Bündel;iPhone 16 Pro Max;256;o2;netzbetreiber;O2 Mobile Unlimited L Plus mit 300 MBit/s (24 Mon.);;neu;1,00;34,99;63,00;;24;0,00;24;2352,76;;2026-10-10;https://www.o2online.de/e-shop/apple/apple-iphone-16-pro-max-256gb-titan-weiss-details?ohne-tarif=nein&zielgruppe=privatkunden&ratenzahlung=36&vertragsart=ratenzahlung&tarif=o2-mobile-on-demand-m-plus;apple-iphone-16-pro-max-256gb-titan-weiss;;
Bündel;iPhone 16 Pro Max;256;o2;netzbetreiber;O2 Mobile Unlimited M mit 100 MBit/s (24 Mon.);XL;neu;1,00;29,99;63,00;;24;0,00;24;2232,76;;2026-10-10;https://www.o2online.de/e-shop/apple/apple-iphone-16-pro-max-256gb-titan-weiss-details?ohne-tarif=nein&zielgruppe=privatkunden&ratenzahlung=36&vertragsart=ratenzahlung&tarif=o2-mobile-on-demand-m-plus;apple-iphone-16-pro-max-256gb-titan-weiss;nicht direkt genannt;
Bündel;iPhone 16 Pro Max;256;o2;netzbetreiber;O2 Mobile Unlimited M Plus mit 100 MBit/s (24 Mon.);XL;neu;1,00;24,99;63,00;;24;0,00;24;2112,76;;2026-10-10;https://www.o2online.de/e-shop/apple/apple-iphone-16-pro-max-256gb-titan-weiss-details?ohne-tarif=nein&zielgruppe=privatkunden&ratenzahlung=36&vertragsart=ratenzahlung&tarif=o2-mobile-on-demand-m-plus;apple-iphone-16-pro-max-256gb-titan-weiss;;
Bündel;iPhone 16 Pro Max;256;o2;netzbetreiber;O2 Mobile Unlimited S Special mit 15 MBit/s (24 Mon.);XL;neu;1,00;24,99;63,00;;24;39,99;24;2152,75;;2026-10-10;https://www.o2online.de/e-shop/apple/apple-iphone-16-pro-max-256gb-titan-weiss-details?ohne-tarif=nein&zielgruppe=privatkunden&ratenzahlung=36&vertragsart=ratenzahlung&tarif=o2-mobile-on-demand-m-plus;apple-iphone-16-pro-max-256gb-titan-weiss;nicht direkt genannt;
Bündel;iPhone 16 Pro Max;256;o2;netzbetreiber;O2 Mobile Unlimited S Special Plus mit 15 MBit/s (24 Mon.);XL;neu;1,00;19,99;63,00;;24;39,99;24;2032,75;;2026-10-10;https://www.o2online.de/e-shop/apple/apple-iphone-16-pro-max-256gb-titan-weiss-details?ohne-tarif=nein&zielgruppe=privatkunden&ratenzahlung=36&vertragsart=ratenzahlung&tarif=o2-mobile-on-demand-m-plus;apple-iphone-16-pro-max-256gb-titan-weiss;nicht direkt genannt;
Bündel;iPhone 16 Pro Max;512;o2;netzbetreiber;O2 Mobile L mit 150 GB+ (24 Mon.);L;neu;1,00;24,99;73,50;;24;0,00;24;2364,76;;2026-10-10;https://www.o2online.de/e-shop/apple/apple-iphone-16-pro-max-256gb-titan-weiss-details?ohne-tarif=nein&zielgruppe=privatkunden&ratenzahlung=36&vertragsart=ratenzahlung&tarif=o2-mobile-on-demand-m-plus;apple-iphone-16-pro-max-512gb-titan-weiss;nicht direkt genannt;
Bündel;iPhone 16 Pro Max;512;o2;netzbetreiber;O2 Mobile L Plus mit 150 GB+ (24 Mon.);L;neu;1,00;19,99;73,50;;24;0,00;24;2244,76;;2026-10-10;https://www.o2online.de/e-shop/apple/apple-iphone-16-pro-max-256gb-titan-weiss-details?ohne-tarif=nein&zielgruppe=privatkunden&ratenzahlung=36&vertragsart=ratenzahlung&tarif=o2-mobile-on-demand-m-plus;apple-iphone-16-pro-max-512gb-titan-weiss;;
Bündel;iPhone 16 Pro Max;512;o2;netzbetreiber;O2 Mobile on Demand M mit 50 GB+ (24 Mon.);M;neu;1,00;19,99;73,50;;24;39,99;24;2284,75;;2026-10-10;https://www.o2online.de/e-shop/apple/apple-iphone-16-pro-max-256gb-titan-weiss-details?ohne-tarif=nein&zielgruppe=privatkunden&ratenzahlung=36&vertragsart=ratenzahlung&tarif=o2-mobile-on-demand-m-plus;apple-iphone-16-pro-max-512gb-titan-weiss;nicht direkt genannt;
Bündel;iPhone 16 Pro Max;512;o2;netzbetreiber;O2 Mobile on Demand M Plus mit 50 GB+ (24 Mon.);M;neu;1,00;14,99;73,50;;24;39,99;24;2164,75;;2026-10-10;https://www.o2online.de/e-shop/apple/apple-iphone-16-pro-max-256gb-titan-weiss-details?ohne-tarif=nein&zielgruppe=privatkunden&ratenzahlung=36&vertragsart=ratenzahlung&tarif=o2-mobile-on-demand-m-plus;apple-iphone-16-pro-max-512gb-titan-weiss;;
Bündel;iPhone 16 Pro Max;512;o2;netzbetreiber;O2 Mobile S mit 15 GB+ (24 Mon.);XS;neu;1,00;19,99;73,50;;24;39,99;24;2284,75;;2026-10-10;https://www.o2online.de/e-shop/apple/apple-iphone-16-pro-max-256gb-titan-weiss-details?ohne-tarif=nein&zielgruppe=privatkunden&ratenzahlung=36&vertragsart=ratenzahlung&tarif=o2-mobile-on-demand-m-plus;apple-iphone-16-pro-max-512gb-titan-weiss;nicht direkt genannt;
Bündel;iPhone 16 Pro Max;512;o2;netzbetreiber;O2 Mobile Special (24 Mon.);;neu;1,00;14,99;73,50;;24;0,00;24;2124,76;;2026-10-10;https://www.o2online.de/e-shop/apple/apple-iphone-16-pro-max-256gb-titan-weiss-details?ohne-tarif=nein&zielgruppe=privatkunden&ratenzahlung=36&vertragsart=ratenzahlung&tarif=o2-mobile-on-demand-m-plus;apple-iphone-16-pro-max-512gb-titan-weiss;nicht direkt genannt;
Bündel;iPhone 16 Pro Max;512;o2;netzbetreiber;O2 Mobile Unlimited L mit 300 MBit/s (24 Mon.);XL;neu;1,00;39,99;73,50;;24;0,00;24;2724,76;;2026-10-10;https://www.o2online.de/e-shop/apple/apple-iphone-16-pro-max-256gb-titan-weiss-details?ohne-tarif=nein&zielgruppe=privatkunden&ratenzahlung=36&vertragsart=ratenzahlung&tarif=o2-mobile-on-demand-m-plus;apple-iphone-16-pro-max-512gb-titan-weiss;nicht direkt genannt;
Bündel;iPhone 16 Pro Max;512;o2;netzbetreiber;O2 Mobile Unlimited L Plus mit 300 MBit/s (24 Mon.);;neu;1,00;34,99;73,50;;24;0,00;24;2604,76;;2026-10-10;https://www.o2online.de/e-shop/apple/apple-iphone-16-pro-max-256gb-titan-weiss-details?ohne-tarif=nein&zielgruppe=privatkunden&ratenzahlung=36&vertragsart=ratenzahlung&tarif=o2-mobile-on-demand-m-plus;apple-iphone-16-pro-max-512gb-titan-weiss;;
Bündel;iPhone 16 Pro Max;512;o2;netzbetreiber;O2 Mobile Unlimited M mit 100 MBit/s (24 Mon.);XL;neu;1,00;29,99;73,50;;24;0,00;24;2484,76;;2026-10-10;https://www.o2online.de/e-shop/apple/apple-iphone-16-pro-max-256gb-titan-weiss-details?ohne-tarif=nein&zielgruppe=privatkunden&ratenzahlung=36&vertragsart=ratenzahlung&tarif=o2-mobile-on-demand-m-plus;apple-iphone-16-pro-max-512gb-titan-weiss;nicht direkt genannt;
Bündel;iPhone 16 Pro Max;512;o2;netzbetreiber;O2 Mobile Unlimited M Plus mit 100 MBit/s (24 Mon.);XL;neu;1,00;24,99;73,50;;24;0,00;24;2364,76;;2026-10-10;https://www.o2online.de/e-shop/apple/apple-iphone-16-pro-max-256gb-titan-weiss-details?ohne-tarif=nein&zielgruppe=privatkunden&ratenzahlung=36&vertragsart=ratenzahlung&tarif=o2-mobile-on-demand-m-plus;apple-iphone-16-pro-max-512gb-titan-weiss;;
Bündel;iPhone 16 Pro Max;512;o2;netzbetreiber;O2 Mobile Unlimited S Special mit 15 MBit/s (24 Mon.);XL;neu;1,00;24,99;73,50;;24;39,99;24;2404,75;;2026-10-10;https://www.o2online.de/e-shop/apple/apple-iphone-16-pro-max-256gb-titan-weiss-details?ohne-tarif=nein&zielgruppe=privatkunden&ratenzahlung=36&vertragsart=ratenzahlung&tarif=o2-mobile-on-demand-m-plus;apple-iphone-16-pro-max-512gb-titan-weiss;nicht direkt genannt;
Bündel;iPhone 16 Pro Max;512;o2;netzbetreiber;O2 Mobile Unlimited S Special Plus mit 15 MBit/s (24 Mon.);XL;neu;1,00;19,99;73,50;;24;39,99;24;2284,75;;2026-10-10;https://www.o2online.de/e-shop/apple/apple-iphone-16-pro-max-256gb-titan-weiss-details?ohne-tarif=nein&zielgruppe=privatkunden&ratenzahlung=36&vertragsart=ratenzahlung&tarif=o2-mobile-on-demand-m-plus;apple-iphone-16-pro-max-512gb-titan-weiss;nicht direkt genannt;
Bündel;iPhone 16e;128;o2;netzbetreiber;O2 Mobile L mit 150 GB+ (24 Mon.);L;neu;7,00;24,99;29,00;;24;0,00;24;1302,76;;2026-10-10;https://www.o2online.de/e-shop/apple/apple-iphone-16e-128gb-weiss-details?ohne-tarif=nein&zielgruppe=privatkunden&ratenzahlung=36&vertragsart=ratenzahlung&tarif=o2-mobile-on-demand-m-plus;apple-iphone-16e-128gb-schwarz;nicht direkt genannt;
Bündel;iPhone 16e;128;o2;netzbetreiber;O2 Mobile L Plus mit 150 GB+ (24 Mon.);L;neu;7,00;19,99;29,00;;24;0,00;24;1182,76;;2026-10-10;https://www.o2online.de/e-shop/apple/apple-iphone-16e-128gb-weiss-details?ohne-tarif=nein&zielgruppe=privatkunden&ratenzahlung=36&vertragsart=ratenzahlung&tarif=o2-mobile-on-demand-m-plus;apple-iphone-16e-128gb-schwarz;;
Bündel;iPhone 16e;128;o2;netzbetreiber;O2 Mobile on Demand M mit 50 GB+ (24 Mon.);M;neu;7,00;19,99;29,00;;24;39,99;24;1222,75;;2026-10-10;https://www.o2online.de/e-shop/apple/apple-iphone-16e-128gb-weiss-details?ohne-tarif=nein&zielgruppe=privatkunden&ratenzahlung=36&vertragsart=ratenzahlung&tarif=o2-mobile-on-demand-m-plus;apple-iphone-16e-128gb-schwarz;nicht direkt genannt;
Bündel;iPhone 16e;128;o2;netzbetreiber;O2 Mobile on Demand M Plus mit 50 GB+ (24 Mon.);M;neu;7,00;14,99;29,00;;24;39,99;24;1102,75;;2026-10-10;https://www.o2online.de/e-shop/apple/apple-iphone-16e-128gb-weiss-details?ohne-tarif=nein&zielgruppe=privatkunden&ratenzahlung=36&vertragsart=ratenzahlung&tarif=o2-mobile-on-demand-m-plus;apple-iphone-16e-128gb-schwarz;;
Bündel;iPhone 16e;128;o2;netzbetreiber;O2 Mobile S mit 15 GB+ (24 Mon.);XS;neu;7,00;14,99;29,00;;24;39,99;24;1102,75;;2026-10-10;https://www.o2online.de/e-shop/apple/apple-iphone-16e-128gb-weiss-details?ohne-tarif=nein&zielgruppe=privatkunden&ratenzahlung=36&vertragsart=ratenzahlung&tarif=o2-mobile-on-demand-m-plus;apple-iphone-16e-128gb-schwarz;nicht direkt genannt;
Bündel;iPhone 16e;128;o2;netzbetreiber;O2 Mobile Special (24 Mon.);;neu;7,00;14,99;29,00;;24;0,00;24;1062,76;;2026-10-10;https://www.o2online.de/e-shop/apple/apple-iphone-16e-128gb-weiss-details?ohne-tarif=nein&zielgruppe=privatkunden&ratenzahlung=36&vertragsart=ratenzahlung&tarif=o2-mobile-on-demand-m-plus;apple-iphone-16e-128gb-schwarz;nicht direkt genannt;
Bündel;iPhone 16e;128;o2;netzbetreiber;O2 Mobile Unlimited L mit 300 MBit/s (24 Mon.);XL;neu;7,00;39,99;29,00;;24;0,00;24;1662,76;;2026-10-10;https://www.o2online.de/e-shop/apple/apple-iphone-16e-128gb-weiss-details?ohne-tarif=nein&zielgruppe=privatkunden&ratenzahlung=36&vertragsart=ratenzahlung&tarif=o2-mobile-on-demand-m-plus;apple-iphone-16e-128gb-schwarz;nicht direkt genannt;
Bündel;iPhone 16e;128;o2;netzbetreiber;O2 Mobile Unlimited L Plus mit 300 MBit/s (24 Mon.);;neu;7,00;29,99;29,00;;24;0,00;24;1422,76;;2026-10-10;https://www.o2online.de/e-shop/apple/apple-iphone-16e-128gb-weiss-details?ohne-tarif=nein&zielgruppe=privatkunden&ratenzahlung=36&vertragsart=ratenzahlung&tarif=o2-mobile-on-demand-m-plus;apple-iphone-16e-128gb-schwarz;;
Bündel;iPhone 16e;128;o2;netzbetreiber;O2 Mobile Unlimited M mit 100 MBit/s (24 Mon.);XL;neu;7,00;29,99;29,00;;24;0,00;24;1422,76;;2026-10-10;https://www.o2online.de/e-shop/apple/apple-iphone-16e-128gb-weiss-details?ohne-tarif=nein&zielgruppe=privatkunden&ratenzahlung=36&vertragsart=ratenzahlung&tarif=o2-mobile-on-demand-m-plus;apple-iphone-16e-128gb-schwarz;nicht direkt genannt;
Bündel;iPhone 16e;128;o2;netzbetreiber;O2 Mobile Unlimited M Plus mit 100 MBit/s (24 Mon.);XL;neu;7,00;19,99;29,00;;24;0,00;24;1182,76;;2026-10-10;https://www.o2online.de/e-shop/apple/apple-iphone-16e-128gb-weiss-details?ohne-tarif=nein&zielgruppe=privatkunden&ratenzahlung=36&vertragsart=ratenzahlung&tarif=o2-mobile-on-demand-m-plus;apple-iphone-16e-128gb-schwarz;;
Bündel;iPhone 16e;128;o2;netzbetreiber;O2 Mobile Unlimited S Special mit 15 MBit/s (24 Mon.);XL;neu;7,00;24,99;29,00;;24;39,99;24;1342,75;;2026-10-10;https://www.o2online.de/e-shop/apple/apple-iphone-16e-128gb-weiss-details?ohne-tarif=nein&zielgruppe=privatkunden&ratenzahlung=36&vertragsart=ratenzahlung&tarif=o2-mobile-on-demand-m-plus;apple-iphone-16e-128gb-schwarz;nicht direkt genannt;
Bündel;iPhone 16e;128;o2;netzbetreiber;O2 Mobile Unlimited S Special Plus mit 15 MBit/s (24 Mon.);XL;neu;7,00;19,99;29,00;;24;39,99;24;1222,75;;2026-10-10;https://www.o2online.de/e-shop/apple/apple-iphone-16e-128gb-weiss-details?ohne-tarif=nein&zielgruppe=privatkunden&ratenzahlung=36&vertragsart=ratenzahlung&tarif=o2-mobile-on-demand-m-plus;apple-iphone-16e-128gb-schwarz;nicht direkt genannt;
Bündel;iPhone 16e;128;o2;netzbetreiber;O2 Mobile L mit 150 GB+ (24 Mon.);L;neu;13,00;24,99;25,00;;24;0,00;24;1212,76;;2026-10-02;https://www.o2online.de/e-shop/apple/apple-iphone-16e-128gb-weiss-details?ohne-tarif=nein&zielgruppe=privatkunden&ratenzahlung=36&vertragsart=ratenzahlung&tarif=o2-mobile-on-demand-m-plus;apple-iphone-16e-128gb-weiss;nicht direkt genannt;
Bündel;iPhone 16e;128;o2;netzbetreiber;O2 Mobile L Plus mit 150 GB+ (24 Mon.);L;neu;13,00;19,99;25,00;;24;0,00;24;1092,76;;2026-10-02;https://www.o2online.de/e-shop/apple/apple-iphone-16e-128gb-weiss-details?ohne-tarif=nein&zielgruppe=privatkunden&ratenzahlung=36&vertragsart=ratenzahlung&tarif=o2-mobile-on-demand-m-plus;apple-iphone-16e-128gb-weiss;nicht direkt genannt;
Bündel;iPhone 16e;128;o2;netzbetreiber;O2 Mobile on Demand M mit 50 GB+ (24 Mon.);M;neu;13,00;19,99;25,00;;24;39,99;24;1132,75;;2026-10-02;https://www.o2online.de/e-shop/apple/apple-iphone-16e-128gb-weiss-details?ohne-tarif=nein&zielgruppe=privatkunden&ratenzahlung=36&vertragsart=ratenzahlung&tarif=o2-mobile-on-demand-m-plus;apple-iphone-16e-128gb-weiss;nicht direkt genannt;
Bündel;iPhone 16e;128;o2;netzbetreiber;O2 Mobile on Demand M Plus mit 50 GB+ (24 Mon.);M;neu;13,00;14,99;25,00;;24;39,99;24;1012,75;;2026-10-02;https://www.o2online.de/e-shop/apple/apple-iphone-16e-128gb-weiss-details?ohne-tarif=nein&zielgruppe=privatkunden&ratenzahlung=36&vertragsart=ratenzahlung&tarif=o2-mobile-on-demand-m-plus;apple-iphone-16e-128gb-weiss;veraltet;
Bündel;iPhone 16e;128;o2;netzbetreiber;O2 Mobile S mit 15 GB+ (24 Mon.);XS;neu;13,00;14,99;25,00;;24;39,99;24;1012,75;;2026-10-02;https://www.o2online.de/e-shop/apple/apple-iphone-16e-128gb-weiss-details?ohne-tarif=nein&zielgruppe=privatkunden&ratenzahlung=36&vertragsart=ratenzahlung&tarif=o2-mobile-on-demand-m-plus;apple-iphone-16e-128gb-weiss;nicht direkt genannt;
Bündel;iPhone 16e;128;o2;netzbetreiber;O2 Mobile Unlimited L mit 300 MBit/s (24 Mon.);XL;neu;13,00;39,99;25,00;;24;0,00;24;1572,76;;2026-10-02;https://www.o2online.de/e-shop/apple/apple-iphone-16e-128gb-weiss-details?ohne-tarif=nein&zielgruppe=privatkunden&ratenzahlung=36&vertragsart=ratenzahlung&tarif=o2-mobile-on-demand-m-plus;apple-iphone-16e-128gb-weiss;nicht direkt genannt;
Bündel;iPhone 16e;128;o2;netzbetreiber;O2 Mobile Unlimited M mit 100 MBit/s (24 Mon.);XL;neu;13,00;29,99;25,00;;24;0,00;24;1332,76;;2026-10-02;https://www.o2online.de/e-shop/apple/apple-iphone-16e-128gb-weiss-details?ohne-tarif=nein&zielgruppe=privatkunden&ratenzahlung=36&vertragsart=ratenzahlung&tarif=o2-mobile-on-demand-m-plus;apple-iphone-16e-128gb-weiss;nicht direkt genannt;
Bündel;iPhone 16e;128;o2;netzbetreiber;O2 Mobile Unlimited M Plus mit 100 MBit/s (24 Mon.);XL;neu;13,00;19,99;25,00;;24;0,00;24;1092,76;;2026-10-02;https://www.o2online.de/e-shop/apple/apple-iphone-16e-128gb-weiss-details?ohne-tarif=nein&zielgruppe=privatkunden&ratenzahlung=36&vertragsart=ratenzahlung&tarif=o2-mobile-on-demand-m-plus;apple-iphone-16e-128gb-weiss;nicht direkt genannt;
Bündel;iPhone 16e;128;o2;netzbetreiber;O2 Mobile Unlimited S Special mit 15 MBit/s (24 Mon.);XL;neu;13,00;24,99;25,00;;24;39,99;24;1252,75;;2026-10-02;https://www.o2online.de/e-shop/apple/apple-iphone-16e-128gb-weiss-details?ohne-tarif=nein&zielgruppe=privatkunden&ratenzahlung=36&vertragsart=ratenzahlung&tarif=o2-mobile-on-demand-m-plus;apple-iphone-16e-128gb-weiss;nicht direkt genannt;
Bündel;iPhone 16e;128;o2;netzbetreiber;O2 Mobile Unlimited S Special Plus mit 15 MBit/s (24 Mon.);XL;neu;13,00;19,99;25,00;;24;39,99;24;1132,75;;2026-10-02;https://www.o2online.de/e-shop/apple/apple-iphone-16e-128gb-weiss-details?ohne-tarif=nein&zielgruppe=privatkunden&ratenzahlung=36&vertragsart=ratenzahlung&tarif=o2-mobile-on-demand-m-plus;apple-iphone-16e-128gb-weiss;nicht direkt genannt;
Bündel;iPhone 17;256;o2;netzbetreiber;O2 Mobile L mit 150 GB+ (24 Mon.);L;neu;7,00;24,99;48,50;;24;0,00;24;1770,76;;2026-10-10;https://www.o2online.de/e-shop/apple/apple-iphone-17-256gb-schwarz-details?ohne-tarif=nein&zielgruppe=privatkunden&ratenzahlung=36&vertragsart=ratenzahlung&tarif=o2-mobile-on-demand-m-plus;apple-iphone-17-256gb-schwarz;nicht direkt genannt;
Bündel;iPhone 17;256;o2;netzbetreiber;O2 Mobile L Plus mit 150 GB+ (24 Mon.);L;neu;7,00;19,99;48,50;;24;0,00;24;1650,76;;2026-10-10;https://www.o2online.de/e-shop/apple/apple-iphone-17-256gb-schwarz-details?ohne-tarif=nein&zielgruppe=privatkunden&ratenzahlung=36&vertragsart=ratenzahlung&tarif=o2-mobile-on-demand-m-plus;apple-iphone-17-256gb-schwarz;;
Bündel;iPhone 17;256;o2;netzbetreiber;O2 Mobile on Demand M mit 50 GB+ (24 Mon.);M;neu;7,00;19,99;48,50;;24;39,99;24;1690,75;;2026-10-10;https://www.o2online.de/e-shop/apple/apple-iphone-17-256gb-schwarz-details?ohne-tarif=nein&zielgruppe=privatkunden&ratenzahlung=36&vertragsart=ratenzahlung&tarif=o2-mobile-on-demand-m-plus;apple-iphone-17-256gb-schwarz;nicht direkt genannt;
Bündel;iPhone 17;256;o2;netzbetreiber;O2 Mobile on Demand M Plus mit 50 GB+ (24 Mon.);M;neu;7,00;14,99;48,50;;24;39,99;24;1570,75;;2026-10-10;https://www.o2online.de/e-shop/apple/apple-iphone-17-256gb-schwarz-details?ohne-tarif=nein&zielgruppe=privatkunden&ratenzahlung=36&vertragsart=ratenzahlung&tarif=o2-mobile-on-demand-m-plus;apple-iphone-17-256gb-schwarz;;
Bündel;iPhone 17;256;o2;netzbetreiber;O2 Mobile S mit 15 GB+ (24 Mon.);XS;neu;7,00;14,99;48,50;;24;39,99;24;1570,75;;2026-10-10;https://www.o2online.de/e-shop/apple/apple-iphone-17-256gb-schwarz-details?ohne-tarif=nein&zielgruppe=privatkunden&ratenzahlung=36&vertragsart=ratenzahlung&tarif=o2-mobile-on-demand-m-plus;apple-iphone-17-256gb-schwarz;nicht direkt genannt;
Bündel;iPhone 17;256;o2;netzbetreiber;O2 Mobile Special (24 Mon.);;neu;7,00;14,99;48,50;;24;0,00;24;1530,76;;2026-10-10;https://www.o2online.de/e-shop/apple/apple-iphone-17-256gb-schwarz-details?ohne-tarif=nein&zielgruppe=privatkunden&ratenzahlung=36&vertragsart=ratenzahlung&tarif=o2-mobile-on-demand-m-plus;apple-iphone-17-256gb-schwarz;nicht direkt genannt;
Bündel;iPhone 17;256;o2;netzbetreiber;O2 Mobile Unlimited L mit 300 MBit/s (24 Mon.);XL;neu;7,00;39,99;48,50;;24;0,00;24;2130,76;;2026-10-10;https://www.o2online.de/e-shop/apple/apple-iphone-17-256gb-schwarz-details?ohne-tarif=nein&zielgruppe=privatkunden&ratenzahlung=36&vertragsart=ratenzahlung&tarif=o2-mobile-on-demand-m-plus;apple-iphone-17-256gb-schwarz;nicht direkt genannt;
Bündel;iPhone 17;256;o2;netzbetreiber;O2 Mobile Unlimited L Plus mit 300 MBit/s (24 Mon.);;neu;7,00;29,99;48,50;;24;0,00;24;1890,76;;2026-10-10;https://www.o2online.de/e-shop/apple/apple-iphone-17-256gb-schwarz-details?ohne-tarif=nein&zielgruppe=privatkunden&ratenzahlung=36&vertragsart=ratenzahlung&tarif=o2-mobile-on-demand-m-plus;apple-iphone-17-256gb-schwarz;;
Bündel;iPhone 17;256;o2;netzbetreiber;O2 Mobile Unlimited M mit 100 MBit/s (24 Mon.);XL;neu;7,00;29,99;48,50;;24;0,00;24;1890,76;;2026-10-10;https://www.o2online.de/e-shop/apple/apple-iphone-17-256gb-schwarz-details?ohne-tarif=nein&zielgruppe=privatkunden&ratenzahlung=36&vertragsart=ratenzahlung&tarif=o2-mobile-on-demand-m-plus;apple-iphone-17-256gb-schwarz;nicht direkt genannt;
Bündel;iPhone 17;256;o2;netzbetreiber;O2 Mobile Unlimited M Plus mit 100 MBit/s (24 Mon.);XL;neu;7,00;19,99;48,50;;24;0,00;24;1650,76;;2026-10-10;https://www.o2online.de/e-shop/apple/apple-iphone-17-256gb-schwarz-details?ohne-tarif=nein&zielgruppe=privatkunden&ratenzahlung=36&vertragsart=ratenzahlung&tarif=o2-mobile-on-demand-m-plus;apple-iphone-17-256gb-schwarz;;
Bündel;iPhone 17;256;o2;netzbetreiber;O2 Mobile Unlimited S Special mit 15 MBit/s (24 Mon.);XL;neu;7,00;24,99;48,50;;24;39,99;24;1810,75;;2026-10-10;https://www.o2online.de/e-shop/apple/apple-iphone-17-256gb-schwarz-details?ohne-tarif=nein&zielgruppe=privatkunden&ratenzahlung=36&vertragsart=ratenzahlung&tarif=o2-mobile-on-demand-m-plus;apple-iphone-17-256gb-schwarz;nicht direkt genannt;
Bündel;iPhone 17;256;o2;netzbetreiber;O2 Mobile Unlimited S Special Plus mit 15 MBit/s (24 Mon.);XL;neu;7,00;19,99;48,50;;24;39,99;24;1690,75;;2026-10-08;https://www.o2online.de/e-shop/apple/apple-iphone-17-256gb-schwarz-details?ohne-tarif=nein&zielgruppe=privatkunden&ratenzahlung=36&vertragsart=ratenzahlung&tarif=o2-mobile-on-demand-m-plus;apple-iphone-17-256gb-schwarz;;
Bündel;iPhone 17;256;o2;netzbetreiber;O2 Mobile L mit 150 GB+ (24 Mon.);L;refurbished;1,00;24,99;40,50;;24;0,00;24;1572,76;;2026-10-10;https://www.o2online.de/e-shop/apple/apple-iphone-17-256gb-schwarz-erneuert-details?ohne-tarif=nein&zielgruppe=privatkunden&ratenzahlung=36&vertragsart=ratenzahlung&tarif=o2-mobile-unlimited-m-plus;apple-iphone-17-256gb-schwarz-refurbished;nicht direkt genannt;
Bündel;iPhone 17;256;o2;netzbetreiber;O2 Mobile L Plus mit 150 GB+ (24 Mon.);L;refurbished;1,00;19,99;40,50;;24;0,00;24;1452,76;;2026-10-10;https://www.o2online.de/e-shop/apple/apple-iphone-17-256gb-schwarz-erneuert-details?ohne-tarif=nein&zielgruppe=privatkunden&ratenzahlung=36&vertragsart=ratenzahlung&tarif=o2-mobile-unlimited-m-plus;apple-iphone-17-256gb-schwarz-refurbished;nicht direkt genannt;
Bündel;iPhone 17;256;o2;netzbetreiber;O2 Mobile on Demand M mit 50 GB+ (24 Mon.);M;refurbished;1,00;19,99;40,50;;24;39,99;24;1492,75;;2026-10-10;https://www.o2online.de/e-shop/apple/apple-iphone-17-256gb-schwarz-erneuert-details?ohne-tarif=nein&zielgruppe=privatkunden&ratenzahlung=36&vertragsart=ratenzahlung&tarif=o2-mobile-unlimited-m-plus;apple-iphone-17-256gb-schwarz-refurbished;nicht direkt genannt;
Bündel;iPhone 17;256;o2;netzbetreiber;O2 Mobile on Demand M Plus mit 50 GB+ (24 Mon.);M;refurbished;1,00;14,99;40,50;;24;39,99;24;1372,75;;2026-10-10;https://www.o2online.de/e-shop/apple/apple-iphone-17-256gb-schwarz-erneuert-details?ohne-tarif=nein&zielgruppe=privatkunden&ratenzahlung=36&vertragsart=ratenzahlung&tarif=o2-mobile-unlimited-m-plus;apple-iphone-17-256gb-schwarz-refurbished;nicht direkt genannt;
Bündel;iPhone 17;256;o2;netzbetreiber;O2 Mobile S mit 15 GB+ (24 Mon.);XS;refurbished;1,00;14,99;40,50;;24;39,99;24;1372,75;;2026-10-10;https://www.o2online.de/e-shop/apple/apple-iphone-17-256gb-schwarz-erneuert-details?ohne-tarif=nein&zielgruppe=privatkunden&ratenzahlung=36&vertragsart=ratenzahlung&tarif=o2-mobile-unlimited-m-plus;apple-iphone-17-256gb-schwarz-refurbished;nicht direkt genannt;
Bündel;iPhone 17;256;o2;netzbetreiber;O2 Mobile Special (24 Mon.);;refurbished;1,00;14,99;40,50;;24;0,00;24;1332,76;;2026-10-10;https://www.o2online.de/e-shop/apple/apple-iphone-17-256gb-schwarz-erneuert-details?ohne-tarif=nein&zielgruppe=privatkunden&ratenzahlung=36&vertragsart=ratenzahlung&tarif=o2-mobile-unlimited-m-plus;apple-iphone-17-256gb-schwarz-refurbished;nicht direkt genannt;
Bündel;iPhone 17;256;o2;netzbetreiber;O2 Mobile Unlimited L mit 300 MBit/s (24 Mon.);XL;refurbished;1,00;39,99;40,50;;24;0,00;24;1932,76;;2026-10-10;https://www.o2online.de/e-shop/apple/apple-iphone-17-256gb-schwarz-erneuert-details?ohne-tarif=nein&zielgruppe=privatkunden&ratenzahlung=36&vertragsart=ratenzahlung&tarif=o2-mobile-unlimited-m-plus;apple-iphone-17-256gb-schwarz-refurbished;nicht direkt genannt;
Bündel;iPhone 17;256;o2;netzbetreiber;O2 Mobile Unlimited L Plus mit 300 MBit/s (24 Mon.);;refurbished;1,00;29,99;40,50;;24;0,00;24;1692,76;;2026-10-10;https://www.o2online.de/e-shop/apple/apple-iphone-17-256gb-schwarz-erneuert-details?ohne-tarif=nein&zielgruppe=privatkunden&ratenzahlung=36&vertragsart=ratenzahlung&tarif=o2-mobile-unlimited-m-plus;apple-iphone-17-256gb-schwarz-refurbished;nicht direkt genannt;
Bündel;iPhone 17;256;o2;netzbetreiber;O2 Mobile Unlimited M mit 100 MBit/s (24 Mon.);XL;refurbished;1,00;29,99;40,50;;24;0,00;24;1692,76;;2026-10-10;https://www.o2online.de/e-shop/apple/apple-iphone-17-256gb-schwarz-erneuert-details?ohne-tarif=nein&zielgruppe=privatkunden&ratenzahlung=36&vertragsart=ratenzahlung&tarif=o2-mobile-unlimited-m-plus;apple-iphone-17-256gb-schwarz-refurbished;nicht direkt genannt;
Bündel;iPhone 17;256;o2;netzbetreiber;O2 Mobile Unlimited M Plus mit 100 MBit/s (24 Mon.);XL;refurbished;1,00;19,99;40,50;;24;0,00;24;1452,76;;2026-10-10;https://www.o2online.de/e-shop/apple/apple-iphone-17-256gb-schwarz-erneuert-details?ohne-tarif=nein&zielgruppe=privatkunden&ratenzahlung=36&vertragsart=ratenzahlung&tarif=o2-mobile-unlimited-m-plus;apple-iphone-17-256gb-schwarz-refurbished;;
Bündel;iPhone 17;256;o2;netzbetreiber;O2 Mobile Unlimited S Special mit 15 MBit/s (24 Mon.);XL;refurbished;1,00;24,99;40,50;;24;39,99;24;1612,75;;2026-10-10;https://www.o2online.de/e-shop/apple/apple-iphone-17-256gb-schwarz-erneuert-details?ohne-tarif=nein&zielgruppe=privatkunden&ratenzahlung=36&vertragsart=ratenzahlung&tarif=o2-mobile-unlimited-m-plus;apple-iphone-17-256gb-schwarz-refurbished;nicht direkt genannt;
Bündel;iPhone 17;256;o2;netzbetreiber;O2 Mobile Unlimited S Special Plus mit 15 MBit/s (24 Mon.);XL;refurbished;1,00;19,99;40,50;;24;39,99;24;1492,75;;2026-10-10;https://www.o2online.de/e-shop/apple/apple-iphone-17-256gb-schwarz-erneuert-details?ohne-tarif=nein&zielgruppe=privatkunden&ratenzahlung=36&vertragsart=ratenzahlung&tarif=o2-mobile-unlimited-m-plus;apple-iphone-17-256gb-schwarz-refurbished;nicht direkt genannt;
Bündel;iPhone 17;256;o2;netzbetreiber;O2 Mobile L mit 150 GB+ (24 Mon.);L;refurbished;1,00;24,99;40,50;;24;0,00;24;1572,76;;2026-10-06;https://www.o2online.de/e-shop/apple/apple-iphone-17-256gb-schwarz-erneuert-details?ohne-tarif=nein&zielgruppe=privatkunden&ratenzahlung=36&vertragsart=ratenzahlung&tarif=o2-mobile-unlimited-m-plus;apple-iphone-17-256gb-weiss-refurbished;nicht direkt genannt;
Bündel;iPhone 17;256;o2;netzbetreiber;O2 Mobile L Plus mit 150 GB+ (24 Mon.);L;refurbished;1,00;19,99;40,50;;24;0,00;24;1452,76;;2026-10-06;https://www.o2online.de/e-shop/apple/apple-iphone-17-256gb-schwarz-erneuert-details?ohne-tarif=nein&zielgruppe=privatkunden&ratenzahlung=36&vertragsart=ratenzahlung&tarif=o2-mobile-unlimited-m-plus;apple-iphone-17-256gb-weiss-refurbished;nicht direkt genannt;
Bündel;iPhone 17;256;o2;netzbetreiber;O2 Mobile on Demand M mit 50 GB+ (24 Mon.);M;refurbished;1,00;19,99;40,50;;24;39,99;24;1492,75;;2026-10-06;https://www.o2online.de/e-shop/apple/apple-iphone-17-256gb-schwarz-erneuert-details?ohne-tarif=nein&zielgruppe=privatkunden&ratenzahlung=36&vertragsart=ratenzahlung&tarif=o2-mobile-unlimited-m-plus;apple-iphone-17-256gb-weiss-refurbished;nicht direkt genannt;
Bündel;iPhone 17;256;o2;netzbetreiber;O2 Mobile on Demand M Plus mit 50 GB+ (24 Mon.);M;refurbished;1,00;14,99;40,50;;24;39,99;24;1372,75;;2026-10-06;https://www.o2online.de/e-shop/apple/apple-iphone-17-256gb-schwarz-erneuert-details?ohne-tarif=nein&zielgruppe=privatkunden&ratenzahlung=36&vertragsart=ratenzahlung&tarif=o2-mobile-unlimited-m-plus;apple-iphone-17-256gb-weiss-refurbished;nicht direkt genannt;
Bündel;iPhone 17;256;o2;netzbetreiber;O2 Mobile S mit 15 GB+ (24 Mon.);XS;refurbished;1,00;14,99;40,50;;24;39,99;24;1372,75;;2026-10-06;https://www.o2online.de/e-shop/apple/apple-iphone-17-256gb-schwarz-erneuert-details?ohne-tarif=nein&zielgruppe=privatkunden&ratenzahlung=36&vertragsart=ratenzahlung&tarif=o2-mobile-unlimited-m-plus;apple-iphone-17-256gb-weiss-refurbished;nicht direkt genannt;
Bündel;iPhone 17;256;o2;netzbetreiber;O2 Mobile Unlimited L mit 300 MBit/s (24 Mon.);XL;refurbished;1,00;39,99;40,50;;24;0,00;24;1932,76;;2026-10-06;https://www.o2online.de/e-shop/apple/apple-iphone-17-256gb-schwarz-erneuert-details?ohne-tarif=nein&zielgruppe=privatkunden&ratenzahlung=36&vertragsart=ratenzahlung&tarif=o2-mobile-unlimited-m-plus;apple-iphone-17-256gb-weiss-refurbished;nicht direkt genannt;
Bündel;iPhone 17;256;o2;netzbetreiber;O2 Mobile Unlimited M mit 100 MBit/s (24 Mon.);XL;refurbished;1,00;29,99;40,50;;24;0,00;24;1692,76;;2026-10-06;https://www.o2online.de/e-shop/apple/apple-iphone-17-256gb-schwarz-erneuert-details?ohne-tarif=nein&zielgruppe=privatkunden&ratenzahlung=36&vertragsart=ratenzahlung&tarif=o2-mobile-unlimited-m-plus;apple-iphone-17-256gb-weiss-refurbished;nicht direkt genannt;
Bündel;iPhone 17;256;o2;netzbetreiber;O2 Mobile Unlimited M Plus mit 100 MBit/s (24 Mon.);XL;refurbished;1,00;19,99;40,50;;24;0,00;24;1452,76;;2026-10-06;https://www.o2online.de/e-shop/apple/apple-iphone-17-256gb-schwarz-erneuert-details?ohne-tarif=nein&zielgruppe=privatkunden&ratenzahlung=36&vertragsart=ratenzahlung&tarif=o2-mobile-unlimited-m-plus;apple-iphone-17-256gb-weiss-refurbished;veraltet;
Bündel;iPhone 17;256;o2;netzbetreiber;O2 Mobile Unlimited S Special mit 15 MBit/s (24 Mon.);XL;refurbished;1,00;24,99;40,50;;24;39,99;24;1612,75;;2026-10-06;https://www.o2online.de/e-shop/apple/apple-iphone-17-256gb-schwarz-erneuert-details?ohne-tarif=nein&zielgruppe=privatkunden&ratenzahlung=36&vertragsart=ratenzahlung&tarif=o2-mobile-unlimited-m-plus;apple-iphone-17-256gb-weiss-refurbished;nicht direkt genannt;
Bündel;iPhone 17;256;o2;netzbetreiber;O2 Mobile Unlimited S Special Plus mit 15 MBit/s (24 Mon.);XL;refurbished;1,00;19,99;40,50;;24;39,99;24;1492,75;;2026-10-06;https://www.o2online.de/e-shop/apple/apple-iphone-17-256gb-schwarz-erneuert-details?ohne-tarif=nein&zielgruppe=privatkunden&ratenzahlung=36&vertragsart=ratenzahlung&tarif=o2-mobile-unlimited-m-plus;apple-iphone-17-256gb-weiss-refurbished;nicht direkt genannt;
Bündel;iPhone 17 Pro;256;o2;netzbetreiber;O2 Mobile L mit 150 GB+ (24 Mon.);L;neu;7,00;24,99;54,50;;24;0,00;24;1914,76;;2026-10-10;https://www.o2online.de/e-shop/apple/apple-iphone-17-pro-256gb-cosmic-orange-details?ohne-tarif=nein&zielgruppe=privatkunden&ratenzahlung=36&vertragsart=ratenzahlung&tarif=o2-mobile-unlimited-m-plus;apple-iphone-17-pro-256gb-cosmic-orange;nicht direkt genannt;
Bündel;iPhone 17 Pro;256;o2;netzbetreiber;O2 Mobile L Plus mit 150 GB+ (24 Mon.);L;neu;7,00;19,99;54,50;;24;0,00;24;1794,76;;2026-10-10;https://www.o2online.de/e-shop/apple/apple-iphone-17-pro-256gb-silber-details?ohne-tarif=nein&zielgruppe=privatkunden&ratenzahlung=36&vertragsart=ratenzahlung&tarif=o2-mobile-unlimited-m-plus;apple-iphone-17-pro-256gb-cosmic-orange;;
Bündel;iPhone 17 Pro;256;o2;netzbetreiber;O2 Mobile on Demand M mit 50 GB+ (24 Mon.);M;neu;7,00;19,99;54,50;;24;39,99;24;1834,75;;2026-10-10;https://www.o2online.de/e-shop/apple/apple-iphone-17-pro-256gb-cosmic-orange-details?ohne-tarif=nein&zielgruppe=privatkunden&ratenzahlung=36&vertragsart=ratenzahlung&tarif=o2-mobile-unlimited-m-plus;apple-iphone-17-pro-256gb-cosmic-orange;nicht direkt genannt;
Bündel;iPhone 17 Pro;256;o2;netzbetreiber;O2 Mobile on Demand M Plus mit 50 GB+ (24 Mon.);M;neu;7,00;14,99;54,50;;24;39,99;24;1714,75;;2026-10-10;https://www.o2online.de/e-shop/apple/apple-iphone-17-pro-256gb-silber-details?ohne-tarif=nein&zielgruppe=privatkunden&ratenzahlung=36&vertragsart=ratenzahlung&tarif=o2-mobile-unlimited-m-plus;apple-iphone-17-pro-256gb-cosmic-orange;;
Bündel;iPhone 17 Pro;256;o2;netzbetreiber;O2 Mobile S mit 15 GB+ (24 Mon.);XS;neu;7,00;14,99;54,50;;24;39,99;24;1714,75;;2026-10-10;https://www.o2online.de/e-shop/apple/apple-iphone-17-pro-256gb-cosmic-orange-details?ohne-tarif=nein&zielgruppe=privatkunden&ratenzahlung=36&vertragsart=ratenzahlung&tarif=o2-mobile-unlimited-m-plus;apple-iphone-17-pro-256gb-cosmic-orange;nicht direkt genannt;
Bündel;iPhone 17 Pro;256;o2;netzbetreiber;O2 Mobile Special (24 Mon.);;neu;7,00;14,99;54,50;;24;0,00;24;1674,76;;2026-10-10;https://www.o2online.de/e-shop/apple/apple-iphone-17-pro-256gb-cosmic-orange-details?ohne-tarif=nein&zielgruppe=privatkunden&ratenzahlung=36&vertragsart=ratenzahlung&tarif=o2-mobile-unlimited-m-plus;apple-iphone-17-pro-256gb-cosmic-orange;nicht direkt genannt;
Bündel;iPhone 17 Pro;256;o2;netzbetreiber;O2 Mobile Unlimited L mit 300 MBit/s (24 Mon.);XL;neu;7,00;39,99;54,50;;24;0,00;24;2274,76;;2026-10-10;https://www.o2online.de/e-shop/apple/apple-iphone-17-pro-256gb-cosmic-orange-details?ohne-tarif=nein&zielgruppe=privatkunden&ratenzahlung=36&vertragsart=ratenzahlung&tarif=o2-mobile-unlimited-m-plus;apple-iphone-17-pro-256gb-cosmic-orange;nicht direkt genannt;
Bündel;iPhone 17 Pro;256;o2;netzbetreiber;O2 Mobile Unlimited L Plus mit 300 MBit/s (24 Mon.);;neu;7,00;29,99;54,50;;24;0,00;24;2034,76;;2026-10-10;https://www.o2online.de/e-shop/apple/apple-iphone-17-pro-256gb-silber-details?ohne-tarif=nein&zielgruppe=privatkunden&ratenzahlung=36&vertragsart=ratenzahlung&tarif=o2-mobile-unlimited-m-plus;apple-iphone-17-pro-256gb-cosmic-orange;;
Bündel;iPhone 17 Pro;256;o2;netzbetreiber;O2 Mobile Unlimited M mit 100 MBit/s (24 Mon.);XL;neu;7,00;29,99;54,50;;24;0,00;24;2034,76;;2026-10-10;https://www.o2online.de/e-shop/apple/apple-iphone-17-pro-256gb-cosmic-orange-details?ohne-tarif=nein&zielgruppe=privatkunden&ratenzahlung=36&vertragsart=ratenzahlung&tarif=o2-mobile-unlimited-m-plus;apple-iphone-17-pro-256gb-cosmic-orange;nicht direkt genannt;
Bündel;iPhone 17 Pro;256;o2;netzbetreiber;O2 Mobile Unlimited M Plus mit 100 MBit/s (24 Mon.);XL;neu;7,00;19,99;54,50;;24;0,00;24;1794,76;;2026-10-10;https://www.o2online.de/e-shop/apple/apple-iphone-17-pro-256gb-silber-details?ohne-tarif=nein&zielgruppe=privatkunden&ratenzahlung=36&vertragsart=ratenzahlung&tarif=o2-mobile-unlimited-m-plus;apple-iphone-17-pro-256gb-cosmic-orange;;
Bündel;iPhone 17 Pro;256;o2;netzbetreiber;O2 Mobile Unlimited S Special mit 15 MBit/s (24 Mon.);XL;neu;7,00;24,99;54,50;;24;39,99;24;1954,75;;2026-10-10;https://www.o2online.de/e-shop/apple/apple-iphone-17-pro-256gb-cosmic-orange-details?ohne-tarif=nein&zielgruppe=privatkunden&ratenzahlung=36&vertragsart=ratenzahlung&tarif=o2-mobile-unlimited-m-plus;apple-iphone-17-pro-256gb-cosmic-orange;nicht direkt genannt;
Bündel;iPhone 17 Pro;256;o2;netzbetreiber;O2 Mobile Unlimited S Special Plus mit 15 MBit/s (24 Mon.);XL;neu;7,00;19,99;54,50;;24;39,99;24;1834,75;;2026-10-08;https://www.o2online.de/e-shop/apple/apple-iphone-17-pro-256gb-silber-details?ohne-tarif=nein&zielgruppe=privatkunden&ratenzahlung=36&vertragsart=ratenzahlung&tarif=o2-mobile-unlimited-m-plus;apple-iphone-17-pro-256gb-cosmic-orange;;
Bündel;iPhone 17 Pro;256;o2;netzbetreiber;O2 Mobile L mit 150 GB+ (24 Mon.);L;neu;7,00;24,99;54,50;;24;0,00;24;1914,76;;2026-10-04;https://www.o2online.de/e-shop/apple/apple-iphone-17-pro-256gb-silber-details?ohne-tarif=nein&zielgruppe=privatkunden&ratenzahlung=36&vertragsart=ratenzahlung&tarif=o2-mobile-unlimited-m-plus;apple-iphone-17-pro-256gb-silber;nicht direkt genannt;
Bündel;iPhone 17 Pro;256;o2;netzbetreiber;O2 Mobile L Plus mit 150 GB+ (24 Mon.);L;neu;7,00;19,99;54,50;;24;0,00;24;1794,76;;2026-10-04;https://www.o2online.de/e-shop/apple/apple-iphone-17-pro-256gb-silber-details?ohne-tarif=nein&zielgruppe=privatkunden&ratenzahlung=36&vertragsart=ratenzahlung&tarif=o2-mobile-unlimited-m-plus;apple-iphone-17-pro-256gb-silber;nicht direkt genannt;
Bündel;iPhone 17 Pro;256;o2;netzbetreiber;O2 Mobile on Demand M mit 50 GB+ (24 Mon.);M;neu;7,00;19,99;54,50;;24;39,99;24;1834,75;;2026-10-04;https://www.o2online.de/e-shop/apple/apple-iphone-17-pro-256gb-silber-details?ohne-tarif=nein&zielgruppe=privatkunden&ratenzahlung=36&vertragsart=ratenzahlung&tarif=o2-mobile-unlimited-m-plus;apple-iphone-17-pro-256gb-silber;nicht direkt genannt;
Bündel;iPhone 17 Pro;256;o2;netzbetreiber;O2 Mobile on Demand M Plus mit 50 GB+ (24 Mon.);M;neu;7,00;14,99;54,50;;24;39,99;24;1714,75;;2026-10-04;https://www.o2online.de/e-shop/apple/apple-iphone-17-pro-256gb-silber-details?ohne-tarif=nein&zielgruppe=privatkunden&ratenzahlung=36&vertragsart=ratenzahlung&tarif=o2-mobile-unlimited-m-plus;apple-iphone-17-pro-256gb-silber;nicht direkt genannt;
Bündel;iPhone 17 Pro;256;o2;netzbetreiber;O2 Mobile S mit 15 GB+ (24 Mon.);XS;neu;7,00;14,99;54,50;;24;39,99;24;1714,75;;2026-10-04;https://www.o2online.de/e-shop/apple/apple-iphone-17-pro-256gb-silber-details?ohne-tarif=nein&zielgruppe=privatkunden&ratenzahlung=36&vertragsart=ratenzahlung&tarif=o2-mobile-unlimited-m-plus;apple-iphone-17-pro-256gb-silber;nicht direkt genannt;
Bündel;iPhone 17 Pro;256;o2;netzbetreiber;O2 Mobile Unlimited L mit 300 MBit/s (24 Mon.);XL;neu;7,00;39,99;54,50;;24;0,00;24;2274,76;;2026-10-04;https://www.o2online.de/e-shop/apple/apple-iphone-17-pro-256gb-silber-details?ohne-tarif=nein&zielgruppe=privatkunden&ratenzahlung=36&vertragsart=ratenzahlung&tarif=o2-mobile-unlimited-m-plus;apple-iphone-17-pro-256gb-silber;nicht direkt genannt;
Bündel;iPhone 17 Pro;256;o2;netzbetreiber;O2 Mobile Unlimited M mit 100 MBit/s (24 Mon.);XL;neu;7,00;29,99;54,50;;24;0,00;24;2034,76;;2026-10-04;https://www.o2online.de/e-shop/apple/apple-iphone-17-pro-256gb-silber-details?ohne-tarif=nein&zielgruppe=privatkunden&ratenzahlung=36&vertragsart=ratenzahlung&tarif=o2-mobile-unlimited-m-plus;apple-iphone-17-pro-256gb-silber;nicht direkt genannt;
Bündel;iPhone 17 Pro;256;o2;netzbetreiber;O2 Mobile Unlimited M Plus mit 100 MBit/s (24 Mon.);XL;neu;7,00;19,99;54,50;;24;0,00;24;1794,76;;2026-10-04;https://www.o2online.de/e-shop/apple/apple-iphone-17-pro-256gb-silber-details?ohne-tarif=nein&zielgruppe=privatkunden&ratenzahlung=36&vertragsart=ratenzahlung&tarif=o2-mobile-unlimited-m-plus;apple-iphone-17-pro-256gb-silber;veraltet;
Bündel;iPhone 17 Pro;256;o2;netzbetreiber;O2 Mobile Unlimited S Special mit 15 MBit/s (24 Mon.);XL;neu;7,00;24,99;54,50;;24;39,99;24;1954,75;;2026-10-04;https://www.o2online.de/e-shop/apple/apple-iphone-17-pro-256gb-silber-details?ohne-tarif=nein&zielgruppe=privatkunden&ratenzahlung=36&vertragsart=ratenzahlung&tarif=o2-mobile-unlimited-m-plus;apple-iphone-17-pro-256gb-silber;nicht direkt genannt;
Bündel;iPhone 17 Pro;256;o2;netzbetreiber;O2 Mobile Unlimited S Special Plus mit 15 MBit/s (24 Mon.);XL;neu;7,00;19,99;54,50;;24;39,99;24;1834,75;;2026-10-04;https://www.o2online.de/e-shop/apple/apple-iphone-17-pro-256gb-silber-details?ohne-tarif=nein&zielgruppe=privatkunden&ratenzahlung=36&vertragsart=ratenzahlung&tarif=o2-mobile-unlimited-m-plus;apple-iphone-17-pro-256gb-silber;nicht direkt genannt;
Bündel;iPhone 17 Pro;512;o2;netzbetreiber;O2 Mobile L mit 150 GB+ (24 Mon.);L;neu;7,00;24,99;66,00;;24;0,00;24;2190,76;;2026-10-04;https://www.o2online.de/e-shop/apple/apple-iphone-17-pro-256gb-silber-details?ohne-tarif=nein&zielgruppe=privatkunden&ratenzahlung=36&vertragsart=ratenzahlung&tarif=o2-mobile-unlimited-m-plus;apple-iphone-17-pro-512gb-silber;nicht direkt genannt;
Bündel;iPhone 17 Pro;512;o2;netzbetreiber;O2 Mobile L Plus mit 150 GB+ (24 Mon.);L;neu;7,00;19,99;66,00;;24;0,00;24;2070,76;;2026-10-04;https://www.o2online.de/e-shop/apple/apple-iphone-17-pro-256gb-silber-details?ohne-tarif=nein&zielgruppe=privatkunden&ratenzahlung=36&vertragsart=ratenzahlung&tarif=o2-mobile-unlimited-m-plus;apple-iphone-17-pro-512gb-silber;nicht direkt genannt;
Bündel;iPhone 17 Pro;512;o2;netzbetreiber;O2 Mobile on Demand M mit 50 GB+ (24 Mon.);M;neu;7,00;19,99;66,00;;24;39,99;24;2110,75;;2026-10-04;https://www.o2online.de/e-shop/apple/apple-iphone-17-pro-256gb-silber-details?ohne-tarif=nein&zielgruppe=privatkunden&ratenzahlung=36&vertragsart=ratenzahlung&tarif=o2-mobile-unlimited-m-plus;apple-iphone-17-pro-512gb-silber;nicht direkt genannt;
Bündel;iPhone 17 Pro;512;o2;netzbetreiber;O2 Mobile on Demand M Plus mit 50 GB+ (24 Mon.);M;neu;7,00;14,99;66,00;;24;39,99;24;1990,75;;2026-10-04;https://www.o2online.de/e-shop/apple/apple-iphone-17-pro-256gb-silber-details?ohne-tarif=nein&zielgruppe=privatkunden&ratenzahlung=36&vertragsart=ratenzahlung&tarif=o2-mobile-unlimited-m-plus;apple-iphone-17-pro-512gb-silber;nicht direkt genannt;
Bündel;iPhone 17 Pro;512;o2;netzbetreiber;O2 Mobile S mit 15 GB+ (24 Mon.);XS;neu;7,00;14,99;66,00;;24;39,99;24;1990,75;;2026-10-04;https://www.o2online.de/e-shop/apple/apple-iphone-17-pro-256gb-silber-details?ohne-tarif=nein&zielgruppe=privatkunden&ratenzahlung=36&vertragsart=ratenzahlung&tarif=o2-mobile-unlimited-m-plus;apple-iphone-17-pro-512gb-silber;nicht direkt genannt;
Bündel;iPhone 17 Pro;512;o2;netzbetreiber;O2 Mobile Unlimited L mit 300 MBit/s (24 Mon.);XL;neu;7,00;39,99;66,00;;24;0,00;24;2550,76;;2026-10-04;https://www.o2online.de/e-shop/apple/apple-iphone-17-pro-256gb-silber-details?ohne-tarif=nein&zielgruppe=privatkunden&ratenzahlung=36&vertragsart=ratenzahlung&tarif=o2-mobile-unlimited-m-plus;apple-iphone-17-pro-512gb-silber;nicht direkt genannt;
Bündel;iPhone 17 Pro;512;o2;netzbetreiber;O2 Mobile Unlimited M mit 100 MBit/s (24 Mon.);XL;neu;7,00;29,99;66,00;;24;0,00;24;2310,76;;2026-10-04;https://www.o2online.de/e-shop/apple/apple-iphone-17-pro-256gb-silber-details?ohne-tarif=nein&zielgruppe=privatkunden&ratenzahlung=36&vertragsart=ratenzahlung&tarif=o2-mobile-unlimited-m-plus;apple-iphone-17-pro-512gb-silber;nicht direkt genannt;
Bündel;iPhone 17 Pro;512;o2;netzbetreiber;O2 Mobile Unlimited M Plus mit 100 MBit/s (24 Mon.);XL;neu;7,00;19,99;66,00;;24;0,00;24;2070,76;;2026-10-04;https://www.o2online.de/e-shop/apple/apple-iphone-17-pro-256gb-silber-details?ohne-tarif=nein&zielgruppe=privatkunden&ratenzahlung=36&vertragsart=ratenzahlung&tarif=o2-mobile-unlimited-m-plus;apple-iphone-17-pro-512gb-silber;veraltet;
Bündel;iPhone 17 Pro;512;o2;netzbetreiber;O2 Mobile Unlimited S Special mit 15 MBit/s (24 Mon.);XL;neu;7,00;24,99;66,00;;24;39,99;24;2230,75;;2026-10-04;https://www.o2online.de/e-shop/apple/apple-iphone-17-pro-256gb-silber-details?ohne-tarif=nein&zielgruppe=privatkunden&ratenzahlung=36&vertragsart=ratenzahlung&tarif=o2-mobile-unlimited-m-plus;apple-iphone-17-pro-512gb-silber;nicht direkt genannt;
Bündel;iPhone 17 Pro;512;o2;netzbetreiber;O2 Mobile Unlimited S Special Plus mit 15 MBit/s (24 Mon.);XL;neu;7,00;19,99;66,00;;24;39,99;24;2110,75;;2026-10-04;https://www.o2online.de/e-shop/apple/apple-iphone-17-pro-256gb-silber-details?ohne-tarif=nein&zielgruppe=privatkunden&ratenzahlung=36&vertragsart=ratenzahlung&tarif=o2-mobile-unlimited-m-plus;apple-iphone-17-pro-512gb-silber;nicht direkt genannt;
Bündel;iPhone 17 Pro Max;256;o2;netzbetreiber;O2 Mobile L mit 150 GB+ (24 Mon.);L;neu;7,00;24,99;60,50;;24;0,00;24;2058,76;;2026-10-10;https://www.o2online.de/e-shop/apple/apple-iphone-17-pro-max-256gb-cosmic-orange-details?ohne-tarif=nein&zielgruppe=privatkunden&ratenzahlung=36&vertragsart=ratenzahlung&tarif=o2-mobile-unlimited-m-plus;apple-iphone-17-pro-max-256gb-cosmic-orange;nicht direkt genannt;
Bündel;iPhone 17 Pro Max;256;o2;netzbetreiber;O2 Mobile L Plus mit 150 GB+ (24 Mon.);L;neu;7,00;19,99;60,50;;24;0,00;24;1938,76;;2026-10-10;https://www.o2online.de/e-shop/apple/apple-iphone-17-pro-max-256gb-cosmic-orange-details?ohne-tarif=nein&zielgruppe=privatkunden&ratenzahlung=36&vertragsart=ratenzahlung&tarif=o2-mobile-unlimited-m-plus;apple-iphone-17-pro-max-256gb-cosmic-orange;;
Bündel;iPhone 17 Pro Max;256;o2;netzbetreiber;O2 Mobile on Demand M mit 50 GB+ (24 Mon.);M;neu;7,00;19,99;60,50;;24;39,99;24;1978,75;;2026-10-10;https://www.o2online.de/e-shop/apple/apple-iphone-17-pro-max-256gb-cosmic-orange-details?ohne-tarif=nein&zielgruppe=privatkunden&ratenzahlung=36&vertragsart=ratenzahlung&tarif=o2-mobile-unlimited-m-plus;apple-iphone-17-pro-max-256gb-cosmic-orange;nicht direkt genannt;
Bündel;iPhone 17 Pro Max;256;o2;netzbetreiber;O2 Mobile on Demand M Plus mit 50 GB+ (24 Mon.);M;neu;7,00;14,99;60,50;;24;39,99;24;1858,75;;2026-10-10;https://www.o2online.de/e-shop/apple/apple-iphone-17-pro-max-256gb-cosmic-orange-details?ohne-tarif=nein&zielgruppe=privatkunden&ratenzahlung=36&vertragsart=ratenzahlung&tarif=o2-mobile-unlimited-m-plus;apple-iphone-17-pro-max-256gb-cosmic-orange;;
Bündel;iPhone 17 Pro Max;256;o2;netzbetreiber;O2 Mobile S mit 15 GB+ (24 Mon.);XS;neu;7,00;14,99;60,50;;24;39,99;24;1858,75;;2026-10-10;https://www.o2online.de/e-shop/apple/apple-iphone-17-pro-max-256gb-cosmic-orange-details?ohne-tarif=nein&zielgruppe=privatkunden&ratenzahlung=36&vertragsart=ratenzahlung&tarif=o2-mobile-unlimited-m-plus;apple-iphone-17-pro-max-256gb-cosmic-orange;nicht direkt genannt;
Bündel;iPhone 17 Pro Max;256;o2;netzbetreiber;O2 Mobile Special (24 Mon.);;neu;7,00;14,99;60,50;;24;0,00;24;1818,76;;2026-10-10;https://www.o2online.de/e-shop/apple/apple-iphone-17-pro-max-256gb-cosmic-orange-details?ohne-tarif=nein&zielgruppe=privatkunden&ratenzahlung=36&vertragsart=ratenzahlung&tarif=o2-mobile-unlimited-m-plus;apple-iphone-17-pro-max-256gb-cosmic-orange;nicht direkt genannt;
Bündel;iPhone 17 Pro Max;256;o2;netzbetreiber;O2 Mobile Unlimited L mit 300 MBit/s (24 Mon.);XL;neu;7,00;39,99;60,50;;24;0,00;24;2418,76;;2026-10-10;https://www.o2online.de/e-shop/apple/apple-iphone-17-pro-max-256gb-cosmic-orange-details?ohne-tarif=nein&zielgruppe=privatkunden&ratenzahlung=36&vertragsart=ratenzahlung&tarif=o2-mobile-unlimited-m-plus;apple-iphone-17-pro-max-256gb-cosmic-orange;nicht direkt genannt;
Bündel;iPhone 17 Pro Max;256;o2;netzbetreiber;O2 Mobile Unlimited L Plus mit 300 MBit/s (24 Mon.);;neu;7,00;29,99;60,50;;24;0,00;24;2178,76;;2026-10-10;https://www.o2online.de/e-shop/apple/apple-iphone-17-pro-max-256gb-cosmic-orange-details?ohne-tarif=nein&zielgruppe=privatkunden&ratenzahlung=36&vertragsart=ratenzahlung&tarif=o2-mobile-unlimited-m-plus;apple-iphone-17-pro-max-256gb-cosmic-orange;;
Bündel;iPhone 17 Pro Max;256;o2;netzbetreiber;O2 Mobile Unlimited M mit 100 MBit/s (24 Mon.);XL;neu;7,00;29,99;60,50;;24;0,00;24;2178,76;;2026-10-10;https://www.o2online.de/e-shop/apple/apple-iphone-17-pro-max-256gb-cosmic-orange-details?ohne-tarif=nein&zielgruppe=privatkunden&ratenzahlung=36&vertragsart=ratenzahlung&tarif=o2-mobile-unlimited-m-plus;apple-iphone-17-pro-max-256gb-cosmic-orange;nicht direkt genannt;
Bündel;iPhone 17 Pro Max;256;o2;netzbetreiber;O2 Mobile Unlimited M Plus mit 100 MBit/s (24 Mon.);XL;neu;7,00;19,99;60,50;;24;0,00;24;1938,76;;2026-10-10;https://www.o2online.de/e-shop/apple/apple-iphone-17-pro-max-256gb-cosmic-orange-details?ohne-tarif=nein&zielgruppe=privatkunden&ratenzahlung=36&vertragsart=ratenzahlung&tarif=o2-mobile-unlimited-m-plus;apple-iphone-17-pro-max-256gb-cosmic-orange;;
Bündel;iPhone 17 Pro Max;256;o2;netzbetreiber;O2 Mobile Unlimited S Special mit 15 MBit/s (24 Mon.);XL;neu;7,00;24,99;60,50;;24;39,99;24;2098,75;;2026-10-10;https://www.o2online.de/e-shop/apple/apple-iphone-17-pro-max-256gb-cosmic-orange-details?ohne-tarif=nein&zielgruppe=privatkunden&ratenzahlung=36&vertragsart=ratenzahlung&tarif=o2-mobile-unlimited-m-plus;apple-iphone-17-pro-max-256gb-cosmic-orange;nicht direkt genannt;
Bündel;iPhone 17 Pro Max;256;o2;netzbetreiber;O2 Mobile Unlimited S Special Plus mit 15 MBit/s (24 Mon.);XL;neu;7,00;19,99;60,50;;24;39,99;24;1978,75;;2026-10-08;https://www.o2online.de/e-shop/apple/apple-iphone-17-pro-max-256gb-cosmic-orange-details?ohne-tarif=nein&zielgruppe=privatkunden&ratenzahlung=36&vertragsart=ratenzahlung&tarif=o2-mobile-unlimited-m-plus;apple-iphone-17-pro-max-256gb-cosmic-orange;;
Bündel;iPhone 17 Pro Max;512;o2;netzbetreiber;O2 Mobile L mit 150 GB+ (24 Mon.);L;neu;15,00;24,99;72,50;;24;0,00;24;2354,76;;2026-10-10;https://www.o2online.de/e-shop/apple/apple-iphone-17-pro-max-256gb-cosmic-orange-details?ohne-tarif=nein&zielgruppe=privatkunden&ratenzahlung=36&vertragsart=ratenzahlung&tarif=o2-mobile-unlimited-m-plus;apple-iphone-17-pro-max-512gb-cosmic-orange;nicht direkt genannt;
Bündel;iPhone 17 Pro Max;512;o2;netzbetreiber;O2 Mobile L Plus mit 150 GB+ (24 Mon.);L;neu;15,00;19,99;72,50;;24;0,00;24;2234,76;;2026-10-10;https://www.o2online.de/e-shop/apple/apple-iphone-17-pro-max-256gb-cosmic-orange-details?ohne-tarif=nein&zielgruppe=privatkunden&ratenzahlung=36&vertragsart=ratenzahlung&tarif=o2-mobile-unlimited-m-plus;apple-iphone-17-pro-max-512gb-cosmic-orange;;
Bündel;iPhone 17 Pro Max;512;o2;netzbetreiber;O2 Mobile on Demand M mit 50 GB+ (24 Mon.);M;neu;15,00;19,99;72,50;;24;39,99;24;2274,75;;2026-10-10;https://www.o2online.de/e-shop/apple/apple-iphone-17-pro-max-256gb-cosmic-orange-details?ohne-tarif=nein&zielgruppe=privatkunden&ratenzahlung=36&vertragsart=ratenzahlung&tarif=o2-mobile-unlimited-m-plus;apple-iphone-17-pro-max-512gb-cosmic-orange;nicht direkt genannt;
Bündel;iPhone 17 Pro Max;512;o2;netzbetreiber;O2 Mobile on Demand M Plus mit 50 GB+ (24 Mon.);M;neu;15,00;14,99;72,50;;24;39,99;24;2154,75;;2026-10-10;https://www.o2online.de/e-shop/apple/apple-iphone-17-pro-max-256gb-cosmic-orange-details?ohne-tarif=nein&zielgruppe=privatkunden&ratenzahlung=36&vertragsart=ratenzahlung&tarif=o2-mobile-unlimited-m-plus;apple-iphone-17-pro-max-512gb-cosmic-orange;;
Bündel;iPhone 17 Pro Max;512;o2;netzbetreiber;O2 Mobile S mit 15 GB+ (24 Mon.);XS;neu;15,00;14,99;72,50;;24;39,99;24;2154,75;;2026-10-10;https://www.o2online.de/e-shop/apple/apple-iphone-17-pro-max-256gb-cosmic-orange-details?ohne-tarif=nein&zielgruppe=privatkunden&ratenzahlung=36&vertragsart=ratenzahlung&tarif=o2-mobile-unlimited-m-plus;apple-iphone-17-pro-max-512gb-cosmic-orange;nicht direkt genannt;
Bündel;iPhone 17 Pro Max;512;o2;netzbetreiber;O2 Mobile Special (24 Mon.);;neu;15,00;14,99;72,50;;24;0,00;24;2114,76;;2026-10-10;https://www.o2online.de/e-shop/apple/apple-iphone-17-pro-max-256gb-cosmic-orange-details?ohne-tarif=nein&zielgruppe=privatkunden&ratenzahlung=36&vertragsart=ratenzahlung&tarif=o2-mobile-unlimited-m-plus;apple-iphone-17-pro-max-512gb-cosmic-orange;nicht direkt genannt;
Bündel;iPhone 17 Pro Max;512;o2;netzbetreiber;O2 Mobile Unlimited L mit 300 MBit/s (24 Mon.);XL;neu;15,00;39,99;72,50;;24;0,00;24;2714,76;;2026-10-10;https://www.o2online.de/e-shop/apple/apple-iphone-17-pro-max-256gb-cosmic-orange-details?ohne-tarif=nein&zielgruppe=privatkunden&ratenzahlung=36&vertragsart=ratenzahlung&tarif=o2-mobile-unlimited-m-plus;apple-iphone-17-pro-max-512gb-cosmic-orange;nicht direkt genannt;
Bündel;iPhone 17 Pro Max;512;o2;netzbetreiber;O2 Mobile Unlimited L Plus mit 300 MBit/s (24 Mon.);;neu;15,00;29,99;72,50;;24;0,00;24;2474,76;;2026-10-10;https://www.o2online.de/e-shop/apple/apple-iphone-17-pro-max-256gb-cosmic-orange-details?ohne-tarif=nein&zielgruppe=privatkunden&ratenzahlung=36&vertragsart=ratenzahlung&tarif=o2-mobile-unlimited-m-plus;apple-iphone-17-pro-max-512gb-cosmic-orange;;
Bündel;iPhone 17 Pro Max;512;o2;netzbetreiber;O2 Mobile Unlimited M mit 100 MBit/s (24 Mon.);XL;neu;15,00;29,99;72,50;;24;0,00;24;2474,76;;2026-10-10;https://www.o2online.de/e-shop/apple/apple-iphone-17-pro-max-256gb-cosmic-orange-details?ohne-tarif=nein&zielgruppe=privatkunden&ratenzahlung=36&vertragsart=ratenzahlung&tarif=o2-mobile-unlimited-m-plus;apple-iphone-17-pro-max-512gb-cosmic-orange;nicht direkt genannt;
Bündel;iPhone 17 Pro Max;512;o2;netzbetreiber;O2 Mobile Unlimited M Plus mit 100 MBit/s (24 Mon.);XL;neu;15,00;19,99;72,50;;24;0,00;24;2234,76;;2026-10-10;https://www.o2online.de/e-shop/apple/apple-iphone-17-pro-max-256gb-cosmic-orange-details?ohne-tarif=nein&zielgruppe=privatkunden&ratenzahlung=36&vertragsart=ratenzahlung&tarif=o2-mobile-unlimited-m-plus;apple-iphone-17-pro-max-512gb-cosmic-orange;;
Bündel;iPhone 17 Pro Max;512;o2;netzbetreiber;O2 Mobile Unlimited S Special mit 15 MBit/s (24 Mon.);XL;neu;15,00;24,99;72,50;;24;39,99;24;2394,75;;2026-10-10;https://www.o2online.de/e-shop/apple/apple-iphone-17-pro-max-256gb-cosmic-orange-details?ohne-tarif=nein&zielgruppe=privatkunden&ratenzahlung=36&vertragsart=ratenzahlung&tarif=o2-mobile-unlimited-m-plus;apple-iphone-17-pro-max-512gb-cosmic-orange;nicht direkt genannt;
Bündel;iPhone 17 Pro Max;512;o2;netzbetreiber;O2 Mobile Unlimited S Special Plus mit 15 MBit/s (24 Mon.);XL;neu;15,00;19,99;72,50;;24;39,99;24;2274,75;;2026-10-08;https://www.o2online.de/e-shop/apple/apple-iphone-17-pro-max-256gb-cosmic-orange-details?ohne-tarif=nein&zielgruppe=privatkunden&ratenzahlung=36&vertragsart=ratenzahlung&tarif=o2-mobile-unlimited-m-plus;apple-iphone-17-pro-max-512gb-cosmic-orange;;
Bündel;iPhone 17e;256;o2;netzbetreiber;O2 Mobile L mit 150 GB+ (24 Mon.);L;neu;7,00;24,99;35,00;;24;0,00;24;1446,76;;2026-10-10;https://www.o2online.de/e-shop/apple/apple-iphone-17e-256gb-schwarz-details?ohne-tarif=nein&zielgruppe=privatkunden&ratenzahlung=36&vertragsart=ratenzahlung&tarif=o2-mobile-unlimited-m-plus;apple-iphone-17e-256gb-schwarz;nicht direkt genannt;
Bündel;iPhone 17e;256;o2;netzbetreiber;O2 Mobile L Plus mit 150 GB+ (24 Mon.);L;neu;7,00;19,99;35,00;;24;0,00;24;1326,76;;2026-10-10;https://www.o2online.de/e-shop/apple/apple-iphone-17e-256gb-schwarz-details?ohne-tarif=nein&zielgruppe=privatkunden&ratenzahlung=36&vertragsart=ratenzahlung&tarif=o2-mobile-unlimited-m-plus;apple-iphone-17e-256gb-schwarz;;
Bündel;iPhone 17e;256;o2;netzbetreiber;O2 Mobile on Demand M mit 50 GB+ (24 Mon.);M;neu;7,00;19,99;35,00;;24;39,99;24;1366,75;;2026-10-10;https://www.o2online.de/e-shop/apple/apple-iphone-17e-256gb-schwarz-details?ohne-tarif=nein&zielgruppe=privatkunden&ratenzahlung=36&vertragsart=ratenzahlung&tarif=o2-mobile-unlimited-m-plus;apple-iphone-17e-256gb-schwarz;nicht direkt genannt;
Bündel;iPhone 17e;256;o2;netzbetreiber;O2 Mobile on Demand M Plus mit 50 GB+ (24 Mon.);M;neu;7,00;14,99;35,00;;24;39,99;24;1246,75;;2026-10-10;https://www.o2online.de/e-shop/apple/apple-iphone-17e-256gb-schwarz-details?ohne-tarif=nein&zielgruppe=privatkunden&ratenzahlung=36&vertragsart=ratenzahlung&tarif=o2-mobile-unlimited-m-plus;apple-iphone-17e-256gb-schwarz;;
Bündel;iPhone 17e;256;o2;netzbetreiber;O2 Mobile S mit 15 GB+ (24 Mon.);XS;neu;7,00;14,99;35,00;;24;39,99;24;1246,75;;2026-10-10;https://www.o2online.de/e-shop/apple/apple-iphone-17e-256gb-schwarz-details?ohne-tarif=nein&zielgruppe=privatkunden&ratenzahlung=36&vertragsart=ratenzahlung&tarif=o2-mobile-unlimited-m-plus;apple-iphone-17e-256gb-schwarz;nicht direkt genannt;
Bündel;iPhone 17e;256;o2;netzbetreiber;O2 Mobile Special (24 Mon.);;neu;7,00;14,99;35,00;;24;0,00;24;1206,76;;2026-10-10;https://www.o2online.de/e-shop/apple/apple-iphone-17e-256gb-schwarz-details?ohne-tarif=nein&zielgruppe=privatkunden&ratenzahlung=36&vertragsart=ratenzahlung&tarif=o2-mobile-unlimited-m-plus;apple-iphone-17e-256gb-schwarz;nicht direkt genannt;
Bündel;iPhone 17e;256;o2;netzbetreiber;O2 Mobile Unlimited L mit 300 MBit/s (24 Mon.);XL;neu;7,00;39,99;35,00;;24;0,00;24;1806,76;;2026-10-10;https://www.o2online.de/e-shop/apple/apple-iphone-17e-256gb-schwarz-details?ohne-tarif=nein&zielgruppe=privatkunden&ratenzahlung=36&vertragsart=ratenzahlung&tarif=o2-mobile-unlimited-m-plus;apple-iphone-17e-256gb-schwarz;nicht direkt genannt;
Bündel;iPhone 17e;256;o2;netzbetreiber;O2 Mobile Unlimited L Plus mit 300 MBit/s (24 Mon.);;neu;7,00;29,99;35,00;;24;0,00;24;1566,76;;2026-10-10;https://www.o2online.de/e-shop/apple/apple-iphone-17e-256gb-schwarz-details?ohne-tarif=nein&zielgruppe=privatkunden&ratenzahlung=36&vertragsart=ratenzahlung&tarif=o2-mobile-unlimited-m-plus;apple-iphone-17e-256gb-schwarz;;
Bündel;iPhone 17e;256;o2;netzbetreiber;O2 Mobile Unlimited M mit 100 MBit/s (24 Mon.);XL;neu;7,00;29,99;35,00;;24;0,00;24;1566,76;;2026-10-10;https://www.o2online.de/e-shop/apple/apple-iphone-17e-256gb-schwarz-details?ohne-tarif=nein&zielgruppe=privatkunden&ratenzahlung=36&vertragsart=ratenzahlung&tarif=o2-mobile-unlimited-m-plus;apple-iphone-17e-256gb-schwarz;nicht direkt genannt;
Bündel;iPhone 17e;256;o2;netzbetreiber;O2 Mobile Unlimited M Plus mit 100 MBit/s (24 Mon.);XL;neu;7,00;19,99;35,00;;24;0,00;24;1326,76;;2026-10-10;https://www.o2online.de/e-shop/apple/apple-iphone-17e-256gb-schwarz-details?ohne-tarif=nein&zielgruppe=privatkunden&ratenzahlung=36&vertragsart=ratenzahlung&tarif=o2-mobile-unlimited-m-plus;apple-iphone-17e-256gb-schwarz;;
Bündel;iPhone 17e;256;o2;netzbetreiber;O2 Mobile Unlimited S Special mit 15 MBit/s (24 Mon.);XL;neu;7,00;24,99;35,00;;24;39,99;24;1486,75;;2026-10-10;https://www.o2online.de/e-shop/apple/apple-iphone-17e-256gb-schwarz-details?ohne-tarif=nein&zielgruppe=privatkunden&ratenzahlung=36&vertragsart=ratenzahlung&tarif=o2-mobile-unlimited-m-plus;apple-iphone-17e-256gb-schwarz;nicht direkt genannt;
Bündel;iPhone 17e;256;o2;netzbetreiber;O2 Mobile Unlimited S Special Plus mit 15 MBit/s (24 Mon.);XL;neu;7,00;19,99;35,00;;24;39,99;24;1366,75;;2026-10-10;https://www.o2online.de/e-shop/apple/apple-iphone-17e-256gb-schwarz-details?ohne-tarif=nein&zielgruppe=privatkunden&ratenzahlung=36&vertragsart=ratenzahlung&tarif=o2-mobile-unlimited-m-plus;apple-iphone-17e-256gb-schwarz;nicht direkt genannt;
Bündel;iPhone 17e;512;o2;netzbetreiber;O2 Mobile L mit 150 GB+ (24 Mon.);L;neu;1,00;24,99;45,50;;24;0,00;24;1692,76;;2026-10-10;https://www.o2online.de/e-shop/apple/apple-iphone-17e-256gb-schwarz-details?ohne-tarif=nein&zielgruppe=privatkunden&ratenzahlung=36&vertragsart=ratenzahlung&tarif=o2-mobile-unlimited-m-plus;apple-iphone-17e-512gb-schwarz;nicht direkt genannt;
Bündel;iPhone 17e;512;o2;netzbetreiber;O2 Mobile L Plus mit 150 GB+ (24 Mon.);L;neu;1,00;19,99;45,50;;24;0,00;24;1572,76;;2026-10-10;https://www.o2online.de/e-shop/apple/apple-iphone-17e-256gb-schwarz-details?ohne-tarif=nein&zielgruppe=privatkunden&ratenzahlung=36&vertragsart=ratenzahlung&tarif=o2-mobile-unlimited-m-plus;apple-iphone-17e-512gb-schwarz;;
Bündel;iPhone 17e;512;o2;netzbetreiber;O2 Mobile on Demand M mit 50 GB+ (24 Mon.);M;neu;1,00;19,99;45,50;;24;39,99;24;1612,75;;2026-10-10;https://www.o2online.de/e-shop/apple/apple-iphone-17e-256gb-schwarz-details?ohne-tarif=nein&zielgruppe=privatkunden&ratenzahlung=36&vertragsart=ratenzahlung&tarif=o2-mobile-unlimited-m-plus;apple-iphone-17e-512gb-schwarz;nicht direkt genannt;
Bündel;iPhone 17e;512;o2;netzbetreiber;O2 Mobile on Demand M Plus mit 50 GB+ (24 Mon.);M;neu;1,00;14,99;45,50;;24;39,99;24;1492,75;;2026-10-10;https://www.o2online.de/e-shop/apple/apple-iphone-17e-256gb-schwarz-details?ohne-tarif=nein&zielgruppe=privatkunden&ratenzahlung=36&vertragsart=ratenzahlung&tarif=o2-mobile-unlimited-m-plus;apple-iphone-17e-512gb-schwarz;;
Bündel;iPhone 17e;512;o2;netzbetreiber;O2 Mobile S mit 15 GB+ (24 Mon.);XS;neu;1,00;14,99;45,50;;24;39,99;24;1492,75;;2026-10-10;https://www.o2online.de/e-shop/apple/apple-iphone-17e-256gb-schwarz-details?ohne-tarif=nein&zielgruppe=privatkunden&ratenzahlung=36&vertragsart=ratenzahlung&tarif=o2-mobile-unlimited-m-plus;apple-iphone-17e-512gb-schwarz;nicht direkt genannt;
Bündel;iPhone 17e;512;o2;netzbetreiber;O2 Mobile Special (24 Mon.);;neu;1,00;14,99;45,50;;24;0,00;24;1452,76;;2026-10-10;https://www.o2online.de/e-shop/apple/apple-iphone-17e-256gb-schwarz-details?ohne-tarif=nein&zielgruppe=privatkunden&ratenzahlung=36&vertragsart=ratenzahlung&tarif=o2-mobile-unlimited-m-plus;apple-iphone-17e-512gb-schwarz;nicht direkt genannt;
Bündel;iPhone 17e;512;o2;netzbetreiber;O2 Mobile Unlimited L mit 300 MBit/s (24 Mon.);XL;neu;1,00;39,99;45,50;;24;0,00;24;2052,76;;2026-10-10;https://www.o2online.de/e-shop/apple/apple-iphone-17e-256gb-schwarz-details?ohne-tarif=nein&zielgruppe=privatkunden&ratenzahlung=36&vertragsart=ratenzahlung&tarif=o2-mobile-unlimited-m-plus;apple-iphone-17e-512gb-schwarz;nicht direkt genannt;
Bündel;iPhone 17e;512;o2;netzbetreiber;O2 Mobile Unlimited L Plus mit 300 MBit/s (24 Mon.);;neu;1,00;29,99;45,50;;24;0,00;24;1812,76;;2026-10-10;https://www.o2online.de/e-shop/apple/apple-iphone-17e-256gb-schwarz-details?ohne-tarif=nein&zielgruppe=privatkunden&ratenzahlung=36&vertragsart=ratenzahlung&tarif=o2-mobile-unlimited-m-plus;apple-iphone-17e-512gb-schwarz;;
Bündel;iPhone 17e;512;o2;netzbetreiber;O2 Mobile Unlimited M mit 100 MBit/s (24 Mon.);XL;neu;1,00;29,99;45,50;;24;0,00;24;1812,76;;2026-10-10;https://www.o2online.de/e-shop/apple/apple-iphone-17e-256gb-schwarz-details?ohne-tarif=nein&zielgruppe=privatkunden&ratenzahlung=36&vertragsart=ratenzahlung&tarif=o2-mobile-unlimited-m-plus;apple-iphone-17e-512gb-schwarz;nicht direkt genannt;
Bündel;iPhone 17e;512;o2;netzbetreiber;O2 Mobile Unlimited M Plus mit 100 MBit/s (24 Mon.);XL;neu;1,00;19,99;45,50;;24;0,00;24;1572,76;;2026-10-10;https://www.o2online.de/e-shop/apple/apple-iphone-17e-256gb-schwarz-details?ohne-tarif=nein&zielgruppe=privatkunden&ratenzahlung=36&vertragsart=ratenzahlung&tarif=o2-mobile-unlimited-m-plus;apple-iphone-17e-512gb-schwarz;;
Bündel;iPhone 17e;512;o2;netzbetreiber;O2 Mobile Unlimited S Special mit 15 MBit/s (24 Mon.);XL;neu;1,00;24,99;45,50;;24;39,99;24;1732,75;;2026-10-10;https://www.o2online.de/e-shop/apple/apple-iphone-17e-256gb-schwarz-details?ohne-tarif=nein&zielgruppe=privatkunden&ratenzahlung=36&vertragsart=ratenzahlung&tarif=o2-mobile-unlimited-m-plus;apple-iphone-17e-512gb-schwarz;nicht direkt genannt;
Bündel;iPhone 17e;512;o2;netzbetreiber;O2 Mobile Unlimited S Special Plus mit 15 MBit/s (24 Mon.);XL;neu;1,00;19,99;45,50;;24;39,99;24;1612,75;;2026-10-10;https://www.o2online.de/e-shop/apple/apple-iphone-17e-256gb-schwarz-details?ohne-tarif=nein&zielgruppe=privatkunden&ratenzahlung=36&vertragsart=ratenzahlung&tarif=o2-mobile-unlimited-m-plus;apple-iphone-17e-512gb-schwarz;nicht direkt genannt;
Bündel;iPhone 18 Pro;1024;o2;netzbetreiber;O2 Mobile L mit 150 GB+ (24 Mon.);L;neu;1,00;24,99;99,50;;24;0,00;24;2988,76;;2026-10-10;https://www.o2online.de/e-shop/apple/apple-iphone-18-pro-256gb-burgunder-details?ohne-tarif=nein&zielgruppe=privatkunden&ratenzahlung=36&vertragsart=ratenzahlung&tarif=o2-mobile-unlimited-m;apple-iphone-18-pro-1024gb-burgunder;;
Bündel;iPhone 18 Pro;1024;o2;netzbetreiber;O2 Mobile on Demand M mit 50 GB+ (24 Mon.);M;neu;1,00;19,99;99,50;;24;39,99;24;2908,75;;2026-10-10;https://www.o2online.de/e-shop/apple/apple-iphone-18-pro-256gb-burgunder-details?ohne-tarif=nein&zielgruppe=privatkunden&ratenzahlung=36&vertragsart=ratenzahlung&tarif=o2-mobile-unlimited-m;apple-iphone-18-pro-1024gb-burgunder;;
Bündel;iPhone 18 Pro;1024;o2;netzbetreiber;O2 Mobile S mit 15 GB+ (24 Mon.);XS;neu;1,00;14,99;99,50;;24;39,99;24;2788,75;;2026-10-10;https://www.o2online.de/e-shop/apple/apple-iphone-18-pro-256gb-burgunder-details?ohne-tarif=nein&zielgruppe=privatkunden&ratenzahlung=36&vertragsart=ratenzahlung&tarif=o2-mobile-unlimited-m;apple-iphone-18-pro-1024gb-burgunder;nicht direkt genannt;
Bündel;iPhone 18 Pro;1024;o2;netzbetreiber;O2 Mobile Special (24 Mon.);;neu;1,00;14,99;99,50;;24;0,00;24;2748,76;;2026-10-10;https://www.o2online.de/e-shop/apple/apple-iphone-18-pro-256gb-burgunder-details?ohne-tarif=nein&zielgruppe=privatkunden&ratenzahlung=36&vertragsart=ratenzahlung&tarif=o2-mobile-unlimited-m;apple-iphone-18-pro-1024gb-burgunder;nicht direkt genannt;
Bündel;iPhone 18 Pro;1024;o2;netzbetreiber;O2 Mobile Unlimited L mit 300 MBit/s (24 Mon.);XL;neu;1,00;34,99;99,50;;24;0,00;24;3228,76;;2026-10-10;https://www.o2online.de/e-shop/apple/apple-iphone-18-pro-256gb-burgunder-details?ohne-tarif=nein&zielgruppe=privatkunden&ratenzahlung=36&vertragsart=ratenzahlung&tarif=o2-mobile-unlimited-m;apple-iphone-18-pro-1024gb-burgunder;;
Bündel;iPhone 18 Pro;1024;o2;netzbetreiber;O2 Mobile Unlimited M mit 100 MBit/s (24 Mon.);XL;neu;1,00;24,99;99,50;;24;0,00;24;2988,76;;2026-10-10;https://www.o2online.de/e-shop/apple/apple-iphone-18-pro-256gb-burgunder-details?ohne-tarif=nein&zielgruppe=privatkunden&ratenzahlung=36&vertragsart=ratenzahlung&tarif=o2-mobile-unlimited-m;apple-iphone-18-pro-1024gb-burgunder;;
Bündel;iPhone 18 Pro;1024;o2;netzbetreiber;O2 Mobile Unlimited S Special mit 15 MBit/s (24 Mon.);XL;neu;1,00;24,99;99,50;;24;39,99;24;3028,75;;2026-10-10;https://www.o2online.de/e-shop/apple/apple-iphone-18-pro-256gb-burgunder-details?ohne-tarif=nein&zielgruppe=privatkunden&ratenzahlung=36&vertragsart=ratenzahlung&tarif=o2-mobile-unlimited-m;apple-iphone-18-pro-1024gb-burgunder;nicht direkt genannt;
Bündel;iPhone 18 Pro;2048;o2;netzbetreiber;O2 Mobile L mit 150 GB+ (24 Mon.);L;neu;1,00;24,99;133,50;;24;0,00;24;3804,76;;2026-10-10;https://www.o2online.de/e-shop/apple/apple-iphone-18-pro-256gb-burgunder-details?ohne-tarif=nein&zielgruppe=privatkunden&ratenzahlung=36&vertragsart=ratenzahlung&tarif=o2-mobile-unlimited-m;apple-iphone-18-pro-2048gb-burgunder;;
Bündel;iPhone 18 Pro;2048;o2;netzbetreiber;O2 Mobile on Demand M mit 50 GB+ (24 Mon.);M;neu;1,00;19,99;133,50;;24;39,99;24;3724,75;;2026-10-10;https://www.o2online.de/e-shop/apple/apple-iphone-18-pro-256gb-burgunder-details?ohne-tarif=nein&zielgruppe=privatkunden&ratenzahlung=36&vertragsart=ratenzahlung&tarif=o2-mobile-unlimited-m;apple-iphone-18-pro-2048gb-burgunder;;
Bündel;iPhone 18 Pro;2048;o2;netzbetreiber;O2 Mobile S mit 15 GB+ (24 Mon.);XS;neu;1,00;14,99;133,50;;24;39,99;24;3604,75;;2026-10-10;https://www.o2online.de/e-shop/apple/apple-iphone-18-pro-256gb-burgunder-details?ohne-tarif=nein&zielgruppe=privatkunden&ratenzahlung=36&vertragsart=ratenzahlung&tarif=o2-mobile-unlimited-m;apple-iphone-18-pro-2048gb-burgunder;nicht direkt genannt;
Bündel;iPhone 18 Pro;2048;o2;netzbetreiber;O2 Mobile Special (24 Mon.);;neu;1,00;14,99;133,50;;24;0,00;24;3564,76;;2026-10-10;https://www.o2online.de/e-shop/apple/apple-iphone-18-pro-256gb-burgunder-details?ohne-tarif=nein&zielgruppe=privatkunden&ratenzahlung=36&vertragsart=ratenzahlung&tarif=o2-mobile-unlimited-m;apple-iphone-18-pro-2048gb-burgunder;nicht direkt genannt;
Bündel;iPhone 18 Pro;2048;o2;netzbetreiber;O2 Mobile Unlimited L mit 300 MBit/s (24 Mon.);XL;neu;1,00;34,99;133,50;;24;0,00;24;4044,76;;2026-10-10;https://www.o2online.de/e-shop/apple/apple-iphone-18-pro-256gb-burgunder-details?ohne-tarif=nein&zielgruppe=privatkunden&ratenzahlung=36&vertragsart=ratenzahlung&tarif=o2-mobile-unlimited-m;apple-iphone-18-pro-2048gb-burgunder;;
Bündel;iPhone 18 Pro;2048;o2;netzbetreiber;O2 Mobile Unlimited M mit 100 MBit/s (24 Mon.);XL;neu;1,00;24,99;133,50;;24;0,00;24;3804,76;;2026-10-10;https://www.o2online.de/e-shop/apple/apple-iphone-18-pro-256gb-burgunder-details?ohne-tarif=nein&zielgruppe=privatkunden&ratenzahlung=36&vertragsart=ratenzahlung&tarif=o2-mobile-unlimited-m;apple-iphone-18-pro-2048gb-burgunder;;
Bündel;iPhone 18 Pro;2048;o2;netzbetreiber;O2 Mobile Unlimited S Special mit 15 MBit/s (24 Mon.);XL;neu;1,00;24,99;133,50;;24;39,99;24;3844,75;;2026-10-10;https://www.o2online.de/e-shop/apple/apple-iphone-18-pro-256gb-burgunder-details?ohne-tarif=nein&zielgruppe=privatkunden&ratenzahlung=36&vertragsart=ratenzahlung&tarif=o2-mobile-unlimited-m;apple-iphone-18-pro-2048gb-burgunder;nicht direkt genannt;
Bündel;iPhone 18 Pro;256;o2;netzbetreiber;O2 Mobile L mit 150 GB+ (24 Mon.);L;neu;7,00;24,99;65,00;;24;0,00;24;2166,76;;2026-10-10;https://www.o2online.de/e-shop/apple/apple-iphone-18-pro-256gb-burgunder-details?ohne-tarif=nein&zielgruppe=privatkunden&ratenzahlung=36&vertragsart=ratenzahlung&tarif=o2-mobile-unlimited-m;apple-iphone-18-pro-256gb-burgunder;;
Bündel;iPhone 18 Pro;256;o2;netzbetreiber;O2 Mobile on Demand M mit 50 GB+ (24 Mon.);M;neu;7,00;19,99;65,00;;24;39,99;24;2086,75;;2026-10-10;https://www.o2online.de/e-shop/apple/apple-iphone-18-pro-256gb-burgunder-details?ohne-tarif=nein&zielgruppe=privatkunden&ratenzahlung=36&vertragsart=ratenzahlung&tarif=o2-mobile-unlimited-m;apple-iphone-18-pro-256gb-burgunder;;
Bündel;iPhone 18 Pro;256;o2;netzbetreiber;O2 Mobile S mit 15 GB+ (24 Mon.);XS;neu;7,00;14,99;65,00;;24;39,99;24;1966,75;;2026-10-10;https://www.o2online.de/e-shop/apple/apple-iphone-18-pro-256gb-burgunder-details?ohne-tarif=nein&zielgruppe=privatkunden&ratenzahlung=36&vertragsart=ratenzahlung&tarif=o2-mobile-unlimited-m;apple-iphone-18-pro-256gb-burgunder;nicht direkt genannt;
Bündel;iPhone 18 Pro;256;o2;netzbetreiber;O2 Mobile Special (24 Mon.);;neu;7,00;14,99;65,00;;24;0,00;24;1926,76;;2026-10-10;https://www.o2online.de/e-shop/apple/apple-iphone-18-pro-256gb-burgunder-details?ohne-tarif=nein&zielgruppe=privatkunden&ratenzahlung=36&vertragsart=ratenzahlung&tarif=o2-mobile-unlimited-m;apple-iphone-18-pro-256gb-burgunder;nicht direkt genannt;
Bündel;iPhone 18 Pro;256;o2;netzbetreiber;O2 Mobile Unlimited L mit 300 MBit/s (24 Mon.);XL;neu;7,00;34,99;65,00;;24;0,00;24;2406,76;;2026-10-10;https://www.o2online.de/e-shop/apple/apple-iphone-18-pro-256gb-burgunder-details?ohne-tarif=nein&zielgruppe=privatkunden&ratenzahlung=36&vertragsart=ratenzahlung&tarif=o2-mobile-unlimited-m;apple-iphone-18-pro-256gb-burgunder;;
Bündel;iPhone 18 Pro;256;o2;netzbetreiber;O2 Mobile Unlimited M mit 100 MBit/s (24 Mon.);XL;neu;7,00;24,99;65,00;;24;0,00;24;2166,76;;2026-10-10;https://www.o2online.de/e-shop/apple/apple-iphone-18-pro-256gb-burgunder-details?ohne-tarif=nein&zielgruppe=privatkunden&ratenzahlung=36&vertragsart=ratenzahlung&tarif=o2-mobile-unlimited-m;apple-iphone-18-pro-256gb-burgunder;;
Bündel;iPhone 18 Pro;256;o2;netzbetreiber;O2 Mobile Unlimited S Special mit 15 MBit/s (24 Mon.);XL;neu;7,00;24,99;65,00;;24;39,99;24;2206,75;;2026-10-10;https://www.o2online.de/e-shop/apple/apple-iphone-18-pro-256gb-burgunder-details?ohne-tarif=nein&zielgruppe=privatkunden&ratenzahlung=36&vertragsart=ratenzahlung&tarif=o2-mobile-unlimited-m;apple-iphone-18-pro-256gb-burgunder;nicht direkt genannt;
Bündel;iPhone 18 Pro;512;o2;netzbetreiber;O2 Mobile L mit 150 GB+ (24 Mon.);L;neu;1,00;24,99;76,50;;24;0,00;24;2436,76;;2026-10-10;https://www.o2online.de/e-shop/apple/apple-iphone-18-pro-256gb-burgunder-details?ohne-tarif=nein&zielgruppe=privatkunden&ratenzahlung=36&vertragsart=ratenzahlung&tarif=o2-mobile-unlimited-m;apple-iphone-18-pro-512gb-burgunder;;
Bündel;iPhone 18 Pro;512;o2;netzbetreiber;O2 Mobile on Demand M mit 50 GB+ (24 Mon.);M;neu;1,00;19,99;76,50;;24;39,99;24;2356,75;;2026-10-10;https://www.o2online.de/e-shop/apple/apple-iphone-18-pro-256gb-burgunder-details?ohne-tarif=nein&zielgruppe=privatkunden&ratenzahlung=36&vertragsart=ratenzahlung&tarif=o2-mobile-unlimited-m;apple-iphone-18-pro-512gb-burgunder;;
Bündel;iPhone 18 Pro;512;o2;netzbetreiber;O2 Mobile S mit 15 GB+ (24 Mon.);XS;neu;1,00;14,99;76,50;;24;39,99;24;2236,75;;2026-10-10;https://www.o2online.de/e-shop/apple/apple-iphone-18-pro-256gb-burgunder-details?ohne-tarif=nein&zielgruppe=privatkunden&ratenzahlung=36&vertragsart=ratenzahlung&tarif=o2-mobile-unlimited-m;apple-iphone-18-pro-512gb-burgunder;nicht direkt genannt;
Bündel;iPhone 18 Pro;512;o2;netzbetreiber;O2 Mobile Special (24 Mon.);;neu;1,00;14,99;76,50;;24;0,00;24;2196,76;;2026-10-10;https://www.o2online.de/e-shop/apple/apple-iphone-18-pro-256gb-burgunder-details?ohne-tarif=nein&zielgruppe=privatkunden&ratenzahlung=36&vertragsart=ratenzahlung&tarif=o2-mobile-unlimited-m;apple-iphone-18-pro-512gb-burgunder;nicht direkt genannt;
Bündel;iPhone 18 Pro;512;o2;netzbetreiber;O2 Mobile Unlimited L mit 300 MBit/s (24 Mon.);XL;neu;1,00;34,99;76,50;;24;0,00;24;2676,76;;2026-10-10;https://www.o2online.de/e-shop/apple/apple-iphone-18-pro-256gb-burgunder-details?ohne-tarif=nein&zielgruppe=privatkunden&ratenzahlung=36&vertragsart=ratenzahlung&tarif=o2-mobile-unlimited-m;apple-iphone-18-pro-512gb-burgunder;;
Bündel;iPhone 18 Pro;512;o2;netzbetreiber;O2 Mobile Unlimited M mit 100 MBit/s (24 Mon.);XL;neu;1,00;24,99;76,50;;24;0,00;24;2436,76;;2026-10-10;https://www.o2online.de/e-shop/apple/apple-iphone-18-pro-256gb-burgunder-details?ohne-tarif=nein&zielgruppe=privatkunden&ratenzahlung=36&vertragsart=ratenzahlung&tarif=o2-mobile-unlimited-m;apple-iphone-18-pro-512gb-burgunder;;
Bündel;iPhone 18 Pro;512;o2;netzbetreiber;O2 Mobile Unlimited S Special mit 15 MBit/s (24 Mon.);XL;neu;1,00;24,99;76,50;;24;39,99;24;2476,75;;2026-10-10;https://www.o2online.de/e-shop/apple/apple-iphone-18-pro-256gb-burgunder-details?ohne-tarif=nein&zielgruppe=privatkunden&ratenzahlung=36&vertragsart=ratenzahlung&tarif=o2-mobile-unlimited-m;apple-iphone-18-pro-512gb-burgunder;nicht direkt genannt;
Bündel;iPhone 18 Pro Max;1024;o2;netzbetreiber;O2 Mobile L mit 150 GB+ (24 Mon.);L;neu;1,00;24,99;106,50;;24;0,00;24;3156,76;;2026-10-10;https://www.o2online.de/e-shop/apple/apple-iphone-18-pro-max-256gb-polar-details?ohne-tarif=nein&zielgruppe=privatkunden&ratenzahlung=36&vertragsart=ratenzahlung&tarif=o2-mobile-unlimited-m;apple-iphone-18-pro-max-1024gb-polar;;
Bündel;iPhone 18 Pro Max;1024;o2;netzbetreiber;O2 Mobile on Demand M mit 50 GB+ (24 Mon.);M;neu;1,00;19,99;106,50;;24;39,99;24;3076,75;;2026-10-10;https://www.o2online.de/e-shop/apple/apple-iphone-18-pro-max-256gb-polar-details?ohne-tarif=nein&zielgruppe=privatkunden&ratenzahlung=36&vertragsart=ratenzahlung&tarif=o2-mobile-unlimited-m;apple-iphone-18-pro-max-1024gb-polar;;
Bündel;iPhone 18 Pro Max;1024;o2;netzbetreiber;O2 Mobile S mit 15 GB+ (24 Mon.);XS;neu;1,00;14,99;106,50;;24;39,99;24;2956,75;;2026-10-10;https://www.o2online.de/e-shop/apple/apple-iphone-18-pro-max-256gb-polar-details?ohne-tarif=nein&zielgruppe=privatkunden&ratenzahlung=36&vertragsart=ratenzahlung&tarif=o2-mobile-unlimited-m;apple-iphone-18-pro-max-1024gb-polar;nicht direkt genannt;
Bündel;iPhone 18 Pro Max;1024;o2;netzbetreiber;O2 Mobile Special (24 Mon.);;neu;1,00;14,99;106,50;;24;0,00;24;2916,76;;2026-10-10;https://www.o2online.de/e-shop/apple/apple-iphone-18-pro-max-256gb-polar-details?ohne-tarif=nein&zielgruppe=privatkunden&ratenzahlung=36&vertragsart=ratenzahlung&tarif=o2-mobile-unlimited-m;apple-iphone-18-pro-max-1024gb-polar;nicht direkt genannt;
Bündel;iPhone 18 Pro Max;1024;o2;netzbetreiber;O2 Mobile Unlimited L mit 300 MBit/s (24 Mon.);XL;neu;1,00;34,99;106,50;;24;0,00;24;3396,76;;2026-10-10;https://www.o2online.de/e-shop/apple/apple-iphone-18-pro-max-256gb-polar-details?ohne-tarif=nein&zielgruppe=privatkunden&ratenzahlung=36&vertragsart=ratenzahlung&tarif=o2-mobile-unlimited-m;apple-iphone-18-pro-max-1024gb-polar;;
Bündel;iPhone 18 Pro Max;1024;o2;netzbetreiber;O2 Mobile Unlimited M mit 100 MBit/s (24 Mon.);XL;neu;1,00;24,99;106,50;;24;0,00;24;3156,76;;2026-10-10;https://www.o2online.de/e-shop/apple/apple-iphone-18-pro-max-256gb-polar-details?ohne-tarif=nein&zielgruppe=privatkunden&ratenzahlung=36&vertragsart=ratenzahlung&tarif=o2-mobile-unlimited-m;apple-iphone-18-pro-max-1024gb-polar;;
Bündel;iPhone 18 Pro Max;1024;o2;netzbetreiber;O2 Mobile Unlimited S Special mit 15 MBit/s (24 Mon.);XL;neu;1,00;24,99;106,50;;24;39,99;24;3196,75;;2026-10-10;https://www.o2online.de/e-shop/apple/apple-iphone-18-pro-max-256gb-polar-details?ohne-tarif=nein&zielgruppe=privatkunden&ratenzahlung=36&vertragsart=ratenzahlung&tarif=o2-mobile-unlimited-m;apple-iphone-18-pro-max-1024gb-polar;nicht direkt genannt;
Bündel;iPhone 18 Pro Max;2048;o2;netzbetreiber;O2 Mobile L mit 150 GB+ (24 Mon.);L;neu;1,00;24,99;140,50;;24;0,00;24;3972,76;;2026-10-10;https://www.o2online.de/e-shop/apple/apple-iphone-18-pro-max-256gb-polar-details?ohne-tarif=nein&zielgruppe=privatkunden&ratenzahlung=36&vertragsart=ratenzahlung&tarif=o2-mobile-unlimited-m;apple-iphone-18-pro-max-2048gb-polar;;
Bündel;iPhone 18 Pro Max;2048;o2;netzbetreiber;O2 Mobile on Demand M mit 50 GB+ (24 Mon.);M;neu;1,00;19,99;140,50;;24;39,99;24;3892,75;;2026-10-10;https://www.o2online.de/e-shop/apple/apple-iphone-18-pro-max-256gb-polar-details?ohne-tarif=nein&zielgruppe=privatkunden&ratenzahlung=36&vertragsart=ratenzahlung&tarif=o2-mobile-unlimited-m;apple-iphone-18-pro-max-2048gb-polar;;
Bündel;iPhone 18 Pro Max;2048;o2;netzbetreiber;O2 Mobile S mit 15 GB+ (24 Mon.);XS;neu;1,00;14,99;140,50;;24;39,99;24;3772,75;;2026-10-10;https://www.o2online.de/e-shop/apple/apple-iphone-18-pro-max-256gb-polar-details?ohne-tarif=nein&zielgruppe=privatkunden&ratenzahlung=36&vertragsart=ratenzahlung&tarif=o2-mobile-unlimited-m;apple-iphone-18-pro-max-2048gb-polar;nicht direkt genannt;
Bündel;iPhone 18 Pro Max;2048;o2;netzbetreiber;O2 Mobile Special (24 Mon.);;neu;1,00;14,99;140,50;;24;0,00;24;3732,76;;2026-10-10;https://www.o2online.de/e-shop/apple/apple-iphone-18-pro-max-256gb-polar-details?ohne-tarif=nein&zielgruppe=privatkunden&ratenzahlung=36&vertragsart=ratenzahlung&tarif=o2-mobile-unlimited-m;apple-iphone-18-pro-max-2048gb-polar;nicht direkt genannt;
Bündel;iPhone 18 Pro Max;2048;o2;netzbetreiber;O2 Mobile Unlimited L mit 300 MBit/s (24 Mon.);XL;neu;1,00;34,99;140,50;;24;0,00;24;4212,76;;2026-10-10;https://www.o2online.de/e-shop/apple/apple-iphone-18-pro-max-256gb-polar-details?ohne-tarif=nein&zielgruppe=privatkunden&ratenzahlung=36&vertragsart=ratenzahlung&tarif=o2-mobile-unlimited-m;apple-iphone-18-pro-max-2048gb-polar;;
Bündel;iPhone 18 Pro Max;2048;o2;netzbetreiber;O2 Mobile Unlimited M mit 100 MBit/s (24 Mon.);XL;neu;1,00;24,99;140,50;;24;0,00;24;3972,76;;2026-10-10;https://www.o2online.de/e-shop/apple/apple-iphone-18-pro-max-256gb-polar-details?ohne-tarif=nein&zielgruppe=privatkunden&ratenzahlung=36&vertragsart=ratenzahlung&tarif=o2-mobile-unlimited-m;apple-iphone-18-pro-max-2048gb-polar;;
Bündel;iPhone 18 Pro Max;2048;o2;netzbetreiber;O2 Mobile Unlimited S Special mit 15 MBit/s (24 Mon.);XL;neu;1,00;24,99;140,50;;24;39,99;24;4012,75;;2026-10-10;https://www.o2online.de/e-shop/apple/apple-iphone-18-pro-max-256gb-polar-details?ohne-tarif=nein&zielgruppe=privatkunden&ratenzahlung=36&vertragsart=ratenzahlung&tarif=o2-mobile-unlimited-m;apple-iphone-18-pro-max-2048gb-polar;nicht direkt genannt;
Bündel;iPhone 18 Pro Max;256;o2;netzbetreiber;O2 Mobile L mit 150 GB+ (24 Mon.);L;neu;1,00;24,99;72,00;;24;0,00;24;2328,76;;2026-10-10;https://www.o2online.de/e-shop/apple/apple-iphone-18-pro-max-256gb-polar-details?ohne-tarif=nein&zielgruppe=privatkunden&ratenzahlung=36&vertragsart=ratenzahlung&tarif=o2-mobile-unlimited-m;apple-iphone-18-pro-max-256gb-polar;;
Bündel;iPhone 18 Pro Max;256;o2;netzbetreiber;O2 Mobile on Demand M mit 50 GB+ (24 Mon.);M;neu;1,00;19,99;72,00;;24;39,99;24;2248,75;;2026-10-10;https://www.o2online.de/e-shop/apple/apple-iphone-18-pro-max-256gb-polar-details?ohne-tarif=nein&zielgruppe=privatkunden&ratenzahlung=36&vertragsart=ratenzahlung&tarif=o2-mobile-unlimited-m;apple-iphone-18-pro-max-256gb-polar;;
Bündel;iPhone 18 Pro Max;256;o2;netzbetreiber;O2 Mobile S mit 15 GB+ (24 Mon.);XS;neu;1,00;14,99;72,00;;24;39,99;24;2128,75;;2026-10-10;https://www.o2online.de/e-shop/apple/apple-iphone-18-pro-max-256gb-polar-details?ohne-tarif=nein&zielgruppe=privatkunden&ratenzahlung=36&vertragsart=ratenzahlung&tarif=o2-mobile-unlimited-m;apple-iphone-18-pro-max-256gb-polar;nicht direkt genannt;
Bündel;iPhone 18 Pro Max;256;o2;netzbetreiber;O2 Mobile Special (24 Mon.);;neu;1,00;14,99;72,00;;24;0,00;24;2088,76;;2026-10-10;https://www.o2online.de/e-shop/apple/apple-iphone-18-pro-max-256gb-polar-details?ohne-tarif=nein&zielgruppe=privatkunden&ratenzahlung=36&vertragsart=ratenzahlung&tarif=o2-mobile-unlimited-m;apple-iphone-18-pro-max-256gb-polar;nicht direkt genannt;
Bündel;iPhone 18 Pro Max;256;o2;netzbetreiber;O2 Mobile Unlimited L mit 300 MBit/s (24 Mon.);XL;neu;1,00;34,99;72,00;;24;0,00;24;2568,76;;2026-10-10;https://www.o2online.de/e-shop/apple/apple-iphone-18-pro-max-256gb-polar-details?ohne-tarif=nein&zielgruppe=privatkunden&ratenzahlung=36&vertragsart=ratenzahlung&tarif=o2-mobile-unlimited-m;apple-iphone-18-pro-max-256gb-polar;;
Bündel;iPhone 18 Pro Max;256;o2;netzbetreiber;O2 Mobile Unlimited M mit 100 MBit/s (24 Mon.);XL;neu;1,00;24,99;72,00;;24;0,00;24;2328,76;;2026-10-10;https://www.o2online.de/e-shop/apple/apple-iphone-18-pro-max-256gb-polar-details?ohne-tarif=nein&zielgruppe=privatkunden&ratenzahlung=36&vertragsart=ratenzahlung&tarif=o2-mobile-unlimited-m;apple-iphone-18-pro-max-256gb-polar;;
Bündel;iPhone 18 Pro Max;256;o2;netzbetreiber;O2 Mobile Unlimited S Special mit 15 MBit/s (24 Mon.);XL;neu;1,00;24,99;72,00;;24;39,99;24;2368,75;;2026-10-10;https://www.o2online.de/e-shop/apple/apple-iphone-18-pro-max-256gb-polar-details?ohne-tarif=nein&zielgruppe=privatkunden&ratenzahlung=36&vertragsart=ratenzahlung&tarif=o2-mobile-unlimited-m;apple-iphone-18-pro-max-256gb-polar;nicht direkt genannt;
Bündel;iPhone 18 Pro Max;512;o2;netzbetreiber;O2 Mobile L mit 150 GB+ (24 Mon.);L;neu;7,00;24,99;83,00;;24;0,00;24;2598,76;;2026-10-10;https://www.o2online.de/e-shop/apple/apple-iphone-18-pro-max-256gb-polar-details?ohne-tarif=nein&zielgruppe=privatkunden&ratenzahlung=36&vertragsart=ratenzahlung&tarif=o2-mobile-unlimited-m;apple-iphone-18-pro-max-512gb-polar;;
Bündel;iPhone 18 Pro Max;512;o2;netzbetreiber;O2 Mobile on Demand M mit 50 GB+ (24 Mon.);M;neu;7,00;19,99;83,00;;24;39,99;24;2518,75;;2026-10-10;https://www.o2online.de/e-shop/apple/apple-iphone-18-pro-max-256gb-polar-details?ohne-tarif=nein&zielgruppe=privatkunden&ratenzahlung=36&vertragsart=ratenzahlung&tarif=o2-mobile-unlimited-m;apple-iphone-18-pro-max-512gb-polar;;
Bündel;iPhone 18 Pro Max;512;o2;netzbetreiber;O2 Mobile S mit 15 GB+ (24 Mon.);XS;neu;7,00;14,99;83,00;;24;39,99;24;2398,75;;2026-10-10;https://www.o2online.de/e-shop/apple/apple-iphone-18-pro-max-256gb-polar-details?ohne-tarif=nein&zielgruppe=privatkunden&ratenzahlung=36&vertragsart=ratenzahlung&tarif=o2-mobile-unlimited-m;apple-iphone-18-pro-max-512gb-polar;nicht direkt genannt;
Bündel;iPhone 18 Pro Max;512;o2;netzbetreiber;O2 Mobile Special (24 Mon.);;neu;7,00;14,99;83,00;;24;0,00;24;2358,76;;2026-10-10;https://www.o2online.de/e-shop/apple/apple-iphone-18-pro-max-256gb-polar-details?ohne-tarif=nein&zielgruppe=privatkunden&ratenzahlung=36&vertragsart=ratenzahlung&tarif=o2-mobile-unlimited-m;apple-iphone-18-pro-max-512gb-polar;nicht direkt genannt;
Bündel;iPhone 18 Pro Max;512;o2;netzbetreiber;O2 Mobile Unlimited L mit 300 MBit/s (24 Mon.);XL;neu;7,00;34,99;83,00;;24;0,00;24;2838,76;;2026-10-10;https://www.o2online.de/e-shop/apple/apple-iphone-18-pro-max-256gb-polar-details?ohne-tarif=nein&zielgruppe=privatkunden&ratenzahlung=36&vertragsart=ratenzahlung&tarif=o2-mobile-unlimited-m;apple-iphone-18-pro-max-512gb-polar;;
Bündel;iPhone 18 Pro Max;512;o2;netzbetreiber;O2 Mobile Unlimited M mit 100 MBit/s (24 Mon.);XL;neu;7,00;24,99;83,00;;24;0,00;24;2598,76;;2026-10-10;https://www.o2online.de/e-shop/apple/apple-iphone-18-pro-max-256gb-polar-details?ohne-tarif=nein&zielgruppe=privatkunden&ratenzahlung=36&vertragsart=ratenzahlung&tarif=o2-mobile-unlimited-m;apple-iphone-18-pro-max-512gb-polar;;
Bündel;iPhone 18 Pro Max;512;o2;netzbetreiber;O2 Mobile Unlimited S Special mit 15 MBit/s (24 Mon.);XL;neu;7,00;24,99;83,00;;24;39,99;24;2638,75;;2026-10-10;https://www.o2online.de/e-shop/apple/apple-iphone-18-pro-max-256gb-polar-details?ohne-tarif=nein&zielgruppe=privatkunden&ratenzahlung=36&vertragsart=ratenzahlung&tarif=o2-mobile-unlimited-m;apple-iphone-18-pro-max-512gb-polar;nicht direkt genannt;
Bündel;iPhone Air;256;o2;netzbetreiber;O2 Mobile L mit 150 GB+ (24 Mon.);L;neu;7,00;24,99;50,00;;24;0,00;24;1806,76;;2026-10-10;https://www.o2online.de/e-shop/apple/apple-iphone-air-256gb-himmelblau-details?ohne-tarif=nein&zielgruppe=privatkunden&ratenzahlung=36&vertragsart=ratenzahlung&tarif=o2-mobile-on-demand-m-plus;apple-iphone-air-256gb-himmelblau;nicht direkt genannt;
Bündel;iPhone Air;256;o2;netzbetreiber;O2 Mobile L Plus mit 150 GB+ (24 Mon.);L;neu;7,00;19,99;50,00;;24;0,00;24;1686,76;;2026-10-10;https://www.o2online.de/e-shop/apple/apple-iphone-air-256gb-himmelblau-details?ohne-tarif=nein&zielgruppe=privatkunden&ratenzahlung=36&vertragsart=ratenzahlung&tarif=o2-mobile-on-demand-m-plus;apple-iphone-air-256gb-himmelblau;;
Bündel;iPhone Air;256;o2;netzbetreiber;O2 Mobile on Demand M mit 50 GB+ (24 Mon.);M;neu;7,00;19,99;50,00;;24;39,99;24;1726,75;;2026-10-10;https://www.o2online.de/e-shop/apple/apple-iphone-air-256gb-himmelblau-details?ohne-tarif=nein&zielgruppe=privatkunden&ratenzahlung=36&vertragsart=ratenzahlung&tarif=o2-mobile-on-demand-m-plus;apple-iphone-air-256gb-himmelblau;nicht direkt genannt;
Bündel;iPhone Air;256;o2;netzbetreiber;O2 Mobile on Demand M Plus mit 50 GB+ (24 Mon.);M;neu;7,00;14,99;50,00;;24;39,99;24;1606,75;;2026-10-10;https://www.o2online.de/e-shop/apple/apple-iphone-air-256gb-himmelblau-details?ohne-tarif=nein&zielgruppe=privatkunden&ratenzahlung=36&vertragsart=ratenzahlung&tarif=o2-mobile-on-demand-m-plus;apple-iphone-air-256gb-himmelblau;;
Bündel;iPhone Air;256;o2;netzbetreiber;O2 Mobile S mit 15 GB+ (24 Mon.);XS;neu;7,00;14,99;50,00;;24;39,99;24;1606,75;;2026-10-10;https://www.o2online.de/e-shop/apple/apple-iphone-air-256gb-himmelblau-details?ohne-tarif=nein&zielgruppe=privatkunden&ratenzahlung=36&vertragsart=ratenzahlung&tarif=o2-mobile-on-demand-m-plus;apple-iphone-air-256gb-himmelblau;nicht direkt genannt;
Bündel;iPhone Air;256;o2;netzbetreiber;O2 Mobile Special (24 Mon.);;neu;7,00;14,99;50,00;;24;0,00;24;1566,76;;2026-10-10;https://www.o2online.de/e-shop/apple/apple-iphone-air-256gb-himmelblau-details?ohne-tarif=nein&zielgruppe=privatkunden&ratenzahlung=36&vertragsart=ratenzahlung&tarif=o2-mobile-on-demand-m-plus;apple-iphone-air-256gb-himmelblau;nicht direkt genannt;
Bündel;iPhone Air;256;o2;netzbetreiber;O2 Mobile Unlimited L mit 300 MBit/s (24 Mon.);XL;neu;7,00;39,99;50,00;;24;0,00;24;2166,76;;2026-10-10;https://www.o2online.de/e-shop/apple/apple-iphone-air-256gb-himmelblau-details?ohne-tarif=nein&zielgruppe=privatkunden&ratenzahlung=36&vertragsart=ratenzahlung&tarif=o2-mobile-on-demand-m-plus;apple-iphone-air-256gb-himmelblau;nicht direkt genannt;
Bündel;iPhone Air;256;o2;netzbetreiber;O2 Mobile Unlimited L Plus mit 300 MBit/s (24 Mon.);;neu;7,00;29,99;50,00;;24;0,00;24;1926,76;;2026-10-10;https://www.o2online.de/e-shop/apple/apple-iphone-air-256gb-himmelblau-details?ohne-tarif=nein&zielgruppe=privatkunden&ratenzahlung=36&vertragsart=ratenzahlung&tarif=o2-mobile-on-demand-m-plus;apple-iphone-air-256gb-himmelblau;;
Bündel;iPhone Air;256;o2;netzbetreiber;O2 Mobile Unlimited M mit 100 MBit/s (24 Mon.);XL;neu;7,00;29,99;50,00;;24;0,00;24;1926,76;;2026-10-10;https://www.o2online.de/e-shop/apple/apple-iphone-air-256gb-himmelblau-details?ohne-tarif=nein&zielgruppe=privatkunden&ratenzahlung=36&vertragsart=ratenzahlung&tarif=o2-mobile-on-demand-m-plus;apple-iphone-air-256gb-himmelblau;nicht direkt genannt;
Bündel;iPhone Air;256;o2;netzbetreiber;O2 Mobile Unlimited M Plus mit 100 MBit/s (24 Mon.);XL;neu;7,00;19,99;50,00;;24;0,00;24;1686,76;;2026-10-10;https://www.o2online.de/e-shop/apple/apple-iphone-air-256gb-himmelblau-details?ohne-tarif=nein&zielgruppe=privatkunden&ratenzahlung=36&vertragsart=ratenzahlung&tarif=o2-mobile-on-demand-m-plus;apple-iphone-air-256gb-himmelblau;;
Bündel;iPhone Air;256;o2;netzbetreiber;O2 Mobile Unlimited S Special mit 15 MBit/s (24 Mon.);XL;neu;7,00;24,99;50,00;;24;39,99;24;1846,75;;2026-10-10;https://www.o2online.de/e-shop/apple/apple-iphone-air-256gb-himmelblau-details?ohne-tarif=nein&zielgruppe=privatkunden&ratenzahlung=36&vertragsart=ratenzahlung&tarif=o2-mobile-on-demand-m-plus;apple-iphone-air-256gb-himmelblau;nicht direkt genannt;
Bündel;iPhone Air;256;o2;netzbetreiber;O2 Mobile Unlimited S Special Plus mit 15 MBit/s (24 Mon.);XL;neu;7,00;19,99;50,00;;24;39,99;24;1726,75;;2026-10-10;https://www.o2online.de/e-shop/apple/apple-iphone-air-256gb-himmelblau-details?ohne-tarif=nein&zielgruppe=privatkunden&ratenzahlung=36&vertragsart=ratenzahlung&tarif=o2-mobile-on-demand-m-plus;apple-iphone-air-256gb-himmelblau;nicht direkt genannt;
Bündel;Fairphone 6;256;o2;netzbetreiber;O2 Mobile L mit 150 GB+ (24 Mon.);L;neu;7,00;24,99;23,00;;24;0,00;24;1158,76;;2026-10-10;https://www.o2online.de/e-shop/fairphone/fairphone-6-256gb-schwarz-details?ohne-tarif=nein&zielgruppe=privatkunden&ratenzahlung=36&vertragsart=ratenzahlung&tarif=o2-mobile-on-demand-m-plus;fairphone-6-256gb-schwarz;nicht direkt genannt;
Bündel;Fairphone 6;256;o2;netzbetreiber;O2 Mobile L Plus mit 150 GB+ (24 Mon.);L;neu;7,00;19,99;23,00;;24;0,00;24;1038,76;;2026-10-10;https://www.o2online.de/e-shop/fairphone/fairphone-6-256gb-schwarz-details?ohne-tarif=nein&zielgruppe=privatkunden&ratenzahlung=36&vertragsart=ratenzahlung&tarif=o2-mobile-on-demand-m-plus;fairphone-6-256gb-schwarz;;
Bündel;Fairphone 6;256;o2;netzbetreiber;O2 Mobile on Demand M mit 50 GB+ (24 Mon.);M;neu;7,00;19,99;23,00;;24;39,99;24;1078,75;;2026-10-10;https://www.o2online.de/e-shop/fairphone/fairphone-6-256gb-schwarz-details?ohne-tarif=nein&zielgruppe=privatkunden&ratenzahlung=36&vertragsart=ratenzahlung&tarif=o2-mobile-on-demand-m-plus;fairphone-6-256gb-schwarz;nicht direkt genannt;
Bündel;Fairphone 6;256;o2;netzbetreiber;O2 Mobile on Demand M Plus mit 50 GB+ (24 Mon.);M;neu;7,00;14,99;23,00;;24;39,99;24;958,75;;2026-10-10;https://www.o2online.de/e-shop/fairphone/fairphone-6-256gb-schwarz-details?ohne-tarif=nein&zielgruppe=privatkunden&ratenzahlung=36&vertragsart=ratenzahlung&tarif=o2-mobile-on-demand-m-plus;fairphone-6-256gb-schwarz;;
Bündel;Fairphone 6;256;o2;netzbetreiber;O2 Mobile S mit 15 GB+ (24 Mon.);XS;neu;7,00;14,99;23,00;;24;39,99;24;958,75;;2026-10-10;https://www.o2online.de/e-shop/fairphone/fairphone-6-256gb-schwarz-details?ohne-tarif=nein&zielgruppe=privatkunden&ratenzahlung=36&vertragsart=ratenzahlung&tarif=o2-mobile-on-demand-m-plus;fairphone-6-256gb-schwarz;nicht direkt genannt;
Bündel;Fairphone 6;256;o2;netzbetreiber;O2 Mobile Special (24 Mon.);;neu;7,00;14,99;23,00;;24;0,00;24;918,76;;2026-10-10;https://www.o2online.de/e-shop/fairphone/fairphone-6-256gb-schwarz-details?ohne-tarif=nein&zielgruppe=privatkunden&ratenzahlung=36&vertragsart=ratenzahlung&tarif=o2-mobile-on-demand-m-plus;fairphone-6-256gb-schwarz;nicht direkt genannt;
Bündel;Fairphone 6;256;o2;netzbetreiber;O2 Mobile Unlimited L mit 300 MBit/s (24 Mon.);XL;neu;7,00;39,99;23,00;;24;0,00;24;1518,76;;2026-10-10;https://www.o2online.de/e-shop/fairphone/fairphone-6-256gb-schwarz-details?ohne-tarif=nein&zielgruppe=privatkunden&ratenzahlung=36&vertragsart=ratenzahlung&tarif=o2-mobile-on-demand-m-plus;fairphone-6-256gb-schwarz;nicht direkt genannt;
Bündel;Fairphone 6;256;o2;netzbetreiber;O2 Mobile Unlimited L Plus mit 300 MBit/s (24 Mon.);;neu;7,00;29,99;23,00;;24;0,00;24;1278,76;;2026-10-10;https://www.o2online.de/e-shop/fairphone/fairphone-6-256gb-schwarz-details?ohne-tarif=nein&zielgruppe=privatkunden&ratenzahlung=36&vertragsart=ratenzahlung&tarif=o2-mobile-on-demand-m-plus;fairphone-6-256gb-schwarz;;
Bündel;Fairphone 6;256;o2;netzbetreiber;O2 Mobile Unlimited M mit 100 MBit/s (24 Mon.);XL;neu;7,00;29,99;23,00;;24;0,00;24;1278,76;;2026-10-10;https://www.o2online.de/e-shop/fairphone/fairphone-6-256gb-schwarz-details?ohne-tarif=nein&zielgruppe=privatkunden&ratenzahlung=36&vertragsart=ratenzahlung&tarif=o2-mobile-on-demand-m-plus;fairphone-6-256gb-schwarz;nicht direkt genannt;
Bündel;Fairphone 6;256;o2;netzbetreiber;O2 Mobile Unlimited M Plus mit 100 MBit/s (24 Mon.);XL;neu;7,00;19,99;23,00;;24;0,00;24;1038,76;;2026-10-10;https://www.o2online.de/e-shop/fairphone/fairphone-6-256gb-schwarz-details?ohne-tarif=nein&zielgruppe=privatkunden&ratenzahlung=36&vertragsart=ratenzahlung&tarif=o2-mobile-on-demand-m-plus;fairphone-6-256gb-schwarz;;
Bündel;Fairphone 6;256;o2;netzbetreiber;O2 Mobile Unlimited S Special mit 15 MBit/s (24 Mon.);XL;neu;7,00;24,99;23,00;;24;39,99;24;1198,75;;2026-10-10;https://www.o2online.de/e-shop/fairphone/fairphone-6-256gb-schwarz-details?ohne-tarif=nein&zielgruppe=privatkunden&ratenzahlung=36&vertragsart=ratenzahlung&tarif=o2-mobile-on-demand-m-plus;fairphone-6-256gb-schwarz;nicht direkt genannt;
Bündel;Fairphone 6;256;o2;netzbetreiber;O2 Mobile Unlimited S Special Plus mit 15 MBit/s (24 Mon.);XL;neu;7,00;19,99;23,00;;24;39,99;24;1078,75;;2026-10-10;https://www.o2online.de/e-shop/fairphone/fairphone-6-256gb-schwarz-details?ohne-tarif=nein&zielgruppe=privatkunden&ratenzahlung=36&vertragsart=ratenzahlung&tarif=o2-mobile-on-demand-m-plus;fairphone-6-256gb-schwarz;nicht direkt genannt;
Bündel;Pixel 10;128;o2;netzbetreiber;O2 Mobile L mit 150 GB+ (24 Mon.);L;neu;7,00;24,99;29,00;;24;0,00;24;1302,76;;2026-10-10;https://www.o2online.de/e-shop/google/google-pixel-10-128gb-obsidian-details?ohne-tarif=nein&zielgruppe=privatkunden&ratenzahlung=36&vertragsart=ratenzahlung&tarif=o2-mobile-on-demand-m-plus;google-pixel-10-128gb-schwarz;nicht direkt genannt;
Bündel;Pixel 10;128;o2;netzbetreiber;O2 Mobile L Plus mit 150 GB+ (24 Mon.);L;neu;7,00;19,99;29,00;;24;0,00;24;1182,76;;2026-10-10;https://www.o2online.de/e-shop/google/google-pixel-10-128gb-obsidian-details?ohne-tarif=nein&zielgruppe=privatkunden&ratenzahlung=36&vertragsart=ratenzahlung&tarif=o2-mobile-on-demand-m-plus;google-pixel-10-128gb-schwarz;;
Bündel;Pixel 10;128;o2;netzbetreiber;O2 Mobile on Demand M mit 50 GB+ (24 Mon.);M;neu;7,00;19,99;29,00;;24;39,99;24;1222,75;;2026-10-10;https://www.o2online.de/e-shop/google/google-pixel-10-128gb-obsidian-details?ohne-tarif=nein&zielgruppe=privatkunden&ratenzahlung=36&vertragsart=ratenzahlung&tarif=o2-mobile-on-demand-m-plus;google-pixel-10-128gb-schwarz;nicht direkt genannt;
Bündel;Pixel 10;128;o2;netzbetreiber;O2 Mobile on Demand M Plus mit 50 GB+ (24 Mon.);M;neu;7,00;14,99;29,00;;24;39,99;24;1102,75;;2026-10-10;https://www.o2online.de/e-shop/google/google-pixel-10-128gb-obsidian-details?ohne-tarif=nein&zielgruppe=privatkunden&ratenzahlung=36&vertragsart=ratenzahlung&tarif=o2-mobile-on-demand-m-plus;google-pixel-10-128gb-schwarz;;
Bündel;Pixel 10;128;o2;netzbetreiber;O2 Mobile S mit 15 GB+ (24 Mon.);XS;neu;7,00;14,99;29,00;;24;39,99;24;1102,75;;2026-10-10;https://www.o2online.de/e-shop/google/google-pixel-10-128gb-obsidian-details?ohne-tarif=nein&zielgruppe=privatkunden&ratenzahlung=36&vertragsart=ratenzahlung&tarif=o2-mobile-on-demand-m-plus;google-pixel-10-128gb-schwarz;nicht direkt genannt;
Bündel;Pixel 10;128;o2;netzbetreiber;O2 Mobile Special (24 Mon.);;neu;7,00;14,99;29,00;;24;0,00;24;1062,76;;2026-10-10;https://www.o2online.de/e-shop/google/google-pixel-10-128gb-obsidian-details?ohne-tarif=nein&zielgruppe=privatkunden&ratenzahlung=36&vertragsart=ratenzahlung&tarif=o2-mobile-on-demand-m-plus;google-pixel-10-128gb-schwarz;nicht direkt genannt;
Bündel;Pixel 10;128;o2;netzbetreiber;O2 Mobile Unlimited L mit 300 MBit/s (24 Mon.);XL;neu;7,00;39,99;29,00;;24;0,00;24;1662,76;;2026-10-10;https://www.o2online.de/e-shop/google/google-pixel-10-128gb-obsidian-details?ohne-tarif=nein&zielgruppe=privatkunden&ratenzahlung=36&vertragsart=ratenzahlung&tarif=o2-mobile-on-demand-m-plus;google-pixel-10-128gb-schwarz;nicht direkt genannt;
Bündel;Pixel 10;128;o2;netzbetreiber;O2 Mobile Unlimited L Plus mit 300 MBit/s (24 Mon.);;neu;7,00;29,99;29,00;;24;0,00;24;1422,76;;2026-10-10;https://www.o2online.de/e-shop/google/google-pixel-10-128gb-obsidian-details?ohne-tarif=nein&zielgruppe=privatkunden&ratenzahlung=36&vertragsart=ratenzahlung&tarif=o2-mobile-on-demand-m-plus;google-pixel-10-128gb-schwarz;;
Bündel;Pixel 10;128;o2;netzbetreiber;O2 Mobile Unlimited M mit 100 MBit/s (24 Mon.);XL;neu;7,00;29,99;29,00;;24;0,00;24;1422,76;;2026-10-10;https://www.o2online.de/e-shop/google/google-pixel-10-128gb-obsidian-details?ohne-tarif=nein&zielgruppe=privatkunden&ratenzahlung=36&vertragsart=ratenzahlung&tarif=o2-mobile-on-demand-m-plus;google-pixel-10-128gb-schwarz;nicht direkt genannt;
Bündel;Pixel 10;128;o2;netzbetreiber;O2 Mobile Unlimited M Plus mit 100 MBit/s (24 Mon.);XL;neu;7,00;19,99;29,00;;24;0,00;24;1182,76;;2026-10-10;https://www.o2online.de/e-shop/google/google-pixel-10-128gb-obsidian-details?ohne-tarif=nein&zielgruppe=privatkunden&ratenzahlung=36&vertragsart=ratenzahlung&tarif=o2-mobile-on-demand-m-plus;google-pixel-10-128gb-schwarz;;
Bündel;Pixel 10;128;o2;netzbetreiber;O2 Mobile Unlimited S Special mit 15 MBit/s (24 Mon.);XL;neu;7,00;24,99;29,00;;24;39,99;24;1342,75;;2026-10-10;https://www.o2online.de/e-shop/google/google-pixel-10-128gb-obsidian-details?ohne-tarif=nein&zielgruppe=privatkunden&ratenzahlung=36&vertragsart=ratenzahlung&tarif=o2-mobile-on-demand-m-plus;google-pixel-10-128gb-schwarz;nicht direkt genannt;
Bündel;Pixel 10;128;o2;netzbetreiber;O2 Mobile Unlimited S Special Plus mit 15 MBit/s (24 Mon.);XL;neu;7,00;19,99;29,00;;24;39,99;24;1222,75;;2026-10-10;https://www.o2online.de/e-shop/google/google-pixel-10-128gb-obsidian-details?ohne-tarif=nein&zielgruppe=privatkunden&ratenzahlung=36&vertragsart=ratenzahlung&tarif=o2-mobile-on-demand-m-plus;google-pixel-10-128gb-schwarz;nicht direkt genannt;
Bündel;Pixel 10 Pro;128;o2;netzbetreiber;O2 Mobile L mit 150 GB+ (24 Mon.);L;neu;1,00;24,99;40,50;;24;0,00;24;1572,76;;2026-10-10;https://www.o2online.de/e-shop/google/google-pixel-10-pro-128gb-obsidian-details?ohne-tarif=nein&zielgruppe=privatkunden&ratenzahlung=36&vertragsart=ratenzahlung&tarif=o2-mobile-on-demand-m-plus;google-pixel-10-pro-128gb-schwarz;nicht direkt genannt;
Bündel;Pixel 10 Pro;128;o2;netzbetreiber;O2 Mobile L Plus mit 150 GB+ (24 Mon.);L;neu;1,00;19,99;40,50;;24;0,00;24;1452,76;;2026-10-10;https://www.o2online.de/e-shop/google/google-pixel-10-pro-128gb-obsidian-details?ohne-tarif=nein&zielgruppe=privatkunden&ratenzahlung=36&vertragsart=ratenzahlung&tarif=o2-mobile-on-demand-m-plus;google-pixel-10-pro-128gb-schwarz;;
Bündel;Pixel 10 Pro;128;o2;netzbetreiber;O2 Mobile on Demand M mit 50 GB+ (24 Mon.);M;neu;1,00;19,99;40,50;;24;39,99;24;1492,75;;2026-10-10;https://www.o2online.de/e-shop/google/google-pixel-10-pro-128gb-obsidian-details?ohne-tarif=nein&zielgruppe=privatkunden&ratenzahlung=36&vertragsart=ratenzahlung&tarif=o2-mobile-on-demand-m-plus;google-pixel-10-pro-128gb-schwarz;nicht direkt genannt;
Bündel;Pixel 10 Pro;128;o2;netzbetreiber;O2 Mobile on Demand M Plus mit 50 GB+ (24 Mon.);M;neu;1,00;14,99;40,50;;24;39,99;24;1372,75;;2026-10-10;https://www.o2online.de/e-shop/google/google-pixel-10-pro-128gb-obsidian-details?ohne-tarif=nein&zielgruppe=privatkunden&ratenzahlung=36&vertragsart=ratenzahlung&tarif=o2-mobile-on-demand-m-plus;google-pixel-10-pro-128gb-schwarz;;
Bündel;Pixel 10 Pro;128;o2;netzbetreiber;O2 Mobile S mit 15 GB+ (24 Mon.);XS;neu;1,00;14,99;40,50;;24;39,99;24;1372,75;;2026-10-10;https://www.o2online.de/e-shop/google/google-pixel-10-pro-128gb-obsidian-details?ohne-tarif=nein&zielgruppe=privatkunden&ratenzahlung=36&vertragsart=ratenzahlung&tarif=o2-mobile-on-demand-m-plus;google-pixel-10-pro-128gb-schwarz;nicht direkt genannt;
Bündel;Pixel 10 Pro;128;o2;netzbetreiber;O2 Mobile Special (24 Mon.);;neu;1,00;14,99;40,50;;24;0,00;24;1332,76;;2026-10-10;https://www.o2online.de/e-shop/google/google-pixel-10-pro-128gb-obsidian-details?ohne-tarif=nein&zielgruppe=privatkunden&ratenzahlung=36&vertragsart=ratenzahlung&tarif=o2-mobile-on-demand-m-plus;google-pixel-10-pro-128gb-schwarz;nicht direkt genannt;
Bündel;Pixel 10 Pro;128;o2;netzbetreiber;O2 Mobile Unlimited L mit 300 MBit/s (24 Mon.);XL;neu;1,00;39,99;40,50;;24;0,00;24;1932,76;;2026-10-10;https://www.o2online.de/e-shop/google/google-pixel-10-pro-128gb-obsidian-details?ohne-tarif=nein&zielgruppe=privatkunden&ratenzahlung=36&vertragsart=ratenzahlung&tarif=o2-mobile-on-demand-m-plus;google-pixel-10-pro-128gb-schwarz;nicht direkt genannt;
Bündel;Pixel 10 Pro;128;o2;netzbetreiber;O2 Mobile Unlimited L Plus mit 300 MBit/s (24 Mon.);;neu;1,00;29,99;40,50;;24;0,00;24;1692,76;;2026-10-10;https://www.o2online.de/e-shop/google/google-pixel-10-pro-128gb-obsidian-details?ohne-tarif=nein&zielgruppe=privatkunden&ratenzahlung=36&vertragsart=ratenzahlung&tarif=o2-mobile-on-demand-m-plus;google-pixel-10-pro-128gb-schwarz;;
Bündel;Pixel 10 Pro;128;o2;netzbetreiber;O2 Mobile Unlimited M mit 100 MBit/s (24 Mon.);XL;neu;1,00;29,99;40,50;;24;0,00;24;1692,76;;2026-10-10;https://www.o2online.de/e-shop/google/google-pixel-10-pro-128gb-obsidian-details?ohne-tarif=nein&zielgruppe=privatkunden&ratenzahlung=36&vertragsart=ratenzahlung&tarif=o2-mobile-on-demand-m-plus;google-pixel-10-pro-128gb-schwarz;nicht direkt genannt;
Bündel;Pixel 10 Pro;128;o2;netzbetreiber;O2 Mobile Unlimited M Plus mit 100 MBit/s (24 Mon.);XL;neu;1,00;19,99;40,50;;24;0,00;24;1452,76;;2026-10-10;https://www.o2online.de/e-shop/google/google-pixel-10-pro-128gb-obsidian-details?ohne-tarif=nein&zielgruppe=privatkunden&ratenzahlung=36&vertragsart=ratenzahlung&tarif=o2-mobile-on-demand-m-plus;google-pixel-10-pro-128gb-schwarz;;
Bündel;Pixel 10 Pro;128;o2;netzbetreiber;O2 Mobile Unlimited S Special mit 15 MBit/s (24 Mon.);XL;neu;1,00;24,99;40,50;;24;39,99;24;1612,75;;2026-10-10;https://www.o2online.de/e-shop/google/google-pixel-10-pro-128gb-obsidian-details?ohne-tarif=nein&zielgruppe=privatkunden&ratenzahlung=36&vertragsart=ratenzahlung&tarif=o2-mobile-on-demand-m-plus;google-pixel-10-pro-128gb-schwarz;nicht direkt genannt;
Bündel;Pixel 10 Pro;128;o2;netzbetreiber;O2 Mobile Unlimited S Special Plus mit 15 MBit/s (24 Mon.);XL;neu;1,00;19,99;40,50;;24;39,99;24;1492,75;;2026-10-10;https://www.o2online.de/e-shop/google/google-pixel-10-pro-128gb-obsidian-details?ohne-tarif=nein&zielgruppe=privatkunden&ratenzahlung=36&vertragsart=ratenzahlung&tarif=o2-mobile-on-demand-m-plus;google-pixel-10-pro-128gb-schwarz;nicht direkt genannt;
Bündel;Pixel 10 Pro;256;o2;netzbetreiber;O2 Mobile L mit 150 GB+ (24 Mon.);L;neu;1,00;24,99;45,00;;24;0,00;24;1680,76;;2026-10-10;https://www.o2online.de/e-shop/google/google-pixel-10-pro-128gb-obsidian-details?ohne-tarif=nein&zielgruppe=privatkunden&ratenzahlung=36&vertragsart=ratenzahlung&tarif=o2-mobile-on-demand-m-plus;google-pixel-10-pro-256gb-schwarz;nicht direkt genannt;
Bündel;Pixel 10 Pro;256;o2;netzbetreiber;O2 Mobile L Plus mit 150 GB+ (24 Mon.);L;neu;1,00;19,99;45,00;;24;0,00;24;1560,76;;2026-10-10;https://www.o2online.de/e-shop/google/google-pixel-10-pro-128gb-obsidian-details?ohne-tarif=nein&zielgruppe=privatkunden&ratenzahlung=36&vertragsart=ratenzahlung&tarif=o2-mobile-on-demand-m-plus;google-pixel-10-pro-256gb-schwarz;;
Bündel;Pixel 10 Pro;256;o2;netzbetreiber;O2 Mobile on Demand M mit 50 GB+ (24 Mon.);M;neu;1,00;19,99;45,00;;24;39,99;24;1600,75;;2026-10-10;https://www.o2online.de/e-shop/google/google-pixel-10-pro-128gb-obsidian-details?ohne-tarif=nein&zielgruppe=privatkunden&ratenzahlung=36&vertragsart=ratenzahlung&tarif=o2-mobile-on-demand-m-plus;google-pixel-10-pro-256gb-schwarz;nicht direkt genannt;
Bündel;Pixel 10 Pro;256;o2;netzbetreiber;O2 Mobile on Demand M Plus mit 50 GB+ (24 Mon.);M;neu;1,00;14,99;45,00;;24;39,99;24;1480,75;;2026-10-10;https://www.o2online.de/e-shop/google/google-pixel-10-pro-128gb-obsidian-details?ohne-tarif=nein&zielgruppe=privatkunden&ratenzahlung=36&vertragsart=ratenzahlung&tarif=o2-mobile-on-demand-m-plus;google-pixel-10-pro-256gb-schwarz;;
Bündel;Pixel 10 Pro;256;o2;netzbetreiber;O2 Mobile S mit 15 GB+ (24 Mon.);XS;neu;1,00;14,99;45,00;;24;39,99;24;1480,75;;2026-10-10;https://www.o2online.de/e-shop/google/google-pixel-10-pro-128gb-obsidian-details?ohne-tarif=nein&zielgruppe=privatkunden&ratenzahlung=36&vertragsart=ratenzahlung&tarif=o2-mobile-on-demand-m-plus;google-pixel-10-pro-256gb-schwarz;nicht direkt genannt;
Bündel;Pixel 10 Pro;256;o2;netzbetreiber;O2 Mobile Special (24 Mon.);;neu;1,00;14,99;45,00;;24;0,00;24;1440,76;;2026-10-10;https://www.o2online.de/e-shop/google/google-pixel-10-pro-128gb-obsidian-details?ohne-tarif=nein&zielgruppe=privatkunden&ratenzahlung=36&vertragsart=ratenzahlung&tarif=o2-mobile-on-demand-m-plus;google-pixel-10-pro-256gb-schwarz;nicht direkt genannt;
Bündel;Pixel 10 Pro;256;o2;netzbetreiber;O2 Mobile Unlimited L mit 300 MBit/s (24 Mon.);XL;neu;1,00;39,99;45,00;;24;0,00;24;2040,76;;2026-10-10;https://www.o2online.de/e-shop/google/google-pixel-10-pro-128gb-obsidian-details?ohne-tarif=nein&zielgruppe=privatkunden&ratenzahlung=36&vertragsart=ratenzahlung&tarif=o2-mobile-on-demand-m-plus;google-pixel-10-pro-256gb-schwarz;nicht direkt genannt;
Bündel;Pixel 10 Pro;256;o2;netzbetreiber;O2 Mobile Unlimited L Plus mit 300 MBit/s (24 Mon.);;neu;1,00;29,99;45,00;;24;0,00;24;1800,76;;2026-10-10;https://www.o2online.de/e-shop/google/google-pixel-10-pro-128gb-obsidian-details?ohne-tarif=nein&zielgruppe=privatkunden&ratenzahlung=36&vertragsart=ratenzahlung&tarif=o2-mobile-on-demand-m-plus;google-pixel-10-pro-256gb-schwarz;;
Bündel;Pixel 10 Pro;256;o2;netzbetreiber;O2 Mobile Unlimited M mit 100 MBit/s (24 Mon.);XL;neu;1,00;29,99;45,00;;24;0,00;24;1800,76;;2026-10-10;https://www.o2online.de/e-shop/google/google-pixel-10-pro-128gb-obsidian-details?ohne-tarif=nein&zielgruppe=privatkunden&ratenzahlung=36&vertragsart=ratenzahlung&tarif=o2-mobile-on-demand-m-plus;google-pixel-10-pro-256gb-schwarz;nicht direkt genannt;
Bündel;Pixel 10 Pro;256;o2;netzbetreiber;O2 Mobile Unlimited M Plus mit 100 MBit/s (24 Mon.);XL;neu;1,00;19,99;45,00;;24;0,00;24;1560,76;;2026-10-10;https://www.o2online.de/e-shop/google/google-pixel-10-pro-128gb-obsidian-details?ohne-tarif=nein&zielgruppe=privatkunden&ratenzahlung=36&vertragsart=ratenzahlung&tarif=o2-mobile-on-demand-m-plus;google-pixel-10-pro-256gb-schwarz;;
Bündel;Pixel 10 Pro;256;o2;netzbetreiber;O2 Mobile Unlimited S Special mit 15 MBit/s (24 Mon.);XL;neu;1,00;24,99;45,00;;24;39,99;24;1720,75;;2026-10-10;https://www.o2online.de/e-shop/google/google-pixel-10-pro-128gb-obsidian-details?ohne-tarif=nein&zielgruppe=privatkunden&ratenzahlung=36&vertragsart=ratenzahlung&tarif=o2-mobile-on-demand-m-plus;google-pixel-10-pro-256gb-schwarz;nicht direkt genannt;
Bündel;Pixel 10 Pro;256;o2;netzbetreiber;O2 Mobile Unlimited S Special Plus mit 15 MBit/s (24 Mon.);XL;neu;1,00;19,99;45,00;;24;39,99;24;1600,75;;2026-10-10;https://www.o2online.de/e-shop/google/google-pixel-10-pro-128gb-obsidian-details?ohne-tarif=nein&zielgruppe=privatkunden&ratenzahlung=36&vertragsart=ratenzahlung&tarif=o2-mobile-on-demand-m-plus;google-pixel-10-pro-256gb-schwarz;nicht direkt genannt;
Bündel;Pixel 10a;128;o2;netzbetreiber;O2 Mobile L mit 150 GB+ (24 Mon.);L;neu;1,00;24,99;22,50;;24;0,00;24;1140,76;;2026-10-10;https://www.o2online.de/e-shop/google/google-pixel-10a-128gb-obsidian-details?ohne-tarif=nein&zielgruppe=privatkunden&ratenzahlung=36&vertragsart=ratenzahlung&tarif=o2-mobile-on-demand-m-plus;google-pixel-10a-128gb-schwarz;nicht direkt genannt;
Bündel;Pixel 10a;128;o2;netzbetreiber;O2 Mobile L Plus mit 150 GB+ (24 Mon.);L;neu;1,00;19,99;22,50;;24;0,00;24;1020,76;;2026-10-10;https://www.o2online.de/e-shop/google/google-pixel-10a-128gb-obsidian-details?ohne-tarif=nein&zielgruppe=privatkunden&ratenzahlung=36&vertragsart=ratenzahlung&tarif=o2-mobile-on-demand-m-plus;google-pixel-10a-128gb-schwarz;;
Bündel;Pixel 10a;128;o2;netzbetreiber;O2 Mobile on Demand M mit 50 GB+ (24 Mon.);M;neu;1,00;19,99;22,50;;24;39,99;24;1060,75;;2026-10-10;https://www.o2online.de/e-shop/google/google-pixel-10a-128gb-obsidian-details?ohne-tarif=nein&zielgruppe=privatkunden&ratenzahlung=36&vertragsart=ratenzahlung&tarif=o2-mobile-on-demand-m-plus;google-pixel-10a-128gb-schwarz;nicht direkt genannt;
Bündel;Pixel 10a;128;o2;netzbetreiber;O2 Mobile on Demand M Plus mit 50 GB+ (24 Mon.);M;neu;1,00;14,99;22,50;;24;39,99;24;940,75;;2026-10-10;https://www.o2online.de/e-shop/google/google-pixel-10a-128gb-obsidian-details?ohne-tarif=nein&zielgruppe=privatkunden&ratenzahlung=36&vertragsart=ratenzahlung&tarif=o2-mobile-on-demand-m-plus;google-pixel-10a-128gb-schwarz;;
Bündel;Pixel 10a;128;o2;netzbetreiber;O2 Mobile S mit 15 GB+ (24 Mon.);XS;neu;1,00;14,99;22,50;;24;39,99;24;940,75;;2026-10-10;https://www.o2online.de/e-shop/google/google-pixel-10a-128gb-obsidian-details?ohne-tarif=nein&zielgruppe=privatkunden&ratenzahlung=36&vertragsart=ratenzahlung&tarif=o2-mobile-on-demand-m-plus;google-pixel-10a-128gb-schwarz;nicht direkt genannt;
Bündel;Pixel 10a;128;o2;netzbetreiber;O2 Mobile Special (24 Mon.);;neu;1,00;14,99;22,50;;24;0,00;24;900,76;;2026-10-10;https://www.o2online.de/e-shop/google/google-pixel-10a-128gb-obsidian-details?ohne-tarif=nein&zielgruppe=privatkunden&ratenzahlung=36&vertragsart=ratenzahlung&tarif=o2-mobile-on-demand-m-plus;google-pixel-10a-128gb-schwarz;nicht direkt genannt;
Bündel;Pixel 10a;128;o2;netzbetreiber;O2 Mobile Unlimited L mit 300 MBit/s (24 Mon.);XL;neu;1,00;39,99;22,50;;24;0,00;24;1500,76;;2026-10-10;https://www.o2online.de/e-shop/google/google-pixel-10a-128gb-obsidian-details?ohne-tarif=nein&zielgruppe=privatkunden&ratenzahlung=36&vertragsart=ratenzahlung&tarif=o2-mobile-on-demand-m-plus;google-pixel-10a-128gb-schwarz;nicht direkt genannt;
Bündel;Pixel 10a;128;o2;netzbetreiber;O2 Mobile Unlimited L Plus mit 300 MBit/s (24 Mon.);;neu;1,00;29,99;22,50;;24;0,00;24;1260,76;;2026-10-10;https://www.o2online.de/e-shop/google/google-pixel-10a-128gb-obsidian-details?ohne-tarif=nein&zielgruppe=privatkunden&ratenzahlung=36&vertragsart=ratenzahlung&tarif=o2-mobile-on-demand-m-plus;google-pixel-10a-128gb-schwarz;;
Bündel;Pixel 10a;128;o2;netzbetreiber;O2 Mobile Unlimited M mit 100 MBit/s (24 Mon.);XL;neu;1,00;29,99;22,50;;24;0,00;24;1260,76;;2026-10-10;https://www.o2online.de/e-shop/google/google-pixel-10a-128gb-obsidian-details?ohne-tarif=nein&zielgruppe=privatkunden&ratenzahlung=36&vertragsart=ratenzahlung&tarif=o2-mobile-on-demand-m-plus;google-pixel-10a-128gb-schwarz;nicht direkt genannt;
Bündel;Pixel 10a;128;o2;netzbetreiber;O2 Mobile Unlimited M Plus mit 100 MBit/s (24 Mon.);XL;neu;1,00;19,99;22,50;;24;0,00;24;1020,76;;2026-10-10;https://www.o2online.de/e-shop/google/google-pixel-10a-128gb-obsidian-details?ohne-tarif=nein&zielgruppe=privatkunden&ratenzahlung=36&vertragsart=ratenzahlung&tarif=o2-mobile-on-demand-m-plus;google-pixel-10a-128gb-schwarz;;
Bündel;Pixel 10a;128;o2;netzbetreiber;O2 Mobile Unlimited S Special mit 15 MBit/s (24 Mon.);XL;neu;1,00;24,99;22,50;;24;39,99;24;1180,75;;2026-10-10;https://www.o2online.de/e-shop/google/google-pixel-10a-128gb-obsidian-details?ohne-tarif=nein&zielgruppe=privatkunden&ratenzahlung=36&vertragsart=ratenzahlung&tarif=o2-mobile-on-demand-m-plus;google-pixel-10a-128gb-schwarz;nicht direkt genannt;
Bündel;Pixel 10a;128;o2;netzbetreiber;O2 Mobile Unlimited S Special Plus mit 15 MBit/s (24 Mon.);XL;neu;1,00;19,99;22,50;;24;39,99;24;1060,75;;2026-10-10;https://www.o2online.de/e-shop/google/google-pixel-10a-128gb-obsidian-details?ohne-tarif=nein&zielgruppe=privatkunden&ratenzahlung=36&vertragsart=ratenzahlung&tarif=o2-mobile-on-demand-m-plus;google-pixel-10a-128gb-schwarz;nicht direkt genannt;
Bündel;Pixel 10a;256;o2;netzbetreiber;O2 Mobile L mit 150 GB+ (24 Mon.);L;neu;1,00;24,99;27,00;;24;0,00;24;1248,76;;2026-10-10;https://www.o2online.de/e-shop/google/google-pixel-10a-128gb-obsidian-details?ohne-tarif=nein&zielgruppe=privatkunden&ratenzahlung=36&vertragsart=ratenzahlung&tarif=o2-mobile-on-demand-m-plus;google-pixel-10a-256gb-schwarz;nicht direkt genannt;
Bündel;Pixel 10a;256;o2;netzbetreiber;O2 Mobile L Plus mit 150 GB+ (24 Mon.);L;neu;1,00;19,99;27,00;;24;0,00;24;1128,76;;2026-10-10;https://www.o2online.de/e-shop/google/google-pixel-10a-128gb-obsidian-details?ohne-tarif=nein&zielgruppe=privatkunden&ratenzahlung=36&vertragsart=ratenzahlung&tarif=o2-mobile-on-demand-m-plus;google-pixel-10a-256gb-schwarz;;
Bündel;Pixel 10a;256;o2;netzbetreiber;O2 Mobile on Demand M mit 50 GB+ (24 Mon.);M;neu;1,00;19,99;27,00;;24;39,99;24;1168,75;;2026-10-10;https://www.o2online.de/e-shop/google/google-pixel-10a-128gb-obsidian-details?ohne-tarif=nein&zielgruppe=privatkunden&ratenzahlung=36&vertragsart=ratenzahlung&tarif=o2-mobile-on-demand-m-plus;google-pixel-10a-256gb-schwarz;nicht direkt genannt;
Bündel;Pixel 10a;256;o2;netzbetreiber;O2 Mobile on Demand M Plus mit 50 GB+ (24 Mon.);M;neu;1,00;14,99;27,00;;24;39,99;24;1048,75;;2026-10-10;https://www.o2online.de/e-shop/google/google-pixel-10a-128gb-obsidian-details?ohne-tarif=nein&zielgruppe=privatkunden&ratenzahlung=36&vertragsart=ratenzahlung&tarif=o2-mobile-on-demand-m-plus;google-pixel-10a-256gb-schwarz;;
Bündel;Pixel 10a;256;o2;netzbetreiber;O2 Mobile S mit 15 GB+ (24 Mon.);XS;neu;1,00;14,99;27,00;;24;39,99;24;1048,75;;2026-10-10;https://www.o2online.de/e-shop/google/google-pixel-10a-128gb-obsidian-details?ohne-tarif=nein&zielgruppe=privatkunden&ratenzahlung=36&vertragsart=ratenzahlung&tarif=o2-mobile-on-demand-m-plus;google-pixel-10a-256gb-schwarz;nicht direkt genannt;
Bündel;Pixel 10a;256;o2;netzbetreiber;O2 Mobile Special (24 Mon.);;neu;1,00;14,99;27,00;;24;0,00;24;1008,76;;2026-10-10;https://www.o2online.de/e-shop/google/google-pixel-10a-128gb-obsidian-details?ohne-tarif=nein&zielgruppe=privatkunden&ratenzahlung=36&vertragsart=ratenzahlung&tarif=o2-mobile-on-demand-m-plus;google-pixel-10a-256gb-schwarz;nicht direkt genannt;
Bündel;Pixel 10a;256;o2;netzbetreiber;O2 Mobile Unlimited L mit 300 MBit/s (24 Mon.);XL;neu;1,00;39,99;27,00;;24;0,00;24;1608,76;;2026-10-10;https://www.o2online.de/e-shop/google/google-pixel-10a-128gb-obsidian-details?ohne-tarif=nein&zielgruppe=privatkunden&ratenzahlung=36&vertragsart=ratenzahlung&tarif=o2-mobile-on-demand-m-plus;google-pixel-10a-256gb-schwarz;nicht direkt genannt;
Bündel;Pixel 10a;256;o2;netzbetreiber;O2 Mobile Unlimited L Plus mit 300 MBit/s (24 Mon.);;neu;1,00;29,99;27,00;;24;0,00;24;1368,76;;2026-10-10;https://www.o2online.de/e-shop/google/google-pixel-10a-128gb-obsidian-details?ohne-tarif=nein&zielgruppe=privatkunden&ratenzahlung=36&vertragsart=ratenzahlung&tarif=o2-mobile-on-demand-m-plus;google-pixel-10a-256gb-schwarz;;
Bündel;Pixel 10a;256;o2;netzbetreiber;O2 Mobile Unlimited M mit 100 MBit/s (24 Mon.);XL;neu;1,00;29,99;27,00;;24;0,00;24;1368,76;;2026-10-10;https://www.o2online.de/e-shop/google/google-pixel-10a-128gb-obsidian-details?ohne-tarif=nein&zielgruppe=privatkunden&ratenzahlung=36&vertragsart=ratenzahlung&tarif=o2-mobile-on-demand-m-plus;google-pixel-10a-256gb-schwarz;nicht direkt genannt;
Bündel;Pixel 10a;256;o2;netzbetreiber;O2 Mobile Unlimited M Plus mit 100 MBit/s (24 Mon.);XL;neu;1,00;19,99;27,00;;24;0,00;24;1128,76;;2026-10-10;https://www.o2online.de/e-shop/google/google-pixel-10a-128gb-obsidian-details?ohne-tarif=nein&zielgruppe=privatkunden&ratenzahlung=36&vertragsart=ratenzahlung&tarif=o2-mobile-on-demand-m-plus;google-pixel-10a-256gb-schwarz;;
Bündel;Pixel 10a;256;o2;netzbetreiber;O2 Mobile Unlimited S Special mit 15 MBit/s (24 Mon.);XL;neu;1,00;24,99;27,00;;24;39,99;24;1288,75;;2026-10-10;https://www.o2online.de/e-shop/google/google-pixel-10a-128gb-obsidian-details?ohne-tarif=nein&zielgruppe=privatkunden&ratenzahlung=36&vertragsart=ratenzahlung&tarif=o2-mobile-on-demand-m-plus;google-pixel-10a-256gb-schwarz;nicht direkt genannt;
Bündel;Pixel 10a;256;o2;netzbetreiber;O2 Mobile Unlimited S Special Plus mit 15 MBit/s (24 Mon.);XL;neu;1,00;19,99;27,00;;24;39,99;24;1168,75;;2026-10-10;https://www.o2online.de/e-shop/google/google-pixel-10a-128gb-obsidian-details?ohne-tarif=nein&zielgruppe=privatkunden&ratenzahlung=36&vertragsart=ratenzahlung&tarif=o2-mobile-on-demand-m-plus;google-pixel-10a-256gb-schwarz;nicht direkt genannt;
Bündel;Pixel 11;256;o2;netzbetreiber;O2 Mobile L mit 150 GB+ (24 Mon.);L;neu;7,00;24,99;41,00;;24;0,00;24;1590,76;;2026-10-10;https://www.o2online.de/e-shop/google/google-pixel-11-256gb-frost-details?ohne-tarif=nein&zielgruppe=privatkunden&ratenzahlung=36&vertragsart=ratenzahlung&tarif=o2-mobile-on-demand-m-plus;google-pixel-11-256gb-frost;nicht direkt genannt;
Bündel;Pixel 11;256;o2;netzbetreiber;O2 Mobile L Plus mit 150 GB+ (24 Mon.);L;neu;7,00;19,99;41,00;;24;0,00;24;1470,76;;2026-10-10;https://www.o2online.de/e-shop/google/google-pixel-11-256gb-frost-details?ohne-tarif=nein&zielgruppe=privatkunden&ratenzahlung=36&vertragsart=ratenzahlung&tarif=o2-mobile-on-demand-m-plus;google-pixel-11-256gb-frost;;
Bündel;Pixel 11;256;o2;netzbetreiber;O2 Mobile on Demand M mit 50 GB+ (24 Mon.);M;neu;7,00;19,99;41,00;;24;39,99;24;1510,75;;2026-10-10;https://www.o2online.de/e-shop/google/google-pixel-11-256gb-frost-details?ohne-tarif=nein&zielgruppe=privatkunden&ratenzahlung=36&vertragsart=ratenzahlung&tarif=o2-mobile-on-demand-m-plus;google-pixel-11-256gb-frost;nicht direkt genannt;
Bündel;Pixel 11;256;o2;netzbetreiber;O2 Mobile on Demand M Plus mit 50 GB+ (24 Mon.);M;neu;7,00;14,99;41,00;;24;39,99;24;1390,75;;2026-10-10;https://www.o2online.de/e-shop/google/google-pixel-11-256gb-frost-details?ohne-tarif=nein&zielgruppe=privatkunden&ratenzahlung=36&vertragsart=ratenzahlung&tarif=o2-mobile-on-demand-m-plus;google-pixel-11-256gb-frost;;
Bündel;Pixel 11;256;o2;netzbetreiber;O2 Mobile S mit 15 GB+ (24 Mon.);XS;neu;7,00;14,99;41,00;;24;39,99;24;1390,75;;2026-10-10;https://www.o2online.de/e-shop/google/google-pixel-11-256gb-frost-details?ohne-tarif=nein&zielgruppe=privatkunden&ratenzahlung=36&vertragsart=ratenzahlung&tarif=o2-mobile-on-demand-m-plus;google-pixel-11-256gb-frost;nicht direkt genannt;
Bündel;Pixel 11;256;o2;netzbetreiber;O2 Mobile Special (24 Mon.);;neu;7,00;14,99;41,00;;24;0,00;24;1350,76;;2026-10-10;https://www.o2online.de/e-shop/google/google-pixel-11-256gb-frost-details?ohne-tarif=nein&zielgruppe=privatkunden&ratenzahlung=36&vertragsart=ratenzahlung&tarif=o2-mobile-on-demand-m-plus;google-pixel-11-256gb-frost;nicht direkt genannt;
Bündel;Pixel 11;256;o2;netzbetreiber;O2 Mobile Unlimited L mit 300 MBit/s (24 Mon.);XL;neu;7,00;39,99;41,00;;24;0,00;24;1950,76;;2026-10-10;https://www.o2online.de/e-shop/google/google-pixel-11-256gb-frost-details?ohne-tarif=nein&zielgruppe=privatkunden&ratenzahlung=36&vertragsart=ratenzahlung&tarif=o2-mobile-on-demand-m-plus;google-pixel-11-256gb-frost;nicht direkt genannt;
Bündel;Pixel 11;256;o2;netzbetreiber;O2 Mobile Unlimited L Plus mit 300 MBit/s (24 Mon.);;neu;7,00;29,99;41,00;;24;0,00;24;1710,76;;2026-10-10;https://www.o2online.de/e-shop/google/google-pixel-11-256gb-frost-details?ohne-tarif=nein&zielgruppe=privatkunden&ratenzahlung=36&vertragsart=ratenzahlung&tarif=o2-mobile-on-demand-m-plus;google-pixel-11-256gb-frost;;
Bündel;Pixel 11;256;o2;netzbetreiber;O2 Mobile Unlimited M mit 100 MBit/s (24 Mon.);XL;neu;7,00;29,99;41,00;;24;0,00;24;1710,76;;2026-10-10;https://www.o2online.de/e-shop/google/google-pixel-11-256gb-frost-details?ohne-tarif=nein&zielgruppe=privatkunden&ratenzahlung=36&vertragsart=ratenzahlung&tarif=o2-mobile-on-demand-m-plus;google-pixel-11-256gb-frost;nicht direkt genannt;
Bündel;Pixel 11;256;o2;netzbetreiber;O2 Mobile Unlimited M Plus mit 100 MBit/s (24 Mon.);XL;neu;7,00;19,99;41,00;;24;0,00;24;1470,76;;2026-10-10;https://www.o2online.de/e-shop/google/google-pixel-11-256gb-frost-details?ohne-tarif=nein&zielgruppe=privatkunden&ratenzahlung=36&vertragsart=ratenzahlung&tarif=o2-mobile-on-demand-m-plus;google-pixel-11-256gb-frost;;
Bündel;Pixel 11;256;o2;netzbetreiber;O2 Mobile Unlimited S Special mit 15 MBit/s (24 Mon.);XL;neu;7,00;24,99;41,00;;24;39,99;24;1630,75;;2026-10-10;https://www.o2online.de/e-shop/google/google-pixel-11-256gb-frost-details?ohne-tarif=nein&zielgruppe=privatkunden&ratenzahlung=36&vertragsart=ratenzahlung&tarif=o2-mobile-on-demand-m-plus;google-pixel-11-256gb-frost;nicht direkt genannt;
Bündel;Pixel 11;256;o2;netzbetreiber;O2 Mobile Unlimited S Special Plus mit 15 MBit/s (24 Mon.);XL;neu;7,00;19,99;41,00;;24;39,99;24;1510,75;;2026-10-08;https://www.o2online.de/e-shop/google/google-pixel-11-256gb-frost-details?ohne-tarif=nein&zielgruppe=privatkunden&ratenzahlung=36&vertragsart=ratenzahlung&tarif=o2-mobile-on-demand-m-plus;google-pixel-11-256gb-frost;;
Bündel;Pixel 11 Pro;256;o2;netzbetreiber;O2 Mobile L mit 150 GB+ (24 Mon.);L;neu;1,00;24,99;49,50;;24;0,00;24;1788,76;;2026-10-10;https://www.o2online.de/e-shop/google/google-pixel-11-pro-256gb-canyon-details?ohne-tarif=nein&zielgruppe=privatkunden&ratenzahlung=36&vertragsart=ratenzahlung&tarif=o2-mobile-on-demand-m-plus;google-pixel-11-pro-256gb-canyon;nicht direkt genannt;
Bündel;Pixel 11 Pro;256;o2;netzbetreiber;O2 Mobile L Plus mit 150 GB+ (24 Mon.);L;neu;1,00;19,99;49,50;;24;0,00;24;1668,76;;2026-10-10;https://www.o2online.de/e-shop/google/google-pixel-11-pro-256gb-canyon-details?ohne-tarif=nein&zielgruppe=privatkunden&ratenzahlung=36&vertragsart=ratenzahlung&tarif=o2-mobile-on-demand-m-plus;google-pixel-11-pro-256gb-canyon;;
Bündel;Pixel 11 Pro;256;o2;netzbetreiber;O2 Mobile on Demand M mit 50 GB+ (24 Mon.);M;neu;1,00;19,99;49,50;;24;39,99;24;1708,75;;2026-10-10;https://www.o2online.de/e-shop/google/google-pixel-11-pro-256gb-canyon-details?ohne-tarif=nein&zielgruppe=privatkunden&ratenzahlung=36&vertragsart=ratenzahlung&tarif=o2-mobile-on-demand-m-plus;google-pixel-11-pro-256gb-canyon;nicht direkt genannt;
Bündel;Pixel 11 Pro;256;o2;netzbetreiber;O2 Mobile on Demand M Plus mit 50 GB+ (24 Mon.);M;neu;1,00;14,99;49,50;;24;39,99;24;1588,75;;2026-10-10;https://www.o2online.de/e-shop/google/google-pixel-11-pro-256gb-canyon-details?ohne-tarif=nein&zielgruppe=privatkunden&ratenzahlung=36&vertragsart=ratenzahlung&tarif=o2-mobile-on-demand-m-plus;google-pixel-11-pro-256gb-canyon;;
Bündel;Pixel 11 Pro;256;o2;netzbetreiber;O2 Mobile S mit 15 GB+ (24 Mon.);XS;neu;1,00;14,99;49,50;;24;39,99;24;1588,75;;2026-10-10;https://www.o2online.de/e-shop/google/google-pixel-11-pro-256gb-canyon-details?ohne-tarif=nein&zielgruppe=privatkunden&ratenzahlung=36&vertragsart=ratenzahlung&tarif=o2-mobile-on-demand-m-plus;google-pixel-11-pro-256gb-canyon;nicht direkt genannt;
Bündel;Pixel 11 Pro;256;o2;netzbetreiber;O2 Mobile Special (24 Mon.);;neu;1,00;14,99;49,50;;24;0,00;24;1548,76;;2026-10-10;https://www.o2online.de/e-shop/google/google-pixel-11-pro-256gb-canyon-details?ohne-tarif=nein&zielgruppe=privatkunden&ratenzahlung=36&vertragsart=ratenzahlung&tarif=o2-mobile-on-demand-m-plus;google-pixel-11-pro-256gb-canyon;nicht direkt genannt;
Bündel;Pixel 11 Pro;256;o2;netzbetreiber;O2 Mobile Unlimited L mit 300 MBit/s (24 Mon.);XL;neu;1,00;39,99;49,50;;24;0,00;24;2148,76;;2026-10-10;https://www.o2online.de/e-shop/google/google-pixel-11-pro-256gb-canyon-details?ohne-tarif=nein&zielgruppe=privatkunden&ratenzahlung=36&vertragsart=ratenzahlung&tarif=o2-mobile-on-demand-m-plus;google-pixel-11-pro-256gb-canyon;nicht direkt genannt;
Bündel;Pixel 11 Pro;256;o2;netzbetreiber;O2 Mobile Unlimited L Plus mit 300 MBit/s (24 Mon.);;neu;1,00;29,99;49,50;;24;0,00;24;1908,76;;2026-10-10;https://www.o2online.de/e-shop/google/google-pixel-11-pro-256gb-canyon-details?ohne-tarif=nein&zielgruppe=privatkunden&ratenzahlung=36&vertragsart=ratenzahlung&tarif=o2-mobile-on-demand-m-plus;google-pixel-11-pro-256gb-canyon;;
Bündel;Pixel 11 Pro;256;o2;netzbetreiber;O2 Mobile Unlimited M mit 100 MBit/s (24 Mon.);XL;neu;1,00;29,99;49,50;;24;0,00;24;1908,76;;2026-10-10;https://www.o2online.de/e-shop/google/google-pixel-11-pro-256gb-canyon-details?ohne-tarif=nein&zielgruppe=privatkunden&ratenzahlung=36&vertragsart=ratenzahlung&tarif=o2-mobile-on-demand-m-plus;google-pixel-11-pro-256gb-canyon;nicht direkt genannt;
Bündel;Pixel 11 Pro;256;o2;netzbetreiber;O2 Mobile Unlimited M Plus mit 100 MBit/s (24 Mon.);XL;neu;1,00;19,99;49,50;;24;0,00;24;1668,76;;2026-10-10;https://www.o2online.de/e-shop/google/google-pixel-11-pro-256gb-canyon-details?ohne-tarif=nein&zielgruppe=privatkunden&ratenzahlung=36&vertragsart=ratenzahlung&tarif=o2-mobile-on-demand-m-plus;google-pixel-11-pro-256gb-canyon;;
Bündel;Pixel 11 Pro;256;o2;netzbetreiber;O2 Mobile Unlimited S Special mit 15 MBit/s (24 Mon.);XL;neu;1,00;24,99;49,50;;24;39,99;24;1828,75;;2026-10-10;https://www.o2online.de/e-shop/google/google-pixel-11-pro-256gb-canyon-details?ohne-tarif=nein&zielgruppe=privatkunden&ratenzahlung=36&vertragsart=ratenzahlung&tarif=o2-mobile-on-demand-m-plus;google-pixel-11-pro-256gb-canyon;nicht direkt genannt;
Bündel;Pixel 11 Pro;256;o2;netzbetreiber;O2 Mobile Unlimited S Special Plus mit 15 MBit/s (24 Mon.);XL;neu;1,00;19,99;49,50;;24;39,99;24;1708,75;;2026-10-10;https://www.o2online.de/e-shop/google/google-pixel-11-pro-256gb-canyon-details?ohne-tarif=nein&zielgruppe=privatkunden&ratenzahlung=36&vertragsart=ratenzahlung&tarif=o2-mobile-on-demand-m-plus;google-pixel-11-pro-256gb-canyon;nicht direkt genannt;
Bündel;Pixel 11 Pro;512;o2;netzbetreiber;O2 Mobile L mit 150 GB+ (24 Mon.);L;neu;1,00;24,99;55,50;;24;0,00;24;1932,76;;2026-10-10;https://www.o2online.de/e-shop/google/google-pixel-11-pro-256gb-canyon-details?ohne-tarif=nein&zielgruppe=privatkunden&ratenzahlung=36&vertragsart=ratenzahlung&tarif=o2-mobile-on-demand-m-plus;google-pixel-11-pro-512gb-canyon;nicht direkt genannt;
Bündel;Pixel 11 Pro;512;o2;netzbetreiber;O2 Mobile L Plus mit 150 GB+ (24 Mon.);L;neu;1,00;19,99;55,50;;24;0,00;24;1812,76;;2026-10-10;https://www.o2online.de/e-shop/google/google-pixel-11-pro-256gb-canyon-details?ohne-tarif=nein&zielgruppe=privatkunden&ratenzahlung=36&vertragsart=ratenzahlung&tarif=o2-mobile-on-demand-m-plus;google-pixel-11-pro-512gb-canyon;;
Bündel;Pixel 11 Pro;512;o2;netzbetreiber;O2 Mobile on Demand M mit 50 GB+ (24 Mon.);M;neu;1,00;19,99;55,50;;24;39,99;24;1852,75;;2026-10-10;https://www.o2online.de/e-shop/google/google-pixel-11-pro-256gb-canyon-details?ohne-tarif=nein&zielgruppe=privatkunden&ratenzahlung=36&vertragsart=ratenzahlung&tarif=o2-mobile-on-demand-m-plus;google-pixel-11-pro-512gb-canyon;nicht direkt genannt;
Bündel;Pixel 11 Pro;512;o2;netzbetreiber;O2 Mobile on Demand M Plus mit 50 GB+ (24 Mon.);M;neu;1,00;14,99;55,50;;24;39,99;24;1732,75;;2026-10-10;https://www.o2online.de/e-shop/google/google-pixel-11-pro-256gb-canyon-details?ohne-tarif=nein&zielgruppe=privatkunden&ratenzahlung=36&vertragsart=ratenzahlung&tarif=o2-mobile-on-demand-m-plus;google-pixel-11-pro-512gb-canyon;;
Bündel;Pixel 11 Pro;512;o2;netzbetreiber;O2 Mobile S mit 15 GB+ (24 Mon.);XS;neu;1,00;14,99;55,50;;24;39,99;24;1732,75;;2026-10-10;https://www.o2online.de/e-shop/google/google-pixel-11-pro-256gb-canyon-details?ohne-tarif=nein&zielgruppe=privatkunden&ratenzahlung=36&vertragsart=ratenzahlung&tarif=o2-mobile-on-demand-m-plus;google-pixel-11-pro-512gb-canyon;nicht direkt genannt;
Bündel;Pixel 11 Pro;512;o2;netzbetreiber;O2 Mobile Special (24 Mon.);;neu;1,00;14,99;55,50;;24;0,00;24;1692,76;;2026-10-10;https://www.o2online.de/e-shop/google/google-pixel-11-pro-256gb-canyon-details?ohne-tarif=nein&zielgruppe=privatkunden&ratenzahlung=36&vertragsart=ratenzahlung&tarif=o2-mobile-on-demand-m-plus;google-pixel-11-pro-512gb-canyon;nicht direkt genannt;
Bündel;Pixel 11 Pro;512;o2;netzbetreiber;O2 Mobile Unlimited L mit 300 MBit/s (24 Mon.);XL;neu;1,00;39,99;55,50;;24;0,00;24;2292,76;;2026-10-10;https://www.o2online.de/e-shop/google/google-pixel-11-pro-256gb-canyon-details?ohne-tarif=nein&zielgruppe=privatkunden&ratenzahlung=36&vertragsart=ratenzahlung&tarif=o2-mobile-on-demand-m-plus;google-pixel-11-pro-512gb-canyon;nicht direkt genannt;
Bündel;Pixel 11 Pro;512;o2;netzbetreiber;O2 Mobile Unlimited L Plus mit 300 MBit/s (24 Mon.);;neu;1,00;29,99;55,50;;24;0,00;24;2052,76;;2026-10-10;https://www.o2online.de/e-shop/google/google-pixel-11-pro-256gb-canyon-details?ohne-tarif=nein&zielgruppe=privatkunden&ratenzahlung=36&vertragsart=ratenzahlung&tarif=o2-mobile-on-demand-m-plus;google-pixel-11-pro-512gb-canyon;;
Bündel;Pixel 11 Pro;512;o2;netzbetreiber;O2 Mobile Unlimited M mit 100 MBit/s (24 Mon.);XL;neu;1,00;29,99;55,50;;24;0,00;24;2052,76;;2026-10-10;https://www.o2online.de/e-shop/google/google-pixel-11-pro-256gb-canyon-details?ohne-tarif=nein&zielgruppe=privatkunden&ratenzahlung=36&vertragsart=ratenzahlung&tarif=o2-mobile-on-demand-m-plus;google-pixel-11-pro-512gb-canyon;nicht direkt genannt;
Bündel;Pixel 11 Pro;512;o2;netzbetreiber;O2 Mobile Unlimited M Plus mit 100 MBit/s (24 Mon.);XL;neu;1,00;19,99;55,50;;24;0,00;24;1812,76;;2026-10-10;https://www.o2online.de/e-shop/google/google-pixel-11-pro-256gb-canyon-details?ohne-tarif=nein&zielgruppe=privatkunden&ratenzahlung=36&vertragsart=ratenzahlung&tarif=o2-mobile-on-demand-m-plus;google-pixel-11-pro-512gb-canyon;;
Bündel;Pixel 11 Pro;512;o2;netzbetreiber;O2 Mobile Unlimited S Special mit 15 MBit/s (24 Mon.);XL;neu;1,00;24,99;55,50;;24;39,99;24;1972,75;;2026-10-10;https://www.o2online.de/e-shop/google/google-pixel-11-pro-256gb-canyon-details?ohne-tarif=nein&zielgruppe=privatkunden&ratenzahlung=36&vertragsart=ratenzahlung&tarif=o2-mobile-on-demand-m-plus;google-pixel-11-pro-512gb-canyon;nicht direkt genannt;
Bündel;Pixel 11 Pro;512;o2;netzbetreiber;O2 Mobile Unlimited S Special Plus mit 15 MBit/s (24 Mon.);XL;neu;1,00;19,99;55,50;;24;39,99;24;1852,75;;2026-10-10;https://www.o2online.de/e-shop/google/google-pixel-11-pro-256gb-canyon-details?ohne-tarif=nein&zielgruppe=privatkunden&ratenzahlung=36&vertragsart=ratenzahlung&tarif=o2-mobile-on-demand-m-plus;google-pixel-11-pro-512gb-canyon;nicht direkt genannt;
Bündel;Pixel 11 Pro Fold;256;o2;netzbetreiber;O2 Mobile L mit 150 GB+ (24 Mon.);L;neu;1,00;24,99;82,50;;24;0,00;24;2580,76;;2026-10-10;https://www.o2online.de/e-shop/google/google-pixel-11-pro-fold-256gb-olive-details?ohne-tarif=nein&zielgruppe=privatkunden&ratenzahlung=36&vertragsart=ratenzahlung&tarif=o2-mobile-on-demand-m-plus;google-pixel-11-pro-fold-256gb-olive;nicht direkt genannt;
Bündel;Pixel 11 Pro Fold;256;o2;netzbetreiber;O2 Mobile L Plus mit 150 GB+ (24 Mon.);L;neu;1,00;19,99;82,50;;24;0,00;24;2460,76;;2026-10-10;https://www.o2online.de/e-shop/google/google-pixel-11-pro-fold-256gb-olive-details?ohne-tarif=nein&zielgruppe=privatkunden&ratenzahlung=36&vertragsart=ratenzahlung&tarif=o2-mobile-on-demand-m-plus;google-pixel-11-pro-fold-256gb-olive;;
Bündel;Pixel 11 Pro Fold;256;o2;netzbetreiber;O2 Mobile on Demand M mit 50 GB+ (24 Mon.);M;neu;1,00;19,99;82,50;;24;39,99;24;2500,75;;2026-10-10;https://www.o2online.de/e-shop/google/google-pixel-11-pro-fold-256gb-olive-details?ohne-tarif=nein&zielgruppe=privatkunden&ratenzahlung=36&vertragsart=ratenzahlung&tarif=o2-mobile-on-demand-m-plus;google-pixel-11-pro-fold-256gb-olive;nicht direkt genannt;
Bündel;Pixel 11 Pro Fold;256;o2;netzbetreiber;O2 Mobile on Demand M Plus mit 50 GB+ (24 Mon.);M;neu;1,00;14,99;82,50;;24;39,99;24;2380,75;;2026-10-10;https://www.o2online.de/e-shop/google/google-pixel-11-pro-fold-256gb-olive-details?ohne-tarif=nein&zielgruppe=privatkunden&ratenzahlung=36&vertragsart=ratenzahlung&tarif=o2-mobile-on-demand-m-plus;google-pixel-11-pro-fold-256gb-olive;;
Bündel;Pixel 11 Pro Fold;256;o2;netzbetreiber;O2 Mobile S mit 15 GB+ (24 Mon.);XS;neu;1,00;14,99;82,50;;24;39,99;24;2380,75;;2026-10-10;https://www.o2online.de/e-shop/google/google-pixel-11-pro-fold-256gb-olive-details?ohne-tarif=nein&zielgruppe=privatkunden&ratenzahlung=36&vertragsart=ratenzahlung&tarif=o2-mobile-on-demand-m-plus;google-pixel-11-pro-fold-256gb-olive;nicht direkt genannt;
Bündel;Pixel 11 Pro Fold;256;o2;netzbetreiber;O2 Mobile Special (24 Mon.);;neu;1,00;14,99;82,50;;24;0,00;24;2340,76;;2026-10-10;https://www.o2online.de/e-shop/google/google-pixel-11-pro-fold-256gb-olive-details?ohne-tarif=nein&zielgruppe=privatkunden&ratenzahlung=36&vertragsart=ratenzahlung&tarif=o2-mobile-on-demand-m-plus;google-pixel-11-pro-fold-256gb-olive;nicht direkt genannt;
Bündel;Pixel 11 Pro Fold;256;o2;netzbetreiber;O2 Mobile Unlimited L mit 300 MBit/s (24 Mon.);XL;neu;1,00;39,99;82,50;;24;0,00;24;2940,76;;2026-10-10;https://www.o2online.de/e-shop/google/google-pixel-11-pro-fold-256gb-olive-details?ohne-tarif=nein&zielgruppe=privatkunden&ratenzahlung=36&vertragsart=ratenzahlung&tarif=o2-mobile-on-demand-m-plus;google-pixel-11-pro-fold-256gb-olive;nicht direkt genannt;
Bündel;Pixel 11 Pro Fold;256;o2;netzbetreiber;O2 Mobile Unlimited L Plus mit 300 MBit/s (24 Mon.);;neu;1,00;29,99;82,50;;24;0,00;24;2700,76;;2026-10-10;https://www.o2online.de/e-shop/google/google-pixel-11-pro-fold-256gb-olive-details?ohne-tarif=nein&zielgruppe=privatkunden&ratenzahlung=36&vertragsart=ratenzahlung&tarif=o2-mobile-on-demand-m-plus;google-pixel-11-pro-fold-256gb-olive;;
Bündel;Pixel 11 Pro Fold;256;o2;netzbetreiber;O2 Mobile Unlimited M mit 100 MBit/s (24 Mon.);XL;neu;1,00;29,99;82,50;;24;0,00;24;2700,76;;2026-10-10;https://www.o2online.de/e-shop/google/google-pixel-11-pro-fold-256gb-olive-details?ohne-tarif=nein&zielgruppe=privatkunden&ratenzahlung=36&vertragsart=ratenzahlung&tarif=o2-mobile-on-demand-m-plus;google-pixel-11-pro-fold-256gb-olive;nicht direkt genannt;
Bündel;Pixel 11 Pro Fold;256;o2;netzbetreiber;O2 Mobile Unlimited M Plus mit 100 MBit/s (24 Mon.);XL;neu;1,00;19,99;82,50;;24;0,00;24;2460,76;;2026-10-10;https://www.o2online.de/e-shop/google/google-pixel-11-pro-fold-256gb-olive-details?ohne-tarif=nein&zielgruppe=privatkunden&ratenzahlung=36&vertragsart=ratenzahlung&tarif=o2-mobile-on-demand-m-plus;google-pixel-11-pro-fold-256gb-olive;;
Bündel;Pixel 11 Pro Fold;256;o2;netzbetreiber;O2 Mobile Unlimited S Special mit 15 MBit/s (24 Mon.);XL;neu;1,00;24,99;82,50;;24;39,99;24;2620,75;;2026-10-10;https://www.o2online.de/e-shop/google/google-pixel-11-pro-fold-256gb-olive-details?ohne-tarif=nein&zielgruppe=privatkunden&ratenzahlung=36&vertragsart=ratenzahlung&tarif=o2-mobile-on-demand-m-plus;google-pixel-11-pro-fold-256gb-olive;nicht direkt genannt;
Bündel;Pixel 11 Pro Fold;256;o2;netzbetreiber;O2 Mobile Unlimited S Special Plus mit 15 MBit/s (24 Mon.);XL;neu;1,00;19,99;82,50;;24;39,99;24;2500,75;;2026-10-10;https://www.o2online.de/e-shop/google/google-pixel-11-pro-fold-256gb-olive-details?ohne-tarif=nein&zielgruppe=privatkunden&ratenzahlung=36&vertragsart=ratenzahlung&tarif=o2-mobile-on-demand-m-plus;google-pixel-11-pro-fold-256gb-olive;nicht direkt genannt;
Bündel;Pixel 11 Pro XL;256;o2;netzbetreiber;O2 Mobile L mit 150 GB+ (24 Mon.);L;neu;1,00;24,99;58,50;;24;0,00;24;2004,76;;2026-10-10;https://www.o2online.de/e-shop/google/google-pixel-11-pro-xl-256gb-canyon-details?ohne-tarif=nein&zielgruppe=privatkunden&ratenzahlung=36&vertragsart=ratenzahlung&tarif=o2-mobile-on-demand-m-plus;google-pixel-11-pro-xl-256gb-canyon;nicht direkt genannt;
Bündel;Pixel 11 Pro XL;256;o2;netzbetreiber;O2 Mobile L Plus mit 150 GB+ (24 Mon.);L;neu;1,00;19,99;58,50;;24;0,00;24;1884,76;;2026-10-10;https://www.o2online.de/e-shop/google/google-pixel-11-pro-xl-256gb-canyon-details?ohne-tarif=nein&zielgruppe=privatkunden&ratenzahlung=36&vertragsart=ratenzahlung&tarif=o2-mobile-on-demand-m-plus;google-pixel-11-pro-xl-256gb-canyon;;
Bündel;Pixel 11 Pro XL;256;o2;netzbetreiber;O2 Mobile on Demand M mit 50 GB+ (24 Mon.);M;neu;1,00;19,99;58,50;;24;39,99;24;1924,75;;2026-10-10;https://www.o2online.de/e-shop/google/google-pixel-11-pro-xl-256gb-canyon-details?ohne-tarif=nein&zielgruppe=privatkunden&ratenzahlung=36&vertragsart=ratenzahlung&tarif=o2-mobile-on-demand-m-plus;google-pixel-11-pro-xl-256gb-canyon;nicht direkt genannt;
Bündel;Pixel 11 Pro XL;256;o2;netzbetreiber;O2 Mobile on Demand M Plus mit 50 GB+ (24 Mon.);M;neu;1,00;14,99;58,50;;24;39,99;24;1804,75;;2026-10-10;https://www.o2online.de/e-shop/google/google-pixel-11-pro-xl-256gb-canyon-details?ohne-tarif=nein&zielgruppe=privatkunden&ratenzahlung=36&vertragsart=ratenzahlung&tarif=o2-mobile-on-demand-m-plus;google-pixel-11-pro-xl-256gb-canyon;;
Bündel;Pixel 11 Pro XL;256;o2;netzbetreiber;O2 Mobile S mit 15 GB+ (24 Mon.);XS;neu;1,00;14,99;58,50;;24;39,99;24;1804,75;;2026-10-10;https://www.o2online.de/e-shop/google/google-pixel-11-pro-xl-256gb-canyon-details?ohne-tarif=nein&zielgruppe=privatkunden&ratenzahlung=36&vertragsart=ratenzahlung&tarif=o2-mobile-on-demand-m-plus;google-pixel-11-pro-xl-256gb-canyon;nicht direkt genannt;
Bündel;Pixel 11 Pro XL;256;o2;netzbetreiber;O2 Mobile Special (24 Mon.);;neu;1,00;14,99;58,50;;24;0,00;24;1764,76;;2026-10-10;https://www.o2online.de/e-shop/google/google-pixel-11-pro-xl-256gb-canyon-details?ohne-tarif=nein&zielgruppe=privatkunden&ratenzahlung=36&vertragsart=ratenzahlung&tarif=o2-mobile-on-demand-m-plus;google-pixel-11-pro-xl-256gb-canyon;nicht direkt genannt;
Bündel;Pixel 11 Pro XL;256;o2;netzbetreiber;O2 Mobile Unlimited L mit 300 MBit/s (24 Mon.);XL;neu;1,00;39,99;58,50;;24;0,00;24;2364,76;;2026-10-10;https://www.o2online.de/e-shop/google/google-pixel-11-pro-xl-256gb-canyon-details?ohne-tarif=nein&zielgruppe=privatkunden&ratenzahlung=36&vertragsart=ratenzahlung&tarif=o2-mobile-on-demand-m-plus;google-pixel-11-pro-xl-256gb-canyon;nicht direkt genannt;
Bündel;Pixel 11 Pro XL;256;o2;netzbetreiber;O2 Mobile Unlimited L Plus mit 300 MBit/s (24 Mon.);;neu;1,00;29,99;58,50;;24;0,00;24;2124,76;;2026-10-10;https://www.o2online.de/e-shop/google/google-pixel-11-pro-xl-256gb-canyon-details?ohne-tarif=nein&zielgruppe=privatkunden&ratenzahlung=36&vertragsart=ratenzahlung&tarif=o2-mobile-on-demand-m-plus;google-pixel-11-pro-xl-256gb-canyon;;
Bündel;Pixel 11 Pro XL;256;o2;netzbetreiber;O2 Mobile Unlimited M mit 100 MBit/s (24 Mon.);XL;neu;1,00;29,99;58,50;;24;0,00;24;2124,76;;2026-10-10;https://www.o2online.de/e-shop/google/google-pixel-11-pro-xl-256gb-canyon-details?ohne-tarif=nein&zielgruppe=privatkunden&ratenzahlung=36&vertragsart=ratenzahlung&tarif=o2-mobile-on-demand-m-plus;google-pixel-11-pro-xl-256gb-canyon;nicht direkt genannt;
Bündel;Pixel 11 Pro XL;256;o2;netzbetreiber;O2 Mobile Unlimited M Plus mit 100 MBit/s (24 Mon.);XL;neu;1,00;19,99;58,50;;24;0,00;24;1884,76;;2026-10-10;https://www.o2online.de/e-shop/google/google-pixel-11-pro-xl-256gb-canyon-details?ohne-tarif=nein&zielgruppe=privatkunden&ratenzahlung=36&vertragsart=ratenzahlung&tarif=o2-mobile-on-demand-m-plus;google-pixel-11-pro-xl-256gb-canyon;;
Bündel;Pixel 11 Pro XL;256;o2;netzbetreiber;O2 Mobile Unlimited S Special mit 15 MBit/s (24 Mon.);XL;neu;1,00;24,99;58,50;;24;39,99;24;2044,75;;2026-10-10;https://www.o2online.de/e-shop/google/google-pixel-11-pro-xl-256gb-canyon-details?ohne-tarif=nein&zielgruppe=privatkunden&ratenzahlung=36&vertragsart=ratenzahlung&tarif=o2-mobile-on-demand-m-plus;google-pixel-11-pro-xl-256gb-canyon;nicht direkt genannt;
Bündel;Pixel 11 Pro XL;256;o2;netzbetreiber;O2 Mobile Unlimited S Special Plus mit 15 MBit/s (24 Mon.);XL;neu;1,00;19,99;58,50;;24;39,99;24;1924,75;;2026-10-10;https://www.o2online.de/e-shop/google/google-pixel-11-pro-xl-256gb-canyon-details?ohne-tarif=nein&zielgruppe=privatkunden&ratenzahlung=36&vertragsart=ratenzahlung&tarif=o2-mobile-on-demand-m-plus;google-pixel-11-pro-xl-256gb-canyon;nicht direkt genannt;
Bündel;Nothing Phone (3);256;o2;netzbetreiber;O2 Mobile L mit 150 GB+ (24 Mon.);L;neu;7,00;24,99;24,50;;24;0,00;24;1194,76;;2026-10-10;https://www.o2online.de/e-shop/nothing/nothing-phone-3-256gb-schwarz-details?ohne-tarif=nein&zielgruppe=privatkunden&ratenzahlung=36&vertragsart=ratenzahlung&tarif=o2-mobile-on-demand-m-plus;nothing-phone-3-256gb-schwarz;nicht direkt genannt;
Bündel;Nothing Phone (3);256;o2;netzbetreiber;O2 Mobile L Plus mit 150 GB+ (24 Mon.);L;neu;7,00;19,99;24,50;;24;0,00;24;1074,76;;2026-10-10;https://www.o2online.de/e-shop/nothing/nothing-phone-3-256gb-schwarz-details?ohne-tarif=nein&zielgruppe=privatkunden&ratenzahlung=36&vertragsart=ratenzahlung&tarif=o2-mobile-on-demand-m-plus;nothing-phone-3-256gb-schwarz;;
Bündel;Nothing Phone (3);256;o2;netzbetreiber;O2 Mobile on Demand M mit 50 GB+ (24 Mon.);M;neu;7,00;19,99;24,50;;24;39,99;24;1114,75;;2026-10-10;https://www.o2online.de/e-shop/nothing/nothing-phone-3-256gb-schwarz-details?ohne-tarif=nein&zielgruppe=privatkunden&ratenzahlung=36&vertragsart=ratenzahlung&tarif=o2-mobile-on-demand-m-plus;nothing-phone-3-256gb-schwarz;nicht direkt genannt;
Bündel;Nothing Phone (3);256;o2;netzbetreiber;O2 Mobile on Demand M Plus mit 50 GB+ (24 Mon.);M;neu;7,00;14,99;24,50;;24;39,99;24;994,75;;2026-10-10;https://www.o2online.de/e-shop/nothing/nothing-phone-3-256gb-schwarz-details?ohne-tarif=nein&zielgruppe=privatkunden&ratenzahlung=36&vertragsart=ratenzahlung&tarif=o2-mobile-on-demand-m-plus;nothing-phone-3-256gb-schwarz;;
Bündel;Nothing Phone (3);256;o2;netzbetreiber;O2 Mobile S mit 15 GB+ (24 Mon.);XS;neu;7,00;14,99;24,50;;24;39,99;24;994,75;;2026-10-10;https://www.o2online.de/e-shop/nothing/nothing-phone-3-256gb-schwarz-details?ohne-tarif=nein&zielgruppe=privatkunden&ratenzahlung=36&vertragsart=ratenzahlung&tarif=o2-mobile-on-demand-m-plus;nothing-phone-3-256gb-schwarz;nicht direkt genannt;
Bündel;Nothing Phone (3);256;o2;netzbetreiber;O2 Mobile Special (24 Mon.);;neu;7,00;14,99;24,50;;24;0,00;24;954,76;;2026-10-10;https://www.o2online.de/e-shop/nothing/nothing-phone-3-256gb-schwarz-details?ohne-tarif=nein&zielgruppe=privatkunden&ratenzahlung=36&vertragsart=ratenzahlung&tarif=o2-mobile-on-demand-m-plus;nothing-phone-3-256gb-schwarz;nicht direkt genannt;
Bündel;Nothing Phone (3);256;o2;netzbetreiber;O2 Mobile Unlimited L mit 300 MBit/s (24 Mon.);XL;neu;7,00;39,99;24,50;;24;0,00;24;1554,76;;2026-10-10;https://www.o2online.de/e-shop/nothing/nothing-phone-3-256gb-schwarz-details?ohne-tarif=nein&zielgruppe=privatkunden&ratenzahlung=36&vertragsart=ratenzahlung&tarif=o2-mobile-on-demand-m-plus;nothing-phone-3-256gb-schwarz;nicht direkt genannt;
Bündel;Nothing Phone (3);256;o2;netzbetreiber;O2 Mobile Unlimited L Plus mit 300 MBit/s (24 Mon.);;neu;7,00;29,99;24,50;;24;0,00;24;1314,76;;2026-10-10;https://www.o2online.de/e-shop/nothing/nothing-phone-3-256gb-schwarz-details?ohne-tarif=nein&zielgruppe=privatkunden&ratenzahlung=36&vertragsart=ratenzahlung&tarif=o2-mobile-on-demand-m-plus;nothing-phone-3-256gb-schwarz;;
Bündel;Nothing Phone (3);256;o2;netzbetreiber;O2 Mobile Unlimited M mit 100 MBit/s (24 Mon.);XL;neu;7,00;29,99;24,50;;24;0,00;24;1314,76;;2026-10-10;https://www.o2online.de/e-shop/nothing/nothing-phone-3-256gb-schwarz-details?ohne-tarif=nein&zielgruppe=privatkunden&ratenzahlung=36&vertragsart=ratenzahlung&tarif=o2-mobile-on-demand-m-plus;nothing-phone-3-256gb-schwarz;nicht direkt genannt;
Bündel;Nothing Phone (3);256;o2;netzbetreiber;O2 Mobile Unlimited M Plus mit 100 MBit/s (24 Mon.);XL;neu;7,00;19,99;24,50;;24;0,00;24;1074,76;;2026-10-10;https://www.o2online.de/e-shop/nothing/nothing-phone-3-256gb-schwarz-details?ohne-tarif=nein&zielgruppe=privatkunden&ratenzahlung=36&vertragsart=ratenzahlung&tarif=o2-mobile-on-demand-m-plus;nothing-phone-3-256gb-schwarz;;
Bündel;Nothing Phone (3);256;o2;netzbetreiber;O2 Mobile Unlimited S Special mit 15 MBit/s (24 Mon.);XL;neu;7,00;24,99;24,50;;24;39,99;24;1234,75;;2026-10-10;https://www.o2online.de/e-shop/nothing/nothing-phone-3-256gb-schwarz-details?ohne-tarif=nein&zielgruppe=privatkunden&ratenzahlung=36&vertragsart=ratenzahlung&tarif=o2-mobile-on-demand-m-plus;nothing-phone-3-256gb-schwarz;nicht direkt genannt;
Bündel;Nothing Phone (3);256;o2;netzbetreiber;O2 Mobile Unlimited S Special Plus mit 15 MBit/s (24 Mon.);XL;neu;7,00;19,99;24,50;;24;39,99;24;1114,75;;2026-10-10;https://www.o2online.de/e-shop/nothing/nothing-phone-3-256gb-schwarz-details?ohne-tarif=nein&zielgruppe=privatkunden&ratenzahlung=36&vertragsart=ratenzahlung&tarif=o2-mobile-on-demand-m-plus;nothing-phone-3-256gb-schwarz;nicht direkt genannt;
Bündel;Nothing Phone (4a);128;o2;netzbetreiber;O2 Mobile L mit 150 GB+ (24 Mon.);L;neu;7,00;24,99;15,50;;24;0,00;24;978,76;;2026-10-10;https://www.o2online.de/e-shop/nothing/nothing-phone-4a-128gb-schwarz-details?ohne-tarif=nein&zielgruppe=privatkunden&ratenzahlung=36&vertragsart=ratenzahlung&tarif=o2-mobile-on-demand-m-plus;nothing-phone-4a-128gb-schwarz;nicht direkt genannt;
Bündel;Nothing Phone (4a);128;o2;netzbetreiber;O2 Mobile L Plus mit 150 GB+ (24 Mon.);L;neu;7,00;19,99;15,50;;24;0,00;24;858,76;;2026-10-10;https://www.o2online.de/e-shop/nothing/nothing-phone-4a-128gb-schwarz-details?ohne-tarif=nein&zielgruppe=privatkunden&ratenzahlung=36&vertragsart=ratenzahlung&tarif=o2-mobile-on-demand-m-plus;nothing-phone-4a-128gb-schwarz;;
Bündel;Nothing Phone (4a);128;o2;netzbetreiber;O2 Mobile on Demand M mit 50 GB+ (24 Mon.);M;neu;7,00;19,99;15,50;;24;39,99;24;898,75;;2026-10-10;https://www.o2online.de/e-shop/nothing/nothing-phone-4a-128gb-schwarz-details?ohne-tarif=nein&zielgruppe=privatkunden&ratenzahlung=36&vertragsart=ratenzahlung&tarif=o2-mobile-on-demand-m-plus;nothing-phone-4a-128gb-schwarz;nicht direkt genannt;
Bündel;Nothing Phone (4a);128;o2;netzbetreiber;O2 Mobile on Demand M Plus mit 50 GB+ (24 Mon.);M;neu;7,00;14,99;15,50;;24;39,99;24;778,75;;2026-10-10;https://www.o2online.de/e-shop/nothing/nothing-phone-4a-128gb-schwarz-details?ohne-tarif=nein&zielgruppe=privatkunden&ratenzahlung=36&vertragsart=ratenzahlung&tarif=o2-mobile-on-demand-m-plus;nothing-phone-4a-128gb-schwarz;;
Bündel;Nothing Phone (4a);128;o2;netzbetreiber;O2 Mobile S mit 15 GB+ (24 Mon.);XS;neu;7,00;14,99;15,50;;24;39,99;24;778,75;;2026-10-10;https://www.o2online.de/e-shop/nothing/nothing-phone-4a-128gb-schwarz-details?ohne-tarif=nein&zielgruppe=privatkunden&ratenzahlung=36&vertragsart=ratenzahlung&tarif=o2-mobile-on-demand-m-plus;nothing-phone-4a-128gb-schwarz;nicht direkt genannt;
Bündel;Nothing Phone (4a);128;o2;netzbetreiber;O2 Mobile Special (24 Mon.);;neu;7,00;14,99;15,50;;24;0,00;24;738,76;;2026-10-10;https://www.o2online.de/e-shop/nothing/nothing-phone-4a-128gb-schwarz-details?ohne-tarif=nein&zielgruppe=privatkunden&ratenzahlung=36&vertragsart=ratenzahlung&tarif=o2-mobile-on-demand-m-plus;nothing-phone-4a-128gb-schwarz;nicht direkt genannt;
Bündel;Nothing Phone (4a);128;o2;netzbetreiber;O2 Mobile Unlimited L mit 300 MBit/s (24 Mon.);XL;neu;7,00;39,99;15,50;;24;0,00;24;1338,76;;2026-10-10;https://www.o2online.de/e-shop/nothing/nothing-phone-4a-128gb-schwarz-details?ohne-tarif=nein&zielgruppe=privatkunden&ratenzahlung=36&vertragsart=ratenzahlung&tarif=o2-mobile-on-demand-m-plus;nothing-phone-4a-128gb-schwarz;nicht direkt genannt;
Bündel;Nothing Phone (4a);128;o2;netzbetreiber;O2 Mobile Unlimited L Plus mit 300 MBit/s (24 Mon.);;neu;7,00;29,99;15,50;;24;0,00;24;1098,76;;2026-10-10;https://www.o2online.de/e-shop/nothing/nothing-phone-4a-128gb-schwarz-details?ohne-tarif=nein&zielgruppe=privatkunden&ratenzahlung=36&vertragsart=ratenzahlung&tarif=o2-mobile-on-demand-m-plus;nothing-phone-4a-128gb-schwarz;;
Bündel;Nothing Phone (4a);128;o2;netzbetreiber;O2 Mobile Unlimited M mit 100 MBit/s (24 Mon.);XL;neu;7,00;29,99;15,50;;24;0,00;24;1098,76;;2026-10-10;https://www.o2online.de/e-shop/nothing/nothing-phone-4a-128gb-schwarz-details?ohne-tarif=nein&zielgruppe=privatkunden&ratenzahlung=36&vertragsart=ratenzahlung&tarif=o2-mobile-on-demand-m-plus;nothing-phone-4a-128gb-schwarz;nicht direkt genannt;
Bündel;Nothing Phone (4a);128;o2;netzbetreiber;O2 Mobile Unlimited M Plus mit 100 MBit/s (24 Mon.);XL;neu;7,00;19,99;15,50;;24;0,00;24;858,76;;2026-10-10;https://www.o2online.de/e-shop/nothing/nothing-phone-4a-128gb-schwarz-details?ohne-tarif=nein&zielgruppe=privatkunden&ratenzahlung=36&vertragsart=ratenzahlung&tarif=o2-mobile-on-demand-m-plus;nothing-phone-4a-128gb-schwarz;;
Bündel;Nothing Phone (4a);128;o2;netzbetreiber;O2 Mobile Unlimited S Special mit 15 MBit/s (24 Mon.);XL;neu;7,00;24,99;15,50;;24;39,99;24;1018,75;;2026-10-10;https://www.o2online.de/e-shop/nothing/nothing-phone-4a-128gb-schwarz-details?ohne-tarif=nein&zielgruppe=privatkunden&ratenzahlung=36&vertragsart=ratenzahlung&tarif=o2-mobile-on-demand-m-plus;nothing-phone-4a-128gb-schwarz;nicht direkt genannt;
Bündel;Nothing Phone (4a);128;o2;netzbetreiber;O2 Mobile Unlimited S Special Plus mit 15 MBit/s (24 Mon.);XL;neu;7,00;19,99;15,50;;24;39,99;24;898,75;;2026-10-10;https://www.o2online.de/e-shop/nothing/nothing-phone-4a-128gb-schwarz-details?ohne-tarif=nein&zielgruppe=privatkunden&ratenzahlung=36&vertragsart=ratenzahlung&tarif=o2-mobile-on-demand-m-plus;nothing-phone-4a-128gb-schwarz;nicht direkt genannt;
Bündel;Nothing Phone (4a) Pro;256;o2;netzbetreiber;O2 Mobile L mit 150 GB+ (24 Mon.);L;neu;7,00;24,99;24,50;;24;0,00;24;1194,76;;2026-10-10;https://www.o2online.de/e-shop/nothing/nothing-phone-4a-pro-256gb-schwarz-details?ohne-tarif=nein&zielgruppe=privatkunden&ratenzahlung=36&vertragsart=ratenzahlung&tarif=o2-mobile-on-demand-m-plus;nothing-phone-4a-pro-256gb-schwarz;nicht direkt genannt;
Bündel;Nothing Phone (4a) Pro;256;o2;netzbetreiber;O2 Mobile L Plus mit 150 GB+ (24 Mon.);L;neu;7,00;19,99;24,50;;24;0,00;24;1074,76;;2026-10-10;https://www.o2online.de/e-shop/nothing/nothing-phone-4a-pro-256gb-schwarz-details?ohne-tarif=nein&zielgruppe=privatkunden&ratenzahlung=36&vertragsart=ratenzahlung&tarif=o2-mobile-on-demand-m-plus;nothing-phone-4a-pro-256gb-schwarz;;
Bündel;Nothing Phone (4a) Pro;256;o2;netzbetreiber;O2 Mobile on Demand M mit 50 GB+ (24 Mon.);M;neu;7,00;19,99;24,50;;24;39,99;24;1114,75;;2026-10-10;https://www.o2online.de/e-shop/nothing/nothing-phone-4a-pro-256gb-schwarz-details?ohne-tarif=nein&zielgruppe=privatkunden&ratenzahlung=36&vertragsart=ratenzahlung&tarif=o2-mobile-on-demand-m-plus;nothing-phone-4a-pro-256gb-schwarz;nicht direkt genannt;
Bündel;Nothing Phone (4a) Pro;256;o2;netzbetreiber;O2 Mobile on Demand M Plus mit 50 GB+ (24 Mon.);M;neu;7,00;14,99;24,50;;24;39,99;24;994,75;;2026-10-10;https://www.o2online.de/e-shop/nothing/nothing-phone-4a-pro-256gb-schwarz-details?ohne-tarif=nein&zielgruppe=privatkunden&ratenzahlung=36&vertragsart=ratenzahlung&tarif=o2-mobile-on-demand-m-plus;nothing-phone-4a-pro-256gb-schwarz;;
Bündel;Nothing Phone (4a) Pro;256;o2;netzbetreiber;O2 Mobile S mit 15 GB+ (24 Mon.);XS;neu;7,00;14,99;24,50;;24;39,99;24;994,75;;2026-10-10;https://www.o2online.de/e-shop/nothing/nothing-phone-4a-pro-256gb-schwarz-details?ohne-tarif=nein&zielgruppe=privatkunden&ratenzahlung=36&vertragsart=ratenzahlung&tarif=o2-mobile-on-demand-m-plus;nothing-phone-4a-pro-256gb-schwarz;nicht direkt genannt;
Bündel;Nothing Phone (4a) Pro;256;o2;netzbetreiber;O2 Mobile Special (24 Mon.);;neu;7,00;14,99;24,50;;24;0,00;24;954,76;;2026-10-10;https://www.o2online.de/e-shop/nothing/nothing-phone-4a-pro-256gb-schwarz-details?ohne-tarif=nein&zielgruppe=privatkunden&ratenzahlung=36&vertragsart=ratenzahlung&tarif=o2-mobile-on-demand-m-plus;nothing-phone-4a-pro-256gb-schwarz;nicht direkt genannt;
Bündel;Nothing Phone (4a) Pro;256;o2;netzbetreiber;O2 Mobile Unlimited L mit 300 MBit/s (24 Mon.);XL;neu;7,00;39,99;24,50;;24;0,00;24;1554,76;;2026-10-10;https://www.o2online.de/e-shop/nothing/nothing-phone-4a-pro-256gb-schwarz-details?ohne-tarif=nein&zielgruppe=privatkunden&ratenzahlung=36&vertragsart=ratenzahlung&tarif=o2-mobile-on-demand-m-plus;nothing-phone-4a-pro-256gb-schwarz;nicht direkt genannt;
Bündel;Nothing Phone (4a) Pro;256;o2;netzbetreiber;O2 Mobile Unlimited L Plus mit 300 MBit/s (24 Mon.);;neu;7,00;29,99;24,50;;24;0,00;24;1314,76;;2026-10-10;https://www.o2online.de/e-shop/nothing/nothing-phone-4a-pro-256gb-schwarz-details?ohne-tarif=nein&zielgruppe=privatkunden&ratenzahlung=36&vertragsart=ratenzahlung&tarif=o2-mobile-on-demand-m-plus;nothing-phone-4a-pro-256gb-schwarz;;
Bündel;Nothing Phone (4a) Pro;256;o2;netzbetreiber;O2 Mobile Unlimited M mit 100 MBit/s (24 Mon.);XL;neu;7,00;29,99;24,50;;24;0,00;24;1314,76;;2026-10-10;https://www.o2online.de/e-shop/nothing/nothing-phone-4a-pro-256gb-schwarz-details?ohne-tarif=nein&zielgruppe=privatkunden&ratenzahlung=36&vertragsart=ratenzahlung&tarif=o2-mobile-on-demand-m-plus;nothing-phone-4a-pro-256gb-schwarz;nicht direkt genannt;
Bündel;Nothing Phone (4a) Pro;256;o2;netzbetreiber;O2 Mobile Unlimited M Plus mit 100 MBit/s (24 Mon.);XL;neu;7,00;19,99;24,50;;24;0,00;24;1074,76;;2026-10-10;https://www.o2online.de/e-shop/nothing/nothing-phone-4a-pro-256gb-schwarz-details?ohne-tarif=nein&zielgruppe=privatkunden&ratenzahlung=36&vertragsart=ratenzahlung&tarif=o2-mobile-on-demand-m-plus;nothing-phone-4a-pro-256gb-schwarz;;
Bündel;Nothing Phone (4a) Pro;256;o2;netzbetreiber;O2 Mobile Unlimited S Special mit 15 MBit/s (24 Mon.);XL;neu;7,00;24,99;24,50;;24;39,99;24;1234,75;;2026-10-10;https://www.o2online.de/e-shop/nothing/nothing-phone-4a-pro-256gb-schwarz-details?ohne-tarif=nein&zielgruppe=privatkunden&ratenzahlung=36&vertragsart=ratenzahlung&tarif=o2-mobile-on-demand-m-plus;nothing-phone-4a-pro-256gb-schwarz;nicht direkt genannt;
Bündel;Nothing Phone (4a) Pro;256;o2;netzbetreiber;O2 Mobile Unlimited S Special Plus mit 15 MBit/s (24 Mon.);XL;neu;7,00;19,99;24,50;;24;39,99;24;1114,75;;2026-10-10;https://www.o2online.de/e-shop/nothing/nothing-phone-4a-pro-256gb-schwarz-details?ohne-tarif=nein&zielgruppe=privatkunden&ratenzahlung=36&vertragsart=ratenzahlung&tarif=o2-mobile-on-demand-m-plus;nothing-phone-4a-pro-256gb-schwarz;nicht direkt genannt;
Bündel;Galaxy A17;128;o2;netzbetreiber;O2 Mobile L mit 150 GB+ (24 Mon.);L;neu;7,00;24,99;11,00;;24;0,00;24;870,76;;2026-10-10;https://www.o2online.de/e-shop/samsung/samsung-galaxy-a17-128gb-5g-schwarz-details?ohne-tarif=nein&zielgruppe=privatkunden&ratenzahlung=36&vertragsart=ratenzahlung&tarif=o2-mobile-on-demand-m;samsung-galaxy-a17-128gb-5g-schwarz;nicht direkt genannt;
Bündel;Galaxy A17;128;o2;netzbetreiber;O2 Mobile on Demand M mit 50 GB+ (24 Mon.);M;neu;7,00;19,99;11,00;;24;39,99;24;790,75;;2026-10-10;https://www.o2online.de/e-shop/samsung/samsung-galaxy-a17-128gb-5g-schwarz-details?ohne-tarif=nein&zielgruppe=privatkunden&ratenzahlung=36&vertragsart=ratenzahlung&tarif=o2-mobile-on-demand-m;samsung-galaxy-a17-128gb-5g-schwarz;;
Bündel;Galaxy A17;128;o2;netzbetreiber;O2 Mobile S mit 15 GB+ (24 Mon.);XS;neu;7,00;14,99;11,00;;24;39,99;24;670,75;;2026-10-10;https://www.o2online.de/e-shop/samsung/samsung-galaxy-a17-128gb-5g-schwarz-details?ohne-tarif=nein&zielgruppe=privatkunden&ratenzahlung=36&vertragsart=ratenzahlung&tarif=o2-mobile-on-demand-m;samsung-galaxy-a17-128gb-5g-schwarz;nicht direkt genannt;
Bündel;Galaxy A17;128;o2;netzbetreiber;O2 Mobile Special (24 Mon.);;neu;7,00;14,99;11,00;;24;0,00;24;630,76;;2026-10-10;https://www.o2online.de/e-shop/samsung/samsung-galaxy-a17-128gb-5g-schwarz-details?ohne-tarif=nein&zielgruppe=privatkunden&ratenzahlung=36&vertragsart=ratenzahlung&tarif=o2-mobile-on-demand-m;samsung-galaxy-a17-128gb-5g-schwarz;nicht direkt genannt;
Bündel;Galaxy A17;128;o2;netzbetreiber;O2 Mobile Unlimited L mit 300 MBit/s (24 Mon.);XL;neu;7,00;39,99;11,00;;24;0,00;24;1230,76;;2026-10-10;https://www.o2online.de/e-shop/samsung/samsung-galaxy-a17-128gb-5g-schwarz-details?ohne-tarif=nein&zielgruppe=privatkunden&ratenzahlung=36&vertragsart=ratenzahlung&tarif=o2-mobile-on-demand-m;samsung-galaxy-a17-128gb-5g-schwarz;nicht direkt genannt;
Bündel;Galaxy A17;128;o2;netzbetreiber;O2 Mobile Unlimited M mit 100 MBit/s (24 Mon.);XL;neu;7,00;29,99;11,00;;24;0,00;24;990,76;;2026-10-10;https://www.o2online.de/e-shop/samsung/samsung-galaxy-a17-128gb-5g-schwarz-details?ohne-tarif=nein&zielgruppe=privatkunden&ratenzahlung=36&vertragsart=ratenzahlung&tarif=o2-mobile-on-demand-m;samsung-galaxy-a17-128gb-5g-schwarz;nicht direkt genannt;
Bündel;Galaxy A17;128;o2;netzbetreiber;O2 Mobile Unlimited S Special mit 15 MBit/s (24 Mon.);XL;neu;7,00;24,99;11,00;;24;39,99;24;910,75;;2026-10-10;https://www.o2online.de/e-shop/samsung/samsung-galaxy-a17-128gb-5g-schwarz-details?ohne-tarif=nein&zielgruppe=privatkunden&ratenzahlung=36&vertragsart=ratenzahlung&tarif=o2-mobile-on-demand-m;samsung-galaxy-a17-128gb-5g-schwarz;nicht direkt genannt;
Bündel;Galaxy A27;128;o2;netzbetreiber;O2 Mobile L mit 150 GB+ (24 Mon.);L;neu;7,00;24,99;14,00;;24;0,00;24;942,76;;2026-10-10;https://www.o2online.de/e-shop/samsung/samsung-galaxy-a27-5g-128gb-schwarz-details?ohne-tarif=nein&zielgruppe=privatkunden&ratenzahlung=36&vertragsart=ratenzahlung&tarif=o2-mobile-on-demand-m;samsung-galaxy-a27-128gb-schwarz;nicht direkt genannt;
Bündel;Galaxy A27;128;o2;netzbetreiber;O2 Mobile on Demand M mit 50 GB+ (24 Mon.);M;neu;7,00;19,99;14,00;;24;39,99;24;862,75;;2026-10-10;https://www.o2online.de/e-shop/samsung/samsung-galaxy-a27-5g-128gb-schwarz-details?ohne-tarif=nein&zielgruppe=privatkunden&ratenzahlung=36&vertragsart=ratenzahlung&tarif=o2-mobile-on-demand-m;samsung-galaxy-a27-128gb-schwarz;;
Bündel;Galaxy A27;128;o2;netzbetreiber;O2 Mobile S mit 15 GB+ (24 Mon.);XS;neu;7,00;14,99;14,00;;24;39,99;24;742,75;;2026-10-10;https://www.o2online.de/e-shop/samsung/samsung-galaxy-a27-5g-128gb-schwarz-details?ohne-tarif=nein&zielgruppe=privatkunden&ratenzahlung=36&vertragsart=ratenzahlung&tarif=o2-mobile-on-demand-m;samsung-galaxy-a27-128gb-schwarz;nicht direkt genannt;
Bündel;Galaxy A27;128;o2;netzbetreiber;O2 Mobile Special (24 Mon.);;neu;7,00;14,99;14,00;;24;0,00;24;702,76;;2026-10-10;https://www.o2online.de/e-shop/samsung/samsung-galaxy-a27-5g-128gb-schwarz-details?ohne-tarif=nein&zielgruppe=privatkunden&ratenzahlung=36&vertragsart=ratenzahlung&tarif=o2-mobile-on-demand-m;samsung-galaxy-a27-128gb-schwarz;nicht direkt genannt;
Bündel;Galaxy A27;128;o2;netzbetreiber;O2 Mobile Unlimited L mit 300 MBit/s (24 Mon.);XL;neu;7,00;39,99;14,00;;24;0,00;24;1302,76;;2026-10-10;https://www.o2online.de/e-shop/samsung/samsung-galaxy-a27-5g-128gb-schwarz-details?ohne-tarif=nein&zielgruppe=privatkunden&ratenzahlung=36&vertragsart=ratenzahlung&tarif=o2-mobile-on-demand-m;samsung-galaxy-a27-128gb-schwarz;nicht direkt genannt;
Bündel;Galaxy A27;128;o2;netzbetreiber;O2 Mobile Unlimited M mit 100 MBit/s (24 Mon.);XL;neu;7,00;29,99;14,00;;24;0,00;24;1062,76;;2026-10-10;https://www.o2online.de/e-shop/samsung/samsung-galaxy-a27-5g-128gb-schwarz-details?ohne-tarif=nein&zielgruppe=privatkunden&ratenzahlung=36&vertragsart=ratenzahlung&tarif=o2-mobile-on-demand-m;samsung-galaxy-a27-128gb-schwarz;nicht direkt genannt;
Bündel;Galaxy A27;128;o2;netzbetreiber;O2 Mobile Unlimited S Special mit 15 MBit/s (24 Mon.);XL;neu;7,00;24,99;14,00;;24;39,99;24;982,75;;2026-10-10;https://www.o2online.de/e-shop/samsung/samsung-galaxy-a27-5g-128gb-schwarz-details?ohne-tarif=nein&zielgruppe=privatkunden&ratenzahlung=36&vertragsart=ratenzahlung&tarif=o2-mobile-on-demand-m;samsung-galaxy-a27-128gb-schwarz;nicht direkt genannt;
Bündel;Galaxy A37;128;o2;netzbetreiber;O2 Mobile L mit 150 GB+ (24 Mon.);L;neu;1,00;24,99;16,50;;24;0,00;24;996,76;;2026-10-10;https://www.o2online.de/e-shop/samsung/samsung-galaxy-a37-128gb-awesome-charcoal-details?ohne-tarif=nein&zielgruppe=privatkunden&ratenzahlung=36&vertragsart=ratenzahlung&tarif=o2-mobile-on-demand-m-plus;samsung-galaxy-a37-128gb-awesome-charcoal;nicht direkt genannt;
Bündel;Galaxy A37;128;o2;netzbetreiber;O2 Mobile L Plus mit 150 GB+ (24 Mon.);L;neu;1,00;19,99;16,50;;24;0,00;24;876,76;;2026-10-10;https://www.o2online.de/e-shop/samsung/samsung-galaxy-a37-128gb-awesome-charcoal-details?ohne-tarif=nein&zielgruppe=privatkunden&ratenzahlung=36&vertragsart=ratenzahlung&tarif=o2-mobile-on-demand-m-plus;samsung-galaxy-a37-128gb-awesome-charcoal;;
Bündel;Galaxy A37;128;o2;netzbetreiber;O2 Mobile on Demand M mit 50 GB+ (24 Mon.);M;neu;1,00;19,99;16,50;;24;39,99;24;916,75;;2026-10-10;https://www.o2online.de/e-shop/samsung/samsung-galaxy-a37-128gb-awesome-charcoal-details?ohne-tarif=nein&zielgruppe=privatkunden&ratenzahlung=36&vertragsart=ratenzahlung&tarif=o2-mobile-on-demand-m-plus;samsung-galaxy-a37-128gb-awesome-charcoal;nicht direkt genannt;
Bündel;Galaxy A37;128;o2;netzbetreiber;O2 Mobile on Demand M Plus mit 50 GB+ (24 Mon.);M;neu;1,00;14,99;16,50;;24;39,99;24;796,75;;2026-10-10;https://www.o2online.de/e-shop/samsung/samsung-galaxy-a37-128gb-awesome-charcoal-details?ohne-tarif=nein&zielgruppe=privatkunden&ratenzahlung=36&vertragsart=ratenzahlung&tarif=o2-mobile-on-demand-m-plus;samsung-galaxy-a37-128gb-awesome-charcoal;;
Bündel;Galaxy A37;128;o2;netzbetreiber;O2 Mobile S mit 15 GB+ (24 Mon.);XS;neu;1,00;14,99;16,50;;24;39,99;24;796,75;;2026-10-10;https://www.o2online.de/e-shop/samsung/samsung-galaxy-a37-128gb-awesome-charcoal-details?ohne-tarif=nein&zielgruppe=privatkunden&ratenzahlung=36&vertragsart=ratenzahlung&tarif=o2-mobile-on-demand-m-plus;samsung-galaxy-a37-128gb-awesome-charcoal;nicht direkt genannt;
Bündel;Galaxy A37;128;o2;netzbetreiber;O2 Mobile Special (24 Mon.);;neu;1,00;14,99;16,50;;24;0,00;24;756,76;;2026-10-10;https://www.o2online.de/e-shop/samsung/samsung-galaxy-a37-128gb-awesome-charcoal-details?ohne-tarif=nein&zielgruppe=privatkunden&ratenzahlung=36&vertragsart=ratenzahlung&tarif=o2-mobile-on-demand-m-plus;samsung-galaxy-a37-128gb-awesome-charcoal;nicht direkt genannt;
Bündel;Galaxy A37;128;o2;netzbetreiber;O2 Mobile Unlimited L mit 300 MBit/s (24 Mon.);XL;neu;1,00;39,99;16,50;;24;0,00;24;1356,76;;2026-10-10;https://www.o2online.de/e-shop/samsung/samsung-galaxy-a37-128gb-awesome-charcoal-details?ohne-tarif=nein&zielgruppe=privatkunden&ratenzahlung=36&vertragsart=ratenzahlung&tarif=o2-mobile-on-demand-m-plus;samsung-galaxy-a37-128gb-awesome-charcoal;nicht direkt genannt;
Bündel;Galaxy A37;128;o2;netzbetreiber;O2 Mobile Unlimited L Plus mit 300 MBit/s (24 Mon.);;neu;1,00;29,99;16,50;;24;0,00;24;1116,76;;2026-10-10;https://www.o2online.de/e-shop/samsung/samsung-galaxy-a37-128gb-awesome-charcoal-details?ohne-tarif=nein&zielgruppe=privatkunden&ratenzahlung=36&vertragsart=ratenzahlung&tarif=o2-mobile-on-demand-m-plus;samsung-galaxy-a37-128gb-awesome-charcoal;;
Bündel;Galaxy A37;128;o2;netzbetreiber;O2 Mobile Unlimited M mit 100 MBit/s (24 Mon.);XL;neu;1,00;29,99;16,50;;24;0,00;24;1116,76;;2026-10-10;https://www.o2online.de/e-shop/samsung/samsung-galaxy-a37-128gb-awesome-charcoal-details?ohne-tarif=nein&zielgruppe=privatkunden&ratenzahlung=36&vertragsart=ratenzahlung&tarif=o2-mobile-on-demand-m-plus;samsung-galaxy-a37-128gb-awesome-charcoal;nicht direkt genannt;
Bündel;Galaxy A37;128;o2;netzbetreiber;O2 Mobile Unlimited M Plus mit 100 MBit/s (24 Mon.);XL;neu;1,00;19,99;16,50;;24;0,00;24;876,76;;2026-10-10;https://www.o2online.de/e-shop/samsung/samsung-galaxy-a37-128gb-awesome-charcoal-details?ohne-tarif=nein&zielgruppe=privatkunden&ratenzahlung=36&vertragsart=ratenzahlung&tarif=o2-mobile-on-demand-m-plus;samsung-galaxy-a37-128gb-awesome-charcoal;;
Bündel;Galaxy A37;128;o2;netzbetreiber;O2 Mobile Unlimited S Special mit 15 MBit/s (24 Mon.);XL;neu;1,00;24,99;16,50;;24;39,99;24;1036,75;;2026-10-10;https://www.o2online.de/e-shop/samsung/samsung-galaxy-a37-128gb-awesome-charcoal-details?ohne-tarif=nein&zielgruppe=privatkunden&ratenzahlung=36&vertragsart=ratenzahlung&tarif=o2-mobile-on-demand-m-plus;samsung-galaxy-a37-128gb-awesome-charcoal;nicht direkt genannt;
Bündel;Galaxy A37;128;o2;netzbetreiber;O2 Mobile Unlimited S Special Plus mit 15 MBit/s (24 Mon.);XL;neu;1,00;19,99;16,50;;24;39,99;24;916,75;;2026-10-10;https://www.o2online.de/e-shop/samsung/samsung-galaxy-a37-128gb-awesome-charcoal-details?ohne-tarif=nein&zielgruppe=privatkunden&ratenzahlung=36&vertragsart=ratenzahlung&tarif=o2-mobile-on-demand-m-plus;samsung-galaxy-a37-128gb-awesome-charcoal;nicht direkt genannt;
Bündel;Galaxy A37;256;o2;netzbetreiber;O2 Mobile L mit 150 GB+ (24 Mon.);L;neu;1,00;24,99;21,00;;24;0,00;24;1104,76;;2026-10-10;https://www.o2online.de/e-shop/samsung/samsung-galaxy-a37-128gb-awesome-charcoal-details?ohne-tarif=nein&zielgruppe=privatkunden&ratenzahlung=36&vertragsart=ratenzahlung&tarif=o2-mobile-on-demand-m-plus;samsung-galaxy-a37-256gb-awesome-charcoal;nicht direkt genannt;
Bündel;Galaxy A37;256;o2;netzbetreiber;O2 Mobile L Plus mit 150 GB+ (24 Mon.);L;neu;1,00;19,99;21,00;;24;0,00;24;984,76;;2026-10-10;https://www.o2online.de/e-shop/samsung/samsung-galaxy-a37-128gb-awesome-charcoal-details?ohne-tarif=nein&zielgruppe=privatkunden&ratenzahlung=36&vertragsart=ratenzahlung&tarif=o2-mobile-on-demand-m-plus;samsung-galaxy-a37-256gb-awesome-charcoal;;
Bündel;Galaxy A37;256;o2;netzbetreiber;O2 Mobile on Demand M mit 50 GB+ (24 Mon.);M;neu;1,00;19,99;21,00;;24;39,99;24;1024,75;;2026-10-10;https://www.o2online.de/e-shop/samsung/samsung-galaxy-a37-128gb-awesome-charcoal-details?ohne-tarif=nein&zielgruppe=privatkunden&ratenzahlung=36&vertragsart=ratenzahlung&tarif=o2-mobile-on-demand-m-plus;samsung-galaxy-a37-256gb-awesome-charcoal;nicht direkt genannt;
Bündel;Galaxy A37;256;o2;netzbetreiber;O2 Mobile on Demand M Plus mit 50 GB+ (24 Mon.);M;neu;1,00;14,99;21,00;;24;39,99;24;904,75;;2026-10-10;https://www.o2online.de/e-shop/samsung/samsung-galaxy-a37-128gb-awesome-charcoal-details?ohne-tarif=nein&zielgruppe=privatkunden&ratenzahlung=36&vertragsart=ratenzahlung&tarif=o2-mobile-on-demand-m-plus;samsung-galaxy-a37-256gb-awesome-charcoal;;
Bündel;Galaxy A37;256;o2;netzbetreiber;O2 Mobile S mit 15 GB+ (24 Mon.);XS;neu;1,00;14,99;21,00;;24;39,99;24;904,75;;2026-10-10;https://www.o2online.de/e-shop/samsung/samsung-galaxy-a37-128gb-awesome-charcoal-details?ohne-tarif=nein&zielgruppe=privatkunden&ratenzahlung=36&vertragsart=ratenzahlung&tarif=o2-mobile-on-demand-m-plus;samsung-galaxy-a37-256gb-awesome-charcoal;nicht direkt genannt;
Bündel;Galaxy A37;256;o2;netzbetreiber;O2 Mobile Special (24 Mon.);;neu;1,00;14,99;21,00;;24;0,00;24;864,76;;2026-10-10;https://www.o2online.de/e-shop/samsung/samsung-galaxy-a37-128gb-awesome-charcoal-details?ohne-tarif=nein&zielgruppe=privatkunden&ratenzahlung=36&vertragsart=ratenzahlung&tarif=o2-mobile-on-demand-m-plus;samsung-galaxy-a37-256gb-awesome-charcoal;nicht direkt genannt;
Bündel;Galaxy A37;256;o2;netzbetreiber;O2 Mobile Unlimited L mit 300 MBit/s (24 Mon.);XL;neu;1,00;39,99;21,00;;24;0,00;24;1464,76;;2026-10-10;https://www.o2online.de/e-shop/samsung/samsung-galaxy-a37-128gb-awesome-charcoal-details?ohne-tarif=nein&zielgruppe=privatkunden&ratenzahlung=36&vertragsart=ratenzahlung&tarif=o2-mobile-on-demand-m-plus;samsung-galaxy-a37-256gb-awesome-charcoal;nicht direkt genannt;
Bündel;Galaxy A37;256;o2;netzbetreiber;O2 Mobile Unlimited L Plus mit 300 MBit/s (24 Mon.);;neu;1,00;34,99;21,00;;24;0,00;24;1344,76;;2026-10-10;https://www.o2online.de/e-shop/samsung/samsung-galaxy-a37-128gb-awesome-charcoal-details?ohne-tarif=nein&zielgruppe=privatkunden&ratenzahlung=36&vertragsart=ratenzahlung&tarif=o2-mobile-on-demand-m-plus;samsung-galaxy-a37-256gb-awesome-charcoal;;
Bündel;Galaxy A37;256;o2;netzbetreiber;O2 Mobile Unlimited M mit 100 MBit/s (24 Mon.);XL;neu;1,00;29,99;21,00;;24;0,00;24;1224,76;;2026-10-10;https://www.o2online.de/e-shop/samsung/samsung-galaxy-a37-128gb-awesome-charcoal-details?ohne-tarif=nein&zielgruppe=privatkunden&ratenzahlung=36&vertragsart=ratenzahlung&tarif=o2-mobile-on-demand-m-plus;samsung-galaxy-a37-256gb-awesome-charcoal;nicht direkt genannt;
Bündel;Galaxy A37;256;o2;netzbetreiber;O2 Mobile Unlimited M Plus mit 100 MBit/s (24 Mon.);XL;neu;1,00;24,99;21,00;;24;0,00;24;1104,76;;2026-10-10;https://www.o2online.de/e-shop/samsung/samsung-galaxy-a37-128gb-awesome-charcoal-details?ohne-tarif=nein&zielgruppe=privatkunden&ratenzahlung=36&vertragsart=ratenzahlung&tarif=o2-mobile-on-demand-m-plus;samsung-galaxy-a37-256gb-awesome-charcoal;;
Bündel;Galaxy A37;256;o2;netzbetreiber;O2 Mobile Unlimited S Special mit 15 MBit/s (24 Mon.);XL;neu;1,00;24,99;21,00;;24;39,99;24;1144,75;;2026-10-10;https://www.o2online.de/e-shop/samsung/samsung-galaxy-a37-128gb-awesome-charcoal-details?ohne-tarif=nein&zielgruppe=privatkunden&ratenzahlung=36&vertragsart=ratenzahlung&tarif=o2-mobile-on-demand-m-plus;samsung-galaxy-a37-256gb-awesome-charcoal;nicht direkt genannt;
Bündel;Galaxy A37;256;o2;netzbetreiber;O2 Mobile Unlimited S Special Plus mit 15 MBit/s (24 Mon.);XL;neu;1,00;19,99;21,00;;24;39,99;24;1024,75;;2026-10-10;https://www.o2online.de/e-shop/samsung/samsung-galaxy-a37-128gb-awesome-charcoal-details?ohne-tarif=nein&zielgruppe=privatkunden&ratenzahlung=36&vertragsart=ratenzahlung&tarif=o2-mobile-on-demand-m-plus;samsung-galaxy-a37-256gb-awesome-charcoal;nicht direkt genannt;
Bündel;Galaxy A56;128;o2;netzbetreiber;O2 Mobile L mit 150 GB+ (24 Mon.);L;neu;1,00;24,99;16,50;;24;0,00;24;996,76;;2026-10-10;https://www.o2online.de/e-shop/samsung/samsung-galaxy-a56-128gb-awesome-graphite-5g-details?ohne-tarif=nein&zielgruppe=privatkunden&ratenzahlung=36&vertragsart=ratenzahlung&tarif=o2-mobile-on-demand-m-plus;samsung-galaxy-a56-128gb-awesome-graphite-5g;nicht direkt genannt;
Bündel;Galaxy A56;128;o2;netzbetreiber;O2 Mobile L Plus mit 150 GB+ (24 Mon.);L;neu;1,00;19,99;16,50;;24;0,00;24;876,76;;2026-10-10;https://www.o2online.de/e-shop/samsung/samsung-galaxy-a56-128gb-awesome-graphite-5g-details?ohne-tarif=nein&zielgruppe=privatkunden&ratenzahlung=36&vertragsart=ratenzahlung&tarif=o2-mobile-on-demand-m-plus;samsung-galaxy-a56-128gb-awesome-graphite-5g;;
Bündel;Galaxy A56;128;o2;netzbetreiber;O2 Mobile on Demand M mit 50 GB+ (24 Mon.);M;neu;1,00;19,99;16,50;;24;39,99;24;916,75;;2026-10-10;https://www.o2online.de/e-shop/samsung/samsung-galaxy-a56-128gb-awesome-graphite-5g-details?ohne-tarif=nein&zielgruppe=privatkunden&ratenzahlung=36&vertragsart=ratenzahlung&tarif=o2-mobile-on-demand-m-plus;samsung-galaxy-a56-128gb-awesome-graphite-5g;nicht direkt genannt;
Bündel;Galaxy A56;128;o2;netzbetreiber;O2 Mobile on Demand M Plus mit 50 GB+ (24 Mon.);M;neu;1,00;14,99;16,50;;24;39,99;24;796,75;;2026-10-10;https://www.o2online.de/e-shop/samsung/samsung-galaxy-a56-128gb-awesome-graphite-5g-details?ohne-tarif=nein&zielgruppe=privatkunden&ratenzahlung=36&vertragsart=ratenzahlung&tarif=o2-mobile-on-demand-m-plus;samsung-galaxy-a56-128gb-awesome-graphite-5g;;
Bündel;Galaxy A56;128;o2;netzbetreiber;O2 Mobile S mit 15 GB+ (24 Mon.);XS;neu;1,00;14,99;16,50;;24;39,99;24;796,75;;2026-10-10;https://www.o2online.de/e-shop/samsung/samsung-galaxy-a56-128gb-awesome-graphite-5g-details?ohne-tarif=nein&zielgruppe=privatkunden&ratenzahlung=36&vertragsart=ratenzahlung&tarif=o2-mobile-on-demand-m-plus;samsung-galaxy-a56-128gb-awesome-graphite-5g;nicht direkt genannt;
Bündel;Galaxy A56;128;o2;netzbetreiber;O2 Mobile Special (24 Mon.);;neu;1,00;14,99;16,50;;24;0,00;24;756,76;;2026-10-10;https://www.o2online.de/e-shop/samsung/samsung-galaxy-a56-128gb-awesome-graphite-5g-details?ohne-tarif=nein&zielgruppe=privatkunden&ratenzahlung=36&vertragsart=ratenzahlung&tarif=o2-mobile-on-demand-m-plus;samsung-galaxy-a56-128gb-awesome-graphite-5g;nicht direkt genannt;
Bündel;Galaxy A56;128;o2;netzbetreiber;O2 Mobile Unlimited L mit 300 MBit/s (24 Mon.);XL;neu;1,00;39,99;16,50;;24;0,00;24;1356,76;;2026-10-10;https://www.o2online.de/e-shop/samsung/samsung-galaxy-a56-128gb-awesome-graphite-5g-details?ohne-tarif=nein&zielgruppe=privatkunden&ratenzahlung=36&vertragsart=ratenzahlung&tarif=o2-mobile-on-demand-m-plus;samsung-galaxy-a56-128gb-awesome-graphite-5g;nicht direkt genannt;
Bündel;Galaxy A56;128;o2;netzbetreiber;O2 Mobile Unlimited L Plus mit 300 MBit/s (24 Mon.);;neu;1,00;34,99;16,50;;24;0,00;24;1236,76;;2026-10-10;https://www.o2online.de/e-shop/samsung/samsung-galaxy-a56-128gb-awesome-graphite-5g-details?ohne-tarif=nein&zielgruppe=privatkunden&ratenzahlung=36&vertragsart=ratenzahlung&tarif=o2-mobile-on-demand-m-plus;samsung-galaxy-a56-128gb-awesome-graphite-5g;;
Bündel;Galaxy A56;128;o2;netzbetreiber;O2 Mobile Unlimited M mit 100 MBit/s (24 Mon.);XL;neu;1,00;29,99;16,50;;24;0,00;24;1116,76;;2026-10-10;https://www.o2online.de/e-shop/samsung/samsung-galaxy-a56-128gb-awesome-graphite-5g-details?ohne-tarif=nein&zielgruppe=privatkunden&ratenzahlung=36&vertragsart=ratenzahlung&tarif=o2-mobile-on-demand-m-plus;samsung-galaxy-a56-128gb-awesome-graphite-5g;nicht direkt genannt;
Bündel;Galaxy A56;128;o2;netzbetreiber;O2 Mobile Unlimited M Plus mit 100 MBit/s (24 Mon.);XL;neu;1,00;24,99;16,50;;24;0,00;24;996,76;;2026-10-10;https://www.o2online.de/e-shop/samsung/samsung-galaxy-a56-128gb-awesome-graphite-5g-details?ohne-tarif=nein&zielgruppe=privatkunden&ratenzahlung=36&vertragsart=ratenzahlung&tarif=o2-mobile-on-demand-m-plus;samsung-galaxy-a56-128gb-awesome-graphite-5g;;
Bündel;Galaxy A56;128;o2;netzbetreiber;O2 Mobile Unlimited S Special mit 15 MBit/s (24 Mon.);XL;neu;1,00;24,99;16,50;;24;39,99;24;1036,75;;2026-10-10;https://www.o2online.de/e-shop/samsung/samsung-galaxy-a56-128gb-awesome-graphite-5g-details?ohne-tarif=nein&zielgruppe=privatkunden&ratenzahlung=36&vertragsart=ratenzahlung&tarif=o2-mobile-on-demand-m-plus;samsung-galaxy-a56-128gb-awesome-graphite-5g;nicht direkt genannt;
Bündel;Galaxy A56;128;o2;netzbetreiber;O2 Mobile Unlimited S Special Plus mit 15 MBit/s (24 Mon.);XL;neu;1,00;19,99;16,50;;24;39,99;24;916,75;;2026-10-10;https://www.o2online.de/e-shop/samsung/samsung-galaxy-a56-128gb-awesome-graphite-5g-details?ohne-tarif=nein&zielgruppe=privatkunden&ratenzahlung=36&vertragsart=ratenzahlung&tarif=o2-mobile-on-demand-m-plus;samsung-galaxy-a56-128gb-awesome-graphite-5g;nicht direkt genannt;
Bündel;Galaxy A57;128;o2;netzbetreiber;O2 Mobile L mit 150 GB+ (24 Mon.);L;neu;1,00;24,99;21,00;;24;0,00;24;1104,76;;2026-10-10;https://www.o2online.de/e-shop/samsung/samsung-galaxy-a57-128gb-awesome-navy-details?ohne-tarif=nein&zielgruppe=privatkunden&ratenzahlung=36&vertragsart=ratenzahlung&tarif=o2-mobile-on-demand-m-plus;samsung-galaxy-a57-128gb-awesome-navy;nicht direkt genannt;
Bündel;Galaxy A57;128;o2;netzbetreiber;O2 Mobile L Plus mit 150 GB+ (24 Mon.);L;neu;1,00;19,99;21,00;;24;0,00;24;984,76;;2026-10-10;https://www.o2online.de/e-shop/samsung/samsung-galaxy-a57-128gb-awesome-navy-details?ohne-tarif=nein&zielgruppe=privatkunden&ratenzahlung=36&vertragsart=ratenzahlung&tarif=o2-mobile-on-demand-m-plus;samsung-galaxy-a57-128gb-awesome-navy;;
Bündel;Galaxy A57;128;o2;netzbetreiber;O2 Mobile on Demand M mit 50 GB+ (24 Mon.);M;neu;1,00;19,99;21,00;;24;39,99;24;1024,75;;2026-10-10;https://www.o2online.de/e-shop/samsung/samsung-galaxy-a57-128gb-awesome-navy-details?ohne-tarif=nein&zielgruppe=privatkunden&ratenzahlung=36&vertragsart=ratenzahlung&tarif=o2-mobile-on-demand-m-plus;samsung-galaxy-a57-128gb-awesome-navy;nicht direkt genannt;
Bündel;Galaxy A57;128;o2;netzbetreiber;O2 Mobile on Demand M Plus mit 50 GB+ (24 Mon.);M;neu;1,00;14,99;21,00;;24;39,99;24;904,75;;2026-10-10;https://www.o2online.de/e-shop/samsung/samsung-galaxy-a57-128gb-awesome-navy-details?ohne-tarif=nein&zielgruppe=privatkunden&ratenzahlung=36&vertragsart=ratenzahlung&tarif=o2-mobile-on-demand-m-plus;samsung-galaxy-a57-128gb-awesome-navy;;
Bündel;Galaxy A57;128;o2;netzbetreiber;O2 Mobile S mit 15 GB+ (24 Mon.);XS;neu;1,00;14,99;21,00;;24;39,99;24;904,75;;2026-10-10;https://www.o2online.de/e-shop/samsung/samsung-galaxy-a57-128gb-awesome-navy-details?ohne-tarif=nein&zielgruppe=privatkunden&ratenzahlung=36&vertragsart=ratenzahlung&tarif=o2-mobile-on-demand-m-plus;samsung-galaxy-a57-128gb-awesome-navy;nicht direkt genannt;
Bündel;Galaxy A57;128;o2;netzbetreiber;O2 Mobile Special (24 Mon.);;neu;1,00;14,99;21,00;;24;0,00;24;864,76;;2026-10-10;https://www.o2online.de/e-shop/samsung/samsung-galaxy-a57-128gb-awesome-navy-details?ohne-tarif=nein&zielgruppe=privatkunden&ratenzahlung=36&vertragsart=ratenzahlung&tarif=o2-mobile-on-demand-m-plus;samsung-galaxy-a57-128gb-awesome-navy;nicht direkt genannt;
Bündel;Galaxy A57;128;o2;netzbetreiber;O2 Mobile Unlimited L mit 300 MBit/s (24 Mon.);XL;neu;1,00;39,99;21,00;;24;0,00;24;1464,76;;2026-10-10;https://www.o2online.de/e-shop/samsung/samsung-galaxy-a57-128gb-awesome-navy-details?ohne-tarif=nein&zielgruppe=privatkunden&ratenzahlung=36&vertragsart=ratenzahlung&tarif=o2-mobile-on-demand-m-plus;samsung-galaxy-a57-128gb-awesome-navy;nicht direkt genannt;
Bündel;Galaxy A57;128;o2;netzbetreiber;O2 Mobile Unlimited L Plus mit 300 MBit/s (24 Mon.);;neu;1,00;29,99;21,00;;24;0,00;24;1224,76;;2026-10-10;https://www.o2online.de/e-shop/samsung/samsung-galaxy-a57-128gb-awesome-navy-details?ohne-tarif=nein&zielgruppe=privatkunden&ratenzahlung=36&vertragsart=ratenzahlung&tarif=o2-mobile-on-demand-m-plus;samsung-galaxy-a57-128gb-awesome-navy;;
Bündel;Galaxy A57;128;o2;netzbetreiber;O2 Mobile Unlimited M mit 100 MBit/s (24 Mon.);XL;neu;1,00;29,99;21,00;;24;0,00;24;1224,76;;2026-10-10;https://www.o2online.de/e-shop/samsung/samsung-galaxy-a57-128gb-awesome-navy-details?ohne-tarif=nein&zielgruppe=privatkunden&ratenzahlung=36&vertragsart=ratenzahlung&tarif=o2-mobile-on-demand-m-plus;samsung-galaxy-a57-128gb-awesome-navy;nicht direkt genannt;
Bündel;Galaxy A57;128;o2;netzbetreiber;O2 Mobile Unlimited M Plus mit 100 MBit/s (24 Mon.);XL;neu;1,00;19,99;21,00;;24;0,00;24;984,76;;2026-10-10;https://www.o2online.de/e-shop/samsung/samsung-galaxy-a57-128gb-awesome-navy-details?ohne-tarif=nein&zielgruppe=privatkunden&ratenzahlung=36&vertragsart=ratenzahlung&tarif=o2-mobile-on-demand-m-plus;samsung-galaxy-a57-128gb-awesome-navy;;
Bündel;Galaxy A57;128;o2;netzbetreiber;O2 Mobile Unlimited S Special mit 15 MBit/s (24 Mon.);XL;neu;1,00;24,99;21,00;;24;39,99;24;1144,75;;2026-10-10;https://www.o2online.de/e-shop/samsung/samsung-galaxy-a57-128gb-awesome-navy-details?ohne-tarif=nein&zielgruppe=privatkunden&ratenzahlung=36&vertragsart=ratenzahlung&tarif=o2-mobile-on-demand-m-plus;samsung-galaxy-a57-128gb-awesome-navy;nicht direkt genannt;
Bündel;Galaxy A57;128;o2;netzbetreiber;O2 Mobile Unlimited S Special Plus mit 15 MBit/s (24 Mon.);XL;neu;1,00;19,99;21,00;;24;39,99;24;1024,75;;2026-10-10;https://www.o2online.de/e-shop/samsung/samsung-galaxy-a57-128gb-awesome-navy-details?ohne-tarif=nein&zielgruppe=privatkunden&ratenzahlung=36&vertragsart=ratenzahlung&tarif=o2-mobile-on-demand-m-plus;samsung-galaxy-a57-128gb-awesome-navy;nicht direkt genannt;
Bündel;Galaxy A57;256;o2;netzbetreiber;O2 Mobile L mit 150 GB+ (24 Mon.);L;neu;1,00;24,99;24,00;;24;0,00;24;1176,76;;2026-10-10;https://www.o2online.de/e-shop/samsung/samsung-galaxy-a57-128gb-awesome-navy-details?ohne-tarif=nein&zielgruppe=privatkunden&ratenzahlung=36&vertragsart=ratenzahlung&tarif=o2-mobile-on-demand-m-plus;samsung-galaxy-a57-256gb-awesome-navy;nicht direkt genannt;
Bündel;Galaxy A57;256;o2;netzbetreiber;O2 Mobile L Plus mit 150 GB+ (24 Mon.);L;neu;1,00;19,99;24,00;;24;0,00;24;1056,76;;2026-10-10;https://www.o2online.de/e-shop/samsung/samsung-galaxy-a57-128gb-awesome-navy-details?ohne-tarif=nein&zielgruppe=privatkunden&ratenzahlung=36&vertragsart=ratenzahlung&tarif=o2-mobile-on-demand-m-plus;samsung-galaxy-a57-256gb-awesome-navy;;
Bündel;Galaxy A57;256;o2;netzbetreiber;O2 Mobile on Demand M mit 50 GB+ (24 Mon.);M;neu;1,00;19,99;24,00;;24;39,99;24;1096,75;;2026-10-10;https://www.o2online.de/e-shop/samsung/samsung-galaxy-a57-128gb-awesome-navy-details?ohne-tarif=nein&zielgruppe=privatkunden&ratenzahlung=36&vertragsart=ratenzahlung&tarif=o2-mobile-on-demand-m-plus;samsung-galaxy-a57-256gb-awesome-navy;nicht direkt genannt;
Bündel;Galaxy A57;256;o2;netzbetreiber;O2 Mobile on Demand M Plus mit 50 GB+ (24 Mon.);M;neu;1,00;14,99;24,00;;24;39,99;24;976,75;;2026-10-10;https://www.o2online.de/e-shop/samsung/samsung-galaxy-a57-128gb-awesome-navy-details?ohne-tarif=nein&zielgruppe=privatkunden&ratenzahlung=36&vertragsart=ratenzahlung&tarif=o2-mobile-on-demand-m-plus;samsung-galaxy-a57-256gb-awesome-navy;;
Bündel;Galaxy A57;256;o2;netzbetreiber;O2 Mobile S mit 15 GB+ (24 Mon.);XS;neu;1,00;14,99;24,00;;24;39,99;24;976,75;;2026-10-10;https://www.o2online.de/e-shop/samsung/samsung-galaxy-a57-128gb-awesome-navy-details?ohne-tarif=nein&zielgruppe=privatkunden&ratenzahlung=36&vertragsart=ratenzahlung&tarif=o2-mobile-on-demand-m-plus;samsung-galaxy-a57-256gb-awesome-navy;nicht direkt genannt;
Bündel;Galaxy A57;256;o2;netzbetreiber;O2 Mobile Special (24 Mon.);;neu;1,00;14,99;24,00;;24;0,00;24;936,76;;2026-10-10;https://www.o2online.de/e-shop/samsung/samsung-galaxy-a57-128gb-awesome-navy-details?ohne-tarif=nein&zielgruppe=privatkunden&ratenzahlung=36&vertragsart=ratenzahlung&tarif=o2-mobile-on-demand-m-plus;samsung-galaxy-a57-256gb-awesome-navy;nicht direkt genannt;
Bündel;Galaxy A57;256;o2;netzbetreiber;O2 Mobile Unlimited L mit 300 MBit/s (24 Mon.);XL;neu;1,00;39,99;24,00;;24;0,00;24;1536,76;;2026-10-10;https://www.o2online.de/e-shop/samsung/samsung-galaxy-a57-128gb-awesome-navy-details?ohne-tarif=nein&zielgruppe=privatkunden&ratenzahlung=36&vertragsart=ratenzahlung&tarif=o2-mobile-on-demand-m-plus;samsung-galaxy-a57-256gb-awesome-navy;nicht direkt genannt;
Bündel;Galaxy A57;256;o2;netzbetreiber;O2 Mobile Unlimited L Plus mit 300 MBit/s (24 Mon.);;neu;1,00;29,99;24,00;;24;0,00;24;1296,76;;2026-10-10;https://www.o2online.de/e-shop/samsung/samsung-galaxy-a57-128gb-awesome-navy-details?ohne-tarif=nein&zielgruppe=privatkunden&ratenzahlung=36&vertragsart=ratenzahlung&tarif=o2-mobile-on-demand-m-plus;samsung-galaxy-a57-256gb-awesome-navy;;
Bündel;Galaxy A57;256;o2;netzbetreiber;O2 Mobile Unlimited M mit 100 MBit/s (24 Mon.);XL;neu;1,00;29,99;24,00;;24;0,00;24;1296,76;;2026-10-10;https://www.o2online.de/e-shop/samsung/samsung-galaxy-a57-128gb-awesome-navy-details?ohne-tarif=nein&zielgruppe=privatkunden&ratenzahlung=36&vertragsart=ratenzahlung&tarif=o2-mobile-on-demand-m-plus;samsung-galaxy-a57-256gb-awesome-navy;nicht direkt genannt;
Bündel;Galaxy A57;256;o2;netzbetreiber;O2 Mobile Unlimited M Plus mit 100 MBit/s (24 Mon.);XL;neu;1,00;19,99;24,00;;24;0,00;24;1056,76;;2026-10-10;https://www.o2online.de/e-shop/samsung/samsung-galaxy-a57-128gb-awesome-navy-details?ohne-tarif=nein&zielgruppe=privatkunden&ratenzahlung=36&vertragsart=ratenzahlung&tarif=o2-mobile-on-demand-m-plus;samsung-galaxy-a57-256gb-awesome-navy;;
Bündel;Galaxy A57;256;o2;netzbetreiber;O2 Mobile Unlimited S Special mit 15 MBit/s (24 Mon.);XL;neu;1,00;24,99;24,00;;24;39,99;24;1216,75;;2026-10-10;https://www.o2online.de/e-shop/samsung/samsung-galaxy-a57-128gb-awesome-navy-details?ohne-tarif=nein&zielgruppe=privatkunden&ratenzahlung=36&vertragsart=ratenzahlung&tarif=o2-mobile-on-demand-m-plus;samsung-galaxy-a57-256gb-awesome-navy;nicht direkt genannt;
Bündel;Galaxy A57;256;o2;netzbetreiber;O2 Mobile Unlimited S Special Plus mit 15 MBit/s (24 Mon.);XL;neu;1,00;19,99;24,00;;24;39,99;24;1096,75;;2026-10-10;https://www.o2online.de/e-shop/samsung/samsung-galaxy-a57-128gb-awesome-navy-details?ohne-tarif=nein&zielgruppe=privatkunden&ratenzahlung=36&vertragsart=ratenzahlung&tarif=o2-mobile-on-demand-m-plus;samsung-galaxy-a57-256gb-awesome-navy;nicht direkt genannt;
Bündel;Galaxy S23;128;o2;netzbetreiber;O2 Mobile L mit 150 GB+ (24 Mon.);L;neu;1,00;24,99;30,00;;24;0,00;24;1320,76;;2026-10-10;https://www.o2online.de/e-shop/samsung/samsung-galaxy-s23-128gb-pink-details?ohne-tarif=nein&zielgruppe=privatkunden&ratenzahlung=36&vertragsart=ratenzahlung&tarif=o2-mobile-on-demand-m-plus;samsung-galaxy-s23-128gb-rosa;nicht direkt genannt;
Bündel;Galaxy S23;128;o2;netzbetreiber;O2 Mobile L Plus mit 150 GB+ (24 Mon.);L;neu;1,00;19,99;30,00;;24;0,00;24;1200,76;;2026-10-10;https://www.o2online.de/e-shop/samsung/samsung-galaxy-s23-128gb-pink-details?ohne-tarif=nein&zielgruppe=privatkunden&ratenzahlung=36&vertragsart=ratenzahlung&tarif=o2-mobile-on-demand-m-plus;samsung-galaxy-s23-128gb-rosa;;
Bündel;Galaxy S23;128;o2;netzbetreiber;O2 Mobile on Demand M mit 50 GB+ (24 Mon.);M;neu;1,00;19,99;30,00;;24;39,99;24;1240,75;;2026-10-10;https://www.o2online.de/e-shop/samsung/samsung-galaxy-s23-128gb-pink-details?ohne-tarif=nein&zielgruppe=privatkunden&ratenzahlung=36&vertragsart=ratenzahlung&tarif=o2-mobile-on-demand-m-plus;samsung-galaxy-s23-128gb-rosa;nicht direkt genannt;
Bündel;Galaxy S23;128;o2;netzbetreiber;O2 Mobile on Demand M Plus mit 50 GB+ (24 Mon.);M;neu;1,00;14,99;30,00;;24;39,99;24;1120,75;;2026-10-10;https://www.o2online.de/e-shop/samsung/samsung-galaxy-s23-128gb-pink-details?ohne-tarif=nein&zielgruppe=privatkunden&ratenzahlung=36&vertragsart=ratenzahlung&tarif=o2-mobile-on-demand-m-plus;samsung-galaxy-s23-128gb-rosa;;
Bündel;Galaxy S23;128;o2;netzbetreiber;O2 Mobile S mit 15 GB+ (24 Mon.);XS;neu;1,00;19,99;30,00;;24;39,99;24;1240,75;;2026-10-10;https://www.o2online.de/e-shop/samsung/samsung-galaxy-s23-128gb-pink-details?ohne-tarif=nein&zielgruppe=privatkunden&ratenzahlung=36&vertragsart=ratenzahlung&tarif=o2-mobile-on-demand-m-plus;samsung-galaxy-s23-128gb-rosa;nicht direkt genannt;
Bündel;Galaxy S23;128;o2;netzbetreiber;O2 Mobile Special (24 Mon.);;neu;1,00;14,99;30,00;;24;0,00;24;1080,76;;2026-10-10;https://www.o2online.de/e-shop/samsung/samsung-galaxy-s23-128gb-pink-details?ohne-tarif=nein&zielgruppe=privatkunden&ratenzahlung=36&vertragsart=ratenzahlung&tarif=o2-mobile-on-demand-m-plus;samsung-galaxy-s23-128gb-rosa;nicht direkt genannt;
Bündel;Galaxy S23;128;o2;netzbetreiber;O2 Mobile Unlimited L mit 300 MBit/s (24 Mon.);XL;neu;1,00;39,99;30,00;;24;0,00;24;1680,76;;2026-10-10;https://www.o2online.de/e-shop/samsung/samsung-galaxy-s23-128gb-pink-details?ohne-tarif=nein&zielgruppe=privatkunden&ratenzahlung=36&vertragsart=ratenzahlung&tarif=o2-mobile-on-demand-m-plus;samsung-galaxy-s23-128gb-rosa;nicht direkt genannt;
Bündel;Galaxy S23;128;o2;netzbetreiber;O2 Mobile Unlimited L Plus mit 300 MBit/s (24 Mon.);;neu;1,00;34,99;30,00;;24;0,00;24;1560,76;;2026-10-10;https://www.o2online.de/e-shop/samsung/samsung-galaxy-s23-128gb-pink-details?ohne-tarif=nein&zielgruppe=privatkunden&ratenzahlung=36&vertragsart=ratenzahlung&tarif=o2-mobile-on-demand-m-plus;samsung-galaxy-s23-128gb-rosa;;
Bündel;Galaxy S23;128;o2;netzbetreiber;O2 Mobile Unlimited M mit 100 MBit/s (24 Mon.);XL;neu;1,00;29,99;30,00;;24;0,00;24;1440,76;;2026-10-10;https://www.o2online.de/e-shop/samsung/samsung-galaxy-s23-128gb-pink-details?ohne-tarif=nein&zielgruppe=privatkunden&ratenzahlung=36&vertragsart=ratenzahlung&tarif=o2-mobile-on-demand-m-plus;samsung-galaxy-s23-128gb-rosa;nicht direkt genannt;
Bündel;Galaxy S23;128;o2;netzbetreiber;O2 Mobile Unlimited M Plus mit 100 MBit/s (24 Mon.);XL;neu;1,00;24,99;30,00;;24;0,00;24;1320,76;;2026-10-10;https://www.o2online.de/e-shop/samsung/samsung-galaxy-s23-128gb-pink-details?ohne-tarif=nein&zielgruppe=privatkunden&ratenzahlung=36&vertragsart=ratenzahlung&tarif=o2-mobile-on-demand-m-plus;samsung-galaxy-s23-128gb-rosa;;
Bündel;Galaxy S23;128;o2;netzbetreiber;O2 Mobile Unlimited S Special mit 15 MBit/s (24 Mon.);XL;neu;1,00;24,99;30,00;;24;39,99;24;1360,75;;2026-10-10;https://www.o2online.de/e-shop/samsung/samsung-galaxy-s23-128gb-pink-details?ohne-tarif=nein&zielgruppe=privatkunden&ratenzahlung=36&vertragsart=ratenzahlung&tarif=o2-mobile-on-demand-m-plus;samsung-galaxy-s23-128gb-rosa;nicht direkt genannt;
Bündel;Galaxy S23;128;o2;netzbetreiber;O2 Mobile Unlimited S Special Plus mit 15 MBit/s (24 Mon.);XL;neu;1,00;19,99;30,00;;24;39,99;24;1240,75;;2026-10-10;https://www.o2online.de/e-shop/samsung/samsung-galaxy-s23-128gb-pink-details?ohne-tarif=nein&zielgruppe=privatkunden&ratenzahlung=36&vertragsart=ratenzahlung&tarif=o2-mobile-on-demand-m-plus;samsung-galaxy-s23-128gb-rosa;nicht direkt genannt;
Bündel;Galaxy S24;128;o2;netzbetreiber;O2 Mobile L mit 150 GB+ (24 Mon.);L;neu;1,00;24,99;33,00;;24;0,00;24;1392,76;;2026-10-10;https://www.o2online.de/e-shop/samsung/samsung-galaxy-s24-128gb-onyx-black-details?ohne-tarif=nein&zielgruppe=privatkunden&ratenzahlung=36&vertragsart=ratenzahlung&tarif=o2-mobile-on-demand-m-plus;samsung-galaxy-s24-128gb-onyx-black;nicht direkt genannt;
Bündel;Galaxy S24;128;o2;netzbetreiber;O2 Mobile L Plus mit 150 GB+ (24 Mon.);L;neu;1,00;19,99;33,00;;24;0,00;24;1272,76;;2026-10-10;https://www.o2online.de/e-shop/samsung/samsung-galaxy-s24-128gb-onyx-black-details?ohne-tarif=nein&zielgruppe=privatkunden&ratenzahlung=36&vertragsart=ratenzahlung&tarif=o2-mobile-on-demand-m-plus;samsung-galaxy-s24-128gb-onyx-black;;
Bündel;Galaxy S24;128;o2;netzbetreiber;O2 Mobile on Demand M mit 50 GB+ (24 Mon.);M;neu;1,00;19,99;33,00;;24;39,99;24;1312,75;;2026-10-10;https://www.o2online.de/e-shop/samsung/samsung-galaxy-s24-128gb-onyx-black-details?ohne-tarif=nein&zielgruppe=privatkunden&ratenzahlung=36&vertragsart=ratenzahlung&tarif=o2-mobile-on-demand-m-plus;samsung-galaxy-s24-128gb-onyx-black;nicht direkt genannt;
Bündel;Galaxy S24;128;o2;netzbetreiber;O2 Mobile on Demand M Plus mit 50 GB+ (24 Mon.);M;neu;1,00;14,99;33,00;;24;39,99;24;1192,75;;2026-10-10;https://www.o2online.de/e-shop/samsung/samsung-galaxy-s24-128gb-onyx-black-details?ohne-tarif=nein&zielgruppe=privatkunden&ratenzahlung=36&vertragsart=ratenzahlung&tarif=o2-mobile-on-demand-m-plus;samsung-galaxy-s24-128gb-onyx-black;;
Bündel;Galaxy S24;128;o2;netzbetreiber;O2 Mobile S mit 15 GB+ (24 Mon.);XS;neu;1,00;19,99;33,00;;24;39,99;24;1312,75;;2026-10-10;https://www.o2online.de/e-shop/samsung/samsung-galaxy-s24-128gb-onyx-black-details?ohne-tarif=nein&zielgruppe=privatkunden&ratenzahlung=36&vertragsart=ratenzahlung&tarif=o2-mobile-on-demand-m-plus;samsung-galaxy-s24-128gb-onyx-black;nicht direkt genannt;
Bündel;Galaxy S24;128;o2;netzbetreiber;O2 Mobile Special (24 Mon.);;neu;1,00;14,99;33,00;;24;0,00;24;1152,76;;2026-10-10;https://www.o2online.de/e-shop/samsung/samsung-galaxy-s24-128gb-onyx-black-details?ohne-tarif=nein&zielgruppe=privatkunden&ratenzahlung=36&vertragsart=ratenzahlung&tarif=o2-mobile-on-demand-m-plus;samsung-galaxy-s24-128gb-onyx-black;nicht direkt genannt;
Bündel;Galaxy S24;128;o2;netzbetreiber;O2 Mobile Unlimited L mit 300 MBit/s (24 Mon.);XL;neu;1,00;39,99;33,00;;24;0,00;24;1752,76;;2026-10-10;https://www.o2online.de/e-shop/samsung/samsung-galaxy-s24-128gb-onyx-black-details?ohne-tarif=nein&zielgruppe=privatkunden&ratenzahlung=36&vertragsart=ratenzahlung&tarif=o2-mobile-on-demand-m-plus;samsung-galaxy-s24-128gb-onyx-black;nicht direkt genannt;
Bündel;Galaxy S24;128;o2;netzbetreiber;O2 Mobile Unlimited L Plus mit 300 MBit/s (24 Mon.);;neu;1,00;34,99;33,00;;24;0,00;24;1632,76;;2026-10-10;https://www.o2online.de/e-shop/samsung/samsung-galaxy-s24-128gb-onyx-black-details?ohne-tarif=nein&zielgruppe=privatkunden&ratenzahlung=36&vertragsart=ratenzahlung&tarif=o2-mobile-on-demand-m-plus;samsung-galaxy-s24-128gb-onyx-black;;
Bündel;Galaxy S24;128;o2;netzbetreiber;O2 Mobile Unlimited M mit 100 MBit/s (24 Mon.);XL;neu;1,00;29,99;33,00;;24;0,00;24;1512,76;;2026-10-10;https://www.o2online.de/e-shop/samsung/samsung-galaxy-s24-128gb-onyx-black-details?ohne-tarif=nein&zielgruppe=privatkunden&ratenzahlung=36&vertragsart=ratenzahlung&tarif=o2-mobile-on-demand-m-plus;samsung-galaxy-s24-128gb-onyx-black;nicht direkt genannt;
Bündel;Galaxy S24;128;o2;netzbetreiber;O2 Mobile Unlimited M Plus mit 100 MBit/s (24 Mon.);XL;neu;1,00;24,99;33,00;;24;0,00;24;1392,76;;2026-10-10;https://www.o2online.de/e-shop/samsung/samsung-galaxy-s24-128gb-onyx-black-details?ohne-tarif=nein&zielgruppe=privatkunden&ratenzahlung=36&vertragsart=ratenzahlung&tarif=o2-mobile-on-demand-m-plus;samsung-galaxy-s24-128gb-onyx-black;;
Bündel;Galaxy S24;128;o2;netzbetreiber;O2 Mobile Unlimited S Special mit 15 MBit/s (24 Mon.);XL;neu;1,00;24,99;33,00;;24;39,99;24;1432,75;;2026-10-10;https://www.o2online.de/e-shop/samsung/samsung-galaxy-s24-128gb-onyx-black-details?ohne-tarif=nein&zielgruppe=privatkunden&ratenzahlung=36&vertragsart=ratenzahlung&tarif=o2-mobile-on-demand-m-plus;samsung-galaxy-s24-128gb-onyx-black;nicht direkt genannt;
Bündel;Galaxy S24;128;o2;netzbetreiber;O2 Mobile Unlimited S Special Plus mit 15 MBit/s (24 Mon.);XL;neu;1,00;19,99;33,00;;24;39,99;24;1312,75;;2026-10-10;https://www.o2online.de/e-shop/samsung/samsung-galaxy-s24-128gb-onyx-black-details?ohne-tarif=nein&zielgruppe=privatkunden&ratenzahlung=36&vertragsart=ratenzahlung&tarif=o2-mobile-on-demand-m-plus;samsung-galaxy-s24-128gb-onyx-black;nicht direkt genannt;
Bündel;Galaxy S24 Ultra;256;o2;netzbetreiber;O2 Mobile L mit 150 GB+ (24 Mon.);L;neu;1,00;24,99;45,00;;24;0,00;24;1680,76;;2026-10-10;https://www.o2online.de/e-shop/samsung/samsung-galaxy-s24-ultra-256gb-titanium-black-details?ohne-tarif=nein&zielgruppe=privatkunden&ratenzahlung=36&vertragsart=ratenzahlung&tarif=o2-mobile-on-demand-m-plus;samsung-galaxy-s24-ultra-256gb-titan-schwarz;nicht direkt genannt;
Bündel;Galaxy S24 Ultra;256;o2;netzbetreiber;O2 Mobile L Plus mit 150 GB+ (24 Mon.);L;neu;1,00;19,99;45,00;;24;0,00;24;1560,76;;2026-10-10;https://www.o2online.de/e-shop/samsung/samsung-galaxy-s24-ultra-256gb-titanium-black-details?ohne-tarif=nein&zielgruppe=privatkunden&ratenzahlung=36&vertragsart=ratenzahlung&tarif=o2-mobile-on-demand-m-plus;samsung-galaxy-s24-ultra-256gb-titan-schwarz;;
Bündel;Galaxy S24 Ultra;256;o2;netzbetreiber;O2 Mobile on Demand M mit 50 GB+ (24 Mon.);M;neu;1,00;19,99;45,00;;24;39,99;24;1600,75;;2026-10-10;https://www.o2online.de/e-shop/samsung/samsung-galaxy-s24-ultra-256gb-titanium-black-details?ohne-tarif=nein&zielgruppe=privatkunden&ratenzahlung=36&vertragsart=ratenzahlung&tarif=o2-mobile-on-demand-m-plus;samsung-galaxy-s24-ultra-256gb-titan-schwarz;nicht direkt genannt;
Bündel;Galaxy S24 Ultra;256;o2;netzbetreiber;O2 Mobile on Demand M Plus mit 50 GB+ (24 Mon.);M;neu;1,00;14,99;45,00;;24;39,99;24;1480,75;;2026-10-10;https://www.o2online.de/e-shop/samsung/samsung-galaxy-s24-ultra-256gb-titanium-black-details?ohne-tarif=nein&zielgruppe=privatkunden&ratenzahlung=36&vertragsart=ratenzahlung&tarif=o2-mobile-on-demand-m-plus;samsung-galaxy-s24-ultra-256gb-titan-schwarz;;
Bündel;Galaxy S24 Ultra;256;o2;netzbetreiber;O2 Mobile S mit 15 GB+ (24 Mon.);XS;neu;1,00;19,99;45,00;;24;39,99;24;1600,75;;2026-10-10;https://www.o2online.de/e-shop/samsung/samsung-galaxy-s24-ultra-256gb-titanium-black-details?ohne-tarif=nein&zielgruppe=privatkunden&ratenzahlung=36&vertragsart=ratenzahlung&tarif=o2-mobile-on-demand-m-plus;samsung-galaxy-s24-ultra-256gb-titan-schwarz;nicht direkt genannt;
Bündel;Galaxy S24 Ultra;256;o2;netzbetreiber;O2 Mobile Special (24 Mon.);;neu;1,00;14,99;45,00;;24;0,00;24;1440,76;;2026-10-10;https://www.o2online.de/e-shop/samsung/samsung-galaxy-s24-ultra-256gb-titanium-black-details?ohne-tarif=nein&zielgruppe=privatkunden&ratenzahlung=36&vertragsart=ratenzahlung&tarif=o2-mobile-on-demand-m-plus;samsung-galaxy-s24-ultra-256gb-titan-schwarz;nicht direkt genannt;
Bündel;Galaxy S24 Ultra;256;o2;netzbetreiber;O2 Mobile Unlimited L mit 300 MBit/s (24 Mon.);XL;neu;1,00;39,99;45,00;;24;0,00;24;2040,76;;2026-10-10;https://www.o2online.de/e-shop/samsung/samsung-galaxy-s24-ultra-256gb-titanium-black-details?ohne-tarif=nein&zielgruppe=privatkunden&ratenzahlung=36&vertragsart=ratenzahlung&tarif=o2-mobile-on-demand-m-plus;samsung-galaxy-s24-ultra-256gb-titan-schwarz;nicht direkt genannt;
Bündel;Galaxy S24 Ultra;256;o2;netzbetreiber;O2 Mobile Unlimited L Plus mit 300 MBit/s (24 Mon.);;neu;1,00;34,99;45,00;;24;0,00;24;1920,76;;2026-10-10;https://www.o2online.de/e-shop/samsung/samsung-galaxy-s24-ultra-256gb-titanium-black-details?ohne-tarif=nein&zielgruppe=privatkunden&ratenzahlung=36&vertragsart=ratenzahlung&tarif=o2-mobile-on-demand-m-plus;samsung-galaxy-s24-ultra-256gb-titan-schwarz;;
Bündel;Galaxy S24 Ultra;256;o2;netzbetreiber;O2 Mobile Unlimited M mit 100 MBit/s (24 Mon.);XL;neu;1,00;29,99;45,00;;24;0,00;24;1800,76;;2026-10-10;https://www.o2online.de/e-shop/samsung/samsung-galaxy-s24-ultra-256gb-titanium-black-details?ohne-tarif=nein&zielgruppe=privatkunden&ratenzahlung=36&vertragsart=ratenzahlung&tarif=o2-mobile-on-demand-m-plus;samsung-galaxy-s24-ultra-256gb-titan-schwarz;nicht direkt genannt;
Bündel;Galaxy S24 Ultra;256;o2;netzbetreiber;O2 Mobile Unlimited M Plus mit 100 MBit/s (24 Mon.);XL;neu;1,00;24,99;45,00;;24;0,00;24;1680,76;;2026-10-10;https://www.o2online.de/e-shop/samsung/samsung-galaxy-s24-ultra-256gb-titanium-black-details?ohne-tarif=nein&zielgruppe=privatkunden&ratenzahlung=36&vertragsart=ratenzahlung&tarif=o2-mobile-on-demand-m-plus;samsung-galaxy-s24-ultra-256gb-titan-schwarz;;
Bündel;Galaxy S24 Ultra;256;o2;netzbetreiber;O2 Mobile Unlimited S Special mit 15 MBit/s (24 Mon.);XL;neu;1,00;24,99;45,00;;24;39,99;24;1720,75;;2026-10-10;https://www.o2online.de/e-shop/samsung/samsung-galaxy-s24-ultra-256gb-titanium-black-details?ohne-tarif=nein&zielgruppe=privatkunden&ratenzahlung=36&vertragsart=ratenzahlung&tarif=o2-mobile-on-demand-m-plus;samsung-galaxy-s24-ultra-256gb-titan-schwarz;nicht direkt genannt;
Bündel;Galaxy S24 Ultra;256;o2;netzbetreiber;O2 Mobile Unlimited S Special Plus mit 15 MBit/s (24 Mon.);XL;neu;1,00;19,99;45,00;;24;39,99;24;1600,75;;2026-10-10;https://www.o2online.de/e-shop/samsung/samsung-galaxy-s24-ultra-256gb-titanium-black-details?ohne-tarif=nein&zielgruppe=privatkunden&ratenzahlung=36&vertragsart=ratenzahlung&tarif=o2-mobile-on-demand-m-plus;samsung-galaxy-s24-ultra-256gb-titan-schwarz;nicht direkt genannt;
Bündel;Galaxy S25;128;o2;netzbetreiber;O2 Mobile L mit 150 GB+ (24 Mon.);L;neu;7,00;24,99;36,50;;24;0,00;24;1482,76;;2026-10-10;https://www.o2online.de/e-shop/samsung/samsung-galaxy-s25-128gb-navy-details?ohne-tarif=nein&zielgruppe=privatkunden&ratenzahlung=36&vertragsart=ratenzahlung&tarif=o2-mobile-on-demand-m-plus;samsung-galaxy-s25-128gb-blau;nicht direkt genannt;
Bündel;Galaxy S25;128;o2;netzbetreiber;O2 Mobile L Plus mit 150 GB+ (24 Mon.);L;neu;7,00;19,99;36,50;;24;0,00;24;1362,76;;2026-10-10;https://www.o2online.de/e-shop/samsung/samsung-galaxy-s25-128gb-navy-details?ohne-tarif=nein&zielgruppe=privatkunden&ratenzahlung=36&vertragsart=ratenzahlung&tarif=o2-mobile-on-demand-m-plus;samsung-galaxy-s25-128gb-blau;;
Bündel;Galaxy S25;128;o2;netzbetreiber;O2 Mobile on Demand M mit 50 GB+ (24 Mon.);M;neu;7,00;19,99;36,50;;24;39,99;24;1402,75;;2026-10-10;https://www.o2online.de/e-shop/samsung/samsung-galaxy-s25-128gb-navy-details?ohne-tarif=nein&zielgruppe=privatkunden&ratenzahlung=36&vertragsart=ratenzahlung&tarif=o2-mobile-on-demand-m-plus;samsung-galaxy-s25-128gb-blau;nicht direkt genannt;
Bündel;Galaxy S25;128;o2;netzbetreiber;O2 Mobile on Demand M Plus mit 50 GB+ (24 Mon.);M;neu;7,00;14,99;36,50;;24;39,99;24;1282,75;;2026-10-10;https://www.o2online.de/e-shop/samsung/samsung-galaxy-s25-128gb-navy-details?ohne-tarif=nein&zielgruppe=privatkunden&ratenzahlung=36&vertragsart=ratenzahlung&tarif=o2-mobile-on-demand-m-plus;samsung-galaxy-s25-128gb-blau;;
Bündel;Galaxy S25;128;o2;netzbetreiber;O2 Mobile S mit 15 GB+ (24 Mon.);XS;neu;7,00;14,99;36,50;;24;39,99;24;1282,75;;2026-10-10;https://www.o2online.de/e-shop/samsung/samsung-galaxy-s25-128gb-navy-details?ohne-tarif=nein&zielgruppe=privatkunden&ratenzahlung=36&vertragsart=ratenzahlung&tarif=o2-mobile-on-demand-m-plus;samsung-galaxy-s25-128gb-blau;nicht direkt genannt;
Bündel;Galaxy S25;128;o2;netzbetreiber;O2 Mobile Special (24 Mon.);;neu;7,00;14,99;36,50;;24;0,00;24;1242,76;;2026-10-10;https://www.o2online.de/e-shop/samsung/samsung-galaxy-s25-128gb-navy-details?ohne-tarif=nein&zielgruppe=privatkunden&ratenzahlung=36&vertragsart=ratenzahlung&tarif=o2-mobile-on-demand-m-plus;samsung-galaxy-s25-128gb-blau;nicht direkt genannt;
Bündel;Galaxy S25;128;o2;netzbetreiber;O2 Mobile Unlimited L mit 300 MBit/s (24 Mon.);XL;neu;7,00;39,99;36,50;;24;0,00;24;1842,76;;2026-10-10;https://www.o2online.de/e-shop/samsung/samsung-galaxy-s25-128gb-navy-details?ohne-tarif=nein&zielgruppe=privatkunden&ratenzahlung=36&vertragsart=ratenzahlung&tarif=o2-mobile-on-demand-m-plus;samsung-galaxy-s25-128gb-blau;nicht direkt genannt;
Bündel;Galaxy S25;128;o2;netzbetreiber;O2 Mobile Unlimited L Plus mit 300 MBit/s (24 Mon.);;neu;7,00;29,99;36,50;;24;0,00;24;1602,76;;2026-10-10;https://www.o2online.de/e-shop/samsung/samsung-galaxy-s25-128gb-navy-details?ohne-tarif=nein&zielgruppe=privatkunden&ratenzahlung=36&vertragsart=ratenzahlung&tarif=o2-mobile-on-demand-m-plus;samsung-galaxy-s25-128gb-blau;;
Bündel;Galaxy S25;128;o2;netzbetreiber;O2 Mobile Unlimited M mit 100 MBit/s (24 Mon.);XL;neu;7,00;29,99;36,50;;24;0,00;24;1602,76;;2026-10-10;https://www.o2online.de/e-shop/samsung/samsung-galaxy-s25-128gb-navy-details?ohne-tarif=nein&zielgruppe=privatkunden&ratenzahlung=36&vertragsart=ratenzahlung&tarif=o2-mobile-on-demand-m-plus;samsung-galaxy-s25-128gb-blau;nicht direkt genannt;
Bündel;Galaxy S25;128;o2;netzbetreiber;O2 Mobile Unlimited M Plus mit 100 MBit/s (24 Mon.);XL;neu;7,00;19,99;36,50;;24;0,00;24;1362,76;;2026-10-10;https://www.o2online.de/e-shop/samsung/samsung-galaxy-s25-128gb-navy-details?ohne-tarif=nein&zielgruppe=privatkunden&ratenzahlung=36&vertragsart=ratenzahlung&tarif=o2-mobile-on-demand-m-plus;samsung-galaxy-s25-128gb-blau;;
Bündel;Galaxy S25;128;o2;netzbetreiber;O2 Mobile Unlimited S Special mit 15 MBit/s (24 Mon.);XL;neu;7,00;24,99;36,50;;24;39,99;24;1522,75;;2026-10-10;https://www.o2online.de/e-shop/samsung/samsung-galaxy-s25-128gb-navy-details?ohne-tarif=nein&zielgruppe=privatkunden&ratenzahlung=36&vertragsart=ratenzahlung&tarif=o2-mobile-on-demand-m-plus;samsung-galaxy-s25-128gb-blau;nicht direkt genannt;
Bündel;Galaxy S25;128;o2;netzbetreiber;O2 Mobile Unlimited S Special Plus mit 15 MBit/s (24 Mon.);XL;neu;7,00;19,99;36,50;;24;39,99;24;1402,75;;2026-10-10;https://www.o2online.de/e-shop/samsung/samsung-galaxy-s25-128gb-navy-details?ohne-tarif=nein&zielgruppe=privatkunden&ratenzahlung=36&vertragsart=ratenzahlung&tarif=o2-mobile-on-demand-m-plus;samsung-galaxy-s25-128gb-blau;nicht direkt genannt;
Bündel;Galaxy S25;128;o2;netzbetreiber;O2 Mobile L mit 150 GB+ (24 Mon.);L;refurbished;1,00;24,99;24,00;;24;0,00;24;1176,76;;2026-10-10;https://www.o2online.de/e-shop/samsung/samsung-galaxy-s25-128gb-grau-erneuert-details?ohne-tarif=nein&zielgruppe=privatkunden&ratenzahlung=36&vertragsart=ratenzahlung&tarif=o2-mobile-on-demand-m-plus;samsung-galaxy-s25-128gb-grau-refurbished;nicht direkt genannt;
Bündel;Galaxy S25;128;o2;netzbetreiber;O2 Mobile L Plus mit 150 GB+ (24 Mon.);L;refurbished;1,00;19,99;24,00;;24;0,00;24;1056,76;;2026-10-10;https://www.o2online.de/e-shop/samsung/samsung-galaxy-s25-128gb-grau-erneuert-details?ohne-tarif=nein&zielgruppe=privatkunden&ratenzahlung=36&vertragsart=ratenzahlung&tarif=o2-mobile-on-demand-m-plus;samsung-galaxy-s25-128gb-grau-refurbished;nicht direkt genannt;
Bündel;Galaxy S25;128;o2;netzbetreiber;O2 Mobile on Demand M mit 50 GB+ (24 Mon.);M;refurbished;1,00;19,99;24,00;;24;39,99;24;1096,75;;2026-10-10;https://www.o2online.de/e-shop/samsung/samsung-galaxy-s25-128gb-grau-erneuert-details?ohne-tarif=nein&zielgruppe=privatkunden&ratenzahlung=36&vertragsart=ratenzahlung&tarif=o2-mobile-on-demand-m-plus;samsung-galaxy-s25-128gb-grau-refurbished;nicht direkt genannt;
Bündel;Galaxy S25;128;o2;netzbetreiber;O2 Mobile on Demand M Plus mit 50 GB+ (24 Mon.);M;refurbished;1,00;14,99;24,00;;24;39,99;24;976,75;;2026-10-10;https://www.o2online.de/e-shop/samsung/samsung-galaxy-s25-128gb-grau-erneuert-details?ohne-tarif=nein&zielgruppe=privatkunden&ratenzahlung=36&vertragsart=ratenzahlung&tarif=o2-mobile-on-demand-m-plus;samsung-galaxy-s25-128gb-grau-refurbished;;
Bündel;Galaxy S25;128;o2;netzbetreiber;O2 Mobile S mit 15 GB+ (24 Mon.);XS;refurbished;1,00;14,99;24,00;;24;39,99;24;976,75;;2026-10-10;https://www.o2online.de/e-shop/samsung/samsung-galaxy-s25-128gb-grau-erneuert-details?ohne-tarif=nein&zielgruppe=privatkunden&ratenzahlung=36&vertragsart=ratenzahlung&tarif=o2-mobile-on-demand-m-plus;samsung-galaxy-s25-128gb-grau-refurbished;nicht direkt genannt;
Bündel;Galaxy S25;128;o2;netzbetreiber;O2 Mobile Special (24 Mon.);;refurbished;1,00;14,99;24,00;;24;0,00;24;936,76;;2026-10-10;https://www.o2online.de/e-shop/samsung/samsung-galaxy-s25-128gb-grau-erneuert-details?ohne-tarif=nein&zielgruppe=privatkunden&ratenzahlung=36&vertragsart=ratenzahlung&tarif=o2-mobile-on-demand-m-plus;samsung-galaxy-s25-128gb-grau-refurbished;nicht direkt genannt;
Bündel;Galaxy S25;128;o2;netzbetreiber;O2 Mobile Unlimited L mit 300 MBit/s (24 Mon.);XL;refurbished;1,00;39,99;24,00;;24;0,00;24;1536,76;;2026-10-10;https://www.o2online.de/e-shop/samsung/samsung-galaxy-s25-128gb-grau-erneuert-details?ohne-tarif=nein&zielgruppe=privatkunden&ratenzahlung=36&vertragsart=ratenzahlung&tarif=o2-mobile-on-demand-m-plus;samsung-galaxy-s25-128gb-grau-refurbished;nicht direkt genannt;
Bündel;Galaxy S25;128;o2;netzbetreiber;O2 Mobile Unlimited L Plus mit 300 MBit/s (24 Mon.);;refurbished;1,00;29,99;24,00;;24;0,00;24;1296,76;;2026-10-10;https://www.o2online.de/e-shop/samsung/samsung-galaxy-s25-128gb-grau-erneuert-details?ohne-tarif=nein&zielgruppe=privatkunden&ratenzahlung=36&vertragsart=ratenzahlung&tarif=o2-mobile-on-demand-m-plus;samsung-galaxy-s25-128gb-grau-refurbished;nicht direkt genannt;
Bündel;Galaxy S25;128;o2;netzbetreiber;O2 Mobile Unlimited M mit 100 MBit/s (24 Mon.);XL;refurbished;1,00;29,99;24,00;;24;0,00;24;1296,76;;2026-10-10;https://www.o2online.de/e-shop/samsung/samsung-galaxy-s25-128gb-grau-erneuert-details?ohne-tarif=nein&zielgruppe=privatkunden&ratenzahlung=36&vertragsart=ratenzahlung&tarif=o2-mobile-on-demand-m-plus;samsung-galaxy-s25-128gb-grau-refurbished;nicht direkt genannt;
Bündel;Galaxy S25;128;o2;netzbetreiber;O2 Mobile Unlimited M Plus mit 100 MBit/s (24 Mon.);XL;refurbished;1,00;19,99;24,00;;24;0,00;24;1056,76;;2026-10-10;https://www.o2online.de/e-shop/samsung/samsung-galaxy-s25-128gb-grau-erneuert-details?ohne-tarif=nein&zielgruppe=privatkunden&ratenzahlung=36&vertragsart=ratenzahlung&tarif=o2-mobile-on-demand-m-plus;samsung-galaxy-s25-128gb-grau-refurbished;nicht direkt genannt;
Bündel;Galaxy S25;128;o2;netzbetreiber;O2 Mobile Unlimited S Special mit 15 MBit/s (24 Mon.);XL;refurbished;1,00;24,99;24,00;;24;39,99;24;1216,75;;2026-10-10;https://www.o2online.de/e-shop/samsung/samsung-galaxy-s25-128gb-grau-erneuert-details?ohne-tarif=nein&zielgruppe=privatkunden&ratenzahlung=36&vertragsart=ratenzahlung&tarif=o2-mobile-on-demand-m-plus;samsung-galaxy-s25-128gb-grau-refurbished;nicht direkt genannt;
Bündel;Galaxy S25;128;o2;netzbetreiber;O2 Mobile Unlimited S Special Plus mit 15 MBit/s (24 Mon.);XL;refurbished;1,00;19,99;24,00;;24;39,99;24;1096,75;;2026-10-10;https://www.o2online.de/e-shop/samsung/samsung-galaxy-s25-128gb-grau-erneuert-details?ohne-tarif=nein&zielgruppe=privatkunden&ratenzahlung=36&vertragsart=ratenzahlung&tarif=o2-mobile-on-demand-m-plus;samsung-galaxy-s25-128gb-grau-refurbished;nicht direkt genannt;
Bündel;Galaxy S25;256;o2;netzbetreiber;O2 Mobile L mit 150 GB+ (24 Mon.);L;neu;7,00;24,99;39,50;;24;0,00;24;1554,76;;2026-10-10;https://www.o2online.de/e-shop/samsung/samsung-galaxy-s25-256gb-blueblack-details?ohne-tarif=nein&zielgruppe=privatkunden&ratenzahlung=36&vertragsart=ratenzahlung&tarif=o2-mobile-on-demand-m-plus;samsung-galaxy-s25-256gb-blueblack;nicht direkt genannt;
Bündel;Galaxy S25;256;o2;netzbetreiber;O2 Mobile L Plus mit 150 GB+ (24 Mon.);L;neu;7,00;19,99;39,50;;24;0,00;24;1434,76;;2026-10-10;https://www.o2online.de/e-shop/samsung/samsung-galaxy-s25-256gb-blueblack-details?ohne-tarif=nein&zielgruppe=privatkunden&ratenzahlung=36&vertragsart=ratenzahlung&tarif=o2-mobile-on-demand-m-plus;samsung-galaxy-s25-256gb-blueblack;;
Bündel;Galaxy S25;256;o2;netzbetreiber;O2 Mobile on Demand M mit 50 GB+ (24 Mon.);M;neu;7,00;19,99;39,50;;24;39,99;24;1474,75;;2026-10-10;https://www.o2online.de/e-shop/samsung/samsung-galaxy-s25-256gb-blueblack-details?ohne-tarif=nein&zielgruppe=privatkunden&ratenzahlung=36&vertragsart=ratenzahlung&tarif=o2-mobile-on-demand-m-plus;samsung-galaxy-s25-256gb-blueblack;nicht direkt genannt;
Bündel;Galaxy S25;256;o2;netzbetreiber;O2 Mobile on Demand M Plus mit 50 GB+ (24 Mon.);M;neu;7,00;14,99;39,50;;24;39,99;24;1354,75;;2026-10-10;https://www.o2online.de/e-shop/samsung/samsung-galaxy-s25-256gb-blueblack-details?ohne-tarif=nein&zielgruppe=privatkunden&ratenzahlung=36&vertragsart=ratenzahlung&tarif=o2-mobile-on-demand-m-plus;samsung-galaxy-s25-256gb-blueblack;;
Bündel;Galaxy S25;256;o2;netzbetreiber;O2 Mobile S mit 15 GB+ (24 Mon.);XS;neu;7,00;14,99;39,50;;24;39,99;24;1354,75;;2026-10-10;https://www.o2online.de/e-shop/samsung/samsung-galaxy-s25-256gb-blueblack-details?ohne-tarif=nein&zielgruppe=privatkunden&ratenzahlung=36&vertragsart=ratenzahlung&tarif=o2-mobile-on-demand-m-plus;samsung-galaxy-s25-256gb-blueblack;nicht direkt genannt;
Bündel;Galaxy S25;256;o2;netzbetreiber;O2 Mobile Special (24 Mon.);;neu;7,00;14,99;39,50;;24;0,00;24;1314,76;;2026-10-10;https://www.o2online.de/e-shop/samsung/samsung-galaxy-s25-256gb-blueblack-details?ohne-tarif=nein&zielgruppe=privatkunden&ratenzahlung=36&vertragsart=ratenzahlung&tarif=o2-mobile-on-demand-m-plus;samsung-galaxy-s25-256gb-blueblack;nicht direkt genannt;
Bündel;Galaxy S25;256;o2;netzbetreiber;O2 Mobile Unlimited L mit 300 MBit/s (24 Mon.);XL;neu;7,00;39,99;39,50;;24;0,00;24;1914,76;;2026-10-10;https://www.o2online.de/e-shop/samsung/samsung-galaxy-s25-256gb-blueblack-details?ohne-tarif=nein&zielgruppe=privatkunden&ratenzahlung=36&vertragsart=ratenzahlung&tarif=o2-mobile-on-demand-m-plus;samsung-galaxy-s25-256gb-blueblack;nicht direkt genannt;
Bündel;Galaxy S25;256;o2;netzbetreiber;O2 Mobile Unlimited L Plus mit 300 MBit/s (24 Mon.);;neu;7,00;29,99;39,50;;24;0,00;24;1674,76;;2026-10-10;https://www.o2online.de/e-shop/samsung/samsung-galaxy-s25-256gb-blueblack-details?ohne-tarif=nein&zielgruppe=privatkunden&ratenzahlung=36&vertragsart=ratenzahlung&tarif=o2-mobile-on-demand-m-plus;samsung-galaxy-s25-256gb-blueblack;;
Bündel;Galaxy S25;256;o2;netzbetreiber;O2 Mobile Unlimited M mit 100 MBit/s (24 Mon.);XL;neu;7,00;29,99;39,50;;24;0,00;24;1674,76;;2026-10-10;https://www.o2online.de/e-shop/samsung/samsung-galaxy-s25-256gb-blueblack-details?ohne-tarif=nein&zielgruppe=privatkunden&ratenzahlung=36&vertragsart=ratenzahlung&tarif=o2-mobile-on-demand-m-plus;samsung-galaxy-s25-256gb-blueblack;nicht direkt genannt;
Bündel;Galaxy S25;256;o2;netzbetreiber;O2 Mobile Unlimited M Plus mit 100 MBit/s (24 Mon.);XL;neu;7,00;19,99;39,50;;24;0,00;24;1434,76;;2026-10-10;https://www.o2online.de/e-shop/samsung/samsung-galaxy-s25-256gb-blueblack-details?ohne-tarif=nein&zielgruppe=privatkunden&ratenzahlung=36&vertragsart=ratenzahlung&tarif=o2-mobile-on-demand-m-plus;samsung-galaxy-s25-256gb-blueblack;;
Bündel;Galaxy S25;256;o2;netzbetreiber;O2 Mobile Unlimited S Special mit 15 MBit/s (24 Mon.);XL;neu;7,00;24,99;39,50;;24;39,99;24;1594,75;;2026-10-10;https://www.o2online.de/e-shop/samsung/samsung-galaxy-s25-256gb-blueblack-details?ohne-tarif=nein&zielgruppe=privatkunden&ratenzahlung=36&vertragsart=ratenzahlung&tarif=o2-mobile-on-demand-m-plus;samsung-galaxy-s25-256gb-blueblack;nicht direkt genannt;
Bündel;Galaxy S25;256;o2;netzbetreiber;O2 Mobile Unlimited S Special Plus mit 15 MBit/s (24 Mon.);XL;neu;7,00;19,99;39,50;;24;39,99;24;1474,75;;2026-10-10;https://www.o2online.de/e-shop/samsung/samsung-galaxy-s25-256gb-blueblack-details?ohne-tarif=nein&zielgruppe=privatkunden&ratenzahlung=36&vertragsart=ratenzahlung&tarif=o2-mobile-on-demand-m-plus;samsung-galaxy-s25-256gb-blueblack;nicht direkt genannt;
Bündel;Galaxy S25 FE;128;o2;netzbetreiber;O2 Mobile L mit 150 GB+ (24 Mon.);L;neu;7,00;24,99;32,00;;24;0,00;24;1374,76;;2026-10-10;https://www.o2online.de/e-shop/samsung/samsung-galaxy-s25-fe-128gb-navy-details?ohne-tarif=nein&zielgruppe=privatkunden&ratenzahlung=36&vertragsart=ratenzahlung&tarif=o2-mobile-on-demand-m-plus;samsung-galaxy-s25-fe-128gb-blau;nicht direkt genannt;
Bündel;Galaxy S25 FE;128;o2;netzbetreiber;O2 Mobile L Plus mit 150 GB+ (24 Mon.);L;neu;7,00;19,99;32,00;;24;0,00;24;1254,76;;2026-10-10;https://www.o2online.de/e-shop/samsung/samsung-galaxy-s25-fe-128gb-navy-details?ohne-tarif=nein&zielgruppe=privatkunden&ratenzahlung=36&vertragsart=ratenzahlung&tarif=o2-mobile-on-demand-m-plus;samsung-galaxy-s25-fe-128gb-blau;;
Bündel;Galaxy S25 FE;128;o2;netzbetreiber;O2 Mobile on Demand M mit 50 GB+ (24 Mon.);M;neu;7,00;19,99;32,00;;24;39,99;24;1294,75;;2026-10-10;https://www.o2online.de/e-shop/samsung/samsung-galaxy-s25-fe-128gb-navy-details?ohne-tarif=nein&zielgruppe=privatkunden&ratenzahlung=36&vertragsart=ratenzahlung&tarif=o2-mobile-on-demand-m-plus;samsung-galaxy-s25-fe-128gb-blau;nicht direkt genannt;
Bündel;Galaxy S25 FE;128;o2;netzbetreiber;O2 Mobile on Demand M Plus mit 50 GB+ (24 Mon.);M;neu;7,00;14,99;32,00;;24;39,99;24;1174,75;;2026-10-10;https://www.o2online.de/e-shop/samsung/samsung-galaxy-s25-fe-128gb-navy-details?ohne-tarif=nein&zielgruppe=privatkunden&ratenzahlung=36&vertragsart=ratenzahlung&tarif=o2-mobile-on-demand-m-plus;samsung-galaxy-s25-fe-128gb-blau;;
Bündel;Galaxy S25 FE;128;o2;netzbetreiber;O2 Mobile S mit 15 GB+ (24 Mon.);XS;neu;7,00;14,99;32,00;;24;39,99;24;1174,75;;2026-10-10;https://www.o2online.de/e-shop/samsung/samsung-galaxy-s25-fe-128gb-navy-details?ohne-tarif=nein&zielgruppe=privatkunden&ratenzahlung=36&vertragsart=ratenzahlung&tarif=o2-mobile-on-demand-m-plus;samsung-galaxy-s25-fe-128gb-blau;nicht direkt genannt;
Bündel;Galaxy S25 FE;128;o2;netzbetreiber;O2 Mobile Special (24 Mon.);;neu;7,00;14,99;32,00;;24;0,00;24;1134,76;;2026-10-10;https://www.o2online.de/e-shop/samsung/samsung-galaxy-s25-fe-128gb-navy-details?ohne-tarif=nein&zielgruppe=privatkunden&ratenzahlung=36&vertragsart=ratenzahlung&tarif=o2-mobile-on-demand-m-plus;samsung-galaxy-s25-fe-128gb-blau;nicht direkt genannt;
Bündel;Galaxy S25 FE;128;o2;netzbetreiber;O2 Mobile Unlimited L mit 300 MBit/s (24 Mon.);XL;neu;7,00;39,99;32,00;;24;0,00;24;1734,76;;2026-10-10;https://www.o2online.de/e-shop/samsung/samsung-galaxy-s25-fe-128gb-navy-details?ohne-tarif=nein&zielgruppe=privatkunden&ratenzahlung=36&vertragsart=ratenzahlung&tarif=o2-mobile-on-demand-m-plus;samsung-galaxy-s25-fe-128gb-blau;nicht direkt genannt;
Bündel;Galaxy S25 FE;128;o2;netzbetreiber;O2 Mobile Unlimited L Plus mit 300 MBit/s (24 Mon.);;neu;7,00;29,99;32,00;;24;0,00;24;1494,76;;2026-10-10;https://www.o2online.de/e-shop/samsung/samsung-galaxy-s25-fe-128gb-navy-details?ohne-tarif=nein&zielgruppe=privatkunden&ratenzahlung=36&vertragsart=ratenzahlung&tarif=o2-mobile-on-demand-m-plus;samsung-galaxy-s25-fe-128gb-blau;;
Bündel;Galaxy S25 FE;128;o2;netzbetreiber;O2 Mobile Unlimited M mit 100 MBit/s (24 Mon.);XL;neu;7,00;29,99;32,00;;24;0,00;24;1494,76;;2026-10-10;https://www.o2online.de/e-shop/samsung/samsung-galaxy-s25-fe-128gb-navy-details?ohne-tarif=nein&zielgruppe=privatkunden&ratenzahlung=36&vertragsart=ratenzahlung&tarif=o2-mobile-on-demand-m-plus;samsung-galaxy-s25-fe-128gb-blau;nicht direkt genannt;
Bündel;Galaxy S25 FE;128;o2;netzbetreiber;O2 Mobile Unlimited M Plus mit 100 MBit/s (24 Mon.);XL;neu;7,00;19,99;32,00;;24;0,00;24;1254,76;;2026-10-10;https://www.o2online.de/e-shop/samsung/samsung-galaxy-s25-fe-128gb-navy-details?ohne-tarif=nein&zielgruppe=privatkunden&ratenzahlung=36&vertragsart=ratenzahlung&tarif=o2-mobile-on-demand-m-plus;samsung-galaxy-s25-fe-128gb-blau;;
Bündel;Galaxy S25 FE;128;o2;netzbetreiber;O2 Mobile Unlimited S Special mit 15 MBit/s (24 Mon.);XL;neu;7,00;24,99;32,00;;24;39,99;24;1414,75;;2026-10-10;https://www.o2online.de/e-shop/samsung/samsung-galaxy-s25-fe-128gb-navy-details?ohne-tarif=nein&zielgruppe=privatkunden&ratenzahlung=36&vertragsart=ratenzahlung&tarif=o2-mobile-on-demand-m-plus;samsung-galaxy-s25-fe-128gb-blau;nicht direkt genannt;
Bündel;Galaxy S25 FE;128;o2;netzbetreiber;O2 Mobile Unlimited S Special Plus mit 15 MBit/s (24 Mon.);XL;neu;7,00;19,99;32,00;;24;39,99;24;1294,75;;2026-10-10;https://www.o2online.de/e-shop/samsung/samsung-galaxy-s25-fe-128gb-navy-details?ohne-tarif=nein&zielgruppe=privatkunden&ratenzahlung=36&vertragsart=ratenzahlung&tarif=o2-mobile-on-demand-m-plus;samsung-galaxy-s25-fe-128gb-blau;nicht direkt genannt;
Bündel;Galaxy S25 Ultra;256;o2;netzbetreiber;O2 Mobile L mit 150 GB+ (24 Mon.);L;refurbished;1,00;24,99;37,00;;24;0,00;24;1488,76;;2026-10-10;https://www.o2online.de/e-shop/samsung/samsung-galaxy-s25-ultra-256gb-titanium-silverblue-erneuert-details?ohne-tarif=nein&zielgruppe=privatkunden&ratenzahlung=36&vertragsart=ratenzahlung&tarif=o2-mobile-on-demand-m-plus;samsung-galaxy-s25-ultra-256gb-titan-blau-refurbished;nicht direkt genannt;
Bündel;Galaxy S25 Ultra;256;o2;netzbetreiber;O2 Mobile L Plus mit 150 GB+ (24 Mon.);L;refurbished;1,00;19,99;37,00;;24;0,00;24;1368,76;;2026-10-10;https://www.o2online.de/e-shop/samsung/samsung-galaxy-s25-ultra-256gb-titanium-silverblue-erneuert-details?ohne-tarif=nein&zielgruppe=privatkunden&ratenzahlung=36&vertragsart=ratenzahlung&tarif=o2-mobile-on-demand-m-plus;samsung-galaxy-s25-ultra-256gb-titan-blau-refurbished;nicht direkt genannt;
Bündel;Galaxy S25 Ultra;256;o2;netzbetreiber;O2 Mobile on Demand M mit 50 GB+ (24 Mon.);M;refurbished;1,00;19,99;37,00;;24;39,99;24;1408,75;;2026-10-10;https://www.o2online.de/e-shop/samsung/samsung-galaxy-s25-ultra-256gb-titanium-silverblue-erneuert-details?ohne-tarif=nein&zielgruppe=privatkunden&ratenzahlung=36&vertragsart=ratenzahlung&tarif=o2-mobile-on-demand-m-plus;samsung-galaxy-s25-ultra-256gb-titan-blau-refurbished;nicht direkt genannt;
Bündel;Galaxy S25 Ultra;256;o2;netzbetreiber;O2 Mobile on Demand M Plus mit 50 GB+ (24 Mon.);M;refurbished;1,00;14,99;37,00;;24;39,99;24;1288,75;;2026-10-10;https://www.o2online.de/e-shop/samsung/samsung-galaxy-s25-ultra-256gb-titanium-silverblue-erneuert-details?ohne-tarif=nein&zielgruppe=privatkunden&ratenzahlung=36&vertragsart=ratenzahlung&tarif=o2-mobile-on-demand-m-plus;samsung-galaxy-s25-ultra-256gb-titan-blau-refurbished;;
Bündel;Galaxy S25 Ultra;256;o2;netzbetreiber;O2 Mobile S mit 15 GB+ (24 Mon.);XS;refurbished;1,00;14,99;37,00;;24;39,99;24;1288,75;;2026-10-10;https://www.o2online.de/e-shop/samsung/samsung-galaxy-s25-ultra-256gb-titanium-silverblue-erneuert-details?ohne-tarif=nein&zielgruppe=privatkunden&ratenzahlung=36&vertragsart=ratenzahlung&tarif=o2-mobile-on-demand-m-plus;samsung-galaxy-s25-ultra-256gb-titan-blau-refurbished;nicht direkt genannt;
Bündel;Galaxy S25 Ultra;256;o2;netzbetreiber;O2 Mobile Special (24 Mon.);;refurbished;1,00;14,99;37,00;;24;0,00;24;1248,76;;2026-10-10;https://www.o2online.de/e-shop/samsung/samsung-galaxy-s25-ultra-256gb-titanium-silverblue-erneuert-details?ohne-tarif=nein&zielgruppe=privatkunden&ratenzahlung=36&vertragsart=ratenzahlung&tarif=o2-mobile-on-demand-m-plus;samsung-galaxy-s25-ultra-256gb-titan-blau-refurbished;nicht direkt genannt;
Bündel;Galaxy S25 Ultra;256;o2;netzbetreiber;O2 Mobile Unlimited L mit 300 MBit/s (24 Mon.);XL;refurbished;1,00;39,99;37,00;;24;0,00;24;1848,76;;2026-10-10;https://www.o2online.de/e-shop/samsung/samsung-galaxy-s25-ultra-256gb-titanium-silverblue-erneuert-details?ohne-tarif=nein&zielgruppe=privatkunden&ratenzahlung=36&vertragsart=ratenzahlung&tarif=o2-mobile-on-demand-m-plus;samsung-galaxy-s25-ultra-256gb-titan-blau-refurbished;nicht direkt genannt;
Bündel;Galaxy S25 Ultra;256;o2;netzbetreiber;O2 Mobile Unlimited L Plus mit 300 MBit/s (24 Mon.);;refurbished;1,00;29,99;37,00;;24;0,00;24;1608,76;;2026-10-10;https://www.o2online.de/e-shop/samsung/samsung-galaxy-s25-ultra-256gb-titanium-silverblue-erneuert-details?ohne-tarif=nein&zielgruppe=privatkunden&ratenzahlung=36&vertragsart=ratenzahlung&tarif=o2-mobile-on-demand-m-plus;samsung-galaxy-s25-ultra-256gb-titan-blau-refurbished;nicht direkt genannt;
Bündel;Galaxy S25 Ultra;256;o2;netzbetreiber;O2 Mobile Unlimited M mit 100 MBit/s (24 Mon.);XL;refurbished;1,00;29,99;37,00;;24;0,00;24;1608,76;;2026-10-10;https://www.o2online.de/e-shop/samsung/samsung-galaxy-s25-ultra-256gb-titanium-silverblue-erneuert-details?ohne-tarif=nein&zielgruppe=privatkunden&ratenzahlung=36&vertragsart=ratenzahlung&tarif=o2-mobile-on-demand-m-plus;samsung-galaxy-s25-ultra-256gb-titan-blau-refurbished;nicht direkt genannt;
Bündel;Galaxy S25 Ultra;256;o2;netzbetreiber;O2 Mobile Unlimited M Plus mit 100 MBit/s (24 Mon.);XL;refurbished;1,00;19,99;37,00;;24;0,00;24;1368,76;;2026-10-10;https://www.o2online.de/e-shop/samsung/samsung-galaxy-s25-ultra-256gb-titanium-silverblue-erneuert-details?ohne-tarif=nein&zielgruppe=privatkunden&ratenzahlung=36&vertragsart=ratenzahlung&tarif=o2-mobile-on-demand-m-plus;samsung-galaxy-s25-ultra-256gb-titan-blau-refurbished;nicht direkt genannt;
Bündel;Galaxy S25 Ultra;256;o2;netzbetreiber;O2 Mobile Unlimited S Special mit 15 MBit/s (24 Mon.);XL;refurbished;1,00;24,99;37,00;;24;39,99;24;1528,75;;2026-10-10;https://www.o2online.de/e-shop/samsung/samsung-galaxy-s25-ultra-256gb-titanium-silverblue-erneuert-details?ohne-tarif=nein&zielgruppe=privatkunden&ratenzahlung=36&vertragsart=ratenzahlung&tarif=o2-mobile-on-demand-m-plus;samsung-galaxy-s25-ultra-256gb-titan-blau-refurbished;nicht direkt genannt;
Bündel;Galaxy S25 Ultra;256;o2;netzbetreiber;O2 Mobile Unlimited S Special Plus mit 15 MBit/s (24 Mon.);XL;refurbished;1,00;19,99;37,00;;24;39,99;24;1408,75;;2026-10-10;https://www.o2online.de/e-shop/samsung/samsung-galaxy-s25-ultra-256gb-titanium-silverblue-erneuert-details?ohne-tarif=nein&zielgruppe=privatkunden&ratenzahlung=36&vertragsart=ratenzahlung&tarif=o2-mobile-on-demand-m-plus;samsung-galaxy-s25-ultra-256gb-titan-blau-refurbished;nicht direkt genannt;
Bündel;Galaxy S25 Ultra;256;o2;netzbetreiber;O2 Mobile L mit 150 GB+ (24 Mon.);L;neu;1,00;24,99;45,00;;24;0,00;24;1680,76;;2026-10-10;https://www.o2online.de/e-shop/samsung/samsung-galaxy-s25-ultra-256gb-titanium-black-details?ohne-tarif=nein&zielgruppe=privatkunden&ratenzahlung=36&vertragsart=ratenzahlung&tarif=o2-mobile-on-demand-m-plus;samsung-galaxy-s25-ultra-256gb-titan-grau;nicht direkt genannt;
Bündel;Galaxy S25 Ultra;256;o2;netzbetreiber;O2 Mobile L Plus mit 150 GB+ (24 Mon.);L;neu;1,00;19,99;45,00;;24;0,00;24;1560,76;;2026-10-10;https://www.o2online.de/e-shop/samsung/samsung-galaxy-s25-ultra-256gb-titanium-black-details?ohne-tarif=nein&zielgruppe=privatkunden&ratenzahlung=36&vertragsart=ratenzahlung&tarif=o2-mobile-on-demand-m-plus;samsung-galaxy-s25-ultra-256gb-titan-grau;;
Bündel;Galaxy S25 Ultra;256;o2;netzbetreiber;O2 Mobile on Demand M mit 50 GB+ (24 Mon.);M;neu;1,00;19,99;45,00;;24;39,99;24;1600,75;;2026-10-10;https://www.o2online.de/e-shop/samsung/samsung-galaxy-s25-ultra-256gb-titanium-black-details?ohne-tarif=nein&zielgruppe=privatkunden&ratenzahlung=36&vertragsart=ratenzahlung&tarif=o2-mobile-on-demand-m-plus;samsung-galaxy-s25-ultra-256gb-titan-grau;nicht direkt genannt;
Bündel;Galaxy S25 Ultra;256;o2;netzbetreiber;O2 Mobile on Demand M Plus mit 50 GB+ (24 Mon.);M;neu;1,00;14,99;45,00;;24;39,99;24;1480,75;;2026-10-10;https://www.o2online.de/e-shop/samsung/samsung-galaxy-s25-ultra-256gb-titanium-black-details?ohne-tarif=nein&zielgruppe=privatkunden&ratenzahlung=36&vertragsart=ratenzahlung&tarif=o2-mobile-on-demand-m-plus;samsung-galaxy-s25-ultra-256gb-titan-grau;;
Bündel;Galaxy S25 Ultra;256;o2;netzbetreiber;O2 Mobile S mit 15 GB+ (24 Mon.);XS;neu;1,00;14,99;45,00;;24;39,99;24;1480,75;;2026-10-10;https://www.o2online.de/e-shop/samsung/samsung-galaxy-s25-ultra-256gb-titanium-black-details?ohne-tarif=nein&zielgruppe=privatkunden&ratenzahlung=36&vertragsart=ratenzahlung&tarif=o2-mobile-on-demand-m-plus;samsung-galaxy-s25-ultra-256gb-titan-grau;nicht direkt genannt;
Bündel;Galaxy S25 Ultra;256;o2;netzbetreiber;O2 Mobile Special (24 Mon.);;neu;1,00;14,99;45,00;;24;0,00;24;1440,76;;2026-10-10;https://www.o2online.de/e-shop/samsung/samsung-galaxy-s25-ultra-256gb-titanium-black-details?ohne-tarif=nein&zielgruppe=privatkunden&ratenzahlung=36&vertragsart=ratenzahlung&tarif=o2-mobile-on-demand-m-plus;samsung-galaxy-s25-ultra-256gb-titan-grau;nicht direkt genannt;
Bündel;Galaxy S25 Ultra;256;o2;netzbetreiber;O2 Mobile Unlimited L mit 300 MBit/s (24 Mon.);XL;neu;1,00;39,99;45,00;;24;0,00;24;2040,76;;2026-10-10;https://www.o2online.de/e-shop/samsung/samsung-galaxy-s25-ultra-256gb-titanium-black-details?ohne-tarif=nein&zielgruppe=privatkunden&ratenzahlung=36&vertragsart=ratenzahlung&tarif=o2-mobile-on-demand-m-plus;samsung-galaxy-s25-ultra-256gb-titan-grau;nicht direkt genannt;
Bündel;Galaxy S25 Ultra;256;o2;netzbetreiber;O2 Mobile Unlimited L Plus mit 300 MBit/s (24 Mon.);;neu;1,00;29,99;45,00;;24;0,00;24;1800,76;;2026-10-10;https://www.o2online.de/e-shop/samsung/samsung-galaxy-s25-ultra-256gb-titanium-black-details?ohne-tarif=nein&zielgruppe=privatkunden&ratenzahlung=36&vertragsart=ratenzahlung&tarif=o2-mobile-on-demand-m-plus;samsung-galaxy-s25-ultra-256gb-titan-grau;;
Bündel;Galaxy S25 Ultra;256;o2;netzbetreiber;O2 Mobile Unlimited M mit 100 MBit/s (24 Mon.);XL;neu;1,00;29,99;45,00;;24;0,00;24;1800,76;;2026-10-10;https://www.o2online.de/e-shop/samsung/samsung-galaxy-s25-ultra-256gb-titanium-black-details?ohne-tarif=nein&zielgruppe=privatkunden&ratenzahlung=36&vertragsart=ratenzahlung&tarif=o2-mobile-on-demand-m-plus;samsung-galaxy-s25-ultra-256gb-titan-grau;nicht direkt genannt;
Bündel;Galaxy S25 Ultra;256;o2;netzbetreiber;O2 Mobile Unlimited M Plus mit 100 MBit/s (24 Mon.);XL;neu;1,00;19,99;45,00;;24;0,00;24;1560,76;;2026-10-10;https://www.o2online.de/e-shop/samsung/samsung-galaxy-s25-ultra-256gb-titanium-black-details?ohne-tarif=nein&zielgruppe=privatkunden&ratenzahlung=36&vertragsart=ratenzahlung&tarif=o2-mobile-on-demand-m-plus;samsung-galaxy-s25-ultra-256gb-titan-grau;;
Bündel;Galaxy S25 Ultra;256;o2;netzbetreiber;O2 Mobile Unlimited S Special mit 15 MBit/s (24 Mon.);XL;neu;1,00;24,99;45,00;;24;39,99;24;1720,75;;2026-10-10;https://www.o2online.de/e-shop/samsung/samsung-galaxy-s25-ultra-256gb-titanium-black-details?ohne-tarif=nein&zielgruppe=privatkunden&ratenzahlung=36&vertragsart=ratenzahlung&tarif=o2-mobile-on-demand-m-plus;samsung-galaxy-s25-ultra-256gb-titan-grau;nicht direkt genannt;
Bündel;Galaxy S25 Ultra;256;o2;netzbetreiber;O2 Mobile Unlimited S Special Plus mit 15 MBit/s (24 Mon.);XL;neu;1,00;19,99;45,00;;24;39,99;24;1600,75;;2026-10-10;https://www.o2online.de/e-shop/samsung/samsung-galaxy-s25-ultra-256gb-titanium-black-details?ohne-tarif=nein&zielgruppe=privatkunden&ratenzahlung=36&vertragsart=ratenzahlung&tarif=o2-mobile-on-demand-m-plus;samsung-galaxy-s25-ultra-256gb-titan-grau;nicht direkt genannt;
Bündel;Galaxy S25 Ultra;256;o2;netzbetreiber;O2 Mobile L mit 150 GB+ (24 Mon.);L;neu;1,00;24,99;45,00;;24;0,00;24;1680,76;;2026-10-09;https://www.o2online.de/e-shop/samsung/samsung-galaxy-s25-ultra-256gb-titanium-black-details?ohne-tarif=nein&zielgruppe=privatkunden&ratenzahlung=36&vertragsart=ratenzahlung&tarif=o2-mobile-on-demand-m-plus;samsung-galaxy-s25-ultra-256gb-titan-schwarz;nicht direkt genannt;
Bündel;Galaxy S25 Ultra;256;o2;netzbetreiber;O2 Mobile L Plus mit 150 GB+ (24 Mon.);L;neu;1,00;19,99;45,00;;24;0,00;24;1560,76;;2026-10-09;https://www.o2online.de/e-shop/samsung/samsung-galaxy-s25-ultra-256gb-titanium-black-details?ohne-tarif=nein&zielgruppe=privatkunden&ratenzahlung=36&vertragsart=ratenzahlung&tarif=o2-mobile-on-demand-m-plus;samsung-galaxy-s25-ultra-256gb-titan-schwarz;nicht direkt genannt;
Bündel;Galaxy S25 Ultra;256;o2;netzbetreiber;O2 Mobile on Demand M mit 50 GB+ (24 Mon.);M;neu;1,00;19,99;45,00;;24;39,99;24;1600,75;;2026-10-09;https://www.o2online.de/e-shop/samsung/samsung-galaxy-s25-ultra-256gb-titanium-black-details?ohne-tarif=nein&zielgruppe=privatkunden&ratenzahlung=36&vertragsart=ratenzahlung&tarif=o2-mobile-on-demand-m-plus;samsung-galaxy-s25-ultra-256gb-titan-schwarz;nicht direkt genannt;
Bündel;Galaxy S25 Ultra;256;o2;netzbetreiber;O2 Mobile on Demand M Plus mit 50 GB+ (24 Mon.);M;neu;1,00;14,99;45,00;;24;39,99;24;1480,75;;2026-10-09;https://www.o2online.de/e-shop/samsung/samsung-galaxy-s25-ultra-256gb-titanium-black-details?ohne-tarif=nein&zielgruppe=privatkunden&ratenzahlung=36&vertragsart=ratenzahlung&tarif=o2-mobile-on-demand-m-plus;samsung-galaxy-s25-ultra-256gb-titan-schwarz;;
Bündel;Galaxy S25 Ultra;256;o2;netzbetreiber;O2 Mobile S mit 15 GB+ (24 Mon.);XS;neu;1,00;14,99;45,00;;24;39,99;24;1480,75;;2026-10-09;https://www.o2online.de/e-shop/samsung/samsung-galaxy-s25-ultra-256gb-titanium-black-details?ohne-tarif=nein&zielgruppe=privatkunden&ratenzahlung=36&vertragsart=ratenzahlung&tarif=o2-mobile-on-demand-m-plus;samsung-galaxy-s25-ultra-256gb-titan-schwarz;nicht direkt genannt;
Bündel;Galaxy S25 Ultra;256;o2;netzbetreiber;O2 Mobile Special (24 Mon.);;neu;1,00;14,99;45,00;;24;0,00;24;1440,76;;2026-10-09;https://www.o2online.de/e-shop/samsung/samsung-galaxy-s25-ultra-256gb-titanium-black-details?ohne-tarif=nein&zielgruppe=privatkunden&ratenzahlung=36&vertragsart=ratenzahlung&tarif=o2-mobile-on-demand-m-plus;samsung-galaxy-s25-ultra-256gb-titan-schwarz;nicht direkt genannt;
Bündel;Galaxy S25 Ultra;256;o2;netzbetreiber;O2 Mobile Unlimited L mit 300 MBit/s (24 Mon.);XL;neu;1,00;39,99;45,00;;24;0,00;24;2040,76;;2026-10-09;https://www.o2online.de/e-shop/samsung/samsung-galaxy-s25-ultra-256gb-titanium-black-details?ohne-tarif=nein&zielgruppe=privatkunden&ratenzahlung=36&vertragsart=ratenzahlung&tarif=o2-mobile-on-demand-m-plus;samsung-galaxy-s25-ultra-256gb-titan-schwarz;nicht direkt genannt;
Bündel;Galaxy S25 Ultra;256;o2;netzbetreiber;O2 Mobile Unlimited L Plus mit 300 MBit/s (24 Mon.);;neu;1,00;29,99;45,00;;24;0,00;24;1800,76;;2026-10-09;https://www.o2online.de/e-shop/samsung/samsung-galaxy-s25-ultra-256gb-titanium-black-details?ohne-tarif=nein&zielgruppe=privatkunden&ratenzahlung=36&vertragsart=ratenzahlung&tarif=o2-mobile-on-demand-m-plus;samsung-galaxy-s25-ultra-256gb-titan-schwarz;nicht direkt genannt;
Bündel;Galaxy S25 Ultra;256;o2;netzbetreiber;O2 Mobile Unlimited M mit 100 MBit/s (24 Mon.);XL;neu;1,00;29,99;45,00;;24;0,00;24;1800,76;;2026-10-09;https://www.o2online.de/e-shop/samsung/samsung-galaxy-s25-ultra-256gb-titanium-black-details?ohne-tarif=nein&zielgruppe=privatkunden&ratenzahlung=36&vertragsart=ratenzahlung&tarif=o2-mobile-on-demand-m-plus;samsung-galaxy-s25-ultra-256gb-titan-schwarz;nicht direkt genannt;
Bündel;Galaxy S25 Ultra;256;o2;netzbetreiber;O2 Mobile Unlimited M Plus mit 100 MBit/s (24 Mon.);XL;neu;1,00;19,99;45,00;;24;0,00;24;1560,76;;2026-10-09;https://www.o2online.de/e-shop/samsung/samsung-galaxy-s25-ultra-256gb-titanium-black-details?ohne-tarif=nein&zielgruppe=privatkunden&ratenzahlung=36&vertragsart=ratenzahlung&tarif=o2-mobile-on-demand-m-plus;samsung-galaxy-s25-ultra-256gb-titan-schwarz;nicht direkt genannt;
Bündel;Galaxy S25 Ultra;256;o2;netzbetreiber;O2 Mobile Unlimited S Special mit 15 MBit/s (24 Mon.);XL;neu;1,00;24,99;45,00;;24;39,99;24;1720,75;;2026-10-09;https://www.o2online.de/e-shop/samsung/samsung-galaxy-s25-ultra-256gb-titanium-black-details?ohne-tarif=nein&zielgruppe=privatkunden&ratenzahlung=36&vertragsart=ratenzahlung&tarif=o2-mobile-on-demand-m-plus;samsung-galaxy-s25-ultra-256gb-titan-schwarz;nicht direkt genannt;
Bündel;Galaxy S25 Ultra;256;o2;netzbetreiber;O2 Mobile Unlimited S Special Plus mit 15 MBit/s (24 Mon.);XL;neu;1,00;19,99;45,00;;24;39,99;24;1600,75;;2026-10-09;https://www.o2online.de/e-shop/samsung/samsung-galaxy-s25-ultra-256gb-titanium-black-details?ohne-tarif=nein&zielgruppe=privatkunden&ratenzahlung=36&vertragsart=ratenzahlung&tarif=o2-mobile-on-demand-m-plus;samsung-galaxy-s25-ultra-256gb-titan-schwarz;nicht direkt genannt;
Bündel;Galaxy S26;256;o2;netzbetreiber;O2 Mobile L mit 150 GB+ (24 Mon.);L;neu;7,00;24,99;39,50;;24;0,00;24;1554,76;;2026-10-10;https://www.o2online.de/e-shop/samsung/samsung-galaxy-s26-256gb-cobalt-violet-details?ohne-tarif=nein&zielgruppe=privatkunden&ratenzahlung=36&vertragsart=ratenzahlung&tarif=o2-mobile-unlimited-m-plus;samsung-galaxy-s26-256gb-cobalt-violet;nicht direkt genannt;
Bündel;Galaxy S26;256;o2;netzbetreiber;O2 Mobile L Plus mit 150 GB+ (24 Mon.);L;neu;7,00;17,99;39,50;;24;0,00;24;1386,76;;2026-10-10;https://www.o2online.de/e-shop/samsung/samsung-galaxy-s26-256gb-cobalt-violet-details?ohne-tarif=nein&zielgruppe=privatkunden&ratenzahlung=36&vertragsart=ratenzahlung&tarif=o2-mobile-unlimited-m-plus;samsung-galaxy-s26-256gb-cobalt-violet;;
Bündel;Galaxy S26;256;o2;netzbetreiber;O2 Mobile on Demand M mit 50 GB+ (24 Mon.);M;neu;7,00;19,99;39,50;;24;39,99;24;1474,75;;2026-10-10;https://www.o2online.de/e-shop/samsung/samsung-galaxy-s26-256gb-cobalt-violet-details?ohne-tarif=nein&zielgruppe=privatkunden&ratenzahlung=36&vertragsart=ratenzahlung&tarif=o2-mobile-unlimited-m-plus;samsung-galaxy-s26-256gb-cobalt-violet;nicht direkt genannt;
Bündel;Galaxy S26;256;o2;netzbetreiber;O2 Mobile on Demand M Plus mit 50 GB+ (24 Mon.);M;neu;7,00;12,99;39,50;;24;39,99;24;1306,75;;2026-10-10;https://www.o2online.de/e-shop/samsung/samsung-galaxy-s26-256gb-cobalt-violet-details?ohne-tarif=nein&zielgruppe=privatkunden&ratenzahlung=36&vertragsart=ratenzahlung&tarif=o2-mobile-unlimited-m-plus;samsung-galaxy-s26-256gb-cobalt-violet;;
Bündel;Galaxy S26;256;o2;netzbetreiber;O2 Mobile S mit 15 GB+ (24 Mon.);XS;neu;7,00;14,99;39,50;;24;39,99;24;1354,75;;2026-10-10;https://www.o2online.de/e-shop/samsung/samsung-galaxy-s26-256gb-cobalt-violet-details?ohne-tarif=nein&zielgruppe=privatkunden&ratenzahlung=36&vertragsart=ratenzahlung&tarif=o2-mobile-unlimited-m-plus;samsung-galaxy-s26-256gb-cobalt-violet;nicht direkt genannt;
Bündel;Galaxy S26;256;o2;netzbetreiber;O2 Mobile Special (24 Mon.);;neu;7,00;14,99;39,50;;24;0,00;24;1314,76;;2026-10-10;https://www.o2online.de/e-shop/samsung/samsung-galaxy-s26-256gb-cobalt-violet-details?ohne-tarif=nein&zielgruppe=privatkunden&ratenzahlung=36&vertragsart=ratenzahlung&tarif=o2-mobile-unlimited-m-plus;samsung-galaxy-s26-256gb-cobalt-violet;nicht direkt genannt;
Bündel;Galaxy S26;256;o2;netzbetreiber;O2 Mobile Unlimited L mit 300 MBit/s (24 Mon.);XL;neu;7,00;39,99;39,50;;24;0,00;24;1914,76;;2026-10-10;https://www.o2online.de/e-shop/samsung/samsung-galaxy-s26-256gb-cobalt-violet-details?ohne-tarif=nein&zielgruppe=privatkunden&ratenzahlung=36&vertragsart=ratenzahlung&tarif=o2-mobile-unlimited-m-plus;samsung-galaxy-s26-256gb-cobalt-violet;nicht direkt genannt;
Bündel;Galaxy S26;256;o2;netzbetreiber;O2 Mobile Unlimited L Plus mit 300 MBit/s (24 Mon.);;neu;7,00;27,99;39,50;;24;0,00;24;1626,76;;2026-10-10;https://www.o2online.de/e-shop/samsung/samsung-galaxy-s26-256gb-cobalt-violet-details?ohne-tarif=nein&zielgruppe=privatkunden&ratenzahlung=36&vertragsart=ratenzahlung&tarif=o2-mobile-unlimited-m-plus;samsung-galaxy-s26-256gb-cobalt-violet;;
Bündel;Galaxy S26;256;o2;netzbetreiber;O2 Mobile Unlimited M mit 100 MBit/s (24 Mon.);XL;neu;7,00;29,99;39,50;;24;0,00;24;1674,76;;2026-10-10;https://www.o2online.de/e-shop/samsung/samsung-galaxy-s26-256gb-cobalt-violet-details?ohne-tarif=nein&zielgruppe=privatkunden&ratenzahlung=36&vertragsart=ratenzahlung&tarif=o2-mobile-unlimited-m-plus;samsung-galaxy-s26-256gb-cobalt-violet;nicht direkt genannt;
Bündel;Galaxy S26;256;o2;netzbetreiber;O2 Mobile Unlimited M Plus mit 100 MBit/s (24 Mon.);XL;neu;7,00;17,99;39,50;;24;0,00;24;1386,76;;2026-10-10;https://www.o2online.de/e-shop/samsung/samsung-galaxy-s26-256gb-cobalt-violet-details?ohne-tarif=nein&zielgruppe=privatkunden&ratenzahlung=36&vertragsart=ratenzahlung&tarif=o2-mobile-unlimited-m-plus;samsung-galaxy-s26-256gb-cobalt-violet;;
Bündel;Galaxy S26;256;o2;netzbetreiber;O2 Mobile Unlimited S Special mit 15 MBit/s (24 Mon.);XL;neu;7,00;24,99;39,50;;24;39,99;24;1594,75;;2026-10-10;https://www.o2online.de/e-shop/samsung/samsung-galaxy-s26-256gb-cobalt-violet-details?ohne-tarif=nein&zielgruppe=privatkunden&ratenzahlung=36&vertragsart=ratenzahlung&tarif=o2-mobile-unlimited-m-plus;samsung-galaxy-s26-256gb-cobalt-violet;nicht direkt genannt;
Bündel;Galaxy S26;256;o2;netzbetreiber;O2 Mobile Unlimited S Special Plus mit 15 MBit/s (24 Mon.);XL;neu;7,00;17,99;39,50;;24;39,99;24;1426,75;;2026-10-10;https://www.o2online.de/e-shop/samsung/samsung-galaxy-s26-256gb-cobalt-violet-details?ohne-tarif=nein&zielgruppe=privatkunden&ratenzahlung=36&vertragsart=ratenzahlung&tarif=o2-mobile-unlimited-m-plus;samsung-galaxy-s26-256gb-cobalt-violet;nicht direkt genannt;
Bündel;Galaxy S26;256;o2;netzbetreiber;O2 Mobile L mit 150 GB+ (24 Mon.);L;neu;1,00;24,99;42,00;;24;0,00;24;1608,76;;2026-10-10;https://www.o2online.de/e-shop/samsung/samsung-galaxy-s26-ee-256gb-black-details?ohne-tarif=nein&zielgruppe=privatkunden&ratenzahlung=36&vertragsart=ratenzahlung&tarif=o2-mobile-l-plus;samsung-galaxy-s26-256gb-schwarz;nicht direkt genannt;
Bündel;Galaxy S26;256;o2;netzbetreiber;O2 Mobile L Plus mit 150 GB+ (24 Mon.);L;neu;7,00;17,99;39,50;;24;0,00;24;1386,76;;2026-10-10;https://www.o2online.de/e-shop/samsung/samsung-galaxy-s26-256gb-cobalt-violet-details?ohne-tarif=nein&zielgruppe=privatkunden&ratenzahlung=36&vertragsart=ratenzahlung&tarif=o2-mobile-unlimited-m-plus;samsung-galaxy-s26-256gb-schwarz;;
Bündel;Galaxy S26;256;o2;netzbetreiber;O2 Mobile on Demand M mit 50 GB+ (24 Mon.);M;neu;1,00;19,99;42,00;;24;39,99;24;1528,75;;2026-10-10;https://www.o2online.de/e-shop/samsung/samsung-galaxy-s26-ee-256gb-black-details?ohne-tarif=nein&zielgruppe=privatkunden&ratenzahlung=36&vertragsart=ratenzahlung&tarif=o2-mobile-l-plus;samsung-galaxy-s26-256gb-schwarz;nicht direkt genannt;
Bündel;Galaxy S26;256;o2;netzbetreiber;O2 Mobile on Demand M Plus mit 50 GB+ (24 Mon.);M;neu;7,00;12,99;39,50;;24;39,99;24;1306,75;;2026-10-10;https://www.o2online.de/e-shop/samsung/samsung-galaxy-s26-256gb-cobalt-violet-details?ohne-tarif=nein&zielgruppe=privatkunden&ratenzahlung=36&vertragsart=ratenzahlung&tarif=o2-mobile-unlimited-m-plus;samsung-galaxy-s26-256gb-schwarz;;
Bündel;Galaxy S26;256;o2;netzbetreiber;O2 Mobile S mit 15 GB+ (24 Mon.);XS;neu;1,00;14,99;42,00;;24;39,99;24;1408,75;;2026-10-10;https://www.o2online.de/e-shop/samsung/samsung-galaxy-s26-ee-256gb-black-details?ohne-tarif=nein&zielgruppe=privatkunden&ratenzahlung=36&vertragsart=ratenzahlung&tarif=o2-mobile-l-plus;samsung-galaxy-s26-256gb-schwarz;nicht direkt genannt;
Bündel;Galaxy S26;256;o2;netzbetreiber;O2 Mobile Special (24 Mon.);;neu;1,00;14,99;42,00;;24;0,00;24;1368,76;;2026-10-10;https://www.o2online.de/e-shop/samsung/samsung-galaxy-s26-ee-256gb-black-details?ohne-tarif=nein&zielgruppe=privatkunden&ratenzahlung=36&vertragsart=ratenzahlung&tarif=o2-mobile-l-plus;samsung-galaxy-s26-256gb-schwarz;nicht direkt genannt;
Bündel;Galaxy S26;256;o2;netzbetreiber;O2 Mobile Unlimited L mit 300 MBit/s (24 Mon.);XL;neu;1,00;39,99;42,00;;24;0,00;24;1968,76;;2026-10-10;https://www.o2online.de/e-shop/samsung/samsung-galaxy-s26-ee-256gb-black-details?ohne-tarif=nein&zielgruppe=privatkunden&ratenzahlung=36&vertragsart=ratenzahlung&tarif=o2-mobile-l-plus;samsung-galaxy-s26-256gb-schwarz;nicht direkt genannt;
Bündel;Galaxy S26;256;o2;netzbetreiber;O2 Mobile Unlimited L Plus mit 300 MBit/s (24 Mon.);;neu;7,00;27,99;39,50;;24;0,00;24;1626,76;;2026-10-10;https://www.o2online.de/e-shop/samsung/samsung-galaxy-s26-256gb-cobalt-violet-details?ohne-tarif=nein&zielgruppe=privatkunden&ratenzahlung=36&vertragsart=ratenzahlung&tarif=o2-mobile-unlimited-m-plus;samsung-galaxy-s26-256gb-schwarz;;
Bündel;Galaxy S26;256;o2;netzbetreiber;O2 Mobile Unlimited M mit 100 MBit/s (24 Mon.);XL;neu;1,00;29,99;42,00;;24;0,00;24;1728,76;;2026-10-10;https://www.o2online.de/e-shop/samsung/samsung-galaxy-s26-ee-256gb-black-details?ohne-tarif=nein&zielgruppe=privatkunden&ratenzahlung=36&vertragsart=ratenzahlung&tarif=o2-mobile-l-plus;samsung-galaxy-s26-256gb-schwarz;nicht direkt genannt;
Bündel;Galaxy S26;256;o2;netzbetreiber;O2 Mobile Unlimited M Plus mit 100 MBit/s (24 Mon.);XL;neu;7,00;17,99;39,50;;24;0,00;24;1386,76;;2026-10-10;https://www.o2online.de/e-shop/samsung/samsung-galaxy-s26-256gb-cobalt-violet-details?ohne-tarif=nein&zielgruppe=privatkunden&ratenzahlung=36&vertragsart=ratenzahlung&tarif=o2-mobile-unlimited-m-plus;samsung-galaxy-s26-256gb-schwarz;;
Bündel;Galaxy S26;256;o2;netzbetreiber;O2 Mobile Unlimited S Special mit 15 MBit/s (24 Mon.);XL;neu;1,00;24,99;42,00;;24;39,99;24;1648,75;;2026-10-10;https://www.o2online.de/e-shop/samsung/samsung-galaxy-s26-ee-256gb-black-details?ohne-tarif=nein&zielgruppe=privatkunden&ratenzahlung=36&vertragsart=ratenzahlung&tarif=o2-mobile-l-plus;samsung-galaxy-s26-256gb-schwarz;nicht direkt genannt;
Bündel;Galaxy S26;256;o2;netzbetreiber;O2 Mobile Unlimited S Special Plus mit 15 MBit/s (24 Mon.);XL;neu;7,00;17,99;39,50;;24;39,99;24;1426,75;;2026-10-08;https://www.o2online.de/e-shop/samsung/samsung-galaxy-s26-256gb-cobalt-violet-details?ohne-tarif=nein&zielgruppe=privatkunden&ratenzahlung=36&vertragsart=ratenzahlung&tarif=o2-mobile-unlimited-m-plus;samsung-galaxy-s26-256gb-schwarz;;
Bündel;Galaxy S26;512;o2;netzbetreiber;O2 Mobile L mit 150 GB+ (24 Mon.);L;neu;1,00;24,99;48,00;;24;0,00;24;1752,76;;2026-10-10;https://www.o2online.de/e-shop/samsung/samsung-galaxy-s26-256gb-cobalt-violet-details?ohne-tarif=nein&zielgruppe=privatkunden&ratenzahlung=36&vertragsart=ratenzahlung&tarif=o2-mobile-unlimited-m-plus;samsung-galaxy-s26-512gb-cobalt-violet;nicht direkt genannt;
Bündel;Galaxy S26;512;o2;netzbetreiber;O2 Mobile L Plus mit 150 GB+ (24 Mon.);L;neu;1,00;17,99;48,00;;24;0,00;24;1584,76;;2026-10-10;https://www.o2online.de/e-shop/samsung/samsung-galaxy-s26-256gb-cobalt-violet-details?ohne-tarif=nein&zielgruppe=privatkunden&ratenzahlung=36&vertragsart=ratenzahlung&tarif=o2-mobile-unlimited-m-plus;samsung-galaxy-s26-512gb-cobalt-violet;;
Bündel;Galaxy S26;512;o2;netzbetreiber;O2 Mobile on Demand M mit 50 GB+ (24 Mon.);M;neu;1,00;19,99;48,00;;24;39,99;24;1672,75;;2026-10-10;https://www.o2online.de/e-shop/samsung/samsung-galaxy-s26-256gb-cobalt-violet-details?ohne-tarif=nein&zielgruppe=privatkunden&ratenzahlung=36&vertragsart=ratenzahlung&tarif=o2-mobile-unlimited-m-plus;samsung-galaxy-s26-512gb-cobalt-violet;nicht direkt genannt;
Bündel;Galaxy S26;512;o2;netzbetreiber;O2 Mobile on Demand M Plus mit 50 GB+ (24 Mon.);M;neu;1,00;12,99;48,00;;24;39,99;24;1504,75;;2026-10-10;https://www.o2online.de/e-shop/samsung/samsung-galaxy-s26-256gb-cobalt-violet-details?ohne-tarif=nein&zielgruppe=privatkunden&ratenzahlung=36&vertragsart=ratenzahlung&tarif=o2-mobile-unlimited-m-plus;samsung-galaxy-s26-512gb-cobalt-violet;;
Bündel;Galaxy S26;512;o2;netzbetreiber;O2 Mobile S mit 15 GB+ (24 Mon.);XS;neu;1,00;14,99;48,00;;24;39,99;24;1552,75;;2026-10-10;https://www.o2online.de/e-shop/samsung/samsung-galaxy-s26-256gb-cobalt-violet-details?ohne-tarif=nein&zielgruppe=privatkunden&ratenzahlung=36&vertragsart=ratenzahlung&tarif=o2-mobile-unlimited-m-plus;samsung-galaxy-s26-512gb-cobalt-violet;nicht direkt genannt;
Bündel;Galaxy S26;512;o2;netzbetreiber;O2 Mobile Special (24 Mon.);;neu;1,00;14,99;48,00;;24;0,00;24;1512,76;;2026-10-10;https://www.o2online.de/e-shop/samsung/samsung-galaxy-s26-256gb-cobalt-violet-details?ohne-tarif=nein&zielgruppe=privatkunden&ratenzahlung=36&vertragsart=ratenzahlung&tarif=o2-mobile-unlimited-m-plus;samsung-galaxy-s26-512gb-cobalt-violet;nicht direkt genannt;
Bündel;Galaxy S26;512;o2;netzbetreiber;O2 Mobile Unlimited L mit 300 MBit/s (24 Mon.);XL;neu;1,00;39,99;48,00;;24;0,00;24;2112,76;;2026-10-10;https://www.o2online.de/e-shop/samsung/samsung-galaxy-s26-256gb-cobalt-violet-details?ohne-tarif=nein&zielgruppe=privatkunden&ratenzahlung=36&vertragsart=ratenzahlung&tarif=o2-mobile-unlimited-m-plus;samsung-galaxy-s26-512gb-cobalt-violet;nicht direkt genannt;
Bündel;Galaxy S26;512;o2;netzbetreiber;O2 Mobile Unlimited L Plus mit 300 MBit/s (24 Mon.);;neu;1,00;27,99;48,00;;24;0,00;24;1824,76;;2026-10-10;https://www.o2online.de/e-shop/samsung/samsung-galaxy-s26-256gb-cobalt-violet-details?ohne-tarif=nein&zielgruppe=privatkunden&ratenzahlung=36&vertragsart=ratenzahlung&tarif=o2-mobile-unlimited-m-plus;samsung-galaxy-s26-512gb-cobalt-violet;;
Bündel;Galaxy S26;512;o2;netzbetreiber;O2 Mobile Unlimited M mit 100 MBit/s (24 Mon.);XL;neu;1,00;29,99;48,00;;24;0,00;24;1872,76;;2026-10-10;https://www.o2online.de/e-shop/samsung/samsung-galaxy-s26-256gb-cobalt-violet-details?ohne-tarif=nein&zielgruppe=privatkunden&ratenzahlung=36&vertragsart=ratenzahlung&tarif=o2-mobile-unlimited-m-plus;samsung-galaxy-s26-512gb-cobalt-violet;nicht direkt genannt;
Bündel;Galaxy S26;512;o2;netzbetreiber;O2 Mobile Unlimited M Plus mit 100 MBit/s (24 Mon.);XL;neu;1,00;17,99;48,00;;24;0,00;24;1584,76;;2026-10-10;https://www.o2online.de/e-shop/samsung/samsung-galaxy-s26-256gb-cobalt-violet-details?ohne-tarif=nein&zielgruppe=privatkunden&ratenzahlung=36&vertragsart=ratenzahlung&tarif=o2-mobile-unlimited-m-plus;samsung-galaxy-s26-512gb-cobalt-violet;;
Bündel;Galaxy S26;512;o2;netzbetreiber;O2 Mobile Unlimited S Special mit 15 MBit/s (24 Mon.);XL;neu;1,00;24,99;48,00;;24;39,99;24;1792,75;;2026-10-10;https://www.o2online.de/e-shop/samsung/samsung-galaxy-s26-256gb-cobalt-violet-details?ohne-tarif=nein&zielgruppe=privatkunden&ratenzahlung=36&vertragsart=ratenzahlung&tarif=o2-mobile-unlimited-m-plus;samsung-galaxy-s26-512gb-cobalt-violet;nicht direkt genannt;
Bündel;Galaxy S26;512;o2;netzbetreiber;O2 Mobile Unlimited S Special Plus mit 15 MBit/s (24 Mon.);XL;neu;1,00;17,99;48,00;;24;39,99;24;1624,75;;2026-10-10;https://www.o2online.de/e-shop/samsung/samsung-galaxy-s26-256gb-cobalt-violet-details?ohne-tarif=nein&zielgruppe=privatkunden&ratenzahlung=36&vertragsart=ratenzahlung&tarif=o2-mobile-unlimited-m-plus;samsung-galaxy-s26-512gb-cobalt-violet;nicht direkt genannt;
Bündel;Galaxy S26 FE;128;o2;netzbetreiber;O2 Mobile L mit 150 GB+ (24 Mon.);L;neu;7,00;24,99;33,50;;24;0,00;24;1410,76;;2026-10-10;https://www.o2online.de/e-shop/samsung/samsung-galaxy-s26-fe-128gb-pistachio-details?ohne-tarif=nein&zielgruppe=privatkunden&ratenzahlung=36&vertragsart=ratenzahlung&tarif=o2-mobile-on-demand-m-plus;samsung-galaxy-s26-fe-128gb-pistachio;nicht direkt genannt;
Bündel;Galaxy S26 FE;128;o2;netzbetreiber;O2 Mobile L Plus mit 150 GB+ (24 Mon.);L;neu;7,00;19,99;33,50;;24;0,00;24;1290,76;;2026-10-10;https://www.o2online.de/e-shop/samsung/samsung-galaxy-s26-fe-128gb-pistachio-details?ohne-tarif=nein&zielgruppe=privatkunden&ratenzahlung=36&vertragsart=ratenzahlung&tarif=o2-mobile-on-demand-m-plus;samsung-galaxy-s26-fe-128gb-pistachio;;
Bündel;Galaxy S26 FE;128;o2;netzbetreiber;O2 Mobile on Demand M mit 50 GB+ (24 Mon.);M;neu;7,00;19,99;33,50;;24;39,99;24;1330,75;;2026-10-10;https://www.o2online.de/e-shop/samsung/samsung-galaxy-s26-fe-128gb-pistachio-details?ohne-tarif=nein&zielgruppe=privatkunden&ratenzahlung=36&vertragsart=ratenzahlung&tarif=o2-mobile-on-demand-m-plus;samsung-galaxy-s26-fe-128gb-pistachio;nicht direkt genannt;
Bündel;Galaxy S26 FE;128;o2;netzbetreiber;O2 Mobile on Demand M Plus mit 50 GB+ (24 Mon.);M;neu;7,00;14,99;33,50;;24;39,99;24;1210,75;;2026-10-10;https://www.o2online.de/e-shop/samsung/samsung-galaxy-s26-fe-128gb-pistachio-details?ohne-tarif=nein&zielgruppe=privatkunden&ratenzahlung=36&vertragsart=ratenzahlung&tarif=o2-mobile-on-demand-m-plus;samsung-galaxy-s26-fe-128gb-pistachio;;
Bündel;Galaxy S26 FE;128;o2;netzbetreiber;O2 Mobile S mit 15 GB+ (24 Mon.);XS;neu;7,00;14,99;33,50;;24;39,99;24;1210,75;;2026-10-10;https://www.o2online.de/e-shop/samsung/samsung-galaxy-s26-fe-128gb-pistachio-details?ohne-tarif=nein&zielgruppe=privatkunden&ratenzahlung=36&vertragsart=ratenzahlung&tarif=o2-mobile-on-demand-m-plus;samsung-galaxy-s26-fe-128gb-pistachio;nicht direkt genannt;
Bündel;Galaxy S26 FE;128;o2;netzbetreiber;O2 Mobile Special (24 Mon.);;neu;7,00;14,99;33,50;;24;0,00;24;1170,76;;2026-10-10;https://www.o2online.de/e-shop/samsung/samsung-galaxy-s26-fe-128gb-pistachio-details?ohne-tarif=nein&zielgruppe=privatkunden&ratenzahlung=36&vertragsart=ratenzahlung&tarif=o2-mobile-on-demand-m-plus;samsung-galaxy-s26-fe-128gb-pistachio;nicht direkt genannt;
Bündel;Galaxy S26 FE;128;o2;netzbetreiber;O2 Mobile Unlimited L mit 300 MBit/s (24 Mon.);XL;neu;7,00;39,99;33,50;;24;0,00;24;1770,76;;2026-10-10;https://www.o2online.de/e-shop/samsung/samsung-galaxy-s26-fe-128gb-pistachio-details?ohne-tarif=nein&zielgruppe=privatkunden&ratenzahlung=36&vertragsart=ratenzahlung&tarif=o2-mobile-on-demand-m-plus;samsung-galaxy-s26-fe-128gb-pistachio;nicht direkt genannt;
Bündel;Galaxy S26 FE;128;o2;netzbetreiber;O2 Mobile Unlimited L Plus mit 300 MBit/s (24 Mon.);;neu;7,00;29,99;33,50;;24;0,00;24;1530,76;;2026-10-10;https://www.o2online.de/e-shop/samsung/samsung-galaxy-s26-fe-128gb-pistachio-details?ohne-tarif=nein&zielgruppe=privatkunden&ratenzahlung=36&vertragsart=ratenzahlung&tarif=o2-mobile-on-demand-m-plus;samsung-galaxy-s26-fe-128gb-pistachio;;
Bündel;Galaxy S26 FE;128;o2;netzbetreiber;O2 Mobile Unlimited M mit 100 MBit/s (24 Mon.);XL;neu;7,00;29,99;33,50;;24;0,00;24;1530,76;;2026-10-10;https://www.o2online.de/e-shop/samsung/samsung-galaxy-s26-fe-128gb-pistachio-details?ohne-tarif=nein&zielgruppe=privatkunden&ratenzahlung=36&vertragsart=ratenzahlung&tarif=o2-mobile-on-demand-m-plus;samsung-galaxy-s26-fe-128gb-pistachio;nicht direkt genannt;
Bündel;Galaxy S26 FE;128;o2;netzbetreiber;O2 Mobile Unlimited M Plus mit 100 MBit/s (24 Mon.);XL;neu;7,00;19,99;33,50;;24;0,00;24;1290,76;;2026-10-10;https://www.o2online.de/e-shop/samsung/samsung-galaxy-s26-fe-128gb-pistachio-details?ohne-tarif=nein&zielgruppe=privatkunden&ratenzahlung=36&vertragsart=ratenzahlung&tarif=o2-mobile-on-demand-m-plus;samsung-galaxy-s26-fe-128gb-pistachio;;
Bündel;Galaxy S26 FE;128;o2;netzbetreiber;O2 Mobile Unlimited S Special mit 15 MBit/s (24 Mon.);XL;neu;7,00;24,99;33,50;;24;39,99;24;1450,75;;2026-10-10;https://www.o2online.de/e-shop/samsung/samsung-galaxy-s26-fe-128gb-pistachio-details?ohne-tarif=nein&zielgruppe=privatkunden&ratenzahlung=36&vertragsart=ratenzahlung&tarif=o2-mobile-on-demand-m-plus;samsung-galaxy-s26-fe-128gb-pistachio;nicht direkt genannt;
Bündel;Galaxy S26 FE;128;o2;netzbetreiber;O2 Mobile Unlimited S Special Plus mit 15 MBit/s (24 Mon.);XL;neu;7,00;19,99;33,50;;24;39,99;24;1330,75;;2026-10-10;https://www.o2online.de/e-shop/samsung/samsung-galaxy-s26-fe-128gb-pistachio-details?ohne-tarif=nein&zielgruppe=privatkunden&ratenzahlung=36&vertragsart=ratenzahlung&tarif=o2-mobile-on-demand-m-plus;samsung-galaxy-s26-fe-128gb-pistachio;nicht direkt genannt;
Bündel;Galaxy S26 FE;256;o2;netzbetreiber;O2 Mobile L mit 150 GB+ (24 Mon.);L;neu;7,00;24,99;38,00;;24;0,00;24;1518,76;;2026-10-10;https://www.o2online.de/e-shop/samsung/samsung-galaxy-s26-fe-128gb-pistachio-details?ohne-tarif=nein&zielgruppe=privatkunden&ratenzahlung=36&vertragsart=ratenzahlung&tarif=o2-mobile-on-demand-m-plus;samsung-galaxy-s26-fe-256gb-pistachio;nicht direkt genannt;
Bündel;Galaxy S26 FE;256;o2;netzbetreiber;O2 Mobile L Plus mit 150 GB+ (24 Mon.);L;neu;7,00;19,99;38,00;;24;0,00;24;1398,76;;2026-10-10;https://www.o2online.de/e-shop/samsung/samsung-galaxy-s26-fe-128gb-pistachio-details?ohne-tarif=nein&zielgruppe=privatkunden&ratenzahlung=36&vertragsart=ratenzahlung&tarif=o2-mobile-on-demand-m-plus;samsung-galaxy-s26-fe-256gb-pistachio;;
Bündel;Galaxy S26 FE;256;o2;netzbetreiber;O2 Mobile on Demand M mit 50 GB+ (24 Mon.);M;neu;7,00;19,99;38,00;;24;39,99;24;1438,75;;2026-10-10;https://www.o2online.de/e-shop/samsung/samsung-galaxy-s26-fe-128gb-pistachio-details?ohne-tarif=nein&zielgruppe=privatkunden&ratenzahlung=36&vertragsart=ratenzahlung&tarif=o2-mobile-on-demand-m-plus;samsung-galaxy-s26-fe-256gb-pistachio;nicht direkt genannt;
Bündel;Galaxy S26 FE;256;o2;netzbetreiber;O2 Mobile on Demand M Plus mit 50 GB+ (24 Mon.);M;neu;7,00;14,99;38,00;;24;39,99;24;1318,75;;2026-10-10;https://www.o2online.de/e-shop/samsung/samsung-galaxy-s26-fe-128gb-pistachio-details?ohne-tarif=nein&zielgruppe=privatkunden&ratenzahlung=36&vertragsart=ratenzahlung&tarif=o2-mobile-on-demand-m-plus;samsung-galaxy-s26-fe-256gb-pistachio;;
Bündel;Galaxy S26 FE;256;o2;netzbetreiber;O2 Mobile S mit 15 GB+ (24 Mon.);XS;neu;7,00;14,99;38,00;;24;39,99;24;1318,75;;2026-10-10;https://www.o2online.de/e-shop/samsung/samsung-galaxy-s26-fe-128gb-pistachio-details?ohne-tarif=nein&zielgruppe=privatkunden&ratenzahlung=36&vertragsart=ratenzahlung&tarif=o2-mobile-on-demand-m-plus;samsung-galaxy-s26-fe-256gb-pistachio;nicht direkt genannt;
Bündel;Galaxy S26 FE;256;o2;netzbetreiber;O2 Mobile Special (24 Mon.);;neu;7,00;14,99;38,00;;24;0,00;24;1278,76;;2026-10-10;https://www.o2online.de/e-shop/samsung/samsung-galaxy-s26-fe-128gb-pistachio-details?ohne-tarif=nein&zielgruppe=privatkunden&ratenzahlung=36&vertragsart=ratenzahlung&tarif=o2-mobile-on-demand-m-plus;samsung-galaxy-s26-fe-256gb-pistachio;nicht direkt genannt;
Bündel;Galaxy S26 FE;256;o2;netzbetreiber;O2 Mobile Unlimited L mit 300 MBit/s (24 Mon.);XL;neu;7,00;39,99;38,00;;24;0,00;24;1878,76;;2026-10-10;https://www.o2online.de/e-shop/samsung/samsung-galaxy-s26-fe-128gb-pistachio-details?ohne-tarif=nein&zielgruppe=privatkunden&ratenzahlung=36&vertragsart=ratenzahlung&tarif=o2-mobile-on-demand-m-plus;samsung-galaxy-s26-fe-256gb-pistachio;nicht direkt genannt;
Bündel;Galaxy S26 FE;256;o2;netzbetreiber;O2 Mobile Unlimited L Plus mit 300 MBit/s (24 Mon.);;neu;7,00;29,99;38,00;;24;0,00;24;1638,76;;2026-10-10;https://www.o2online.de/e-shop/samsung/samsung-galaxy-s26-fe-128gb-pistachio-details?ohne-tarif=nein&zielgruppe=privatkunden&ratenzahlung=36&vertragsart=ratenzahlung&tarif=o2-mobile-on-demand-m-plus;samsung-galaxy-s26-fe-256gb-pistachio;;
Bündel;Galaxy S26 FE;256;o2;netzbetreiber;O2 Mobile Unlimited M mit 100 MBit/s (24 Mon.);XL;neu;7,00;29,99;38,00;;24;0,00;24;1638,76;;2026-10-10;https://www.o2online.de/e-shop/samsung/samsung-galaxy-s26-fe-128gb-pistachio-details?ohne-tarif=nein&zielgruppe=privatkunden&ratenzahlung=36&vertragsart=ratenzahlung&tarif=o2-mobile-on-demand-m-plus;samsung-galaxy-s26-fe-256gb-pistachio;nicht direkt genannt;
Bündel;Galaxy S26 FE;256;o2;netzbetreiber;O2 Mobile Unlimited M Plus mit 100 MBit/s (24 Mon.);XL;neu;7,00;19,99;38,00;;24;0,00;24;1398,76;;2026-10-10;https://www.o2online.de/e-shop/samsung/samsung-galaxy-s26-fe-128gb-pistachio-details?ohne-tarif=nein&zielgruppe=privatkunden&ratenzahlung=36&vertragsart=ratenzahlung&tarif=o2-mobile-on-demand-m-plus;samsung-galaxy-s26-fe-256gb-pistachio;;
Bündel;Galaxy S26 FE;256;o2;netzbetreiber;O2 Mobile Unlimited S Special mit 15 MBit/s (24 Mon.);XL;neu;7,00;24,99;38,00;;24;39,99;24;1558,75;;2026-10-10;https://www.o2online.de/e-shop/samsung/samsung-galaxy-s26-fe-128gb-pistachio-details?ohne-tarif=nein&zielgruppe=privatkunden&ratenzahlung=36&vertragsart=ratenzahlung&tarif=o2-mobile-on-demand-m-plus;samsung-galaxy-s26-fe-256gb-pistachio;nicht direkt genannt;
Bündel;Galaxy S26 FE;256;o2;netzbetreiber;O2 Mobile Unlimited S Special Plus mit 15 MBit/s (24 Mon.);XL;neu;7,00;19,99;38,00;;24;39,99;24;1438,75;;2026-10-10;https://www.o2online.de/e-shop/samsung/samsung-galaxy-s26-fe-128gb-pistachio-details?ohne-tarif=nein&zielgruppe=privatkunden&ratenzahlung=36&vertragsart=ratenzahlung&tarif=o2-mobile-on-demand-m-plus;samsung-galaxy-s26-fe-256gb-pistachio;nicht direkt genannt;
Bündel;Galaxy S26 Plus;256;o2;netzbetreiber;O2 Mobile L mit 150 GB+ (24 Mon.);L;neu;7,00;24,99;51,50;;24;0,00;24;1842,76;;2026-10-10;https://www.o2online.de/e-shop/samsung/samsung-galaxy-s26-plus-256gb-cobalt-violet-details?ohne-tarif=nein&zielgruppe=privatkunden&ratenzahlung=36&vertragsart=ratenzahlung&tarif=o2-mobile-unlimited-m-plus;samsung-galaxy-s26-plus-256gb-cobalt-violet;nicht direkt genannt;
Bündel;Galaxy S26 Plus;256;o2;netzbetreiber;O2 Mobile L Plus mit 150 GB+ (24 Mon.);L;neu;7,00;19,99;51,50;;24;0,00;24;1722,76;;2026-10-10;https://www.o2online.de/e-shop/samsung/samsung-galaxy-s26-plus-256gb-cobalt-violet-details?ohne-tarif=nein&zielgruppe=privatkunden&ratenzahlung=36&vertragsart=ratenzahlung&tarif=o2-mobile-unlimited-m-plus;samsung-galaxy-s26-plus-256gb-cobalt-violet;;
Bündel;Galaxy S26 Plus;256;o2;netzbetreiber;O2 Mobile on Demand M mit 50 GB+ (24 Mon.);M;neu;7,00;19,99;51,50;;24;39,99;24;1762,75;;2026-10-10;https://www.o2online.de/e-shop/samsung/samsung-galaxy-s26-plus-256gb-cobalt-violet-details?ohne-tarif=nein&zielgruppe=privatkunden&ratenzahlung=36&vertragsart=ratenzahlung&tarif=o2-mobile-unlimited-m-plus;samsung-galaxy-s26-plus-256gb-cobalt-violet;nicht direkt genannt;
Bündel;Galaxy S26 Plus;256;o2;netzbetreiber;O2 Mobile on Demand M Plus mit 50 GB+ (24 Mon.);M;neu;7,00;14,99;51,50;;24;39,99;24;1642,75;;2026-10-10;https://www.o2online.de/e-shop/samsung/samsung-galaxy-s26-plus-256gb-cobalt-violet-details?ohne-tarif=nein&zielgruppe=privatkunden&ratenzahlung=36&vertragsart=ratenzahlung&tarif=o2-mobile-unlimited-m-plus;samsung-galaxy-s26-plus-256gb-cobalt-violet;;
Bündel;Galaxy S26 Plus;256;o2;netzbetreiber;O2 Mobile S mit 15 GB+ (24 Mon.);XS;neu;7,00;14,99;51,50;;24;39,99;24;1642,75;;2026-10-10;https://www.o2online.de/e-shop/samsung/samsung-galaxy-s26-plus-256gb-cobalt-violet-details?ohne-tarif=nein&zielgruppe=privatkunden&ratenzahlung=36&vertragsart=ratenzahlung&tarif=o2-mobile-unlimited-m-plus;samsung-galaxy-s26-plus-256gb-cobalt-violet;nicht direkt genannt;
Bündel;Galaxy S26 Plus;256;o2;netzbetreiber;O2 Mobile Special (24 Mon.);;neu;7,00;14,99;51,50;;24;0,00;24;1602,76;;2026-10-10;https://www.o2online.de/e-shop/samsung/samsung-galaxy-s26-plus-256gb-cobalt-violet-details?ohne-tarif=nein&zielgruppe=privatkunden&ratenzahlung=36&vertragsart=ratenzahlung&tarif=o2-mobile-unlimited-m-plus;samsung-galaxy-s26-plus-256gb-cobalt-violet;nicht direkt genannt;
Bündel;Galaxy S26 Plus;256;o2;netzbetreiber;O2 Mobile Unlimited L mit 300 MBit/s (24 Mon.);XL;neu;7,00;39,99;51,50;;24;0,00;24;2202,76;;2026-10-10;https://www.o2online.de/e-shop/samsung/samsung-galaxy-s26-plus-256gb-cobalt-violet-details?ohne-tarif=nein&zielgruppe=privatkunden&ratenzahlung=36&vertragsart=ratenzahlung&tarif=o2-mobile-unlimited-m-plus;samsung-galaxy-s26-plus-256gb-cobalt-violet;nicht direkt genannt;
Bündel;Galaxy S26 Plus;256;o2;netzbetreiber;O2 Mobile Unlimited L Plus mit 300 MBit/s (24 Mon.);;neu;7,00;29,99;51,50;;24;0,00;24;1962,76;;2026-10-10;https://www.o2online.de/e-shop/samsung/samsung-galaxy-s26-plus-256gb-cobalt-violet-details?ohne-tarif=nein&zielgruppe=privatkunden&ratenzahlung=36&vertragsart=ratenzahlung&tarif=o2-mobile-unlimited-m-plus;samsung-galaxy-s26-plus-256gb-cobalt-violet;;
Bündel;Galaxy S26 Plus;256;o2;netzbetreiber;O2 Mobile Unlimited M mit 100 MBit/s (24 Mon.);XL;neu;7,00;29,99;51,50;;24;0,00;24;1962,76;;2026-10-10;https://www.o2online.de/e-shop/samsung/samsung-galaxy-s26-plus-256gb-cobalt-violet-details?ohne-tarif=nein&zielgruppe=privatkunden&ratenzahlung=36&vertragsart=ratenzahlung&tarif=o2-mobile-unlimited-m-plus;samsung-galaxy-s26-plus-256gb-cobalt-violet;nicht direkt genannt;
Bündel;Galaxy S26 Plus;256;o2;netzbetreiber;O2 Mobile Unlimited M Plus mit 100 MBit/s (24 Mon.);XL;neu;7,00;19,99;51,50;;24;0,00;24;1722,76;;2026-10-10;https://www.o2online.de/e-shop/samsung/samsung-galaxy-s26-plus-256gb-cobalt-violet-details?ohne-tarif=nein&zielgruppe=privatkunden&ratenzahlung=36&vertragsart=ratenzahlung&tarif=o2-mobile-unlimited-m-plus;samsung-galaxy-s26-plus-256gb-cobalt-violet;;
Bündel;Galaxy S26 Plus;256;o2;netzbetreiber;O2 Mobile Unlimited S Special mit 15 MBit/s (24 Mon.);XL;neu;7,00;24,99;51,50;;24;39,99;24;1882,75;;2026-10-10;https://www.o2online.de/e-shop/samsung/samsung-galaxy-s26-plus-256gb-cobalt-violet-details?ohne-tarif=nein&zielgruppe=privatkunden&ratenzahlung=36&vertragsart=ratenzahlung&tarif=o2-mobile-unlimited-m-plus;samsung-galaxy-s26-plus-256gb-cobalt-violet;nicht direkt genannt;
Bündel;Galaxy S26 Plus;256;o2;netzbetreiber;O2 Mobile Unlimited S Special Plus mit 15 MBit/s (24 Mon.);XL;neu;7,00;19,99;51,50;;24;39,99;24;1762,75;;2026-10-10;https://www.o2online.de/e-shop/samsung/samsung-galaxy-s26-plus-256gb-cobalt-violet-details?ohne-tarif=nein&zielgruppe=privatkunden&ratenzahlung=36&vertragsart=ratenzahlung&tarif=o2-mobile-unlimited-m-plus;samsung-galaxy-s26-plus-256gb-cobalt-violet;nicht direkt genannt;
Bündel;Galaxy S26 Plus;512;o2;netzbetreiber;O2 Mobile L mit 150 GB+ (24 Mon.);L;neu;1,00;24,99;60,00;;24;0,00;24;2040,76;;2026-10-10;https://www.o2online.de/e-shop/samsung/samsung-galaxy-s26-plus-256gb-cobalt-violet-details?ohne-tarif=nein&zielgruppe=privatkunden&ratenzahlung=36&vertragsart=ratenzahlung&tarif=o2-mobile-unlimited-m-plus;samsung-galaxy-s26-plus-512gb-cobalt-violet;nicht direkt genannt;
Bündel;Galaxy S26 Plus;512;o2;netzbetreiber;O2 Mobile L Plus mit 150 GB+ (24 Mon.);L;neu;1,00;19,99;60,00;;24;0,00;24;1920,76;;2026-10-10;https://www.o2online.de/e-shop/samsung/samsung-galaxy-s26-plus-256gb-cobalt-violet-details?ohne-tarif=nein&zielgruppe=privatkunden&ratenzahlung=36&vertragsart=ratenzahlung&tarif=o2-mobile-unlimited-m-plus;samsung-galaxy-s26-plus-512gb-cobalt-violet;;
Bündel;Galaxy S26 Plus;512;o2;netzbetreiber;O2 Mobile on Demand M mit 50 GB+ (24 Mon.);M;neu;1,00;19,99;60,00;;24;39,99;24;1960,75;;2026-10-10;https://www.o2online.de/e-shop/samsung/samsung-galaxy-s26-plus-256gb-cobalt-violet-details?ohne-tarif=nein&zielgruppe=privatkunden&ratenzahlung=36&vertragsart=ratenzahlung&tarif=o2-mobile-unlimited-m-plus;samsung-galaxy-s26-plus-512gb-cobalt-violet;nicht direkt genannt;
Bündel;Galaxy S26 Plus;512;o2;netzbetreiber;O2 Mobile on Demand M Plus mit 50 GB+ (24 Mon.);M;neu;1,00;14,99;60,00;;24;39,99;24;1840,75;;2026-10-10;https://www.o2online.de/e-shop/samsung/samsung-galaxy-s26-plus-256gb-cobalt-violet-details?ohne-tarif=nein&zielgruppe=privatkunden&ratenzahlung=36&vertragsart=ratenzahlung&tarif=o2-mobile-unlimited-m-plus;samsung-galaxy-s26-plus-512gb-cobalt-violet;;
Bündel;Galaxy S26 Plus;512;o2;netzbetreiber;O2 Mobile S mit 15 GB+ (24 Mon.);XS;neu;1,00;14,99;60,00;;24;39,99;24;1840,75;;2026-10-10;https://www.o2online.de/e-shop/samsung/samsung-galaxy-s26-plus-256gb-cobalt-violet-details?ohne-tarif=nein&zielgruppe=privatkunden&ratenzahlung=36&vertragsart=ratenzahlung&tarif=o2-mobile-unlimited-m-plus;samsung-galaxy-s26-plus-512gb-cobalt-violet;nicht direkt genannt;
Bündel;Galaxy S26 Plus;512;o2;netzbetreiber;O2 Mobile Special (24 Mon.);;neu;1,00;14,99;60,00;;24;0,00;24;1800,76;;2026-10-10;https://www.o2online.de/e-shop/samsung/samsung-galaxy-s26-plus-256gb-cobalt-violet-details?ohne-tarif=nein&zielgruppe=privatkunden&ratenzahlung=36&vertragsart=ratenzahlung&tarif=o2-mobile-unlimited-m-plus;samsung-galaxy-s26-plus-512gb-cobalt-violet;nicht direkt genannt;
Bündel;Galaxy S26 Plus;512;o2;netzbetreiber;O2 Mobile Unlimited L mit 300 MBit/s (24 Mon.);XL;neu;1,00;39,99;60,00;;24;0,00;24;2400,76;;2026-10-10;https://www.o2online.de/e-shop/samsung/samsung-galaxy-s26-plus-256gb-cobalt-violet-details?ohne-tarif=nein&zielgruppe=privatkunden&ratenzahlung=36&vertragsart=ratenzahlung&tarif=o2-mobile-unlimited-m-plus;samsung-galaxy-s26-plus-512gb-cobalt-violet;nicht direkt genannt;
Bündel;Galaxy S26 Plus;512;o2;netzbetreiber;O2 Mobile Unlimited L Plus mit 300 MBit/s (24 Mon.);;neu;1,00;29,99;60,00;;24;0,00;24;2160,76;;2026-10-10;https://www.o2online.de/e-shop/samsung/samsung-galaxy-s26-plus-256gb-cobalt-violet-details?ohne-tarif=nein&zielgruppe=privatkunden&ratenzahlung=36&vertragsart=ratenzahlung&tarif=o2-mobile-unlimited-m-plus;samsung-galaxy-s26-plus-512gb-cobalt-violet;;
Bündel;Galaxy S26 Plus;512;o2;netzbetreiber;O2 Mobile Unlimited M mit 100 MBit/s (24 Mon.);XL;neu;1,00;29,99;60,00;;24;0,00;24;2160,76;;2026-10-10;https://www.o2online.de/e-shop/samsung/samsung-galaxy-s26-plus-256gb-cobalt-violet-details?ohne-tarif=nein&zielgruppe=privatkunden&ratenzahlung=36&vertragsart=ratenzahlung&tarif=o2-mobile-unlimited-m-plus;samsung-galaxy-s26-plus-512gb-cobalt-violet;nicht direkt genannt;
Bündel;Galaxy S26 Plus;512;o2;netzbetreiber;O2 Mobile Unlimited M Plus mit 100 MBit/s (24 Mon.);XL;neu;1,00;19,99;60,00;;24;0,00;24;1920,76;;2026-10-10;https://www.o2online.de/e-shop/samsung/samsung-galaxy-s26-plus-256gb-cobalt-violet-details?ohne-tarif=nein&zielgruppe=privatkunden&ratenzahlung=36&vertragsart=ratenzahlung&tarif=o2-mobile-unlimited-m-plus;samsung-galaxy-s26-plus-512gb-cobalt-violet;;
Bündel;Galaxy S26 Plus;512;o2;netzbetreiber;O2 Mobile Unlimited S Special mit 15 MBit/s (24 Mon.);XL;neu;1,00;24,99;60,00;;24;39,99;24;2080,75;;2026-10-10;https://www.o2online.de/e-shop/samsung/samsung-galaxy-s26-plus-256gb-cobalt-violet-details?ohne-tarif=nein&zielgruppe=privatkunden&ratenzahlung=36&vertragsart=ratenzahlung&tarif=o2-mobile-unlimited-m-plus;samsung-galaxy-s26-plus-512gb-cobalt-violet;nicht direkt genannt;
Bündel;Galaxy S26 Plus;512;o2;netzbetreiber;O2 Mobile Unlimited S Special Plus mit 15 MBit/s (24 Mon.);XL;neu;1,00;19,99;60,00;;24;39,99;24;1960,75;;2026-10-10;https://www.o2online.de/e-shop/samsung/samsung-galaxy-s26-plus-256gb-cobalt-violet-details?ohne-tarif=nein&zielgruppe=privatkunden&ratenzahlung=36&vertragsart=ratenzahlung&tarif=o2-mobile-unlimited-m-plus;samsung-galaxy-s26-plus-512gb-cobalt-violet;nicht direkt genannt;
Bündel;Galaxy S26 Ultra;256;o2;netzbetreiber;O2 Mobile L mit 150 GB+ (24 Mon.);L;neu;7,00;24,99;60,50;;24;0,00;24;2058,76;;2026-10-10;https://www.o2online.de/e-shop/samsung/samsung-galaxy-s26-ultra-256gb-cobalt-violet-details?ohne-tarif=nein&zielgruppe=privatkunden&ratenzahlung=36&vertragsart=ratenzahlung&tarif=o2-mobile-unlimited-m-plus;samsung-galaxy-s26-ultra-256gb-cobalt-violet;nicht direkt genannt;
Bündel;Galaxy S26 Ultra;256;o2;netzbetreiber;O2 Mobile L Plus mit 150 GB+ (24 Mon.);L;neu;7,00;19,99;60,50;;24;0,00;24;1938,76;;2026-10-10;https://www.o2online.de/e-shop/samsung/samsung-galaxy-s26-ultra-256gb-cobalt-violet-details?ohne-tarif=nein&zielgruppe=privatkunden&ratenzahlung=36&vertragsart=ratenzahlung&tarif=o2-mobile-unlimited-m-plus;samsung-galaxy-s26-ultra-256gb-cobalt-violet;;
Bündel;Galaxy S26 Ultra;256;o2;netzbetreiber;O2 Mobile on Demand M mit 50 GB+ (24 Mon.);M;neu;7,00;19,99;60,50;;24;39,99;24;1978,75;;2026-10-10;https://www.o2online.de/e-shop/samsung/samsung-galaxy-s26-ultra-256gb-cobalt-violet-details?ohne-tarif=nein&zielgruppe=privatkunden&ratenzahlung=36&vertragsart=ratenzahlung&tarif=o2-mobile-unlimited-m-plus;samsung-galaxy-s26-ultra-256gb-cobalt-violet;nicht direkt genannt;
Bündel;Galaxy S26 Ultra;256;o2;netzbetreiber;O2 Mobile on Demand M Plus mit 50 GB+ (24 Mon.);M;neu;7,00;14,99;60,50;;24;39,99;24;1858,75;;2026-10-10;https://www.o2online.de/e-shop/samsung/samsung-galaxy-s26-ultra-256gb-cobalt-violet-details?ohne-tarif=nein&zielgruppe=privatkunden&ratenzahlung=36&vertragsart=ratenzahlung&tarif=o2-mobile-unlimited-m-plus;samsung-galaxy-s26-ultra-256gb-cobalt-violet;;
Bündel;Galaxy S26 Ultra;256;o2;netzbetreiber;O2 Mobile S mit 15 GB+ (24 Mon.);XS;neu;7,00;14,99;60,50;;24;39,99;24;1858,75;;2026-10-10;https://www.o2online.de/e-shop/samsung/samsung-galaxy-s26-ultra-256gb-cobalt-violet-details?ohne-tarif=nein&zielgruppe=privatkunden&ratenzahlung=36&vertragsart=ratenzahlung&tarif=o2-mobile-unlimited-m-plus;samsung-galaxy-s26-ultra-256gb-cobalt-violet;nicht direkt genannt;
Bündel;Galaxy S26 Ultra;256;o2;netzbetreiber;O2 Mobile Special (24 Mon.);;neu;7,00;14,99;60,50;;24;0,00;24;1818,76;;2026-10-10;https://www.o2online.de/e-shop/samsung/samsung-galaxy-s26-ultra-256gb-cobalt-violet-details?ohne-tarif=nein&zielgruppe=privatkunden&ratenzahlung=36&vertragsart=ratenzahlung&tarif=o2-mobile-unlimited-m-plus;samsung-galaxy-s26-ultra-256gb-cobalt-violet;nicht direkt genannt;
Bündel;Galaxy S26 Ultra;256;o2;netzbetreiber;O2 Mobile Unlimited L mit 300 MBit/s (24 Mon.);XL;neu;7,00;39,99;60,50;;24;0,00;24;2418,76;;2026-10-10;https://www.o2online.de/e-shop/samsung/samsung-galaxy-s26-ultra-256gb-cobalt-violet-details?ohne-tarif=nein&zielgruppe=privatkunden&ratenzahlung=36&vertragsart=ratenzahlung&tarif=o2-mobile-unlimited-m-plus;samsung-galaxy-s26-ultra-256gb-cobalt-violet;nicht direkt genannt;
Bündel;Galaxy S26 Ultra;256;o2;netzbetreiber;O2 Mobile Unlimited L Plus mit 300 MBit/s (24 Mon.);;neu;7,00;29,99;60,50;;24;0,00;24;2178,76;;2026-10-10;https://www.o2online.de/e-shop/samsung/samsung-galaxy-s26-ultra-256gb-cobalt-violet-details?ohne-tarif=nein&zielgruppe=privatkunden&ratenzahlung=36&vertragsart=ratenzahlung&tarif=o2-mobile-unlimited-m-plus;samsung-galaxy-s26-ultra-256gb-cobalt-violet;;
Bündel;Galaxy S26 Ultra;256;o2;netzbetreiber;O2 Mobile Unlimited M mit 100 MBit/s (24 Mon.);XL;neu;7,00;29,99;60,50;;24;0,00;24;2178,76;;2026-10-10;https://www.o2online.de/e-shop/samsung/samsung-galaxy-s26-ultra-256gb-cobalt-violet-details?ohne-tarif=nein&zielgruppe=privatkunden&ratenzahlung=36&vertragsart=ratenzahlung&tarif=o2-mobile-unlimited-m-plus;samsung-galaxy-s26-ultra-256gb-cobalt-violet;nicht direkt genannt;
Bündel;Galaxy S26 Ultra;256;o2;netzbetreiber;O2 Mobile Unlimited M Plus mit 100 MBit/s (24 Mon.);XL;neu;7,00;19,99;60,50;;24;0,00;24;1938,76;;2026-10-10;https://www.o2online.de/e-shop/samsung/samsung-galaxy-s26-ultra-256gb-cobalt-violet-details?ohne-tarif=nein&zielgruppe=privatkunden&ratenzahlung=36&vertragsart=ratenzahlung&tarif=o2-mobile-unlimited-m-plus;samsung-galaxy-s26-ultra-256gb-cobalt-violet;;
Bündel;Galaxy S26 Ultra;256;o2;netzbetreiber;O2 Mobile Unlimited S Special mit 15 MBit/s (24 Mon.);XL;neu;7,00;24,99;60,50;;24;39,99;24;2098,75;;2026-10-10;https://www.o2online.de/e-shop/samsung/samsung-galaxy-s26-ultra-256gb-cobalt-violet-details?ohne-tarif=nein&zielgruppe=privatkunden&ratenzahlung=36&vertragsart=ratenzahlung&tarif=o2-mobile-unlimited-m-plus;samsung-galaxy-s26-ultra-256gb-cobalt-violet;nicht direkt genannt;
Bündel;Galaxy S26 Ultra;256;o2;netzbetreiber;O2 Mobile Unlimited S Special Plus mit 15 MBit/s (24 Mon.);XL;neu;7,00;19,99;60,50;;24;39,99;24;1978,75;;2026-10-08;https://www.o2online.de/e-shop/samsung/samsung-galaxy-s26-ultra-256gb-cobalt-violet-details?ohne-tarif=nein&zielgruppe=privatkunden&ratenzahlung=36&vertragsart=ratenzahlung&tarif=o2-mobile-unlimited-m-plus;samsung-galaxy-s26-ultra-256gb-cobalt-violet;;
Bündel;Galaxy S26 Ultra;512;o2;netzbetreiber;O2 Mobile L mit 150 GB+ (24 Mon.);L;neu;7,00;24,99;69,50;;24;0,00;24;2274,76;;2026-10-10;https://www.o2online.de/e-shop/samsung/samsung-galaxy-s26-ultra-256gb-cobalt-violet-details?ohne-tarif=nein&zielgruppe=privatkunden&ratenzahlung=36&vertragsart=ratenzahlung&tarif=o2-mobile-unlimited-m-plus;samsung-galaxy-s26-ultra-512gb-cobalt-violet;nicht direkt genannt;
Bündel;Galaxy S26 Ultra;512;o2;netzbetreiber;O2 Mobile L Plus mit 150 GB+ (24 Mon.);L;neu;7,00;19,99;69,50;;24;0,00;24;2154,76;;2026-10-10;https://www.o2online.de/e-shop/samsung/samsung-galaxy-s26-ultra-256gb-cobalt-violet-details?ohne-tarif=nein&zielgruppe=privatkunden&ratenzahlung=36&vertragsart=ratenzahlung&tarif=o2-mobile-unlimited-m-plus;samsung-galaxy-s26-ultra-512gb-cobalt-violet;;
Bündel;Galaxy S26 Ultra;512;o2;netzbetreiber;O2 Mobile on Demand M mit 50 GB+ (24 Mon.);M;neu;7,00;19,99;69,50;;24;39,99;24;2194,75;;2026-10-10;https://www.o2online.de/e-shop/samsung/samsung-galaxy-s26-ultra-256gb-cobalt-violet-details?ohne-tarif=nein&zielgruppe=privatkunden&ratenzahlung=36&vertragsart=ratenzahlung&tarif=o2-mobile-unlimited-m-plus;samsung-galaxy-s26-ultra-512gb-cobalt-violet;nicht direkt genannt;
Bündel;Galaxy S26 Ultra;512;o2;netzbetreiber;O2 Mobile on Demand M Plus mit 50 GB+ (24 Mon.);M;neu;7,00;14,99;69,50;;24;39,99;24;2074,75;;2026-10-10;https://www.o2online.de/e-shop/samsung/samsung-galaxy-s26-ultra-256gb-cobalt-violet-details?ohne-tarif=nein&zielgruppe=privatkunden&ratenzahlung=36&vertragsart=ratenzahlung&tarif=o2-mobile-unlimited-m-plus;samsung-galaxy-s26-ultra-512gb-cobalt-violet;;
Bündel;Galaxy S26 Ultra;512;o2;netzbetreiber;O2 Mobile S mit 15 GB+ (24 Mon.);XS;neu;7,00;14,99;69,50;;24;39,99;24;2074,75;;2026-10-10;https://www.o2online.de/e-shop/samsung/samsung-galaxy-s26-ultra-256gb-cobalt-violet-details?ohne-tarif=nein&zielgruppe=privatkunden&ratenzahlung=36&vertragsart=ratenzahlung&tarif=o2-mobile-unlimited-m-plus;samsung-galaxy-s26-ultra-512gb-cobalt-violet;nicht direkt genannt;
Bündel;Galaxy S26 Ultra;512;o2;netzbetreiber;O2 Mobile Special (24 Mon.);;neu;7,00;14,99;69,50;;24;0,00;24;2034,76;;2026-10-10;https://www.o2online.de/e-shop/samsung/samsung-galaxy-s26-ultra-256gb-cobalt-violet-details?ohne-tarif=nein&zielgruppe=privatkunden&ratenzahlung=36&vertragsart=ratenzahlung&tarif=o2-mobile-unlimited-m-plus;samsung-galaxy-s26-ultra-512gb-cobalt-violet;nicht direkt genannt;
Bündel;Galaxy S26 Ultra;512;o2;netzbetreiber;O2 Mobile Unlimited L mit 300 MBit/s (24 Mon.);XL;neu;7,00;39,99;69,50;;24;0,00;24;2634,76;;2026-10-10;https://www.o2online.de/e-shop/samsung/samsung-galaxy-s26-ultra-256gb-cobalt-violet-details?ohne-tarif=nein&zielgruppe=privatkunden&ratenzahlung=36&vertragsart=ratenzahlung&tarif=o2-mobile-unlimited-m-plus;samsung-galaxy-s26-ultra-512gb-cobalt-violet;nicht direkt genannt;
Bündel;Galaxy S26 Ultra;512;o2;netzbetreiber;O2 Mobile Unlimited L Plus mit 300 MBit/s (24 Mon.);;neu;7,00;29,99;69,50;;24;0,00;24;2394,76;;2026-10-10;https://www.o2online.de/e-shop/samsung/samsung-galaxy-s26-ultra-256gb-cobalt-violet-details?ohne-tarif=nein&zielgruppe=privatkunden&ratenzahlung=36&vertragsart=ratenzahlung&tarif=o2-mobile-unlimited-m-plus;samsung-galaxy-s26-ultra-512gb-cobalt-violet;;
Bündel;Galaxy S26 Ultra;512;o2;netzbetreiber;O2 Mobile Unlimited M mit 100 MBit/s (24 Mon.);XL;neu;7,00;29,99;69,50;;24;0,00;24;2394,76;;2026-10-10;https://www.o2online.de/e-shop/samsung/samsung-galaxy-s26-ultra-256gb-cobalt-violet-details?ohne-tarif=nein&zielgruppe=privatkunden&ratenzahlung=36&vertragsart=ratenzahlung&tarif=o2-mobile-unlimited-m-plus;samsung-galaxy-s26-ultra-512gb-cobalt-violet;nicht direkt genannt;
Bündel;Galaxy S26 Ultra;512;o2;netzbetreiber;O2 Mobile Unlimited M Plus mit 100 MBit/s (24 Mon.);XL;neu;7,00;19,99;69,50;;24;0,00;24;2154,76;;2026-10-10;https://www.o2online.de/e-shop/samsung/samsung-galaxy-s26-ultra-256gb-cobalt-violet-details?ohne-tarif=nein&zielgruppe=privatkunden&ratenzahlung=36&vertragsart=ratenzahlung&tarif=o2-mobile-unlimited-m-plus;samsung-galaxy-s26-ultra-512gb-cobalt-violet;;
Bündel;Galaxy S26 Ultra;512;o2;netzbetreiber;O2 Mobile Unlimited S Special mit 15 MBit/s (24 Mon.);XL;neu;7,00;24,99;69,50;;24;39,99;24;2314,75;;2026-10-10;https://www.o2online.de/e-shop/samsung/samsung-galaxy-s26-ultra-256gb-cobalt-violet-details?ohne-tarif=nein&zielgruppe=privatkunden&ratenzahlung=36&vertragsart=ratenzahlung&tarif=o2-mobile-unlimited-m-plus;samsung-galaxy-s26-ultra-512gb-cobalt-violet;nicht direkt genannt;
Bündel;Galaxy S26 Ultra;512;o2;netzbetreiber;O2 Mobile Unlimited S Special Plus mit 15 MBit/s (24 Mon.);XL;neu;7,00;19,99;69,50;;24;39,99;24;2194,75;;2026-10-08;https://www.o2online.de/e-shop/samsung/samsung-galaxy-s26-ultra-256gb-cobalt-violet-details?ohne-tarif=nein&zielgruppe=privatkunden&ratenzahlung=36&vertragsart=ratenzahlung&tarif=o2-mobile-unlimited-m-plus;samsung-galaxy-s26-ultra-512gb-cobalt-violet;;
Bündel;Galaxy Xcover 7 EE;;o2;netzbetreiber;O2 Mobile L mit 150 GB+ (24 Mon.);L;neu;1,00;24,99;13,50;;24;0,00;24;924,76;;2026-10-10;https://www.o2online.de/e-shop/samsung/samsung-galaxy-xcover-7-ee-schwarz-details?ohne-tarif=nein&zielgruppe=privatkunden&ratenzahlung=36&vertragsart=ratenzahlung&tarif=o2-mobile-on-demand-m;samsung-galaxy-xcover-7-ee-ohne-speicher-ohne-farbe;nicht direkt genannt;
Bündel;Galaxy Xcover 7 EE;;o2;netzbetreiber;O2 Mobile on Demand M mit 50 GB+ (24 Mon.);M;neu;1,00;19,99;13,50;;24;39,99;24;844,75;;2026-10-10;https://www.o2online.de/e-shop/samsung/samsung-galaxy-xcover-7-ee-schwarz-details?ohne-tarif=nein&zielgruppe=privatkunden&ratenzahlung=36&vertragsart=ratenzahlung&tarif=o2-mobile-on-demand-m;samsung-galaxy-xcover-7-ee-ohne-speicher-ohne-farbe;;
Bündel;Galaxy Xcover 7 EE;;o2;netzbetreiber;O2 Mobile S mit 15 GB+ (24 Mon.);XS;neu;1,00;14,99;13,50;;24;39,99;24;724,75;;2026-10-10;https://www.o2online.de/e-shop/samsung/samsung-galaxy-xcover-7-ee-schwarz-details?ohne-tarif=nein&zielgruppe=privatkunden&ratenzahlung=36&vertragsart=ratenzahlung&tarif=o2-mobile-on-demand-m;samsung-galaxy-xcover-7-ee-ohne-speicher-ohne-farbe;nicht direkt genannt;
Bündel;Galaxy Xcover 7 EE;;o2;netzbetreiber;O2 Mobile Special (24 Mon.);;neu;1,00;14,99;13,50;;24;0,00;24;684,76;;2026-10-10;https://www.o2online.de/e-shop/samsung/samsung-galaxy-xcover-7-ee-schwarz-details?ohne-tarif=nein&zielgruppe=privatkunden&ratenzahlung=36&vertragsart=ratenzahlung&tarif=o2-mobile-on-demand-m;samsung-galaxy-xcover-7-ee-ohne-speicher-ohne-farbe;nicht direkt genannt;
Bündel;Galaxy Xcover 7 EE;;o2;netzbetreiber;O2 Mobile Unlimited L mit 300 MBit/s (24 Mon.);XL;neu;1,00;39,99;13,50;;24;0,00;24;1284,76;;2026-10-10;https://www.o2online.de/e-shop/samsung/samsung-galaxy-xcover-7-ee-schwarz-details?ohne-tarif=nein&zielgruppe=privatkunden&ratenzahlung=36&vertragsart=ratenzahlung&tarif=o2-mobile-on-demand-m;samsung-galaxy-xcover-7-ee-ohne-speicher-ohne-farbe;nicht direkt genannt;
Bündel;Galaxy Xcover 7 EE;;o2;netzbetreiber;O2 Mobile Unlimited M mit 100 MBit/s (24 Mon.);XL;neu;1,00;29,99;13,50;;24;0,00;24;1044,76;;2026-10-10;https://www.o2online.de/e-shop/samsung/samsung-galaxy-xcover-7-ee-schwarz-details?ohne-tarif=nein&zielgruppe=privatkunden&ratenzahlung=36&vertragsart=ratenzahlung&tarif=o2-mobile-on-demand-m;samsung-galaxy-xcover-7-ee-ohne-speicher-ohne-farbe;nicht direkt genannt;
Bündel;Galaxy Xcover 7 EE;;o2;netzbetreiber;O2 Mobile Unlimited S Special mit 15 MBit/s (24 Mon.);XL;neu;1,00;24,99;13,50;;24;39,99;24;964,75;;2026-10-10;https://www.o2online.de/e-shop/samsung/samsung-galaxy-xcover-7-ee-schwarz-details?ohne-tarif=nein&zielgruppe=privatkunden&ratenzahlung=36&vertragsart=ratenzahlung&tarif=o2-mobile-on-demand-m;samsung-galaxy-xcover-7-ee-ohne-speicher-ohne-farbe;nicht direkt genannt;
Bündel;Galaxy XCover7 Pro EE;128;o2;netzbetreiber;O2 Mobile L mit 150 GB+ (24 Mon.);L;neu;1,00;24,99;22,50;;24;0,00;24;1140,76;;2026-10-10;https://www.o2online.de/e-shop/samsung/samsung-galaxy-xcover-7-pro-5g-ee-128gb-schwarz-details?ohne-tarif=nein&zielgruppe=privatkunden&ratenzahlung=36&vertragsart=ratenzahlung&tarif=o2-mobile-on-demand-m-plus;samsung-galaxy-xcover7-pro-ee-128gb-schwarz;nicht direkt genannt;
Bündel;Galaxy XCover7 Pro EE;128;o2;netzbetreiber;O2 Mobile L Plus mit 150 GB+ (24 Mon.);L;neu;1,00;19,99;22,50;;24;0,00;24;1020,76;;2026-10-10;https://www.o2online.de/e-shop/samsung/samsung-galaxy-xcover-7-pro-5g-ee-128gb-schwarz-details?ohne-tarif=nein&zielgruppe=privatkunden&ratenzahlung=36&vertragsart=ratenzahlung&tarif=o2-mobile-on-demand-m-plus;samsung-galaxy-xcover7-pro-ee-128gb-schwarz;nicht direkt genannt;
Bündel;Galaxy XCover7 Pro EE;128;o2;netzbetreiber;O2 Mobile on Demand M mit 50 GB+ (24 Mon.);M;neu;1,00;19,99;22,50;;24;39,99;24;1060,75;;2026-10-10;https://www.o2online.de/e-shop/samsung/samsung-galaxy-xcover-7-pro-5g-ee-128gb-schwarz-details?ohne-tarif=nein&zielgruppe=privatkunden&ratenzahlung=36&vertragsart=ratenzahlung&tarif=o2-mobile-on-demand-m-plus;samsung-galaxy-xcover7-pro-ee-128gb-schwarz;nicht direkt genannt;
Bündel;Galaxy XCover7 Pro EE;128;o2;netzbetreiber;O2 Mobile on Demand M Plus mit 50 GB+ (24 Mon.);M;neu;1,00;14,99;22,50;;24;39,99;24;940,75;;2026-10-10;https://www.o2online.de/e-shop/samsung/samsung-galaxy-xcover-7-pro-5g-ee-128gb-schwarz-details?ohne-tarif=nein&zielgruppe=privatkunden&ratenzahlung=36&vertragsart=ratenzahlung&tarif=o2-mobile-on-demand-m-plus;samsung-galaxy-xcover7-pro-ee-128gb-schwarz;;
Bündel;Galaxy XCover7 Pro EE;128;o2;netzbetreiber;O2 Mobile S mit 15 GB+ (24 Mon.);XS;neu;1,00;14,99;22,50;;24;39,99;24;940,75;;2026-10-10;https://www.o2online.de/e-shop/samsung/samsung-galaxy-xcover-7-pro-5g-ee-128gb-schwarz-details?ohne-tarif=nein&zielgruppe=privatkunden&ratenzahlung=36&vertragsart=ratenzahlung&tarif=o2-mobile-on-demand-m-plus;samsung-galaxy-xcover7-pro-ee-128gb-schwarz;nicht direkt genannt;
Bündel;Galaxy XCover7 Pro EE;128;o2;netzbetreiber;O2 Mobile Special (24 Mon.);;neu;1,00;14,99;22,50;;24;0,00;24;900,76;;2026-10-10;https://www.o2online.de/e-shop/samsung/samsung-galaxy-xcover-7-pro-5g-ee-128gb-schwarz-details?ohne-tarif=nein&zielgruppe=privatkunden&ratenzahlung=36&vertragsart=ratenzahlung&tarif=o2-mobile-on-demand-m-plus;samsung-galaxy-xcover7-pro-ee-128gb-schwarz;nicht direkt genannt;
Bündel;Galaxy XCover7 Pro EE;128;o2;netzbetreiber;O2 Mobile Unlimited L mit 300 MBit/s (24 Mon.);XL;neu;1,00;39,99;22,50;;24;0,00;24;1500,76;;2026-10-10;https://www.o2online.de/e-shop/samsung/samsung-galaxy-xcover-7-pro-5g-ee-128gb-schwarz-details?ohne-tarif=nein&zielgruppe=privatkunden&ratenzahlung=36&vertragsart=ratenzahlung&tarif=o2-mobile-on-demand-m-plus;samsung-galaxy-xcover7-pro-ee-128gb-schwarz;nicht direkt genannt;
Bündel;Galaxy XCover7 Pro EE;128;o2;netzbetreiber;O2 Mobile Unlimited L Plus mit 300 MBit/s (24 Mon.);;neu;1,00;29,99;22,50;;24;0,00;24;1260,76;;2026-10-10;https://www.o2online.de/e-shop/samsung/samsung-galaxy-xcover-7-pro-5g-ee-128gb-schwarz-details?ohne-tarif=nein&zielgruppe=privatkunden&ratenzahlung=36&vertragsart=ratenzahlung&tarif=o2-mobile-on-demand-m-plus;samsung-galaxy-xcover7-pro-ee-128gb-schwarz;nicht direkt genannt;
Bündel;Galaxy XCover7 Pro EE;128;o2;netzbetreiber;O2 Mobile Unlimited M mit 100 MBit/s (24 Mon.);XL;neu;1,00;29,99;22,50;;24;0,00;24;1260,76;;2026-10-10;https://www.o2online.de/e-shop/samsung/samsung-galaxy-xcover-7-pro-5g-ee-128gb-schwarz-details?ohne-tarif=nein&zielgruppe=privatkunden&ratenzahlung=36&vertragsart=ratenzahlung&tarif=o2-mobile-on-demand-m-plus;samsung-galaxy-xcover7-pro-ee-128gb-schwarz;nicht direkt genannt;
Bündel;Galaxy XCover7 Pro EE;128;o2;netzbetreiber;O2 Mobile Unlimited M Plus mit 100 MBit/s (24 Mon.);XL;neu;1,00;19,99;22,50;;24;0,00;24;1020,76;;2026-10-10;https://www.o2online.de/e-shop/samsung/samsung-galaxy-xcover-7-pro-5g-ee-128gb-schwarz-details?ohne-tarif=nein&zielgruppe=privatkunden&ratenzahlung=36&vertragsart=ratenzahlung&tarif=o2-mobile-on-demand-m-plus;samsung-galaxy-xcover7-pro-ee-128gb-schwarz;nicht direkt genannt;
Bündel;Galaxy XCover7 Pro EE;128;o2;netzbetreiber;O2 Mobile Unlimited S Special mit 15 MBit/s (24 Mon.);XL;neu;1,00;24,99;22,50;;24;39,99;24;1180,75;;2026-10-10;https://www.o2online.de/e-shop/samsung/samsung-galaxy-xcover-7-pro-5g-ee-128gb-schwarz-details?ohne-tarif=nein&zielgruppe=privatkunden&ratenzahlung=36&vertragsart=ratenzahlung&tarif=o2-mobile-on-demand-m-plus;samsung-galaxy-xcover7-pro-ee-128gb-schwarz;nicht direkt genannt;
Bündel;Galaxy XCover7 Pro EE;128;o2;netzbetreiber;O2 Mobile Unlimited S Special Plus mit 15 MBit/s (24 Mon.);XL;neu;1,00;19,99;22,50;;24;39,99;24;1060,75;;2026-10-10;https://www.o2online.de/e-shop/samsung/samsung-galaxy-xcover-7-pro-5g-ee-128gb-schwarz-details?ohne-tarif=nein&zielgruppe=privatkunden&ratenzahlung=36&vertragsart=ratenzahlung&tarif=o2-mobile-on-demand-m-plus;samsung-galaxy-xcover7-pro-ee-128gb-schwarz;nicht direkt genannt;
Bündel;Galaxy Z Flip8;256;o2;netzbetreiber;O2 Mobile L mit 150 GB+ (24 Mon.);L;neu;1,00;24,99;54,00;;24;0,00;24;1896,76;;2026-10-10;https://www.o2online.de/e-shop/samsung/samsung-galaxy-z-flip8-256gb-pink-details?ohne-tarif=nein&zielgruppe=privatkunden&ratenzahlung=36&vertragsart=ratenzahlung&tarif=o2-mobile-on-demand-m-plus;samsung-galaxy-z-flip8-256gb-rosa;nicht direkt genannt;
Bündel;Galaxy Z Flip8;256;o2;netzbetreiber;O2 Mobile L Plus mit 150 GB+ (24 Mon.);L;neu;1,00;17,99;54,00;;24;0,00;24;1728,76;;2026-10-10;https://www.o2online.de/e-shop/samsung/samsung-galaxy-z-flip8-256gb-pink-details?ohne-tarif=nein&zielgruppe=privatkunden&ratenzahlung=36&vertragsart=ratenzahlung&tarif=o2-mobile-on-demand-m-plus;samsung-galaxy-z-flip8-256gb-rosa;;
Bündel;Galaxy Z Flip8;256;o2;netzbetreiber;O2 Mobile on Demand M mit 50 GB+ (24 Mon.);M;neu;1,00;19,99;54,00;;24;39,99;24;1816,75;;2026-10-10;https://www.o2online.de/e-shop/samsung/samsung-galaxy-z-flip8-256gb-pink-details?ohne-tarif=nein&zielgruppe=privatkunden&ratenzahlung=36&vertragsart=ratenzahlung&tarif=o2-mobile-on-demand-m-plus;samsung-galaxy-z-flip8-256gb-rosa;nicht direkt genannt;
Bündel;Galaxy Z Flip8;256;o2;netzbetreiber;O2 Mobile on Demand M Plus mit 50 GB+ (24 Mon.);M;neu;1,00;12,99;54,00;;24;39,99;24;1648,75;;2026-10-10;https://www.o2online.de/e-shop/samsung/samsung-galaxy-z-flip8-256gb-pink-details?ohne-tarif=nein&zielgruppe=privatkunden&ratenzahlung=36&vertragsart=ratenzahlung&tarif=o2-mobile-on-demand-m-plus;samsung-galaxy-z-flip8-256gb-rosa;;
Bündel;Galaxy Z Flip8;256;o2;netzbetreiber;O2 Mobile S mit 15 GB+ (24 Mon.);XS;neu;1,00;14,99;54,00;;24;39,99;24;1696,75;;2026-10-10;https://www.o2online.de/e-shop/samsung/samsung-galaxy-z-flip8-256gb-pink-details?ohne-tarif=nein&zielgruppe=privatkunden&ratenzahlung=36&vertragsart=ratenzahlung&tarif=o2-mobile-on-demand-m-plus;samsung-galaxy-z-flip8-256gb-rosa;nicht direkt genannt;
Bündel;Galaxy Z Flip8;256;o2;netzbetreiber;O2 Mobile Special (24 Mon.);;neu;1,00;14,99;54,00;;24;0,00;24;1656,76;;2026-10-10;https://www.o2online.de/e-shop/samsung/samsung-galaxy-z-flip8-256gb-pink-details?ohne-tarif=nein&zielgruppe=privatkunden&ratenzahlung=36&vertragsart=ratenzahlung&tarif=o2-mobile-on-demand-m-plus;samsung-galaxy-z-flip8-256gb-rosa;nicht direkt genannt;
Bündel;Galaxy Z Flip8;256;o2;netzbetreiber;O2 Mobile Unlimited L mit 300 MBit/s (24 Mon.);XL;neu;1,00;39,99;54,00;;24;0,00;24;2256,76;;2026-10-10;https://www.o2online.de/e-shop/samsung/samsung-galaxy-z-flip8-256gb-pink-details?ohne-tarif=nein&zielgruppe=privatkunden&ratenzahlung=36&vertragsart=ratenzahlung&tarif=o2-mobile-on-demand-m-plus;samsung-galaxy-z-flip8-256gb-rosa;nicht direkt genannt;
Bündel;Galaxy Z Flip8;256;o2;netzbetreiber;O2 Mobile Unlimited L Plus mit 300 MBit/s (24 Mon.);;neu;1,00;27,99;54,00;;24;0,00;24;1968,76;;2026-10-10;https://www.o2online.de/e-shop/samsung/samsung-galaxy-z-flip8-256gb-pink-details?ohne-tarif=nein&zielgruppe=privatkunden&ratenzahlung=36&vertragsart=ratenzahlung&tarif=o2-mobile-on-demand-m-plus;samsung-galaxy-z-flip8-256gb-rosa;;
Bündel;Galaxy Z Flip8;256;o2;netzbetreiber;O2 Mobile Unlimited M mit 100 MBit/s (24 Mon.);XL;neu;1,00;29,99;54,00;;24;0,00;24;2016,76;;2026-10-10;https://www.o2online.de/e-shop/samsung/samsung-galaxy-z-flip8-256gb-pink-details?ohne-tarif=nein&zielgruppe=privatkunden&ratenzahlung=36&vertragsart=ratenzahlung&tarif=o2-mobile-on-demand-m-plus;samsung-galaxy-z-flip8-256gb-rosa;nicht direkt genannt;
Bündel;Galaxy Z Flip8;256;o2;netzbetreiber;O2 Mobile Unlimited M Plus mit 100 MBit/s (24 Mon.);XL;neu;1,00;17,99;54,00;;24;0,00;24;1728,76;;2026-10-10;https://www.o2online.de/e-shop/samsung/samsung-galaxy-z-flip8-256gb-pink-details?ohne-tarif=nein&zielgruppe=privatkunden&ratenzahlung=36&vertragsart=ratenzahlung&tarif=o2-mobile-on-demand-m-plus;samsung-galaxy-z-flip8-256gb-rosa;;
Bündel;Galaxy Z Flip8;256;o2;netzbetreiber;O2 Mobile Unlimited S Special mit 15 MBit/s (24 Mon.);XL;neu;1,00;24,99;54,00;;24;39,99;24;1936,75;;2026-10-10;https://www.o2online.de/e-shop/samsung/samsung-galaxy-z-flip8-256gb-pink-details?ohne-tarif=nein&zielgruppe=privatkunden&ratenzahlung=36&vertragsart=ratenzahlung&tarif=o2-mobile-on-demand-m-plus;samsung-galaxy-z-flip8-256gb-rosa;nicht direkt genannt;
Bündel;Galaxy Z Flip8;256;o2;netzbetreiber;O2 Mobile Unlimited S Special Plus mit 15 MBit/s (24 Mon.);XL;neu;1,00;17,99;54,00;;24;39,99;24;1768,75;;2026-10-10;https://www.o2online.de/e-shop/samsung/samsung-galaxy-z-flip8-256gb-pink-details?ohne-tarif=nein&zielgruppe=privatkunden&ratenzahlung=36&vertragsart=ratenzahlung&tarif=o2-mobile-on-demand-m-plus;samsung-galaxy-z-flip8-256gb-rosa;nicht direkt genannt;
Bündel;Galaxy Z Flip8;512;o2;netzbetreiber;O2 Mobile L mit 150 GB+ (24 Mon.);L;neu;1,00;24,99;63,00;;24;0,00;24;2112,76;;2026-10-10;https://www.o2online.de/e-shop/samsung/samsung-galaxy-z-flip8-256gb-pink-details?ohne-tarif=nein&zielgruppe=privatkunden&ratenzahlung=36&vertragsart=ratenzahlung&tarif=o2-mobile-on-demand-m-plus;samsung-galaxy-z-flip8-512gb-rosa;nicht direkt genannt;
Bündel;Galaxy Z Flip8;512;o2;netzbetreiber;O2 Mobile L Plus mit 150 GB+ (24 Mon.);L;neu;1,00;17,99;63,00;;24;0,00;24;1944,76;;2026-10-10;https://www.o2online.de/e-shop/samsung/samsung-galaxy-z-flip8-256gb-pink-details?ohne-tarif=nein&zielgruppe=privatkunden&ratenzahlung=36&vertragsart=ratenzahlung&tarif=o2-mobile-on-demand-m-plus;samsung-galaxy-z-flip8-512gb-rosa;;
Bündel;Galaxy Z Flip8;512;o2;netzbetreiber;O2 Mobile on Demand M mit 50 GB+ (24 Mon.);M;neu;1,00;19,99;63,00;;24;39,99;24;2032,75;;2026-10-10;https://www.o2online.de/e-shop/samsung/samsung-galaxy-z-flip8-256gb-pink-details?ohne-tarif=nein&zielgruppe=privatkunden&ratenzahlung=36&vertragsart=ratenzahlung&tarif=o2-mobile-on-demand-m-plus;samsung-galaxy-z-flip8-512gb-rosa;nicht direkt genannt;
Bündel;Galaxy Z Flip8;512;o2;netzbetreiber;O2 Mobile on Demand M Plus mit 50 GB+ (24 Mon.);M;neu;1,00;12,99;63,00;;24;39,99;24;1864,75;;2026-10-10;https://www.o2online.de/e-shop/samsung/samsung-galaxy-z-flip8-256gb-pink-details?ohne-tarif=nein&zielgruppe=privatkunden&ratenzahlung=36&vertragsart=ratenzahlung&tarif=o2-mobile-on-demand-m-plus;samsung-galaxy-z-flip8-512gb-rosa;;
Bündel;Galaxy Z Flip8;512;o2;netzbetreiber;O2 Mobile S mit 15 GB+ (24 Mon.);XS;neu;1,00;14,99;63,00;;24;39,99;24;1912,75;;2026-10-10;https://www.o2online.de/e-shop/samsung/samsung-galaxy-z-flip8-256gb-pink-details?ohne-tarif=nein&zielgruppe=privatkunden&ratenzahlung=36&vertragsart=ratenzahlung&tarif=o2-mobile-on-demand-m-plus;samsung-galaxy-z-flip8-512gb-rosa;nicht direkt genannt;
Bündel;Galaxy Z Flip8;512;o2;netzbetreiber;O2 Mobile Special (24 Mon.);;neu;1,00;14,99;63,00;;24;0,00;24;1872,76;;2026-10-10;https://www.o2online.de/e-shop/samsung/samsung-galaxy-z-flip8-256gb-pink-details?ohne-tarif=nein&zielgruppe=privatkunden&ratenzahlung=36&vertragsart=ratenzahlung&tarif=o2-mobile-on-demand-m-plus;samsung-galaxy-z-flip8-512gb-rosa;nicht direkt genannt;
Bündel;Galaxy Z Flip8;512;o2;netzbetreiber;O2 Mobile Unlimited L mit 300 MBit/s (24 Mon.);XL;neu;1,00;39,99;63,00;;24;0,00;24;2472,76;;2026-10-10;https://www.o2online.de/e-shop/samsung/samsung-galaxy-z-flip8-256gb-pink-details?ohne-tarif=nein&zielgruppe=privatkunden&ratenzahlung=36&vertragsart=ratenzahlung&tarif=o2-mobile-on-demand-m-plus;samsung-galaxy-z-flip8-512gb-rosa;nicht direkt genannt;
Bündel;Galaxy Z Flip8;512;o2;netzbetreiber;O2 Mobile Unlimited L Plus mit 300 MBit/s (24 Mon.);;neu;1,00;27,99;63,00;;24;0,00;24;2184,76;;2026-10-10;https://www.o2online.de/e-shop/samsung/samsung-galaxy-z-flip8-256gb-pink-details?ohne-tarif=nein&zielgruppe=privatkunden&ratenzahlung=36&vertragsart=ratenzahlung&tarif=o2-mobile-on-demand-m-plus;samsung-galaxy-z-flip8-512gb-rosa;;
Bündel;Galaxy Z Flip8;512;o2;netzbetreiber;O2 Mobile Unlimited M mit 100 MBit/s (24 Mon.);XL;neu;1,00;29,99;63,00;;24;0,00;24;2232,76;;2026-10-10;https://www.o2online.de/e-shop/samsung/samsung-galaxy-z-flip8-256gb-pink-details?ohne-tarif=nein&zielgruppe=privatkunden&ratenzahlung=36&vertragsart=ratenzahlung&tarif=o2-mobile-on-demand-m-plus;samsung-galaxy-z-flip8-512gb-rosa;nicht direkt genannt;
Bündel;Galaxy Z Flip8;512;o2;netzbetreiber;O2 Mobile Unlimited M Plus mit 100 MBit/s (24 Mon.);XL;neu;1,00;17,99;63,00;;24;0,00;24;1944,76;;2026-10-10;https://www.o2online.de/e-shop/samsung/samsung-galaxy-z-flip8-256gb-pink-details?ohne-tarif=nein&zielgruppe=privatkunden&ratenzahlung=36&vertragsart=ratenzahlung&tarif=o2-mobile-on-demand-m-plus;samsung-galaxy-z-flip8-512gb-rosa;;
Bündel;Galaxy Z Flip8;512;o2;netzbetreiber;O2 Mobile Unlimited S Special mit 15 MBit/s (24 Mon.);XL;neu;1,00;24,99;63,00;;24;39,99;24;2152,75;;2026-10-10;https://www.o2online.de/e-shop/samsung/samsung-galaxy-z-flip8-256gb-pink-details?ohne-tarif=nein&zielgruppe=privatkunden&ratenzahlung=36&vertragsart=ratenzahlung&tarif=o2-mobile-on-demand-m-plus;samsung-galaxy-z-flip8-512gb-rosa;nicht direkt genannt;
Bündel;Galaxy Z Flip8;512;o2;netzbetreiber;O2 Mobile Unlimited S Special Plus mit 15 MBit/s (24 Mon.);XL;neu;1,00;17,99;63,00;;24;39,99;24;1984,75;;2026-10-10;https://www.o2online.de/e-shop/samsung/samsung-galaxy-z-flip8-256gb-pink-details?ohne-tarif=nein&zielgruppe=privatkunden&ratenzahlung=36&vertragsart=ratenzahlung&tarif=o2-mobile-on-demand-m-plus;samsung-galaxy-z-flip8-512gb-rosa;nicht direkt genannt;
Bündel;Galaxy Z Fold8;256;o2;netzbetreiber;O2 Mobile L mit 150 GB+ (24 Mon.);L;neu;1,00;24,99;84,00;;24;0,00;24;2616,76;;2026-10-10;https://www.o2online.de/e-shop/samsung/samsung-galaxy-z-fold8-256gb-lavender-details?ohne-tarif=nein&zielgruppe=privatkunden&ratenzahlung=36&vertragsart=ratenzahlung&tarif=o2-mobile-on-demand-m-plus;samsung-galaxy-z-fold8-256gb-violett;nicht direkt genannt;
Bündel;Galaxy Z Fold8;256;o2;netzbetreiber;O2 Mobile L Plus mit 150 GB+ (24 Mon.);L;neu;1,00;19,99;84,00;;24;0,00;24;2496,76;;2026-10-10;https://www.o2online.de/e-shop/samsung/samsung-galaxy-z-fold8-256gb-lavender-details?ohne-tarif=nein&zielgruppe=privatkunden&ratenzahlung=36&vertragsart=ratenzahlung&tarif=o2-mobile-on-demand-m-plus;samsung-galaxy-z-fold8-256gb-violett;;
Bündel;Galaxy Z Fold8;256;o2;netzbetreiber;O2 Mobile on Demand M mit 50 GB+ (24 Mon.);M;neu;1,00;19,99;84,00;;24;39,99;24;2536,75;;2026-10-10;https://www.o2online.de/e-shop/samsung/samsung-galaxy-z-fold8-256gb-lavender-details?ohne-tarif=nein&zielgruppe=privatkunden&ratenzahlung=36&vertragsart=ratenzahlung&tarif=o2-mobile-on-demand-m-plus;samsung-galaxy-z-fold8-256gb-violett;nicht direkt genannt;
Bündel;Galaxy Z Fold8;256;o2;netzbetreiber;O2 Mobile on Demand M Plus mit 50 GB+ (24 Mon.);M;neu;1,00;14,99;84,00;;24;39,99;24;2416,75;;2026-10-10;https://www.o2online.de/e-shop/samsung/samsung-galaxy-z-fold8-256gb-lavender-details?ohne-tarif=nein&zielgruppe=privatkunden&ratenzahlung=36&vertragsart=ratenzahlung&tarif=o2-mobile-on-demand-m-plus;samsung-galaxy-z-fold8-256gb-violett;;
Bündel;Galaxy Z Fold8;256;o2;netzbetreiber;O2 Mobile S mit 15 GB+ (24 Mon.);XS;neu;1,00;14,99;84,00;;24;39,99;24;2416,75;;2026-10-10;https://www.o2online.de/e-shop/samsung/samsung-galaxy-z-fold8-256gb-lavender-details?ohne-tarif=nein&zielgruppe=privatkunden&ratenzahlung=36&vertragsart=ratenzahlung&tarif=o2-mobile-on-demand-m-plus;samsung-galaxy-z-fold8-256gb-violett;nicht direkt genannt;
Bündel;Galaxy Z Fold8;256;o2;netzbetreiber;O2 Mobile Special (24 Mon.);;neu;1,00;14,99;84,00;;24;0,00;24;2376,76;;2026-10-10;https://www.o2online.de/e-shop/samsung/samsung-galaxy-z-fold8-256gb-lavender-details?ohne-tarif=nein&zielgruppe=privatkunden&ratenzahlung=36&vertragsart=ratenzahlung&tarif=o2-mobile-on-demand-m-plus;samsung-galaxy-z-fold8-256gb-violett;nicht direkt genannt;
Bündel;Galaxy Z Fold8;256;o2;netzbetreiber;O2 Mobile Unlimited L mit 300 MBit/s (24 Mon.);XL;neu;1,00;39,99;84,00;;24;0,00;24;2976,76;;2026-10-10;https://www.o2online.de/e-shop/samsung/samsung-galaxy-z-fold8-256gb-lavender-details?ohne-tarif=nein&zielgruppe=privatkunden&ratenzahlung=36&vertragsart=ratenzahlung&tarif=o2-mobile-on-demand-m-plus;samsung-galaxy-z-fold8-256gb-violett;nicht direkt genannt;
Bündel;Galaxy Z Fold8;256;o2;netzbetreiber;O2 Mobile Unlimited L Plus mit 300 MBit/s (24 Mon.);;neu;1,00;29,99;84,00;;24;0,00;24;2736,76;;2026-10-10;https://www.o2online.de/e-shop/samsung/samsung-galaxy-z-fold8-256gb-lavender-details?ohne-tarif=nein&zielgruppe=privatkunden&ratenzahlung=36&vertragsart=ratenzahlung&tarif=o2-mobile-on-demand-m-plus;samsung-galaxy-z-fold8-256gb-violett;;
Bündel;Galaxy Z Fold8;256;o2;netzbetreiber;O2 Mobile Unlimited M mit 100 MBit/s (24 Mon.);XL;neu;1,00;29,99;84,00;;24;0,00;24;2736,76;;2026-10-10;https://www.o2online.de/e-shop/samsung/samsung-galaxy-z-fold8-256gb-lavender-details?ohne-tarif=nein&zielgruppe=privatkunden&ratenzahlung=36&vertragsart=ratenzahlung&tarif=o2-mobile-on-demand-m-plus;samsung-galaxy-z-fold8-256gb-violett;nicht direkt genannt;
Bündel;Galaxy Z Fold8;256;o2;netzbetreiber;O2 Mobile Unlimited M Plus mit 100 MBit/s (24 Mon.);XL;neu;1,00;19,99;84,00;;24;0,00;24;2496,76;;2026-10-10;https://www.o2online.de/e-shop/samsung/samsung-galaxy-z-fold8-256gb-lavender-details?ohne-tarif=nein&zielgruppe=privatkunden&ratenzahlung=36&vertragsart=ratenzahlung&tarif=o2-mobile-on-demand-m-plus;samsung-galaxy-z-fold8-256gb-violett;;
Bündel;Galaxy Z Fold8;256;o2;netzbetreiber;O2 Mobile Unlimited S Special mit 15 MBit/s (24 Mon.);XL;neu;1,00;24,99;84,00;;24;39,99;24;2656,75;;2026-10-10;https://www.o2online.de/e-shop/samsung/samsung-galaxy-z-fold8-256gb-lavender-details?ohne-tarif=nein&zielgruppe=privatkunden&ratenzahlung=36&vertragsart=ratenzahlung&tarif=o2-mobile-on-demand-m-plus;samsung-galaxy-z-fold8-256gb-violett;nicht direkt genannt;
Bündel;Galaxy Z Fold8;256;o2;netzbetreiber;O2 Mobile Unlimited S Special Plus mit 15 MBit/s (24 Mon.);XL;neu;1,00;19,99;84,00;;24;39,99;24;2536,75;;2026-10-10;https://www.o2online.de/e-shop/samsung/samsung-galaxy-z-fold8-256gb-lavender-details?ohne-tarif=nein&zielgruppe=privatkunden&ratenzahlung=36&vertragsart=ratenzahlung&tarif=o2-mobile-on-demand-m-plus;samsung-galaxy-z-fold8-256gb-violett;nicht direkt genannt;
Bündel;Galaxy Z Fold8;512;o2;netzbetreiber;O2 Mobile L mit 150 GB+ (24 Mon.);L;neu;1,00;24,99;91,50;;24;0,00;24;2796,76;;2026-10-10;https://www.o2online.de/e-shop/samsung/samsung-galaxy-z-fold8-256gb-lavender-details?ohne-tarif=nein&zielgruppe=privatkunden&ratenzahlung=36&vertragsart=ratenzahlung&tarif=o2-mobile-on-demand-m-plus;samsung-galaxy-z-fold8-512gb-violett;nicht direkt genannt;
Bündel;Galaxy Z Fold8;512;o2;netzbetreiber;O2 Mobile L Plus mit 150 GB+ (24 Mon.);L;neu;1,00;19,99;91,50;;24;0,00;24;2676,76;;2026-10-10;https://www.o2online.de/e-shop/samsung/samsung-galaxy-z-fold8-256gb-lavender-details?ohne-tarif=nein&zielgruppe=privatkunden&ratenzahlung=36&vertragsart=ratenzahlung&tarif=o2-mobile-on-demand-m-plus;samsung-galaxy-z-fold8-512gb-violett;;
Bündel;Galaxy Z Fold8;512;o2;netzbetreiber;O2 Mobile on Demand M mit 50 GB+ (24 Mon.);M;neu;1,00;19,99;91,50;;24;39,99;24;2716,75;;2026-10-10;https://www.o2online.de/e-shop/samsung/samsung-galaxy-z-fold8-256gb-lavender-details?ohne-tarif=nein&zielgruppe=privatkunden&ratenzahlung=36&vertragsart=ratenzahlung&tarif=o2-mobile-on-demand-m-plus;samsung-galaxy-z-fold8-512gb-violett;nicht direkt genannt;
Bündel;Galaxy Z Fold8;512;o2;netzbetreiber;O2 Mobile on Demand M Plus mit 50 GB+ (24 Mon.);M;neu;1,00;14,99;91,50;;24;39,99;24;2596,75;;2026-10-10;https://www.o2online.de/e-shop/samsung/samsung-galaxy-z-fold8-256gb-lavender-details?ohne-tarif=nein&zielgruppe=privatkunden&ratenzahlung=36&vertragsart=ratenzahlung&tarif=o2-mobile-on-demand-m-plus;samsung-galaxy-z-fold8-512gb-violett;;
Bündel;Galaxy Z Fold8;512;o2;netzbetreiber;O2 Mobile S mit 15 GB+ (24 Mon.);XS;neu;1,00;14,99;91,50;;24;39,99;24;2596,75;;2026-10-10;https://www.o2online.de/e-shop/samsung/samsung-galaxy-z-fold8-256gb-lavender-details?ohne-tarif=nein&zielgruppe=privatkunden&ratenzahlung=36&vertragsart=ratenzahlung&tarif=o2-mobile-on-demand-m-plus;samsung-galaxy-z-fold8-512gb-violett;nicht direkt genannt;
Bündel;Galaxy Z Fold8;512;o2;netzbetreiber;O2 Mobile Special (24 Mon.);;neu;1,00;14,99;91,50;;24;0,00;24;2556,76;;2026-10-10;https://www.o2online.de/e-shop/samsung/samsung-galaxy-z-fold8-256gb-lavender-details?ohne-tarif=nein&zielgruppe=privatkunden&ratenzahlung=36&vertragsart=ratenzahlung&tarif=o2-mobile-on-demand-m-plus;samsung-galaxy-z-fold8-512gb-violett;nicht direkt genannt;
Bündel;Galaxy Z Fold8;512;o2;netzbetreiber;O2 Mobile Unlimited L mit 300 MBit/s (24 Mon.);XL;neu;1,00;39,99;91,50;;24;0,00;24;3156,76;;2026-10-10;https://www.o2online.de/e-shop/samsung/samsung-galaxy-z-fold8-256gb-lavender-details?ohne-tarif=nein&zielgruppe=privatkunden&ratenzahlung=36&vertragsart=ratenzahlung&tarif=o2-mobile-on-demand-m-plus;samsung-galaxy-z-fold8-512gb-violett;nicht direkt genannt;
Bündel;Galaxy Z Fold8;512;o2;netzbetreiber;O2 Mobile Unlimited L Plus mit 300 MBit/s (24 Mon.);;neu;1,00;29,99;91,50;;24;0,00;24;2916,76;;2026-10-10;https://www.o2online.de/e-shop/samsung/samsung-galaxy-z-fold8-256gb-lavender-details?ohne-tarif=nein&zielgruppe=privatkunden&ratenzahlung=36&vertragsart=ratenzahlung&tarif=o2-mobile-on-demand-m-plus;samsung-galaxy-z-fold8-512gb-violett;;
Bündel;Galaxy Z Fold8;512;o2;netzbetreiber;O2 Mobile Unlimited M mit 100 MBit/s (24 Mon.);XL;neu;1,00;29,99;91,50;;24;0,00;24;2916,76;;2026-10-10;https://www.o2online.de/e-shop/samsung/samsung-galaxy-z-fold8-256gb-lavender-details?ohne-tarif=nein&zielgruppe=privatkunden&ratenzahlung=36&vertragsart=ratenzahlung&tarif=o2-mobile-on-demand-m-plus;samsung-galaxy-z-fold8-512gb-violett;nicht direkt genannt;
Bündel;Galaxy Z Fold8;512;o2;netzbetreiber;O2 Mobile Unlimited M Plus mit 100 MBit/s (24 Mon.);XL;neu;1,00;19,99;91,50;;24;0,00;24;2676,76;;2026-10-10;https://www.o2online.de/e-shop/samsung/samsung-galaxy-z-fold8-256gb-lavender-details?ohne-tarif=nein&zielgruppe=privatkunden&ratenzahlung=36&vertragsart=ratenzahlung&tarif=o2-mobile-on-demand-m-plus;samsung-galaxy-z-fold8-512gb-violett;;
Bündel;Galaxy Z Fold8;512;o2;netzbetreiber;O2 Mobile Unlimited S Special mit 15 MBit/s (24 Mon.);XL;neu;1,00;24,99;91,50;;24;39,99;24;2836,75;;2026-10-10;https://www.o2online.de/e-shop/samsung/samsung-galaxy-z-fold8-256gb-lavender-details?ohne-tarif=nein&zielgruppe=privatkunden&ratenzahlung=36&vertragsart=ratenzahlung&tarif=o2-mobile-on-demand-m-plus;samsung-galaxy-z-fold8-512gb-violett;nicht direkt genannt;
Bündel;Galaxy Z Fold8;512;o2;netzbetreiber;O2 Mobile Unlimited S Special Plus mit 15 MBit/s (24 Mon.);XL;neu;1,00;19,99;91,50;;24;39,99;24;2716,75;;2026-10-10;https://www.o2online.de/e-shop/samsung/samsung-galaxy-z-fold8-256gb-lavender-details?ohne-tarif=nein&zielgruppe=privatkunden&ratenzahlung=36&vertragsart=ratenzahlung&tarif=o2-mobile-on-demand-m-plus;samsung-galaxy-z-fold8-512gb-violett;nicht direkt genannt;
Bündel;Galaxy Z Fold8 Ultra;256;o2;netzbetreiber;O2 Mobile L mit 150 GB+ (24 Mon.);L;neu;1,00;24,99;91,50;;24;0,00;24;2796,76;;2026-10-10;https://www.o2online.de/e-shop/samsung/samsung-galaxy-z-fold8-ultra-256gb-violet-shadow-details?ohne-tarif=nein&zielgruppe=privatkunden&ratenzahlung=36&vertragsart=ratenzahlung&tarif=o2-mobile-on-demand-m-plus;samsung-galaxy-z-fold8-ultra-256gb-violet-shadow;nicht direkt genannt;
Bündel;Galaxy Z Fold8 Ultra;256;o2;netzbetreiber;O2 Mobile L Plus mit 150 GB+ (24 Mon.);L;neu;1,00;19,99;91,50;;24;0,00;24;2676,76;;2026-10-10;https://www.o2online.de/e-shop/samsung/samsung-galaxy-z-fold8-ultra-256gb-violet-shadow-details?ohne-tarif=nein&zielgruppe=privatkunden&ratenzahlung=36&vertragsart=ratenzahlung&tarif=o2-mobile-on-demand-m-plus;samsung-galaxy-z-fold8-ultra-256gb-violet-shadow;;
Bündel;Galaxy Z Fold8 Ultra;256;o2;netzbetreiber;O2 Mobile on Demand M mit 50 GB+ (24 Mon.);M;neu;1,00;19,99;91,50;;24;39,99;24;2716,75;;2026-10-10;https://www.o2online.de/e-shop/samsung/samsung-galaxy-z-fold8-ultra-256gb-violet-shadow-details?ohne-tarif=nein&zielgruppe=privatkunden&ratenzahlung=36&vertragsart=ratenzahlung&tarif=o2-mobile-on-demand-m-plus;samsung-galaxy-z-fold8-ultra-256gb-violet-shadow;nicht direkt genannt;
Bündel;Galaxy Z Fold8 Ultra;256;o2;netzbetreiber;O2 Mobile on Demand M Plus mit 50 GB+ (24 Mon.);M;neu;1,00;14,99;91,50;;24;39,99;24;2596,75;;2026-10-10;https://www.o2online.de/e-shop/samsung/samsung-galaxy-z-fold8-ultra-256gb-violet-shadow-details?ohne-tarif=nein&zielgruppe=privatkunden&ratenzahlung=36&vertragsart=ratenzahlung&tarif=o2-mobile-on-demand-m-plus;samsung-galaxy-z-fold8-ultra-256gb-violet-shadow;;
Bündel;Galaxy Z Fold8 Ultra;256;o2;netzbetreiber;O2 Mobile S mit 15 GB+ (24 Mon.);XS;neu;1,00;14,99;91,50;;24;39,99;24;2596,75;;2026-10-10;https://www.o2online.de/e-shop/samsung/samsung-galaxy-z-fold8-ultra-256gb-violet-shadow-details?ohne-tarif=nein&zielgruppe=privatkunden&ratenzahlung=36&vertragsart=ratenzahlung&tarif=o2-mobile-on-demand-m-plus;samsung-galaxy-z-fold8-ultra-256gb-violet-shadow;nicht direkt genannt;
Bündel;Galaxy Z Fold8 Ultra;256;o2;netzbetreiber;O2 Mobile Special (24 Mon.);;neu;1,00;14,99;91,50;;24;0,00;24;2556,76;;2026-10-10;https://www.o2online.de/e-shop/samsung/samsung-galaxy-z-fold8-ultra-256gb-violet-shadow-details?ohne-tarif=nein&zielgruppe=privatkunden&ratenzahlung=36&vertragsart=ratenzahlung&tarif=o2-mobile-on-demand-m-plus;samsung-galaxy-z-fold8-ultra-256gb-violet-shadow;nicht direkt genannt;
Bündel;Galaxy Z Fold8 Ultra;256;o2;netzbetreiber;O2 Mobile Unlimited L mit 300 MBit/s (24 Mon.);XL;neu;1,00;39,99;91,50;;24;0,00;24;3156,76;;2026-10-10;https://www.o2online.de/e-shop/samsung/samsung-galaxy-z-fold8-ultra-256gb-violet-shadow-details?ohne-tarif=nein&zielgruppe=privatkunden&ratenzahlung=36&vertragsart=ratenzahlung&tarif=o2-mobile-on-demand-m-plus;samsung-galaxy-z-fold8-ultra-256gb-violet-shadow;nicht direkt genannt;
Bündel;Galaxy Z Fold8 Ultra;256;o2;netzbetreiber;O2 Mobile Unlimited L Plus mit 300 MBit/s (24 Mon.);;neu;1,00;29,99;91,50;;24;0,00;24;2916,76;;2026-10-10;https://www.o2online.de/e-shop/samsung/samsung-galaxy-z-fold8-ultra-256gb-violet-shadow-details?ohne-tarif=nein&zielgruppe=privatkunden&ratenzahlung=36&vertragsart=ratenzahlung&tarif=o2-mobile-on-demand-m-plus;samsung-galaxy-z-fold8-ultra-256gb-violet-shadow;;
Bündel;Galaxy Z Fold8 Ultra;256;o2;netzbetreiber;O2 Mobile Unlimited M mit 100 MBit/s (24 Mon.);XL;neu;1,00;29,99;91,50;;24;0,00;24;2916,76;;2026-10-10;https://www.o2online.de/e-shop/samsung/samsung-galaxy-z-fold8-ultra-256gb-violet-shadow-details?ohne-tarif=nein&zielgruppe=privatkunden&ratenzahlung=36&vertragsart=ratenzahlung&tarif=o2-mobile-on-demand-m-plus;samsung-galaxy-z-fold8-ultra-256gb-violet-shadow;nicht direkt genannt;
Bündel;Galaxy Z Fold8 Ultra;256;o2;netzbetreiber;O2 Mobile Unlimited M Plus mit 100 MBit/s (24 Mon.);XL;neu;1,00;19,99;91,50;;24;0,00;24;2676,76;;2026-10-10;https://www.o2online.de/e-shop/samsung/samsung-galaxy-z-fold8-ultra-256gb-violet-shadow-details?ohne-tarif=nein&zielgruppe=privatkunden&ratenzahlung=36&vertragsart=ratenzahlung&tarif=o2-mobile-on-demand-m-plus;samsung-galaxy-z-fold8-ultra-256gb-violet-shadow;;
Bündel;Galaxy Z Fold8 Ultra;256;o2;netzbetreiber;O2 Mobile Unlimited S Special mit 15 MBit/s (24 Mon.);XL;neu;1,00;24,99;91,50;;24;39,99;24;2836,75;;2026-10-10;https://www.o2online.de/e-shop/samsung/samsung-galaxy-z-fold8-ultra-256gb-violet-shadow-details?ohne-tarif=nein&zielgruppe=privatkunden&ratenzahlung=36&vertragsart=ratenzahlung&tarif=o2-mobile-on-demand-m-plus;samsung-galaxy-z-fold8-ultra-256gb-violet-shadow;nicht direkt genannt;
Bündel;Galaxy Z Fold8 Ultra;256;o2;netzbetreiber;O2 Mobile Unlimited S Special Plus mit 15 MBit/s (24 Mon.);XL;neu;1,00;19,99;91,50;;24;39,99;24;2716,75;;2026-10-10;https://www.o2online.de/e-shop/samsung/samsung-galaxy-z-fold8-ultra-256gb-violet-shadow-details?ohne-tarif=nein&zielgruppe=privatkunden&ratenzahlung=36&vertragsart=ratenzahlung&tarif=o2-mobile-on-demand-m-plus;samsung-galaxy-z-fold8-ultra-256gb-violet-shadow;nicht direkt genannt;
Bündel;Galaxy Z Fold8 Ultra;512;o2;netzbetreiber;O2 Mobile L mit 150 GB+ (24 Mon.);L;neu;1,00;24,99;100,50;;24;0,00;24;3012,76;;2026-10-10;https://www.o2online.de/e-shop/samsung/samsung-galaxy-z-fold8-ultra-256gb-violet-shadow-details?ohne-tarif=nein&zielgruppe=privatkunden&ratenzahlung=36&vertragsart=ratenzahlung&tarif=o2-mobile-on-demand-m-plus;samsung-galaxy-z-fold8-ultra-512gb-violet-shadow;nicht direkt genannt;
Bündel;Galaxy Z Fold8 Ultra;512;o2;netzbetreiber;O2 Mobile L Plus mit 150 GB+ (24 Mon.);L;neu;1,00;19,99;100,50;;24;0,00;24;2892,76;;2026-10-10;https://www.o2online.de/e-shop/samsung/samsung-galaxy-z-fold8-ultra-256gb-violet-shadow-details?ohne-tarif=nein&zielgruppe=privatkunden&ratenzahlung=36&vertragsart=ratenzahlung&tarif=o2-mobile-on-demand-m-plus;samsung-galaxy-z-fold8-ultra-512gb-violet-shadow;;
Bündel;Galaxy Z Fold8 Ultra;512;o2;netzbetreiber;O2 Mobile on Demand M mit 50 GB+ (24 Mon.);M;neu;1,00;19,99;100,50;;24;39,99;24;2932,75;;2026-10-10;https://www.o2online.de/e-shop/samsung/samsung-galaxy-z-fold8-ultra-256gb-violet-shadow-details?ohne-tarif=nein&zielgruppe=privatkunden&ratenzahlung=36&vertragsart=ratenzahlung&tarif=o2-mobile-on-demand-m-plus;samsung-galaxy-z-fold8-ultra-512gb-violet-shadow;nicht direkt genannt;
Bündel;Galaxy Z Fold8 Ultra;512;o2;netzbetreiber;O2 Mobile on Demand M Plus mit 50 GB+ (24 Mon.);M;neu;1,00;14,99;100,50;;24;39,99;24;2812,75;;2026-10-10;https://www.o2online.de/e-shop/samsung/samsung-galaxy-z-fold8-ultra-256gb-violet-shadow-details?ohne-tarif=nein&zielgruppe=privatkunden&ratenzahlung=36&vertragsart=ratenzahlung&tarif=o2-mobile-on-demand-m-plus;samsung-galaxy-z-fold8-ultra-512gb-violet-shadow;;
Bündel;Galaxy Z Fold8 Ultra;512;o2;netzbetreiber;O2 Mobile S mit 15 GB+ (24 Mon.);XS;neu;1,00;14,99;100,50;;24;39,99;24;2812,75;;2026-10-10;https://www.o2online.de/e-shop/samsung/samsung-galaxy-z-fold8-ultra-256gb-violet-shadow-details?ohne-tarif=nein&zielgruppe=privatkunden&ratenzahlung=36&vertragsart=ratenzahlung&tarif=o2-mobile-on-demand-m-plus;samsung-galaxy-z-fold8-ultra-512gb-violet-shadow;nicht direkt genannt;
Bündel;Galaxy Z Fold8 Ultra;512;o2;netzbetreiber;O2 Mobile Special (24 Mon.);;neu;1,00;14,99;100,50;;24;0,00;24;2772,76;;2026-10-10;https://www.o2online.de/e-shop/samsung/samsung-galaxy-z-fold8-ultra-256gb-violet-shadow-details?ohne-tarif=nein&zielgruppe=privatkunden&ratenzahlung=36&vertragsart=ratenzahlung&tarif=o2-mobile-on-demand-m-plus;samsung-galaxy-z-fold8-ultra-512gb-violet-shadow;nicht direkt genannt;
Bündel;Galaxy Z Fold8 Ultra;512;o2;netzbetreiber;O2 Mobile Unlimited L mit 300 MBit/s (24 Mon.);XL;neu;1,00;39,99;100,50;;24;0,00;24;3372,76;;2026-10-10;https://www.o2online.de/e-shop/samsung/samsung-galaxy-z-fold8-ultra-256gb-violet-shadow-details?ohne-tarif=nein&zielgruppe=privatkunden&ratenzahlung=36&vertragsart=ratenzahlung&tarif=o2-mobile-on-demand-m-plus;samsung-galaxy-z-fold8-ultra-512gb-violet-shadow;nicht direkt genannt;
Bündel;Galaxy Z Fold8 Ultra;512;o2;netzbetreiber;O2 Mobile Unlimited L Plus mit 300 MBit/s (24 Mon.);;neu;1,00;29,99;100,50;;24;0,00;24;3132,76;;2026-10-10;https://www.o2online.de/e-shop/samsung/samsung-galaxy-z-fold8-ultra-256gb-violet-shadow-details?ohne-tarif=nein&zielgruppe=privatkunden&ratenzahlung=36&vertragsart=ratenzahlung&tarif=o2-mobile-on-demand-m-plus;samsung-galaxy-z-fold8-ultra-512gb-violet-shadow;;
Bündel;Galaxy Z Fold8 Ultra;512;o2;netzbetreiber;O2 Mobile Unlimited M mit 100 MBit/s (24 Mon.);XL;neu;1,00;29,99;100,50;;24;0,00;24;3132,76;;2026-10-10;https://www.o2online.de/e-shop/samsung/samsung-galaxy-z-fold8-ultra-256gb-violet-shadow-details?ohne-tarif=nein&zielgruppe=privatkunden&ratenzahlung=36&vertragsart=ratenzahlung&tarif=o2-mobile-on-demand-m-plus;samsung-galaxy-z-fold8-ultra-512gb-violet-shadow;nicht direkt genannt;
Bündel;Galaxy Z Fold8 Ultra;512;o2;netzbetreiber;O2 Mobile Unlimited M Plus mit 100 MBit/s (24 Mon.);XL;neu;1,00;19,99;100,50;;24;0,00;24;2892,76;;2026-10-10;https://www.o2online.de/e-shop/samsung/samsung-galaxy-z-fold8-ultra-256gb-violet-shadow-details?ohne-tarif=nein&zielgruppe=privatkunden&ratenzahlung=36&vertragsart=ratenzahlung&tarif=o2-mobile-on-demand-m-plus;samsung-galaxy-z-fold8-ultra-512gb-violet-shadow;;
Bündel;Galaxy Z Fold8 Ultra;512;o2;netzbetreiber;O2 Mobile Unlimited S Special mit 15 MBit/s (24 Mon.);XL;neu;1,00;24,99;100,50;;24;39,99;24;3052,75;;2026-10-10;https://www.o2online.de/e-shop/samsung/samsung-galaxy-z-fold8-ultra-256gb-violet-shadow-details?ohne-tarif=nein&zielgruppe=privatkunden&ratenzahlung=36&vertragsart=ratenzahlung&tarif=o2-mobile-on-demand-m-plus;samsung-galaxy-z-fold8-ultra-512gb-violet-shadow;nicht direkt genannt;
Bündel;Galaxy Z Fold8 Ultra;512;o2;netzbetreiber;O2 Mobile Unlimited S Special Plus mit 15 MBit/s (24 Mon.);XL;neu;1,00;19,99;100,50;;24;39,99;24;2932,75;;2026-10-10;https://www.o2online.de/e-shop/samsung/samsung-galaxy-z-fold8-ultra-256gb-violet-shadow-details?ohne-tarif=nein&zielgruppe=privatkunden&ratenzahlung=36&vertragsart=ratenzahlung&tarif=o2-mobile-on-demand-m-plus;samsung-galaxy-z-fold8-ultra-512gb-violet-shadow;nicht direkt genannt;
Bündel;Xiaomi 17;512;o2;netzbetreiber;O2 Mobile L mit 150 GB+ (24 Mon.);L;neu;7,00;24,99;39,50;;24;0,00;24;1554,76;;2026-10-10;https://www.o2online.de/e-shop/xiaomi/xiaomi-17-512gb-schwarz-details?ohne-tarif=nein&zielgruppe=privatkunden&ratenzahlung=36&vertragsart=ratenzahlung&tarif=o2-mobile-on-demand-m-plus;xiaomi-17-512gb-schwarz;nicht direkt genannt;
Bündel;Xiaomi 17;512;o2;netzbetreiber;O2 Mobile L Plus mit 150 GB+ (24 Mon.);L;neu;7,00;19,99;39,50;;24;0,00;24;1434,76;;2026-10-10;https://www.o2online.de/e-shop/xiaomi/xiaomi-17-512gb-schwarz-details?ohne-tarif=nein&zielgruppe=privatkunden&ratenzahlung=36&vertragsart=ratenzahlung&tarif=o2-mobile-on-demand-m-plus;xiaomi-17-512gb-schwarz;;
Bündel;Xiaomi 17;512;o2;netzbetreiber;O2 Mobile on Demand M mit 50 GB+ (24 Mon.);M;neu;7,00;19,99;39,50;;24;39,99;24;1474,75;;2026-10-10;https://www.o2online.de/e-shop/xiaomi/xiaomi-17-512gb-schwarz-details?ohne-tarif=nein&zielgruppe=privatkunden&ratenzahlung=36&vertragsart=ratenzahlung&tarif=o2-mobile-on-demand-m-plus;xiaomi-17-512gb-schwarz;nicht direkt genannt;
Bündel;Xiaomi 17;512;o2;netzbetreiber;O2 Mobile on Demand M Plus mit 50 GB+ (24 Mon.);M;neu;7,00;14,99;39,50;;24;39,99;24;1354,75;;2026-10-10;https://www.o2online.de/e-shop/xiaomi/xiaomi-17-512gb-schwarz-details?ohne-tarif=nein&zielgruppe=privatkunden&ratenzahlung=36&vertragsart=ratenzahlung&tarif=o2-mobile-on-demand-m-plus;xiaomi-17-512gb-schwarz;;
Bündel;Xiaomi 17;512;o2;netzbetreiber;O2 Mobile S mit 15 GB+ (24 Mon.);XS;neu;7,00;14,99;39,50;;24;39,99;24;1354,75;;2026-10-10;https://www.o2online.de/e-shop/xiaomi/xiaomi-17-512gb-schwarz-details?ohne-tarif=nein&zielgruppe=privatkunden&ratenzahlung=36&vertragsart=ratenzahlung&tarif=o2-mobile-on-demand-m-plus;xiaomi-17-512gb-schwarz;nicht direkt genannt;
Bündel;Xiaomi 17;512;o2;netzbetreiber;O2 Mobile Special (24 Mon.);;neu;7,00;14,99;39,50;;24;0,00;24;1314,76;;2026-10-10;https://www.o2online.de/e-shop/xiaomi/xiaomi-17-512gb-schwarz-details?ohne-tarif=nein&zielgruppe=privatkunden&ratenzahlung=36&vertragsart=ratenzahlung&tarif=o2-mobile-on-demand-m-plus;xiaomi-17-512gb-schwarz;nicht direkt genannt;
Bündel;Xiaomi 17;512;o2;netzbetreiber;O2 Mobile Unlimited L mit 300 MBit/s (24 Mon.);XL;neu;7,00;39,99;39,50;;24;0,00;24;1914,76;;2026-10-10;https://www.o2online.de/e-shop/xiaomi/xiaomi-17-512gb-schwarz-details?ohne-tarif=nein&zielgruppe=privatkunden&ratenzahlung=36&vertragsart=ratenzahlung&tarif=o2-mobile-on-demand-m-plus;xiaomi-17-512gb-schwarz;nicht direkt genannt;
Bündel;Xiaomi 17;512;o2;netzbetreiber;O2 Mobile Unlimited L Plus mit 300 MBit/s (24 Mon.);;neu;7,00;29,99;39,50;;24;0,00;24;1674,76;;2026-10-10;https://www.o2online.de/e-shop/xiaomi/xiaomi-17-512gb-schwarz-details?ohne-tarif=nein&zielgruppe=privatkunden&ratenzahlung=36&vertragsart=ratenzahlung&tarif=o2-mobile-on-demand-m-plus;xiaomi-17-512gb-schwarz;;
Bündel;Xiaomi 17;512;o2;netzbetreiber;O2 Mobile Unlimited M mit 100 MBit/s (24 Mon.);XL;neu;7,00;29,99;39,50;;24;0,00;24;1674,76;;2026-10-10;https://www.o2online.de/e-shop/xiaomi/xiaomi-17-512gb-schwarz-details?ohne-tarif=nein&zielgruppe=privatkunden&ratenzahlung=36&vertragsart=ratenzahlung&tarif=o2-mobile-on-demand-m-plus;xiaomi-17-512gb-schwarz;nicht direkt genannt;
Bündel;Xiaomi 17;512;o2;netzbetreiber;O2 Mobile Unlimited M Plus mit 100 MBit/s (24 Mon.);XL;neu;7,00;19,99;39,50;;24;0,00;24;1434,76;;2026-10-10;https://www.o2online.de/e-shop/xiaomi/xiaomi-17-512gb-schwarz-details?ohne-tarif=nein&zielgruppe=privatkunden&ratenzahlung=36&vertragsart=ratenzahlung&tarif=o2-mobile-on-demand-m-plus;xiaomi-17-512gb-schwarz;;
Bündel;Xiaomi 17;512;o2;netzbetreiber;O2 Mobile Unlimited S Special mit 15 MBit/s (24 Mon.);XL;neu;7,00;24,99;39,50;;24;39,99;24;1594,75;;2026-10-10;https://www.o2online.de/e-shop/xiaomi/xiaomi-17-512gb-schwarz-details?ohne-tarif=nein&zielgruppe=privatkunden&ratenzahlung=36&vertragsart=ratenzahlung&tarif=o2-mobile-on-demand-m-plus;xiaomi-17-512gb-schwarz;nicht direkt genannt;
Bündel;Xiaomi 17;512;o2;netzbetreiber;O2 Mobile Unlimited S Special Plus mit 15 MBit/s (24 Mon.);XL;neu;7,00;19,99;39,50;;24;39,99;24;1474,75;;2026-10-10;https://www.o2online.de/e-shop/xiaomi/xiaomi-17-512gb-schwarz-details?ohne-tarif=nein&zielgruppe=privatkunden&ratenzahlung=36&vertragsart=ratenzahlung&tarif=o2-mobile-on-demand-m-plus;xiaomi-17-512gb-schwarz;nicht direkt genannt;
Bündel;Xiaomi 17 Ultra;512;o2;netzbetreiber;O2 Mobile L mit 150 GB+ (24 Mon.);L;neu;1,00;24,99;55,50;;24;0,00;24;1932,76;;2026-10-10;https://www.o2online.de/e-shop/xiaomi/xiaomi-17-ultra-512gb-schwarz-details?ohne-tarif=nein&zielgruppe=privatkunden&ratenzahlung=36&vertragsart=ratenzahlung&tarif=o2-mobile-on-demand-m-plus;xiaomi-17-ultra-512gb-schwarz;nicht direkt genannt;
Bündel;Xiaomi 17 Ultra;512;o2;netzbetreiber;O2 Mobile L Plus mit 150 GB+ (24 Mon.);L;neu;1,00;19,99;55,50;;24;0,00;24;1812,76;;2026-10-10;https://www.o2online.de/e-shop/xiaomi/xiaomi-17-ultra-512gb-schwarz-details?ohne-tarif=nein&zielgruppe=privatkunden&ratenzahlung=36&vertragsart=ratenzahlung&tarif=o2-mobile-on-demand-m-plus;xiaomi-17-ultra-512gb-schwarz;;
Bündel;Xiaomi 17 Ultra;512;o2;netzbetreiber;O2 Mobile on Demand M mit 50 GB+ (24 Mon.);M;neu;1,00;19,99;55,50;;24;39,99;24;1852,75;;2026-10-10;https://www.o2online.de/e-shop/xiaomi/xiaomi-17-ultra-512gb-schwarz-details?ohne-tarif=nein&zielgruppe=privatkunden&ratenzahlung=36&vertragsart=ratenzahlung&tarif=o2-mobile-on-demand-m-plus;xiaomi-17-ultra-512gb-schwarz;nicht direkt genannt;
Bündel;Xiaomi 17 Ultra;512;o2;netzbetreiber;O2 Mobile on Demand M Plus mit 50 GB+ (24 Mon.);M;neu;1,00;14,99;55,50;;24;39,99;24;1732,75;;2026-10-10;https://www.o2online.de/e-shop/xiaomi/xiaomi-17-ultra-512gb-schwarz-details?ohne-tarif=nein&zielgruppe=privatkunden&ratenzahlung=36&vertragsart=ratenzahlung&tarif=o2-mobile-on-demand-m-plus;xiaomi-17-ultra-512gb-schwarz;;
Bündel;Xiaomi 17 Ultra;512;o2;netzbetreiber;O2 Mobile S mit 15 GB+ (24 Mon.);XS;neu;1,00;14,99;55,50;;24;39,99;24;1732,75;;2026-10-10;https://www.o2online.de/e-shop/xiaomi/xiaomi-17-ultra-512gb-schwarz-details?ohne-tarif=nein&zielgruppe=privatkunden&ratenzahlung=36&vertragsart=ratenzahlung&tarif=o2-mobile-on-demand-m-plus;xiaomi-17-ultra-512gb-schwarz;nicht direkt genannt;
Bündel;Xiaomi 17 Ultra;512;o2;netzbetreiber;O2 Mobile Special (24 Mon.);;neu;1,00;14,99;55,50;;24;0,00;24;1692,76;;2026-10-10;https://www.o2online.de/e-shop/xiaomi/xiaomi-17-ultra-512gb-schwarz-details?ohne-tarif=nein&zielgruppe=privatkunden&ratenzahlung=36&vertragsart=ratenzahlung&tarif=o2-mobile-on-demand-m-plus;xiaomi-17-ultra-512gb-schwarz;nicht direkt genannt;
Bündel;Xiaomi 17 Ultra;512;o2;netzbetreiber;O2 Mobile Unlimited L mit 300 MBit/s (24 Mon.);XL;neu;1,00;39,99;55,50;;24;0,00;24;2292,76;;2026-10-10;https://www.o2online.de/e-shop/xiaomi/xiaomi-17-ultra-512gb-schwarz-details?ohne-tarif=nein&zielgruppe=privatkunden&ratenzahlung=36&vertragsart=ratenzahlung&tarif=o2-mobile-on-demand-m-plus;xiaomi-17-ultra-512gb-schwarz;nicht direkt genannt;
Bündel;Xiaomi 17 Ultra;512;o2;netzbetreiber;O2 Mobile Unlimited L Plus mit 300 MBit/s (24 Mon.);;neu;1,00;29,99;55,50;;24;0,00;24;2052,76;;2026-10-10;https://www.o2online.de/e-shop/xiaomi/xiaomi-17-ultra-512gb-schwarz-details?ohne-tarif=nein&zielgruppe=privatkunden&ratenzahlung=36&vertragsart=ratenzahlung&tarif=o2-mobile-on-demand-m-plus;xiaomi-17-ultra-512gb-schwarz;;
Bündel;Xiaomi 17 Ultra;512;o2;netzbetreiber;O2 Mobile Unlimited M mit 100 MBit/s (24 Mon.);XL;neu;1,00;29,99;55,50;;24;0,00;24;2052,76;;2026-10-10;https://www.o2online.de/e-shop/xiaomi/xiaomi-17-ultra-512gb-schwarz-details?ohne-tarif=nein&zielgruppe=privatkunden&ratenzahlung=36&vertragsart=ratenzahlung&tarif=o2-mobile-on-demand-m-plus;xiaomi-17-ultra-512gb-schwarz;nicht direkt genannt;
Bündel;Xiaomi 17 Ultra;512;o2;netzbetreiber;O2 Mobile Unlimited M Plus mit 100 MBit/s (24 Mon.);XL;neu;1,00;19,99;55,50;;24;0,00;24;1812,76;;2026-10-10;https://www.o2online.de/e-shop/xiaomi/xiaomi-17-ultra-512gb-schwarz-details?ohne-tarif=nein&zielgruppe=privatkunden&ratenzahlung=36&vertragsart=ratenzahlung&tarif=o2-mobile-on-demand-m-plus;xiaomi-17-ultra-512gb-schwarz;;
Bündel;Xiaomi 17 Ultra;512;o2;netzbetreiber;O2 Mobile Unlimited S Special mit 15 MBit/s (24 Mon.);XL;neu;1,00;24,99;55,50;;24;39,99;24;1972,75;;2026-10-10;https://www.o2online.de/e-shop/xiaomi/xiaomi-17-ultra-512gb-schwarz-details?ohne-tarif=nein&zielgruppe=privatkunden&ratenzahlung=36&vertragsart=ratenzahlung&tarif=o2-mobile-on-demand-m-plus;xiaomi-17-ultra-512gb-schwarz;nicht direkt genannt;
Bündel;Xiaomi 17 Ultra;512;o2;netzbetreiber;O2 Mobile Unlimited S Special Plus mit 15 MBit/s (24 Mon.);XL;neu;1,00;19,99;55,50;;24;39,99;24;1852,75;;2026-10-10;https://www.o2online.de/e-shop/xiaomi/xiaomi-17-ultra-512gb-schwarz-details?ohne-tarif=nein&zielgruppe=privatkunden&ratenzahlung=36&vertragsart=ratenzahlung&tarif=o2-mobile-on-demand-m-plus;xiaomi-17-ultra-512gb-schwarz;nicht direkt genannt;
Bündel;Xiaomi 17T;256;o2;netzbetreiber;O2 Mobile L mit 150 GB+ (24 Mon.);L;neu;1,00;24,99;30,00;;24;0,00;24;1320,76;;2026-10-10;https://www.o2online.de/e-shop/xiaomi/xiaomi-17t-256gb-schwarz-details?ohne-tarif=nein&zielgruppe=privatkunden&ratenzahlung=36&vertragsart=ratenzahlung&tarif=o2-mobile-on-demand-m-plus;xiaomi-17t-256gb-schwarz;nicht direkt genannt;
Bündel;Xiaomi 17T;256;o2;netzbetreiber;O2 Mobile L Plus mit 150 GB+ (24 Mon.);L;neu;1,00;14,99;30,00;;24;0,00;24;1080,76;;2026-10-10;https://www.o2online.de/e-shop/xiaomi/xiaomi-17t-256gb-schwarz-details?ohne-tarif=nein&zielgruppe=privatkunden&ratenzahlung=36&vertragsart=ratenzahlung&tarif=o2-mobile-on-demand-m-plus;xiaomi-17t-256gb-schwarz;;
Bündel;Xiaomi 17T;256;o2;netzbetreiber;O2 Mobile on Demand M mit 50 GB+ (24 Mon.);M;neu;1,00;19,99;30,00;;24;39,99;24;1240,75;;2026-10-10;https://www.o2online.de/e-shop/xiaomi/xiaomi-17t-256gb-schwarz-details?ohne-tarif=nein&zielgruppe=privatkunden&ratenzahlung=36&vertragsart=ratenzahlung&tarif=o2-mobile-on-demand-m-plus;xiaomi-17t-256gb-schwarz;nicht direkt genannt;
Bündel;Xiaomi 17T;256;o2;netzbetreiber;O2 Mobile on Demand M Plus mit 50 GB+ (24 Mon.);M;neu;1,00;9,99;30,00;;24;39,99;24;1000,75;;2026-10-10;https://www.o2online.de/e-shop/xiaomi/xiaomi-17t-256gb-schwarz-details?ohne-tarif=nein&zielgruppe=privatkunden&ratenzahlung=36&vertragsart=ratenzahlung&tarif=o2-mobile-on-demand-m-plus;xiaomi-17t-256gb-schwarz;;
Bündel;Xiaomi 17T;256;o2;netzbetreiber;O2 Mobile S mit 15 GB+ (24 Mon.);XS;neu;1,00;14,99;30,00;;24;39,99;24;1120,75;;2026-10-10;https://www.o2online.de/e-shop/xiaomi/xiaomi-17t-256gb-schwarz-details?ohne-tarif=nein&zielgruppe=privatkunden&ratenzahlung=36&vertragsart=ratenzahlung&tarif=o2-mobile-on-demand-m-plus;xiaomi-17t-256gb-schwarz;nicht direkt genannt;
Bündel;Xiaomi 17T;256;o2;netzbetreiber;O2 Mobile Special (24 Mon.);;neu;1,00;14,99;30,00;;24;0,00;24;1080,76;;2026-10-10;https://www.o2online.de/e-shop/xiaomi/xiaomi-17t-256gb-schwarz-details?ohne-tarif=nein&zielgruppe=privatkunden&ratenzahlung=36&vertragsart=ratenzahlung&tarif=o2-mobile-on-demand-m-plus;xiaomi-17t-256gb-schwarz;nicht direkt genannt;
Bündel;Xiaomi 17T;256;o2;netzbetreiber;O2 Mobile Unlimited L mit 300 MBit/s (24 Mon.);XL;neu;1,00;39,99;30,00;;24;0,00;24;1680,76;;2026-10-10;https://www.o2online.de/e-shop/xiaomi/xiaomi-17t-256gb-schwarz-details?ohne-tarif=nein&zielgruppe=privatkunden&ratenzahlung=36&vertragsart=ratenzahlung&tarif=o2-mobile-on-demand-m-plus;xiaomi-17t-256gb-schwarz;nicht direkt genannt;
Bündel;Xiaomi 17T;256;o2;netzbetreiber;O2 Mobile Unlimited L Plus mit 300 MBit/s (24 Mon.);;neu;1,00;24,99;30,00;;24;0,00;24;1320,76;;2026-10-10;https://www.o2online.de/e-shop/xiaomi/xiaomi-17t-256gb-schwarz-details?ohne-tarif=nein&zielgruppe=privatkunden&ratenzahlung=36&vertragsart=ratenzahlung&tarif=o2-mobile-on-demand-m-plus;xiaomi-17t-256gb-schwarz;;
Bündel;Xiaomi 17T;256;o2;netzbetreiber;O2 Mobile Unlimited M mit 100 MBit/s (24 Mon.);XL;neu;1,00;29,99;30,00;;24;0,00;24;1440,76;;2026-10-10;https://www.o2online.de/e-shop/xiaomi/xiaomi-17t-256gb-schwarz-details?ohne-tarif=nein&zielgruppe=privatkunden&ratenzahlung=36&vertragsart=ratenzahlung&tarif=o2-mobile-on-demand-m-plus;xiaomi-17t-256gb-schwarz;nicht direkt genannt;
Bündel;Xiaomi 17T;256;o2;netzbetreiber;O2 Mobile Unlimited M Plus mit 100 MBit/s (24 Mon.);XL;neu;1,00;14,99;30,00;;24;0,00;24;1080,76;;2026-10-10;https://www.o2online.de/e-shop/xiaomi/xiaomi-17t-256gb-schwarz-details?ohne-tarif=nein&zielgruppe=privatkunden&ratenzahlung=36&vertragsart=ratenzahlung&tarif=o2-mobile-on-demand-m-plus;xiaomi-17t-256gb-schwarz;;
Bündel;Xiaomi 17T;256;o2;netzbetreiber;O2 Mobile Unlimited S Special mit 15 MBit/s (24 Mon.);XL;neu;1,00;24,99;30,00;;24;39,99;24;1360,75;;2026-10-10;https://www.o2online.de/e-shop/xiaomi/xiaomi-17t-256gb-schwarz-details?ohne-tarif=nein&zielgruppe=privatkunden&ratenzahlung=36&vertragsart=ratenzahlung&tarif=o2-mobile-on-demand-m-plus;xiaomi-17t-256gb-schwarz;nicht direkt genannt;
Bündel;Xiaomi 17T;256;o2;netzbetreiber;O2 Mobile Unlimited S Special Plus mit 15 MBit/s (24 Mon.);XL;neu;1,00;14,99;30,00;;24;39,99;24;1120,75;;2026-10-10;https://www.o2online.de/e-shop/xiaomi/xiaomi-17t-256gb-schwarz-details?ohne-tarif=nein&zielgruppe=privatkunden&ratenzahlung=36&vertragsart=ratenzahlung&tarif=o2-mobile-on-demand-m-plus;xiaomi-17t-256gb-schwarz;nicht direkt genannt;
Bündel;Xiaomi 17T Pro;512;o2;netzbetreiber;O2 Mobile L mit 150 GB+ (24 Mon.);L;neu;1,00;24,99;39,00;;24;0,00;24;1536,76;;2026-10-06;https://www.o2online.de/e-shop/xiaomi/xiaomi-17t-pro-512gb-violett-details?ohne-tarif=nein&zielgruppe=privatkunden&ratenzahlung=36&vertragsart=ratenzahlung&tarif=o2-mobile-on-demand-m-plus;xiaomi-17t-pro-512gb-violett;nicht direkt genannt;
Bündel;Xiaomi 17T Pro;512;o2;netzbetreiber;O2 Mobile L Plus mit 150 GB+ (24 Mon.);L;neu;1,00;15,99;39,00;;24;0,00;24;1320,76;;2026-10-06;https://www.o2online.de/e-shop/xiaomi/xiaomi-17t-pro-512gb-violett-details?ohne-tarif=nein&zielgruppe=privatkunden&ratenzahlung=36&vertragsart=ratenzahlung&tarif=o2-mobile-on-demand-m-plus;xiaomi-17t-pro-512gb-violett;nicht direkt genannt;
Bündel;Xiaomi 17T Pro;512;o2;netzbetreiber;O2 Mobile on Demand M mit 50 GB+ (24 Mon.);M;neu;1,00;19,99;39,00;;24;39,99;24;1456,75;;2026-10-06;https://www.o2online.de/e-shop/xiaomi/xiaomi-17t-pro-512gb-violett-details?ohne-tarif=nein&zielgruppe=privatkunden&ratenzahlung=36&vertragsart=ratenzahlung&tarif=o2-mobile-on-demand-m-plus;xiaomi-17t-pro-512gb-violett;nicht direkt genannt;
Bündel;Xiaomi 17T Pro;512;o2;netzbetreiber;O2 Mobile on Demand M Plus mit 50 GB+ (24 Mon.);M;neu;1,00;10,99;39,00;;24;39,99;24;1240,75;;2026-10-06;https://www.o2online.de/e-shop/xiaomi/xiaomi-17t-pro-512gb-violett-details?ohne-tarif=nein&zielgruppe=privatkunden&ratenzahlung=36&vertragsart=ratenzahlung&tarif=o2-mobile-on-demand-m-plus;xiaomi-17t-pro-512gb-violett;veraltet;
Bündel;Xiaomi 17T Pro;512;o2;netzbetreiber;O2 Mobile S mit 15 GB+ (24 Mon.);XS;neu;1,00;14,99;39,00;;24;39,99;24;1336,75;;2026-10-06;https://www.o2online.de/e-shop/xiaomi/xiaomi-17t-pro-512gb-violett-details?ohne-tarif=nein&zielgruppe=privatkunden&ratenzahlung=36&vertragsart=ratenzahlung&tarif=o2-mobile-on-demand-m-plus;xiaomi-17t-pro-512gb-violett;nicht direkt genannt;
Bündel;Xiaomi 17T Pro;512;o2;netzbetreiber;O2 Mobile Unlimited L mit 300 MBit/s (24 Mon.);XL;neu;1,00;39,99;39,00;;24;0,00;24;1896,76;;2026-10-06;https://www.o2online.de/e-shop/xiaomi/xiaomi-17t-pro-512gb-violett-details?ohne-tarif=nein&zielgruppe=privatkunden&ratenzahlung=36&vertragsart=ratenzahlung&tarif=o2-mobile-on-demand-m-plus;xiaomi-17t-pro-512gb-violett;nicht direkt genannt;
Bündel;Xiaomi 17T Pro;512;o2;netzbetreiber;O2 Mobile Unlimited M mit 100 MBit/s (24 Mon.);XL;neu;1,00;29,99;39,00;;24;0,00;24;1656,76;;2026-10-06;https://www.o2online.de/e-shop/xiaomi/xiaomi-17t-pro-512gb-violett-details?ohne-tarif=nein&zielgruppe=privatkunden&ratenzahlung=36&vertragsart=ratenzahlung&tarif=o2-mobile-on-demand-m-plus;xiaomi-17t-pro-512gb-violett;nicht direkt genannt;
Bündel;Xiaomi 17T Pro;512;o2;netzbetreiber;O2 Mobile Unlimited M Plus mit 100 MBit/s (24 Mon.);XL;neu;1,00;20,99;39,00;;24;0,00;24;1440,76;;2026-10-06;https://www.o2online.de/e-shop/xiaomi/xiaomi-17t-pro-512gb-violett-details?ohne-tarif=nein&zielgruppe=privatkunden&ratenzahlung=36&vertragsart=ratenzahlung&tarif=o2-mobile-on-demand-m-plus;xiaomi-17t-pro-512gb-violett;nicht direkt genannt;
Bündel;Xiaomi 17T Pro;512;o2;netzbetreiber;O2 Mobile Unlimited S Special mit 15 MBit/s (24 Mon.);XL;neu;1,00;24,99;39,00;;24;39,99;24;1576,75;;2026-10-06;https://www.o2online.de/e-shop/xiaomi/xiaomi-17t-pro-512gb-violett-details?ohne-tarif=nein&zielgruppe=privatkunden&ratenzahlung=36&vertragsart=ratenzahlung&tarif=o2-mobile-on-demand-m-plus;xiaomi-17t-pro-512gb-violett;nicht direkt genannt;
Bündel;Xiaomi 17T Pro;512;o2;netzbetreiber;O2 Mobile Unlimited S Special Plus mit 15 MBit/s (24 Mon.);XL;neu;1,00;15,99;39,00;;24;39,99;24;1360,75;;2026-10-06;https://www.o2online.de/e-shop/xiaomi/xiaomi-17t-pro-512gb-violett-details?ohne-tarif=nein&zielgruppe=privatkunden&ratenzahlung=36&vertragsart=ratenzahlung&tarif=o2-mobile-on-demand-m-plus;xiaomi-17t-pro-512gb-violett;nicht direkt genannt;
Bündel;Redmi 17;128;o2;netzbetreiber;O2 Mobile L mit 150 GB+ (24 Mon.);L;neu;1,00;24,99;10,50;;24;0,00;24;852,76;;2026-10-10;https://www.o2online.de/e-shop/xiaomi/xiaomi-redmi-17-128gb-blue-5g-details?ohne-tarif=nein&zielgruppe=privatkunden&ratenzahlung=36&vertragsart=ratenzahlung&tarif=o2-mobile-on-demand-m;xiaomi-redmi-17-128gb-blue-5g;nicht direkt genannt;
Bündel;Redmi 17;128;o2;netzbetreiber;O2 Mobile on Demand M mit 50 GB+ (24 Mon.);M;neu;1,00;19,99;10,50;;24;39,99;24;772,75;;2026-10-10;https://www.o2online.de/e-shop/xiaomi/xiaomi-redmi-17-128gb-blue-5g-details?ohne-tarif=nein&zielgruppe=privatkunden&ratenzahlung=36&vertragsart=ratenzahlung&tarif=o2-mobile-on-demand-m;xiaomi-redmi-17-128gb-blue-5g;;
Bündel;Redmi 17;128;o2;netzbetreiber;O2 Mobile S mit 15 GB+ (24 Mon.);XS;neu;1,00;19,99;10,50;;24;39,99;24;772,75;;2026-10-10;https://www.o2online.de/e-shop/xiaomi/xiaomi-redmi-17-128gb-blue-5g-details?ohne-tarif=nein&zielgruppe=privatkunden&ratenzahlung=36&vertragsart=ratenzahlung&tarif=o2-mobile-on-demand-m;xiaomi-redmi-17-128gb-blue-5g;nicht direkt genannt;
Bündel;Redmi 17;128;o2;netzbetreiber;O2 Mobile Special (24 Mon.);;neu;1,00;14,99;10,50;;24;0,00;24;612,76;;2026-10-10;https://www.o2online.de/e-shop/xiaomi/xiaomi-redmi-17-128gb-blue-5g-details?ohne-tarif=nein&zielgruppe=privatkunden&ratenzahlung=36&vertragsart=ratenzahlung&tarif=o2-mobile-on-demand-m;xiaomi-redmi-17-128gb-blue-5g;nicht direkt genannt;
Bündel;Redmi 17;128;o2;netzbetreiber;O2 Mobile Unlimited L mit 300 MBit/s (24 Mon.);XL;neu;1,00;39,99;10,50;;24;0,00;24;1212,76;;2026-10-10;https://www.o2online.de/e-shop/xiaomi/xiaomi-redmi-17-128gb-blue-5g-details?ohne-tarif=nein&zielgruppe=privatkunden&ratenzahlung=36&vertragsart=ratenzahlung&tarif=o2-mobile-on-demand-m;xiaomi-redmi-17-128gb-blue-5g;nicht direkt genannt;
Bündel;Redmi 17;128;o2;netzbetreiber;O2 Mobile Unlimited M mit 100 MBit/s (24 Mon.);XL;neu;1,00;29,99;10,50;;24;0,00;24;972,76;;2026-10-10;https://www.o2online.de/e-shop/xiaomi/xiaomi-redmi-17-128gb-blue-5g-details?ohne-tarif=nein&zielgruppe=privatkunden&ratenzahlung=36&vertragsart=ratenzahlung&tarif=o2-mobile-on-demand-m;xiaomi-redmi-17-128gb-blue-5g;nicht direkt genannt;
Bündel;Redmi 17;128;o2;netzbetreiber;O2 Mobile Unlimited S Special mit 15 MBit/s (24 Mon.);XL;neu;1,00;24,99;10,50;;24;39,99;24;892,75;;2026-10-10;https://www.o2online.de/e-shop/xiaomi/xiaomi-redmi-17-128gb-blue-5g-details?ohne-tarif=nein&zielgruppe=privatkunden&ratenzahlung=36&vertragsart=ratenzahlung&tarif=o2-mobile-on-demand-m;xiaomi-redmi-17-128gb-blue-5g;nicht direkt genannt;
Bündel;Redmi Note 15;256;o2;netzbetreiber;O2 Mobile L mit 150 GB+ (24 Mon.);L;neu;1,00;24,99;12,00;;24;0,00;24;888,76;;2026-09-30;https://www.o2online.de/e-shop/xiaomi/xiaomi-redmi-note-15-256gb-schwarz-5g-details?ohne-tarif=nein&zielgruppe=privatkunden&ratenzahlung=36&vertragsart=ratenzahlung&tarif=o2-mobile-on-demand-m;xiaomi-redmi-note-15-256gb-schwarz-5g;nicht direkt genannt;
Bündel;Redmi Note 15;256;o2;netzbetreiber;O2 Mobile on Demand M mit 50 GB+ (24 Mon.);M;neu;1,00;19,99;12,00;;24;39,99;24;808,75;;2026-09-30;https://www.o2online.de/e-shop/xiaomi/xiaomi-redmi-note-15-256gb-schwarz-5g-details?ohne-tarif=nein&zielgruppe=privatkunden&ratenzahlung=36&vertragsart=ratenzahlung&tarif=o2-mobile-on-demand-m;xiaomi-redmi-note-15-256gb-schwarz-5g;veraltet;
Bündel;Redmi Note 15;256;o2;netzbetreiber;O2 Mobile S mit 15 GB+ (24 Mon.);XS;neu;1,00;14,99;12,00;;24;39,99;24;688,75;;2026-09-30;https://www.o2online.de/e-shop/xiaomi/xiaomi-redmi-note-15-256gb-schwarz-5g-details?ohne-tarif=nein&zielgruppe=privatkunden&ratenzahlung=36&vertragsart=ratenzahlung&tarif=o2-mobile-on-demand-m;xiaomi-redmi-note-15-256gb-schwarz-5g;nicht direkt genannt;
Bündel;Redmi Note 15;256;o2;netzbetreiber;O2 Mobile Unlimited L mit 300 MBit/s (24 Mon.);XL;neu;1,00;39,99;12,00;;24;0,00;24;1248,76;;2026-09-30;https://www.o2online.de/e-shop/xiaomi/xiaomi-redmi-note-15-256gb-schwarz-5g-details?ohne-tarif=nein&zielgruppe=privatkunden&ratenzahlung=36&vertragsart=ratenzahlung&tarif=o2-mobile-on-demand-m;xiaomi-redmi-note-15-256gb-schwarz-5g;nicht direkt genannt;
Bündel;Redmi Note 15;256;o2;netzbetreiber;O2 Mobile Unlimited M mit 100 MBit/s (24 Mon.);XL;neu;1,00;29,99;12,00;;24;0,00;24;1008,76;;2026-09-30;https://www.o2online.de/e-shop/xiaomi/xiaomi-redmi-note-15-256gb-schwarz-5g-details?ohne-tarif=nein&zielgruppe=privatkunden&ratenzahlung=36&vertragsart=ratenzahlung&tarif=o2-mobile-on-demand-m;xiaomi-redmi-note-15-256gb-schwarz-5g;nicht direkt genannt;
Bündel;Redmi Note 15;256;o2;netzbetreiber;O2 Mobile Unlimited S Special mit 15 MBit/s (24 Mon.);XL;neu;1,00;24,99;12,00;;24;39,99;24;928,75;;2026-09-30;https://www.o2online.de/e-shop/xiaomi/xiaomi-redmi-note-15-256gb-schwarz-5g-details?ohne-tarif=nein&zielgruppe=privatkunden&ratenzahlung=36&vertragsart=ratenzahlung&tarif=o2-mobile-on-demand-m;xiaomi-redmi-note-15-256gb-schwarz-5g;nicht direkt genannt;
Bündel;Redmi Note 15 Pro;256;o2;netzbetreiber;O2 Mobile L mit 150 GB+ (24 Mon.);L;neu;1,00;24,99;15,00;;24;0,00;24;960,76;;2026-10-10;https://www.o2online.de/e-shop/xiaomi/xiaomi-redmi-note-15-pro-256gb-schwarz-5g-details?ohne-tarif=nein&zielgruppe=privatkunden&ratenzahlung=36&vertragsart=ratenzahlung&tarif=o2-mobile-on-demand-m-plus;xiaomi-redmi-note-15-pro-256gb-schwarz-5g;nicht direkt genannt;
Bündel;Redmi Note 15 Pro;256;o2;netzbetreiber;O2 Mobile L Plus mit 150 GB+ (24 Mon.);L;neu;1,00;19,99;15,00;;24;0,00;24;840,76;;2026-10-10;https://www.o2online.de/e-shop/xiaomi/xiaomi-redmi-note-15-pro-256gb-schwarz-5g-details?ohne-tarif=nein&zielgruppe=privatkunden&ratenzahlung=36&vertragsart=ratenzahlung&tarif=o2-mobile-on-demand-m-plus;xiaomi-redmi-note-15-pro-256gb-schwarz-5g;;
Bündel;Redmi Note 15 Pro;256;o2;netzbetreiber;O2 Mobile on Demand M mit 50 GB+ (24 Mon.);M;neu;1,00;19,99;15,00;;24;39,99;24;880,75;;2026-10-10;https://www.o2online.de/e-shop/xiaomi/xiaomi-redmi-note-15-pro-256gb-schwarz-5g-details?ohne-tarif=nein&zielgruppe=privatkunden&ratenzahlung=36&vertragsart=ratenzahlung&tarif=o2-mobile-on-demand-m-plus;xiaomi-redmi-note-15-pro-256gb-schwarz-5g;nicht direkt genannt;
Bündel;Redmi Note 15 Pro;256;o2;netzbetreiber;O2 Mobile on Demand M Plus mit 50 GB+ (24 Mon.);M;neu;1,00;14,99;15,00;;24;39,99;24;760,75;;2026-10-10;https://www.o2online.de/e-shop/xiaomi/xiaomi-redmi-note-15-pro-256gb-schwarz-5g-details?ohne-tarif=nein&zielgruppe=privatkunden&ratenzahlung=36&vertragsart=ratenzahlung&tarif=o2-mobile-on-demand-m-plus;xiaomi-redmi-note-15-pro-256gb-schwarz-5g;;
Bündel;Redmi Note 15 Pro;256;o2;netzbetreiber;O2 Mobile S mit 15 GB+ (24 Mon.);XS;neu;1,00;14,99;15,00;;24;39,99;24;760,75;;2026-10-10;https://www.o2online.de/e-shop/xiaomi/xiaomi-redmi-note-15-pro-256gb-schwarz-5g-details?ohne-tarif=nein&zielgruppe=privatkunden&ratenzahlung=36&vertragsart=ratenzahlung&tarif=o2-mobile-on-demand-m-plus;xiaomi-redmi-note-15-pro-256gb-schwarz-5g;nicht direkt genannt;
Bündel;Redmi Note 15 Pro;256;o2;netzbetreiber;O2 Mobile Special (24 Mon.);;neu;1,00;14,99;15,00;;24;0,00;24;720,76;;2026-10-10;https://www.o2online.de/e-shop/xiaomi/xiaomi-redmi-note-15-pro-256gb-schwarz-5g-details?ohne-tarif=nein&zielgruppe=privatkunden&ratenzahlung=36&vertragsart=ratenzahlung&tarif=o2-mobile-on-demand-m-plus;xiaomi-redmi-note-15-pro-256gb-schwarz-5g;nicht direkt genannt;
Bündel;Redmi Note 15 Pro;256;o2;netzbetreiber;O2 Mobile Unlimited L mit 300 MBit/s (24 Mon.);XL;neu;1,00;39,99;15,00;;24;0,00;24;1320,76;;2026-10-10;https://www.o2online.de/e-shop/xiaomi/xiaomi-redmi-note-15-pro-256gb-schwarz-5g-details?ohne-tarif=nein&zielgruppe=privatkunden&ratenzahlung=36&vertragsart=ratenzahlung&tarif=o2-mobile-on-demand-m-plus;xiaomi-redmi-note-15-pro-256gb-schwarz-5g;nicht direkt genannt;
Bündel;Redmi Note 15 Pro;256;o2;netzbetreiber;O2 Mobile Unlimited L Plus mit 300 MBit/s (24 Mon.);;neu;1,00;29,99;15,00;;24;0,00;24;1080,76;;2026-10-10;https://www.o2online.de/e-shop/xiaomi/xiaomi-redmi-note-15-pro-256gb-schwarz-5g-details?ohne-tarif=nein&zielgruppe=privatkunden&ratenzahlung=36&vertragsart=ratenzahlung&tarif=o2-mobile-on-demand-m-plus;xiaomi-redmi-note-15-pro-256gb-schwarz-5g;;
Bündel;Redmi Note 15 Pro;256;o2;netzbetreiber;O2 Mobile Unlimited M mit 100 MBit/s (24 Mon.);XL;neu;1,00;29,99;15,00;;24;0,00;24;1080,76;;2026-10-10;https://www.o2online.de/e-shop/xiaomi/xiaomi-redmi-note-15-pro-256gb-schwarz-5g-details?ohne-tarif=nein&zielgruppe=privatkunden&ratenzahlung=36&vertragsart=ratenzahlung&tarif=o2-mobile-on-demand-m-plus;xiaomi-redmi-note-15-pro-256gb-schwarz-5g;nicht direkt genannt;
Bündel;Redmi Note 15 Pro;256;o2;netzbetreiber;O2 Mobile Unlimited M Plus mit 100 MBit/s (24 Mon.);XL;neu;1,00;19,99;15,00;;24;0,00;24;840,76;;2026-10-10;https://www.o2online.de/e-shop/xiaomi/xiaomi-redmi-note-15-pro-256gb-schwarz-5g-details?ohne-tarif=nein&zielgruppe=privatkunden&ratenzahlung=36&vertragsart=ratenzahlung&tarif=o2-mobile-on-demand-m-plus;xiaomi-redmi-note-15-pro-256gb-schwarz-5g;;
Bündel;Redmi Note 15 Pro;256;o2;netzbetreiber;O2 Mobile Unlimited S Special mit 15 MBit/s (24 Mon.);XL;neu;1,00;24,99;15,00;;24;39,99;24;1000,75;;2026-10-10;https://www.o2online.de/e-shop/xiaomi/xiaomi-redmi-note-15-pro-256gb-schwarz-5g-details?ohne-tarif=nein&zielgruppe=privatkunden&ratenzahlung=36&vertragsart=ratenzahlung&tarif=o2-mobile-on-demand-m-plus;xiaomi-redmi-note-15-pro-256gb-schwarz-5g;nicht direkt genannt;
Bündel;Redmi Note 15 Pro;256;o2;netzbetreiber;O2 Mobile Unlimited S Special Plus mit 15 MBit/s (24 Mon.);XL;neu;1,00;19,99;15,00;;24;39,99;24;880,75;;2026-10-10;https://www.o2online.de/e-shop/xiaomi/xiaomi-redmi-note-15-pro-256gb-schwarz-5g-details?ohne-tarif=nein&zielgruppe=privatkunden&ratenzahlung=36&vertragsart=ratenzahlung&tarif=o2-mobile-on-demand-m-plus;xiaomi-redmi-note-15-pro-256gb-schwarz-5g;nicht direkt genannt;
Bündel;Redmi Note 17;128;o2;netzbetreiber;O2 Mobile L mit 150 GB+ (24 Mon.);L;neu;1,00;24,99;14,50;;24;0,00;24;948,76;;2026-10-10;https://www.o2online.de/e-shop/xiaomi/xiaomi-redmi-note-17-128gb-purple-5g-details?ohne-tarif=nein&zielgruppe=privatkunden&ratenzahlung=36&vertragsart=ratenzahlung&tarif=o2-mobile-on-demand-m;xiaomi-redmi-note-17-128gb-purple-5g;nicht direkt genannt;
Bündel;Redmi Note 17;128;o2;netzbetreiber;O2 Mobile on Demand M mit 50 GB+ (24 Mon.);M;neu;1,00;19,99;14,50;;24;39,99;24;868,75;;2026-10-10;https://www.o2online.de/e-shop/xiaomi/xiaomi-redmi-note-17-128gb-purple-5g-details?ohne-tarif=nein&zielgruppe=privatkunden&ratenzahlung=36&vertragsart=ratenzahlung&tarif=o2-mobile-on-demand-m;xiaomi-redmi-note-17-128gb-purple-5g;;
Bündel;Redmi Note 17;128;o2;netzbetreiber;O2 Mobile S mit 15 GB+ (24 Mon.);XS;neu;1,00;14,99;14,50;;24;39,99;24;748,75;;2026-10-10;https://www.o2online.de/e-shop/xiaomi/xiaomi-redmi-note-17-128gb-purple-5g-details?ohne-tarif=nein&zielgruppe=privatkunden&ratenzahlung=36&vertragsart=ratenzahlung&tarif=o2-mobile-on-demand-m;xiaomi-redmi-note-17-128gb-purple-5g;nicht direkt genannt;
Bündel;Redmi Note 17;128;o2;netzbetreiber;O2 Mobile Special (24 Mon.);;neu;1,00;14,99;14,50;;24;0,00;24;708,76;;2026-10-10;https://www.o2online.de/e-shop/xiaomi/xiaomi-redmi-note-17-128gb-purple-5g-details?ohne-tarif=nein&zielgruppe=privatkunden&ratenzahlung=36&vertragsart=ratenzahlung&tarif=o2-mobile-on-demand-m;xiaomi-redmi-note-17-128gb-purple-5g;nicht direkt genannt;
Bündel;Redmi Note 17;128;o2;netzbetreiber;O2 Mobile Unlimited L mit 300 MBit/s (24 Mon.);XL;neu;1,00;39,99;14,50;;24;0,00;24;1308,76;;2026-10-10;https://www.o2online.de/e-shop/xiaomi/xiaomi-redmi-note-17-128gb-purple-5g-details?ohne-tarif=nein&zielgruppe=privatkunden&ratenzahlung=36&vertragsart=ratenzahlung&tarif=o2-mobile-on-demand-m;xiaomi-redmi-note-17-128gb-purple-5g;nicht direkt genannt;
Bündel;Redmi Note 17;128;o2;netzbetreiber;O2 Mobile Unlimited M mit 100 MBit/s (24 Mon.);XL;neu;1,00;29,99;14,50;;24;0,00;24;1068,76;;2026-10-10;https://www.o2online.de/e-shop/xiaomi/xiaomi-redmi-note-17-128gb-purple-5g-details?ohne-tarif=nein&zielgruppe=privatkunden&ratenzahlung=36&vertragsart=ratenzahlung&tarif=o2-mobile-on-demand-m;xiaomi-redmi-note-17-128gb-purple-5g;nicht direkt genannt;
Bündel;Redmi Note 17;128;o2;netzbetreiber;O2 Mobile Unlimited S Special mit 15 MBit/s (24 Mon.);XL;neu;1,00;24,99;14,50;;24;39,99;24;988,75;;2026-10-10;https://www.o2online.de/e-shop/xiaomi/xiaomi-redmi-note-17-128gb-purple-5g-details?ohne-tarif=nein&zielgruppe=privatkunden&ratenzahlung=36&vertragsart=ratenzahlung&tarif=o2-mobile-on-demand-m;xiaomi-redmi-note-17-128gb-purple-5g;nicht direkt genannt;
Bündel;Redmi Note 17 Pro;256;o2;netzbetreiber;O2 Mobile L mit 150 GB+ (24 Mon.);L;neu;1,00;24,99;19,50;;24;0,00;24;1068,76;;2026-10-10;https://www.o2online.de/e-shop/xiaomi/xiaomi-redmi-note-17-pro-256gb-blue-5g-details?ohne-tarif=nein&zielgruppe=privatkunden&ratenzahlung=36&vertragsart=ratenzahlung&tarif=o2-mobile-on-demand-m-plus;xiaomi-redmi-note-17-pro-256gb-blue-5g;nicht direkt genannt;
Bündel;Redmi Note 17 Pro;256;o2;netzbetreiber;O2 Mobile L Plus mit 150 GB+ (24 Mon.);L;neu;1,00;19,99;19,50;;24;0,00;24;948,76;;2026-10-10;https://www.o2online.de/e-shop/xiaomi/xiaomi-redmi-note-17-pro-256gb-blue-5g-details?ohne-tarif=nein&zielgruppe=privatkunden&ratenzahlung=36&vertragsart=ratenzahlung&tarif=o2-mobile-on-demand-m-plus;xiaomi-redmi-note-17-pro-256gb-blue-5g;;
Bündel;Redmi Note 17 Pro;256;o2;netzbetreiber;O2 Mobile on Demand M mit 50 GB+ (24 Mon.);M;neu;1,00;19,99;19,50;;24;39,99;24;988,75;;2026-10-10;https://www.o2online.de/e-shop/xiaomi/xiaomi-redmi-note-17-pro-256gb-blue-5g-details?ohne-tarif=nein&zielgruppe=privatkunden&ratenzahlung=36&vertragsart=ratenzahlung&tarif=o2-mobile-on-demand-m-plus;xiaomi-redmi-note-17-pro-256gb-blue-5g;nicht direkt genannt;
Bündel;Redmi Note 17 Pro;256;o2;netzbetreiber;O2 Mobile on Demand M Plus mit 50 GB+ (24 Mon.);M;neu;1,00;14,99;19,50;;24;39,99;24;868,75;;2026-10-10;https://www.o2online.de/e-shop/xiaomi/xiaomi-redmi-note-17-pro-256gb-blue-5g-details?ohne-tarif=nein&zielgruppe=privatkunden&ratenzahlung=36&vertragsart=ratenzahlung&tarif=o2-mobile-on-demand-m-plus;xiaomi-redmi-note-17-pro-256gb-blue-5g;;
Bündel;Redmi Note 17 Pro;256;o2;netzbetreiber;O2 Mobile S mit 15 GB+ (24 Mon.);XS;neu;1,00;14,99;19,50;;24;39,99;24;868,75;;2026-10-10;https://www.o2online.de/e-shop/xiaomi/xiaomi-redmi-note-17-pro-256gb-blue-5g-details?ohne-tarif=nein&zielgruppe=privatkunden&ratenzahlung=36&vertragsart=ratenzahlung&tarif=o2-mobile-on-demand-m-plus;xiaomi-redmi-note-17-pro-256gb-blue-5g;nicht direkt genannt;
Bündel;Redmi Note 17 Pro;256;o2;netzbetreiber;O2 Mobile Special (24 Mon.);;neu;1,00;14,99;19,50;;24;0,00;24;828,76;;2026-10-10;https://www.o2online.de/e-shop/xiaomi/xiaomi-redmi-note-17-pro-256gb-blue-5g-details?ohne-tarif=nein&zielgruppe=privatkunden&ratenzahlung=36&vertragsart=ratenzahlung&tarif=o2-mobile-on-demand-m-plus;xiaomi-redmi-note-17-pro-256gb-blue-5g;nicht direkt genannt;
Bündel;Redmi Note 17 Pro;256;o2;netzbetreiber;O2 Mobile Unlimited L mit 300 MBit/s (24 Mon.);XL;neu;1,00;39,99;19,50;;24;0,00;24;1428,76;;2026-10-10;https://www.o2online.de/e-shop/xiaomi/xiaomi-redmi-note-17-pro-256gb-blue-5g-details?ohne-tarif=nein&zielgruppe=privatkunden&ratenzahlung=36&vertragsart=ratenzahlung&tarif=o2-mobile-on-demand-m-plus;xiaomi-redmi-note-17-pro-256gb-blue-5g;nicht direkt genannt;
Bündel;Redmi Note 17 Pro;256;o2;netzbetreiber;O2 Mobile Unlimited L Plus mit 300 MBit/s (24 Mon.);;neu;1,00;29,99;19,50;;24;0,00;24;1188,76;;2026-10-10;https://www.o2online.de/e-shop/xiaomi/xiaomi-redmi-note-17-pro-256gb-blue-5g-details?ohne-tarif=nein&zielgruppe=privatkunden&ratenzahlung=36&vertragsart=ratenzahlung&tarif=o2-mobile-on-demand-m-plus;xiaomi-redmi-note-17-pro-256gb-blue-5g;;
Bündel;Redmi Note 17 Pro;256;o2;netzbetreiber;O2 Mobile Unlimited M mit 100 MBit/s (24 Mon.);XL;neu;1,00;29,99;19,50;;24;0,00;24;1188,76;;2026-10-10;https://www.o2online.de/e-shop/xiaomi/xiaomi-redmi-note-17-pro-256gb-blue-5g-details?ohne-tarif=nein&zielgruppe=privatkunden&ratenzahlung=36&vertragsart=ratenzahlung&tarif=o2-mobile-on-demand-m-plus;xiaomi-redmi-note-17-pro-256gb-blue-5g;nicht direkt genannt;
Bündel;Redmi Note 17 Pro;256;o2;netzbetreiber;O2 Mobile Unlimited M Plus mit 100 MBit/s (24 Mon.);XL;neu;1,00;19,99;19,50;;24;0,00;24;948,76;;2026-10-10;https://www.o2online.de/e-shop/xiaomi/xiaomi-redmi-note-17-pro-256gb-blue-5g-details?ohne-tarif=nein&zielgruppe=privatkunden&ratenzahlung=36&vertragsart=ratenzahlung&tarif=o2-mobile-on-demand-m-plus;xiaomi-redmi-note-17-pro-256gb-blue-5g;;
Bündel;Redmi Note 17 Pro;256;o2;netzbetreiber;O2 Mobile Unlimited S Special mit 15 MBit/s (24 Mon.);XL;neu;1,00;24,99;19,50;;24;39,99;24;1108,75;;2026-10-10;https://www.o2online.de/e-shop/xiaomi/xiaomi-redmi-note-17-pro-256gb-blue-5g-details?ohne-tarif=nein&zielgruppe=privatkunden&ratenzahlung=36&vertragsart=ratenzahlung&tarif=o2-mobile-on-demand-m-plus;xiaomi-redmi-note-17-pro-256gb-blue-5g;nicht direkt genannt;
Bündel;Redmi Note 17 Pro;256;o2;netzbetreiber;O2 Mobile Unlimited S Special Plus mit 15 MBit/s (24 Mon.);XL;neu;1,00;19,99;19,50;;24;39,99;24;988,75;;2026-10-10;https://www.o2online.de/e-shop/xiaomi/xiaomi-redmi-note-17-pro-256gb-blue-5g-details?ohne-tarif=nein&zielgruppe=privatkunden&ratenzahlung=36&vertragsart=ratenzahlung&tarif=o2-mobile-on-demand-m-plus;xiaomi-redmi-note-17-pro-256gb-blue-5g;nicht direkt genannt;
Bündel;Redmi Note 17 Pro Max;256;o2;netzbetreiber;O2 Mobile L mit 150 GB+ (24 Mon.);L;neu;7,00;24,99;24,50;;24;0,00;24;1194,76;;2026-10-10;https://www.o2online.de/e-shop/xiaomi/xiaomi-redmi-note-17-pro-max-256gb-cloud-5g-details?ohne-tarif=nein&zielgruppe=privatkunden&ratenzahlung=36&vertragsart=ratenzahlung&tarif=o2-mobile-on-demand-m-plus;xiaomi-redmi-note-17-pro-max-256gb-cloud-5g;nicht direkt genannt;
Bündel;Redmi Note 17 Pro Max;256;o2;netzbetreiber;O2 Mobile L Plus mit 150 GB+ (24 Mon.);L;neu;7,00;19,99;24,50;;24;0,00;24;1074,76;;2026-10-10;https://www.o2online.de/e-shop/xiaomi/xiaomi-redmi-note-17-pro-max-256gb-cloud-5g-details?ohne-tarif=nein&zielgruppe=privatkunden&ratenzahlung=36&vertragsart=ratenzahlung&tarif=o2-mobile-on-demand-m-plus;xiaomi-redmi-note-17-pro-max-256gb-cloud-5g;;
Bündel;Redmi Note 17 Pro Max;256;o2;netzbetreiber;O2 Mobile on Demand M mit 50 GB+ (24 Mon.);M;neu;7,00;19,99;24,50;;24;39,99;24;1114,75;;2026-10-10;https://www.o2online.de/e-shop/xiaomi/xiaomi-redmi-note-17-pro-max-256gb-cloud-5g-details?ohne-tarif=nein&zielgruppe=privatkunden&ratenzahlung=36&vertragsart=ratenzahlung&tarif=o2-mobile-on-demand-m-plus;xiaomi-redmi-note-17-pro-max-256gb-cloud-5g;nicht direkt genannt;
Bündel;Redmi Note 17 Pro Max;256;o2;netzbetreiber;O2 Mobile on Demand M Plus mit 50 GB+ (24 Mon.);M;neu;7,00;14,99;24,50;;24;39,99;24;994,75;;2026-10-10;https://www.o2online.de/e-shop/xiaomi/xiaomi-redmi-note-17-pro-max-256gb-cloud-5g-details?ohne-tarif=nein&zielgruppe=privatkunden&ratenzahlung=36&vertragsart=ratenzahlung&tarif=o2-mobile-on-demand-m-plus;xiaomi-redmi-note-17-pro-max-256gb-cloud-5g;;
Bündel;Redmi Note 17 Pro Max;256;o2;netzbetreiber;O2 Mobile S mit 15 GB+ (24 Mon.);XS;neu;7,00;14,99;24,50;;24;39,99;24;994,75;;2026-10-10;https://www.o2online.de/e-shop/xiaomi/xiaomi-redmi-note-17-pro-max-256gb-cloud-5g-details?ohne-tarif=nein&zielgruppe=privatkunden&ratenzahlung=36&vertragsart=ratenzahlung&tarif=o2-mobile-on-demand-m-plus;xiaomi-redmi-note-17-pro-max-256gb-cloud-5g;nicht direkt genannt;
Bündel;Redmi Note 17 Pro Max;256;o2;netzbetreiber;O2 Mobile Special (24 Mon.);;neu;7,00;14,99;24,50;;24;0,00;24;954,76;;2026-10-10;https://www.o2online.de/e-shop/xiaomi/xiaomi-redmi-note-17-pro-max-256gb-cloud-5g-details?ohne-tarif=nein&zielgruppe=privatkunden&ratenzahlung=36&vertragsart=ratenzahlung&tarif=o2-mobile-on-demand-m-plus;xiaomi-redmi-note-17-pro-max-256gb-cloud-5g;nicht direkt genannt;
Bündel;Redmi Note 17 Pro Max;256;o2;netzbetreiber;O2 Mobile Unlimited L mit 300 MBit/s (24 Mon.);XL;neu;7,00;39,99;24,50;;24;0,00;24;1554,76;;2026-10-10;https://www.o2online.de/e-shop/xiaomi/xiaomi-redmi-note-17-pro-max-256gb-cloud-5g-details?ohne-tarif=nein&zielgruppe=privatkunden&ratenzahlung=36&vertragsart=ratenzahlung&tarif=o2-mobile-on-demand-m-plus;xiaomi-redmi-note-17-pro-max-256gb-cloud-5g;nicht direkt genannt;
Bündel;Redmi Note 17 Pro Max;256;o2;netzbetreiber;O2 Mobile Unlimited L Plus mit 300 MBit/s (24 Mon.);;neu;7,00;29,99;24,50;;24;0,00;24;1314,76;;2026-10-10;https://www.o2online.de/e-shop/xiaomi/xiaomi-redmi-note-17-pro-max-256gb-cloud-5g-details?ohne-tarif=nein&zielgruppe=privatkunden&ratenzahlung=36&vertragsart=ratenzahlung&tarif=o2-mobile-on-demand-m-plus;xiaomi-redmi-note-17-pro-max-256gb-cloud-5g;;
Bündel;Redmi Note 17 Pro Max;256;o2;netzbetreiber;O2 Mobile Unlimited M mit 100 MBit/s (24 Mon.);XL;neu;7,00;29,99;24,50;;24;0,00;24;1314,76;;2026-10-10;https://www.o2online.de/e-shop/xiaomi/xiaomi-redmi-note-17-pro-max-256gb-cloud-5g-details?ohne-tarif=nein&zielgruppe=privatkunden&ratenzahlung=36&vertragsart=ratenzahlung&tarif=o2-mobile-on-demand-m-plus;xiaomi-redmi-note-17-pro-max-256gb-cloud-5g;nicht direkt genannt;
Bündel;Redmi Note 17 Pro Max;256;o2;netzbetreiber;O2 Mobile Unlimited M Plus mit 100 MBit/s (24 Mon.);XL;neu;7,00;19,99;24,50;;24;0,00;24;1074,76;;2026-10-10;https://www.o2online.de/e-shop/xiaomi/xiaomi-redmi-note-17-pro-max-256gb-cloud-5g-details?ohne-tarif=nein&zielgruppe=privatkunden&ratenzahlung=36&vertragsart=ratenzahlung&tarif=o2-mobile-on-demand-m-plus;xiaomi-redmi-note-17-pro-max-256gb-cloud-5g;;
Bündel;Redmi Note 17 Pro Max;256;o2;netzbetreiber;O2 Mobile Unlimited S Special mit 15 MBit/s (24 Mon.);XL;neu;7,00;24,99;24,50;;24;39,99;24;1234,75;;2026-10-10;https://www.o2online.de/e-shop/xiaomi/xiaomi-redmi-note-17-pro-max-256gb-cloud-5g-details?ohne-tarif=nein&zielgruppe=privatkunden&ratenzahlung=36&vertragsart=ratenzahlung&tarif=o2-mobile-on-demand-m-plus;xiaomi-redmi-note-17-pro-max-256gb-cloud-5g;nicht direkt genannt;
Bündel;Redmi Note 17 Pro Max;256;o2;netzbetreiber;O2 Mobile Unlimited S Special Plus mit 15 MBit/s (24 Mon.);XL;neu;7,00;19,99;24,50;;24;39,99;24;1114,75;;2026-10-10;https://www.o2online.de/e-shop/xiaomi/xiaomi-redmi-note-17-pro-max-256gb-cloud-5g-details?ohne-tarif=nein&zielgruppe=privatkunden&ratenzahlung=36&vertragsart=ratenzahlung&tarif=o2-mobile-on-demand-m-plus;xiaomi-redmi-note-17-pro-max-256gb-cloud-5g;nicht direkt genannt;
Bündel;iPhone 15;128;1&1;netzbetreiber;1&1 All-Net-Flat L;L;neu;;;;42,99;36;39,90;24;;;2026-10-08;https://mobile.1und1.de/smartphones-all-net-flat-l;apple-iphone-15-128gb-blau;nicht direkt genannt;Einmalzahlung bei Kündigung
Bündel;iPhone 15;128;1&1;netzbetreiber;1&1 All-Net-Flat M;M;neu;;;;37,99;36;39,90;24;;;2026-10-08;https://mobile.1und1.de/smartphones-all-net-flat-m;apple-iphone-15-128gb-blau;nicht direkt genannt;Einmalzahlung bei Kündigung
Bündel;iPhone 15;128;1&1;netzbetreiber;1&1 All-Net-Flat S;XS;neu;220,00;;;32,99;36;39,90;24;1051,66;;2026-10-08;https://mobile.1und1.de/iphone-15;apple-iphone-15-128gb-blau;;
Bündel;iPhone 15;128;1&1;netzbetreiber;1&1 Unlimited on demand L;L;neu;;;;47,99;36;39,90;24;;;2026-10-08;https://mobile.1und1.de/smartphones-unlimited-l;apple-iphone-15-128gb-blau;nicht direkt genannt;Einmalzahlung bei Kündigung
Bündel;iPhone 15;128;1&1;netzbetreiber;1&1 Unlimited on demand M;M;neu;;;;42,99;36;39,90;24;;;2026-10-08;https://mobile.1und1.de/smartphones-unlimited-m;apple-iphone-15-128gb-blau;nicht direkt genannt;Einmalzahlung bei Kündigung
Bündel;iPhone 15;128;1&1;netzbetreiber;1&1 Unlimited on demand S;XS;neu;;;;37,99;36;39,90;24;;;2026-10-08;https://mobile.1und1.de/smartphones-unlimited-s;apple-iphone-15-128gb-blau;nicht direkt genannt;Einmalzahlung bei Kündigung
Bündel;iPhone 15;128;1&1;netzbetreiber;1&1 Unlimited XL;;neu;;;;57,99;36;39,90;24;;;2026-10-08;https://mobile.1und1.de/smartphones-unlimited-xl;apple-iphone-15-128gb-blau;nicht direkt genannt;Einmalzahlung bei Kündigung
Bündel;iPhone 15;128;1&1;netzbetreiber;1&1 All-Net-Flat S;XS;neu;220,00;;;32,99;36;39,90;24;1051,66;;2026-09-14;https://mobile.1und1.de/iphone-15;apple-iphone-15-128gb-schwarz;veraltet;
Bündel;iPhone 15;256;1&1;netzbetreiber;1&1 All-Net-Flat L;L;neu;;;;46,99;36;39,90;24;;;2026-10-01;https://mobile.1und1.de/smartphones-all-net-flat-l;apple-iphone-15-256gb-blau;nicht direkt genannt;Einmalzahlung bei Kündigung
Bündel;iPhone 15;256;1&1;netzbetreiber;1&1 All-Net-Flat M;M;neu;;;;41,99;36;39,90;24;;;2026-10-01;https://mobile.1und1.de/smartphones-all-net-flat-m;apple-iphone-15-256gb-blau;nicht direkt genannt;Einmalzahlung bei Kündigung
Bündel;iPhone 15;256;1&1;netzbetreiber;1&1 All-Net-Flat S;XS;neu;270,00;;;36,99;36;39,90;24;1197,66;;2026-10-01;https://mobile.1und1.de/iphone-15;apple-iphone-15-256gb-blau;veraltet;
Bündel;iPhone 15;256;1&1;netzbetreiber;1&1 Unlimited on demand L;L;neu;;;;51,99;36;39,90;24;;;2026-10-01;https://mobile.1und1.de/smartphones-unlimited-l;apple-iphone-15-256gb-blau;nicht direkt genannt;Einmalzahlung bei Kündigung
Bündel;iPhone 15;256;1&1;netzbetreiber;1&1 Unlimited on demand M;M;neu;;;;46,99;36;39,90;24;;;2026-10-01;https://mobile.1und1.de/smartphones-unlimited-m;apple-iphone-15-256gb-blau;nicht direkt genannt;Einmalzahlung bei Kündigung
Bündel;iPhone 15;256;1&1;netzbetreiber;1&1 Unlimited on demand S;XS;neu;;;;41,99;36;39,90;24;;;2026-10-01;https://mobile.1und1.de/smartphones-unlimited-s;apple-iphone-15-256gb-blau;nicht direkt genannt;Einmalzahlung bei Kündigung
Bündel;iPhone 15;256;1&1;netzbetreiber;1&1 All-Net-Flat S;XS;neu;270,00;;;36,99;36;39,90;24;1197,66;;2026-09-14;https://mobile.1und1.de/iphone-15;apple-iphone-15-256gb-schwarz;veraltet;
Bündel;iPhone 16;128;1&1;netzbetreiber;1&1 All-Net-Flat L;L;neu;280,00;;;47,99;36;39,90;24;1471,66;;2026-10-10;https://mobile.1und1.de/iphone-16?tariffFirst=true;apple-iphone-16-128gb-blau;nicht direkt genannt;
Bündel;iPhone 16;128;1&1;netzbetreiber;1&1 All-Net-Flat M;M;neu;280,00;;;42,99;36;39,90;24;1351,66;;2026-10-10;https://mobile.1und1.de/iphone-16?tariffFirst=true;apple-iphone-16-128gb-blau;nicht direkt genannt;
Bündel;iPhone 16;128;1&1;netzbetreiber;1&1 All-Net-Flat S;XS;neu;280,00;;;37,99;36;39,90;24;1231,66;;2026-10-10;https://mobile.1und1.de/flow2/mobile/ssc-private/tariffContractDuration?tariffChangeUrl=%2F%2Fmobile.1und1.de%2Fiphone-16&optionalPrecedingDocuments=%2F%2Fmobile.1und1.de%2Fiphone-16&addFlowStates=tradeInAvailable%2CbrandApple%2CwatchAvailable%2CaskWatch%2ChwDurationsAvailable&traceId=bbec470e-0ed6-4932-9178-f373548d0a7a;apple-iphone-16-128gb-blau;;
Bündel;iPhone 16;128;1&1;netzbetreiber;1&1 Unlimited on demand L;L;neu;280,00;;;52,99;36;39,90;24;1591,66;;2026-10-10;https://mobile.1und1.de/iphone-16?tariffFirst=true;apple-iphone-16-128gb-blau;nicht direkt genannt;
Bündel;iPhone 16;128;1&1;netzbetreiber;1&1 Unlimited on demand M;M;neu;280,00;;;47,99;36;39,90;24;1471,66;;2026-10-10;https://mobile.1und1.de/iphone-16?tariffFirst=true;apple-iphone-16-128gb-blau;nicht direkt genannt;
Bündel;iPhone 16;128;1&1;netzbetreiber;1&1 Unlimited on demand S;XS;neu;280,00;;;42,99;36;39,90;24;1351,66;;2026-10-10;https://mobile.1und1.de/iphone-16?tariffFirst=true;apple-iphone-16-128gb-blau;nicht direkt genannt;
Bündel;iPhone 16;128;1&1;netzbetreiber;1&1 Unlimited XL;;neu;280,00;;;62,99;36;39,90;24;1831,66;;2026-10-10;https://mobile.1und1.de/iphone-16?tariffFirst=true;apple-iphone-16-128gb-blau;nicht direkt genannt;
Bündel;iPhone 16 Plus;128;1&1;netzbetreiber;1&1 All-Net-Flat L;L;neu;;;;49,99;36;39,90;24;;;2026-10-08;https://mobile.1und1.de/smartphones-all-net-flat-l;apple-iphone-16-plus-128gb-blau;nicht direkt genannt;Einmalzahlung bei Kündigung
Bündel;iPhone 16 Plus;128;1&1;netzbetreiber;1&1 All-Net-Flat M;M;neu;;;;44,99;36;39,90;24;;;2026-10-08;https://mobile.1und1.de/smartphones-all-net-flat-m;apple-iphone-16-plus-128gb-blau;nicht direkt genannt;Einmalzahlung bei Kündigung
Bündel;iPhone 16 Plus;128;1&1;netzbetreiber;1&1 All-Net-Flat S;XS;neu;300,00;;;39,99;36;39,90;24;1299,66;;2026-10-08;https://mobile.1und1.de/iphone-16-plus;apple-iphone-16-plus-128gb-blau;;
Bündel;iPhone 16 Plus;128;1&1;netzbetreiber;1&1 Unlimited on demand L;L;neu;;;;54,99;36;39,90;24;;;2026-10-08;https://mobile.1und1.de/smartphones-unlimited-l;apple-iphone-16-plus-128gb-blau;nicht direkt genannt;Einmalzahlung bei Kündigung
Bündel;iPhone 16 Plus;128;1&1;netzbetreiber;1&1 Unlimited on demand M;M;neu;;;;49,99;36;39,90;24;;;2026-10-08;https://mobile.1und1.de/smartphones-unlimited-m;apple-iphone-16-plus-128gb-blau;nicht direkt genannt;Einmalzahlung bei Kündigung
Bündel;iPhone 16 Plus;128;1&1;netzbetreiber;1&1 Unlimited on demand S;XS;neu;;;;44,99;36;39,90;24;;;2026-10-08;https://mobile.1und1.de/smartphones-unlimited-s;apple-iphone-16-plus-128gb-blau;nicht direkt genannt;Einmalzahlung bei Kündigung
Bündel;iPhone 16 Plus;128;1&1;netzbetreiber;1&1 Unlimited XL;;neu;;;;64,99;36;39,90;24;;;2026-10-08;https://mobile.1und1.de/smartphones-unlimited-xl;apple-iphone-16-plus-128gb-blau;nicht direkt genannt;Einmalzahlung bei Kündigung
Bündel;iPhone 16 Plus;128;1&1;netzbetreiber;1&1 All-Net-Flat L;L;neu;300,00;;;49,99;36;39,90;24;1539,66;;2026-10-10;https://mobile.1und1.de/iphone-16-plus?tariffFirst=true;apple-iphone-16-plus-128gb-weiss;nicht direkt genannt;
Bündel;iPhone 16 Plus;128;1&1;netzbetreiber;1&1 All-Net-Flat M;M;neu;300,00;;;44,99;36;39,90;24;1419,66;;2026-10-10;https://mobile.1und1.de/iphone-16-plus?tariffFirst=true;apple-iphone-16-plus-128gb-weiss;nicht direkt genannt;
Bündel;iPhone 16 Plus;128;1&1;netzbetreiber;1&1 All-Net-Flat S;XS;neu;300,00;;;39,99;36;39,90;24;1299,66;;2026-10-10;https://mobile.1und1.de/flow2/mobile/ssc-private/tariffContractDuration?tariffChangeUrl=%2F%2Fmobile.1und1.de%2Fiphone-16-plus&optionalPrecedingDocuments=%2F%2Fmobile.1und1.de%2Fiphone-16-plus&addFlowStates=tradeInAvailable%2CbrandApple%2CwatchAvailable%2CaskWatch%2ChwDurationsAvailable&traceId=fdd2d745-5f75-4f00-8436-14b3bb1a4511;apple-iphone-16-plus-128gb-weiss;;
Bündel;iPhone 16 Plus;128;1&1;netzbetreiber;1&1 Unlimited on demand L;L;neu;300,00;;;54,99;36;39,90;24;1659,66;;2026-10-10;https://mobile.1und1.de/iphone-16-plus?tariffFirst=true;apple-iphone-16-plus-128gb-weiss;nicht direkt genannt;
Bündel;iPhone 16 Plus;128;1&1;netzbetreiber;1&1 Unlimited on demand M;M;neu;300,00;;;49,99;36;39,90;24;1539,66;;2026-10-10;https://mobile.1und1.de/iphone-16-plus?tariffFirst=true;apple-iphone-16-plus-128gb-weiss;nicht direkt genannt;
Bündel;iPhone 16 Plus;128;1&1;netzbetreiber;1&1 Unlimited on demand S;XS;neu;300,00;;;44,99;36;39,90;24;1419,66;;2026-10-10;https://mobile.1und1.de/iphone-16-plus?tariffFirst=true;apple-iphone-16-plus-128gb-weiss;nicht direkt genannt;
Bündel;iPhone 16 Plus;128;1&1;netzbetreiber;1&1 Unlimited XL;;neu;300,00;;;64,99;36;39,90;24;1899,66;;2026-10-10;https://mobile.1und1.de/iphone-16-plus?tariffFirst=true;apple-iphone-16-plus-128gb-weiss;nicht direkt genannt;
Bündel;iPhone 16 Plus;256;1&1;netzbetreiber;1&1 All-Net-Flat L;L;neu;;;;53,99;36;39,90;24;;;2026-10-10;https://mobile.1und1.de/smartphones-all-net-flat-l;apple-iphone-16-plus-256gb-blau;nicht direkt genannt;Einmalzahlung bei Kündigung
Bündel;iPhone 16 Plus;256;1&1;netzbetreiber;1&1 All-Net-Flat M;M;neu;;;;48,99;36;39,90;24;;;2026-10-10;https://mobile.1und1.de/smartphones-all-net-flat-m;apple-iphone-16-plus-256gb-blau;nicht direkt genannt;Einmalzahlung bei Kündigung
Bündel;iPhone 16 Plus;256;1&1;netzbetreiber;1&1 All-Net-Flat S;XS;neu;350,00;;;43,99;36;39,90;24;1445,66;;2026-10-10;https://mobile.1und1.de/iphone-16-plus;apple-iphone-16-plus-256gb-blau;;
Bündel;iPhone 16 Plus;256;1&1;netzbetreiber;1&1 Unlimited on demand L;L;neu;;;;58,99;36;39,90;24;;;2026-10-10;https://mobile.1und1.de/smartphones-unlimited-l;apple-iphone-16-plus-256gb-blau;nicht direkt genannt;Einmalzahlung bei Kündigung
Bündel;iPhone 16 Plus;256;1&1;netzbetreiber;1&1 Unlimited on demand M;M;neu;;;;53,99;36;39,90;24;;;2026-10-10;https://mobile.1und1.de/smartphones-unlimited-m;apple-iphone-16-plus-256gb-blau;nicht direkt genannt;Einmalzahlung bei Kündigung
Bündel;iPhone 16 Plus;256;1&1;netzbetreiber;1&1 Unlimited on demand S;XS;neu;;;;48,99;36;39,90;24;;;2026-10-10;https://mobile.1und1.de/smartphones-unlimited-s;apple-iphone-16-plus-256gb-blau;nicht direkt genannt;Einmalzahlung bei Kündigung
Bündel;iPhone 16e;128;1&1;netzbetreiber;1&1 All-Net-Flat L;L;neu;180,00;;;39,99;36;39,90;24;1179,66;;2026-10-10;https://mobile.1und1.de/iphone-16e?tariffFirst=true;apple-iphone-16e-128gb-schwarz;nicht direkt genannt;
Bündel;iPhone 16e;128;1&1;netzbetreiber;1&1 All-Net-Flat M;M;neu;180,00;;;34,99;36;39,90;24;1059,66;;2026-10-10;https://mobile.1und1.de/iphone-16e?tariffFirst=true;apple-iphone-16e-128gb-schwarz;nicht direkt genannt;
Bündel;iPhone 16e;128;1&1;netzbetreiber;1&1 All-Net-Flat S;XS;neu;180,00;;;29,99;36;39,90;24;939,66;;2026-10-10;https://mobile.1und1.de/flow2/mobile/ssc-private/tariffContractDuration?tariffChangeUrl=%2F%2Fmobile.1und1.de%2Fiphone-16e&optionalPrecedingDocuments=%2F%2Fmobile.1und1.de%2Fiphone-16e&addFlowStates=tradeInAvailable%2CbrandApple%2CwatchAvailable%2CaskWatch%2ChwDurationsAvailable&traceId=9c71962b-6e50-4213-aa07-6c850879a186;apple-iphone-16e-128gb-schwarz;;
Bündel;iPhone 16e;128;1&1;netzbetreiber;1&1 Unlimited on demand L;L;neu;180,00;;;44,99;36;39,90;24;1299,66;;2026-10-10;https://mobile.1und1.de/iphone-16e?tariffFirst=true;apple-iphone-16e-128gb-schwarz;nicht direkt genannt;
Bündel;iPhone 16e;128;1&1;netzbetreiber;1&1 Unlimited on demand M;M;neu;180,00;;;39,99;36;39,90;24;1179,66;;2026-10-10;https://mobile.1und1.de/iphone-16e?tariffFirst=true;apple-iphone-16e-128gb-schwarz;nicht direkt genannt;
Bündel;iPhone 16e;128;1&1;netzbetreiber;1&1 Unlimited on demand S;XS;neu;180,00;;;34,99;36;39,90;24;1059,66;;2026-10-10;https://mobile.1und1.de/iphone-16e?tariffFirst=true;apple-iphone-16e-128gb-schwarz;nicht direkt genannt;
Bündel;iPhone 16e;128;1&1;netzbetreiber;1&1 Unlimited XL;;neu;180,00;;;54,99;36;39,90;24;1539,66;;2026-10-10;https://mobile.1und1.de/iphone-16e?tariffFirst=true;apple-iphone-16e-128gb-schwarz;nicht direkt genannt;
Bündel;iPhone 17;256;1&1;netzbetreiber;1&1 All-Net-Flat L;L;neu;340,00;;;52,99;36;39,90;24;1651,66;;2026-10-10;https://mobile.1und1.de/iphone-17?tariffFirst=true;apple-iphone-17-256gb-nebelblau;nicht direkt genannt;
Bündel;iPhone 17;256;1&1;netzbetreiber;1&1 All-Net-Flat M;M;neu;340,00;;;47,99;36;39,90;24;1531,66;;2026-10-10;https://mobile.1und1.de/iphone-17?tariffFirst=true;apple-iphone-17-256gb-nebelblau;nicht direkt genannt;
Bündel;iPhone 17;256;1&1;netzbetreiber;1&1 All-Net-Flat S;XS;neu;340,00;;;42,99;36;39,90;24;1411,66;;2026-10-10;https://mobile.1und1.de/flow2/mobile/ssc-private/tariffContractDuration?tariffChangeUrl=%2F%2Fmobile.1und1.de%2Fiphone-17&optionalPrecedingDocuments=%2F%2Fmobile.1und1.de%2Fiphone-17&addFlowStates=tradeInAvailable%2CbrandApple%2CwatchAvailable%2CaskWatch%2ChwDurationsAvailable&traceId=6a1a9fd1-86de-485e-a1c2-45a95864f991;apple-iphone-17-256gb-nebelblau;;
Bündel;iPhone 17;256;1&1;netzbetreiber;1&1 Unlimited on demand L;L;neu;340,00;;;57,99;36;39,90;24;1771,66;;2026-10-10;https://mobile.1und1.de/iphone-17?tariffFirst=true;apple-iphone-17-256gb-nebelblau;nicht direkt genannt;
Bündel;iPhone 17;256;1&1;netzbetreiber;1&1 Unlimited on demand M;M;neu;340,00;;;52,99;36;39,90;24;1651,66;;2026-10-10;https://mobile.1und1.de/iphone-17?tariffFirst=true;apple-iphone-17-256gb-nebelblau;nicht direkt genannt;
Bündel;iPhone 17;256;1&1;netzbetreiber;1&1 Unlimited on demand S;XS;neu;340,00;;;47,99;36;39,90;24;1531,66;;2026-10-10;https://mobile.1und1.de/iphone-17?tariffFirst=true;apple-iphone-17-256gb-nebelblau;nicht direkt genannt;
Bündel;iPhone 17;256;1&1;netzbetreiber;1&1 Unlimited XL;;neu;340,00;;;67,99;36;39,90;24;2011,66;;2026-10-10;https://mobile.1und1.de/iphone-17?tariffFirst=true;apple-iphone-17-256gb-nebelblau;nicht direkt genannt;
Bündel;iPhone 17;512;1&1;netzbetreiber;1&1 All-Net-Flat L;L;neu;;;;59,99;36;39,90;24;;;2026-10-10;https://mobile.1und1.de/smartphones-all-net-flat-l;apple-iphone-17-512gb-nebelblau;nicht direkt genannt;Einmalzahlung bei Kündigung
Bündel;iPhone 17;512;1&1;netzbetreiber;1&1 All-Net-Flat M;M;neu;;;;54,99;36;39,90;24;;;2026-10-10;https://mobile.1und1.de/smartphones-all-net-flat-m;apple-iphone-17-512gb-nebelblau;nicht direkt genannt;Einmalzahlung bei Kündigung
Bündel;iPhone 17;512;1&1;netzbetreiber;1&1 All-Net-Flat S;XS;neu;420,00;;;49,99;36;39,90;24;1659,66;;2026-10-10;https://mobile.1und1.de/flow2/mobile/ssc-private/tariffContractDuration?tariffChangeUrl=%2F%2Fmobile.1und1.de%2Fiphone-17&optionalPrecedingDocuments=%2F%2Fmobile.1und1.de%2Fiphone-17&addFlowStates=tradeInAvailable%2CbrandApple%2CwatchAvailable%2CaskWatch%2ChwDurationsAvailable&traceId=fea40c8c-c37b-4489-9830-f59f341064ea;apple-iphone-17-512gb-nebelblau;;
Bündel;iPhone 17;512;1&1;netzbetreiber;1&1 Unlimited on demand L;L;neu;;;;64,99;36;39,90;24;;;2026-10-10;https://mobile.1und1.de/smartphones-unlimited-l;apple-iphone-17-512gb-nebelblau;nicht direkt genannt;Einmalzahlung bei Kündigung
Bündel;iPhone 17;512;1&1;netzbetreiber;1&1 Unlimited on demand M;M;neu;;;;59,99;36;39,90;24;;;2026-10-10;https://mobile.1und1.de/smartphones-unlimited-m;apple-iphone-17-512gb-nebelblau;nicht direkt genannt;Einmalzahlung bei Kündigung
Bündel;iPhone 17;512;1&1;netzbetreiber;1&1 Unlimited on demand S;XS;neu;;;;54,99;36;39,90;24;;;2026-10-10;https://mobile.1und1.de/smartphones-unlimited-s;apple-iphone-17-512gb-nebelblau;nicht direkt genannt;Einmalzahlung bei Kündigung
Bündel;iPhone 17 Pro;1024;1&1;netzbetreiber;1&1 All-Net-Flat L;L;neu;;;;68,99;36;39,90;24;;;2026-10-01;https://mobile.1und1.de/smartphones-all-net-flat-l;apple-iphone-17-pro-1024gb-cosmic-orange;nicht direkt genannt;Einmalzahlung bei Kündigung
Bündel;iPhone 17 Pro;1024;1&1;netzbetreiber;1&1 All-Net-Flat M;M;neu;;;;63,99;36;39,90;24;;;2026-10-01;https://mobile.1und1.de/smartphones-all-net-flat-m;apple-iphone-17-pro-1024gb-cosmic-orange;nicht direkt genannt;Einmalzahlung bei Kündigung
Bündel;iPhone 17 Pro;1024;1&1;netzbetreiber;1&1 All-Net-Flat S;XS;neu;530,00;;;58,99;36;39,90;24;1985,66;;2026-10-01;https://mobile.1und1.de/iphone-17-pro;apple-iphone-17-pro-1024gb-cosmic-orange;veraltet;
Bündel;iPhone 17 Pro;1024;1&1;netzbetreiber;1&1 Unlimited on demand L;L;neu;;;;73,99;36;39,90;24;;;2026-10-01;https://mobile.1und1.de/smartphones-unlimited-l;apple-iphone-17-pro-1024gb-cosmic-orange;nicht direkt genannt;Einmalzahlung bei Kündigung
Bündel;iPhone 17 Pro;1024;1&1;netzbetreiber;1&1 Unlimited on demand M;M;neu;;;;68,99;36;39,90;24;;;2026-10-01;https://mobile.1und1.de/smartphones-unlimited-m;apple-iphone-17-pro-1024gb-cosmic-orange;nicht direkt genannt;Einmalzahlung bei Kündigung
Bündel;iPhone 17 Pro;1024;1&1;netzbetreiber;1&1 Unlimited on demand S;XS;neu;;;;63,99;36;39,90;24;;;2026-10-01;https://mobile.1und1.de/smartphones-unlimited-s;apple-iphone-17-pro-1024gb-cosmic-orange;nicht direkt genannt;Einmalzahlung bei Kündigung
Bündel;iPhone 17 Pro;1024;1&1;netzbetreiber;1&1 All-Net-Flat S;XS;neu;530,00;;;58,99;36;39,90;24;1985,66;;2026-09-09;https://mobile.1und1.de/iphone-17-pro;apple-iphone-17-pro-1024gb-tiefblau;veraltet;
Bündel;iPhone 17 Pro;256;1&1;netzbetreiber;1&1 All-Net-Flat L;L;neu;360,00;;;54,99;36;39,90;24;1719,66;;2026-10-10;https://mobile.1und1.de/iphone-17-pro?tariffFirst=true;apple-iphone-17-pro-256gb-cosmic-orange;nicht direkt genannt;
Bündel;iPhone 17 Pro;256;1&1;netzbetreiber;1&1 All-Net-Flat M;M;neu;360,00;;;49,99;36;39,90;24;1599,66;;2026-10-10;https://mobile.1und1.de/iphone-17-pro?tariffFirst=true;apple-iphone-17-pro-256gb-cosmic-orange;nicht direkt genannt;
Bündel;iPhone 17 Pro;256;1&1;netzbetreiber;1&1 All-Net-Flat S;XS;neu;360,00;;;44,99;36;39,90;24;1479,66;;2026-10-10;https://mobile.1und1.de/flow2/mobile/ssc-private/tariffContractDuration?tariffChangeUrl=%2F%2Fmobile.1und1.de%2Fiphone-17-pro&optionalPrecedingDocuments=%2F%2Fmobile.1und1.de%2Fiphone-17-pro&addFlowStates=tradeInAvailable%2CbrandApple%2CwatchAvailable%2CaskWatch%2ChwDurationsAvailable&traceId=6f62ae1c-4918-4ff8-9165-37ed27c0b016;apple-iphone-17-pro-256gb-cosmic-orange;;
Bündel;iPhone 17 Pro;256;1&1;netzbetreiber;1&1 Unlimited on demand L;L;neu;360,00;;;59,99;36;39,90;24;1839,66;;2026-10-10;https://mobile.1und1.de/iphone-17-pro?tariffFirst=true;apple-iphone-17-pro-256gb-cosmic-orange;nicht direkt genannt;
Bündel;iPhone 17 Pro;256;1&1;netzbetreiber;1&1 Unlimited on demand M;M;neu;360,00;;;54,99;36;39,90;24;1719,66;;2026-10-10;https://mobile.1und1.de/iphone-17-pro?tariffFirst=true;apple-iphone-17-pro-256gb-cosmic-orange;nicht direkt genannt;
Bündel;iPhone 17 Pro;256;1&1;netzbetreiber;1&1 Unlimited on demand S;XS;neu;360,00;;;49,99;36;39,90;24;1599,66;;2026-10-10;https://mobile.1und1.de/iphone-17-pro?tariffFirst=true;apple-iphone-17-pro-256gb-cosmic-orange;nicht direkt genannt;
Bündel;iPhone 17 Pro;256;1&1;netzbetreiber;1&1 Unlimited XL;;neu;360,00;;;69,99;36;39,90;24;2079,66;;2026-10-10;https://mobile.1und1.de/iphone-17-pro?tariffFirst=true;apple-iphone-17-pro-256gb-cosmic-orange;nicht direkt genannt;
Bündel;iPhone 17 Pro;512;1&1;netzbetreiber;1&1 All-Net-Flat L;L;neu;;;;61,99;36;39,90;24;;;2026-10-10;https://mobile.1und1.de/smartphones-all-net-flat-l;apple-iphone-17-pro-512gb-tiefblau;nicht direkt genannt;Einmalzahlung bei Kündigung
Bündel;iPhone 17 Pro;512;1&1;netzbetreiber;1&1 All-Net-Flat M;M;neu;;;;56,99;36;39,90;24;;;2026-10-10;https://mobile.1und1.de/smartphones-all-net-flat-m;apple-iphone-17-pro-512gb-tiefblau;nicht direkt genannt;Einmalzahlung bei Kündigung
Bündel;iPhone 17 Pro;512;1&1;netzbetreiber;1&1 All-Net-Flat S;XS;neu;450,00;;;51,99;36;39,90;24;1737,66;;2026-10-10;https://mobile.1und1.de/flow2/mobile/ssc-private/tariffContractDuration?tariffChangeUrl=%2F%2Fmobile.1und1.de%2Fiphone-17-pro&optionalPrecedingDocuments=%2F%2Fmobile.1und1.de%2Fiphone-17-pro&addFlowStates=tradeInAvailable%2CbrandApple%2CwatchAvailable%2CaskWatch%2ChwDurationsAvailable&traceId=80e5c16b-bd5e-4323-92df-2a063e6e661d;apple-iphone-17-pro-512gb-tiefblau;;
Bündel;iPhone 17 Pro;512;1&1;netzbetreiber;1&1 Unlimited on demand L;L;neu;;;;66,99;36;39,90;24;;;2026-10-10;https://mobile.1und1.de/smartphones-unlimited-l;apple-iphone-17-pro-512gb-tiefblau;nicht direkt genannt;Einmalzahlung bei Kündigung
Bündel;iPhone 17 Pro;512;1&1;netzbetreiber;1&1 Unlimited on demand M;M;neu;;;;61,99;36;39,90;24;;;2026-10-10;https://mobile.1und1.de/smartphones-unlimited-m;apple-iphone-17-pro-512gb-tiefblau;nicht direkt genannt;Einmalzahlung bei Kündigung
Bündel;iPhone 17 Pro;512;1&1;netzbetreiber;1&1 Unlimited on demand S;XS;neu;;;;56,99;36;39,90;24;;;2026-10-10;https://mobile.1und1.de/smartphones-unlimited-s;apple-iphone-17-pro-512gb-tiefblau;nicht direkt genannt;Einmalzahlung bei Kündigung
Bündel;iPhone 17 Pro Max;1024;1&1;netzbetreiber;1&1 All-Net-Flat L;L;neu;;;;75,99;36;39,90;24;;;2026-10-10;https://mobile.1und1.de/smartphones-all-net-flat-l;apple-iphone-17-pro-max-1024gb-silber;nicht direkt genannt;Einmalzahlung bei Kündigung
Bündel;iPhone 17 Pro Max;1024;1&1;netzbetreiber;1&1 All-Net-Flat M;M;neu;;;;70,99;36;39,90;24;;;2026-10-10;https://mobile.1und1.de/smartphones-all-net-flat-m;apple-iphone-17-pro-max-1024gb-silber;nicht direkt genannt;Einmalzahlung bei Kündigung
Bündel;iPhone 17 Pro Max;1024;1&1;netzbetreiber;1&1 All-Net-Flat S;XS;neu;620,00;;;65,99;36;39,90;24;2243,66;;2026-10-10;https://mobile.1und1.de/flow2/mobile/ssc-private/tariffContractDuration?tariffChangeUrl=%2F%2Fmobile.1und1.de%2Fiphone-17-pro-max&optionalPrecedingDocuments=%2F%2Fmobile.1und1.de%2Fiphone-17-pro-max&addFlowStates=tradeInAvailable%2CbrandApple%2CwatchAvailable%2CaskWatch%2ChwDurationsAvailable&traceId=3d343ca2-481f-4a0c-ab1a-0f3a85b0d82e;apple-iphone-17-pro-max-1024gb-silber;;
Bündel;iPhone 17 Pro Max;1024;1&1;netzbetreiber;1&1 Unlimited on demand L;L;neu;;;;80,99;36;39,90;24;;;2026-10-10;https://mobile.1und1.de/smartphones-unlimited-l;apple-iphone-17-pro-max-1024gb-silber;nicht direkt genannt;Einmalzahlung bei Kündigung
Bündel;iPhone 17 Pro Max;1024;1&1;netzbetreiber;1&1 Unlimited on demand M;M;neu;;;;75,99;36;39,90;24;;;2026-10-10;https://mobile.1und1.de/smartphones-unlimited-m;apple-iphone-17-pro-max-1024gb-silber;nicht direkt genannt;Einmalzahlung bei Kündigung
Bündel;iPhone 17 Pro Max;1024;1&1;netzbetreiber;1&1 Unlimited on demand S;XS;neu;;;;70,99;36;39,90;24;;;2026-10-10;https://mobile.1und1.de/smartphones-unlimited-s;apple-iphone-17-pro-max-1024gb-silber;nicht direkt genannt;Einmalzahlung bei Kündigung
Bündel;iPhone 17 Pro Max;2048;1&1;netzbetreiber;1&1 All-Net-Flat L;L;neu;;;;88,99;36;39,90;24;;;2026-10-10;https://mobile.1und1.de/smartphones-all-net-flat-l;apple-iphone-17-pro-max-2048gb-silber;nicht direkt genannt;Einmalzahlung bei Kündigung
Bündel;iPhone 17 Pro Max;2048;1&1;netzbetreiber;1&1 All-Net-Flat M;M;neu;;;;83,99;36;39,90;24;;;2026-10-10;https://mobile.1und1.de/smartphones-all-net-flat-m;apple-iphone-17-pro-max-2048gb-silber;nicht direkt genannt;Einmalzahlung bei Kündigung
Bündel;iPhone 17 Pro Max;2048;1&1;netzbetreiber;1&1 All-Net-Flat S;XS;neu;770,00;;;78,99;36;39,90;24;2705,66;;2026-10-10;https://mobile.1und1.de/flow2/mobile/ssc-private/tariffContractDuration?tariffChangeUrl=%2F%2Fmobile.1und1.de%2Fiphone-17-pro-max&optionalPrecedingDocuments=%2F%2Fmobile.1und1.de%2Fiphone-17-pro-max&addFlowStates=tradeInAvailable%2CbrandApple%2CwatchAvailable%2CaskWatch%2ChwDurationsAvailable&traceId=73e2a889-3e5a-4c87-b57e-4820e295ebe4;apple-iphone-17-pro-max-2048gb-silber;;
Bündel;iPhone 17 Pro Max;2048;1&1;netzbetreiber;1&1 Unlimited on demand L;L;neu;;;;93,99;36;39,90;24;;;2026-10-10;https://mobile.1und1.de/smartphones-unlimited-l;apple-iphone-17-pro-max-2048gb-silber;nicht direkt genannt;Einmalzahlung bei Kündigung
Bündel;iPhone 17 Pro Max;2048;1&1;netzbetreiber;1&1 Unlimited on demand M;M;neu;;;;88,99;36;39,90;24;;;2026-10-10;https://mobile.1und1.de/smartphones-unlimited-m;apple-iphone-17-pro-max-2048gb-silber;nicht direkt genannt;Einmalzahlung bei Kündigung
Bündel;iPhone 17 Pro Max;2048;1&1;netzbetreiber;1&1 Unlimited on demand S;XS;neu;;;;83,99;36;39,90;24;;;2026-10-10;https://mobile.1und1.de/smartphones-unlimited-s;apple-iphone-17-pro-max-2048gb-silber;nicht direkt genannt;Einmalzahlung bei Kündigung
Bündel;iPhone 17 Pro Max;256;1&1;netzbetreiber;1&1 All-Net-Flat L;L;neu;420,00;;;59,99;36;39,90;24;1899,66;;2026-10-10;https://mobile.1und1.de/iphone-17-pro-max?tariffFirst=true;apple-iphone-17-pro-max-256gb-silber;nicht direkt genannt;
Bündel;iPhone 17 Pro Max;256;1&1;netzbetreiber;1&1 All-Net-Flat M;M;neu;420,00;;;54,99;36;39,90;24;1779,66;;2026-10-10;https://mobile.1und1.de/iphone-17-pro-max?tariffFirst=true;apple-iphone-17-pro-max-256gb-silber;nicht direkt genannt;
Bündel;iPhone 17 Pro Max;256;1&1;netzbetreiber;1&1 All-Net-Flat S;XS;neu;420,00;;;49,99;36;39,90;24;1659,66;;2026-10-10;https://mobile.1und1.de/flow2/mobile/ssc-private/tariffContractDuration?tariffChangeUrl=%2F%2Fmobile.1und1.de%2Fiphone-17-pro-max&optionalPrecedingDocuments=%2F%2Fmobile.1und1.de%2Fiphone-17-pro-max&addFlowStates=tradeInAvailable%2CbrandApple%2CwatchAvailable%2CaskWatch%2ChwDurationsAvailable&traceId=edb83e2c-c251-4556-9a65-62423a4058d6;apple-iphone-17-pro-max-256gb-silber;;
Bündel;iPhone 17 Pro Max;256;1&1;netzbetreiber;1&1 Unlimited on demand L;L;neu;420,00;;;64,99;36;39,90;24;2019,66;;2026-10-10;https://mobile.1und1.de/iphone-17-pro-max?tariffFirst=true;apple-iphone-17-pro-max-256gb-silber;nicht direkt genannt;
Bündel;iPhone 17 Pro Max;256;1&1;netzbetreiber;1&1 Unlimited on demand M;M;neu;420,00;;;59,99;36;39,90;24;1899,66;;2026-10-10;https://mobile.1und1.de/iphone-17-pro-max?tariffFirst=true;apple-iphone-17-pro-max-256gb-silber;nicht direkt genannt;
Bündel;iPhone 17 Pro Max;256;1&1;netzbetreiber;1&1 Unlimited on demand S;XS;neu;420,00;;;54,99;36;39,90;24;1779,66;;2026-10-10;https://mobile.1und1.de/iphone-17-pro-max?tariffFirst=true;apple-iphone-17-pro-max-256gb-silber;nicht direkt genannt;
Bündel;iPhone 17 Pro Max;256;1&1;netzbetreiber;1&1 Unlimited XL;;neu;420,00;;;74,99;36;39,90;24;2259,66;;2026-10-10;https://mobile.1und1.de/iphone-17-pro-max?tariffFirst=true;apple-iphone-17-pro-max-256gb-silber;nicht direkt genannt;
Bündel;iPhone 17 Pro Max;512;1&1;netzbetreiber;1&1 All-Net-Flat L;L;neu;;;;68,99;36;39,90;24;;;2026-10-10;https://mobile.1und1.de/smartphones-all-net-flat-l;apple-iphone-17-pro-max-512gb-silber;nicht direkt genannt;Einmalzahlung bei Kündigung
Bündel;iPhone 17 Pro Max;512;1&1;netzbetreiber;1&1 All-Net-Flat M;M;neu;;;;63,99;36;39,90;24;;;2026-10-10;https://mobile.1und1.de/smartphones-all-net-flat-m;apple-iphone-17-pro-max-512gb-silber;nicht direkt genannt;Einmalzahlung bei Kündigung
Bündel;iPhone 17 Pro Max;512;1&1;netzbetreiber;1&1 All-Net-Flat S;XS;neu;530,00;;;58,99;36;39,90;24;1985,66;;2026-10-10;https://mobile.1und1.de/flow2/mobile/ssc-private/tariffContractDuration?tariffChangeUrl=%2F%2Fmobile.1und1.de%2Fiphone-17-pro-max&optionalPrecedingDocuments=%2F%2Fmobile.1und1.de%2Fiphone-17-pro-max&addFlowStates=tradeInAvailable%2CbrandApple%2CwatchAvailable%2CaskWatch%2ChwDurationsAvailable&traceId=56c31dbb-155c-4961-9920-5b850f05b490;apple-iphone-17-pro-max-512gb-silber;;
Bündel;iPhone 17 Pro Max;512;1&1;netzbetreiber;1&1 Unlimited on demand L;L;neu;;;;73,99;36;39,90;24;;;2026-10-10;https://mobile.1und1.de/smartphones-unlimited-l;apple-iphone-17-pro-max-512gb-silber;nicht direkt genannt;Einmalzahlung bei Kündigung
Bündel;iPhone 17 Pro Max;512;1&1;netzbetreiber;1&1 Unlimited on demand M;M;neu;;;;68,99;36;39,90;24;;;2026-10-10;https://mobile.1und1.de/smartphones-unlimited-m;apple-iphone-17-pro-max-512gb-silber;nicht direkt genannt;Einmalzahlung bei Kündigung
Bündel;iPhone 17 Pro Max;512;1&1;netzbetreiber;1&1 Unlimited on demand S;XS;neu;;;;63,99;36;39,90;24;;;2026-10-10;https://mobile.1und1.de/smartphones-unlimited-s;apple-iphone-17-pro-max-512gb-silber;nicht direkt genannt;Einmalzahlung bei Kündigung
Bündel;iPhone 17e;256;1&1;netzbetreiber;1&1 All-Net-Flat L;L;neu;280,00;;;47,99;36;39,90;24;1471,66;;2026-10-10;https://mobile.1und1.de/iphone-17e?tariffFirst=true;apple-iphone-17e-256gb-schwarz;nicht direkt genannt;
Bündel;iPhone 17e;256;1&1;netzbetreiber;1&1 All-Net-Flat M;M;neu;280,00;;;42,99;36;39,90;24;1351,66;;2026-10-10;https://mobile.1und1.de/iphone-17e?tariffFirst=true;apple-iphone-17e-256gb-schwarz;nicht direkt genannt;
Bündel;iPhone 17e;256;1&1;netzbetreiber;1&1 All-Net-Flat S;XS;neu;280,00;;;37,99;36;39,90;24;1231,66;;2026-10-10;https://mobile.1und1.de/flow2/mobile/ssc-private/tariffContractDuration?tariffChangeUrl=%2F%2Fmobile.1und1.de%2Fiphone-17e&optionalPrecedingDocuments=%2F%2Fmobile.1und1.de%2Fiphone-17e&addFlowStates=tradeInAvailable%2CbrandApple%2CwatchAvailable%2CaskWatch%2ChwDurationsAvailable&traceId=c4dbb909-808b-44f4-8cae-124d21122a83;apple-iphone-17e-256gb-schwarz;;
Bündel;iPhone 17e;256;1&1;netzbetreiber;1&1 Unlimited on demand L;L;neu;280,00;;;52,99;36;39,90;24;1591,66;;2026-10-10;https://mobile.1und1.de/iphone-17e?tariffFirst=true;apple-iphone-17e-256gb-schwarz;nicht direkt genannt;
Bündel;iPhone 17e;256;1&1;netzbetreiber;1&1 Unlimited on demand M;M;neu;280,00;;;47,99;36;39,90;24;1471,66;;2026-10-10;https://mobile.1und1.de/iphone-17e?tariffFirst=true;apple-iphone-17e-256gb-schwarz;nicht direkt genannt;
Bündel;iPhone 17e;256;1&1;netzbetreiber;1&1 Unlimited on demand S;XS;neu;280,00;;;42,99;36;39,90;24;1351,66;;2026-10-10;https://mobile.1und1.de/iphone-17e?tariffFirst=true;apple-iphone-17e-256gb-schwarz;nicht direkt genannt;
Bündel;iPhone 17e;256;1&1;netzbetreiber;1&1 Unlimited XL;;neu;280,00;;;62,99;36;39,90;24;1831,66;;2026-10-10;https://mobile.1und1.de/iphone-17e?tariffFirst=true;apple-iphone-17e-256gb-schwarz;nicht direkt genannt;
Bündel;iPhone 17e;512;1&1;netzbetreiber;1&1 All-Net-Flat L;L;neu;;;;54,99;36;39,90;24;;;2026-10-10;https://mobile.1und1.de/smartphones-all-net-flat-l;apple-iphone-17e-512gb-schwarz;nicht direkt genannt;Einmalzahlung bei Kündigung
Bündel;iPhone 17e;512;1&1;netzbetreiber;1&1 All-Net-Flat M;M;neu;;;;49,99;36;39,90;24;;;2026-10-10;https://mobile.1und1.de/smartphones-all-net-flat-m;apple-iphone-17e-512gb-schwarz;nicht direkt genannt;Einmalzahlung bei Kündigung
Bündel;iPhone 17e;512;1&1;netzbetreiber;1&1 All-Net-Flat S;XS;neu;360,00;;;44,99;36;39,90;24;1479,66;;2026-10-10;https://mobile.1und1.de/iphone-17e;apple-iphone-17e-512gb-schwarz;;
Bündel;iPhone 17e;512;1&1;netzbetreiber;1&1 Unlimited on demand L;L;neu;;;;59,99;36;39,90;24;;;2026-10-10;https://mobile.1und1.de/smartphones-unlimited-l;apple-iphone-17e-512gb-schwarz;nicht direkt genannt;Einmalzahlung bei Kündigung
Bündel;iPhone 17e;512;1&1;netzbetreiber;1&1 Unlimited on demand M;M;neu;;;;54,99;36;39,90;24;;;2026-10-10;https://mobile.1und1.de/smartphones-unlimited-m;apple-iphone-17e-512gb-schwarz;nicht direkt genannt;Einmalzahlung bei Kündigung
Bündel;iPhone 17e;512;1&1;netzbetreiber;1&1 Unlimited on demand S;XS;neu;;;;49,99;36;39,90;24;;;2026-10-10;https://mobile.1und1.de/smartphones-unlimited-s;apple-iphone-17e-512gb-schwarz;nicht direkt genannt;Einmalzahlung bei Kündigung
Bündel;iPhone 18 Pro;1024;1&1;netzbetreiber;1&1 All-Net-Flat L;L;neu;;;;80,99;36;39,90;24;;;2026-10-10;https://mobile.1und1.de/smartphones-all-net-flat-l;apple-iphone-18-pro-1024gb-polar;nicht direkt genannt;Einmalzahlung bei Kündigung
Bündel;iPhone 18 Pro;1024;1&1;netzbetreiber;1&1 All-Net-Flat M;M;neu;;;;75,99;36;39,90;24;;;2026-10-10;https://mobile.1und1.de/smartphones-all-net-flat-m;apple-iphone-18-pro-1024gb-polar;nicht direkt genannt;Einmalzahlung bei Kündigung
Bündel;iPhone 18 Pro;1024;1&1;netzbetreiber;1&1 All-Net-Flat S;XS;neu;680,00;;;70,99;36;39,90;24;2423,66;;2026-10-10;https://mobile.1und1.de/flow2/mobile/ssc-private/tariffContractDuration?tariffChangeUrl=%2F%2Fmobile.1und1.de%2Fiphone-18-pro&optionalPrecedingDocuments=%2F%2Fmobile.1und1.de%2Fiphone-18-pro&addFlowStates=tradeInAvailable%2CbrandApple%2CwatchAvailable%2CaskWatch%2ChwDurationsAvailable&traceId=ba6995be-9c4c-46b7-9b91-3bdf8bb7502e;apple-iphone-18-pro-1024gb-polar;;
Bündel;iPhone 18 Pro;1024;1&1;netzbetreiber;1&1 Unlimited on demand L;L;neu;;;;85,99;36;39,90;24;;;2026-10-10;https://mobile.1und1.de/smartphones-unlimited-l;apple-iphone-18-pro-1024gb-polar;nicht direkt genannt;Einmalzahlung bei Kündigung
Bündel;iPhone 18 Pro;1024;1&1;netzbetreiber;1&1 Unlimited on demand M;M;neu;;;;80,99;36;39,90;24;;;2026-10-10;https://mobile.1und1.de/smartphones-unlimited-m;apple-iphone-18-pro-1024gb-polar;nicht direkt genannt;Einmalzahlung bei Kündigung
Bündel;iPhone 18 Pro;1024;1&1;netzbetreiber;1&1 Unlimited on demand S;XS;neu;;;;75,99;36;39,90;24;;;2026-10-10;https://mobile.1und1.de/smartphones-unlimited-s;apple-iphone-18-pro-1024gb-polar;nicht direkt genannt;Einmalzahlung bei Kündigung
Bündel;iPhone 18 Pro;2048;1&1;netzbetreiber;1&1 All-Net-Flat L;L;neu;;;;101,99;36;39,90;24;;;2026-10-10;https://mobile.1und1.de/smartphones-all-net-flat-l;apple-iphone-18-pro-2048gb-polar;nicht direkt genannt;Einmalzahlung bei Kündigung
Bündel;iPhone 18 Pro;2048;1&1;netzbetreiber;1&1 All-Net-Flat M;M;neu;;;;96,99;36;39,90;24;;;2026-10-10;https://mobile.1und1.de/smartphones-all-net-flat-m;apple-iphone-18-pro-2048gb-polar;nicht direkt genannt;Einmalzahlung bei Kündigung
Bündel;iPhone 18 Pro;2048;1&1;netzbetreiber;1&1 All-Net-Flat S;XS;neu;930,00;;;91,99;36;39,90;24;3177,66;;2026-10-10;https://mobile.1und1.de/flow2/mobile/ssc-private/tariffContractDuration?tariffChangeUrl=%2F%2Fmobile.1und1.de%2Fiphone-18-pro&optionalPrecedingDocuments=%2F%2Fmobile.1und1.de%2Fiphone-18-pro&addFlowStates=tradeInAvailable%2CbrandApple%2CwatchAvailable%2CaskWatch%2ChwDurationsAvailable&traceId=d13a8797-3bf1-49f4-9f45-cf0a1d3c1276;apple-iphone-18-pro-2048gb-polar;;
Bündel;iPhone 18 Pro;2048;1&1;netzbetreiber;1&1 Unlimited on demand L;L;neu;;;;106,99;36;39,90;24;;;2026-10-10;https://mobile.1und1.de/smartphones-unlimited-l;apple-iphone-18-pro-2048gb-polar;nicht direkt genannt;Einmalzahlung bei Kündigung
Bündel;iPhone 18 Pro;2048;1&1;netzbetreiber;1&1 Unlimited on demand M;M;neu;;;;101,99;36;39,90;24;;;2026-10-10;https://mobile.1und1.de/smartphones-unlimited-m;apple-iphone-18-pro-2048gb-polar;nicht direkt genannt;Einmalzahlung bei Kündigung
Bündel;iPhone 18 Pro;2048;1&1;netzbetreiber;1&1 Unlimited on demand S;XS;neu;;;;96,99;36;39,90;24;;;2026-10-10;https://mobile.1und1.de/smartphones-unlimited-s;apple-iphone-18-pro-2048gb-polar;nicht direkt genannt;Einmalzahlung bei Kündigung
Bündel;iPhone 18 Pro;256;1&1;netzbetreiber;1&1 All-Net-Flat L;L;neu;420,00;;;59,99;36;39,90;24;1899,66;;2026-10-10;https://mobile.1und1.de/iphone-18-pro?tariffFirst=true;apple-iphone-18-pro-256gb-polar;nicht direkt genannt;
Bündel;iPhone 18 Pro;256;1&1;netzbetreiber;1&1 All-Net-Flat M;M;neu;420,00;;;54,99;36;39,90;24;1779,66;;2026-10-10;https://mobile.1und1.de/iphone-18-pro?tariffFirst=true;apple-iphone-18-pro-256gb-polar;nicht direkt genannt;
Bündel;iPhone 18 Pro;256;1&1;netzbetreiber;1&1 All-Net-Flat S;XS;neu;420,00;;;49,99;36;39,90;24;1659,66;;2026-10-10;https://mobile.1und1.de/flow2/mobile/ssc-private/tariffContractDuration?tariffChangeUrl=%2F%2Fmobile.1und1.de%2Fiphone-18-pro&optionalPrecedingDocuments=%2F%2Fmobile.1und1.de%2Fiphone-18-pro&addFlowStates=tradeInAvailable%2CbrandApple%2CwatchAvailable%2CaskWatch%2ChwDurationsAvailable&traceId=d85697e9-8c0f-4f35-afc7-804484a0aa73;apple-iphone-18-pro-256gb-polar;;
Bündel;iPhone 18 Pro;256;1&1;netzbetreiber;1&1 Unlimited on demand L;L;neu;420,00;;;64,99;36;39,90;24;2019,66;;2026-10-10;https://mobile.1und1.de/iphone-18-pro?tariffFirst=true;apple-iphone-18-pro-256gb-polar;nicht direkt genannt;
Bündel;iPhone 18 Pro;256;1&1;netzbetreiber;1&1 Unlimited on demand M;M;neu;420,00;;;59,99;36;39,90;24;1899,66;;2026-10-10;https://mobile.1und1.de/iphone-18-pro?tariffFirst=true;apple-iphone-18-pro-256gb-polar;nicht direkt genannt;
Bündel;iPhone 18 Pro;256;1&1;netzbetreiber;1&1 Unlimited on demand S;XS;neu;420,00;;;54,99;36;39,90;24;1779,66;;2026-10-10;https://mobile.1und1.de/iphone-18-pro?tariffFirst=true;apple-iphone-18-pro-256gb-polar;nicht direkt genannt;
Bündel;iPhone 18 Pro;256;1&1;netzbetreiber;1&1 Unlimited XL;;neu;420,00;;;74,99;36;39,90;24;2259,66;;2026-10-10;https://mobile.1und1.de/iphone-18-pro?tariffFirst=true;apple-iphone-18-pro-256gb-polar;nicht direkt genannt;
Bündel;iPhone 18 Pro;512;1&1;netzbetreiber;1&1 All-Net-Flat L;L;neu;;;;66,99;36;39,90;24;;;2026-10-10;https://mobile.1und1.de/smartphones-all-net-flat-l;apple-iphone-18-pro-512gb-polar;nicht direkt genannt;Einmalzahlung bei Kündigung
Bündel;iPhone 18 Pro;512;1&1;netzbetreiber;1&1 All-Net-Flat M;M;neu;;;;61,99;36;39,90;24;;;2026-10-10;https://mobile.1und1.de/smartphones-all-net-flat-m;apple-iphone-18-pro-512gb-polar;nicht direkt genannt;Einmalzahlung bei Kündigung
Bündel;iPhone 18 Pro;512;1&1;netzbetreiber;1&1 All-Net-Flat S;XS;neu;510,00;;;56,99;36;39,90;24;1917,66;;2026-10-10;https://mobile.1und1.de/flow2/mobile/ssc-private/tariffContractDuration?tariffChangeUrl=%2F%2Fmobile.1und1.de%2Fiphone-18-pro&optionalPrecedingDocuments=%2F%2Fmobile.1und1.de%2Fiphone-18-pro&addFlowStates=tradeInAvailable%2CbrandApple%2CwatchAvailable%2CaskWatch%2ChwDurationsAvailable&traceId=f0a86d89-474b-424e-81fd-461087a9a45a;apple-iphone-18-pro-512gb-polar;;
Bündel;iPhone 18 Pro;512;1&1;netzbetreiber;1&1 Unlimited on demand L;L;neu;;;;71,99;36;39,90;24;;;2026-10-10;https://mobile.1und1.de/smartphones-unlimited-l;apple-iphone-18-pro-512gb-polar;nicht direkt genannt;Einmalzahlung bei Kündigung
Bündel;iPhone 18 Pro;512;1&1;netzbetreiber;1&1 Unlimited on demand M;M;neu;;;;66,99;36;39,90;24;;;2026-10-10;https://mobile.1und1.de/smartphones-unlimited-m;apple-iphone-18-pro-512gb-polar;nicht direkt genannt;Einmalzahlung bei Kündigung
Bündel;iPhone 18 Pro;512;1&1;netzbetreiber;1&1 Unlimited on demand S;XS;neu;;;;61,99;36;39,90;24;;;2026-10-10;https://mobile.1und1.de/smartphones-unlimited-s;apple-iphone-18-pro-512gb-polar;nicht direkt genannt;Einmalzahlung bei Kündigung
Bündel;iPhone 18 Pro Max;1024;1&1;netzbetreiber;1&1 All-Net-Flat L;L;neu;;;;85,99;36;39,90;24;;;2026-10-10;https://mobile.1und1.de/smartphones-all-net-flat-l;apple-iphone-18-pro-max-1024gb-polar;nicht direkt genannt;Einmalzahlung bei Kündigung
Bündel;iPhone 18 Pro Max;1024;1&1;netzbetreiber;1&1 All-Net-Flat M;M;neu;;;;80,99;36;39,90;24;;;2026-10-10;https://mobile.1und1.de/smartphones-all-net-flat-m;apple-iphone-18-pro-max-1024gb-polar;nicht direkt genannt;Einmalzahlung bei Kündigung
Bündel;iPhone 18 Pro Max;1024;1&1;netzbetreiber;1&1 All-Net-Flat S;XS;neu;740,00;;;75,99;36;39,90;24;2603,66;;2026-10-10;https://mobile.1und1.de/flow2/mobile/ssc-private/tariffContractDuration?tariffChangeUrl=%2F%2Fmobile.1und1.de%2Fiphone-18-pro-max&optionalPrecedingDocuments=%2F%2Fmobile.1und1.de%2Fiphone-18-pro-max&addFlowStates=tradeInAvailable%2CbrandApple%2CwatchAvailable%2CaskWatch%2ChwDurationsAvailable&traceId=a99ad942-d4c7-49ba-a8cf-0afb566d7dc2;apple-iphone-18-pro-max-1024gb-polar;;
Bündel;iPhone 18 Pro Max;1024;1&1;netzbetreiber;1&1 Unlimited on demand L;L;neu;;;;90,99;36;39,90;24;;;2026-10-10;https://mobile.1und1.de/smartphones-unlimited-l;apple-iphone-18-pro-max-1024gb-polar;nicht direkt genannt;Einmalzahlung bei Kündigung
Bündel;iPhone 18 Pro Max;1024;1&1;netzbetreiber;1&1 Unlimited on demand M;M;neu;;;;85,99;36;39,90;24;;;2026-10-10;https://mobile.1und1.de/smartphones-unlimited-m;apple-iphone-18-pro-max-1024gb-polar;nicht direkt genannt;Einmalzahlung bei Kündigung
Bündel;iPhone 18 Pro Max;1024;1&1;netzbetreiber;1&1 Unlimited on demand S;XS;neu;;;;80,99;36;39,90;24;;;2026-10-10;https://mobile.1und1.de/smartphones-unlimited-s;apple-iphone-18-pro-max-1024gb-polar;nicht direkt genannt;Einmalzahlung bei Kündigung
Bündel;iPhone 18 Pro Max;2048;1&1;netzbetreiber;1&1 All-Net-Flat L;L;neu;;;;106,99;36;39,90;24;;;2026-10-10;https://mobile.1und1.de/smartphones-all-net-flat-l;apple-iphone-18-pro-max-2048gb-polar;nicht direkt genannt;Einmalzahlung bei Kündigung
Bündel;iPhone 18 Pro Max;2048;1&1;netzbetreiber;1&1 All-Net-Flat M;M;neu;;;;101,99;36;39,90;24;;;2026-10-10;https://mobile.1und1.de/smartphones-all-net-flat-m;apple-iphone-18-pro-max-2048gb-polar;nicht direkt genannt;Einmalzahlung bei Kündigung
Bündel;iPhone 18 Pro Max;2048;1&1;netzbetreiber;1&1 All-Net-Flat S;XS;neu;990,00;;;96,99;36;39,90;24;3357,66;;2026-10-10;https://mobile.1und1.de/flow2/mobile/ssc-private/tariffContractDuration?tariffChangeUrl=%2F%2Fmobile.1und1.de%2Fiphone-18-pro-max&optionalPrecedingDocuments=%2F%2Fmobile.1und1.de%2Fiphone-18-pro-max&addFlowStates=tradeInAvailable%2CbrandApple%2CwatchAvailable%2CaskWatch%2ChwDurationsAvailable&traceId=bf625761-df8b-4e88-bb97-4eba13a63cd4;apple-iphone-18-pro-max-2048gb-polar;;
Bündel;iPhone 18 Pro Max;2048;1&1;netzbetreiber;1&1 Unlimited on demand L;L;neu;;;;111,99;36;39,90;24;;;2026-10-10;https://mobile.1und1.de/smartphones-unlimited-l;apple-iphone-18-pro-max-2048gb-polar;nicht direkt genannt;Einmalzahlung bei Kündigung
Bündel;iPhone 18 Pro Max;2048;1&1;netzbetreiber;1&1 Unlimited on demand M;M;neu;;;;106,99;36;39,90;24;;;2026-10-10;https://mobile.1und1.de/smartphones-unlimited-m;apple-iphone-18-pro-max-2048gb-polar;nicht direkt genannt;Einmalzahlung bei Kündigung
Bündel;iPhone 18 Pro Max;2048;1&1;netzbetreiber;1&1 Unlimited on demand S;XS;neu;;;;101,99;36;39,90;24;;;2026-10-10;https://mobile.1und1.de/smartphones-unlimited-s;apple-iphone-18-pro-max-2048gb-polar;nicht direkt genannt;Einmalzahlung bei Kündigung
Bündel;iPhone 18 Pro Max;256;1&1;netzbetreiber;1&1 All-Net-Flat L;L;neu;480,00;;;64,99;36;39,90;24;2079,66;;2026-10-10;https://mobile.1und1.de/iphone-18-pro-max?tariffFirst=true;apple-iphone-18-pro-max-256gb-polar;nicht direkt genannt;
Bündel;iPhone 18 Pro Max;256;1&1;netzbetreiber;1&1 All-Net-Flat M;M;neu;480,00;;;59,99;36;39,90;24;1959,66;;2026-10-10;https://mobile.1und1.de/iphone-18-pro-max?tariffFirst=true;apple-iphone-18-pro-max-256gb-polar;nicht direkt genannt;
Bündel;iPhone 18 Pro Max;256;1&1;netzbetreiber;1&1 All-Net-Flat S;XS;neu;480,00;;;54,99;36;39,90;24;1839,66;;2026-10-10;https://mobile.1und1.de/flow2/mobile/ssc-private/tariffContractDuration?tariffChangeUrl=%2F%2Fmobile.1und1.de%2Fiphone-18-pro-max&optionalPrecedingDocuments=%2F%2Fmobile.1und1.de%2Fiphone-18-pro-max&addFlowStates=tradeInAvailable%2CbrandApple%2CwatchAvailable%2CaskWatch%2ChwDurationsAvailable&traceId=1fcec51d-d76d-44dc-a479-6575b4921889;apple-iphone-18-pro-max-256gb-polar;;
Bündel;iPhone 18 Pro Max;256;1&1;netzbetreiber;1&1 Unlimited on demand L;L;neu;480,00;;;69,99;36;39,90;24;2199,66;;2026-10-10;https://mobile.1und1.de/iphone-18-pro-max?tariffFirst=true;apple-iphone-18-pro-max-256gb-polar;nicht direkt genannt;
Bündel;iPhone 18 Pro Max;256;1&1;netzbetreiber;1&1 Unlimited on demand M;M;neu;480,00;;;64,99;36;39,90;24;2079,66;;2026-10-10;https://mobile.1und1.de/iphone-18-pro-max?tariffFirst=true;apple-iphone-18-pro-max-256gb-polar;nicht direkt genannt;
Bündel;iPhone 18 Pro Max;256;1&1;netzbetreiber;1&1 Unlimited on demand S;XS;neu;480,00;;;59,99;36;39,90;24;1959,66;;2026-10-10;https://mobile.1und1.de/iphone-18-pro-max?tariffFirst=true;apple-iphone-18-pro-max-256gb-polar;nicht direkt genannt;
Bündel;iPhone 18 Pro Max;256;1&1;netzbetreiber;1&1 Unlimited XL;;neu;480,00;;;79,99;36;39,90;24;2439,66;;2026-10-10;https://mobile.1und1.de/iphone-18-pro-max?tariffFirst=true;apple-iphone-18-pro-max-256gb-polar;nicht direkt genannt;
Bündel;iPhone 18 Pro Max;512;1&1;netzbetreiber;1&1 All-Net-Flat L;L;neu;;;;71,99;36;39,90;24;;;2026-10-10;https://mobile.1und1.de/smartphones-all-net-flat-l;apple-iphone-18-pro-max-512gb-polar;nicht direkt genannt;Einmalzahlung bei Kündigung
Bündel;iPhone 18 Pro Max;512;1&1;netzbetreiber;1&1 All-Net-Flat M;M;neu;;;;66,99;36;39,90;24;;;2026-10-10;https://mobile.1und1.de/smartphones-all-net-flat-m;apple-iphone-18-pro-max-512gb-polar;nicht direkt genannt;Einmalzahlung bei Kündigung
Bündel;iPhone 18 Pro Max;512;1&1;netzbetreiber;1&1 All-Net-Flat S;XS;neu;570,00;;;61,99;36;39,90;24;2097,66;;2026-10-10;https://mobile.1und1.de/flow2/mobile/ssc-private/tariffContractDuration?tariffChangeUrl=%2F%2Fmobile.1und1.de%2Fiphone-18-pro-max&optionalPrecedingDocuments=%2F%2Fmobile.1und1.de%2Fiphone-18-pro-max&addFlowStates=tradeInAvailable%2CbrandApple%2CwatchAvailable%2CaskWatch%2ChwDurationsAvailable&traceId=0a0b0564-38a5-45ef-86e6-5942c84374c7;apple-iphone-18-pro-max-512gb-polar;;
Bündel;iPhone 18 Pro Max;512;1&1;netzbetreiber;1&1 Unlimited on demand L;L;neu;;;;76,99;36;39,90;24;;;2026-10-10;https://mobile.1und1.de/smartphones-unlimited-l;apple-iphone-18-pro-max-512gb-polar;nicht direkt genannt;Einmalzahlung bei Kündigung
Bündel;iPhone 18 Pro Max;512;1&1;netzbetreiber;1&1 Unlimited on demand M;M;neu;;;;71,99;36;39,90;24;;;2026-10-10;https://mobile.1und1.de/smartphones-unlimited-m;apple-iphone-18-pro-max-512gb-polar;nicht direkt genannt;Einmalzahlung bei Kündigung
Bündel;iPhone 18 Pro Max;512;1&1;netzbetreiber;1&1 Unlimited on demand S;XS;neu;;;;66,99;36;39,90;24;;;2026-10-10;https://mobile.1und1.de/smartphones-unlimited-s;apple-iphone-18-pro-max-512gb-polar;nicht direkt genannt;Einmalzahlung bei Kündigung
Bündel;iPhone Air;1024;1&1;netzbetreiber;1&1 All-Net-Flat L;L;neu;;;;61,99;36;39,90;24;;;2026-10-10;https://mobile.1und1.de/smartphones-all-net-flat-l;apple-iphone-air-1024gb-space-schwarz;nicht direkt genannt;Einmalzahlung bei Kündigung
Bündel;iPhone Air;1024;1&1;netzbetreiber;1&1 All-Net-Flat M;M;neu;;;;56,99;36;39,90;24;;;2026-10-10;https://mobile.1und1.de/smartphones-all-net-flat-m;apple-iphone-air-1024gb-space-schwarz;nicht direkt genannt;Einmalzahlung bei Kündigung
Bündel;iPhone Air;1024;1&1;netzbetreiber;1&1 All-Net-Flat S;XS;neu;450,00;;;51,99;36;39,90;24;1737,66;;2026-10-10;https://mobile.1und1.de/flow2/mobile/ssc-private/tariffContractDuration?tariffChangeUrl=%2F%2Fmobile.1und1.de%2Fiphone-air&optionalPrecedingDocuments=%2F%2Fmobile.1und1.de%2Fiphone-air&addFlowStates=tradeInAvailable%2CbrandApple%2CwatchAvailable%2CaskWatch%2ChwDurationsAvailable&traceId=0c00ba8c-3992-4082-8494-30476c142c7d;apple-iphone-air-1024gb-space-schwarz;;
Bündel;iPhone Air;1024;1&1;netzbetreiber;1&1 Unlimited on demand L;L;neu;;;;66,99;36;39,90;24;;;2026-10-10;https://mobile.1und1.de/smartphones-unlimited-l;apple-iphone-air-1024gb-space-schwarz;nicht direkt genannt;Einmalzahlung bei Kündigung
Bündel;iPhone Air;1024;1&1;netzbetreiber;1&1 Unlimited on demand M;M;neu;;;;61,99;36;39,90;24;;;2026-10-10;https://mobile.1und1.de/smartphones-unlimited-m;apple-iphone-air-1024gb-space-schwarz;nicht direkt genannt;Einmalzahlung bei Kündigung
Bündel;iPhone Air;1024;1&1;netzbetreiber;1&1 Unlimited on demand S;XS;neu;;;;56,99;36;39,90;24;;;2026-10-10;https://mobile.1und1.de/smartphones-unlimited-s;apple-iphone-air-1024gb-space-schwarz;nicht direkt genannt;Einmalzahlung bei Kündigung
Bündel;iPhone Air;1024;1&1;netzbetreiber;1&1 All-Net-Flat S;XS;neu;450,00;;;51,99;36;39,90;24;1737,66;;2026-09-09;https://mobile.1und1.de/iphone-air;apple-iphone-air-1024gb-wolkenweiss;veraltet;
Bündel;iPhone Air;256;1&1;netzbetreiber;1&1 All-Net-Flat L;L;neu;280,00;;;47,99;36;39,90;24;1471,66;;2026-10-10;https://mobile.1und1.de/iphone-air?tariffFirst=true;apple-iphone-air-256gb-lichtgold;nicht direkt genannt;
Bündel;iPhone Air;256;1&1;netzbetreiber;1&1 All-Net-Flat M;M;neu;280,00;;;42,99;36;39,90;24;1351,66;;2026-10-10;https://mobile.1und1.de/iphone-air?tariffFirst=true;apple-iphone-air-256gb-lichtgold;nicht direkt genannt;
Bündel;iPhone Air;256;1&1;netzbetreiber;1&1 All-Net-Flat S;XS;neu;280,00;;;37,99;36;39,90;24;1231,66;;2026-10-10;https://mobile.1und1.de/flow2/mobile/ssc-private/tariffContractDuration?tariffChangeUrl=%2F%2Fmobile.1und1.de%2Fiphone-air&optionalPrecedingDocuments=%2F%2Fmobile.1und1.de%2Fiphone-air&addFlowStates=tradeInAvailable%2CbrandApple%2CwatchAvailable%2CaskWatch%2ChwDurationsAvailable&traceId=48dfe26c-0fcf-4931-9be2-53bcebeb1673;apple-iphone-air-256gb-lichtgold;;
Bündel;iPhone Air;256;1&1;netzbetreiber;1&1 Unlimited on demand L;L;neu;280,00;;;52,99;36;39,90;24;1591,66;;2026-10-10;https://mobile.1und1.de/iphone-air?tariffFirst=true;apple-iphone-air-256gb-lichtgold;nicht direkt genannt;
Bündel;iPhone Air;256;1&1;netzbetreiber;1&1 Unlimited on demand M;M;neu;280,00;;;47,99;36;39,90;24;1471,66;;2026-10-10;https://mobile.1und1.de/iphone-air?tariffFirst=true;apple-iphone-air-256gb-lichtgold;nicht direkt genannt;
Bündel;iPhone Air;256;1&1;netzbetreiber;1&1 Unlimited on demand S;XS;neu;280,00;;;42,99;36;39,90;24;1351,66;;2026-10-10;https://mobile.1und1.de/iphone-air?tariffFirst=true;apple-iphone-air-256gb-lichtgold;nicht direkt genannt;
Bündel;iPhone Air;256;1&1;netzbetreiber;1&1 Unlimited XL;;neu;280,00;;;62,99;36;39,90;24;1831,66;;2026-10-10;https://mobile.1und1.de/iphone-air?tariffFirst=true;apple-iphone-air-256gb-lichtgold;nicht direkt genannt;
Bündel;iPhone Air;512;1&1;netzbetreiber;1&1 All-Net-Flat L;L;neu;;;;54,99;36;39,90;24;;;2026-10-01;https://mobile.1und1.de/smartphones-all-net-flat-l;apple-iphone-air-512gb-lichtgold;nicht direkt genannt;Einmalzahlung bei Kündigung
Bündel;iPhone Air;512;1&1;netzbetreiber;1&1 All-Net-Flat M;M;neu;;;;49,99;36;39,90;24;;;2026-10-01;https://mobile.1und1.de/smartphones-all-net-flat-m;apple-iphone-air-512gb-lichtgold;nicht direkt genannt;Einmalzahlung bei Kündigung
Bündel;iPhone Air;512;1&1;netzbetreiber;1&1 All-Net-Flat S;XS;neu;360,00;;;44,99;36;39,90;24;1479,66;;2026-10-01;https://mobile.1und1.de/iphone-air;apple-iphone-air-512gb-lichtgold;veraltet;
Bündel;iPhone Air;512;1&1;netzbetreiber;1&1 Unlimited on demand L;L;neu;;;;59,99;36;39,90;24;;;2026-10-01;https://mobile.1und1.de/smartphones-unlimited-l;apple-iphone-air-512gb-lichtgold;nicht direkt genannt;Einmalzahlung bei Kündigung
Bündel;iPhone Air;512;1&1;netzbetreiber;1&1 Unlimited on demand M;M;neu;;;;54,99;36;39,90;24;;;2026-10-01;https://mobile.1und1.de/smartphones-unlimited-m;apple-iphone-air-512gb-lichtgold;nicht direkt genannt;Einmalzahlung bei Kündigung
Bündel;iPhone Air;512;1&1;netzbetreiber;1&1 Unlimited on demand S;XS;neu;;;;49,99;36;39,90;24;;;2026-10-01;https://mobile.1und1.de/smartphones-unlimited-s;apple-iphone-air-512gb-lichtgold;nicht direkt genannt;Einmalzahlung bei Kündigung
Bündel;iPhone Air;512;1&1;netzbetreiber;1&1 All-Net-Flat L;L;neu;;;;54,99;36;39,90;24;;;2026-10-10;https://mobile.1und1.de/smartphones-all-net-flat-l;apple-iphone-air-512gb-wolkenweiss;nicht direkt genannt;Einmalzahlung bei Kündigung
Bündel;iPhone Air;512;1&1;netzbetreiber;1&1 All-Net-Flat M;M;neu;;;;49,99;36;39,90;24;;;2026-10-10;https://mobile.1und1.de/smartphones-all-net-flat-m;apple-iphone-air-512gb-wolkenweiss;nicht direkt genannt;Einmalzahlung bei Kündigung
Bündel;iPhone Air;512;1&1;netzbetreiber;1&1 All-Net-Flat S;XS;neu;360,00;;;44,99;36;39,90;24;1479,66;;2026-10-10;https://mobile.1und1.de/iphone-air;apple-iphone-air-512gb-wolkenweiss;;
Bündel;iPhone Air;512;1&1;netzbetreiber;1&1 Unlimited on demand L;L;neu;;;;59,99;36;39,90;24;;;2026-10-10;https://mobile.1und1.de/smartphones-unlimited-l;apple-iphone-air-512gb-wolkenweiss;nicht direkt genannt;Einmalzahlung bei Kündigung
Bündel;iPhone Air;512;1&1;netzbetreiber;1&1 Unlimited on demand M;M;neu;;;;54,99;36;39,90;24;;;2026-10-10;https://mobile.1und1.de/smartphones-unlimited-m;apple-iphone-air-512gb-wolkenweiss;nicht direkt genannt;Einmalzahlung bei Kündigung
Bündel;iPhone Air;512;1&1;netzbetreiber;1&1 Unlimited on demand S;XS;neu;;;;49,99;36;39,90;24;;;2026-10-10;https://mobile.1und1.de/smartphones-unlimited-s;apple-iphone-air-512gb-wolkenweiss;nicht direkt genannt;Einmalzahlung bei Kündigung
Bündel;Fairphone 6;256;1&1;netzbetreiber;1&1 All-Net-Flat L;L;neu;;;;40,99;36;39,90;24;;;2026-10-10;https://mobile.1und1.de/smartphones-all-net-flat-l;fairphone-6-256gb-forest-green;nicht direkt genannt;Einmalzahlung bei Kündigung
Bündel;Fairphone 6;256;1&1;netzbetreiber;1&1 All-Net-Flat M;M;neu;;;;35,99;36;39,90;24;;;2026-10-10;https://mobile.1und1.de/smartphones-all-net-flat-m;fairphone-6-256gb-forest-green;nicht direkt genannt;Einmalzahlung bei Kündigung
Bündel;Fairphone 6;256;1&1;netzbetreiber;1&1 All-Net-Flat S;XS;neu;200,00;;;30,99;36;39,90;24;983,66;;2026-10-10;https://mobile.1und1.de/flow2/mobile/ssc-private/tariffContractDuration?tariffChangeUrl=%2F%2Fmobile.1und1.de%2Ffairphone-6&optionalPrecedingDocuments=%2F%2Fmobile.1und1.de%2Ffairphone-6&addFlowStates=tradeInAvailable%2CaskWatch%2ChwDurationsAvailable&traceId=4a418cf5-a57e-4214-a041-aff04ae50b11;fairphone-6-256gb-forest-green;;
Bündel;Fairphone 6;256;1&1;netzbetreiber;1&1 Unlimited on demand L;L;neu;;;;45,99;36;39,90;24;;;2026-10-10;https://mobile.1und1.de/smartphones-unlimited-l;fairphone-6-256gb-forest-green;nicht direkt genannt;Einmalzahlung bei Kündigung
Bündel;Fairphone 6;256;1&1;netzbetreiber;1&1 Unlimited on demand M;M;neu;;;;40,99;36;39,90;24;;;2026-10-10;https://mobile.1und1.de/smartphones-unlimited-m;fairphone-6-256gb-forest-green;nicht direkt genannt;Einmalzahlung bei Kündigung
Bündel;Fairphone 6;256;1&1;netzbetreiber;1&1 Unlimited on demand S;XS;neu;;;;35,99;36;39,90;24;;;2026-10-10;https://mobile.1und1.de/smartphones-unlimited-s;fairphone-6-256gb-forest-green;nicht direkt genannt;Einmalzahlung bei Kündigung
Bündel;Fairphone 6;256;1&1;netzbetreiber;1&1 Unlimited XL;;neu;;;;60,99;36;39,90;24;;;2026-10-10;https://mobile.1und1.de/smartphones-unlimited-xl;fairphone-6-256gb-forest-green;nicht direkt genannt;Einmalzahlung bei Kündigung
Bündel;Pixel 10a;128;1&1;netzbetreiber;1&1 All-Net-Flat L;L;neu;;;;35,99;36;39,90;24;;;2026-10-10;https://mobile.1und1.de/smartphones-all-net-flat-l;google-pixel-10a-128gb-violett;nicht direkt genannt;Einmalzahlung bei Kündigung
Bündel;Pixel 10a;128;1&1;netzbetreiber;1&1 All-Net-Flat M;M;neu;;;;30,99;36;39,90;24;;;2026-10-10;https://mobile.1und1.de/smartphones-all-net-flat-m;google-pixel-10a-128gb-violett;nicht direkt genannt;Einmalzahlung bei Kündigung
Bündel;Pixel 10a;128;1&1;netzbetreiber;1&1 All-Net-Flat S;XS;neu;140,00;;;25,99;36;39,90;24;803,66;;2026-10-10;https://mobile.1und1.de/flow2/mobile/ssc-private/tariffContractDuration?tariffChangeUrl=%2F%2Fmobile.1und1.de%2Fgoogle-pixel-10a&optionalPrecedingDocuments=%2F%2Fmobile.1und1.de%2Fgoogle-pixel-10a&addFlowStates=tradeInAvailable%2CbrandGoogle%2Cgooglepixel10Series%2CwatchAvailable%2CaskWatch%2ChwDurationsAvailable&traceId=67926086-8023-47f7-81f3-2654699210f5;google-pixel-10a-128gb-violett;;
Bündel;Pixel 10a;128;1&1;netzbetreiber;1&1 Unlimited on demand L;L;neu;;;;40,99;36;39,90;24;;;2026-10-10;https://mobile.1und1.de/smartphones-unlimited-l;google-pixel-10a-128gb-violett;nicht direkt genannt;Einmalzahlung bei Kündigung
Bündel;Pixel 10a;128;1&1;netzbetreiber;1&1 Unlimited on demand M;M;neu;;;;35,99;36;39,90;24;;;2026-10-10;https://mobile.1und1.de/smartphones-unlimited-m;google-pixel-10a-128gb-violett;nicht direkt genannt;Einmalzahlung bei Kündigung
Bündel;Pixel 10a;128;1&1;netzbetreiber;1&1 Unlimited on demand S;XS;neu;;;;30,99;36;39,90;24;;;2026-10-10;https://mobile.1und1.de/smartphones-unlimited-s;google-pixel-10a-128gb-violett;nicht direkt genannt;Einmalzahlung bei Kündigung
Bündel;Pixel 10a;128;1&1;netzbetreiber;1&1 Unlimited XL;;neu;;;;55,99;36;39,90;24;;;2026-10-10;https://mobile.1und1.de/smartphones-unlimited-xl;google-pixel-10a-128gb-violett;nicht direkt genannt;Einmalzahlung bei Kündigung
Bündel;Pixel 10a;256;1&1;netzbetreiber;1&1 All-Net-Flat L;L;neu;;;;38,99;36;39,90;24;;;2026-10-10;https://mobile.1und1.de/smartphones-all-net-flat-l;google-pixel-10a-256gb-violett;nicht direkt genannt;Einmalzahlung bei Kündigung
Bündel;Pixel 10a;256;1&1;netzbetreiber;1&1 All-Net-Flat M;M;neu;;;;33,99;36;39,90;24;;;2026-10-10;https://mobile.1und1.de/smartphones-all-net-flat-m;google-pixel-10a-256gb-violett;nicht direkt genannt;Einmalzahlung bei Kündigung
Bündel;Pixel 10a;256;1&1;netzbetreiber;1&1 All-Net-Flat S;XS;neu;170,00;;;28,99;36;39,90;24;905,66;;2026-10-10;https://mobile.1und1.de/flow2/mobile/ssc-private/tariffContractDuration?tariffChangeUrl=%2F%2Fmobile.1und1.de%2Fgoogle-pixel-10a&optionalPrecedingDocuments=%2F%2Fmobile.1und1.de%2Fgoogle-pixel-10a&addFlowStates=tradeInAvailable%2CbrandGoogle%2Cgooglepixel10Series%2CwatchAvailable%2CaskWatch%2ChwDurationsAvailable&traceId=94feb823-69cc-4577-b119-246e1479367a;google-pixel-10a-256gb-violett;;
Bündel;Pixel 10a;256;1&1;netzbetreiber;1&1 Unlimited on demand L;L;neu;;;;43,99;36;39,90;24;;;2026-10-10;https://mobile.1und1.de/smartphones-unlimited-l;google-pixel-10a-256gb-violett;nicht direkt genannt;Einmalzahlung bei Kündigung
Bündel;Pixel 10a;256;1&1;netzbetreiber;1&1 Unlimited on demand M;M;neu;;;;38,99;36;39,90;24;;;2026-10-10;https://mobile.1und1.de/smartphones-unlimited-m;google-pixel-10a-256gb-violett;nicht direkt genannt;Einmalzahlung bei Kündigung
Bündel;Pixel 10a;256;1&1;netzbetreiber;1&1 Unlimited on demand S;XS;neu;;;;33,99;36;39,90;24;;;2026-10-10;https://mobile.1und1.de/smartphones-unlimited-s;google-pixel-10a-256gb-violett;nicht direkt genannt;Einmalzahlung bei Kündigung
Bündel;Pixel 11;256;1&1;netzbetreiber;1&1 All-Net-Flat L;L;neu;;;;47,99;36;39,90;24;;;2026-10-10;https://mobile.1und1.de/smartphones-all-net-flat-l;google-pixel-11-256gb-frost;nicht direkt genannt;Einmalzahlung bei Kündigung
Bündel;Pixel 11;256;1&1;netzbetreiber;1&1 All-Net-Flat M;M;neu;;;;42,99;36;39,90;24;;;2026-10-10;https://mobile.1und1.de/smartphones-all-net-flat-m;google-pixel-11-256gb-frost;nicht direkt genannt;Einmalzahlung bei Kündigung
Bündel;Pixel 11;256;1&1;netzbetreiber;1&1 All-Net-Flat S;XS;neu;280,00;;;37,99;36;39,90;24;1231,66;;2026-10-10;https://mobile.1und1.de/flow2/mobile/ssc-private/tariffContractDuration?tariffChangeUrl=%2F%2Fmobile.1und1.de%2Fgoogle-pixel-11&optionalPrecedingDocuments=%2F%2Fmobile.1und1.de%2Fgoogle-pixel-11&addFlowStates=tradeInAvailable%2CbrandGoogle%2CwatchAvailable%2CaskWatch%2ChwDurationsAvailable&traceId=9b5c678b-087c-476c-b49e-608eb5889e68;google-pixel-11-256gb-frost;;
Bündel;Pixel 11;256;1&1;netzbetreiber;1&1 Unlimited on demand L;L;neu;;;;52,99;36;39,90;24;;;2026-10-10;https://mobile.1und1.de/smartphones-unlimited-l;google-pixel-11-256gb-frost;nicht direkt genannt;Einmalzahlung bei Kündigung
Bündel;Pixel 11;256;1&1;netzbetreiber;1&1 Unlimited on demand M;M;neu;;;;47,99;36;39,90;24;;;2026-10-10;https://mobile.1und1.de/smartphones-unlimited-m;google-pixel-11-256gb-frost;nicht direkt genannt;Einmalzahlung bei Kündigung
Bündel;Pixel 11;256;1&1;netzbetreiber;1&1 Unlimited on demand S;XS;neu;;;;42,99;36;39,90;24;;;2026-10-10;https://mobile.1und1.de/smartphones-unlimited-s;google-pixel-11-256gb-frost;nicht direkt genannt;Einmalzahlung bei Kündigung
Bündel;Pixel 11;256;1&1;netzbetreiber;1&1 Unlimited XL;;neu;;;;67,99;36;39,90;24;;;2026-10-10;https://mobile.1und1.de/smartphones-unlimited-xl;google-pixel-11-256gb-frost;nicht direkt genannt;Einmalzahlung bei Kündigung
Bündel;Pixel 11;512;1&1;netzbetreiber;1&1 All-Net-Flat L;L;neu;;;;50,99;36;39,90;24;;;2026-10-10;https://mobile.1und1.de/smartphones-all-net-flat-l;google-pixel-11-512gb-frost;nicht direkt genannt;Einmalzahlung bei Kündigung
Bündel;Pixel 11;512;1&1;netzbetreiber;1&1 All-Net-Flat M;M;neu;;;;45,99;36;39,90;24;;;2026-10-10;https://mobile.1und1.de/smartphones-all-net-flat-m;google-pixel-11-512gb-frost;nicht direkt genannt;Einmalzahlung bei Kündigung
Bündel;Pixel 11;512;1&1;netzbetreiber;1&1 All-Net-Flat S;XS;neu;320,00;;;40,99;36;39,90;24;1343,66;;2026-10-10;https://mobile.1und1.de/flow2/mobile/ssc-private/tariffContractDuration?tariffChangeUrl=%2F%2Fmobile.1und1.de%2Fgoogle-pixel-11&optionalPrecedingDocuments=%2F%2Fmobile.1und1.de%2Fgoogle-pixel-11&addFlowStates=tradeInAvailable%2CbrandGoogle%2CwatchAvailable%2CaskWatch%2ChwDurationsAvailable&traceId=0f0efe85-7ea4-47aa-b304-76ac389af6b4;google-pixel-11-512gb-frost;;
Bündel;Pixel 11;512;1&1;netzbetreiber;1&1 Unlimited on demand L;L;neu;;;;55,99;36;39,90;24;;;2026-10-10;https://mobile.1und1.de/smartphones-unlimited-l;google-pixel-11-512gb-frost;nicht direkt genannt;Einmalzahlung bei Kündigung
Bündel;Pixel 11;512;1&1;netzbetreiber;1&1 Unlimited on demand M;M;neu;;;;50,99;36;39,90;24;;;2026-10-10;https://mobile.1und1.de/smartphones-unlimited-m;google-pixel-11-512gb-frost;nicht direkt genannt;Einmalzahlung bei Kündigung
Bündel;Pixel 11;512;1&1;netzbetreiber;1&1 Unlimited on demand S;XS;neu;;;;45,99;36;39,90;24;;;2026-10-10;https://mobile.1und1.de/smartphones-unlimited-s;google-pixel-11-512gb-frost;nicht direkt genannt;Einmalzahlung bei Kündigung
Bündel;Pixel 11 Pro;256;1&1;netzbetreiber;1&1 All-Net-Flat L;L;neu;;;;52,99;36;39,90;24;;;2026-10-10;https://mobile.1und1.de/smartphones-all-net-flat-l;google-pixel-11-pro-256gb-canyon;nicht direkt genannt;Einmalzahlung bei Kündigung
Bündel;Pixel 11 Pro;256;1&1;netzbetreiber;1&1 All-Net-Flat M;M;neu;;;;47,99;36;39,90;24;;;2026-10-10;https://mobile.1und1.de/smartphones-all-net-flat-m;google-pixel-11-pro-256gb-canyon;nicht direkt genannt;Einmalzahlung bei Kündigung
Bündel;Pixel 11 Pro;256;1&1;netzbetreiber;1&1 All-Net-Flat S;XS;neu;340,00;;;42,99;36;39,90;24;1411,66;;2026-10-10;https://mobile.1und1.de/flow2/mobile/ssc-private/tariffContractDuration?tariffChangeUrl=%2F%2Fmobile.1und1.de%2Fgoogle-pixel-11-pro&optionalPrecedingDocuments=%2F%2Fmobile.1und1.de%2Fgoogle-pixel-11-pro&addFlowStates=tradeInAvailable%2CbrandGoogle%2CwatchAvailable%2CaskWatch%2ChwDurationsAvailable&traceId=4ea65ff2-cc4d-45a4-aa2b-b5254b0ea352;google-pixel-11-pro-256gb-canyon;;
Bündel;Pixel 11 Pro;256;1&1;netzbetreiber;1&1 Unlimited on demand L;L;neu;;;;57,99;36;39,90;24;;;2026-10-10;https://mobile.1und1.de/smartphones-unlimited-l;google-pixel-11-pro-256gb-canyon;nicht direkt genannt;Einmalzahlung bei Kündigung
Bündel;Pixel 11 Pro;256;1&1;netzbetreiber;1&1 Unlimited on demand M;M;neu;;;;52,99;36;39,90;24;;;2026-10-10;https://mobile.1und1.de/smartphones-unlimited-m;google-pixel-11-pro-256gb-canyon;nicht direkt genannt;Einmalzahlung bei Kündigung
Bündel;Pixel 11 Pro;256;1&1;netzbetreiber;1&1 Unlimited on demand S;XS;neu;;;;47,99;36;39,90;24;;;2026-10-10;https://mobile.1und1.de/smartphones-unlimited-s;google-pixel-11-pro-256gb-canyon;nicht direkt genannt;Einmalzahlung bei Kündigung
Bündel;Pixel 11 Pro;256;1&1;netzbetreiber;1&1 Unlimited XL;;neu;;;;72,99;36;39,90;24;;;2026-10-10;https://mobile.1und1.de/smartphones-unlimited-xl;google-pixel-11-pro-256gb-canyon;nicht direkt genannt;Einmalzahlung bei Kündigung
Bündel;Pixel 11 Pro;512;1&1;netzbetreiber;1&1 All-Net-Flat L;L;neu;;;;55,99;36;39,90;24;;;2026-10-10;https://mobile.1und1.de/smartphones-all-net-flat-l;google-pixel-11-pro-512gb-canyon;nicht direkt genannt;Einmalzahlung bei Kündigung
Bündel;Pixel 11 Pro;512;1&1;netzbetreiber;1&1 All-Net-Flat M;M;neu;;;;50,99;36;39,90;24;;;2026-10-10;https://mobile.1und1.de/smartphones-all-net-flat-m;google-pixel-11-pro-512gb-canyon;nicht direkt genannt;Einmalzahlung bei Kündigung
Bündel;Pixel 11 Pro;512;1&1;netzbetreiber;1&1 All-Net-Flat S;XS;neu;380,00;;;45,99;36;39,90;24;1523,66;;2026-10-10;https://mobile.1und1.de/flow2/mobile/ssc-private/tariffContractDuration?tariffChangeUrl=%2F%2Fmobile.1und1.de%2Fgoogle-pixel-11-pro&optionalPrecedingDocuments=%2F%2Fmobile.1und1.de%2Fgoogle-pixel-11-pro&addFlowStates=tradeInAvailable%2CbrandGoogle%2CwatchAvailable%2CaskWatch%2ChwDurationsAvailable&traceId=d7932344-ca8f-4ef6-82f3-24136edc8511;google-pixel-11-pro-512gb-canyon;;
Bündel;Pixel 11 Pro;512;1&1;netzbetreiber;1&1 Unlimited on demand L;L;neu;;;;60,99;36;39,90;24;;;2026-10-10;https://mobile.1und1.de/smartphones-unlimited-l;google-pixel-11-pro-512gb-canyon;nicht direkt genannt;Einmalzahlung bei Kündigung
Bündel;Pixel 11 Pro;512;1&1;netzbetreiber;1&1 Unlimited on demand M;M;neu;;;;55,99;36;39,90;24;;;2026-10-10;https://mobile.1und1.de/smartphones-unlimited-m;google-pixel-11-pro-512gb-canyon;nicht direkt genannt;Einmalzahlung bei Kündigung
Bündel;Pixel 11 Pro;512;1&1;netzbetreiber;1&1 Unlimited on demand S;XS;neu;;;;50,99;36;39,90;24;;;2026-10-10;https://mobile.1und1.de/smartphones-unlimited-s;google-pixel-11-pro-512gb-canyon;nicht direkt genannt;Einmalzahlung bei Kündigung
Bündel;Pixel 11 Pro Fold;256;1&1;netzbetreiber;1&1 All-Net-Flat L;L;neu;;;;77,99;36;39,90;24;;;2026-10-10;https://mobile.1und1.de/smartphones-all-net-flat-l;google-pixel-11-pro-fold-256gb-olive;nicht direkt genannt;Einmalzahlung bei Kündigung
Bündel;Pixel 11 Pro Fold;256;1&1;netzbetreiber;1&1 All-Net-Flat M;M;neu;;;;72,99;36;39,90;24;;;2026-10-10;https://mobile.1und1.de/smartphones-all-net-flat-m;google-pixel-11-pro-fold-256gb-olive;nicht direkt genannt;Einmalzahlung bei Kündigung
Bündel;Pixel 11 Pro Fold;256;1&1;netzbetreiber;1&1 All-Net-Flat S;XS;neu;640,00;;;67,99;36;39,90;24;2311,66;;2026-10-10;https://mobile.1und1.de/flow2/mobile/ssc-private/tariffContractDuration?tariffChangeUrl=%2F%2Fmobile.1und1.de%2Fgoogle-pixel-11-pro-fold&optionalPrecedingDocuments=%2F%2Fmobile.1und1.de%2Fgoogle-pixel-11-pro-fold&addFlowStates=tradeInAvailable%2CbrandGoogle%2CwatchAvailable%2CaskWatch%2ChwDurationsAvailable&traceId=7579b974-ffb1-4692-b9db-d66450e4c1a2;google-pixel-11-pro-fold-256gb-olive;;
Bündel;Pixel 11 Pro Fold;256;1&1;netzbetreiber;1&1 Unlimited on demand L;L;neu;;;;82,99;36;39,90;24;;;2026-10-10;https://mobile.1und1.de/smartphones-unlimited-l;google-pixel-11-pro-fold-256gb-olive;nicht direkt genannt;Einmalzahlung bei Kündigung
Bündel;Pixel 11 Pro Fold;256;1&1;netzbetreiber;1&1 Unlimited on demand M;M;neu;;;;77,99;36;39,90;24;;;2026-10-10;https://mobile.1und1.de/smartphones-unlimited-m;google-pixel-11-pro-fold-256gb-olive;nicht direkt genannt;Einmalzahlung bei Kündigung
Bündel;Pixel 11 Pro Fold;256;1&1;netzbetreiber;1&1 Unlimited on demand S;XS;neu;;;;72,99;36;39,90;24;;;2026-10-10;https://mobile.1und1.de/smartphones-unlimited-s;google-pixel-11-pro-fold-256gb-olive;nicht direkt genannt;Einmalzahlung bei Kündigung
Bündel;Pixel 11 Pro Fold;256;1&1;netzbetreiber;1&1 Unlimited XL;;neu;;;;97,99;36;39,90;24;;;2026-10-10;https://mobile.1und1.de/smartphones-unlimited-xl;google-pixel-11-pro-fold-256gb-olive;nicht direkt genannt;Einmalzahlung bei Kündigung
Bündel;Pixel 11 Pro Fold;512;1&1;netzbetreiber;1&1 All-Net-Flat L;L;neu;;;;80,99;36;39,90;24;;;2026-10-10;https://mobile.1und1.de/smartphones-all-net-flat-l;google-pixel-11-pro-fold-512gb-olive;nicht direkt genannt;Einmalzahlung bei Kündigung
Bündel;Pixel 11 Pro Fold;512;1&1;netzbetreiber;1&1 All-Net-Flat M;M;neu;;;;75,99;36;39,90;24;;;2026-10-10;https://mobile.1und1.de/smartphones-all-net-flat-m;google-pixel-11-pro-fold-512gb-olive;nicht direkt genannt;Einmalzahlung bei Kündigung
Bündel;Pixel 11 Pro Fold;512;1&1;netzbetreiber;1&1 All-Net-Flat S;XS;neu;680,00;;;70,99;36;39,90;24;2423,66;;2026-10-10;https://mobile.1und1.de/flow2/mobile/ssc-private/tariffContractDuration?tariffChangeUrl=%2F%2Fmobile.1und1.de%2Fgoogle-pixel-11-pro-fold&optionalPrecedingDocuments=%2F%2Fmobile.1und1.de%2Fgoogle-pixel-11-pro-fold&addFlowStates=tradeInAvailable%2CbrandGoogle%2CwatchAvailable%2CaskWatch%2ChwDurationsAvailable&traceId=46b4cb1a-7aca-45eb-bc6c-dfdb2ce6c816;google-pixel-11-pro-fold-512gb-olive;;
Bündel;Pixel 11 Pro Fold;512;1&1;netzbetreiber;1&1 Unlimited on demand L;L;neu;;;;85,99;36;39,90;24;;;2026-10-10;https://mobile.1und1.de/smartphones-unlimited-l;google-pixel-11-pro-fold-512gb-olive;nicht direkt genannt;Einmalzahlung bei Kündigung
Bündel;Pixel 11 Pro Fold;512;1&1;netzbetreiber;1&1 Unlimited on demand M;M;neu;;;;80,99;36;39,90;24;;;2026-10-10;https://mobile.1und1.de/smartphones-unlimited-m;google-pixel-11-pro-fold-512gb-olive;nicht direkt genannt;Einmalzahlung bei Kündigung
Bündel;Pixel 11 Pro Fold;512;1&1;netzbetreiber;1&1 Unlimited on demand S;XS;neu;;;;75,99;36;39,90;24;;;2026-10-10;https://mobile.1und1.de/smartphones-unlimited-s;google-pixel-11-pro-fold-512gb-olive;nicht direkt genannt;Einmalzahlung bei Kündigung
Bündel;Pixel 11 Pro XL;256;1&1;netzbetreiber;1&1 All-Net-Flat L;L;neu;;;;60,99;36;39,90;24;;;2026-10-10;https://mobile.1und1.de/smartphones-all-net-flat-l;google-pixel-11-pro-xl-256gb-canyon;nicht direkt genannt;Einmalzahlung bei Kündigung
Bündel;Pixel 11 Pro XL;256;1&1;netzbetreiber;1&1 All-Net-Flat M;M;neu;;;;55,99;36;39,90;24;;;2026-10-10;https://mobile.1und1.de/smartphones-all-net-flat-m;google-pixel-11-pro-xl-256gb-canyon;nicht direkt genannt;Einmalzahlung bei Kündigung
Bündel;Pixel 11 Pro XL;256;1&1;netzbetreiber;1&1 All-Net-Flat S;XS;neu;440,00;;;50,99;36;39,90;24;1703,66;;2026-10-10;https://mobile.1und1.de/flow2/mobile/ssc-private/tariffContractDuration?tariffChangeUrl=%2F%2Fmobile.1und1.de%2Fgoogle-pixel-11-pro-xl&optionalPrecedingDocuments=%2F%2Fmobile.1und1.de%2Fgoogle-pixel-11-pro-xl&addFlowStates=tradeInAvailable%2CbrandGoogle%2CwatchAvailable%2CaskWatch%2ChwDurationsAvailable&traceId=2ddc9d38-a129-4d2d-acb2-c0105cbf6b92;google-pixel-11-pro-xl-256gb-canyon;;
Bündel;Pixel 11 Pro XL;256;1&1;netzbetreiber;1&1 Unlimited on demand L;L;neu;;;;65,99;36;39,90;24;;;2026-10-10;https://mobile.1und1.de/smartphones-unlimited-l;google-pixel-11-pro-xl-256gb-canyon;nicht direkt genannt;Einmalzahlung bei Kündigung
Bündel;Pixel 11 Pro XL;256;1&1;netzbetreiber;1&1 Unlimited on demand M;M;neu;;;;60,99;36;39,90;24;;;2026-10-10;https://mobile.1und1.de/smartphones-unlimited-m;google-pixel-11-pro-xl-256gb-canyon;nicht direkt genannt;Einmalzahlung bei Kündigung
Bündel;Pixel 11 Pro XL;256;1&1;netzbetreiber;1&1 Unlimited on demand S;XS;neu;;;;55,99;36;39,90;24;;;2026-10-10;https://mobile.1und1.de/smartphones-unlimited-s;google-pixel-11-pro-xl-256gb-canyon;nicht direkt genannt;Einmalzahlung bei Kündigung
Bündel;Pixel 11 Pro XL;256;1&1;netzbetreiber;1&1 Unlimited XL;;neu;;;;80,99;36;39,90;24;;;2026-10-10;https://mobile.1und1.de/smartphones-unlimited-xl;google-pixel-11-pro-xl-256gb-canyon;nicht direkt genannt;Einmalzahlung bei Kündigung
Bündel;Pixel 11 Pro XL;512;1&1;netzbetreiber;1&1 All-Net-Flat L;L;neu;;;;63,99;36;39,90;24;;;2026-10-10;https://mobile.1und1.de/smartphones-all-net-flat-l;google-pixel-11-pro-xl-512gb-canyon;nicht direkt genannt;Einmalzahlung bei Kündigung
Bündel;Pixel 11 Pro XL;512;1&1;netzbetreiber;1&1 All-Net-Flat M;M;neu;;;;58,99;36;39,90;24;;;2026-10-10;https://mobile.1und1.de/smartphones-all-net-flat-m;google-pixel-11-pro-xl-512gb-canyon;nicht direkt genannt;Einmalzahlung bei Kündigung
Bündel;Pixel 11 Pro XL;512;1&1;netzbetreiber;1&1 All-Net-Flat S;XS;neu;470,00;;;53,99;36;39,90;24;1805,66;;2026-10-10;https://mobile.1und1.de/flow2/mobile/ssc-private/tariffContractDuration?tariffChangeUrl=%2F%2Fmobile.1und1.de%2Fgoogle-pixel-11-pro-xl&optionalPrecedingDocuments=%2F%2Fmobile.1und1.de%2Fgoogle-pixel-11-pro-xl&addFlowStates=tradeInAvailable%2CbrandGoogle%2CwatchAvailable%2CaskWatch%2ChwDurationsAvailable&traceId=5bfe5398-086b-40b3-8e7b-1ab5f3d5ba88;google-pixel-11-pro-xl-512gb-canyon;;
Bündel;Pixel 11 Pro XL;512;1&1;netzbetreiber;1&1 Unlimited on demand L;L;neu;;;;68,99;36;39,90;24;;;2026-10-10;https://mobile.1und1.de/smartphones-unlimited-l;google-pixel-11-pro-xl-512gb-canyon;nicht direkt genannt;Einmalzahlung bei Kündigung
Bündel;Pixel 11 Pro XL;512;1&1;netzbetreiber;1&1 Unlimited on demand M;M;neu;;;;63,99;36;39,90;24;;;2026-10-10;https://mobile.1und1.de/smartphones-unlimited-m;google-pixel-11-pro-xl-512gb-canyon;nicht direkt genannt;Einmalzahlung bei Kündigung
Bündel;Pixel 11 Pro XL;512;1&1;netzbetreiber;1&1 Unlimited on demand S;XS;neu;;;;58,99;36;39,90;24;;;2026-10-10;https://mobile.1und1.de/smartphones-unlimited-s;google-pixel-11-pro-xl-512gb-canyon;nicht direkt genannt;Einmalzahlung bei Kündigung
Bündel;HONOR 600;256;1&1;netzbetreiber;1&1 All-Net-Flat L;L;neu;;;;35,99;36;39,90;24;;;2026-10-10;https://mobile.1und1.de/smartphones-all-net-flat-l;honor-600-256gb-quantum-black;nicht direkt genannt;Einmalzahlung bei Kündigung
Bündel;HONOR 600;256;1&1;netzbetreiber;1&1 All-Net-Flat M;M;neu;;;;30,99;36;39,90;24;;;2026-10-10;https://mobile.1und1.de/smartphones-all-net-flat-m;honor-600-256gb-quantum-black;nicht direkt genannt;Einmalzahlung bei Kündigung
Bündel;HONOR 600;256;1&1;netzbetreiber;1&1 All-Net-Flat S;XS;neu;140,00;;;25,99;36;39,90;24;803,66;;2026-10-10;https://mobile.1und1.de/flow2/mobile/ssc-private/tariffContractDuration?tariffChangeUrl=%2F%2Fmobile.1und1.de%2Fhonor-600&optionalPrecedingDocuments=%2F%2Fmobile.1und1.de%2Fhonor-600&addFlowStates=tradeInAvailable%2CaskWatch%2ChwDurationsAvailable&traceId=6ce3d677-e146-4f31-be2c-4ac0d8f46bb9;honor-600-256gb-quantum-black;;
Bündel;HONOR 600;256;1&1;netzbetreiber;1&1 Unlimited on demand L;L;neu;;;;40,99;36;39,90;24;;;2026-10-10;https://mobile.1und1.de/smartphones-unlimited-l;honor-600-256gb-quantum-black;nicht direkt genannt;Einmalzahlung bei Kündigung
Bündel;HONOR 600;256;1&1;netzbetreiber;1&1 Unlimited on demand M;M;neu;;;;35,99;36;39,90;24;;;2026-10-10;https://mobile.1und1.de/smartphones-unlimited-m;honor-600-256gb-quantum-black;nicht direkt genannt;Einmalzahlung bei Kündigung
Bündel;HONOR 600;256;1&1;netzbetreiber;1&1 Unlimited on demand S;XS;neu;;;;30,99;36;39,90;24;;;2026-10-10;https://mobile.1und1.de/smartphones-unlimited-s;honor-600-256gb-quantum-black;nicht direkt genannt;Einmalzahlung bei Kündigung
Bündel;HONOR 600;256;1&1;netzbetreiber;1&1 Unlimited XL;;neu;;;;55,99;36;39,90;24;;;2026-10-10;https://mobile.1und1.de/smartphones-unlimited-xl;honor-600-256gb-quantum-black;nicht direkt genannt;Einmalzahlung bei Kündigung
Bündel;HONOR Magic V6;512;1&1;netzbetreiber;1&1 All-Net-Flat L;L;neu;;;;70,99;36;39,90;24;;;2026-10-10;https://mobile.1und1.de/smartphones-all-net-flat-l;honor-magic-v6-512gb-schwarz;nicht direkt genannt;Einmalzahlung bei Kündigung
Bündel;HONOR Magic V6;512;1&1;netzbetreiber;1&1 All-Net-Flat M;M;neu;;;;65,99;36;39,90;24;;;2026-10-10;https://mobile.1und1.de/smartphones-all-net-flat-m;honor-magic-v6-512gb-schwarz;nicht direkt genannt;Einmalzahlung bei Kündigung
Bündel;HONOR Magic V6;512;1&1;netzbetreiber;1&1 All-Net-Flat S;XS;neu;560,00;;;60,99;36;39,90;24;2063,66;;2026-10-10;https://mobile.1und1.de/flow2/mobile/ssc-private/tariffContractDuration?tariffChangeUrl=%2F%2Fmobile.1und1.de%2Fhonor-magic-v6&optionalPrecedingDocuments=%2F%2Fmobile.1und1.de%2Fhonor-magic-v6&addFlowStates=tradeInAvailable%2CaskWatch%2ChwDurationsAvailable&traceId=be3d12ba-c50c-4b32-b445-263e2701191f;honor-magic-v6-512gb-schwarz;;
Bündel;HONOR Magic V6;512;1&1;netzbetreiber;1&1 Unlimited on demand L;L;neu;;;;75,99;36;39,90;24;;;2026-10-10;https://mobile.1und1.de/smartphones-unlimited-l;honor-magic-v6-512gb-schwarz;nicht direkt genannt;Einmalzahlung bei Kündigung
Bündel;HONOR Magic V6;512;1&1;netzbetreiber;1&1 Unlimited on demand M;M;neu;;;;70,99;36;39,90;24;;;2026-10-10;https://mobile.1und1.de/smartphones-unlimited-m;honor-magic-v6-512gb-schwarz;nicht direkt genannt;Einmalzahlung bei Kündigung
Bündel;HONOR Magic V6;512;1&1;netzbetreiber;1&1 Unlimited on demand S;XS;neu;;;;65,99;36;39,90;24;;;2026-10-10;https://mobile.1und1.de/smartphones-unlimited-s;honor-magic-v6-512gb-schwarz;nicht direkt genannt;Einmalzahlung bei Kündigung
Bündel;HONOR Magic V6;512;1&1;netzbetreiber;1&1 Unlimited XL;;neu;;;;90,99;36;39,90;24;;;2026-10-10;https://mobile.1und1.de/smartphones-unlimited-xl;honor-magic-v6-512gb-schwarz;nicht direkt genannt;Einmalzahlung bei Kündigung
Bündel;HONOR Magic8 Lite;256;1&1;netzbetreiber;1&1 All-Net-Flat L;L;neu;;;;32,99;36;39,90;24;;;2026-10-10;https://mobile.1und1.de/smartphones-all-net-flat-l;honor-magic8-lite-256gb-midnight-black;nicht direkt genannt;Einmalzahlung bei Kündigung
Bündel;HONOR Magic8 Lite;256;1&1;netzbetreiber;1&1 All-Net-Flat M;M;neu;;;;27,99;36;39,90;24;;;2026-10-10;https://mobile.1und1.de/smartphones-all-net-flat-m;honor-magic8-lite-256gb-midnight-black;nicht direkt genannt;Einmalzahlung bei Kündigung
Bündel;HONOR Magic8 Lite;256;1&1;netzbetreiber;1&1 All-Net-Flat S;XS;neu;100,00;;;22,99;36;39,90;24;691,66;;2026-10-10;https://mobile.1und1.de/flow2/mobile/ssc-private/tariffContractDuration?tariffChangeUrl=%2F%2Fmobile.1und1.de%2Fhonor-magic8-lite&optionalPrecedingDocuments=%2F%2Fmobile.1und1.de%2Fhonor-magic8-lite&addFlowStates=tradeInAvailable%2CaskWatch%2ChwDurationsAvailable&traceId=b10ceb47-9841-4f80-8680-56d16018addc;honor-magic8-lite-256gb-midnight-black;;
Bündel;HONOR Magic8 Lite;256;1&1;netzbetreiber;1&1 Unlimited on demand L;L;neu;;;;37,99;36;39,90;24;;;2026-10-10;https://mobile.1und1.de/smartphones-unlimited-l;honor-magic8-lite-256gb-midnight-black;nicht direkt genannt;Einmalzahlung bei Kündigung
Bündel;HONOR Magic8 Lite;256;1&1;netzbetreiber;1&1 Unlimited on demand M;M;neu;;;;32,99;36;39,90;24;;;2026-10-10;https://mobile.1und1.de/smartphones-unlimited-m;honor-magic8-lite-256gb-midnight-black;nicht direkt genannt;Einmalzahlung bei Kündigung
Bündel;HONOR Magic8 Lite;256;1&1;netzbetreiber;1&1 Unlimited on demand S;XS;neu;;;;27,99;36;39,90;24;;;2026-10-10;https://mobile.1und1.de/smartphones-unlimited-s;honor-magic8-lite-256gb-midnight-black;nicht direkt genannt;Einmalzahlung bei Kündigung
Bündel;HONOR Magic8 Lite;256;1&1;netzbetreiber;1&1 Unlimited XL;;neu;;;;52,99;36;39,90;24;;;2026-10-10;https://mobile.1und1.de/smartphones-unlimited-xl;honor-magic8-lite-256gb-midnight-black;nicht direkt genannt;Einmalzahlung bei Kündigung
Bündel;Motorola moto g77;256;1&1;netzbetreiber;1&1 All-Net-Flat L;L;neu;;;;30,99;36;39,90;24;;;2026-10-10;https://mobile.1und1.de/smartphones-all-net-flat-l;motorola-moto-g77-256gb-pantone-black-olive;nicht direkt genannt;Einmalzahlung bei Kündigung
Bündel;Motorola moto g77;256;1&1;netzbetreiber;1&1 All-Net-Flat M;M;neu;;;;25,99;36;39,90;24;;;2026-10-10;https://mobile.1und1.de/smartphones-all-net-flat-m;motorola-moto-g77-256gb-pantone-black-olive;nicht direkt genannt;Einmalzahlung bei Kündigung
Bündel;Motorola moto g77;256;1&1;netzbetreiber;1&1 All-Net-Flat S;XS;neu;80,00;;;20,99;36;39,90;24;623,66;;2026-10-10;https://mobile.1und1.de/flow2/mobile/ssc-private/tariffContractDuration?tariffChangeUrl=%2F%2Fmobile.1und1.de%2Fmotorola-moto-g77&optionalPrecedingDocuments=%2F%2Fmobile.1und1.de%2Fmotorola-moto-g77&addFlowStates=tradeInAvailable%2CaskWatch%2ChwDurationsAvailable&traceId=f83d1e7d-53f5-41f0-b8ac-d269f00a8f7a;motorola-moto-g77-256gb-pantone-black-olive;;
Bündel;Motorola moto g77;256;1&1;netzbetreiber;1&1 Unlimited on demand L;L;neu;;;;35,99;36;39,90;24;;;2026-10-10;https://mobile.1und1.de/smartphones-unlimited-l;motorola-moto-g77-256gb-pantone-black-olive;nicht direkt genannt;Einmalzahlung bei Kündigung
Bündel;Motorola moto g77;256;1&1;netzbetreiber;1&1 Unlimited on demand M;M;neu;;;;30,99;36;39,90;24;;;2026-10-10;https://mobile.1und1.de/smartphones-unlimited-m;motorola-moto-g77-256gb-pantone-black-olive;nicht direkt genannt;Einmalzahlung bei Kündigung
Bündel;Motorola moto g77;256;1&1;netzbetreiber;1&1 Unlimited on demand S;XS;neu;;;;25,99;36;39,90;24;;;2026-10-10;https://mobile.1und1.de/smartphones-unlimited-s;motorola-moto-g77-256gb-pantone-black-olive;nicht direkt genannt;Einmalzahlung bei Kündigung
Bündel;Motorola moto g77;256;1&1;netzbetreiber;1&1 Unlimited XL;;neu;;;;50,99;36;39,90;24;;;2026-10-10;https://mobile.1und1.de/smartphones-unlimited-xl;motorola-moto-g77-256gb-pantone-black-olive;nicht direkt genannt;Einmalzahlung bei Kündigung
Bündel;Motorola razr 70;256;1&1;netzbetreiber;1&1 All-Net-Flat L;L;neu;;;;45,99;36;39,90;24;;;2026-10-10;https://mobile.1und1.de/smartphones-all-net-flat-l;motorola-razr-70-256gb-hematite;nicht direkt genannt;Einmalzahlung bei Kündigung
Bündel;Motorola razr 70;256;1&1;netzbetreiber;1&1 All-Net-Flat M;M;neu;;;;40,99;36;39,90;24;;;2026-10-10;https://mobile.1und1.de/smartphones-all-net-flat-m;motorola-razr-70-256gb-hematite;nicht direkt genannt;Einmalzahlung bei Kündigung
Bündel;Motorola razr 70;256;1&1;netzbetreiber;1&1 All-Net-Flat S;XS;neu;260,00;;;35,99;36;39,90;24;1163,66;;2026-10-10;https://mobile.1und1.de/flow2/mobile/ssc-private/tariffContractDuration?tariffChangeUrl=%2F%2Fmobile.1und1.de%2Fmotorola-razr-70&optionalPrecedingDocuments=%2F%2Fmobile.1und1.de%2Fmotorola-razr-70&addFlowStates=tradeInAvailable%2CaskWatch%2ChwDurationsAvailable&traceId=9ff5cb9c-f6ad-4e6d-98b8-3f93d72ee1a7;motorola-razr-70-256gb-hematite;;
Bündel;Motorola razr 70;256;1&1;netzbetreiber;1&1 Unlimited on demand L;L;neu;;;;50,99;36;39,90;24;;;2026-10-10;https://mobile.1und1.de/smartphones-unlimited-l;motorola-razr-70-256gb-hematite;nicht direkt genannt;Einmalzahlung bei Kündigung
Bündel;Motorola razr 70;256;1&1;netzbetreiber;1&1 Unlimited on demand M;M;neu;;;;45,99;36;39,90;24;;;2026-10-10;https://mobile.1und1.de/smartphones-unlimited-m;motorola-razr-70-256gb-hematite;nicht direkt genannt;Einmalzahlung bei Kündigung
Bündel;Motorola razr 70;256;1&1;netzbetreiber;1&1 Unlimited on demand S;XS;neu;;;;40,99;36;39,90;24;;;2026-10-10;https://mobile.1und1.de/smartphones-unlimited-s;motorola-razr-70-256gb-hematite;nicht direkt genannt;Einmalzahlung bei Kündigung
Bündel;Motorola razr 70;256;1&1;netzbetreiber;1&1 Unlimited XL;;neu;;;;65,99;36;39,90;24;;;2026-10-10;https://mobile.1und1.de/smartphones-unlimited-xl;motorola-razr-70-256gb-hematite;nicht direkt genannt;Einmalzahlung bei Kündigung
Bündel;Nothing Phone (3);256;1&1;netzbetreiber;1&1 All-Net-Flat L;L;neu;;;;40,99;36;39,90;24;;;2026-10-10;https://mobile.1und1.de/smartphones-all-net-flat-l;nothing-phone-3-256gb-schwarz;nicht direkt genannt;Einmalzahlung bei Kündigung
Bündel;Nothing Phone (3);256;1&1;netzbetreiber;1&1 All-Net-Flat M;M;neu;;;;35,99;36;39,90;24;;;2026-10-10;https://mobile.1und1.de/smartphones-all-net-flat-m;nothing-phone-3-256gb-schwarz;nicht direkt genannt;Einmalzahlung bei Kündigung
Bündel;Nothing Phone (3);256;1&1;netzbetreiber;1&1 All-Net-Flat S;XS;neu;200,00;;;30,99;36;39,90;24;983,66;;2026-10-10;https://mobile.1und1.de/flow2/mobile/ssc-private/tariffContractDuration?tariffChangeUrl=%2F%2Fmobile.1und1.de%2Fnothing-phone-3&optionalPrecedingDocuments=%2F%2Fmobile.1und1.de%2Fnothing-phone-3&addFlowStates=tradeInAvailable%2CaskWatch%2ChwDurationsAvailable&traceId=ee9cfadf-1401-40f8-9549-7761a6e583f5;nothing-phone-3-256gb-schwarz;;
Bündel;Nothing Phone (3);256;1&1;netzbetreiber;1&1 Unlimited on demand L;L;neu;;;;45,99;36;39,90;24;;;2026-10-10;https://mobile.1und1.de/smartphones-unlimited-l;nothing-phone-3-256gb-schwarz;nicht direkt genannt;Einmalzahlung bei Kündigung
Bündel;Nothing Phone (3);256;1&1;netzbetreiber;1&1 Unlimited on demand M;M;neu;;;;40,99;36;39,90;24;;;2026-10-10;https://mobile.1und1.de/smartphones-unlimited-m;nothing-phone-3-256gb-schwarz;nicht direkt genannt;Einmalzahlung bei Kündigung
Bündel;Nothing Phone (3);256;1&1;netzbetreiber;1&1 Unlimited on demand S;XS;neu;;;;35,99;36;39,90;24;;;2026-10-10;https://mobile.1und1.de/smartphones-unlimited-s;nothing-phone-3-256gb-schwarz;nicht direkt genannt;Einmalzahlung bei Kündigung
Bündel;Nothing Phone (3);256;1&1;netzbetreiber;1&1 Unlimited XL;;neu;;;;60,99;36;39,90;24;;;2026-10-10;https://mobile.1und1.de/smartphones-unlimited-xl;nothing-phone-3-256gb-schwarz;nicht direkt genannt;Einmalzahlung bei Kündigung
Bündel;Nothing Phone (4a) Pro;128;1&1;netzbetreiber;1&1 All-Net-Flat L;L;neu;;;;35,99;36;39,90;24;;;2026-10-10;https://mobile.1und1.de/smartphones-all-net-flat-l;nothing-phone-4a-pro-128gb-silber;nicht direkt genannt;Einmalzahlung bei Kündigung
Bündel;Nothing Phone (4a) Pro;128;1&1;netzbetreiber;1&1 All-Net-Flat M;M;neu;;;;30,99;36;39,90;24;;;2026-10-10;https://mobile.1und1.de/smartphones-all-net-flat-m;nothing-phone-4a-pro-128gb-silber;nicht direkt genannt;Einmalzahlung bei Kündigung
Bündel;Nothing Phone (4a) Pro;128;1&1;netzbetreiber;1&1 All-Net-Flat S;XS;neu;140,00;;;25,99;36;39,90;24;803,66;;2026-10-10;https://mobile.1und1.de/flow2/mobile/ssc-private/tariffContractDuration?tariffChangeUrl=%2F%2Fmobile.1und1.de%2Fnothing-phone-4a-pro&optionalPrecedingDocuments=%2F%2Fmobile.1und1.de%2Fnothing-phone-4a-pro&addFlowStates=tradeInAvailable%2CaskWatch%2ChwDurationsAvailable&traceId=ec70e8fb-189e-4b87-88f2-30cfc68710e1;nothing-phone-4a-pro-128gb-silber;;
Bündel;Nothing Phone (4a) Pro;128;1&1;netzbetreiber;1&1 Unlimited on demand L;L;neu;;;;40,99;36;39,90;24;;;2026-10-10;https://mobile.1und1.de/smartphones-unlimited-l;nothing-phone-4a-pro-128gb-silber;nicht direkt genannt;Einmalzahlung bei Kündigung
Bündel;Nothing Phone (4a) Pro;128;1&1;netzbetreiber;1&1 Unlimited on demand M;M;neu;;;;35,99;36;39,90;24;;;2026-10-10;https://mobile.1und1.de/smartphones-unlimited-m;nothing-phone-4a-pro-128gb-silber;nicht direkt genannt;Einmalzahlung bei Kündigung
Bündel;Nothing Phone (4a) Pro;128;1&1;netzbetreiber;1&1 Unlimited on demand S;XS;neu;;;;30,99;36;39,90;24;;;2026-10-10;https://mobile.1und1.de/smartphones-unlimited-s;nothing-phone-4a-pro-128gb-silber;nicht direkt genannt;Einmalzahlung bei Kündigung
Bündel;Nothing Phone (4a) Pro;128;1&1;netzbetreiber;1&1 Unlimited XL;;neu;;;;55,99;36;39,90;24;;;2026-10-10;https://mobile.1und1.de/smartphones-unlimited-xl;nothing-phone-4a-pro-128gb-silber;nicht direkt genannt;Einmalzahlung bei Kündigung
Bündel;Galaxy A17;128;1&1;netzbetreiber;1&1 All-Net-Flat L;L;neu;;;;27,99;36;39,90;24;;;2026-10-10;https://mobile.1und1.de/smartphones-all-net-flat-l;samsung-galaxy-a17-128gb-schwarz;nicht direkt genannt;Einmalzahlung bei Kündigung
Bündel;Galaxy A17;128;1&1;netzbetreiber;1&1 All-Net-Flat M;M;neu;;;;22,99;36;39,90;24;;;2026-10-10;https://mobile.1und1.de/smartphones-all-net-flat-m;samsung-galaxy-a17-128gb-schwarz;nicht direkt genannt;Einmalzahlung bei Kündigung
Bündel;Galaxy A17;128;1&1;netzbetreiber;1&1 All-Net-Flat S;XS;neu;40,00;;;17,99;36;39,90;24;511,66;;2026-10-10;https://mobile.1und1.de/flow2/mobile/ssc-private/tariffContractDuration?tariffChangeUrl=%2F%2Fmobile.1und1.de%2Fsamsung-galaxy-a17-5g&optionalPrecedingDocuments=%2F%2Fmobile.1und1.de%2Fsamsung-galaxy-a17-5g&addFlowStates=tradeInAvailable%2CbrandSamsung%2CwatchAvailable%2CstrapsAvailable%2CaskWatch%2ChwDurationsAvailable&traceId=193170d5-ac21-4689-a13d-d28587cd44e2;samsung-galaxy-a17-128gb-schwarz;;
Bündel;Galaxy A17;128;1&1;netzbetreiber;1&1 Unlimited on demand L;L;neu;;;;32,99;36;39,90;24;;;2026-10-10;https://mobile.1und1.de/smartphones-unlimited-l;samsung-galaxy-a17-128gb-schwarz;nicht direkt genannt;Einmalzahlung bei Kündigung
Bündel;Galaxy A17;128;1&1;netzbetreiber;1&1 Unlimited on demand M;M;neu;;;;27,99;36;39,90;24;;;2026-10-10;https://mobile.1und1.de/smartphones-unlimited-m;samsung-galaxy-a17-128gb-schwarz;nicht direkt genannt;Einmalzahlung bei Kündigung
Bündel;Galaxy A17;128;1&1;netzbetreiber;1&1 Unlimited on demand S;XS;neu;;;;22,99;36;39,90;24;;;2026-10-10;https://mobile.1und1.de/smartphones-unlimited-s;samsung-galaxy-a17-128gb-schwarz;nicht direkt genannt;Einmalzahlung bei Kündigung
Bündel;Galaxy A17;128;1&1;netzbetreiber;1&1 Unlimited XL;;neu;;;;47,99;36;39,90;24;;;2026-10-10;https://mobile.1und1.de/smartphones-unlimited-xl;samsung-galaxy-a17-128gb-schwarz;nicht direkt genannt;Einmalzahlung bei Kündigung
Bündel;Galaxy A27;128;1&1;netzbetreiber;1&1 All-Net-Flat L;L;neu;;;;32,99;36;39,90;24;;;2026-10-10;https://mobile.1und1.de/smartphones-all-net-flat-l;samsung-galaxy-a27-128gb-schwarz;nicht direkt genannt;Einmalzahlung bei Kündigung
Bündel;Galaxy A27;128;1&1;netzbetreiber;1&1 All-Net-Flat M;M;neu;;;;27,99;36;39,90;24;;;2026-10-10;https://mobile.1und1.de/smartphones-all-net-flat-m;samsung-galaxy-a27-128gb-schwarz;nicht direkt genannt;Einmalzahlung bei Kündigung
Bündel;Galaxy A27;128;1&1;netzbetreiber;1&1 All-Net-Flat S;XS;neu;100,00;;;22,99;36;39,90;24;691,66;;2026-10-10;https://mobile.1und1.de/flow2/mobile/ssc-private/tariffContractDuration?tariffChangeUrl=%2F%2Fmobile.1und1.de%2Fsamsung-galaxy-a27-5g&optionalPrecedingDocuments=%2F%2Fmobile.1und1.de%2Fsamsung-galaxy-a27-5g&addFlowStates=tradeInAvailable%2CbrandSamsung%2CwatchAvailable%2CstrapsAvailable%2CaskWatch%2ChwDurationsAvailable&traceId=be63d519-7678-4abc-8683-e407dfa91ecc;samsung-galaxy-a27-128gb-schwarz;;
Bündel;Galaxy A27;128;1&1;netzbetreiber;1&1 Unlimited on demand L;L;neu;;;;37,99;36;39,90;24;;;2026-10-10;https://mobile.1und1.de/smartphones-unlimited-l;samsung-galaxy-a27-128gb-schwarz;nicht direkt genannt;Einmalzahlung bei Kündigung
Bündel;Galaxy A27;128;1&1;netzbetreiber;1&1 Unlimited on demand M;M;neu;;;;32,99;36;39,90;24;;;2026-10-10;https://mobile.1und1.de/smartphones-unlimited-m;samsung-galaxy-a27-128gb-schwarz;nicht direkt genannt;Einmalzahlung bei Kündigung
Bündel;Galaxy A27;128;1&1;netzbetreiber;1&1 Unlimited on demand S;XS;neu;;;;27,99;36;39,90;24;;;2026-10-10;https://mobile.1und1.de/smartphones-unlimited-s;samsung-galaxy-a27-128gb-schwarz;nicht direkt genannt;Einmalzahlung bei Kündigung
Bündel;Galaxy A27;128;1&1;netzbetreiber;1&1 Unlimited XL;;neu;;;;52,99;36;39,90;24;;;2026-10-10;https://mobile.1und1.de/smartphones-unlimited-xl;samsung-galaxy-a27-128gb-schwarz;nicht direkt genannt;Einmalzahlung bei Kündigung
Bündel;Galaxy A57;128;1&1;netzbetreiber;1&1 All-Net-Flat L;L;neu;;;;35,99;36;39,90;24;;;2026-10-10;https://mobile.1und1.de/smartphones-all-net-flat-l;samsung-galaxy-a57-128gb-awesome-gray;nicht direkt genannt;Einmalzahlung bei Kündigung
Bündel;Galaxy A57;128;1&1;netzbetreiber;1&1 All-Net-Flat M;M;neu;;;;30,99;36;39,90;24;;;2026-10-10;https://mobile.1und1.de/smartphones-all-net-flat-m;samsung-galaxy-a57-128gb-awesome-gray;nicht direkt genannt;Einmalzahlung bei Kündigung
Bündel;Galaxy A57;128;1&1;netzbetreiber;1&1 All-Net-Flat S;XS;neu;140,00;;;25,99;36;39,90;24;803,66;;2026-10-10;https://mobile.1und1.de/flow2/mobile/ssc-private/tariffContractDuration?tariffChangeUrl=%2F%2Fmobile.1und1.de%2Fsamsung-galaxy-a57&optionalPrecedingDocuments=%2F%2Fmobile.1und1.de%2Fsamsung-galaxy-a57&addFlowStates=tradeInAvailable%2CbrandSamsung%2CwatchAvailable%2CstrapsAvailable%2CaskWatch%2ChwDurationsAvailable&traceId=c0a9feb7-7641-4b69-90b6-63c4a983fd14;samsung-galaxy-a57-128gb-awesome-gray;;
Bündel;Galaxy A57;128;1&1;netzbetreiber;1&1 Unlimited on demand L;L;neu;;;;40,99;36;39,90;24;;;2026-10-10;https://mobile.1und1.de/smartphones-unlimited-l;samsung-galaxy-a57-128gb-awesome-gray;nicht direkt genannt;Einmalzahlung bei Kündigung
Bündel;Galaxy A57;128;1&1;netzbetreiber;1&1 Unlimited on demand M;M;neu;;;;35,99;36;39,90;24;;;2026-10-10;https://mobile.1und1.de/smartphones-unlimited-m;samsung-galaxy-a57-128gb-awesome-gray;nicht direkt genannt;Einmalzahlung bei Kündigung
Bündel;Galaxy A57;128;1&1;netzbetreiber;1&1 Unlimited on demand S;XS;neu;;;;30,99;36;39,90;24;;;2026-10-10;https://mobile.1und1.de/smartphones-unlimited-s;samsung-galaxy-a57-128gb-awesome-gray;nicht direkt genannt;Einmalzahlung bei Kündigung
Bündel;Galaxy A57;128;1&1;netzbetreiber;1&1 Unlimited XL;;neu;;;;55,99;36;39,90;24;;;2026-10-10;https://mobile.1und1.de/smartphones-unlimited-xl;samsung-galaxy-a57-128gb-awesome-gray;nicht direkt genannt;Einmalzahlung bei Kündigung
Bündel;Galaxy A57;256;1&1;netzbetreiber;1&1 All-Net-Flat S;XS;neu;160,00;;;27,99;36;39,90;24;871,66;;2026-10-10;https://mobile.1und1.de/flow2/mobile/ssc-private/tariffContractDuration?tariffChangeUrl=%2F%2Fmobile.1und1.de%2Fsamsung-galaxy-a57&optionalPrecedingDocuments=%2F%2Fmobile.1und1.de%2Fsamsung-galaxy-a57&addFlowStates=tradeInAvailable%2CbrandSamsung%2CwatchAvailable%2CstrapsAvailable%2CaskWatch%2ChwDurationsAvailable&traceId=2c89a257-523f-4042-8d8d-eb8b0a7499c8;samsung-galaxy-a57-256gb-awesome-gray;;
Bündel;Galaxy S25;128;1&1;netzbetreiber;1&1 All-Net-Flat S;XS;neu;220,00;;;32,99;36;39,90;24;1051,66;;2026-09-24;https://mobile.1und1.de/samsung-galaxy-s25;samsung-galaxy-s25-128gb-silber;veraltet;
Bündel;Galaxy S25;256;1&1;netzbetreiber;1&1 All-Net-Flat S;XS;neu;240,00;;;34,99;36;39,90;24;1119,66;;2026-09-24;https://mobile.1und1.de/samsung-galaxy-s25;samsung-galaxy-s25-256gb-blueblack;veraltet;
Bündel;Galaxy S25 Edge;256;1&1;netzbetreiber;1&1 All-Net-Flat L;L;neu;;;;37,99;36;39,90;24;;;2026-10-10;https://mobile.1und1.de/smartphones-all-net-flat-l;samsung-galaxy-s25-edge-256gb-titanium-jetblack;nicht direkt genannt;Einmalzahlung bei Kündigung
Bündel;Galaxy S25 Edge;256;1&1;netzbetreiber;1&1 All-Net-Flat M;M;neu;;;;32,99;36;39,90;24;;;2026-10-10;https://mobile.1und1.de/smartphones-all-net-flat-m;samsung-galaxy-s25-edge-256gb-titanium-jetblack;nicht direkt genannt;Einmalzahlung bei Kündigung
Bündel;Galaxy S25 Edge;256;1&1;netzbetreiber;1&1 All-Net-Flat S;XS;neu;160,00;;;27,99;36;39,90;24;871,66;;2026-10-10;https://mobile.1und1.de/flow2/mobile/ssc-private/tariffContractDuration?tariffChangeUrl=%2F%2Fmobile.1und1.de%2Fsamsung-galaxy-s25-edge&optionalPrecedingDocuments=%2F%2Fmobile.1und1.de%2Fsamsung-galaxy-s25-edge&addFlowStates=tradeInAvailable%2CbrandSamsung%2CwatchAvailable%2CstrapsAvailable%2CaskWatch%2ChwDurationsAvailable&traceId=14a21a39-f277-4dfa-a60b-7bd986b927ee;samsung-galaxy-s25-edge-256gb-titanium-jetblack;;
Bündel;Galaxy S25 Edge;256;1&1;netzbetreiber;1&1 Unlimited on demand L;L;neu;;;;42,99;36;39,90;24;;;2026-10-10;https://mobile.1und1.de/smartphones-unlimited-l;samsung-galaxy-s25-edge-256gb-titanium-jetblack;nicht direkt genannt;Einmalzahlung bei Kündigung
Bündel;Galaxy S25 Edge;256;1&1;netzbetreiber;1&1 Unlimited on demand M;M;neu;;;;37,99;36;39,90;24;;;2026-10-10;https://mobile.1und1.de/smartphones-unlimited-m;samsung-galaxy-s25-edge-256gb-titanium-jetblack;nicht direkt genannt;Einmalzahlung bei Kündigung
Bündel;Galaxy S25 Edge;256;1&1;netzbetreiber;1&1 Unlimited on demand S;XS;neu;;;;32,99;36;39,90;24;;;2026-10-10;https://mobile.1und1.de/smartphones-unlimited-s;samsung-galaxy-s25-edge-256gb-titanium-jetblack;nicht direkt genannt;Einmalzahlung bei Kündigung
Bündel;Galaxy S25 Edge;256;1&1;netzbetreiber;1&1 Unlimited XL;;neu;;;;57,99;36;39,90;24;;;2026-10-10;https://mobile.1und1.de/smartphones-unlimited-xl;samsung-galaxy-s25-edge-256gb-titanium-jetblack;nicht direkt genannt;Einmalzahlung bei Kündigung
Bündel;Galaxy S26;256;1&1;netzbetreiber;1&1 All-Net-Flat L;L;neu;;;;42,99;36;39,90;24;;;2026-10-10;https://mobile.1und1.de/smartphones-all-net-flat-l;samsung-galaxy-s26-256gb-schwarz;nicht direkt genannt;Einmalzahlung bei Kündigung
Bündel;Galaxy S26;256;1&1;netzbetreiber;1&1 All-Net-Flat M;M;neu;;;;37,99;36;39,90;24;;;2026-10-10;https://mobile.1und1.de/smartphones-all-net-flat-m;samsung-galaxy-s26-256gb-schwarz;nicht direkt genannt;Einmalzahlung bei Kündigung
Bündel;Galaxy S26;256;1&1;netzbetreiber;1&1 All-Net-Flat S;XS;neu;220,00;;;32,99;36;39,90;24;1051,66;;2026-10-10;https://mobile.1und1.de/flow2/mobile/ssc-private/tariffContractDuration?tariffChangeUrl=%2F%2Fmobile.1und1.de%2Fsamsung-galaxy-s26&optionalPrecedingDocuments=%2F%2Fmobile.1und1.de%2Fsamsung-galaxy-s26&addFlowStates=tradeInAvailable%2CbrandSamsung%2CsamsungS26Series%2CwatchAvailable%2CstrapsAvailable%2CaskWatch%2ChwDurationsAvailable&traceId=8038e523-8edf-4633-9f15-b558e038b3cf;samsung-galaxy-s26-256gb-schwarz;;
Bündel;Galaxy S26;256;1&1;netzbetreiber;1&1 Unlimited on demand L;L;neu;;;;47,99;36;39,90;24;;;2026-10-10;https://mobile.1und1.de/smartphones-unlimited-l;samsung-galaxy-s26-256gb-schwarz;nicht direkt genannt;Einmalzahlung bei Kündigung
Bündel;Galaxy S26;256;1&1;netzbetreiber;1&1 Unlimited on demand M;M;neu;;;;42,99;36;39,90;24;;;2026-10-10;https://mobile.1und1.de/smartphones-unlimited-m;samsung-galaxy-s26-256gb-schwarz;nicht direkt genannt;Einmalzahlung bei Kündigung
Bündel;Galaxy S26;256;1&1;netzbetreiber;1&1 Unlimited on demand S;XS;neu;;;;37,99;36;39,90;24;;;2026-10-10;https://mobile.1und1.de/smartphones-unlimited-s;samsung-galaxy-s26-256gb-schwarz;nicht direkt genannt;Einmalzahlung bei Kündigung
Bündel;Galaxy S26;256;1&1;netzbetreiber;1&1 Unlimited XL;;neu;;;;62,99;36;39,90;24;;;2026-10-10;https://mobile.1und1.de/smartphones-unlimited-xl;samsung-galaxy-s26-256gb-schwarz;nicht direkt genannt;Einmalzahlung bei Kündigung
Bündel;Galaxy S26;512;1&1;netzbetreiber;1&1 All-Net-Flat L;L;neu;;;;48,99;36;39,90;24;;;2026-10-10;https://mobile.1und1.de/smartphones-all-net-flat-l;samsung-galaxy-s26-512gb-schwarz;nicht direkt genannt;Einmalzahlung bei Kündigung
Bündel;Galaxy S26;512;1&1;netzbetreiber;1&1 All-Net-Flat M;M;neu;;;;43,99;36;39,90;24;;;2026-10-10;https://mobile.1und1.de/smartphones-all-net-flat-m;samsung-galaxy-s26-512gb-schwarz;nicht direkt genannt;Einmalzahlung bei Kündigung
Bündel;Galaxy S26;512;1&1;netzbetreiber;1&1 All-Net-Flat S;XS;neu;290,00;;;38,99;36;39,90;24;1265,66;;2026-10-10;https://mobile.1und1.de/flow2/mobile/ssc-private/tariffContractDuration?tariffChangeUrl=%2F%2Fmobile.1und1.de%2Fsamsung-galaxy-s26&optionalPrecedingDocuments=%2F%2Fmobile.1und1.de%2Fsamsung-galaxy-s26&addFlowStates=tradeInAvailable%2CbrandSamsung%2CsamsungS26Series%2CwatchAvailable%2CstrapsAvailable%2CaskWatch%2ChwDurationsAvailable&traceId=b0d3a330-e553-4cc4-97bc-9dab957e86af;samsung-galaxy-s26-512gb-schwarz;;
Bündel;Galaxy S26;512;1&1;netzbetreiber;1&1 Unlimited on demand L;L;neu;;;;53,99;36;39,90;24;;;2026-10-10;https://mobile.1und1.de/smartphones-unlimited-l;samsung-galaxy-s26-512gb-schwarz;nicht direkt genannt;Einmalzahlung bei Kündigung
Bündel;Galaxy S26;512;1&1;netzbetreiber;1&1 Unlimited on demand M;M;neu;;;;48,99;36;39,90;24;;;2026-10-10;https://mobile.1und1.de/smartphones-unlimited-m;samsung-galaxy-s26-512gb-schwarz;nicht direkt genannt;Einmalzahlung bei Kündigung
Bündel;Galaxy S26;512;1&1;netzbetreiber;1&1 Unlimited on demand S;XS;neu;;;;43,99;36;39,90;24;;;2026-10-10;https://mobile.1und1.de/smartphones-unlimited-s;samsung-galaxy-s26-512gb-schwarz;nicht direkt genannt;Einmalzahlung bei Kündigung
Bündel;Galaxy S26 FE;128;1&1;netzbetreiber;1&1 All-Net-Flat L;L;neu;;;;37,99;36;39,90;24;;;2026-10-10;https://mobile.1und1.de/smartphones-all-net-flat-l;samsung-galaxy-s26-fe-128gb-pistachio;nicht direkt genannt;Einmalzahlung bei Kündigung
Bündel;Galaxy S26 FE;128;1&1;netzbetreiber;1&1 All-Net-Flat M;M;neu;;;;32,99;36;39,90;24;;;2026-10-10;https://mobile.1und1.de/smartphones-all-net-flat-m;samsung-galaxy-s26-fe-128gb-pistachio;nicht direkt genannt;Einmalzahlung bei Kündigung
Bündel;Galaxy S26 FE;128;1&1;netzbetreiber;1&1 All-Net-Flat S;XS;neu;160,00;;;27,99;36;39,90;24;871,66;;2026-10-10;https://mobile.1und1.de/flow2/mobile/ssc-private/tariffContractDuration?tariffChangeUrl=%2F%2Fmobile.1und1.de%2Fsamsung-galaxy-s26-fe&optionalPrecedingDocuments=%2F%2Fmobile.1und1.de%2Fsamsung-galaxy-s26-fe&addFlowStates=tradeInAvailable%2CbrandSamsung%2CsamsungS26fe%2CwatchAvailable%2CstrapsAvailable%2CaskWatch%2ChwDurationsAvailable&traceId=4d154de0-38a3-4819-aa98-b6877e63de58;samsung-galaxy-s26-fe-128gb-pistachio;;
Bündel;Galaxy S26 FE;128;1&1;netzbetreiber;1&1 Unlimited on demand L;L;neu;;;;42,99;36;39,90;24;;;2026-10-10;https://mobile.1und1.de/smartphones-unlimited-l;samsung-galaxy-s26-fe-128gb-pistachio;nicht direkt genannt;Einmalzahlung bei Kündigung
Bündel;Galaxy S26 FE;128;1&1;netzbetreiber;1&1 Unlimited on demand M;M;neu;;;;37,99;36;39,90;24;;;2026-10-10;https://mobile.1und1.de/smartphones-unlimited-m;samsung-galaxy-s26-fe-128gb-pistachio;nicht direkt genannt;Einmalzahlung bei Kündigung
Bündel;Galaxy S26 FE;128;1&1;netzbetreiber;1&1 Unlimited on demand S;XS;neu;;;;32,99;36;39,90;24;;;2026-10-10;https://mobile.1und1.de/smartphones-unlimited-s;samsung-galaxy-s26-fe-128gb-pistachio;nicht direkt genannt;Einmalzahlung bei Kündigung
Bündel;Galaxy S26 FE;128;1&1;netzbetreiber;1&1 Unlimited XL;;neu;;;;57,99;36;39,90;24;;;2026-10-10;https://mobile.1und1.de/smartphones-unlimited-xl;samsung-galaxy-s26-fe-128gb-pistachio;nicht direkt genannt;Einmalzahlung bei Kündigung
Bündel;Galaxy S26 FE;256;1&1;netzbetreiber;1&1 All-Net-Flat L;L;neu;;;;40,99;36;39,90;24;;;2026-10-10;https://mobile.1und1.de/smartphones-all-net-flat-l;samsung-galaxy-s26-fe-256gb-pistachio;nicht direkt genannt;Einmalzahlung bei Kündigung
Bündel;Galaxy S26 FE;256;1&1;netzbetreiber;1&1 All-Net-Flat M;M;neu;;;;35,99;36;39,90;24;;;2026-10-10;https://mobile.1und1.de/smartphones-all-net-flat-m;samsung-galaxy-s26-fe-256gb-pistachio;nicht direkt genannt;Einmalzahlung bei Kündigung
Bündel;Galaxy S26 FE;256;1&1;netzbetreiber;1&1 All-Net-Flat S;XS;neu;200,00;;;30,99;36;39,90;24;983,66;;2026-10-10;https://mobile.1und1.de/flow2/mobile/ssc-private/tariffContractDuration?tariffChangeUrl=%2F%2Fmobile.1und1.de%2Fsamsung-galaxy-s26-fe&optionalPrecedingDocuments=%2F%2Fmobile.1und1.de%2Fsamsung-galaxy-s26-fe&addFlowStates=tradeInAvailable%2CbrandSamsung%2CsamsungS26fe%2CwatchAvailable%2CstrapsAvailable%2CaskWatch%2ChwDurationsAvailable&traceId=44678af2-4d63-48ca-a303-a21c46eb23df;samsung-galaxy-s26-fe-256gb-pistachio;;
Bündel;Galaxy S26 FE;256;1&1;netzbetreiber;1&1 Unlimited on demand L;L;neu;;;;45,99;36;39,90;24;;;2026-10-10;https://mobile.1und1.de/smartphones-unlimited-l;samsung-galaxy-s26-fe-256gb-pistachio;nicht direkt genannt;Einmalzahlung bei Kündigung
Bündel;Galaxy S26 FE;256;1&1;netzbetreiber;1&1 Unlimited on demand M;M;neu;;;;40,99;36;39,90;24;;;2026-10-10;https://mobile.1und1.de/smartphones-unlimited-m;samsung-galaxy-s26-fe-256gb-pistachio;nicht direkt genannt;Einmalzahlung bei Kündigung
Bündel;Galaxy S26 FE;256;1&1;netzbetreiber;1&1 Unlimited on demand S;XS;neu;;;;35,99;36;39,90;24;;;2026-10-10;https://mobile.1und1.de/smartphones-unlimited-s;samsung-galaxy-s26-fe-256gb-pistachio;nicht direkt genannt;Einmalzahlung bei Kündigung
Bündel;Galaxy S26 Plus;256;1&1;netzbetreiber;1&1 All-Net-Flat L;L;neu;;;;52,99;36;39,90;24;;;2026-10-10;https://mobile.1und1.de/smartphones-all-net-flat-l;samsung-galaxy-s26-plus-256gb-cobalt-violet;nicht direkt genannt;Einmalzahlung bei Kündigung
Bündel;Galaxy S26 Plus;256;1&1;netzbetreiber;1&1 All-Net-Flat M;M;neu;;;;47,99;36;39,90;24;;;2026-10-10;https://mobile.1und1.de/smartphones-all-net-flat-m;samsung-galaxy-s26-plus-256gb-cobalt-violet;nicht direkt genannt;Einmalzahlung bei Kündigung
Bündel;Galaxy S26 Plus;256;1&1;netzbetreiber;1&1 All-Net-Flat S;XS;neu;340,00;;;42,99;36;39,90;24;1411,66;;2026-10-10;https://mobile.1und1.de/flow2/mobile/ssc-private/tariffContractDuration?tariffChangeUrl=%2F%2Fmobile.1und1.de%2Fsamsung-galaxy-s26-plus&optionalPrecedingDocuments=%2F%2Fmobile.1und1.de%2Fsamsung-galaxy-s26-plus&addFlowStates=tradeInAvailable%2CbrandSamsung%2CsamsungS26Series%2CwatchAvailable%2CstrapsAvailable%2CaskWatch%2ChwDurationsAvailable&traceId=da2e038d-f13d-4445-a4d2-08ae3ded9104;samsung-galaxy-s26-plus-256gb-cobalt-violet;;
Bündel;Galaxy S26 Plus;256;1&1;netzbetreiber;1&1 Unlimited on demand L;L;neu;;;;57,99;36;39,90;24;;;2026-10-10;https://mobile.1und1.de/smartphones-unlimited-l;samsung-galaxy-s26-plus-256gb-cobalt-violet;nicht direkt genannt;Einmalzahlung bei Kündigung
Bündel;Galaxy S26 Plus;256;1&1;netzbetreiber;1&1 Unlimited on demand M;M;neu;;;;52,99;36;39,90;24;;;2026-10-10;https://mobile.1und1.de/smartphones-unlimited-m;samsung-galaxy-s26-plus-256gb-cobalt-violet;nicht direkt genannt;Einmalzahlung bei Kündigung
Bündel;Galaxy S26 Plus;256;1&1;netzbetreiber;1&1 Unlimited on demand S;XS;neu;;;;47,99;36;39,90;24;;;2026-10-10;https://mobile.1und1.de/smartphones-unlimited-s;samsung-galaxy-s26-plus-256gb-cobalt-violet;nicht direkt genannt;Einmalzahlung bei Kündigung
Bündel;Galaxy S26 Plus;256;1&1;netzbetreiber;1&1 Unlimited XL;;neu;;;;72,99;36;39,90;24;;;2026-10-10;https://mobile.1und1.de/smartphones-unlimited-xl;samsung-galaxy-s26-plus-256gb-cobalt-violet;nicht direkt genannt;Einmalzahlung bei Kündigung
Bündel;Galaxy S26 Plus;512;1&1;netzbetreiber;1&1 All-Net-Flat L;L;neu;;;;58,99;36;39,90;24;;;2026-10-10;https://mobile.1und1.de/smartphones-all-net-flat-l;samsung-galaxy-s26-plus-512gb-cobalt-violet;nicht direkt genannt;Einmalzahlung bei Kündigung
Bündel;Galaxy S26 Plus;512;1&1;netzbetreiber;1&1 All-Net-Flat M;M;neu;;;;53,99;36;39,90;24;;;2026-10-10;https://mobile.1und1.de/smartphones-all-net-flat-m;samsung-galaxy-s26-plus-512gb-cobalt-violet;nicht direkt genannt;Einmalzahlung bei Kündigung
Bündel;Galaxy S26 Plus;512;1&1;netzbetreiber;1&1 All-Net-Flat S;XS;neu;410,00;;;48,99;36;39,90;24;1625,66;;2026-10-10;https://mobile.1und1.de/flow2/mobile/ssc-private/tariffContractDuration?tariffChangeUrl=%2F%2Fmobile.1und1.de%2Fsamsung-galaxy-s26-plus&optionalPrecedingDocuments=%2F%2Fmobile.1und1.de%2Fsamsung-galaxy-s26-plus&addFlowStates=tradeInAvailable%2CbrandSamsung%2CsamsungS26Series%2CwatchAvailable%2CstrapsAvailable%2CaskWatch%2ChwDurationsAvailable&traceId=97fa866d-7c50-4687-bb60-4dbfefb5bbd3;samsung-galaxy-s26-plus-512gb-cobalt-violet;;
Bündel;Galaxy S26 Plus;512;1&1;netzbetreiber;1&1 Unlimited on demand L;L;neu;;;;63,99;36;39,90;24;;;2026-10-10;https://mobile.1und1.de/smartphones-unlimited-l;samsung-galaxy-s26-plus-512gb-cobalt-violet;nicht direkt genannt;Einmalzahlung bei Kündigung
Bündel;Galaxy S26 Plus;512;1&1;netzbetreiber;1&1 Unlimited on demand M;M;neu;;;;58,99;36;39,90;24;;;2026-10-10;https://mobile.1und1.de/smartphones-unlimited-m;samsung-galaxy-s26-plus-512gb-cobalt-violet;nicht direkt genannt;Einmalzahlung bei Kündigung
Bündel;Galaxy S26 Plus;512;1&1;netzbetreiber;1&1 Unlimited on demand S;XS;neu;;;;53,99;36;39,90;24;;;2026-10-10;https://mobile.1und1.de/smartphones-unlimited-s;samsung-galaxy-s26-plus-512gb-cobalt-violet;nicht direkt genannt;Einmalzahlung bei Kündigung
Bündel;Galaxy S26 Ultra;1024;1&1;netzbetreiber;1&1 All-Net-Flat L;L;neu;;;;66,99;36;39,90;24;;;2026-10-10;https://mobile.1und1.de/smartphones-all-net-flat-l;samsung-galaxy-s26-ultra-1024gb-cobalt-violet;nicht direkt genannt;Einmalzahlung bei Kündigung
Bündel;Galaxy S26 Ultra;1024;1&1;netzbetreiber;1&1 All-Net-Flat M;M;neu;;;;61,99;36;39,90;24;;;2026-10-10;https://mobile.1und1.de/smartphones-all-net-flat-m;samsung-galaxy-s26-ultra-1024gb-cobalt-violet;nicht direkt genannt;Einmalzahlung bei Kündigung
Bündel;Galaxy S26 Ultra;1024;1&1;netzbetreiber;1&1 All-Net-Flat S;XS;neu;510,00;;;56,99;36;39,90;24;1917,66;;2026-10-10;https://mobile.1und1.de/flow2/mobile/ssc-private/tariffContractDuration?tariffChangeUrl=%2F%2Fmobile.1und1.de%2Fsamsung-galaxy-s26-ultra&optionalPrecedingDocuments=%2F%2Fmobile.1und1.de%2Fsamsung-galaxy-s26-ultra&addFlowStates=tradeInAvailable%2CbrandSamsung%2CsamsungS26Series%2CwatchAvailable%2CstrapsAvailable%2CaskWatch%2ChwDurationsAvailable&traceId=8d27355d-5aa8-4549-b547-3813075d86c9;samsung-galaxy-s26-ultra-1024gb-cobalt-violet;;
Bündel;Galaxy S26 Ultra;1024;1&1;netzbetreiber;1&1 Unlimited on demand L;L;neu;;;;71,99;36;39,90;24;;;2026-10-10;https://mobile.1und1.de/smartphones-unlimited-l;samsung-galaxy-s26-ultra-1024gb-cobalt-violet;nicht direkt genannt;Einmalzahlung bei Kündigung
Bündel;Galaxy S26 Ultra;1024;1&1;netzbetreiber;1&1 Unlimited on demand M;M;neu;;;;66,99;36;39,90;24;;;2026-10-10;https://mobile.1und1.de/smartphones-unlimited-m;samsung-galaxy-s26-ultra-1024gb-cobalt-violet;nicht direkt genannt;Einmalzahlung bei Kündigung
Bündel;Galaxy S26 Ultra;1024;1&1;netzbetreiber;1&1 Unlimited on demand S;XS;neu;;;;61,99;36;39,90;24;;;2026-10-10;https://mobile.1und1.de/smartphones-unlimited-s;samsung-galaxy-s26-ultra-1024gb-cobalt-violet;nicht direkt genannt;Einmalzahlung bei Kündigung
Bündel;Galaxy S26 Ultra;256;1&1;netzbetreiber;1&1 All-Net-Flat L;L;neu;;;;52,99;36;39,90;24;;;2026-10-10;https://mobile.1und1.de/smartphones-all-net-flat-l;samsung-galaxy-s26-ultra-256gb-cobalt-violet;nicht direkt genannt;Einmalzahlung bei Kündigung
Bündel;Galaxy S26 Ultra;256;1&1;netzbetreiber;1&1 All-Net-Flat M;M;neu;;;;47,99;36;39,90;24;;;2026-10-10;https://mobile.1und1.de/smartphones-all-net-flat-m;samsung-galaxy-s26-ultra-256gb-cobalt-violet;nicht direkt genannt;Einmalzahlung bei Kündigung
Bündel;Galaxy S26 Ultra;256;1&1;netzbetreiber;1&1 All-Net-Flat S;XS;neu;340,00;;;42,99;36;39,90;24;1411,66;;2026-10-10;https://mobile.1und1.de/flow2/mobile/ssc-private/tariffContractDuration?tariffChangeUrl=%2F%2Fmobile.1und1.de%2Fsamsung-galaxy-s26-ultra&optionalPrecedingDocuments=%2F%2Fmobile.1und1.de%2Fsamsung-galaxy-s26-ultra&addFlowStates=tradeInAvailable%2CbrandSamsung%2CsamsungS26Series%2CwatchAvailable%2CstrapsAvailable%2CaskWatch%2ChwDurationsAvailable&traceId=f4798952-0825-475d-ac91-77d75c891844;samsung-galaxy-s26-ultra-256gb-cobalt-violet;;
Bündel;Galaxy S26 Ultra;256;1&1;netzbetreiber;1&1 Unlimited on demand L;L;neu;;;;57,99;36;39,90;24;;;2026-10-10;https://mobile.1und1.de/smartphones-unlimited-l;samsung-galaxy-s26-ultra-256gb-cobalt-violet;nicht direkt genannt;Einmalzahlung bei Kündigung
Bündel;Galaxy S26 Ultra;256;1&1;netzbetreiber;1&1 Unlimited on demand M;M;neu;;;;52,99;36;39,90;24;;;2026-10-10;https://mobile.1und1.de/smartphones-unlimited-m;samsung-galaxy-s26-ultra-256gb-cobalt-violet;nicht direkt genannt;Einmalzahlung bei Kündigung
Bündel;Galaxy S26 Ultra;256;1&1;netzbetreiber;1&1 Unlimited on demand S;XS;neu;;;;47,99;36;39,90;24;;;2026-10-10;https://mobile.1und1.de/smartphones-unlimited-s;samsung-galaxy-s26-ultra-256gb-cobalt-violet;nicht direkt genannt;Einmalzahlung bei Kündigung
Bündel;Galaxy S26 Ultra;256;1&1;netzbetreiber;1&1 Unlimited XL;;neu;;;;72,99;36;39,90;24;;;2026-10-10;https://mobile.1und1.de/smartphones-unlimited-xl;samsung-galaxy-s26-ultra-256gb-cobalt-violet;nicht direkt genannt;Einmalzahlung bei Kündigung
Bündel;Galaxy S26 Ultra;512;1&1;netzbetreiber;1&1 All-Net-Flat L;L;neu;;;;58,99;36;39,90;24;;;2026-10-10;https://mobile.1und1.de/smartphones-all-net-flat-l;samsung-galaxy-s26-ultra-512gb-cobalt-violet;nicht direkt genannt;Einmalzahlung bei Kündigung
Bündel;Galaxy S26 Ultra;512;1&1;netzbetreiber;1&1 All-Net-Flat M;M;neu;;;;53,99;36;39,90;24;;;2026-10-10;https://mobile.1und1.de/smartphones-all-net-flat-m;samsung-galaxy-s26-ultra-512gb-cobalt-violet;nicht direkt genannt;Einmalzahlung bei Kündigung
Bündel;Galaxy S26 Ultra;512;1&1;netzbetreiber;1&1 All-Net-Flat S;XS;neu;410,00;;;48,99;36;39,90;24;1625,66;;2026-10-10;https://mobile.1und1.de/flow2/mobile/ssc-private/tariffContractDuration?tariffChangeUrl=%2F%2Fmobile.1und1.de%2Fsamsung-galaxy-s26-ultra&optionalPrecedingDocuments=%2F%2Fmobile.1und1.de%2Fsamsung-galaxy-s26-ultra&addFlowStates=tradeInAvailable%2CbrandSamsung%2CsamsungS26Series%2CwatchAvailable%2CstrapsAvailable%2CaskWatch%2ChwDurationsAvailable&traceId=b9b44eda-0640-478e-925d-df1f049d0e76;samsung-galaxy-s26-ultra-512gb-cobalt-violet;;
Bündel;Galaxy S26 Ultra;512;1&1;netzbetreiber;1&1 Unlimited on demand L;L;neu;;;;63,99;36;39,90;24;;;2026-10-10;https://mobile.1und1.de/smartphones-unlimited-l;samsung-galaxy-s26-ultra-512gb-cobalt-violet;nicht direkt genannt;Einmalzahlung bei Kündigung
Bündel;Galaxy S26 Ultra;512;1&1;netzbetreiber;1&1 Unlimited on demand M;M;neu;;;;58,99;36;39,90;24;;;2026-10-10;https://mobile.1und1.de/smartphones-unlimited-m;samsung-galaxy-s26-ultra-512gb-cobalt-violet;nicht direkt genannt;Einmalzahlung bei Kündigung
Bündel;Galaxy S26 Ultra;512;1&1;netzbetreiber;1&1 Unlimited on demand S;XS;neu;;;;53,99;36;39,90;24;;;2026-10-10;https://mobile.1und1.de/smartphones-unlimited-s;samsung-galaxy-s26-ultra-512gb-cobalt-violet;nicht direkt genannt;Einmalzahlung bei Kündigung
Bündel;Galaxy Z Flip8;256;1&1;netzbetreiber;1&1 All-Net-Flat L;L;neu;;;;52,99;36;39,90;24;;;2026-10-10;https://mobile.1und1.de/smartphones-all-net-flat-l;samsung-galaxy-z-flip8-256gb-grau;nicht direkt genannt;Einmalzahlung bei Kündigung
Bündel;Galaxy Z Flip8;256;1&1;netzbetreiber;1&1 All-Net-Flat M;M;neu;;;;47,99;36;39,90;24;;;2026-10-10;https://mobile.1und1.de/smartphones-all-net-flat-m;samsung-galaxy-z-flip8-256gb-grau;nicht direkt genannt;Einmalzahlung bei Kündigung
Bündel;Galaxy Z Flip8;256;1&1;netzbetreiber;1&1 All-Net-Flat S;XS;neu;340,00;;;42,99;36;39,90;24;1411,66;;2026-10-10;https://mobile.1und1.de/flow2/mobile/ssc-private/tariffContractDuration?tariffChangeUrl=%2F%2Fmobile.1und1.de%2Fsamsung-galaxy-z-flip8&optionalPrecedingDocuments=%2F%2Fmobile.1und1.de%2Fsamsung-galaxy-z-flip8&addFlowStates=tradeInAvailable%2CbrandSamsung%2CgalaxyZflip%2CwatchAvailable%2CstrapsAvailable%2CaskWatch%2ChwDurationsAvailable&traceId=e2b2368a-be50-4b3f-92ce-f723d350504e;samsung-galaxy-z-flip8-256gb-grau;;
Bündel;Galaxy Z Flip8;256;1&1;netzbetreiber;1&1 Unlimited on demand L;L;neu;;;;57,99;36;39,90;24;;;2026-10-10;https://mobile.1und1.de/smartphones-unlimited-l;samsung-galaxy-z-flip8-256gb-grau;nicht direkt genannt;Einmalzahlung bei Kündigung
Bündel;Galaxy Z Flip8;256;1&1;netzbetreiber;1&1 Unlimited on demand M;M;neu;;;;52,99;36;39,90;24;;;2026-10-10;https://mobile.1und1.de/smartphones-unlimited-m;samsung-galaxy-z-flip8-256gb-grau;nicht direkt genannt;Einmalzahlung bei Kündigung
Bündel;Galaxy Z Flip8;256;1&1;netzbetreiber;1&1 Unlimited on demand S;XS;neu;;;;47,99;36;39,90;24;;;2026-10-10;https://mobile.1und1.de/smartphones-unlimited-s;samsung-galaxy-z-flip8-256gb-grau;nicht direkt genannt;Einmalzahlung bei Kündigung
Bündel;Galaxy Z Flip8;256;1&1;netzbetreiber;1&1 Unlimited XL;;neu;;;;72,99;36;39,90;24;;;2026-10-10;https://mobile.1und1.de/smartphones-unlimited-xl;samsung-galaxy-z-flip8-256gb-grau;nicht direkt genannt;Einmalzahlung bei Kündigung
Bündel;Galaxy Z Flip8;512;1&1;netzbetreiber;1&1 All-Net-Flat L;L;neu;;;;58,99;36;39,90;24;;;2026-10-10;https://mobile.1und1.de/smartphones-all-net-flat-l;samsung-galaxy-z-flip8-512gb-grau;nicht direkt genannt;Einmalzahlung bei Kündigung
Bündel;Galaxy Z Flip8;512;1&1;netzbetreiber;1&1 All-Net-Flat M;M;neu;;;;53,99;36;39,90;24;;;2026-10-10;https://mobile.1und1.de/smartphones-all-net-flat-m;samsung-galaxy-z-flip8-512gb-grau;nicht direkt genannt;Einmalzahlung bei Kündigung
Bündel;Galaxy Z Flip8;512;1&1;netzbetreiber;1&1 All-Net-Flat S;XS;neu;410,00;;;48,99;36;39,90;24;1625,66;;2026-10-10;https://mobile.1und1.de/flow2/mobile/ssc-private/tariffContractDuration?tariffChangeUrl=%2F%2Fmobile.1und1.de%2Fsamsung-galaxy-z-flip8&optionalPrecedingDocuments=%2F%2Fmobile.1und1.de%2Fsamsung-galaxy-z-flip8&addFlowStates=tradeInAvailable%2CbrandSamsung%2CgalaxyZflip%2CwatchAvailable%2CstrapsAvailable%2CaskWatch%2ChwDurationsAvailable&traceId=34f93ff4-0229-43b6-a8db-d613591be394;samsung-galaxy-z-flip8-512gb-grau;;
Bündel;Galaxy Z Flip8;512;1&1;netzbetreiber;1&1 Unlimited on demand L;L;neu;;;;63,99;36;39,90;24;;;2026-10-10;https://mobile.1und1.de/smartphones-unlimited-l;samsung-galaxy-z-flip8-512gb-grau;nicht direkt genannt;Einmalzahlung bei Kündigung
Bündel;Galaxy Z Flip8;512;1&1;netzbetreiber;1&1 Unlimited on demand M;M;neu;;;;58,99;36;39,90;24;;;2026-10-10;https://mobile.1und1.de/smartphones-unlimited-m;samsung-galaxy-z-flip8-512gb-grau;nicht direkt genannt;Einmalzahlung bei Kündigung
Bündel;Galaxy Z Flip8;512;1&1;netzbetreiber;1&1 Unlimited on demand S;XS;neu;;;;53,99;36;39,90;24;;;2026-10-10;https://mobile.1und1.de/smartphones-unlimited-s;samsung-galaxy-z-flip8-512gb-grau;nicht direkt genannt;Einmalzahlung bei Kündigung
Bündel;Galaxy Z Fold8;256;1&1;netzbetreiber;1&1 All-Net-Flat L;L;neu;;;;72,99;36;39,90;24;;;2026-10-10;https://mobile.1und1.de/smartphones-all-net-flat-l;samsung-galaxy-z-fold8-256gb-grau;nicht direkt genannt;Einmalzahlung bei Kündigung
Bündel;Galaxy Z Fold8;256;1&1;netzbetreiber;1&1 All-Net-Flat M;M;neu;;;;67,99;36;39,90;24;;;2026-10-10;https://mobile.1und1.de/smartphones-all-net-flat-m;samsung-galaxy-z-fold8-256gb-grau;nicht direkt genannt;Einmalzahlung bei Kündigung
Bündel;Galaxy Z Fold8;256;1&1;netzbetreiber;1&1 All-Net-Flat S;XS;neu;580,00;;;62,99;36;39,90;24;2131,66;;2026-10-10;https://mobile.1und1.de/flow2/mobile/ssc-private/tariffContractDuration?tariffChangeUrl=%2F%2Fmobile.1und1.de%2Fsamsung-galaxy-z-fold8&optionalPrecedingDocuments=%2F%2Fmobile.1und1.de%2Fsamsung-galaxy-z-fold8&addFlowStates=tradeInAvailable%2CbrandSamsung%2CgalaxyZfold%2CwatchAvailable%2CstrapsAvailable%2CaskWatch%2ChwDurationsAvailable&traceId=16f32684-564a-493d-aca8-6be8d3152943;samsung-galaxy-z-fold8-256gb-grau;;
Bündel;Galaxy Z Fold8;256;1&1;netzbetreiber;1&1 Unlimited on demand L;L;neu;;;;77,99;36;39,90;24;;;2026-10-10;https://mobile.1und1.de/smartphones-unlimited-l;samsung-galaxy-z-fold8-256gb-grau;nicht direkt genannt;Einmalzahlung bei Kündigung
Bündel;Galaxy Z Fold8;256;1&1;netzbetreiber;1&1 Unlimited on demand M;M;neu;;;;72,99;36;39,90;24;;;2026-10-10;https://mobile.1und1.de/smartphones-unlimited-m;samsung-galaxy-z-fold8-256gb-grau;nicht direkt genannt;Einmalzahlung bei Kündigung
Bündel;Galaxy Z Fold8;256;1&1;netzbetreiber;1&1 Unlimited on demand S;XS;neu;;;;67,99;36;39,90;24;;;2026-10-10;https://mobile.1und1.de/smartphones-unlimited-s;samsung-galaxy-z-fold8-256gb-grau;nicht direkt genannt;Einmalzahlung bei Kündigung
Bündel;Galaxy Z Fold8;256;1&1;netzbetreiber;1&1 Unlimited XL;;neu;;;;92,99;36;39,90;24;;;2026-10-10;https://mobile.1und1.de/smartphones-unlimited-xl;samsung-galaxy-z-fold8-256gb-grau;nicht direkt genannt;Einmalzahlung bei Kündigung
Bündel;Galaxy Z Fold8;512;1&1;netzbetreiber;1&1 All-Net-Flat L;L;neu;;;;78,99;36;39,90;24;;;2026-10-10;https://mobile.1und1.de/smartphones-all-net-flat-l;samsung-galaxy-z-fold8-512gb-grau;nicht direkt genannt;Einmalzahlung bei Kündigung
Bündel;Galaxy Z Fold8;512;1&1;netzbetreiber;1&1 All-Net-Flat M;M;neu;;;;73,99;36;39,90;24;;;2026-10-10;https://mobile.1und1.de/smartphones-all-net-flat-m;samsung-galaxy-z-fold8-512gb-grau;nicht direkt genannt;Einmalzahlung bei Kündigung
Bündel;Galaxy Z Fold8;512;1&1;netzbetreiber;1&1 All-Net-Flat S;XS;neu;650,00;;;68,99;36;39,90;24;2345,66;;2026-10-10;https://mobile.1und1.de/flow2/mobile/ssc-private/tariffContractDuration?tariffChangeUrl=%2F%2Fmobile.1und1.de%2Fsamsung-galaxy-z-fold8&optionalPrecedingDocuments=%2F%2Fmobile.1und1.de%2Fsamsung-galaxy-z-fold8&addFlowStates=tradeInAvailable%2CbrandSamsung%2CgalaxyZfold%2CwatchAvailable%2CstrapsAvailable%2CaskWatch%2ChwDurationsAvailable&traceId=f0246cf7-4cc9-4f92-95aa-8105405f3e39;samsung-galaxy-z-fold8-512gb-grau;;
Bündel;Galaxy Z Fold8;512;1&1;netzbetreiber;1&1 Unlimited on demand L;L;neu;;;;83,99;36;39,90;24;;;2026-10-10;https://mobile.1und1.de/smartphones-unlimited-l;samsung-galaxy-z-fold8-512gb-grau;nicht direkt genannt;Einmalzahlung bei Kündigung
Bündel;Galaxy Z Fold8;512;1&1;netzbetreiber;1&1 Unlimited on demand M;M;neu;;;;78,99;36;39,90;24;;;2026-10-10;https://mobile.1und1.de/smartphones-unlimited-m;samsung-galaxy-z-fold8-512gb-grau;nicht direkt genannt;Einmalzahlung bei Kündigung
Bündel;Galaxy Z Fold8;512;1&1;netzbetreiber;1&1 Unlimited on demand S;XS;neu;;;;73,99;36;39,90;24;;;2026-10-10;https://mobile.1und1.de/smartphones-unlimited-s;samsung-galaxy-z-fold8-512gb-grau;nicht direkt genannt;Einmalzahlung bei Kündigung
Bündel;Galaxy Z Fold8 Ultra;1024;1&1;netzbetreiber;1&1 All-Net-Flat L;L;neu;;;;94,99;36;39,90;24;;;2026-10-10;https://mobile.1und1.de/smartphones-all-net-flat-l;samsung-galaxy-z-fold8-ultra-1024gb-grau;nicht direkt genannt;Einmalzahlung bei Kündigung
Bündel;Galaxy Z Fold8 Ultra;1024;1&1;netzbetreiber;1&1 All-Net-Flat M;M;neu;;;;89,99;36;39,90;24;;;2026-10-10;https://mobile.1und1.de/smartphones-all-net-flat-m;samsung-galaxy-z-fold8-ultra-1024gb-grau;nicht direkt genannt;Einmalzahlung bei Kündigung
Bündel;Galaxy Z Fold8 Ultra;1024;1&1;netzbetreiber;1&1 All-Net-Flat S;XS;neu;840,00;;;84,99;36;39,90;24;2919,66;;2026-10-10;https://mobile.1und1.de/flow2/mobile/ssc-private/tariffContractDuration?tariffChangeUrl=%2F%2Fmobile.1und1.de%2Fsamsung-galaxy-z-fold8-ultra&optionalPrecedingDocuments=%2F%2Fmobile.1und1.de%2Fsamsung-galaxy-z-fold8-ultra&addFlowStates=tradeInAvailable%2CbrandSamsung%2CgalaxyZfold%2CwatchAvailable%2CstrapsAvailable%2CaskWatch%2ChwDurationsAvailable&traceId=2b4cd539-d46e-459b-b58b-556c94c0ecd3;samsung-galaxy-z-fold8-ultra-1024gb-grau;;
Bündel;Galaxy Z Fold8 Ultra;1024;1&1;netzbetreiber;1&1 Unlimited on demand L;L;neu;;;;99,99;36;39,90;24;;;2026-10-10;https://mobile.1und1.de/smartphones-unlimited-l;samsung-galaxy-z-fold8-ultra-1024gb-grau;nicht direkt genannt;Einmalzahlung bei Kündigung
Bündel;Galaxy Z Fold8 Ultra;1024;1&1;netzbetreiber;1&1 Unlimited on demand M;M;neu;;;;94,99;36;39,90;24;;;2026-10-10;https://mobile.1und1.de/smartphones-unlimited-m;samsung-galaxy-z-fold8-ultra-1024gb-grau;nicht direkt genannt;Einmalzahlung bei Kündigung
Bündel;Galaxy Z Fold8 Ultra;1024;1&1;netzbetreiber;1&1 Unlimited on demand S;XS;neu;;;;89,99;36;39,90;24;;;2026-10-10;https://mobile.1und1.de/smartphones-unlimited-s;samsung-galaxy-z-fold8-ultra-1024gb-grau;nicht direkt genannt;Einmalzahlung bei Kündigung
Bündel;Galaxy Z Fold8 Ultra;256;1&1;netzbetreiber;1&1 All-Net-Flat L;L;neu;;;;77,99;36;39,90;24;;;2026-10-10;https://mobile.1und1.de/smartphones-all-net-flat-l;samsung-galaxy-z-fold8-ultra-256gb-grau;nicht direkt genannt;Einmalzahlung bei Kündigung
Bündel;Galaxy Z Fold8 Ultra;256;1&1;netzbetreiber;1&1 All-Net-Flat M;M;neu;;;;72,99;36;39,90;24;;;2026-10-10;https://mobile.1und1.de/smartphones-all-net-flat-m;samsung-galaxy-z-fold8-ultra-256gb-grau;nicht direkt genannt;Einmalzahlung bei Kündigung
Bündel;Galaxy Z Fold8 Ultra;256;1&1;netzbetreiber;1&1 All-Net-Flat S;XS;neu;640,00;;;67,99;36;39,90;24;2311,66;;2026-10-10;https://mobile.1und1.de/flow2/mobile/ssc-private/tariffContractDuration?tariffChangeUrl=%2F%2Fmobile.1und1.de%2Fsamsung-galaxy-z-fold8-ultra&optionalPrecedingDocuments=%2F%2Fmobile.1und1.de%2Fsamsung-galaxy-z-fold8-ultra&addFlowStates=tradeInAvailable%2CbrandSamsung%2CgalaxyZfold%2CwatchAvailable%2CstrapsAvailable%2CaskWatch%2ChwDurationsAvailable&traceId=a32e4c1a-b74a-4708-905d-902a052a2d1e;samsung-galaxy-z-fold8-ultra-256gb-grau;;
Bündel;Galaxy Z Fold8 Ultra;256;1&1;netzbetreiber;1&1 Unlimited on demand L;L;neu;;;;82,99;36;39,90;24;;;2026-10-10;https://mobile.1und1.de/smartphones-unlimited-l;samsung-galaxy-z-fold8-ultra-256gb-grau;nicht direkt genannt;Einmalzahlung bei Kündigung
Bündel;Galaxy Z Fold8 Ultra;256;1&1;netzbetreiber;1&1 Unlimited on demand M;M;neu;;;;77,99;36;39,90;24;;;2026-10-10;https://mobile.1und1.de/smartphones-unlimited-m;samsung-galaxy-z-fold8-ultra-256gb-grau;nicht direkt genannt;Einmalzahlung bei Kündigung
Bündel;Galaxy Z Fold8 Ultra;256;1&1;netzbetreiber;1&1 Unlimited on demand S;XS;neu;;;;72,99;36;39,90;24;;;2026-10-10;https://mobile.1und1.de/smartphones-unlimited-s;samsung-galaxy-z-fold8-ultra-256gb-grau;nicht direkt genannt;Einmalzahlung bei Kündigung
Bündel;Galaxy Z Fold8 Ultra;256;1&1;netzbetreiber;1&1 Unlimited XL;;neu;;;;97,99;36;39,90;24;;;2026-10-10;https://mobile.1und1.de/smartphones-unlimited-xl;samsung-galaxy-z-fold8-ultra-256gb-grau;nicht direkt genannt;Einmalzahlung bei Kündigung
Bündel;Galaxy Z Fold8 Ultra;512;1&1;netzbetreiber;1&1 All-Net-Flat L;L;neu;;;;83,99;36;39,90;24;;;2026-10-10;https://mobile.1und1.de/smartphones-all-net-flat-l;samsung-galaxy-z-fold8-ultra-512gb-grau;nicht direkt genannt;Einmalzahlung bei Kündigung
Bündel;Galaxy Z Fold8 Ultra;512;1&1;netzbetreiber;1&1 All-Net-Flat M;M;neu;;;;78,99;36;39,90;24;;;2026-10-10;https://mobile.1und1.de/smartphones-all-net-flat-m;samsung-galaxy-z-fold8-ultra-512gb-grau;nicht direkt genannt;Einmalzahlung bei Kündigung
Bündel;Galaxy Z Fold8 Ultra;512;1&1;netzbetreiber;1&1 All-Net-Flat S;XS;neu;710,00;;;73,99;36;39,90;24;2525,66;;2026-10-10;https://mobile.1und1.de/flow2/mobile/ssc-private/tariffContractDuration?tariffChangeUrl=%2F%2Fmobile.1und1.de%2Fsamsung-galaxy-z-fold8-ultra&optionalPrecedingDocuments=%2F%2Fmobile.1und1.de%2Fsamsung-galaxy-z-fold8-ultra&addFlowStates=tradeInAvailable%2CbrandSamsung%2CgalaxyZfold%2CwatchAvailable%2CstrapsAvailable%2CaskWatch%2ChwDurationsAvailable&traceId=c8bb657a-a477-4b31-8d78-2ec3347ff691;samsung-galaxy-z-fold8-ultra-512gb-grau;;
Bündel;Galaxy Z Fold8 Ultra;512;1&1;netzbetreiber;1&1 Unlimited on demand L;L;neu;;;;88,99;36;39,90;24;;;2026-10-10;https://mobile.1und1.de/smartphones-unlimited-l;samsung-galaxy-z-fold8-ultra-512gb-grau;nicht direkt genannt;Einmalzahlung bei Kündigung
Bündel;Galaxy Z Fold8 Ultra;512;1&1;netzbetreiber;1&1 Unlimited on demand M;M;neu;;;;83,99;36;39,90;24;;;2026-10-10;https://mobile.1und1.de/smartphones-unlimited-m;samsung-galaxy-z-fold8-ultra-512gb-grau;nicht direkt genannt;Einmalzahlung bei Kündigung
Bündel;Galaxy Z Fold8 Ultra;512;1&1;netzbetreiber;1&1 Unlimited on demand S;XS;neu;;;;78,99;36;39,90;24;;;2026-10-10;https://mobile.1und1.de/smartphones-unlimited-s;samsung-galaxy-z-fold8-ultra-512gb-grau;nicht direkt genannt;Einmalzahlung bei Kündigung
Bündel;Xiaomi 17;512;1&1;netzbetreiber;1&1 All-Net-Flat L;L;neu;;;;47,99;36;39,90;24;;;2026-10-10;https://mobile.1und1.de/smartphones-all-net-flat-l;xiaomi-17-512gb-schwarz;nicht direkt genannt;Einmalzahlung bei Kündigung
Bündel;Xiaomi 17;512;1&1;netzbetreiber;1&1 All-Net-Flat M;M;neu;;;;42,99;36;39,90;24;;;2026-10-10;https://mobile.1und1.de/smartphones-all-net-flat-m;xiaomi-17-512gb-schwarz;nicht direkt genannt;Einmalzahlung bei Kündigung
Bündel;Xiaomi 17;512;1&1;netzbetreiber;1&1 All-Net-Flat S;XS;neu;280,00;;;37,99;36;39,90;24;1231,66;;2026-10-10;https://mobile.1und1.de/flow2/mobile/ssc-private/tariffContractDuration?tariffChangeUrl=%2F%2Fmobile.1und1.de%2Fxiaomi-17&optionalPrecedingDocuments=%2F%2Fmobile.1und1.de%2Fxiaomi-17&addFlowStates=tradeInAvailable%2CaskWatch%2ChwDurationsAvailable&traceId=9f7017d8-036b-4ff9-838f-812835a52d91;xiaomi-17-512gb-schwarz;;
Bündel;Xiaomi 17;512;1&1;netzbetreiber;1&1 Unlimited on demand L;L;neu;;;;52,99;36;39,90;24;;;2026-10-10;https://mobile.1und1.de/smartphones-unlimited-l;xiaomi-17-512gb-schwarz;nicht direkt genannt;Einmalzahlung bei Kündigung
Bündel;Xiaomi 17;512;1&1;netzbetreiber;1&1 Unlimited on demand M;M;neu;;;;47,99;36;39,90;24;;;2026-10-10;https://mobile.1und1.de/smartphones-unlimited-m;xiaomi-17-512gb-schwarz;nicht direkt genannt;Einmalzahlung bei Kündigung
Bündel;Xiaomi 17;512;1&1;netzbetreiber;1&1 Unlimited on demand S;XS;neu;;;;42,99;36;39,90;24;;;2026-10-10;https://mobile.1und1.de/smartphones-unlimited-s;xiaomi-17-512gb-schwarz;nicht direkt genannt;Einmalzahlung bei Kündigung
Bündel;Xiaomi 17;512;1&1;netzbetreiber;1&1 Unlimited XL;;neu;;;;67,99;36;39,90;24;;;2026-10-10;https://mobile.1und1.de/smartphones-unlimited-xl;xiaomi-17-512gb-schwarz;nicht direkt genannt;Einmalzahlung bei Kündigung
Bündel;Xiaomi 17 Ultra;512;1&1;netzbetreiber;1&1 All-Net-Flat L;L;neu;;;;55,99;36;39,90;24;;;2026-10-10;https://mobile.1und1.de/smartphones-all-net-flat-l;xiaomi-17-ultra-512gb-schwarz;nicht direkt genannt;Einmalzahlung bei Kündigung
Bündel;Xiaomi 17 Ultra;512;1&1;netzbetreiber;1&1 All-Net-Flat M;M;neu;;;;50,99;36;39,90;24;;;2026-10-10;https://mobile.1und1.de/smartphones-all-net-flat-m;xiaomi-17-ultra-512gb-schwarz;nicht direkt genannt;Einmalzahlung bei Kündigung
Bündel;Xiaomi 17 Ultra;512;1&1;netzbetreiber;1&1 All-Net-Flat S;XS;neu;380,00;;;45,99;36;39,90;24;1523,66;;2026-10-10;https://mobile.1und1.de/flow2/mobile/ssc-private/tariffContractDuration?tariffChangeUrl=%2F%2Fmobile.1und1.de%2Fxiaomi-17-ultra&optionalPrecedingDocuments=%2F%2Fmobile.1und1.de%2Fxiaomi-17-ultra&addFlowStates=tradeInAvailable%2CaskWatch%2ChwDurationsAvailable&traceId=5e3dd6bf-3f88-49ac-a968-e2423a0cef70;xiaomi-17-ultra-512gb-schwarz;;
Bündel;Xiaomi 17 Ultra;512;1&1;netzbetreiber;1&1 Unlimited on demand L;L;neu;;;;60,99;36;39,90;24;;;2026-10-10;https://mobile.1und1.de/smartphones-unlimited-l;xiaomi-17-ultra-512gb-schwarz;nicht direkt genannt;Einmalzahlung bei Kündigung
Bündel;Xiaomi 17 Ultra;512;1&1;netzbetreiber;1&1 Unlimited on demand M;M;neu;;;;55,99;36;39,90;24;;;2026-10-10;https://mobile.1und1.de/smartphones-unlimited-m;xiaomi-17-ultra-512gb-schwarz;nicht direkt genannt;Einmalzahlung bei Kündigung
Bündel;Xiaomi 17 Ultra;512;1&1;netzbetreiber;1&1 Unlimited on demand S;XS;neu;;;;50,99;36;39,90;24;;;2026-10-10;https://mobile.1und1.de/smartphones-unlimited-s;xiaomi-17-ultra-512gb-schwarz;nicht direkt genannt;Einmalzahlung bei Kündigung
Bündel;Xiaomi 17 Ultra;512;1&1;netzbetreiber;1&1 Unlimited XL;;neu;;;;75,99;36;39,90;24;;;2026-10-10;https://mobile.1und1.de/smartphones-unlimited-xl;xiaomi-17-ultra-512gb-schwarz;nicht direkt genannt;Einmalzahlung bei Kündigung
Bündel;Xiaomi 17T;256;1&1;netzbetreiber;1&1 All-Net-Flat L;L;neu;;;;37,99;36;39,90;24;;;2026-10-10;https://mobile.1und1.de/smartphones-all-net-flat-l;xiaomi-17t-256gb-schwarz;nicht direkt genannt;Einmalzahlung bei Kündigung
Bündel;Xiaomi 17T;256;1&1;netzbetreiber;1&1 All-Net-Flat M;M;neu;;;;32,99;36;39,90;24;;;2026-10-10;https://mobile.1und1.de/smartphones-all-net-flat-m;xiaomi-17t-256gb-schwarz;nicht direkt genannt;Einmalzahlung bei Kündigung
Bündel;Xiaomi 17T;256;1&1;netzbetreiber;1&1 All-Net-Flat S;XS;neu;160,00;;;27,99;36;39,90;24;871,66;;2026-10-10;https://mobile.1und1.de/flow2/mobile/ssc-private/tariffContractDuration?tariffChangeUrl=%2F%2Fmobile.1und1.de%2Fxiaomi-17t&optionalPrecedingDocuments=%2F%2Fmobile.1und1.de%2Fxiaomi-17t&addFlowStates=tradeInAvailable%2CaskWatch%2ChwDurationsAvailable&traceId=1af33ae9-137c-4fd6-82b7-0b14edce4ba5;xiaomi-17t-256gb-schwarz;;
Bündel;Xiaomi 17T;256;1&1;netzbetreiber;1&1 Unlimited on demand L;L;neu;;;;42,99;36;39,90;24;;;2026-10-10;https://mobile.1und1.de/smartphones-unlimited-l;xiaomi-17t-256gb-schwarz;nicht direkt genannt;Einmalzahlung bei Kündigung
Bündel;Xiaomi 17T;256;1&1;netzbetreiber;1&1 Unlimited on demand M;M;neu;;;;37,99;36;39,90;24;;;2026-10-10;https://mobile.1und1.de/smartphones-unlimited-m;xiaomi-17t-256gb-schwarz;nicht direkt genannt;Einmalzahlung bei Kündigung
Bündel;Xiaomi 17T;256;1&1;netzbetreiber;1&1 Unlimited on demand S;XS;neu;;;;32,99;36;39,90;24;;;2026-10-10;https://mobile.1und1.de/smartphones-unlimited-s;xiaomi-17t-256gb-schwarz;nicht direkt genannt;Einmalzahlung bei Kündigung
Bündel;Xiaomi 17T;256;1&1;netzbetreiber;1&1 Unlimited XL;;neu;;;;57,99;36;39,90;24;;;2026-10-10;https://mobile.1und1.de/smartphones-unlimited-xl;xiaomi-17t-256gb-schwarz;nicht direkt genannt;Einmalzahlung bei Kündigung
Bündel;Xiaomi 17T Pro;512;1&1;netzbetreiber;1&1 All-Net-Flat L;L;neu;;;;40,99;36;39,90;24;;;2026-10-10;https://mobile.1und1.de/smartphones-all-net-flat-l;xiaomi-17t-pro-512gb-schwarz;nicht direkt genannt;Einmalzahlung bei Kündigung
Bündel;Xiaomi 17T Pro;512;1&1;netzbetreiber;1&1 All-Net-Flat M;M;neu;;;;35,99;36;39,90;24;;;2026-10-10;https://mobile.1und1.de/smartphones-all-net-flat-m;xiaomi-17t-pro-512gb-schwarz;nicht direkt genannt;Einmalzahlung bei Kündigung
Bündel;Xiaomi 17T Pro;512;1&1;netzbetreiber;1&1 All-Net-Flat S;XS;neu;200,00;;;30,99;36;39,90;24;983,66;;2026-10-10;https://mobile.1und1.de/flow2/mobile/ssc-private/tariffContractDuration?tariffChangeUrl=%2F%2Fmobile.1und1.de%2Fxiaomi-17t-pro&optionalPrecedingDocuments=%2F%2Fmobile.1und1.de%2Fxiaomi-17t-pro&addFlowStates=tradeInAvailable%2CaskWatch%2ChwDurationsAvailable&traceId=625060ae-9474-474a-9bbc-0e7693abafef;xiaomi-17t-pro-512gb-schwarz;;
Bündel;Xiaomi 17T Pro;512;1&1;netzbetreiber;1&1 Unlimited on demand L;L;neu;;;;45,99;36;39,90;24;;;2026-10-10;https://mobile.1und1.de/smartphones-unlimited-l;xiaomi-17t-pro-512gb-schwarz;nicht direkt genannt;Einmalzahlung bei Kündigung
Bündel;Xiaomi 17T Pro;512;1&1;netzbetreiber;1&1 Unlimited on demand M;M;neu;;;;40,99;36;39,90;24;;;2026-10-10;https://mobile.1und1.de/smartphones-unlimited-m;xiaomi-17t-pro-512gb-schwarz;nicht direkt genannt;Einmalzahlung bei Kündigung
Bündel;Xiaomi 17T Pro;512;1&1;netzbetreiber;1&1 Unlimited on demand S;XS;neu;;;;35,99;36;39,90;24;;;2026-10-10;https://mobile.1und1.de/smartphones-unlimited-s;xiaomi-17t-pro-512gb-schwarz;nicht direkt genannt;Einmalzahlung bei Kündigung
Bündel;Xiaomi 17T Pro;512;1&1;netzbetreiber;1&1 Unlimited XL;;neu;;;;60,99;36;39,90;24;;;2026-10-10;https://mobile.1und1.de/smartphones-unlimited-xl;xiaomi-17t-pro-512gb-schwarz;nicht direkt genannt;Einmalzahlung bei Kündigung
Bündel;Redmi 17C;128;1&1;netzbetreiber;1&1 All-Net-Flat L;L;neu;;;;27,99;36;39,90;24;;;2026-10-10;https://mobile.1und1.de/smartphones-all-net-flat-l;xiaomi-redmi-17c-128gb-schwarz;nicht direkt genannt;Einmalzahlung bei Kündigung
Bündel;Redmi 17C;128;1&1;netzbetreiber;1&1 All-Net-Flat M;M;neu;;;;22,99;36;39,90;24;;;2026-10-10;https://mobile.1und1.de/smartphones-all-net-flat-m;xiaomi-redmi-17c-128gb-schwarz;nicht direkt genannt;Einmalzahlung bei Kündigung
Bündel;Redmi 17C;128;1&1;netzbetreiber;1&1 All-Net-Flat S;XS;neu;40,00;;;17,99;36;39,90;24;511,66;;2026-10-10;https://mobile.1und1.de/flow2/mobile/ssc-private/tariffContractDuration?tariffChangeUrl=%2F%2Fmobile.1und1.de%2Fxiaomi-redmi-17c-5g&optionalPrecedingDocuments=%2F%2Fmobile.1und1.de%2Fxiaomi-redmi-17c-5g&addFlowStates=tradeInAvailable%2CaskWatch%2ChwDurationsAvailable&traceId=b04db755-4c96-44d5-bdda-8b1567eaea23;xiaomi-redmi-17c-128gb-schwarz;;
Bündel;Redmi 17C;128;1&1;netzbetreiber;1&1 Unlimited on demand L;L;neu;;;;32,99;36;39,90;24;;;2026-10-10;https://mobile.1und1.de/smartphones-unlimited-l;xiaomi-redmi-17c-128gb-schwarz;nicht direkt genannt;Einmalzahlung bei Kündigung
Bündel;Redmi 17C;128;1&1;netzbetreiber;1&1 Unlimited on demand M;M;neu;;;;27,99;36;39,90;24;;;2026-10-10;https://mobile.1und1.de/smartphones-unlimited-m;xiaomi-redmi-17c-128gb-schwarz;nicht direkt genannt;Einmalzahlung bei Kündigung
Bündel;Redmi 17C;128;1&1;netzbetreiber;1&1 Unlimited on demand S;XS;neu;;;;22,99;36;39,90;24;;;2026-10-10;https://mobile.1und1.de/smartphones-unlimited-s;xiaomi-redmi-17c-128gb-schwarz;nicht direkt genannt;Einmalzahlung bei Kündigung
Bündel;Redmi 17C;128;1&1;netzbetreiber;1&1 Unlimited XL;;neu;;;;47,99;36;39,90;24;;;2026-10-10;https://mobile.1und1.de/smartphones-unlimited-xl;xiaomi-redmi-17c-128gb-schwarz;nicht direkt genannt;Einmalzahlung bei Kündigung
Bündel;Redmi Note 17;128;1&1;netzbetreiber;1&1 All-Net-Flat L;L;neu;;;;30,99;36;39,90;24;;;2026-10-10;https://mobile.1und1.de/smartphones-all-net-flat-l;xiaomi-redmi-note-17-128gb-violett;nicht direkt genannt;Einmalzahlung bei Kündigung
Bündel;Redmi Note 17;128;1&1;netzbetreiber;1&1 All-Net-Flat M;M;neu;;;;25,99;36;39,90;24;;;2026-10-10;https://mobile.1und1.de/smartphones-all-net-flat-m;xiaomi-redmi-note-17-128gb-violett;nicht direkt genannt;Einmalzahlung bei Kündigung
Bündel;Redmi Note 17;128;1&1;netzbetreiber;1&1 All-Net-Flat S;XS;neu;80,00;;;20,99;36;39,90;24;623,66;;2026-10-10;https://mobile.1und1.de/flow2/mobile/ssc-private/tariffContractDuration?tariffChangeUrl=%2F%2Fmobile.1und1.de%2Fxiaomi-redmi-note-17-5g&optionalPrecedingDocuments=%2F%2Fmobile.1und1.de%2Fxiaomi-redmi-note-17-5g&addFlowStates=tradeInAvailable%2CaskWatch%2ChwDurationsAvailable&traceId=aabf3dda-97c3-4419-b989-b80232a081ac;xiaomi-redmi-note-17-128gb-violett;;
Bündel;Redmi Note 17;128;1&1;netzbetreiber;1&1 Unlimited on demand L;L;neu;;;;35,99;36;39,90;24;;;2026-10-10;https://mobile.1und1.de/smartphones-unlimited-l;xiaomi-redmi-note-17-128gb-violett;nicht direkt genannt;Einmalzahlung bei Kündigung
Bündel;Redmi Note 17;128;1&1;netzbetreiber;1&1 Unlimited on demand M;M;neu;;;;30,99;36;39,90;24;;;2026-10-10;https://mobile.1und1.de/smartphones-unlimited-m;xiaomi-redmi-note-17-128gb-violett;nicht direkt genannt;Einmalzahlung bei Kündigung
Bündel;Redmi Note 17;128;1&1;netzbetreiber;1&1 Unlimited on demand S;XS;neu;;;;25,99;36;39,90;24;;;2026-10-10;https://mobile.1und1.de/smartphones-unlimited-s;xiaomi-redmi-note-17-128gb-violett;nicht direkt genannt;Einmalzahlung bei Kündigung
Bündel;Redmi Note 17;128;1&1;netzbetreiber;1&1 Unlimited XL;;neu;;;;50,99;36;39,90;24;;;2026-10-10;https://mobile.1und1.de/smartphones-unlimited-xl;xiaomi-redmi-note-17-128gb-violett;nicht direkt genannt;Einmalzahlung bei Kündigung
Bündel;Redmi Note 17 Pro;256;1&1;netzbetreiber;1&1 All-Net-Flat L;L;neu;;;;30,99;36;39,90;24;;;2026-10-10;https://mobile.1und1.de/smartphones-all-net-flat-l;xiaomi-redmi-note-17-pro-256gb-sky-blue;nicht direkt genannt;Einmalzahlung bei Kündigung
Bündel;Redmi Note 17 Pro;256;1&1;netzbetreiber;1&1 All-Net-Flat M;M;neu;;;;25,99;36;39,90;24;;;2026-10-10;https://mobile.1und1.de/smartphones-all-net-flat-m;xiaomi-redmi-note-17-pro-256gb-sky-blue;nicht direkt genannt;Einmalzahlung bei Kündigung
Bündel;Redmi Note 17 Pro;256;1&1;netzbetreiber;1&1 All-Net-Flat S;XS;neu;80,00;;;20,99;36;39,90;24;623,66;;2026-10-10;https://mobile.1und1.de/flow2/mobile/ssc-private/tariffContractDuration?tariffChangeUrl=%2F%2Fmobile.1und1.de%2Fxiaomi-redmi-note-17-pro-5g&optionalPrecedingDocuments=%2F%2Fmobile.1und1.de%2Fxiaomi-redmi-note-17-pro-5g&addFlowStates=tradeInAvailable%2CaskWatch%2ChwDurationsAvailable&traceId=255021e0-113e-442f-a11b-87663f31d8c6;xiaomi-redmi-note-17-pro-256gb-sky-blue;;
Bündel;Redmi Note 17 Pro;256;1&1;netzbetreiber;1&1 Unlimited on demand L;L;neu;;;;35,99;36;39,90;24;;;2026-10-10;https://mobile.1und1.de/smartphones-unlimited-l;xiaomi-redmi-note-17-pro-256gb-sky-blue;nicht direkt genannt;Einmalzahlung bei Kündigung
Bündel;Redmi Note 17 Pro;256;1&1;netzbetreiber;1&1 Unlimited on demand M;M;neu;;;;30,99;36;39,90;24;;;2026-10-10;https://mobile.1und1.de/smartphones-unlimited-m;xiaomi-redmi-note-17-pro-256gb-sky-blue;nicht direkt genannt;Einmalzahlung bei Kündigung
Bündel;Redmi Note 17 Pro;256;1&1;netzbetreiber;1&1 Unlimited on demand S;XS;neu;;;;25,99;36;39,90;24;;;2026-10-10;https://mobile.1und1.de/smartphones-unlimited-s;xiaomi-redmi-note-17-pro-256gb-sky-blue;nicht direkt genannt;Einmalzahlung bei Kündigung
Bündel;Redmi Note 17 Pro;256;1&1;netzbetreiber;1&1 Unlimited XL;;neu;;;;50,99;36;39,90;24;;;2026-10-10;https://mobile.1und1.de/smartphones-unlimited-xl;xiaomi-redmi-note-17-pro-256gb-sky-blue;nicht direkt genannt;Einmalzahlung bei Kündigung
Bündel;Redmi Note 17 Pro Max;256;1&1;netzbetreiber;1&1 All-Net-Flat L;L;neu;;;;35,99;36;39,90;24;;;2026-10-10;https://mobile.1und1.de/smartphones-all-net-flat-l;xiaomi-redmi-note-17-pro-max-256gb-cloud-blush;nicht direkt genannt;Einmalzahlung bei Kündigung
Bündel;Redmi Note 17 Pro Max;256;1&1;netzbetreiber;1&1 All-Net-Flat M;M;neu;;;;30,99;36;39,90;24;;;2026-10-10;https://mobile.1und1.de/smartphones-all-net-flat-m;xiaomi-redmi-note-17-pro-max-256gb-cloud-blush;nicht direkt genannt;Einmalzahlung bei Kündigung
Bündel;Redmi Note 17 Pro Max;256;1&1;netzbetreiber;1&1 All-Net-Flat S;XS;neu;140,00;;;25,99;36;39,90;24;803,66;;2026-10-10;https://mobile.1und1.de/flow2/mobile/ssc-private/tariffContractDuration?tariffChangeUrl=%2F%2Fmobile.1und1.de%2Fxiaomi-redmi-note-17-pro-max-5g&optionalPrecedingDocuments=%2F%2Fmobile.1und1.de%2Fxiaomi-redmi-note-17-pro-max-5g&addFlowStates=tradeInAvailable%2CaskWatch%2ChwDurationsAvailable&traceId=c17d72fc-8bac-46db-92dd-1301a6f32dc9;xiaomi-redmi-note-17-pro-max-256gb-cloud-blush;;
Bündel;Redmi Note 17 Pro Max;256;1&1;netzbetreiber;1&1 Unlimited on demand L;L;neu;;;;40,99;36;39,90;24;;;2026-10-10;https://mobile.1und1.de/smartphones-unlimited-l;xiaomi-redmi-note-17-pro-max-256gb-cloud-blush;nicht direkt genannt;Einmalzahlung bei Kündigung
Bündel;Redmi Note 17 Pro Max;256;1&1;netzbetreiber;1&1 Unlimited on demand M;M;neu;;;;35,99;36;39,90;24;;;2026-10-10;https://mobile.1und1.de/smartphones-unlimited-m;xiaomi-redmi-note-17-pro-max-256gb-cloud-blush;nicht direkt genannt;Einmalzahlung bei Kündigung
Bündel;Redmi Note 17 Pro Max;256;1&1;netzbetreiber;1&1 Unlimited on demand S;XS;neu;;;;30,99;36;39,90;24;;;2026-10-10;https://mobile.1und1.de/smartphones-unlimited-s;xiaomi-redmi-note-17-pro-max-256gb-cloud-blush;nicht direkt genannt;Einmalzahlung bei Kündigung
Bündel;Redmi Note 17 Pro Max;256;1&1;netzbetreiber;1&1 Unlimited XL;;neu;;;;55,99;36;39,90;24;;;2026-10-10;https://mobile.1und1.de/smartphones-unlimited-xl;xiaomi-redmi-note-17-pro-max-256gb-cloud-blush;nicht direkt genannt;Einmalzahlung bei Kündigung
SIM-only;;;Vodafone;netzbetreiber;Vodafone Mobil XS;XS;;;29,95;;;;;24;718,80;;2026-10-10;https://www.vodafone.de/media/downloads/pdf/VF-Mobil-XS-Juli-2026.pdf;;;
SIM-only;;;Vodafone;netzbetreiber;Vodafone Mobil S;S;;;39,95;;;;;24;958,80;;2026-10-10;https://www.vodafone.de/media/downloads/pdf/VF-Mobil-S-Juli-2026.pdf;;;
SIM-only;;;Vodafone;netzbetreiber;Vodafone Mobil M;M;;;49,95;;;;;24;1198,80;;2026-10-10;https://www.vodafone.de/media/downloads/pdf/VF-Mobil-M-Juli-2026.pdf;;;
SIM-only;;;Vodafone;netzbetreiber;Vodafone Mobil L;L;;;59,95;;;;;24;1438,80;;2026-10-10;https://www.vodafone.de/media/downloads/pdf/VF-Mobil-L-Juli-2026.pdf;;;
SIM-only;;;Vodafone;netzbetreiber;Vodafone Mobil XL;XL;;;79,95;;;;;24;1918,80;;2026-10-10;https://www.vodafone.de/media/downloads/pdf/VF-Mobil-XL-Juli-2026.pdf;;;
SIM-only;;;1&1;netzbetreiber;1&1 All-Net-Flat M;M;;;14,99;;;;19,90;24;379,66;;2026-10-10;https://www.1und1.de/handytarife-ohne-handy;;;
SIM-only;;;1&1;netzbetreiber;1&1 All-Net-Flat S;XS;;;14,99;;;;19,90;24;379,66;;2026-10-10;https://www.1und1.de/handytarife-ohne-handy;;;
SIM-only;;;1&1;netzbetreiber;1&1 All-Net-Flat L;L;;;19,99;;;;19,90;24;499,66;;2026-10-10;https://www.1und1.de/handytarife-ohne-handy;;;
SIM-only;;;1&1;netzbetreiber;1&1 Unlimited on demand M;M;;;19,99;;;;19,90;24;499,66;;2026-10-10;https://www.1und1.de/handytarife-ohne-handy;;;
SIM-only;;;1&1;netzbetreiber;1&1 Unlimited on demand S;XS;;;19,99;;;;19,90;24;499,66;;2026-10-10;https://www.1und1.de/handytarife-ohne-handy;;;
SIM-only;;;1&1;netzbetreiber;1&1 Unlimited on demand L;L;;;24,99;;;;19,90;24;619,66;;2026-10-10;https://www.1und1.de/handytarife-ohne-handy;;;
SIM-only;;;1&1;netzbetreiber;1&1 Unlimited XL;;;;39,99;;;;39,90;24;999,66;;2026-10-10;https://www.1und1.de/handytarife-ohne-handy;;;
SIM-only;;;Telekom;netzbetreiber;MagentaMobil Basic;XS;;;24,95;;;;;24;598,80;;2026-09-15;https://www.telekom.de/produktinformationsblatt/magentamobil-basic-20240801;;;
SIM-only;;;Telekom;netzbetreiber;MagentaMobil XS;XS;;;29,95;;;;;24;718,80;;2026-09-15;https://www.telekom.de/shop/tarife/smartphone-tarife?tariffId=MF_17779#js-tileSectionRef;;;
SIM-only;;;Telekom;netzbetreiber;MagentaMobil S;S;;;39,95;;;;;24;958,80;;2026-09-15;https://www.telekom.de/shop/tarife/smartphone-tarife?tariffId=MF_17785#js-tileSectionRef;;;
SIM-only;;;Telekom;netzbetreiber;MagentaMobil S Flex;XS;;;39,95;;;;;24;958,80;;2026-09-15;https://www.telekom.de/produktinformationsblatt/mobilfunk-magentamobil-s-flex-20211005;;;
SIM-only;;;Telekom;netzbetreiber;MagentaMobil M;M;;;49,95;;;;;24;1198,80;;2026-09-15;https://www.telekom.de/shop/tarife/smartphone-tarife?tariffId=MF_17791#js-tileSectionRef;;;
SIM-only;;;Telekom;netzbetreiber;MagentaMobil M Flex;XS;;;49,95;;;;;24;1198,80;;2026-09-15;https://www.telekom.de/produktinformationsblatt/mobilfunk-magentamobil-m-flex-20211005;;;
SIM-only;;;Telekom;netzbetreiber;MagentaMobil L;L;;;59,95;;;;;24;1438,80;;2026-09-15;https://www.telekom.de/shop/tarife/smartphone-tarife?tariffId=MF_17797#js-tileSectionRef;;;
SIM-only;;;Telekom;netzbetreiber;MagentaMobil L Flex;S;;;59,95;;;;;24;1438,80;;2026-09-15;https://www.telekom.de/produktinformationsblatt/mobilfunk-magentamobil-l-flex-20211005;;;
SIM-only;;;Telekom;netzbetreiber;MagentaMobil XL;XL;;;84,95;;;;;24;2038,80;;2026-09-15;https://www.telekom.de/shop/tarife/smartphone-tarife?tariffId=MF_17803#js-tileSectionRef;;;
SIM-only;;;Telekom;netzbetreiber;MagentaMobil XL Flex;;;;84,95;;;;;24;2038,80;;2026-09-15;https://www.telekom.de/produktinformationsblatt/mobilfunk-magentamobil-xl-flex-20211005;;;
SIM-only;;;congstar;discount;Allnet Flat XS Flex mit GB+;XS;;;15,00;;;;;24;360,00;;2026-10-10;https://www.congstar.de/fileadmin/files_congstar/documents/PIBs/2026/congstar/Produktinformationsblatt_544.pdf;;;
SIM-only;;;congstar;discount;Allnet Flat XS mit GB+;XS;;;15,00;;;;;24;360,00;;2026-10-10;https://www.congstar.de/fileadmin/produktinformationsblatt/Produktinformationsblatt_543.pdf;;;
SIM-only;;;congstar;discount;Allnet Flat S Flex mit GB+;M;;;20,00;;;;;24;480,00;;2026-10-10;https://www.congstar.de/fileadmin/produktinformationsblatt/Produktinformationsblatt_559.pdf;;;
SIM-only;;;congstar;discount;Allnet Flat S mit GB+;M;;;20,00;;;;;24;480,00;;2026-10-10;https://www.congstar.de/fileadmin/files_congstar/documents/PIBs/2026/congstar/Produktinformationsblatt_560.pdf;;;
SIM-only;;;congstar;discount;Allnet Flat M;L;;;25,00;;;;;24;600,00;;2026-10-10;https://www.congstar.de/fileadmin/produktinformationsblatt/Produktinformationsblatt_540.pdf;;;
SIM-only;;;congstar;discount;Allnet Flat M Flex;L;;;25,00;;;;;24;600,00;;2026-10-10;https://www.congstar.de/fileadmin/produktinformationsblatt/Produktinformationsblatt_548.pdf;;;
SIM-only;;;congstar;discount;Allnet Flat L;L;;;29,00;;;;;24;696,00;;2026-10-10;https://www.congstar.de/fileadmin/produktinformationsblatt/Produktinformationsblatt_545.pdf;;;
SIM-only;;;congstar;discount;Allnet Flat L Flex;L;;;29,00;;;;;24;696,00;;2026-10-10;https://www.congstar.de/fileadmin/files_congstar/documents/PIBs/2026/congstar/Produktinformationsblatt_549.pdf;;;
SIM-only;;;o2;netzbetreiber;O2 Mobile on Demand M;M;;;19,99;;;;39,99;24;519,75;;2026-10-10;https://www.o2online.de/tarife/handyvertrag-ohne-handy/;;;
SIM-only;;;o2;netzbetreiber;O2 Mobile S;XS;;;19,99;;;;39,99;24;519,75;;2026-10-10;https://www.o2online.de/tarife/handyvertrag-ohne-handy/;;;
SIM-only;;;o2;netzbetreiber;O2 Mobile S Flex;XS;;;19,99;;;;39,99;24;519,75;;2026-10-10;https://www.o2online.de/tarife/handyvertrag-ohne-handy/;;;
SIM-only;;;o2;netzbetreiber;O2 Mobile L;L;;;24,99;;;;0,00;24;599,76;;2026-10-10;https://www.o2online.de/tarife/handyvertrag-ohne-handy/;;;
SIM-only;;;o2;netzbetreiber;O2 Mobile Unlimited S Special;XL;;;24,99;;;;39,99;24;639,75;;2026-10-10;https://www.o2online.de/tarife/handyvertrag-ohne-handy/;;;
SIM-only;;;o2;netzbetreiber;O2 Mobile on Demand M Flex;M;;;29,99;;;;39,99;24;759,75;;2026-10-10;https://www.o2online.de/tarife/handyvertrag-ohne-handy/;;;
SIM-only;;;o2;netzbetreiber;O2 Mobile Unlimited M;XL;;;29,99;;;;0,00;24;719,76;;2026-10-10;https://www.o2online.de/tarife/handyvertrag-ohne-handy/;;;
SIM-only;;;o2;netzbetreiber;O2 Mobile L Flex;L;;;34,99;;;;39,99;24;879,75;;2026-10-10;https://www.o2online.de/tarife/handyvertrag-ohne-handy/;;;
SIM-only;;;o2;netzbetreiber;O2 Mobile Unlimited S Special Flex;XL;;;34,99;;;;39,99;24;879,75;;2026-10-10;https://www.o2online.de/tarife/handyvertrag-ohne-handy/;;;
SIM-only;;;o2;netzbetreiber;O2 Mobile Unlimited L;XL;;;39,99;;;;0,00;24;959,76;;2026-10-10;https://www.o2online.de/tarife/handyvertrag-ohne-handy/;;;
SIM-only;;;o2;netzbetreiber;O2 Mobile Unlimited M Flex;XL;;;39,99;;;;39,99;24;999,75;;2026-10-10;https://www.o2online.de/tarife/handyvertrag-ohne-handy/;;;
SIM-only;;;o2;netzbetreiber;O2 Mobile Unlimited M Flex (2026);XL;;;39,99;;;;;24;959,76;;2026-10-10;https://static2.o9.de/resource/blob/2241742/f853005b6defea74a5b4b10da9240e49/o2-mobile-unlimited-m-flex-2026-download-data.pdf;;;
SIM-only;;;o2;netzbetreiber;O2 Mobile Unlimited L Flex;XL;;;59,99;;;;39,99;24;1479,75;;2026-10-10;https://www.o2online.de/tarife/handyvertrag-ohne-handy/;;;
