Art;Modell;Speicher GB;Anbieter;Anbietertyp;Tarif;Band;Zustand;Zuzahlung EUR;Tarif/Monat EUR;Geräterate EUR;Bündel/Monat EUR;Laufzeit Monate;Anschlusspreis EUR;Leitzahl-Zeitraum Monate;Kosten über 24 Monate EUR;Kosten über die Bündellaufzeit EUR;Abgerufen am;Quelle;SKU-ID;Status;Lücke
Bündel;iPhone 17;256;Telekom;netzbetreiber;MagentaMobil M;M;neu;99,00;49,95;71,60;;12;39,95;24;2196,95;;2026-10-09;https://www.telekom.de/shop/geraet/apple/apple-iphone-17/lavendel-256-gb?tariffId=MF_17791&categoryId=smartphones&tariffCategoryId=smartphone-tarife&installmentValue=71.6&instalmentId=12;apple-iphone-17-256gb-ohne-farbe;;
Bündel;iPhone 17;512;Telekom;netzbetreiber;MagentaMobil M;M;neu;99,00;49,95;92,50;;12;39,95;24;2447,75;;2026-10-09;https://www.telekom.de/shop/geraet/apple/apple-iphone-17/lavendel-512-gb?tariffId=MF_17791&categoryId=smartphones&tariffCategoryId=smartphone-tarife&installmentValue=92.5&instalmentId=12&changedAttr%5B%5D=changedAttr.storage%3D512_GB;apple-iphone-17-512gb-ohne-farbe;;
Bündel;iPhone 17 Pro;1024;Telekom;netzbetreiber;MagentaMobil L;L;neu;199,00;59,95;104,10;;12;39,95;24;2926,95;;2026-10-09;https://www.telekom.de/shop/geraet/apple/apple-iphone-17-pro/tiefblau-1-tb?tariffId=MF_17797&categoryId=smartphones&forwardTradeInApplied=false&tariffCategoryId=smartphone-tarife&installmentValue=104.1&instalmentId=12&changedAttr%5B%5D=changedAttr.storage%3D1_TB;apple-iphone-17-pro-1024gb-ohne-farbe;;
Bündel;iPhone 17 Pro;1024;Telekom;netzbetreiber;MagentaMobil M;M;neu;299,00;49,95;104,10;;12;39,95;24;2786,95;;2026-10-09;https://www.telekom.de/shop/geraet/apple/apple-iphone-17-pro/tiefblau-1-tb?tariffId=MF_17791&categoryId=smartphones&forwardTradeInApplied=false&tariffCategoryId=smartphone-tarife&installmentValue=104.1&instalmentId=12&changedAttr%5B%5D=changedAttr.storage%3D1_TB;apple-iphone-17-pro-1024gb-ohne-farbe;;
Bündel;iPhone 17 Pro;1024;Telekom;netzbetreiber;MagentaMobil S;S;neu;299,00;39,95;112,50;;12;39,95;24;2647,75;;2026-10-09;https://www.telekom.de/shop/geraet/apple/apple-iphone-17-pro/tiefblau-1-tb?tariffId=MF_17785&categoryId=smartphones&forwardTradeInApplied=false&tariffCategoryId=smartphone-tarife&installmentValue=112.5&instalmentId=12&changedAttr%5B%5D=changedAttr.storage%3D1_TB;apple-iphone-17-pro-1024gb-ohne-farbe;;
Bündel;iPhone 17 Pro;1024;Telekom;netzbetreiber;MagentaMobil XS;XS;neu;299,00;29,95;112,50;;12;39,95;24;2407,75;;2026-10-09;https://www.telekom.de/shop/geraet/apple/apple-iphone-17-pro/tiefblau-1-tb?tariffId=MF_17779&categoryId=smartphones&forwardTradeInApplied=false&tariffCategoryId=smartphone-tarife&installmentValue=112.5&instalmentId=12&changedAttr%5B%5D=changedAttr.storage%3D1_TB;apple-iphone-17-pro-1024gb-ohne-farbe;;
Bündel;iPhone 17 Pro;256;Telekom;netzbetreiber;MagentaMobil L;L;neu;99,00;59,95;72,50;;12;39,95;24;2447,75;;2026-10-09;https://www.telekom.de/shop/geraet/apple/apple-iphone-17-pro/tiefblau-256-gb?tariffId=MF_17797&categoryId=smartphones&forwardTradeInApplied=false&tariffCategoryId=smartphone-tarife&installmentValue=72.5&instalmentId=12;apple-iphone-17-pro-256gb-ohne-farbe;;
Bündel;iPhone 17 Pro;256;Telekom;netzbetreiber;MagentaMobil M;M;neu;99,00;49,95;80,80;;12;39,95;24;2307,35;;2026-10-09;https://www.telekom.de/shop/geraet/apple/apple-iphone-17-pro/tiefblau-256-gb?tariffId=MF_17791&categoryId=smartphones&forwardTradeInApplied=false&tariffCategoryId=smartphone-tarife&installmentValue=80.8&instalmentId=12;apple-iphone-17-pro-256gb-ohne-farbe;;
Bündel;iPhone 17 Pro;256;Telekom;netzbetreiber;MagentaMobil S;S;neu;99,00;39,95;89,10;;12;39,95;24;2166,95;;2026-10-09;https://www.telekom.de/shop/geraet/apple/apple-iphone-17-pro/tiefblau-256-gb?tariffId=MF_17785&categoryId=smartphones&forwardTradeInApplied=false&tariffCategoryId=smartphone-tarife&installmentValue=89.1&instalmentId=12;apple-iphone-17-pro-256gb-ohne-farbe;;
Bündel;iPhone 17 Pro;256;Telekom;netzbetreiber;MagentaMobil XS;XS;neu;99,00;29,95;89,10;;12;39,95;24;1926,95;;2026-10-09;https://www.telekom.de/shop/geraet/apple/apple-iphone-17-pro/tiefblau-256-gb?tariffId=MF_17779&categoryId=smartphones&forwardTradeInApplied=false&tariffCategoryId=smartphone-tarife&installmentValue=89.1&instalmentId=12;apple-iphone-17-pro-256gb-ohne-farbe;;
Bündel;iPhone 17 Pro;512;Telekom;netzbetreiber;MagentaMobil L;L;neu;99,00;59,95;92,50;;12;39,95;24;2687,75;;2026-10-09;https://www.telekom.de/shop/geraet/apple/apple-iphone-17-pro/tiefblau-512-gb?tariffId=MF_17797&categoryId=smartphones&forwardTradeInApplied=false&tariffCategoryId=smartphone-tarife&installmentValue=92.5&instalmentId=12&changedAttr%5B%5D=changedAttr.storage%3D512_GB;apple-iphone-17-pro-512gb-ohne-farbe;;
Bündel;iPhone 17 Pro;512;Telekom;netzbetreiber;MagentaMobil M;M;neu;199,00;49,95;92,50;;12;39,95;24;2547,75;;2026-10-09;https://www.telekom.de/shop/geraet/apple/apple-iphone-17-pro/tiefblau-512-gb?tariffId=MF_17791&categoryId=smartphones&forwardTradeInApplied=false&tariffCategoryId=smartphone-tarife&installmentValue=92.5&instalmentId=12&changedAttr%5B%5D=changedAttr.storage%3D512_GB;apple-iphone-17-pro-512gb-ohne-farbe;;
Bündel;iPhone 17 Pro;512;Telekom;netzbetreiber;MagentaMobil S;S;neu;199,00;39,95;100,80;;12;39,95;24;2407,35;;2026-10-09;https://www.telekom.de/shop/geraet/apple/apple-iphone-17-pro/tiefblau-512-gb?tariffId=MF_17785&categoryId=smartphones&forwardTradeInApplied=false&tariffCategoryId=smartphone-tarife&installmentValue=100.8&instalmentId=12&changedAttr%5B%5D=changedAttr.storage%3D512_GB;apple-iphone-17-pro-512gb-ohne-farbe;;
Bündel;iPhone 17 Pro;512;Telekom;netzbetreiber;MagentaMobil XS;XS;neu;199,00;29,95;100,80;;12;39,95;24;2167,35;;2026-10-09;https://www.telekom.de/shop/geraet/apple/apple-iphone-17-pro/tiefblau-512-gb?tariffId=MF_17779&categoryId=smartphones&forwardTradeInApplied=false&tariffCategoryId=smartphone-tarife&installmentValue=100.8&instalmentId=12&changedAttr%5B%5D=changedAttr.storage%3D512_GB;apple-iphone-17-pro-512gb-ohne-farbe;;
Bündel;Pixel 11;256;Telekom;netzbetreiber;MagentaMobil M;M;neu;1,00;49,95;64,80;;12;39,95;24;2017,35;;2026-10-09;https://www.telekom.de/shop/geraet/google/google-pixel-11/frost-256-gb?tariffId=MF_17791&categoryId=smartphones&forwardTradeInApplied=false&tariffCategoryId=smartphone-tarife&installmentValue=64.8&instalmentId=12;google-pixel-11-256gb-ohne-farbe;;
Bündel;iPhone 15;128;Vodafone;netzbetreiber;Mobil S;S;neu;1,00;41,95;58,50;;12;0,00;24;1709,80;;2026-09-14;https://www.vodafone.de/privat/handys/iphone-15.html;apple-iphone-15-128gb-schwarz;veraltet;
Bündel;iPhone 15;256;Vodafone;netzbetreiber;Mobil S;S;neu;1,00;41,95;69,00;;12;0,00;24;1835,80;;2026-09-15;https://www.vodafone.de/privat/handys/iphone-15.html;apple-iphone-15-256gb-schwarz;veraltet;
Bündel;iPhone 16;128;Vodafone;netzbetreiber;Mobil L;L;neu;1,00;33,61;81,00;;12;0,00;24;1833,64;;2026-10-10;https://www.vodafone.de/privat/handys/iphone-16.html;apple-iphone-16-128gb-blau;;
Bündel;iPhone 16;128;Vodafone;netzbetreiber;Mobil M;M;neu;1,00;27,61;81,00;;12;0,00;24;1671,64;;2026-10-10;https://www.vodafone.de/privat/handys/iphone-16.html;apple-iphone-16-128gb-blau;;
Bündel;iPhone 16;128;Vodafone;netzbetreiber;Mobil S;S;neu;1,00;31,45;81,00;;12;0,00;24;1727,80;;2026-10-10;https://www.vodafone.de/privat/handys/iphone-16.html;apple-iphone-16-128gb-blau;;
Bündel;iPhone 16;128;Vodafone;netzbetreiber;Mobil XL;XL;neu;1,00;44,11;81,00;;12;0,00;24;2139,64;;2026-10-10;https://www.vodafone.de/privat/handys/iphone-16.html;apple-iphone-16-128gb-blau;;
Bündel;iPhone 16;128;Vodafone;netzbetreiber;Mobil XS;XS;neu;1,00;23,95;81,00;;12;0,00;24;1547,80;;2026-10-10;https://www.vodafone.de/privat/handys/iphone-16.html;apple-iphone-16-128gb-blau;;
Bündel;iPhone 16;128;Vodafone;netzbetreiber;Mobil L;L;neu;1,00;33,61;81,00;;12;0,00;24;1833,64;;2026-10-10;https://www.vodafone.de/privat/handys/iphone-16.html;apple-iphone-16-128gb-blaugruen;;
Bündel;iPhone 16;128;Vodafone;netzbetreiber;Mobil M;M;neu;1,00;27,61;81,00;;12;0,00;24;1671,64;;2026-10-10;https://www.vodafone.de/privat/handys/iphone-16.html;apple-iphone-16-128gb-blaugruen;;
Bündel;iPhone 16;128;Vodafone;netzbetreiber;Mobil S;S;neu;1,00;31,45;81,00;;12;0,00;24;1727,80;;2026-10-10;https://www.vodafone.de/privat/handys/iphone-16.html;apple-iphone-16-128gb-blaugruen;;
Bündel;iPhone 16;128;Vodafone;netzbetreiber;Mobil XL;XL;neu;1,00;44,11;81,00;;12;0,00;24;2139,64;;2026-10-10;https://www.vodafone.de/privat/handys/iphone-16.html;apple-iphone-16-128gb-blaugruen;;
Bündel;iPhone 16;128;Vodafone;netzbetreiber;Mobil XS;XS;neu;1,00;23,95;81,00;;12;0,00;24;1547,80;;2026-10-10;https://www.vodafone.de/privat/handys/iphone-16.html;apple-iphone-16-128gb-blaugruen;;
Bündel;iPhone 16;128;Vodafone;netzbetreiber;Mobil L;L;neu;1,00;33,61;81,00;;12;0,00;24;1833,64;;2026-10-10;https://www.vodafone.de/privat/handys/iphone-16.html;apple-iphone-16-128gb-rosa;;
Bündel;iPhone 16;128;Vodafone;netzbetreiber;Mobil M;M;neu;1,00;27,61;81,00;;12;0,00;24;1671,64;;2026-10-10;https://www.vodafone.de/privat/handys/iphone-16.html;apple-iphone-16-128gb-rosa;;
Bündel;iPhone 16;128;Vodafone;netzbetreiber;Mobil S;S;neu;1,00;31,45;81,00;;12;0,00;24;1727,80;;2026-10-10;https://www.vodafone.de/privat/handys/iphone-16.html;apple-iphone-16-128gb-rosa;;
Bündel;iPhone 16;128;Vodafone;netzbetreiber;Mobil XL;XL;neu;1,00;44,11;81,00;;12;0,00;24;2139,64;;2026-10-10;https://www.vodafone.de/privat/handys/iphone-16.html;apple-iphone-16-128gb-rosa;;
Bündel;iPhone 16;128;Vodafone;netzbetreiber;Mobil XS;XS;neu;1,00;23,95;81,00;;12;0,00;24;1547,80;;2026-10-10;https://www.vodafone.de/privat/handys/iphone-16.html;apple-iphone-16-128gb-rosa;;
Bündel;iPhone 16;128;Vodafone;netzbetreiber;Mobil L;L;neu;1,00;33,61;81,00;;12;0,00;24;1833,64;;2026-10-10;https://www.vodafone.de/privat/handys/iphone-16.html;apple-iphone-16-128gb-schwarz;;
Bündel;iPhone 16;128;Vodafone;netzbetreiber;Mobil M;M;neu;1,00;27,61;81,00;;12;0,00;24;1671,64;;2026-10-10;https://www.vodafone.de/privat/handys/iphone-16.html;apple-iphone-16-128gb-schwarz;;
Bündel;iPhone 16;128;Vodafone;netzbetreiber;Mobil S;S;neu;1,00;31,45;81,00;;12;0,00;24;1727,80;;2026-10-10;https://www.vodafone.de/privat/handys/iphone-16.html;apple-iphone-16-128gb-schwarz;;
Bündel;iPhone 16;128;Vodafone;netzbetreiber;Mobil XL;XL;neu;1,00;44,11;81,00;;12;0,00;24;2139,64;;2026-10-10;https://www.vodafone.de/privat/handys/iphone-16.html;apple-iphone-16-128gb-schwarz;;
Bündel;iPhone 16;128;Vodafone;netzbetreiber;Mobil XS;XS;neu;1,00;23,95;81,00;;12;0,00;24;1547,80;;2026-10-10;https://www.vodafone.de/privat/handys/iphone-16.html;apple-iphone-16-128gb-schwarz;;
Bündel;iPhone 16;128;Vodafone;netzbetreiber;Mobil L;L;neu;1,00;33,61;81,00;;12;0,00;24;1833,64;;2026-10-10;https://www.vodafone.de/privat/handys/iphone-16.html;apple-iphone-16-128gb-weiss;;
Bündel;iPhone 16;128;Vodafone;netzbetreiber;Mobil M;M;neu;1,00;27,61;81,00;;12;0,00;24;1671,64;;2026-10-10;https://www.vodafone.de/privat/handys/iphone-16.html;apple-iphone-16-128gb-weiss;;
Bündel;iPhone 16;128;Vodafone;netzbetreiber;Mobil S;S;neu;1,00;31,45;81,00;;12;0,00;24;1727,80;;2026-10-10;https://www.vodafone.de/privat/handys/iphone-16.html;apple-iphone-16-128gb-weiss;;
Bündel;iPhone 16;128;Vodafone;netzbetreiber;Mobil XL;XL;neu;1,00;44,11;81,00;;12;0,00;24;2139,64;;2026-10-10;https://www.vodafone.de/privat/handys/iphone-16.html;apple-iphone-16-128gb-weiss;;
Bündel;iPhone 16;128;Vodafone;netzbetreiber;Mobil XS;XS;neu;1,00;23,95;81,00;;12;0,00;24;1547,80;;2026-10-10;https://www.vodafone.de/privat/handys/iphone-16.html;apple-iphone-16-128gb-weiss;;
Bündel;iPhone 16 Plus;128;Vodafone;netzbetreiber;Mobil S;S;neu;0,99;41,95;78,00;;12;0,00;24;1943,79;;2026-09-24;https://www.vodafone.de/privat/handys/iphone-16-plus.html;apple-iphone-16-plus-128gb-schwarz;veraltet;
Bündel;iPhone 16e;128;Vodafone;netzbetreiber;Mobil L;L;neu;1,00;33,61;55,50;;12;0,00;24;1527,64;;2026-10-10;https://www.vodafone.de/privat/handys/iphone-16e.html;apple-iphone-16e-128gb-schwarz;;
Bündel;iPhone 16e;128;Vodafone;netzbetreiber;Mobil M;M;neu;1,00;27,61;55,50;;12;0,00;24;1365,64;;2026-10-10;https://www.vodafone.de/privat/handys/iphone-16e.html;apple-iphone-16e-128gb-schwarz;;
Bündel;iPhone 16e;128;Vodafone;netzbetreiber;Mobil S;S;neu;1,00;31,45;55,50;;12;0,00;24;1421,80;;2026-10-10;https://www.vodafone.de/privat/handys/iphone-16e.html;apple-iphone-16e-128gb-schwarz;;
Bündel;iPhone 16e;128;Vodafone;netzbetreiber;Mobil XL;XL;neu;1,00;44,11;55,50;;12;0,00;24;1833,64;;2026-10-10;https://www.vodafone.de/privat/handys/iphone-16e.html;apple-iphone-16e-128gb-schwarz;;
Bündel;iPhone 16e;128;Vodafone;netzbetreiber;Mobil XS;XS;neu;1,00;23,95;55,50;;12;0,00;24;1241,80;;2026-10-10;https://www.vodafone.de/privat/handys/iphone-16e.html;apple-iphone-16e-128gb-schwarz;;
Bündel;iPhone 16e;128;Vodafone;netzbetreiber;Mobil L;L;neu;1,00;33,61;55,50;;12;0,00;24;1527,64;;2026-10-10;https://www.vodafone.de/privat/handys/iphone-16e.html;apple-iphone-16e-128gb-weiss;;
Bündel;iPhone 16e;128;Vodafone;netzbetreiber;Mobil M;M;neu;1,00;27,61;55,50;;12;0,00;24;1365,64;;2026-10-10;https://www.vodafone.de/privat/handys/iphone-16e.html;apple-iphone-16e-128gb-weiss;;
Bündel;iPhone 16e;128;Vodafone;netzbetreiber;Mobil S;S;neu;1,00;31,45;55,50;;12;0,00;24;1421,80;;2026-10-10;https://www.vodafone.de/privat/handys/iphone-16e.html;apple-iphone-16e-128gb-weiss;;
Bündel;iPhone 16e;128;Vodafone;netzbetreiber;Mobil XL;XL;neu;1,00;44,11;55,50;;12;0,00;24;1833,64;;2026-10-10;https://www.vodafone.de/privat/handys/iphone-16e.html;apple-iphone-16e-128gb-weiss;;
Bündel;iPhone 16e;128;Vodafone;netzbetreiber;Mobil XS;XS;neu;1,00;23,95;55,50;;12;0,00;24;1241,80;;2026-10-10;https://www.vodafone.de/privat/handys/iphone-16e.html;apple-iphone-16e-128gb-weiss;;
Bündel;iPhone 17;256;Vodafone;netzbetreiber;Mobil L;L;neu;1,00;33,61;90,00;;12;0,00;24;1941,64;;2026-10-10;https://www.vodafone.de/privat/handys/iphone-17.html;apple-iphone-17-256gb-gruen;;
Bündel;iPhone 17;256;Vodafone;netzbetreiber;Mobil M;M;neu;1,00;27,61;90,00;;12;0,00;24;1779,64;;2026-10-10;https://www.vodafone.de/privat/handys/iphone-17.html;apple-iphone-17-256gb-gruen;;
Bündel;iPhone 17;256;Vodafone;netzbetreiber;Mobil S;S;neu;1,00;31,45;90,00;;12;0,00;24;1835,80;;2026-10-10;https://www.vodafone.de/privat/handys/iphone-17.html;apple-iphone-17-256gb-gruen;;
Bündel;iPhone 17;256;Vodafone;netzbetreiber;Mobil XL;XL;neu;1,00;44,11;90,00;;12;0,00;24;2247,64;;2026-10-10;https://www.vodafone.de/privat/handys/iphone-17.html;apple-iphone-17-256gb-gruen;;
Bündel;iPhone 17;256;Vodafone;netzbetreiber;Mobil XS;XS;neu;1,00;23,95;90,00;;12;0,00;24;1655,80;;2026-10-10;https://www.vodafone.de/privat/handys/iphone-17.html;apple-iphone-17-256gb-gruen;;
Bündel;iPhone 17;256;Vodafone;netzbetreiber;Mobil L;L;neu;1,00;33,61;90,00;;12;0,00;24;1941,64;;2026-10-10;https://www.vodafone.de/privat/handys/iphone-17.html;apple-iphone-17-256gb-nebelblau;;
Bündel;iPhone 17;256;Vodafone;netzbetreiber;Mobil M;M;neu;1,00;27,61;90,00;;12;0,00;24;1779,64;;2026-10-10;https://www.vodafone.de/privat/handys/iphone-17.html;apple-iphone-17-256gb-nebelblau;;
Bündel;iPhone 17;256;Vodafone;netzbetreiber;Mobil S;S;neu;1,00;31,45;90,00;;12;0,00;24;1835,80;;2026-10-10;https://www.vodafone.de/privat/handys/iphone-17.html;apple-iphone-17-256gb-nebelblau;;
Bündel;iPhone 17;256;Vodafone;netzbetreiber;Mobil XL;XL;neu;1,00;44,11;90,00;;12;0,00;24;2247,64;;2026-10-10;https://www.vodafone.de/privat/handys/iphone-17.html;apple-iphone-17-256gb-nebelblau;;
Bündel;iPhone 17;256;Vodafone;netzbetreiber;Mobil XS;XS;neu;1,00;23,95;90,00;;12;0,00;24;1655,80;;2026-10-10;https://www.vodafone.de/privat/handys/iphone-17.html;apple-iphone-17-256gb-nebelblau;;
Bündel;iPhone 17;256;Vodafone;netzbetreiber;Mobil L;L;neu;1,00;33,61;90,00;;12;0,00;24;1941,64;;2026-10-10;https://www.vodafone.de/privat/handys/iphone-17.html;apple-iphone-17-256gb-schwarz;;
Bündel;iPhone 17;256;Vodafone;netzbetreiber;Mobil M;M;neu;1,00;27,61;90,00;;12;0,00;24;1779,64;;2026-10-10;https://www.vodafone.de/privat/handys/iphone-17.html;apple-iphone-17-256gb-schwarz;;
Bündel;iPhone 17;256;Vodafone;netzbetreiber;Mobil S;S;neu;1,00;31,45;90,00;;12;0,00;24;1835,80;;2026-10-10;https://www.vodafone.de/privat/handys/iphone-17.html;apple-iphone-17-256gb-schwarz;;
Bündel;iPhone 17;256;Vodafone;netzbetreiber;Mobil XL;XL;neu;1,00;44,11;90,00;;12;0,00;24;2247,64;;2026-10-10;https://www.vodafone.de/privat/handys/iphone-17.html;apple-iphone-17-256gb-schwarz;;
Bündel;iPhone 17;256;Vodafone;netzbetreiber;Mobil XS;XS;neu;1,00;23,95;90,00;;12;0,00;24;1655,80;;2026-10-10;https://www.vodafone.de/privat/handys/iphone-17.html;apple-iphone-17-256gb-schwarz;;
Bündel;iPhone 17;256;Vodafone;netzbetreiber;Mobil L;L;neu;1,00;33,61;90,00;;12;0,00;24;1941,64;;2026-10-10;https://www.vodafone.de/privat/handys/iphone-17.html;apple-iphone-17-256gb-violett;;
Bündel;iPhone 17;256;Vodafone;netzbetreiber;Mobil M;M;neu;1,00;27,61;90,00;;12;0,00;24;1779,64;;2026-10-10;https://www.vodafone.de/privat/handys/iphone-17.html;apple-iphone-17-256gb-violett;;
Bündel;iPhone 17;256;Vodafone;netzbetreiber;Mobil S;S;neu;1,00;31,45;90,00;;12;0,00;24;1835,80;;2026-10-10;https://www.vodafone.de/privat/handys/iphone-17.html;apple-iphone-17-256gb-violett;;
Bündel;iPhone 17;256;Vodafone;netzbetreiber;Mobil XL;XL;neu;1,00;44,11;90,00;;12;0,00;24;2247,64;;2026-10-10;https://www.vodafone.de/privat/handys/iphone-17.html;apple-iphone-17-256gb-violett;;
Bündel;iPhone 17;256;Vodafone;netzbetreiber;Mobil XS;XS;neu;1,00;23,95;90,00;;12;0,00;24;1655,80;;2026-10-10;https://www.vodafone.de/privat/handys/iphone-17.html;apple-iphone-17-256gb-violett;;
Bündel;iPhone 17;256;Vodafone;netzbetreiber;Mobil L;L;neu;1,00;33,61;90,00;;12;0,00;24;1941,64;;2026-10-10;https://www.vodafone.de/privat/handys/iphone-17.html;apple-iphone-17-256gb-weiss;;
Bündel;iPhone 17;256;Vodafone;netzbetreiber;Mobil M;M;neu;1,00;27,61;90,00;;12;0,00;24;1779,64;;2026-10-10;https://www.vodafone.de/privat/handys/iphone-17.html;apple-iphone-17-256gb-weiss;;
Bündel;iPhone 17;256;Vodafone;netzbetreiber;Mobil S;S;neu;1,00;31,45;90,00;;12;0,00;24;1835,80;;2026-10-10;https://www.vodafone.de/privat/handys/iphone-17.html;apple-iphone-17-256gb-weiss;;
Bündel;iPhone 17;256;Vodafone;netzbetreiber;Mobil XL;XL;neu;1,00;44,11;90,00;;12;0,00;24;2247,64;;2026-10-10;https://www.vodafone.de/privat/handys/iphone-17.html;apple-iphone-17-256gb-weiss;;
Bündel;iPhone 17;256;Vodafone;netzbetreiber;Mobil XS;XS;neu;1,00;23,95;90,00;;12;0,00;24;1655,80;;2026-10-10;https://www.vodafone.de/privat/handys/iphone-17.html;apple-iphone-17-256gb-weiss;;
Bündel;iPhone 17;512;Vodafone;netzbetreiber;Mobil L;L;neu;1,00;33,61;111,00;;12;0,00;24;2193,64;;2026-10-10;https://www.vodafone.de/privat/handys/iphone-17.html;apple-iphone-17-512gb-gruen;;
Bündel;iPhone 17;512;Vodafone;netzbetreiber;Mobil M;M;neu;1,00;27,61;111,00;;12;0,00;24;2031,64;;2026-10-10;https://www.vodafone.de/privat/handys/iphone-17.html;apple-iphone-17-512gb-gruen;;
Bündel;iPhone 17;512;Vodafone;netzbetreiber;Mobil S;S;neu;1,00;31,45;111,00;;12;0,00;24;2087,80;;2026-10-10;https://www.vodafone.de/privat/handys/iphone-17.html;apple-iphone-17-512gb-gruen;;
Bündel;iPhone 17;512;Vodafone;netzbetreiber;Mobil XL;XL;neu;1,00;44,11;111,00;;12;0,00;24;2499,64;;2026-10-10;https://www.vodafone.de/privat/handys/iphone-17.html;apple-iphone-17-512gb-gruen;;
Bündel;iPhone 17;512;Vodafone;netzbetreiber;Mobil XS;XS;neu;1,00;23,95;111,00;;12;0,00;24;1907,80;;2026-10-10;https://www.vodafone.de/privat/handys/iphone-17.html;apple-iphone-17-512gb-gruen;;
Bündel;iPhone 17;512;Vodafone;netzbetreiber;Mobil L;L;neu;1,00;33,61;111,00;;12;0,00;24;2193,64;;2026-10-10;https://www.vodafone.de/privat/handys/iphone-17.html;apple-iphone-17-512gb-nebelblau;;
Bündel;iPhone 17;512;Vodafone;netzbetreiber;Mobil M;M;neu;1,00;27,61;111,00;;12;0,00;24;2031,64;;2026-10-10;https://www.vodafone.de/privat/handys/iphone-17.html;apple-iphone-17-512gb-nebelblau;;
Bündel;iPhone 17;512;Vodafone;netzbetreiber;Mobil S;S;neu;1,00;31,45;111,00;;12;0,00;24;2087,80;;2026-10-10;https://www.vodafone.de/privat/handys/iphone-17.html;apple-iphone-17-512gb-nebelblau;;
Bündel;iPhone 17;512;Vodafone;netzbetreiber;Mobil XL;XL;neu;1,00;44,11;111,00;;12;0,00;24;2499,64;;2026-10-10;https://www.vodafone.de/privat/handys/iphone-17.html;apple-iphone-17-512gb-nebelblau;;
Bündel;iPhone 17;512;Vodafone;netzbetreiber;Mobil XS;XS;neu;1,00;23,95;111,00;;12;0,00;24;1907,80;;2026-10-10;https://www.vodafone.de/privat/handys/iphone-17.html;apple-iphone-17-512gb-nebelblau;;
Bündel;iPhone 17;512;Vodafone;netzbetreiber;Mobil L;L;neu;1,00;33,61;111,00;;12;0,00;24;2193,64;;2026-10-10;https://www.vodafone.de/privat/handys/iphone-17.html;apple-iphone-17-512gb-schwarz;;
Bündel;iPhone 17;512;Vodafone;netzbetreiber;Mobil M;M;neu;1,00;27,61;111,00;;12;0,00;24;2031,64;;2026-10-10;https://www.vodafone.de/privat/handys/iphone-17.html;apple-iphone-17-512gb-schwarz;;
Bündel;iPhone 17;512;Vodafone;netzbetreiber;Mobil S;S;neu;1,00;31,45;111,00;;12;0,00;24;2087,80;;2026-10-10;https://www.vodafone.de/privat/handys/iphone-17.html;apple-iphone-17-512gb-schwarz;;
Bündel;iPhone 17;512;Vodafone;netzbetreiber;Mobil XL;XL;neu;1,00;44,11;111,00;;12;0,00;24;2499,64;;2026-10-10;https://www.vodafone.de/privat/handys/iphone-17.html;apple-iphone-17-512gb-schwarz;;
Bündel;iPhone 17;512;Vodafone;netzbetreiber;Mobil XS;XS;neu;1,00;23,95;111,00;;12;0,00;24;1907,80;;2026-10-10;https://www.vodafone.de/privat/handys/iphone-17.html;apple-iphone-17-512gb-schwarz;;
Bündel;iPhone 17;512;Vodafone;netzbetreiber;Mobil L;L;neu;1,00;33,61;111,00;;12;0,00;24;2193,64;;2026-10-10;https://www.vodafone.de/privat/handys/iphone-17.html;apple-iphone-17-512gb-violett;;
Bündel;iPhone 17;512;Vodafone;netzbetreiber;Mobil M;M;neu;1,00;27,61;111,00;;12;0,00;24;2031,64;;2026-10-10;https://www.vodafone.de/privat/handys/iphone-17.html;apple-iphone-17-512gb-violett;;
Bündel;iPhone 17;512;Vodafone;netzbetreiber;Mobil S;S;neu;1,00;31,45;111,00;;12;0,00;24;2087,80;;2026-10-10;https://www.vodafone.de/privat/handys/iphone-17.html;apple-iphone-17-512gb-violett;;
Bündel;iPhone 17;512;Vodafone;netzbetreiber;Mobil XL;XL;neu;1,00;44,11;111,00;;12;0,00;24;2499,64;;2026-10-10;https://www.vodafone.de/privat/handys/iphone-17.html;apple-iphone-17-512gb-violett;;
Bündel;iPhone 17;512;Vodafone;netzbetreiber;Mobil XS;XS;neu;1,00;23,95;111,00;;12;0,00;24;1907,80;;2026-10-10;https://www.vodafone.de/privat/handys/iphone-17.html;apple-iphone-17-512gb-violett;;
Bündel;iPhone 17;512;Vodafone;netzbetreiber;Mobil L;L;neu;1,00;33,61;111,00;;12;0,00;24;2193,64;;2026-10-10;https://www.vodafone.de/privat/handys/iphone-17.html;apple-iphone-17-512gb-weiss;;
Bündel;iPhone 17;512;Vodafone;netzbetreiber;Mobil M;M;neu;1,00;27,61;111,00;;12;0,00;24;2031,64;;2026-10-10;https://www.vodafone.de/privat/handys/iphone-17.html;apple-iphone-17-512gb-weiss;;
Bündel;iPhone 17;512;Vodafone;netzbetreiber;Mobil S;S;neu;1,00;31,45;111,00;;12;0,00;24;2087,80;;2026-10-10;https://www.vodafone.de/privat/handys/iphone-17.html;apple-iphone-17-512gb-weiss;;
Bündel;iPhone 17;512;Vodafone;netzbetreiber;Mobil XL;XL;neu;1,00;44,11;111,00;;12;0,00;24;2499,64;;2026-10-10;https://www.vodafone.de/privat/handys/iphone-17.html;apple-iphone-17-512gb-weiss;;
Bündel;iPhone 17;512;Vodafone;netzbetreiber;Mobil XS;XS;neu;1,00;23,95;111,00;;12;0,00;24;1907,80;;2026-10-10;https://www.vodafone.de/privat/handys/iphone-17.html;apple-iphone-17-512gb-weiss;;
Bündel;iPhone 17 Pro;1024;Vodafone;netzbetreiber;Mobil L;L;neu;1,00;33,61;141,00;;12;0,00;24;2553,64;;2026-10-10;https://www.vodafone.de/privat/handys/iphone-17-pro.html;apple-iphone-17-pro-1024gb-cosmic-orange;;
Bündel;iPhone 17 Pro;1024;Vodafone;netzbetreiber;Mobil M;M;neu;1,00;27,61;141,00;;12;0,00;24;2391,64;;2026-10-10;https://www.vodafone.de/privat/handys/iphone-17-pro.html;apple-iphone-17-pro-1024gb-cosmic-orange;;
Bündel;iPhone 17 Pro;1024;Vodafone;netzbetreiber;Mobil S;S;neu;1,00;31,45;141,00;;12;0,00;24;2447,80;;2026-10-10;https://www.vodafone.de/privat/handys/iphone-17-pro.html;apple-iphone-17-pro-1024gb-cosmic-orange;;
Bündel;iPhone 17 Pro;1024;Vodafone;netzbetreiber;Mobil XL;XL;neu;1,00;44,11;141,00;;12;0,00;24;2859,64;;2026-10-10;https://www.vodafone.de/privat/handys/iphone-17-pro.html;apple-iphone-17-pro-1024gb-cosmic-orange;;
Bündel;iPhone 17 Pro;1024;Vodafone;netzbetreiber;Mobil XS;XS;neu;1,00;23,95;141,00;;12;0,00;24;2267,80;;2026-10-10;https://www.vodafone.de/privat/handys/iphone-17-pro.html;apple-iphone-17-pro-1024gb-cosmic-orange;;
Bündel;iPhone 17 Pro;1024;Vodafone;netzbetreiber;Mobil S;S;neu;1,00;41,95;141,00;;12;0,00;24;2699,80;;2026-09-15;https://www.vodafone.de/privat/handys/iphone-17-pro.html;apple-iphone-17-pro-1024gb-tiefblau;veraltet;
Bündel;iPhone 17 Pro;256;Vodafone;netzbetreiber;Mobil L;L;neu;1,00;33,61;99,00;;12;0,00;24;2049,64;;2026-10-10;https://www.vodafone.de/privat/handys/iphone-17-pro.html;apple-iphone-17-pro-256gb-cosmic-orange;;
Bündel;iPhone 17 Pro;256;Vodafone;netzbetreiber;Mobil M;M;neu;1,00;27,61;99,00;;12;0,00;24;1887,64;;2026-10-10;https://www.vodafone.de/privat/handys/iphone-17-pro.html;apple-iphone-17-pro-256gb-cosmic-orange;;
Bündel;iPhone 17 Pro;256;Vodafone;netzbetreiber;Mobil S;S;neu;1,00;31,45;99,00;;12;0,00;24;1943,80;;2026-10-10;https://www.vodafone.de/privat/handys/iphone-17-pro.html;apple-iphone-17-pro-256gb-cosmic-orange;;
Bündel;iPhone 17 Pro;256;Vodafone;netzbetreiber;Mobil XL;XL;neu;1,00;44,11;99,00;;12;0,00;24;2355,64;;2026-10-10;https://www.vodafone.de/privat/handys/iphone-17-pro.html;apple-iphone-17-pro-256gb-cosmic-orange;;
Bündel;iPhone 17 Pro;256;Vodafone;netzbetreiber;Mobil XS;XS;neu;1,00;23,95;99,00;;12;0,00;24;1763,80;;2026-10-10;https://www.vodafone.de/privat/handys/iphone-17-pro.html;apple-iphone-17-pro-256gb-cosmic-orange;;
Bündel;iPhone 17 Pro;256;Vodafone;netzbetreiber;Mobil L;L;neu;1,00;33,61;99,00;;12;0,00;24;2049,64;;2026-10-10;https://www.vodafone.de/privat/handys/iphone-17-pro.html;apple-iphone-17-pro-256gb-silber;;
Bündel;iPhone 17 Pro;256;Vodafone;netzbetreiber;Mobil M;M;neu;1,00;27,61;99,00;;12;0,00;24;1887,64;;2026-10-10;https://www.vodafone.de/privat/handys/iphone-17-pro.html;apple-iphone-17-pro-256gb-silber;;
Bündel;iPhone 17 Pro;256;Vodafone;netzbetreiber;Mobil S;S;neu;1,00;31,45;99,00;;12;0,00;24;1943,80;;2026-10-10;https://www.vodafone.de/privat/handys/iphone-17-pro.html;apple-iphone-17-pro-256gb-silber;;
Bündel;iPhone 17 Pro;256;Vodafone;netzbetreiber;Mobil XL;XL;neu;1,00;44,11;99,00;;12;0,00;24;2355,64;;2026-10-10;https://www.vodafone.de/privat/handys/iphone-17-pro.html;apple-iphone-17-pro-256gb-silber;;
Bündel;iPhone 17 Pro;256;Vodafone;netzbetreiber;Mobil XS;XS;neu;1,00;23,95;99,00;;12;0,00;24;1763,80;;2026-10-10;https://www.vodafone.de/privat/handys/iphone-17-pro.html;apple-iphone-17-pro-256gb-silber;;
Bündel;iPhone 17 Pro;256;Vodafone;netzbetreiber;Mobil L;L;neu;1,00;33,61;99,00;;12;0,00;24;2049,64;;2026-10-10;https://www.vodafone.de/privat/handys/iphone-17-pro.html;apple-iphone-17-pro-256gb-tiefblau;;
Bündel;iPhone 17 Pro;256;Vodafone;netzbetreiber;Mobil M;M;neu;1,00;27,61;99,00;;12;0,00;24;1887,64;;2026-10-10;https://www.vodafone.de/privat/handys/iphone-17-pro.html;apple-iphone-17-pro-256gb-tiefblau;;
Bündel;iPhone 17 Pro;256;Vodafone;netzbetreiber;Mobil S;S;neu;1,00;31,45;99,00;;12;0,00;24;1943,80;;2026-10-10;https://www.vodafone.de/privat/handys/iphone-17-pro.html;apple-iphone-17-pro-256gb-tiefblau;;
Bündel;iPhone 17 Pro;256;Vodafone;netzbetreiber;Mobil XL;XL;neu;1,00;44,11;99,00;;12;0,00;24;2355,64;;2026-10-10;https://www.vodafone.de/privat/handys/iphone-17-pro.html;apple-iphone-17-pro-256gb-tiefblau;;
Bündel;iPhone 17 Pro;256;Vodafone;netzbetreiber;Mobil XS;XS;neu;1,00;23,95;99,00;;12;0,00;24;1763,80;;2026-10-10;https://www.vodafone.de/privat/handys/iphone-17-pro.html;apple-iphone-17-pro-256gb-tiefblau;;
Bündel;iPhone 17 Pro;512;Vodafone;netzbetreiber;Mobil L;L;neu;0,99;33,61;120,00;;12;0,00;24;2301,63;;2026-10-10;https://www.vodafone.de/privat/handys/iphone-17-pro.html;apple-iphone-17-pro-512gb-cosmic-orange;;
Bündel;iPhone 17 Pro;512;Vodafone;netzbetreiber;Mobil M;M;neu;0,99;27,61;120,00;;12;0,00;24;2139,63;;2026-10-10;https://www.vodafone.de/privat/handys/iphone-17-pro.html;apple-iphone-17-pro-512gb-cosmic-orange;;
Bündel;iPhone 17 Pro;512;Vodafone;netzbetreiber;Mobil S;S;neu;0,99;31,45;120,00;;12;0,00;24;2195,79;;2026-10-10;https://www.vodafone.de/privat/handys/iphone-17-pro.html;apple-iphone-17-pro-512gb-cosmic-orange;;
Bündel;iPhone 17 Pro;512;Vodafone;netzbetreiber;Mobil XL;XL;neu;0,99;44,11;120,00;;12;0,00;24;2607,63;;2026-10-10;https://www.vodafone.de/privat/handys/iphone-17-pro.html;apple-iphone-17-pro-512gb-cosmic-orange;;
Bündel;iPhone 17 Pro;512;Vodafone;netzbetreiber;Mobil XS;XS;neu;0,99;23,95;120,00;;12;0,00;24;2015,79;;2026-10-10;https://www.vodafone.de/privat/handys/iphone-17-pro.html;apple-iphone-17-pro-512gb-cosmic-orange;;
Bündel;iPhone 17 Pro;512;Vodafone;netzbetreiber;Mobil L;L;neu;0,99;33,61;120,00;;12;0,00;24;2301,63;;2026-10-10;https://www.vodafone.de/privat/handys/iphone-17-pro.html;apple-iphone-17-pro-512gb-silber;;
Bündel;iPhone 17 Pro;512;Vodafone;netzbetreiber;Mobil M;M;neu;0,99;27,61;120,00;;12;0,00;24;2139,63;;2026-10-10;https://www.vodafone.de/privat/handys/iphone-17-pro.html;apple-iphone-17-pro-512gb-silber;;
Bündel;iPhone 17 Pro;512;Vodafone;netzbetreiber;Mobil S;S;neu;0,99;31,45;120,00;;12;0,00;24;2195,79;;2026-10-10;https://www.vodafone.de/privat/handys/iphone-17-pro.html;apple-iphone-17-pro-512gb-silber;;
Bündel;iPhone 17 Pro;512;Vodafone;netzbetreiber;Mobil XL;XL;neu;0,99;44,11;120,00;;12;0,00;24;2607,63;;2026-10-10;https://www.vodafone.de/privat/handys/iphone-17-pro.html;apple-iphone-17-pro-512gb-silber;;
Bündel;iPhone 17 Pro;512;Vodafone;netzbetreiber;Mobil XS;XS;neu;0,99;23,95;120,00;;12;0,00;24;2015,79;;2026-10-10;https://www.vodafone.de/privat/handys/iphone-17-pro.html;apple-iphone-17-pro-512gb-silber;;
Bündel;iPhone 17 Pro;512;Vodafone;netzbetreiber;Mobil L;L;neu;0,99;33,61;120,00;;12;0,00;24;2301,63;;2026-10-10;https://www.vodafone.de/privat/handys/iphone-17-pro.html;apple-iphone-17-pro-512gb-tiefblau;;
Bündel;iPhone 17 Pro;512;Vodafone;netzbetreiber;Mobil M;M;neu;0,99;27,61;120,00;;12;0,00;24;2139,63;;2026-10-10;https://www.vodafone.de/privat/handys/iphone-17-pro.html;apple-iphone-17-pro-512gb-tiefblau;;
Bündel;iPhone 17 Pro;512;Vodafone;netzbetreiber;Mobil S;S;neu;0,99;31,45;120,00;;12;0,00;24;2195,79;;2026-10-10;https://www.vodafone.de/privat/handys/iphone-17-pro.html;apple-iphone-17-pro-512gb-tiefblau;;
Bündel;iPhone 17 Pro;512;Vodafone;netzbetreiber;Mobil XL;XL;neu;0,99;44,11;120,00;;12;0,00;24;2607,63;;2026-10-10;https://www.vodafone.de/privat/handys/iphone-17-pro.html;apple-iphone-17-pro-512gb-tiefblau;;
Bündel;iPhone 17 Pro;512;Vodafone;netzbetreiber;Mobil XS;XS;neu;0,99;23,95;120,00;;12;0,00;24;2015,79;;2026-10-10;https://www.vodafone.de/privat/handys/iphone-17-pro.html;apple-iphone-17-pro-512gb-tiefblau;;
Bündel;iPhone 17 Pro Max;256;Vodafone;netzbetreiber;Mobil L;L;neu;1,00;33,61;111,00;;12;0,00;24;2193,64;;2026-10-10;https://www.vodafone.de/privat/handys/iphone-17-pro-max.html;apple-iphone-17-pro-max-256gb-cosmic-orange;;
Bündel;iPhone 17 Pro Max;256;Vodafone;netzbetreiber;Mobil M;M;neu;1,00;27,61;111,00;;12;0,00;24;2031,64;;2026-10-10;https://www.vodafone.de/privat/handys/iphone-17-pro-max.html;apple-iphone-17-pro-max-256gb-cosmic-orange;;
Bündel;iPhone 17 Pro Max;256;Vodafone;netzbetreiber;Mobil S;S;neu;1,00;31,45;111,00;;12;0,00;24;2087,80;;2026-10-10;https://www.vodafone.de/privat/handys/iphone-17-pro-max.html;apple-iphone-17-pro-max-256gb-cosmic-orange;;
Bündel;iPhone 17 Pro Max;256;Vodafone;netzbetreiber;Mobil XL;XL;neu;1,00;44,11;111,00;;12;0,00;24;2499,64;;2026-10-10;https://www.vodafone.de/privat/handys/iphone-17-pro-max.html;apple-iphone-17-pro-max-256gb-cosmic-orange;;
Bündel;iPhone 17 Pro Max;256;Vodafone;netzbetreiber;Mobil XS;XS;neu;1,00;23,95;111,00;;12;0,00;24;1907,80;;2026-10-10;https://www.vodafone.de/privat/handys/iphone-17-pro-max.html;apple-iphone-17-pro-max-256gb-cosmic-orange;;
Bündel;iPhone 17 Pro Max;256;Vodafone;netzbetreiber;Mobil L;L;neu;1,00;33,61;111,00;;12;0,00;24;2193,64;;2026-10-10;https://www.vodafone.de/privat/handys/iphone-17-pro-max.html;apple-iphone-17-pro-max-256gb-silber;;
Bündel;iPhone 17 Pro Max;256;Vodafone;netzbetreiber;Mobil M;M;neu;1,00;27,61;111,00;;12;0,00;24;2031,64;;2026-10-10;https://www.vodafone.de/privat/handys/iphone-17-pro-max.html;apple-iphone-17-pro-max-256gb-silber;;
Bündel;iPhone 17 Pro Max;256;Vodafone;netzbetreiber;Mobil S;S;neu;1,00;31,45;111,00;;12;0,00;24;2087,80;;2026-10-10;https://www.vodafone.de/privat/handys/iphone-17-pro-max.html;apple-iphone-17-pro-max-256gb-silber;;
Bündel;iPhone 17 Pro Max;256;Vodafone;netzbetreiber;Mobil XL;XL;neu;1,00;44,11;111,00;;12;0,00;24;2499,64;;2026-10-10;https://www.vodafone.de/privat/handys/iphone-17-pro-max.html;apple-iphone-17-pro-max-256gb-silber;;
Bündel;iPhone 17 Pro Max;256;Vodafone;netzbetreiber;Mobil XS;XS;neu;1,00;23,95;111,00;;12;0,00;24;1907,80;;2026-10-10;https://www.vodafone.de/privat/handys/iphone-17-pro-max.html;apple-iphone-17-pro-max-256gb-silber;;
Bündel;iPhone 17 Pro Max;256;Vodafone;netzbetreiber;Mobil L;L;neu;1,00;33,61;111,00;;12;0,00;24;2193,64;;2026-10-10;https://www.vodafone.de/privat/handys/iphone-17-pro-max.html;apple-iphone-17-pro-max-256gb-tiefblau;;
Bündel;iPhone 17 Pro Max;256;Vodafone;netzbetreiber;Mobil M;M;neu;1,00;27,61;111,00;;12;0,00;24;2031,64;;2026-10-10;https://www.vodafone.de/privat/handys/iphone-17-pro-max.html;apple-iphone-17-pro-max-256gb-tiefblau;;
Bündel;iPhone 17 Pro Max;256;Vodafone;netzbetreiber;Mobil S;S;neu;1,00;31,45;111,00;;12;0,00;24;2087,80;;2026-10-10;https://www.vodafone.de/privat/handys/iphone-17-pro-max.html;apple-iphone-17-pro-max-256gb-tiefblau;;
Bündel;iPhone 17 Pro Max;256;Vodafone;netzbetreiber;Mobil XL;XL;neu;1,00;44,11;111,00;;12;0,00;24;2499,64;;2026-10-10;https://www.vodafone.de/privat/handys/iphone-17-pro-max.html;apple-iphone-17-pro-max-256gb-tiefblau;;
Bündel;iPhone 17 Pro Max;256;Vodafone;netzbetreiber;Mobil XS;XS;neu;1,00;23,95;111,00;;12;0,00;24;1907,80;;2026-10-10;https://www.vodafone.de/privat/handys/iphone-17-pro-max.html;apple-iphone-17-pro-max-256gb-tiefblau;;
Bündel;iPhone 17 Pro Max;512;Vodafone;netzbetreiber;Mobil L;L;neu;1,00;33,61;132,00;;12;0,00;24;2445,64;;2026-10-10;https://www.vodafone.de/privat/handys/iphone-17-pro-max.html;apple-iphone-17-pro-max-512gb-cosmic-orange;;
Bündel;iPhone 17 Pro Max;512;Vodafone;netzbetreiber;Mobil M;M;neu;1,00;27,61;132,00;;12;0,00;24;2283,64;;2026-10-10;https://www.vodafone.de/privat/handys/iphone-17-pro-max.html;apple-iphone-17-pro-max-512gb-cosmic-orange;;
Bündel;iPhone 17 Pro Max;512;Vodafone;netzbetreiber;Mobil S;S;neu;1,00;31,45;132,00;;12;0,00;24;2339,80;;2026-10-10;https://www.vodafone.de/privat/handys/iphone-17-pro-max.html;apple-iphone-17-pro-max-512gb-cosmic-orange;;
Bündel;iPhone 17 Pro Max;512;Vodafone;netzbetreiber;Mobil XL;XL;neu;1,00;44,11;132,00;;12;0,00;24;2751,64;;2026-10-10;https://www.vodafone.de/privat/handys/iphone-17-pro-max.html;apple-iphone-17-pro-max-512gb-cosmic-orange;;
Bündel;iPhone 17 Pro Max;512;Vodafone;netzbetreiber;Mobil XS;XS;neu;1,00;23,95;132,00;;12;0,00;24;2159,80;;2026-10-10;https://www.vodafone.de/privat/handys/iphone-17-pro-max.html;apple-iphone-17-pro-max-512gb-cosmic-orange;;
Bündel;iPhone 17 Pro Max;512;Vodafone;netzbetreiber;Mobil L;L;neu;1,00;33,61;132,00;;12;0,00;24;2445,64;;2026-10-10;https://www.vodafone.de/privat/handys/iphone-17-pro-max.html;apple-iphone-17-pro-max-512gb-silber;;
Bündel;iPhone 17 Pro Max;512;Vodafone;netzbetreiber;Mobil M;M;neu;1,00;27,61;132,00;;12;0,00;24;2283,64;;2026-10-10;https://www.vodafone.de/privat/handys/iphone-17-pro-max.html;apple-iphone-17-pro-max-512gb-silber;;
Bündel;iPhone 17 Pro Max;512;Vodafone;netzbetreiber;Mobil S;S;neu;1,00;31,45;132,00;;12;0,00;24;2339,80;;2026-10-10;https://www.vodafone.de/privat/handys/iphone-17-pro-max.html;apple-iphone-17-pro-max-512gb-silber;;
Bündel;iPhone 17 Pro Max;512;Vodafone;netzbetreiber;Mobil XL;XL;neu;1,00;44,11;132,00;;12;0,00;24;2751,64;;2026-10-10;https://www.vodafone.de/privat/handys/iphone-17-pro-max.html;apple-iphone-17-pro-max-512gb-silber;;
Bündel;iPhone 17 Pro Max;512;Vodafone;netzbetreiber;Mobil XS;XS;neu;1,00;23,95;132,00;;12;0,00;24;2159,80;;2026-10-10;https://www.vodafone.de/privat/handys/iphone-17-pro-max.html;apple-iphone-17-pro-max-512gb-silber;;
Bündel;iPhone 17 Pro Max;512;Vodafone;netzbetreiber;Mobil L;L;neu;1,00;33,61;132,00;;12;0,00;24;2445,64;;2026-10-10;https://www.vodafone.de/privat/handys/iphone-17-pro-max.html;apple-iphone-17-pro-max-512gb-tiefblau;;
Bündel;iPhone 17 Pro Max;512;Vodafone;netzbetreiber;Mobil M;M;neu;1,00;27,61;132,00;;12;0,00;24;2283,64;;2026-10-10;https://www.vodafone.de/privat/handys/iphone-17-pro-max.html;apple-iphone-17-pro-max-512gb-tiefblau;;
Bündel;iPhone 17 Pro Max;512;Vodafone;netzbetreiber;Mobil S;S;neu;1,00;31,45;132,00;;12;0,00;24;2339,80;;2026-10-10;https://www.vodafone.de/privat/handys/iphone-17-pro-max.html;apple-iphone-17-pro-max-512gb-tiefblau;;
Bündel;iPhone 17 Pro Max;512;Vodafone;netzbetreiber;Mobil XL;XL;neu;1,00;44,11;132,00;;12;0,00;24;2751,64;;2026-10-10;https://www.vodafone.de/privat/handys/iphone-17-pro-max.html;apple-iphone-17-pro-max-512gb-tiefblau;;
Bündel;iPhone 17 Pro Max;512;Vodafone;netzbetreiber;Mobil XS;XS;neu;1,00;23,95;132,00;;12;0,00;24;2159,80;;2026-10-10;https://www.vodafone.de/privat/handys/iphone-17-pro-max.html;apple-iphone-17-pro-max-512gb-tiefblau;;
Bündel;iPhone 17e;256;Vodafone;netzbetreiber;Mobil L;L;neu;1,00;33,61;69,00;;12;0,00;24;1689,64;;2026-10-10;https://www.vodafone.de/privat/handys/iphone-17e.html;apple-iphone-17e-256gb-hellrosa;;
Bündel;iPhone 17e;256;Vodafone;netzbetreiber;Mobil M;M;neu;1,00;27,61;69,00;;12;0,00;24;1527,64;;2026-10-10;https://www.vodafone.de/privat/handys/iphone-17e.html;apple-iphone-17e-256gb-hellrosa;;
Bündel;iPhone 17e;256;Vodafone;netzbetreiber;Mobil S;S;neu;1,00;31,45;69,00;;12;0,00;24;1583,80;;2026-10-10;https://www.vodafone.de/privat/handys/iphone-17e.html;apple-iphone-17e-256gb-hellrosa;;
Bündel;iPhone 17e;256;Vodafone;netzbetreiber;Mobil XL;XL;neu;1,00;44,11;69,00;;12;0,00;24;1995,64;;2026-10-10;https://www.vodafone.de/privat/handys/iphone-17e.html;apple-iphone-17e-256gb-hellrosa;;
Bündel;iPhone 17e;256;Vodafone;netzbetreiber;Mobil XS;XS;neu;1,00;23,95;69,00;;12;0,00;24;1403,80;;2026-10-10;https://www.vodafone.de/privat/handys/iphone-17e.html;apple-iphone-17e-256gb-hellrosa;;
Bündel;iPhone 17e;256;Vodafone;netzbetreiber;Mobil L;L;neu;1,00;33,61;69,00;;12;0,00;24;1689,64;;2026-10-10;https://www.vodafone.de/privat/handys/iphone-17e.html;apple-iphone-17e-256gb-schwarz;;
Bündel;iPhone 17e;256;Vodafone;netzbetreiber;Mobil M;M;neu;1,00;27,61;69,00;;12;0,00;24;1527,64;;2026-10-10;https://www.vodafone.de/privat/handys/iphone-17e.html;apple-iphone-17e-256gb-schwarz;;
Bündel;iPhone 17e;256;Vodafone;netzbetreiber;Mobil S;S;neu;1,00;31,45;69,00;;12;0,00;24;1583,80;;2026-10-10;https://www.vodafone.de/privat/handys/iphone-17e.html;apple-iphone-17e-256gb-schwarz;;
Bündel;iPhone 17e;256;Vodafone;netzbetreiber;Mobil XL;XL;neu;1,00;44,11;69,00;;12;0,00;24;1995,64;;2026-10-10;https://www.vodafone.de/privat/handys/iphone-17e.html;apple-iphone-17e-256gb-schwarz;;
Bündel;iPhone 17e;256;Vodafone;netzbetreiber;Mobil XS;XS;neu;1,00;23,95;69,00;;12;0,00;24;1403,80;;2026-10-10;https://www.vodafone.de/privat/handys/iphone-17e.html;apple-iphone-17e-256gb-schwarz;;
Bündel;iPhone 17e;256;Vodafone;netzbetreiber;Mobil L;L;neu;1,00;33,61;69,00;;12;0,00;24;1689,64;;2026-10-10;https://www.vodafone.de/privat/handys/iphone-17e.html;apple-iphone-17e-256gb-weiss;;
Bündel;iPhone 17e;256;Vodafone;netzbetreiber;Mobil M;M;neu;1,00;27,61;69,00;;12;0,00;24;1527,64;;2026-10-10;https://www.vodafone.de/privat/handys/iphone-17e.html;apple-iphone-17e-256gb-weiss;;
Bündel;iPhone 17e;256;Vodafone;netzbetreiber;Mobil S;S;neu;1,00;31,45;69,00;;12;0,00;24;1583,80;;2026-10-10;https://www.vodafone.de/privat/handys/iphone-17e.html;apple-iphone-17e-256gb-weiss;;
Bündel;iPhone 17e;256;Vodafone;netzbetreiber;Mobil XL;XL;neu;1,00;44,11;69,00;;12;0,00;24;1995,64;;2026-10-10;https://www.vodafone.de/privat/handys/iphone-17e.html;apple-iphone-17e-256gb-weiss;;
Bündel;iPhone 17e;256;Vodafone;netzbetreiber;Mobil XS;XS;neu;1,00;23,95;69,00;;12;0,00;24;1403,80;;2026-10-10;https://www.vodafone.de/privat/handys/iphone-17e.html;apple-iphone-17e-256gb-weiss;;
Bündel;iPhone 17e;512;Vodafone;netzbetreiber;Mobil L;L;neu;1,00;33,61;90,00;;12;0,00;24;1941,64;;2026-10-10;https://www.vodafone.de/privat/handys/iphone-17e.html;apple-iphone-17e-512gb-hellrosa;;
Bündel;iPhone 17e;512;Vodafone;netzbetreiber;Mobil M;M;neu;1,00;27,61;90,00;;12;0,00;24;1779,64;;2026-10-10;https://www.vodafone.de/privat/handys/iphone-17e.html;apple-iphone-17e-512gb-hellrosa;;
Bündel;iPhone 17e;512;Vodafone;netzbetreiber;Mobil S;S;neu;1,00;31,45;90,00;;12;0,00;24;1835,80;;2026-10-10;https://www.vodafone.de/privat/handys/iphone-17e.html;apple-iphone-17e-512gb-hellrosa;;
Bündel;iPhone 17e;512;Vodafone;netzbetreiber;Mobil XL;XL;neu;1,00;44,11;90,00;;12;0,00;24;2247,64;;2026-10-10;https://www.vodafone.de/privat/handys/iphone-17e.html;apple-iphone-17e-512gb-hellrosa;;
Bündel;iPhone 17e;512;Vodafone;netzbetreiber;Mobil XS;XS;neu;1,00;23,95;90,00;;12;0,00;24;1655,80;;2026-10-10;https://www.vodafone.de/privat/handys/iphone-17e.html;apple-iphone-17e-512gb-hellrosa;;
Bündel;iPhone 17e;512;Vodafone;netzbetreiber;Mobil L;L;neu;1,00;33,61;90,00;;12;0,00;24;1941,64;;2026-10-10;https://www.vodafone.de/privat/handys/iphone-17e.html;apple-iphone-17e-512gb-schwarz;;
Bündel;iPhone 17e;512;Vodafone;netzbetreiber;Mobil M;M;neu;1,00;27,61;90,00;;12;0,00;24;1779,64;;2026-10-10;https://www.vodafone.de/privat/handys/iphone-17e.html;apple-iphone-17e-512gb-schwarz;;
Bündel;iPhone 17e;512;Vodafone;netzbetreiber;Mobil S;S;neu;1,00;31,45;90,00;;12;0,00;24;1835,80;;2026-10-10;https://www.vodafone.de/privat/handys/iphone-17e.html;apple-iphone-17e-512gb-schwarz;;
Bündel;iPhone 17e;512;Vodafone;netzbetreiber;Mobil XL;XL;neu;1,00;44,11;90,00;;12;0,00;24;2247,64;;2026-10-10;https://www.vodafone.de/privat/handys/iphone-17e.html;apple-iphone-17e-512gb-schwarz;;
Bündel;iPhone 17e;512;Vodafone;netzbetreiber;Mobil XS;XS;neu;1,00;23,95;90,00;;12;0,00;24;1655,80;;2026-10-10;https://www.vodafone.de/privat/handys/iphone-17e.html;apple-iphone-17e-512gb-schwarz;;
Bündel;iPhone 17e;512;Vodafone;netzbetreiber;Mobil L;L;neu;1,00;33,61;90,00;;12;0,00;24;1941,64;;2026-10-10;https://www.vodafone.de/privat/handys/iphone-17e.html;apple-iphone-17e-512gb-weiss;;
Bündel;iPhone 17e;512;Vodafone;netzbetreiber;Mobil M;M;neu;1,00;27,61;90,00;;12;0,00;24;1779,64;;2026-10-10;https://www.vodafone.de/privat/handys/iphone-17e.html;apple-iphone-17e-512gb-weiss;;
Bündel;iPhone 17e;512;Vodafone;netzbetreiber;Mobil S;S;neu;1,00;31,45;90,00;;12;0,00;24;1835,80;;2026-10-10;https://www.vodafone.de/privat/handys/iphone-17e.html;apple-iphone-17e-512gb-weiss;;
Bündel;iPhone 17e;512;Vodafone;netzbetreiber;Mobil XL;XL;neu;1,00;44,11;90,00;;12;0,00;24;2247,64;;2026-10-10;https://www.vodafone.de/privat/handys/iphone-17e.html;apple-iphone-17e-512gb-weiss;;
Bündel;iPhone 17e;512;Vodafone;netzbetreiber;Mobil XS;XS;neu;1,00;23,95;90,00;;12;0,00;24;1655,80;;2026-10-10;https://www.vodafone.de/privat/handys/iphone-17e.html;apple-iphone-17e-512gb-weiss;;
Bündel;iPhone 18 Pro;1024;Vodafone;netzbetreiber;Mobil L;L;neu;145,00;33,61;166,50;;12;0,00;24;3003,64;;2026-10-10;https://www.vodafone.de/privat/handys/iphone-18-pro.html;apple-iphone-18-pro-1024gb-burgunder;;
Bündel;iPhone 18 Pro;1024;Vodafone;netzbetreiber;Mobil M;M;neu;145,00;27,61;166,50;;12;0,00;24;2841,64;;2026-10-10;https://www.vodafone.de/privat/handys/iphone-18-pro.html;apple-iphone-18-pro-1024gb-burgunder;;
Bündel;iPhone 18 Pro;1024;Vodafone;netzbetreiber;Mobil S;S;neu;145,00;31,45;166,50;;12;0,00;24;2897,80;;2026-10-10;https://www.vodafone.de/privat/handys/iphone-18-pro.html;apple-iphone-18-pro-1024gb-burgunder;;
Bündel;iPhone 18 Pro;1024;Vodafone;netzbetreiber;Mobil XL;XL;neu;145,00;44,11;166,50;;12;0,00;24;3309,64;;2026-10-10;https://www.vodafone.de/privat/handys/iphone-18-pro.html;apple-iphone-18-pro-1024gb-burgunder;;
Bündel;iPhone 18 Pro;1024;Vodafone;netzbetreiber;Mobil XS;XS;neu;145,00;23,95;166,50;;12;0,00;24;2717,80;;2026-10-10;https://www.vodafone.de/privat/handys/iphone-18-pro.html;apple-iphone-18-pro-1024gb-burgunder;;
Bündel;iPhone 18 Pro;1024;Vodafone;netzbetreiber;Mobil L;L;neu;145,00;33,61;166,50;;12;0,00;24;3003,64;;2026-10-10;https://www.vodafone.de/privat/handys/iphone-18-pro.html;apple-iphone-18-pro-1024gb-polar;;
Bündel;iPhone 18 Pro;1024;Vodafone;netzbetreiber;Mobil M;M;neu;145,00;27,61;166,50;;12;0,00;24;2841,64;;2026-10-10;https://www.vodafone.de/privat/handys/iphone-18-pro.html;apple-iphone-18-pro-1024gb-polar;;
Bündel;iPhone 18 Pro;1024;Vodafone;netzbetreiber;Mobil S;S;neu;145,00;31,45;166,50;;12;0,00;24;2897,80;;2026-10-10;https://www.vodafone.de/privat/handys/iphone-18-pro.html;apple-iphone-18-pro-1024gb-polar;;
Bündel;iPhone 18 Pro;1024;Vodafone;netzbetreiber;Mobil XL;XL;neu;145,00;44,11;166,50;;12;0,00;24;3309,64;;2026-10-10;https://www.vodafone.de/privat/handys/iphone-18-pro.html;apple-iphone-18-pro-1024gb-polar;;
Bündel;iPhone 18 Pro;1024;Vodafone;netzbetreiber;Mobil XS;XS;neu;145,00;23,95;166,50;;12;0,00;24;2717,80;;2026-10-10;https://www.vodafone.de/privat/handys/iphone-18-pro.html;apple-iphone-18-pro-1024gb-polar;;
Bündel;iPhone 18 Pro;1024;Vodafone;netzbetreiber;Mobil L;L;neu;145,00;33,61;166,50;;12;0,00;24;3003,64;;2026-10-10;https://www.vodafone.de/privat/handys/iphone-18-pro.html;apple-iphone-18-pro-1024gb-schwarz;;
Bündel;iPhone 18 Pro;1024;Vodafone;netzbetreiber;Mobil M;M;neu;145,00;27,61;166,50;;12;0,00;24;2841,64;;2026-10-10;https://www.vodafone.de/privat/handys/iphone-18-pro.html;apple-iphone-18-pro-1024gb-schwarz;;
Bündel;iPhone 18 Pro;1024;Vodafone;netzbetreiber;Mobil S;S;neu;145,00;31,45;166,50;;12;0,00;24;2897,80;;2026-10-10;https://www.vodafone.de/privat/handys/iphone-18-pro.html;apple-iphone-18-pro-1024gb-schwarz;;
Bündel;iPhone 18 Pro;1024;Vodafone;netzbetreiber;Mobil XL;XL;neu;145,00;44,11;166,50;;12;0,00;24;3309,64;;2026-10-10;https://www.vodafone.de/privat/handys/iphone-18-pro.html;apple-iphone-18-pro-1024gb-schwarz;;
Bündel;iPhone 18 Pro;1024;Vodafone;netzbetreiber;Mobil XS;XS;neu;145,00;23,95;166,50;;12;0,00;24;2717,80;;2026-10-10;https://www.vodafone.de/privat/handys/iphone-18-pro.html;apple-iphone-18-pro-1024gb-schwarz;;
Bündel;iPhone 18 Pro;1024;Vodafone;netzbetreiber;Mobil L;L;neu;145,00;33,61;166,50;;12;0,00;24;3003,64;;2026-10-10;https://www.vodafone.de/privat/handys/iphone-18-pro.html;apple-iphone-18-pro-1024gb-silber;;
Bündel;iPhone 18 Pro;1024;Vodafone;netzbetreiber;Mobil M;M;neu;145,00;27,61;166,50;;12;0,00;24;2841,64;;2026-10-10;https://www.vodafone.de/privat/handys/iphone-18-pro.html;apple-iphone-18-pro-1024gb-silber;;
Bündel;iPhone 18 Pro;1024;Vodafone;netzbetreiber;Mobil S;S;neu;145,00;31,45;166,50;;12;0,00;24;2897,80;;2026-10-10;https://www.vodafone.de/privat/handys/iphone-18-pro.html;apple-iphone-18-pro-1024gb-silber;;
Bündel;iPhone 18 Pro;1024;Vodafone;netzbetreiber;Mobil XL;XL;neu;145,00;44,11;166,50;;12;0,00;24;3309,64;;2026-10-10;https://www.vodafone.de/privat/handys/iphone-18-pro.html;apple-iphone-18-pro-1024gb-silber;;
Bündel;iPhone 18 Pro;1024;Vodafone;netzbetreiber;Mobil XS;XS;neu;145,00;23,95;166,50;;12;0,00;24;2717,80;;2026-10-10;https://www.vodafone.de/privat/handys/iphone-18-pro.html;apple-iphone-18-pro-1024gb-silber;;
Bündel;iPhone 18 Pro;2048;Vodafone;netzbetreiber;Mobil L;L;neu;829,00;33,61;166,50;;12;0,00;24;3687,64;;2026-10-10;https://www.vodafone.de/privat/handys/iphone-18-pro.html;apple-iphone-18-pro-2048gb-burgunder;;
Bündel;iPhone 18 Pro;2048;Vodafone;netzbetreiber;Mobil M;M;neu;829,00;27,61;166,50;;12;0,00;24;3525,64;;2026-10-10;https://www.vodafone.de/privat/handys/iphone-18-pro.html;apple-iphone-18-pro-2048gb-burgunder;;
Bündel;iPhone 18 Pro;2048;Vodafone;netzbetreiber;Mobil S;S;neu;829,00;31,45;166,50;;12;0,00;24;3581,80;;2026-10-10;https://www.vodafone.de/privat/handys/iphone-18-pro.html;apple-iphone-18-pro-2048gb-burgunder;;
Bündel;iPhone 18 Pro;2048;Vodafone;netzbetreiber;Mobil XL;XL;neu;829,00;44,11;166,50;;12;0,00;24;3993,64;;2026-10-10;https://www.vodafone.de/privat/handys/iphone-18-pro.html;apple-iphone-18-pro-2048gb-burgunder;;
Bündel;iPhone 18 Pro;2048;Vodafone;netzbetreiber;Mobil XS;XS;neu;829,00;23,95;166,50;;12;0,00;24;3401,80;;2026-10-10;https://www.vodafone.de/privat/handys/iphone-18-pro.html;apple-iphone-18-pro-2048gb-burgunder;;
Bündel;iPhone 18 Pro;2048;Vodafone;netzbetreiber;Mobil L;L;neu;829,00;33,61;166,50;;12;0,00;24;3687,64;;2026-10-10;https://www.vodafone.de/privat/handys/iphone-18-pro.html;apple-iphone-18-pro-2048gb-polar;;
Bündel;iPhone 18 Pro;2048;Vodafone;netzbetreiber;Mobil M;M;neu;829,00;27,61;166,50;;12;0,00;24;3525,64;;2026-10-10;https://www.vodafone.de/privat/handys/iphone-18-pro.html;apple-iphone-18-pro-2048gb-polar;;
Bündel;iPhone 18 Pro;2048;Vodafone;netzbetreiber;Mobil S;S;neu;829,00;31,45;166,50;;12;0,00;24;3581,80;;2026-10-10;https://www.vodafone.de/privat/handys/iphone-18-pro.html;apple-iphone-18-pro-2048gb-polar;;
Bündel;iPhone 18 Pro;2048;Vodafone;netzbetreiber;Mobil XL;XL;neu;829,00;44,11;166,50;;12;0,00;24;3993,64;;2026-10-10;https://www.vodafone.de/privat/handys/iphone-18-pro.html;apple-iphone-18-pro-2048gb-polar;;
Bündel;iPhone 18 Pro;2048;Vodafone;netzbetreiber;Mobil XS;XS;neu;829,00;23,95;166,50;;12;0,00;24;3401,80;;2026-10-10;https://www.vodafone.de/privat/handys/iphone-18-pro.html;apple-iphone-18-pro-2048gb-polar;;
Bündel;iPhone 18 Pro;2048;Vodafone;netzbetreiber;Mobil L;L;neu;829,00;33,61;166,50;;12;0,00;24;3687,64;;2026-10-10;https://www.vodafone.de/privat/handys/iphone-18-pro.html;apple-iphone-18-pro-2048gb-schwarz;;
Bündel;iPhone 18 Pro;2048;Vodafone;netzbetreiber;Mobil M;M;neu;829,00;27,61;166,50;;12;0,00;24;3525,64;;2026-10-10;https://www.vodafone.de/privat/handys/iphone-18-pro.html;apple-iphone-18-pro-2048gb-schwarz;;
Bündel;iPhone 18 Pro;2048;Vodafone;netzbetreiber;Mobil S;S;neu;829,00;31,45;166,50;;12;0,00;24;3581,80;;2026-10-10;https://www.vodafone.de/privat/handys/iphone-18-pro.html;apple-iphone-18-pro-2048gb-schwarz;;
Bündel;iPhone 18 Pro;2048;Vodafone;netzbetreiber;Mobil XL;XL;neu;829,00;44,11;166,50;;12;0,00;24;3993,64;;2026-10-10;https://www.vodafone.de/privat/handys/iphone-18-pro.html;apple-iphone-18-pro-2048gb-schwarz;;
Bündel;iPhone 18 Pro;2048;Vodafone;netzbetreiber;Mobil XS;XS;neu;829,00;23,95;166,50;;12;0,00;24;3401,80;;2026-10-10;https://www.vodafone.de/privat/handys/iphone-18-pro.html;apple-iphone-18-pro-2048gb-schwarz;;
Bündel;iPhone 18 Pro;2048;Vodafone;netzbetreiber;Mobil L;L;neu;829,00;33,61;166,50;;12;0,00;24;3687,64;;2026-10-10;https://www.vodafone.de/privat/handys/iphone-18-pro.html;apple-iphone-18-pro-2048gb-silber;;
Bündel;iPhone 18 Pro;2048;Vodafone;netzbetreiber;Mobil M;M;neu;829,00;27,61;166,50;;12;0,00;24;3525,64;;2026-10-10;https://www.vodafone.de/privat/handys/iphone-18-pro.html;apple-iphone-18-pro-2048gb-silber;;
Bündel;iPhone 18 Pro;2048;Vodafone;netzbetreiber;Mobil S;S;neu;829,00;31,45;166,50;;12;0,00;24;3581,80;;2026-10-10;https://www.vodafone.de/privat/handys/iphone-18-pro.html;apple-iphone-18-pro-2048gb-silber;;
Bündel;iPhone 18 Pro;2048;Vodafone;netzbetreiber;Mobil XL;XL;neu;829,00;44,11;166,50;;12;0,00;24;3993,64;;2026-10-10;https://www.vodafone.de/privat/handys/iphone-18-pro.html;apple-iphone-18-pro-2048gb-silber;;
Bündel;iPhone 18 Pro;2048;Vodafone;netzbetreiber;Mobil XS;XS;neu;829,00;23,95;166,50;;12;0,00;24;3401,80;;2026-10-10;https://www.vodafone.de/privat/handys/iphone-18-pro.html;apple-iphone-18-pro-2048gb-silber;;
Bündel;iPhone 18 Pro;256;Vodafone;netzbetreiber;Mobil L;L;neu;0,99;33,61;120,00;;12;0,00;24;2301,63;;2026-10-10;https://www.vodafone.de/privat/handys/iphone-18-pro.html;apple-iphone-18-pro-256gb-burgunder;;
Bündel;iPhone 18 Pro;256;Vodafone;netzbetreiber;Mobil M;M;neu;0,99;27,61;120,00;;12;0,00;24;2139,63;;2026-10-10;https://www.vodafone.de/privat/handys/iphone-18-pro.html;apple-iphone-18-pro-256gb-burgunder;;
Bündel;iPhone 18 Pro;256;Vodafone;netzbetreiber;Mobil S;S;neu;0,99;31,45;120,00;;12;0,00;24;2195,79;;2026-10-10;https://www.vodafone.de/privat/handys/iphone-18-pro.html;apple-iphone-18-pro-256gb-burgunder;;
Bündel;iPhone 18 Pro;256;Vodafone;netzbetreiber;Mobil XL;XL;neu;0,99;44,11;120,00;;12;0,00;24;2607,63;;2026-10-10;https://www.vodafone.de/privat/handys/iphone-18-pro.html;apple-iphone-18-pro-256gb-burgunder;;
Bündel;iPhone 18 Pro;256;Vodafone;netzbetreiber;Mobil XS;XS;neu;0,99;23,95;120,00;;12;0,00;24;2015,79;;2026-10-10;https://www.vodafone.de/privat/handys/iphone-18-pro.html;apple-iphone-18-pro-256gb-burgunder;;
Bündel;iPhone 18 Pro;256;Vodafone;netzbetreiber;Mobil L;L;neu;0,99;33,61;120,00;;12;0,00;24;2301,63;;2026-10-10;https://www.vodafone.de/privat/handys/iphone-18-pro.html;apple-iphone-18-pro-256gb-polar;;
Bündel;iPhone 18 Pro;256;Vodafone;netzbetreiber;Mobil M;M;neu;0,99;27,61;120,00;;12;0,00;24;2139,63;;2026-10-10;https://www.vodafone.de/privat/handys/iphone-18-pro.html;apple-iphone-18-pro-256gb-polar;;
Bündel;iPhone 18 Pro;256;Vodafone;netzbetreiber;Mobil S;S;neu;0,99;31,45;120,00;;12;0,00;24;2195,79;;2026-10-10;https://www.vodafone.de/privat/handys/iphone-18-pro.html;apple-iphone-18-pro-256gb-polar;;
Bündel;iPhone 18 Pro;256;Vodafone;netzbetreiber;Mobil XL;XL;neu;0,99;44,11;120,00;;12;0,00;24;2607,63;;2026-10-10;https://www.vodafone.de/privat/handys/iphone-18-pro.html;apple-iphone-18-pro-256gb-polar;;
Bündel;iPhone 18 Pro;256;Vodafone;netzbetreiber;Mobil XS;XS;neu;0,99;23,95;120,00;;12;0,00;24;2015,79;;2026-10-10;https://www.vodafone.de/privat/handys/iphone-18-pro.html;apple-iphone-18-pro-256gb-polar;;
Bündel;iPhone 18 Pro;256;Vodafone;netzbetreiber;Mobil L;L;neu;0,99;33,61;120,00;;12;0,00;24;2301,63;;2026-10-10;https://www.vodafone.de/privat/handys/iphone-18-pro.html;apple-iphone-18-pro-256gb-schwarz;;
Bündel;iPhone 18 Pro;256;Vodafone;netzbetreiber;Mobil M;M;neu;0,99;27,61;120,00;;12;0,00;24;2139,63;;2026-10-10;https://www.vodafone.de/privat/handys/iphone-18-pro.html;apple-iphone-18-pro-256gb-schwarz;;
Bündel;iPhone 18 Pro;256;Vodafone;netzbetreiber;Mobil S;S;neu;0,99;31,45;120,00;;12;0,00;24;2195,79;;2026-10-10;https://www.vodafone.de/privat/handys/iphone-18-pro.html;apple-iphone-18-pro-256gb-schwarz;;
Bündel;iPhone 18 Pro;256;Vodafone;netzbetreiber;Mobil XL;XL;neu;0,99;44,11;120,00;;12;0,00;24;2607,63;;2026-10-10;https://www.vodafone.de/privat/handys/iphone-18-pro.html;apple-iphone-18-pro-256gb-schwarz;;
Bündel;iPhone 18 Pro;256;Vodafone;netzbetreiber;Mobil XS;XS;neu;0,99;23,95;120,00;;12;0,00;24;2015,79;;2026-10-10;https://www.vodafone.de/privat/handys/iphone-18-pro.html;apple-iphone-18-pro-256gb-schwarz;;
Bündel;iPhone 18 Pro;256;Vodafone;netzbetreiber;Mobil L;L;neu;0,99;33,61;120,00;;12;0,00;24;2301,63;;2026-10-10;https://www.vodafone.de/privat/handys/iphone-18-pro.html;apple-iphone-18-pro-256gb-silber;;
Bündel;iPhone 18 Pro;256;Vodafone;netzbetreiber;Mobil M;M;neu;0,99;27,61;120,00;;12;0,00;24;2139,63;;2026-10-10;https://www.vodafone.de/privat/handys/iphone-18-pro.html;apple-iphone-18-pro-256gb-silber;;
Bündel;iPhone 18 Pro;256;Vodafone;netzbetreiber;Mobil S;S;neu;0,99;31,45;120,00;;12;0,00;24;2195,79;;2026-10-10;https://www.vodafone.de/privat/handys/iphone-18-pro.html;apple-iphone-18-pro-256gb-silber;;
Bündel;iPhone 18 Pro;256;Vodafone;netzbetreiber;Mobil XL;XL;neu;0,99;44,11;120,00;;12;0,00;24;2607,63;;2026-10-10;https://www.vodafone.de/privat/handys/iphone-18-pro.html;apple-iphone-18-pro-256gb-silber;;
Bündel;iPhone 18 Pro;256;Vodafone;netzbetreiber;Mobil XS;XS;neu;0,99;23,95;120,00;;12;0,00;24;2015,79;;2026-10-10;https://www.vodafone.de/privat/handys/iphone-18-pro.html;apple-iphone-18-pro-256gb-silber;;
Bündel;iPhone 18 Pro;512;Vodafone;netzbetreiber;Mobil L;L;neu;1,00;33,61;141,00;;12;0,00;24;2553,64;;2026-10-10;https://www.vodafone.de/privat/handys/iphone-18-pro.html;apple-iphone-18-pro-512gb-burgunder;;
Bündel;iPhone 18 Pro;512;Vodafone;netzbetreiber;Mobil M;M;neu;1,00;27,61;141,00;;12;0,00;24;2391,64;;2026-10-10;https://www.vodafone.de/privat/handys/iphone-18-pro.html;apple-iphone-18-pro-512gb-burgunder;;
Bündel;iPhone 18 Pro;512;Vodafone;netzbetreiber;Mobil S;S;neu;1,00;31,45;141,00;;12;0,00;24;2447,80;;2026-10-10;https://www.vodafone.de/privat/handys/iphone-18-pro.html;apple-iphone-18-pro-512gb-burgunder;;
Bündel;iPhone 18 Pro;512;Vodafone;netzbetreiber;Mobil XL;XL;neu;1,00;44,11;141,00;;12;0,00;24;2859,64;;2026-10-10;https://www.vodafone.de/privat/handys/iphone-18-pro.html;apple-iphone-18-pro-512gb-burgunder;;
Bündel;iPhone 18 Pro;512;Vodafone;netzbetreiber;Mobil XS;XS;neu;1,00;23,95;141,00;;12;0,00;24;2267,80;;2026-10-10;https://www.vodafone.de/privat/handys/iphone-18-pro.html;apple-iphone-18-pro-512gb-burgunder;;
Bündel;iPhone 18 Pro;512;Vodafone;netzbetreiber;Mobil L;L;neu;1,00;33,61;141,00;;12;0,00;24;2553,64;;2026-10-10;https://www.vodafone.de/privat/handys/iphone-18-pro.html;apple-iphone-18-pro-512gb-polar;;
Bündel;iPhone 18 Pro;512;Vodafone;netzbetreiber;Mobil M;M;neu;1,00;27,61;141,00;;12;0,00;24;2391,64;;2026-10-10;https://www.vodafone.de/privat/handys/iphone-18-pro.html;apple-iphone-18-pro-512gb-polar;;
Bündel;iPhone 18 Pro;512;Vodafone;netzbetreiber;Mobil S;S;neu;1,00;31,45;141,00;;12;0,00;24;2447,80;;2026-10-10;https://www.vodafone.de/privat/handys/iphone-18-pro.html;apple-iphone-18-pro-512gb-polar;;
Bündel;iPhone 18 Pro;512;Vodafone;netzbetreiber;Mobil XL;XL;neu;1,00;44,11;141,00;;12;0,00;24;2859,64;;2026-10-10;https://www.vodafone.de/privat/handys/iphone-18-pro.html;apple-iphone-18-pro-512gb-polar;;
Bündel;iPhone 18 Pro;512;Vodafone;netzbetreiber;Mobil XS;XS;neu;1,00;23,95;141,00;;12;0,00;24;2267,80;;2026-10-10;https://www.vodafone.de/privat/handys/iphone-18-pro.html;apple-iphone-18-pro-512gb-polar;;
Bündel;iPhone 18 Pro;512;Vodafone;netzbetreiber;Mobil L;L;neu;1,00;33,61;141,00;;12;0,00;24;2553,64;;2026-10-10;https://www.vodafone.de/privat/handys/iphone-18-pro.html;apple-iphone-18-pro-512gb-schwarz;;
Bündel;iPhone 18 Pro;512;Vodafone;netzbetreiber;Mobil M;M;neu;1,00;27,61;141,00;;12;0,00;24;2391,64;;2026-10-10;https://www.vodafone.de/privat/handys/iphone-18-pro.html;apple-iphone-18-pro-512gb-schwarz;;
Bündel;iPhone 18 Pro;512;Vodafone;netzbetreiber;Mobil S;S;neu;1,00;31,45;141,00;;12;0,00;24;2447,80;;2026-10-10;https://www.vodafone.de/privat/handys/iphone-18-pro.html;apple-iphone-18-pro-512gb-schwarz;;
Bündel;iPhone 18 Pro;512;Vodafone;netzbetreiber;Mobil XL;XL;neu;1,00;44,11;141,00;;12;0,00;24;2859,64;;2026-10-10;https://www.vodafone.de/privat/handys/iphone-18-pro.html;apple-iphone-18-pro-512gb-schwarz;;
Bündel;iPhone 18 Pro;512;Vodafone;netzbetreiber;Mobil XS;XS;neu;1,00;23,95;141,00;;12;0,00;24;2267,80;;2026-10-10;https://www.vodafone.de/privat/handys/iphone-18-pro.html;apple-iphone-18-pro-512gb-schwarz;;
Bündel;iPhone 18 Pro;512;Vodafone;netzbetreiber;Mobil L;L;neu;1,00;33,61;141,00;;12;0,00;24;2553,64;;2026-10-10;https://www.vodafone.de/privat/handys/iphone-18-pro.html;apple-iphone-18-pro-512gb-silber;;
Bündel;iPhone 18 Pro;512;Vodafone;netzbetreiber;Mobil M;M;neu;1,00;27,61;141,00;;12;0,00;24;2391,64;;2026-10-10;https://www.vodafone.de/privat/handys/iphone-18-pro.html;apple-iphone-18-pro-512gb-silber;;
Bündel;iPhone 18 Pro;512;Vodafone;netzbetreiber;Mobil S;S;neu;1,00;31,45;141,00;;12;0,00;24;2447,80;;2026-10-10;https://www.vodafone.de/privat/handys/iphone-18-pro.html;apple-iphone-18-pro-512gb-silber;;
Bündel;iPhone 18 Pro;512;Vodafone;netzbetreiber;Mobil XL;XL;neu;1,00;44,11;141,00;;12;0,00;24;2859,64;;2026-10-10;https://www.vodafone.de/privat/handys/iphone-18-pro.html;apple-iphone-18-pro-512gb-silber;;
Bündel;iPhone 18 Pro;512;Vodafone;netzbetreiber;Mobil XS;XS;neu;1,00;23,95;141,00;;12;0,00;24;2267,80;;2026-10-10;https://www.vodafone.de/privat/handys/iphone-18-pro.html;apple-iphone-18-pro-512gb-silber;;
Bündel;iPhone 18 Pro Max;1024;Vodafone;netzbetreiber;Mobil L;L;neu;306,99;33,61;166,50;;12;0,00;24;3165,63;;2026-10-10;https://www.vodafone.de/privat/handys/iphone-18-pro-max.html;apple-iphone-18-pro-max-1024gb-burgunder;;
Bündel;iPhone 18 Pro Max;1024;Vodafone;netzbetreiber;Mobil M;M;neu;306,99;27,61;166,50;;12;0,00;24;3003,63;;2026-10-10;https://www.vodafone.de/privat/handys/iphone-18-pro-max.html;apple-iphone-18-pro-max-1024gb-burgunder;;
Bündel;iPhone 18 Pro Max;1024;Vodafone;netzbetreiber;Mobil S;S;neu;306,99;31,45;166,50;;12;0,00;24;3059,79;;2026-10-10;https://www.vodafone.de/privat/handys/iphone-18-pro-max.html;apple-iphone-18-pro-max-1024gb-burgunder;;
Bündel;iPhone 18 Pro Max;1024;Vodafone;netzbetreiber;Mobil XL;XL;neu;306,99;44,11;166,50;;12;0,00;24;3471,63;;2026-10-10;https://www.vodafone.de/privat/handys/iphone-18-pro-max.html;apple-iphone-18-pro-max-1024gb-burgunder;;
Bündel;iPhone 18 Pro Max;1024;Vodafone;netzbetreiber;Mobil XS;XS;neu;306,99;23,95;166,50;;12;0,00;24;2879,79;;2026-10-10;https://www.vodafone.de/privat/handys/iphone-18-pro-max.html;apple-iphone-18-pro-max-1024gb-burgunder;;
Bündel;iPhone 18 Pro Max;1024;Vodafone;netzbetreiber;Mobil L;L;neu;306,99;33,61;166,50;;12;0,00;24;3165,63;;2026-10-10;https://www.vodafone.de/privat/handys/iphone-18-pro-max.html;apple-iphone-18-pro-max-1024gb-polar;;
Bündel;iPhone 18 Pro Max;1024;Vodafone;netzbetreiber;Mobil M;M;neu;306,99;27,61;166,50;;12;0,00;24;3003,63;;2026-10-10;https://www.vodafone.de/privat/handys/iphone-18-pro-max.html;apple-iphone-18-pro-max-1024gb-polar;;
Bündel;iPhone 18 Pro Max;1024;Vodafone;netzbetreiber;Mobil S;S;neu;306,99;31,45;166,50;;12;0,00;24;3059,79;;2026-10-10;https://www.vodafone.de/privat/handys/iphone-18-pro-max.html;apple-iphone-18-pro-max-1024gb-polar;;
Bündel;iPhone 18 Pro Max;1024;Vodafone;netzbetreiber;Mobil XL;XL;neu;306,99;44,11;166,50;;12;0,00;24;3471,63;;2026-10-10;https://www.vodafone.de/privat/handys/iphone-18-pro-max.html;apple-iphone-18-pro-max-1024gb-polar;;
Bündel;iPhone 18 Pro Max;1024;Vodafone;netzbetreiber;Mobil XS;XS;neu;306,99;23,95;166,50;;12;0,00;24;2879,79;;2026-10-10;https://www.vodafone.de/privat/handys/iphone-18-pro-max.html;apple-iphone-18-pro-max-1024gb-polar;;
Bündel;iPhone 18 Pro Max;1024;Vodafone;netzbetreiber;Mobil L;L;neu;306,99;33,61;166,50;;12;0,00;24;3165,63;;2026-10-10;https://www.vodafone.de/privat/handys/iphone-18-pro-max.html;apple-iphone-18-pro-max-1024gb-schwarz;;
Bündel;iPhone 18 Pro Max;1024;Vodafone;netzbetreiber;Mobil M;M;neu;306,99;27,61;166,50;;12;0,00;24;3003,63;;2026-10-10;https://www.vodafone.de/privat/handys/iphone-18-pro-max.html;apple-iphone-18-pro-max-1024gb-schwarz;;
Bündel;iPhone 18 Pro Max;1024;Vodafone;netzbetreiber;Mobil S;S;neu;306,99;31,45;166,50;;12;0,00;24;3059,79;;2026-10-10;https://www.vodafone.de/privat/handys/iphone-18-pro-max.html;apple-iphone-18-pro-max-1024gb-schwarz;;
Bündel;iPhone 18 Pro Max;1024;Vodafone;netzbetreiber;Mobil XL;XL;neu;306,99;44,11;166,50;;12;0,00;24;3471,63;;2026-10-10;https://www.vodafone.de/privat/handys/iphone-18-pro-max.html;apple-iphone-18-pro-max-1024gb-schwarz;;
Bündel;iPhone 18 Pro Max;1024;Vodafone;netzbetreiber;Mobil XS;XS;neu;306,99;23,95;166,50;;12;0,00;24;2879,79;;2026-10-10;https://www.vodafone.de/privat/handys/iphone-18-pro-max.html;apple-iphone-18-pro-max-1024gb-schwarz;;
Bündel;iPhone 18 Pro Max;1024;Vodafone;netzbetreiber;Mobil L;L;neu;306,99;33,61;166,50;;12;0,00;24;3165,63;;2026-10-10;https://www.vodafone.de/privat/handys/iphone-18-pro-max.html;apple-iphone-18-pro-max-1024gb-silber;;
Bündel;iPhone 18 Pro Max;1024;Vodafone;netzbetreiber;Mobil M;M;neu;306,99;27,61;166,50;;12;0,00;24;3003,63;;2026-10-10;https://www.vodafone.de/privat/handys/iphone-18-pro-max.html;apple-iphone-18-pro-max-1024gb-silber;;
Bündel;iPhone 18 Pro Max;1024;Vodafone;netzbetreiber;Mobil S;S;neu;306,99;31,45;166,50;;12;0,00;24;3059,79;;2026-10-10;https://www.vodafone.de/privat/handys/iphone-18-pro-max.html;apple-iphone-18-pro-max-1024gb-silber;;
Bündel;iPhone 18 Pro Max;1024;Vodafone;netzbetreiber;Mobil XL;XL;neu;306,99;44,11;166,50;;12;0,00;24;3471,63;;2026-10-10;https://www.vodafone.de/privat/handys/iphone-18-pro-max.html;apple-iphone-18-pro-max-1024gb-silber;;
Bündel;iPhone 18 Pro Max;1024;Vodafone;netzbetreiber;Mobil XS;XS;neu;306,99;23,95;166,50;;12;0,00;24;2879,79;;2026-10-10;https://www.vodafone.de/privat/handys/iphone-18-pro-max.html;apple-iphone-18-pro-max-1024gb-silber;;
Bündel;iPhone 18 Pro Max;2048;Vodafone;netzbetreiber;Mobil L;L;neu;1045,00;33,61;166,50;;12;0,00;24;3903,64;;2026-10-10;https://www.vodafone.de/privat/handys/iphone-18-pro-max.html;apple-iphone-18-pro-max-2048gb-burgunder;;
Bündel;iPhone 18 Pro Max;2048;Vodafone;netzbetreiber;Mobil M;M;neu;1045,00;27,61;166,50;;12;0,00;24;3741,64;;2026-10-10;https://www.vodafone.de/privat/handys/iphone-18-pro-max.html;apple-iphone-18-pro-max-2048gb-burgunder;;
Bündel;iPhone 18 Pro Max;2048;Vodafone;netzbetreiber;Mobil S;S;neu;1045,00;31,45;166,50;;12;0,00;24;3797,80;;2026-10-10;https://www.vodafone.de/privat/handys/iphone-18-pro-max.html;apple-iphone-18-pro-max-2048gb-burgunder;;
Bündel;iPhone 18 Pro Max;2048;Vodafone;netzbetreiber;Mobil XL;XL;neu;1045,00;44,11;166,50;;12;0,00;24;4209,64;;2026-10-10;https://www.vodafone.de/privat/handys/iphone-18-pro-max.html;apple-iphone-18-pro-max-2048gb-burgunder;;
Bündel;iPhone 18 Pro Max;2048;Vodafone;netzbetreiber;Mobil XS;XS;neu;1045,00;23,95;166,50;;12;0,00;24;3617,80;;2026-10-10;https://www.vodafone.de/privat/handys/iphone-18-pro-max.html;apple-iphone-18-pro-max-2048gb-burgunder;;
Bündel;iPhone 18 Pro Max;2048;Vodafone;netzbetreiber;Mobil L;L;neu;1045,00;33,61;166,50;;12;0,00;24;3903,64;;2026-10-10;https://www.vodafone.de/privat/handys/iphone-18-pro-max.html;apple-iphone-18-pro-max-2048gb-polar;;
Bündel;iPhone 18 Pro Max;2048;Vodafone;netzbetreiber;Mobil M;M;neu;1045,00;27,61;166,50;;12;0,00;24;3741,64;;2026-10-10;https://www.vodafone.de/privat/handys/iphone-18-pro-max.html;apple-iphone-18-pro-max-2048gb-polar;;
Bündel;iPhone 18 Pro Max;2048;Vodafone;netzbetreiber;Mobil S;S;neu;1045,00;31,45;166,50;;12;0,00;24;3797,80;;2026-10-10;https://www.vodafone.de/privat/handys/iphone-18-pro-max.html;apple-iphone-18-pro-max-2048gb-polar;;
Bündel;iPhone 18 Pro Max;2048;Vodafone;netzbetreiber;Mobil XL;XL;neu;1045,00;44,11;166,50;;12;0,00;24;4209,64;;2026-10-10;https://www.vodafone.de/privat/handys/iphone-18-pro-max.html;apple-iphone-18-pro-max-2048gb-polar;;
Bündel;iPhone 18 Pro Max;2048;Vodafone;netzbetreiber;Mobil XS;XS;neu;1045,00;23,95;166,50;;12;0,00;24;3617,80;;2026-10-10;https://www.vodafone.de/privat/handys/iphone-18-pro-max.html;apple-iphone-18-pro-max-2048gb-polar;;
Bündel;iPhone 18 Pro Max;2048;Vodafone;netzbetreiber;Mobil L;L;neu;1045,00;33,61;166,50;;12;0,00;24;3903,64;;2026-10-10;https://www.vodafone.de/privat/handys/iphone-18-pro-max.html;apple-iphone-18-pro-max-2048gb-schwarz;;
Bündel;iPhone 18 Pro Max;2048;Vodafone;netzbetreiber;Mobil M;M;neu;1045,00;27,61;166,50;;12;0,00;24;3741,64;;2026-10-10;https://www.vodafone.de/privat/handys/iphone-18-pro-max.html;apple-iphone-18-pro-max-2048gb-schwarz;;
Bündel;iPhone 18 Pro Max;2048;Vodafone;netzbetreiber;Mobil S;S;neu;1045,00;31,45;166,50;;12;0,00;24;3797,80;;2026-10-10;https://www.vodafone.de/privat/handys/iphone-18-pro-max.html;apple-iphone-18-pro-max-2048gb-schwarz;;
Bündel;iPhone 18 Pro Max;2048;Vodafone;netzbetreiber;Mobil XL;XL;neu;1045,00;44,11;166,50;;12;0,00;24;4209,64;;2026-10-10;https://www.vodafone.de/privat/handys/iphone-18-pro-max.html;apple-iphone-18-pro-max-2048gb-schwarz;;
Bündel;iPhone 18 Pro Max;2048;Vodafone;netzbetreiber;Mobil XS;XS;neu;1045,00;23,95;166,50;;12;0,00;24;3617,80;;2026-10-10;https://www.vodafone.de/privat/handys/iphone-18-pro-max.html;apple-iphone-18-pro-max-2048gb-schwarz;;
Bündel;iPhone 18 Pro Max;2048;Vodafone;netzbetreiber;Mobil L;L;neu;1045,00;33,61;166,50;;12;0,00;24;3903,64;;2026-10-10;https://www.vodafone.de/privat/handys/iphone-18-pro-max.html;apple-iphone-18-pro-max-2048gb-silber;;
Bündel;iPhone 18 Pro Max;2048;Vodafone;netzbetreiber;Mobil M;M;neu;1045,00;27,61;166,50;;12;0,00;24;3741,64;;2026-10-10;https://www.vodafone.de/privat/handys/iphone-18-pro-max.html;apple-iphone-18-pro-max-2048gb-silber;;
Bündel;iPhone 18 Pro Max;2048;Vodafone;netzbetreiber;Mobil S;S;neu;1045,00;31,45;166,50;;12;0,00;24;3797,80;;2026-10-10;https://www.vodafone.de/privat/handys/iphone-18-pro-max.html;apple-iphone-18-pro-max-2048gb-silber;;
Bündel;iPhone 18 Pro Max;2048;Vodafone;netzbetreiber;Mobil XL;XL;neu;1045,00;44,11;166,50;;12;0,00;24;4209,64;;2026-10-10;https://www.vodafone.de/privat/handys/iphone-18-pro-max.html;apple-iphone-18-pro-max-2048gb-silber;;
Bündel;iPhone 18 Pro Max;2048;Vodafone;netzbetreiber;Mobil XS;XS;neu;1045,00;23,95;166,50;;12;0,00;24;3617,80;;2026-10-10;https://www.vodafone.de/privat/handys/iphone-18-pro-max.html;apple-iphone-18-pro-max-2048gb-silber;;
Bündel;iPhone 18 Pro Max;256;Vodafone;netzbetreiber;Mobil L;L;neu;1,00;33,61;132,00;;12;0,00;24;2445,64;;2026-10-10;https://www.vodafone.de/privat/handys/iphone-18-pro-max.html;apple-iphone-18-pro-max-256gb-burgunder;;
Bündel;iPhone 18 Pro Max;256;Vodafone;netzbetreiber;Mobil M;M;neu;1,00;27,61;132,00;;12;0,00;24;2283,64;;2026-10-10;https://www.vodafone.de/privat/handys/iphone-18-pro-max.html;apple-iphone-18-pro-max-256gb-burgunder;;
Bündel;iPhone 18 Pro Max;256;Vodafone;netzbetreiber;Mobil S;S;neu;1,00;31,45;132,00;;12;0,00;24;2339,80;;2026-10-10;https://www.vodafone.de/privat/handys/iphone-18-pro-max.html;apple-iphone-18-pro-max-256gb-burgunder;;
Bündel;iPhone 18 Pro Max;256;Vodafone;netzbetreiber;Mobil XL;XL;neu;1,00;44,11;132,00;;12;0,00;24;2751,64;;2026-10-10;https://www.vodafone.de/privat/handys/iphone-18-pro-max.html;apple-iphone-18-pro-max-256gb-burgunder;;
Bündel;iPhone 18 Pro Max;256;Vodafone;netzbetreiber;Mobil XS;XS;neu;1,00;23,95;132,00;;12;0,00;24;2159,80;;2026-10-10;https://www.vodafone.de/privat/handys/iphone-18-pro-max.html;apple-iphone-18-pro-max-256gb-burgunder;;
Bündel;iPhone 18 Pro Max;256;Vodafone;netzbetreiber;Mobil L;L;neu;1,00;33,61;132,00;;12;0,00;24;2445,64;;2026-10-10;https://www.vodafone.de/privat/handys/iphone-18-pro-max.html;apple-iphone-18-pro-max-256gb-polar;;
Bündel;iPhone 18 Pro Max;256;Vodafone;netzbetreiber;Mobil M;M;neu;1,00;27,61;132,00;;12;0,00;24;2283,64;;2026-10-10;https://www.vodafone.de/privat/handys/iphone-18-pro-max.html;apple-iphone-18-pro-max-256gb-polar;;
Bündel;iPhone 18 Pro Max;256;Vodafone;netzbetreiber;Mobil S;S;neu;1,00;31,45;132,00;;12;0,00;24;2339,80;;2026-10-10;https://www.vodafone.de/privat/handys/iphone-18-pro-max.html;apple-iphone-18-pro-max-256gb-polar;;
Bündel;iPhone 18 Pro Max;256;Vodafone;netzbetreiber;Mobil XL;XL;neu;1,00;44,11;132,00;;12;0,00;24;2751,64;;2026-10-10;https://www.vodafone.de/privat/handys/iphone-18-pro-max.html;apple-iphone-18-pro-max-256gb-polar;;
Bündel;iPhone 18 Pro Max;256;Vodafone;netzbetreiber;Mobil XS;XS;neu;1,00;23,95;132,00;;12;0,00;24;2159,80;;2026-10-10;https://www.vodafone.de/privat/handys/iphone-18-pro-max.html;apple-iphone-18-pro-max-256gb-polar;;
Bündel;iPhone 18 Pro Max;256;Vodafone;netzbetreiber;Mobil L;L;neu;1,00;33,61;132,00;;12;0,00;24;2445,64;;2026-10-10;https://www.vodafone.de/privat/handys/iphone-18-pro-max.html;apple-iphone-18-pro-max-256gb-schwarz;;
Bündel;iPhone 18 Pro Max;256;Vodafone;netzbetreiber;Mobil M;M;neu;1,00;27,61;132,00;;12;0,00;24;2283,64;;2026-10-10;https://www.vodafone.de/privat/handys/iphone-18-pro-max.html;apple-iphone-18-pro-max-256gb-schwarz;;
Bündel;iPhone 18 Pro Max;256;Vodafone;netzbetreiber;Mobil S;S;neu;1,00;31,45;132,00;;12;0,00;24;2339,80;;2026-10-10;https://www.vodafone.de/privat/handys/iphone-18-pro-max.html;apple-iphone-18-pro-max-256gb-schwarz;;
Bündel;iPhone 18 Pro Max;256;Vodafone;netzbetreiber;Mobil XL;XL;neu;1,00;44,11;132,00;;12;0,00;24;2751,64;;2026-10-10;https://www.vodafone.de/privat/handys/iphone-18-pro-max.html;apple-iphone-18-pro-max-256gb-schwarz;;
Bündel;iPhone 18 Pro Max;256;Vodafone;netzbetreiber;Mobil XS;XS;neu;1,00;23,95;132,00;;12;0,00;24;2159,80;;2026-10-10;https://www.vodafone.de/privat/handys/iphone-18-pro-max.html;apple-iphone-18-pro-max-256gb-schwarz;;
Bündel;iPhone 18 Pro Max;256;Vodafone;netzbetreiber;Mobil L;L;neu;1,00;33,61;132,00;;12;0,00;24;2445,64;;2026-10-10;https://www.vodafone.de/privat/handys/iphone-18-pro-max.html;apple-iphone-18-pro-max-256gb-silber;;
Bündel;iPhone 18 Pro Max;256;Vodafone;netzbetreiber;Mobil M;M;neu;1,00;27,61;132,00;;12;0,00;24;2283,64;;2026-10-10;https://www.vodafone.de/privat/handys/iphone-18-pro-max.html;apple-iphone-18-pro-max-256gb-silber;;
Bündel;iPhone 18 Pro Max;256;Vodafone;netzbetreiber;Mobil S;S;neu;1,00;31,45;132,00;;12;0,00;24;2339,80;;2026-10-10;https://www.vodafone.de/privat/handys/iphone-18-pro-max.html;apple-iphone-18-pro-max-256gb-silber;;
Bündel;iPhone 18 Pro Max;256;Vodafone;netzbetreiber;Mobil XL;XL;neu;1,00;44,11;132,00;;12;0,00;24;2751,64;;2026-10-10;https://www.vodafone.de/privat/handys/iphone-18-pro-max.html;apple-iphone-18-pro-max-256gb-silber;;
Bündel;iPhone 18 Pro Max;256;Vodafone;netzbetreiber;Mobil XS;XS;neu;1,00;23,95;132,00;;12;0,00;24;2159,80;;2026-10-10;https://www.vodafone.de/privat/handys/iphone-18-pro-max.html;apple-iphone-18-pro-max-256gb-silber;;
Bündel;iPhone 18 Pro Max;512;Vodafone;netzbetreiber;Mobil L;L;neu;1,00;33,61;153,00;;12;0,00;24;2697,64;;2026-10-10;https://www.vodafone.de/privat/handys/iphone-18-pro-max.html;apple-iphone-18-pro-max-512gb-burgunder;;
Bündel;iPhone 18 Pro Max;512;Vodafone;netzbetreiber;Mobil M;M;neu;1,00;27,61;153,00;;12;0,00;24;2535,64;;2026-10-10;https://www.vodafone.de/privat/handys/iphone-18-pro-max.html;apple-iphone-18-pro-max-512gb-burgunder;;
Bündel;iPhone 18 Pro Max;512;Vodafone;netzbetreiber;Mobil S;S;neu;1,00;31,45;153,00;;12;0,00;24;2591,80;;2026-10-10;https://www.vodafone.de/privat/handys/iphone-18-pro-max.html;apple-iphone-18-pro-max-512gb-burgunder;;
Bündel;iPhone 18 Pro Max;512;Vodafone;netzbetreiber;Mobil XL;XL;neu;1,00;44,11;153,00;;12;0,00;24;3003,64;;2026-10-10;https://www.vodafone.de/privat/handys/iphone-18-pro-max.html;apple-iphone-18-pro-max-512gb-burgunder;;
Bündel;iPhone 18 Pro Max;512;Vodafone;netzbetreiber;Mobil XS;XS;neu;1,00;23,95;153,00;;12;0,00;24;2411,80;;2026-10-10;https://www.vodafone.de/privat/handys/iphone-18-pro-max.html;apple-iphone-18-pro-max-512gb-burgunder;;
Bündel;iPhone 18 Pro Max;512;Vodafone;netzbetreiber;Mobil L;L;neu;1,00;33,61;153,00;;12;0,00;24;2697,64;;2026-10-10;https://www.vodafone.de/privat/handys/iphone-18-pro-max.html;apple-iphone-18-pro-max-512gb-polar;;
Bündel;iPhone 18 Pro Max;512;Vodafone;netzbetreiber;Mobil M;M;neu;1,00;27,61;153,00;;12;0,00;24;2535,64;;2026-10-10;https://www.vodafone.de/privat/handys/iphone-18-pro-max.html;apple-iphone-18-pro-max-512gb-polar;;
Bündel;iPhone 18 Pro Max;512;Vodafone;netzbetreiber;Mobil S;S;neu;1,00;31,45;153,00;;12;0,00;24;2591,80;;2026-10-10;https://www.vodafone.de/privat/handys/iphone-18-pro-max.html;apple-iphone-18-pro-max-512gb-polar;;
Bündel;iPhone 18 Pro Max;512;Vodafone;netzbetreiber;Mobil XL;XL;neu;1,00;44,11;153,00;;12;0,00;24;3003,64;;2026-10-10;https://www.vodafone.de/privat/handys/iphone-18-pro-max.html;apple-iphone-18-pro-max-512gb-polar;;
Bündel;iPhone 18 Pro Max;512;Vodafone;netzbetreiber;Mobil XS;XS;neu;1,00;23,95;153,00;;12;0,00;24;2411,80;;2026-10-10;https://www.vodafone.de/privat/handys/iphone-18-pro-max.html;apple-iphone-18-pro-max-512gb-polar;;
Bündel;iPhone 18 Pro Max;512;Vodafone;netzbetreiber;Mobil L;L;neu;1,00;33,61;153,00;;12;0,00;24;2697,64;;2026-10-10;https://www.vodafone.de/privat/handys/iphone-18-pro-max.html;apple-iphone-18-pro-max-512gb-schwarz;;
Bündel;iPhone 18 Pro Max;512;Vodafone;netzbetreiber;Mobil M;M;neu;1,00;27,61;153,00;;12;0,00;24;2535,64;;2026-10-10;https://www.vodafone.de/privat/handys/iphone-18-pro-max.html;apple-iphone-18-pro-max-512gb-schwarz;;
Bündel;iPhone 18 Pro Max;512;Vodafone;netzbetreiber;Mobil S;S;neu;1,00;31,45;153,00;;12;0,00;24;2591,80;;2026-10-10;https://www.vodafone.de/privat/handys/iphone-18-pro-max.html;apple-iphone-18-pro-max-512gb-schwarz;;
Bündel;iPhone 18 Pro Max;512;Vodafone;netzbetreiber;Mobil XL;XL;neu;1,00;44,11;153,00;;12;0,00;24;3003,64;;2026-10-10;https://www.vodafone.de/privat/handys/iphone-18-pro-max.html;apple-iphone-18-pro-max-512gb-schwarz;;
Bündel;iPhone 18 Pro Max;512;Vodafone;netzbetreiber;Mobil XS;XS;neu;1,00;23,95;153,00;;12;0,00;24;2411,80;;2026-10-10;https://www.vodafone.de/privat/handys/iphone-18-pro-max.html;apple-iphone-18-pro-max-512gb-schwarz;;
Bündel;iPhone 18 Pro Max;512;Vodafone;netzbetreiber;Mobil L;L;neu;1,00;33,61;153,00;;12;0,00;24;2697,64;;2026-10-10;https://www.vodafone.de/privat/handys/iphone-18-pro-max.html;apple-iphone-18-pro-max-512gb-silber;;
Bündel;iPhone 18 Pro Max;512;Vodafone;netzbetreiber;Mobil M;M;neu;1,00;27,61;153,00;;12;0,00;24;2535,64;;2026-10-10;https://www.vodafone.de/privat/handys/iphone-18-pro-max.html;apple-iphone-18-pro-max-512gb-silber;;
Bündel;iPhone 18 Pro Max;512;Vodafone;netzbetreiber;Mobil S;S;neu;1,00;31,45;153,00;;12;0,00;24;2591,80;;2026-10-10;https://www.vodafone.de/privat/handys/iphone-18-pro-max.html;apple-iphone-18-pro-max-512gb-silber;;
Bündel;iPhone 18 Pro Max;512;Vodafone;netzbetreiber;Mobil XL;XL;neu;1,00;44,11;153,00;;12;0,00;24;3003,64;;2026-10-10;https://www.vodafone.de/privat/handys/iphone-18-pro-max.html;apple-iphone-18-pro-max-512gb-silber;;
Bündel;iPhone 18 Pro Max;512;Vodafone;netzbetreiber;Mobil XS;XS;neu;1,00;23,95;153,00;;12;0,00;24;2411,80;;2026-10-10;https://www.vodafone.de/privat/handys/iphone-18-pro-max.html;apple-iphone-18-pro-max-512gb-silber;;
Bündel;iPhone Air;1024;Vodafone;netzbetreiber;Mobil L;L;neu;1,00;33,61;105,00;;12;0,00;24;2121,64;;2026-10-10;https://www.vodafone.de/privat/handys/iphone-air.html;apple-iphone-air-1024gb-himmelblau;;
Bündel;iPhone Air;1024;Vodafone;netzbetreiber;Mobil M;M;neu;1,00;27,61;105,00;;12;0,00;24;1959,64;;2026-10-10;https://www.vodafone.de/privat/handys/iphone-air.html;apple-iphone-air-1024gb-himmelblau;;
Bündel;iPhone Air;1024;Vodafone;netzbetreiber;Mobil S;S;neu;1,00;31,45;105,00;;12;0,00;24;2015,80;;2026-10-10;https://www.vodafone.de/privat/handys/iphone-air.html;apple-iphone-air-1024gb-himmelblau;;
Bündel;iPhone Air;1024;Vodafone;netzbetreiber;Mobil XL;XL;neu;1,00;44,11;105,00;;12;0,00;24;2427,64;;2026-10-10;https://www.vodafone.de/privat/handys/iphone-air.html;apple-iphone-air-1024gb-himmelblau;;
Bündel;iPhone Air;1024;Vodafone;netzbetreiber;Mobil XS;XS;neu;1,00;23,95;105,00;;12;0,00;24;1835,80;;2026-10-10;https://www.vodafone.de/privat/handys/iphone-air.html;apple-iphone-air-1024gb-himmelblau;;
Bündel;iPhone Air;1024;Vodafone;netzbetreiber;Mobil L;L;neu;1,00;33,61;105,00;;12;0,00;24;2121,64;;2026-10-10;https://www.vodafone.de/privat/handys/iphone-air.html;apple-iphone-air-1024gb-lichtgold;;
Bündel;iPhone Air;1024;Vodafone;netzbetreiber;Mobil M;M;neu;1,00;27,61;105,00;;12;0,00;24;1959,64;;2026-10-10;https://www.vodafone.de/privat/handys/iphone-air.html;apple-iphone-air-1024gb-lichtgold;;
Bündel;iPhone Air;1024;Vodafone;netzbetreiber;Mobil S;S;neu;1,00;31,45;105,00;;12;0,00;24;2015,80;;2026-10-10;https://www.vodafone.de/privat/handys/iphone-air.html;apple-iphone-air-1024gb-lichtgold;;
Bündel;iPhone Air;1024;Vodafone;netzbetreiber;Mobil XL;XL;neu;1,00;44,11;105,00;;12;0,00;24;2427,64;;2026-10-10;https://www.vodafone.de/privat/handys/iphone-air.html;apple-iphone-air-1024gb-lichtgold;;
Bündel;iPhone Air;1024;Vodafone;netzbetreiber;Mobil XS;XS;neu;1,00;23,95;105,00;;12;0,00;24;1835,80;;2026-10-10;https://www.vodafone.de/privat/handys/iphone-air.html;apple-iphone-air-1024gb-lichtgold;;
Bündel;iPhone Air;1024;Vodafone;netzbetreiber;Mobil L;L;neu;1,00;33,61;105,00;;12;0,00;24;2121,64;;2026-10-10;https://www.vodafone.de/privat/handys/iphone-air.html;apple-iphone-air-1024gb-space-schwarz;;
Bündel;iPhone Air;1024;Vodafone;netzbetreiber;Mobil M;M;neu;1,00;27,61;105,00;;12;0,00;24;1959,64;;2026-10-10;https://www.vodafone.de/privat/handys/iphone-air.html;apple-iphone-air-1024gb-space-schwarz;;
Bündel;iPhone Air;1024;Vodafone;netzbetreiber;Mobil S;S;neu;1,00;31,45;105,00;;12;0,00;24;2015,80;;2026-10-10;https://www.vodafone.de/privat/handys/iphone-air.html;apple-iphone-air-1024gb-space-schwarz;;
Bündel;iPhone Air;1024;Vodafone;netzbetreiber;Mobil XL;XL;neu;1,00;44,11;105,00;;12;0,00;24;2427,64;;2026-10-10;https://www.vodafone.de/privat/handys/iphone-air.html;apple-iphone-air-1024gb-space-schwarz;;
Bündel;iPhone Air;1024;Vodafone;netzbetreiber;Mobil XS;XS;neu;1,00;23,95;105,00;;12;0,00;24;1835,80;;2026-10-10;https://www.vodafone.de/privat/handys/iphone-air.html;apple-iphone-air-1024gb-space-schwarz;;
Bündel;iPhone Air;256;Vodafone;netzbetreiber;Mobil L;L;neu;1,00;33,61;87,00;;12;0,00;24;1905,64;;2026-10-10;https://www.vodafone.de/privat/handys/iphone-air.html;apple-iphone-air-256gb-himmelblau;;
Bündel;iPhone Air;256;Vodafone;netzbetreiber;Mobil M;M;neu;1,00;27,61;87,00;;12;0,00;24;1743,64;;2026-10-10;https://www.vodafone.de/privat/handys/iphone-air.html;apple-iphone-air-256gb-himmelblau;;
Bündel;iPhone Air;256;Vodafone;netzbetreiber;Mobil S;S;neu;1,00;31,45;87,00;;12;0,00;24;1799,80;;2026-10-10;https://www.vodafone.de/privat/handys/iphone-air.html;apple-iphone-air-256gb-himmelblau;;
Bündel;iPhone Air;256;Vodafone;netzbetreiber;Mobil XL;XL;neu;1,00;44,11;87,00;;12;0,00;24;2211,64;;2026-10-10;https://www.vodafone.de/privat/handys/iphone-air.html;apple-iphone-air-256gb-himmelblau;;
Bündel;iPhone Air;256;Vodafone;netzbetreiber;Mobil XS;XS;neu;1,00;23,95;87,00;;12;0,00;24;1619,80;;2026-10-10;https://www.vodafone.de/privat/handys/iphone-air.html;apple-iphone-air-256gb-himmelblau;;
Bündel;iPhone Air;256;Vodafone;netzbetreiber;Mobil L;L;neu;1,00;33,61;87,00;;12;0,00;24;1905,64;;2026-10-10;https://www.vodafone.de/privat/handys/iphone-air.html;apple-iphone-air-256gb-space-schwarz;;
Bündel;iPhone Air;256;Vodafone;netzbetreiber;Mobil M;M;neu;1,00;27,61;87,00;;12;0,00;24;1743,64;;2026-10-10;https://www.vodafone.de/privat/handys/iphone-air.html;apple-iphone-air-256gb-space-schwarz;;
Bündel;iPhone Air;256;Vodafone;netzbetreiber;Mobil S;S;neu;1,00;31,45;87,00;;12;0,00;24;1799,80;;2026-10-10;https://www.vodafone.de/privat/handys/iphone-air.html;apple-iphone-air-256gb-space-schwarz;;
Bündel;iPhone Air;256;Vodafone;netzbetreiber;Mobil XL;XL;neu;1,00;44,11;87,00;;12;0,00;24;2211,64;;2026-10-10;https://www.vodafone.de/privat/handys/iphone-air.html;apple-iphone-air-256gb-space-schwarz;;
Bündel;iPhone Air;256;Vodafone;netzbetreiber;Mobil XS;XS;neu;1,00;23,95;87,00;;12;0,00;24;1619,80;;2026-10-10;https://www.vodafone.de/privat/handys/iphone-air.html;apple-iphone-air-256gb-space-schwarz;;
Bündel;iPhone Air;256;Vodafone;netzbetreiber;Mobil S;S;neu;0,99;41,95;78,00;;12;0,00;24;1943,79;;2026-09-11;https://www.vodafone.de/privat/handys/iphone-air.html;apple-iphone-air-256gb-wolkenweiss;veraltet;
Bündel;iPhone Air;512;Vodafone;netzbetreiber;Mobil L;L;neu;1,00;33,61;87,00;;12;0,00;24;1905,64;;2026-10-10;https://www.vodafone.de/privat/handys/iphone-air.html;apple-iphone-air-512gb-himmelblau;;
Bündel;iPhone Air;512;Vodafone;netzbetreiber;Mobil M;M;neu;1,00;27,61;87,00;;12;0,00;24;1743,64;;2026-10-10;https://www.vodafone.de/privat/handys/iphone-air.html;apple-iphone-air-512gb-himmelblau;;
Bündel;iPhone Air;512;Vodafone;netzbetreiber;Mobil S;S;neu;1,00;31,45;87,00;;12;0,00;24;1799,80;;2026-10-10;https://www.vodafone.de/privat/handys/iphone-air.html;apple-iphone-air-512gb-himmelblau;;
Bündel;iPhone Air;512;Vodafone;netzbetreiber;Mobil XL;XL;neu;1,00;44,11;87,00;;12;0,00;24;2211,64;;2026-10-10;https://www.vodafone.de/privat/handys/iphone-air.html;apple-iphone-air-512gb-himmelblau;;
Bündel;iPhone Air;512;Vodafone;netzbetreiber;Mobil XS;XS;neu;1,00;23,95;87,00;;12;0,00;24;1619,80;;2026-10-10;https://www.vodafone.de/privat/handys/iphone-air.html;apple-iphone-air-512gb-himmelblau;;
Bündel;iPhone Air;512;Vodafone;netzbetreiber;Mobil L;L;neu;1,00;61,95;87,00;;12;0,00;24;2531,80;;2026-09-30;https://www.vodafone.de/privat/handys/iphone-air.html;apple-iphone-air-512gb-lichtgold;veraltet;
Bündel;iPhone Air;512;Vodafone;netzbetreiber;Mobil M;M;neu;1,00;51,95;87,00;;12;0,00;24;2291,80;;2026-09-30;https://www.vodafone.de/privat/handys/iphone-air.html;apple-iphone-air-512gb-lichtgold;veraltet;
Bündel;iPhone Air;512;Vodafone;netzbetreiber;Mobil S;S;neu;1,00;41,95;87,00;;12;0,00;24;2051,80;;2026-09-30;https://www.vodafone.de/privat/handys/iphone-air.html;apple-iphone-air-512gb-lichtgold;veraltet;
Bündel;iPhone Air;512;Vodafone;netzbetreiber;Mobil XL;XL;neu;1,00;81,95;87,00;;12;0,00;24;3011,80;;2026-09-30;https://www.vodafone.de/privat/handys/iphone-air.html;apple-iphone-air-512gb-lichtgold;veraltet;
Bündel;iPhone Air;512;Vodafone;netzbetreiber;Mobil XS;XS;neu;1,00;31,95;87,00;;12;0,00;24;1811,80;;2026-09-30;https://www.vodafone.de/privat/handys/iphone-air.html;apple-iphone-air-512gb-lichtgold;veraltet;
Bündel;iPhone Air;512;Vodafone;netzbetreiber;Mobil L;L;neu;1,00;33,61;87,00;;12;0,00;24;1905,64;;2026-10-10;https://www.vodafone.de/privat/handys/iphone-air.html;apple-iphone-air-512gb-space-schwarz;;
Bündel;iPhone Air;512;Vodafone;netzbetreiber;Mobil M;M;neu;1,00;27,61;87,00;;12;0,00;24;1743,64;;2026-10-10;https://www.vodafone.de/privat/handys/iphone-air.html;apple-iphone-air-512gb-space-schwarz;;
Bündel;iPhone Air;512;Vodafone;netzbetreiber;Mobil S;S;neu;1,00;31,45;87,00;;12;0,00;24;1799,80;;2026-10-10;https://www.vodafone.de/privat/handys/iphone-air.html;apple-iphone-air-512gb-space-schwarz;;
Bündel;iPhone Air;512;Vodafone;netzbetreiber;Mobil XL;XL;neu;1,00;44,11;87,00;;12;0,00;24;2211,64;;2026-10-10;https://www.vodafone.de/privat/handys/iphone-air.html;apple-iphone-air-512gb-space-schwarz;;
Bündel;iPhone Air;512;Vodafone;netzbetreiber;Mobil XS;XS;neu;1,00;23,95;87,00;;12;0,00;24;1619,80;;2026-10-10;https://www.vodafone.de/privat/handys/iphone-air.html;apple-iphone-air-512gb-space-schwarz;;
Bündel;Fairphone 6;256;Vodafone;netzbetreiber;Mobil L;L;neu;1,00;33,61;45,00;;12;0,00;24;1401,64;;2026-10-10;https://www.vodafone.de/privat/handys/fairphone-6.html;fairphone-6-256gb-horizon-black;;
Bündel;Fairphone 6;256;Vodafone;netzbetreiber;Mobil M;M;neu;1,00;27,61;45,00;;12;0,00;24;1239,64;;2026-10-10;https://www.vodafone.de/privat/handys/fairphone-6.html;fairphone-6-256gb-horizon-black;;
Bündel;Fairphone 6;256;Vodafone;netzbetreiber;Mobil S;S;neu;1,00;28,45;45,00;;12;0,00;24;1259,80;;2026-10-10;https://www.vodafone.de/privat/handys/fairphone-6.html;fairphone-6-256gb-horizon-black;;
Bündel;Fairphone 6;256;Vodafone;netzbetreiber;Mobil XL;XL;neu;1,00;44,11;45,00;;12;0,00;24;1707,64;;2026-10-10;https://www.vodafone.de/privat/handys/fairphone-6.html;fairphone-6-256gb-horizon-black;;
Bündel;Fairphone 6;256;Vodafone;netzbetreiber;Mobil XS;XS;neu;1,00;23,95;45,00;;12;0,00;24;1115,80;;2026-10-10;https://www.vodafone.de/privat/handys/fairphone-6.html;fairphone-6-256gb-horizon-black;;
Bündel;Pixel 10;128;Vodafone;netzbetreiber;Mobil L;L;neu;1,00;33,61;48,00;;12;0,00;24;1437,64;;2026-10-10;https://www.vodafone.de/privat/handys/google-pixel-10.html;google-pixel-10-128gb-schwarz;;
Bündel;Pixel 10;128;Vodafone;netzbetreiber;Mobil M;M;neu;1,00;27,61;48,00;;12;0,00;24;1275,64;;2026-10-10;https://www.vodafone.de/privat/handys/google-pixel-10.html;google-pixel-10-128gb-schwarz;;
Bündel;Pixel 10;128;Vodafone;netzbetreiber;Mobil S;S;neu;1,00;28,45;48,00;;12;0,00;24;1295,80;;2026-10-10;https://www.vodafone.de/privat/handys/google-pixel-10.html;google-pixel-10-128gb-schwarz;;
Bündel;Pixel 10;128;Vodafone;netzbetreiber;Mobil XL;XL;neu;1,00;44,11;48,00;;12;0,00;24;1743,64;;2026-10-10;https://www.vodafone.de/privat/handys/google-pixel-10.html;google-pixel-10-128gb-schwarz;;
Bündel;Pixel 10;128;Vodafone;netzbetreiber;Mobil XS;XS;neu;1,00;23,95;48,00;;12;0,00;24;1151,80;;2026-10-10;https://www.vodafone.de/privat/handys/google-pixel-10.html;google-pixel-10-128gb-schwarz;;
Bündel;Pixel 10 Pro;128;Vodafone;netzbetreiber;Mobil S;S;neu;1,00;41,95;57,00;;12;0,00;24;1691,80;;2026-09-21;https://www.vodafone.de/privat/handys/google-pixel-10-pro.html;google-pixel-10-pro-128gb-schwarz;veraltet;
Bündel;Pixel 10 Pro XL;256;Vodafone;netzbetreiber;Mobil S;S;neu;1,00;41,95;69,00;;12;0,00;24;1835,80;;2026-09-16;https://www.vodafone.de/privat/handys/google-pixel-10-pro-xl.html;google-pixel-10-pro-xl-256gb-schwarz;veraltet;
Bündel;Pixel 10a;128;Vodafone;netzbetreiber;Mobil L;L;neu;1,00;33,61;43,50;;12;0,00;24;1383,64;;2026-10-10;https://www.vodafone.de/privat/handys/google-pixel-10a.html;google-pixel-10a-128gb-berry;;
Bündel;Pixel 10a;128;Vodafone;netzbetreiber;Mobil M;M;neu;1,00;27,61;43,50;;12;0,00;24;1221,64;;2026-10-10;https://www.vodafone.de/privat/handys/google-pixel-10a.html;google-pixel-10a-128gb-berry;;
Bündel;Pixel 10a;128;Vodafone;netzbetreiber;Mobil S;S;neu;1,00;28,45;43,50;;12;0,00;24;1241,80;;2026-10-10;https://www.vodafone.de/privat/handys/google-pixel-10a.html;google-pixel-10a-128gb-berry;;
Bündel;Pixel 10a;128;Vodafone;netzbetreiber;Mobil XL;XL;neu;1,00;44,11;43,50;;12;0,00;24;1689,64;;2026-10-10;https://www.vodafone.de/privat/handys/google-pixel-10a.html;google-pixel-10a-128gb-berry;;
Bündel;Pixel 10a;128;Vodafone;netzbetreiber;Mobil XS;XS;neu;1,00;23,95;43,50;;12;0,00;24;1097,80;;2026-10-10;https://www.vodafone.de/privat/handys/google-pixel-10a.html;google-pixel-10a-128gb-berry;;
Bündel;Pixel 10a;128;Vodafone;netzbetreiber;Mobil L;L;neu;1,00;33,61;43,50;;12;0,00;24;1383,64;;2026-10-10;https://www.vodafone.de/privat/handys/google-pixel-10a.html;google-pixel-10a-128gb-fog;;
Bündel;Pixel 10a;128;Vodafone;netzbetreiber;Mobil M;M;neu;1,00;27,61;43,50;;12;0,00;24;1221,64;;2026-10-10;https://www.vodafone.de/privat/handys/google-pixel-10a.html;google-pixel-10a-128gb-fog;;
Bündel;Pixel 10a;128;Vodafone;netzbetreiber;Mobil S;S;neu;1,00;28,45;43,50;;12;0,00;24;1241,80;;2026-10-10;https://www.vodafone.de/privat/handys/google-pixel-10a.html;google-pixel-10a-128gb-fog;;
Bündel;Pixel 10a;128;Vodafone;netzbetreiber;Mobil XL;XL;neu;1,00;44,11;43,50;;12;0,00;24;1689,64;;2026-10-10;https://www.vodafone.de/privat/handys/google-pixel-10a.html;google-pixel-10a-128gb-fog;;
Bündel;Pixel 10a;128;Vodafone;netzbetreiber;Mobil XS;XS;neu;1,00;23,95;43,50;;12;0,00;24;1097,80;;2026-10-10;https://www.vodafone.de/privat/handys/google-pixel-10a.html;google-pixel-10a-128gb-fog;;
Bündel;Pixel 10a;128;Vodafone;netzbetreiber;Mobil L;L;neu;1,00;33,61;43,50;;12;0,00;24;1383,64;;2026-10-10;https://www.vodafone.de/privat/handys/google-pixel-10a.html;google-pixel-10a-128gb-schwarz;;
Bündel;Pixel 10a;128;Vodafone;netzbetreiber;Mobil M;M;neu;1,00;27,61;43,50;;12;0,00;24;1221,64;;2026-10-10;https://www.vodafone.de/privat/handys/google-pixel-10a.html;google-pixel-10a-128gb-schwarz;;
Bündel;Pixel 10a;128;Vodafone;netzbetreiber;Mobil S;S;neu;1,00;28,45;43,50;;12;0,00;24;1241,80;;2026-10-10;https://www.vodafone.de/privat/handys/google-pixel-10a.html;google-pixel-10a-128gb-schwarz;;
Bündel;Pixel 10a;128;Vodafone;netzbetreiber;Mobil XL;XL;neu;1,00;44,11;43,50;;12;0,00;24;1689,64;;2026-10-10;https://www.vodafone.de/privat/handys/google-pixel-10a.html;google-pixel-10a-128gb-schwarz;;
Bündel;Pixel 10a;128;Vodafone;netzbetreiber;Mobil XS;XS;neu;1,00;23,95;43,50;;12;0,00;24;1097,80;;2026-10-10;https://www.vodafone.de/privat/handys/google-pixel-10a.html;google-pixel-10a-128gb-schwarz;;
Bündel;Pixel 10a;128;Vodafone;netzbetreiber;Mobil L;L;neu;1,00;33,61;43,50;;12;0,00;24;1383,64;;2026-10-10;https://www.vodafone.de/privat/handys/google-pixel-10a.html;google-pixel-10a-128gb-violett;;
Bündel;Pixel 10a;128;Vodafone;netzbetreiber;Mobil M;M;neu;1,00;27,61;43,50;;12;0,00;24;1221,64;;2026-10-10;https://www.vodafone.de/privat/handys/google-pixel-10a.html;google-pixel-10a-128gb-violett;;
Bündel;Pixel 10a;128;Vodafone;netzbetreiber;Mobil S;S;neu;1,00;28,45;43,50;;12;0,00;24;1241,80;;2026-10-10;https://www.vodafone.de/privat/handys/google-pixel-10a.html;google-pixel-10a-128gb-violett;;
Bündel;Pixel 10a;128;Vodafone;netzbetreiber;Mobil XL;XL;neu;1,00;44,11;43,50;;12;0,00;24;1689,64;;2026-10-10;https://www.vodafone.de/privat/handys/google-pixel-10a.html;google-pixel-10a-128gb-violett;;
Bündel;Pixel 10a;128;Vodafone;netzbetreiber;Mobil XS;XS;neu;1,00;23,95;43,50;;12;0,00;24;1097,80;;2026-10-10;https://www.vodafone.de/privat/handys/google-pixel-10a.html;google-pixel-10a-128gb-violett;;
Bündel;Pixel 10a;256;Vodafone;netzbetreiber;Mobil L;L;neu;1,00;33,61;51,00;;12;0,00;24;1473,64;;2026-10-10;https://www.vodafone.de/privat/handys/google-pixel-10a.html;google-pixel-10a-256gb-schwarz;;
Bündel;Pixel 10a;256;Vodafone;netzbetreiber;Mobil M;M;neu;1,00;27,61;51,00;;12;0,00;24;1311,64;;2026-10-10;https://www.vodafone.de/privat/handys/google-pixel-10a.html;google-pixel-10a-256gb-schwarz;;
Bündel;Pixel 10a;256;Vodafone;netzbetreiber;Mobil S;S;neu;1,00;28,45;51,00;;12;0,00;24;1331,80;;2026-10-10;https://www.vodafone.de/privat/handys/google-pixel-10a.html;google-pixel-10a-256gb-schwarz;;
Bündel;Pixel 10a;256;Vodafone;netzbetreiber;Mobil XL;XL;neu;1,00;44,11;51,00;;12;0,00;24;1779,64;;2026-10-10;https://www.vodafone.de/privat/handys/google-pixel-10a.html;google-pixel-10a-256gb-schwarz;;
Bündel;Pixel 10a;256;Vodafone;netzbetreiber;Mobil XS;XS;neu;1,00;23,95;51,00;;12;0,00;24;1187,80;;2026-10-10;https://www.vodafone.de/privat/handys/google-pixel-10a.html;google-pixel-10a-256gb-schwarz;;
Bündel;Pixel 11;256;Vodafone;netzbetreiber;Mobil L;L;neu;0,99;33,61;70,50;;12;0,00;24;1707,63;;2026-10-10;https://www.vodafone.de/privat/handys/google-pixel-11.html;google-pixel-11-256gb-frost;;
Bündel;Pixel 11;256;Vodafone;netzbetreiber;Mobil M;M;neu;0,99;27,61;70,50;;12;0,00;24;1545,63;;2026-10-10;https://www.vodafone.de/privat/handys/google-pixel-11.html;google-pixel-11-256gb-frost;;
Bündel;Pixel 11;256;Vodafone;netzbetreiber;Mobil S;S;neu;0,99;31,45;70,50;;12;0,00;24;1601,79;;2026-10-10;https://www.vodafone.de/privat/handys/google-pixel-11.html;google-pixel-11-256gb-frost;;
Bündel;Pixel 11;256;Vodafone;netzbetreiber;Mobil XL;XL;neu;0,99;44,11;70,50;;12;0,00;24;2013,63;;2026-10-10;https://www.vodafone.de/privat/handys/google-pixel-11.html;google-pixel-11-256gb-frost;;
Bündel;Pixel 11;256;Vodafone;netzbetreiber;Mobil XS;XS;neu;0,99;23,95;70,50;;12;0,00;24;1421,79;;2026-10-10;https://www.vodafone.de/privat/handys/google-pixel-11.html;google-pixel-11-256gb-frost;;
Bündel;Pixel 11;256;Vodafone;netzbetreiber;Mobil L;L;neu;0,99;33,61;70,50;;12;0,00;24;1707,63;;2026-10-10;https://www.vodafone.de/privat/handys/google-pixel-11.html;google-pixel-11-256gb-hibiscus;;
Bündel;Pixel 11;256;Vodafone;netzbetreiber;Mobil M;M;neu;0,99;27,61;70,50;;12;0,00;24;1545,63;;2026-10-10;https://www.vodafone.de/privat/handys/google-pixel-11.html;google-pixel-11-256gb-hibiscus;;
Bündel;Pixel 11;256;Vodafone;netzbetreiber;Mobil S;S;neu;0,99;31,45;70,50;;12;0,00;24;1601,79;;2026-10-10;https://www.vodafone.de/privat/handys/google-pixel-11.html;google-pixel-11-256gb-hibiscus;;
Bündel;Pixel 11;256;Vodafone;netzbetreiber;Mobil XL;XL;neu;0,99;44,11;70,50;;12;0,00;24;2013,63;;2026-10-10;https://www.vodafone.de/privat/handys/google-pixel-11.html;google-pixel-11-256gb-hibiscus;;
Bündel;Pixel 11;256;Vodafone;netzbetreiber;Mobil XS;XS;neu;0,99;23,95;70,50;;12;0,00;24;1421,79;;2026-10-10;https://www.vodafone.de/privat/handys/google-pixel-11.html;google-pixel-11-256gb-hibiscus;;
Bündel;Pixel 11;256;Vodafone;netzbetreiber;Mobil L;L;neu;0,99;33,61;70,50;;12;0,00;24;1707,63;;2026-10-10;https://www.vodafone.de/privat/handys/google-pixel-11.html;google-pixel-11-256gb-pistachio;;
Bündel;Pixel 11;256;Vodafone;netzbetreiber;Mobil M;M;neu;0,99;27,61;70,50;;12;0,00;24;1545,63;;2026-10-10;https://www.vodafone.de/privat/handys/google-pixel-11.html;google-pixel-11-256gb-pistachio;;
Bündel;Pixel 11;256;Vodafone;netzbetreiber;Mobil S;S;neu;0,99;31,45;70,50;;12;0,00;24;1601,79;;2026-10-10;https://www.vodafone.de/privat/handys/google-pixel-11.html;google-pixel-11-256gb-pistachio;;
Bündel;Pixel 11;256;Vodafone;netzbetreiber;Mobil XL;XL;neu;0,99;44,11;70,50;;12;0,00;24;2013,63;;2026-10-10;https://www.vodafone.de/privat/handys/google-pixel-11.html;google-pixel-11-256gb-pistachio;;
Bündel;Pixel 11;256;Vodafone;netzbetreiber;Mobil XS;XS;neu;0,99;23,95;70,50;;12;0,00;24;1421,79;;2026-10-10;https://www.vodafone.de/privat/handys/google-pixel-11.html;google-pixel-11-256gb-pistachio;;
Bündel;Pixel 11;256;Vodafone;netzbetreiber;Mobil L;L;neu;0,99;33,61;70,50;;12;0,00;24;1707,63;;2026-10-10;https://www.vodafone.de/privat/handys/google-pixel-11.html;google-pixel-11-256gb-schwarz;;
Bündel;Pixel 11;256;Vodafone;netzbetreiber;Mobil M;M;neu;0,99;27,61;70,50;;12;0,00;24;1545,63;;2026-10-10;https://www.vodafone.de/privat/handys/google-pixel-11.html;google-pixel-11-256gb-schwarz;;
Bündel;Pixel 11;256;Vodafone;netzbetreiber;Mobil S;S;neu;0,99;31,45;70,50;;12;0,00;24;1601,79;;2026-10-10;https://www.vodafone.de/privat/handys/google-pixel-11.html;google-pixel-11-256gb-schwarz;;
Bündel;Pixel 11;256;Vodafone;netzbetreiber;Mobil XL;XL;neu;0,99;44,11;70,50;;12;0,00;24;2013,63;;2026-10-10;https://www.vodafone.de/privat/handys/google-pixel-11.html;google-pixel-11-256gb-schwarz;;
Bündel;Pixel 11;256;Vodafone;netzbetreiber;Mobil XS;XS;neu;0,99;23,95;70,50;;12;0,00;24;1421,79;;2026-10-10;https://www.vodafone.de/privat/handys/google-pixel-11.html;google-pixel-11-256gb-schwarz;;
Bündel;Pixel 11;512;Vodafone;netzbetreiber;Mobil L;L;neu;1,00;33,61;81,00;;12;0,00;24;1833,64;;2026-10-10;https://www.vodafone.de/privat/handys/google-pixel-11.html;google-pixel-11-512gb-frost;;
Bündel;Pixel 11;512;Vodafone;netzbetreiber;Mobil M;M;neu;1,00;27,61;81,00;;12;0,00;24;1671,64;;2026-10-10;https://www.vodafone.de/privat/handys/google-pixel-11.html;google-pixel-11-512gb-frost;;
Bündel;Pixel 11;512;Vodafone;netzbetreiber;Mobil S;S;neu;1,00;31,45;81,00;;12;0,00;24;1727,80;;2026-10-10;https://www.vodafone.de/privat/handys/google-pixel-11.html;google-pixel-11-512gb-frost;;
Bündel;Pixel 11;512;Vodafone;netzbetreiber;Mobil XL;XL;neu;1,00;44,11;81,00;;12;0,00;24;2139,64;;2026-10-10;https://www.vodafone.de/privat/handys/google-pixel-11.html;google-pixel-11-512gb-frost;;
Bündel;Pixel 11;512;Vodafone;netzbetreiber;Mobil XS;XS;neu;1,00;23,95;81,00;;12;0,00;24;1547,80;;2026-10-10;https://www.vodafone.de/privat/handys/google-pixel-11.html;google-pixel-11-512gb-frost;;
Bündel;Pixel 11;512;Vodafone;netzbetreiber;Mobil L;L;neu;1,00;33,61;81,00;;12;0,00;24;1833,64;;2026-10-10;https://www.vodafone.de/privat/handys/google-pixel-11.html;google-pixel-11-512gb-schwarz;;
Bündel;Pixel 11;512;Vodafone;netzbetreiber;Mobil M;M;neu;1,00;27,61;81,00;;12;0,00;24;1671,64;;2026-10-10;https://www.vodafone.de/privat/handys/google-pixel-11.html;google-pixel-11-512gb-schwarz;;
Bündel;Pixel 11;512;Vodafone;netzbetreiber;Mobil S;S;neu;1,00;31,45;81,00;;12;0,00;24;1727,80;;2026-10-10;https://www.vodafone.de/privat/handys/google-pixel-11.html;google-pixel-11-512gb-schwarz;;
Bündel;Pixel 11;512;Vodafone;netzbetreiber;Mobil XL;XL;neu;1,00;44,11;81,00;;12;0,00;24;2139,64;;2026-10-10;https://www.vodafone.de/privat/handys/google-pixel-11.html;google-pixel-11-512gb-schwarz;;
Bündel;Pixel 11;512;Vodafone;netzbetreiber;Mobil XS;XS;neu;1,00;23,95;81,00;;12;0,00;24;1547,80;;2026-10-10;https://www.vodafone.de/privat/handys/google-pixel-11.html;google-pixel-11-512gb-schwarz;;
Bündel;Pixel 11 Pro;256;Vodafone;netzbetreiber;Mobil L;L;neu;1,00;33,61;88,50;;12;0,00;24;1923,64;;2026-10-10;https://www.vodafone.de/privat/handys/google-pixel-11-pro.html;google-pixel-11-pro-256gb-canyon;;
Bündel;Pixel 11 Pro;256;Vodafone;netzbetreiber;Mobil M;M;neu;1,00;27,61;88,50;;12;0,00;24;1761,64;;2026-10-10;https://www.vodafone.de/privat/handys/google-pixel-11-pro.html;google-pixel-11-pro-256gb-canyon;;
Bündel;Pixel 11 Pro;256;Vodafone;netzbetreiber;Mobil S;S;neu;1,00;31,45;88,50;;12;0,00;24;1817,80;;2026-10-10;https://www.vodafone.de/privat/handys/google-pixel-11-pro.html;google-pixel-11-pro-256gb-canyon;;
Bündel;Pixel 11 Pro;256;Vodafone;netzbetreiber;Mobil XL;XL;neu;1,00;44,11;88,50;;12;0,00;24;2229,64;;2026-10-10;https://www.vodafone.de/privat/handys/google-pixel-11-pro.html;google-pixel-11-pro-256gb-canyon;;
Bündel;Pixel 11 Pro;256;Vodafone;netzbetreiber;Mobil XS;XS;neu;1,00;23,95;88,50;;12;0,00;24;1637,80;;2026-10-10;https://www.vodafone.de/privat/handys/google-pixel-11-pro.html;google-pixel-11-pro-256gb-canyon;;
Bündel;Pixel 11 Pro;256;Vodafone;netzbetreiber;Mobil L;L;neu;1,00;33,61;88,50;;12;0,00;24;1923,64;;2026-10-10;https://www.vodafone.de/privat/handys/google-pixel-11-pro.html;google-pixel-11-pro-256gb-fog;;
Bündel;Pixel 11 Pro;256;Vodafone;netzbetreiber;Mobil M;M;neu;1,00;27,61;88,50;;12;0,00;24;1761,64;;2026-10-10;https://www.vodafone.de/privat/handys/google-pixel-11-pro.html;google-pixel-11-pro-256gb-fog;;
Bündel;Pixel 11 Pro;256;Vodafone;netzbetreiber;Mobil S;S;neu;1,00;31,45;88,50;;12;0,00;24;1817,80;;2026-10-10;https://www.vodafone.de/privat/handys/google-pixel-11-pro.html;google-pixel-11-pro-256gb-fog;;
Bündel;Pixel 11 Pro;256;Vodafone;netzbetreiber;Mobil XL;XL;neu;1,00;44,11;88,50;;12;0,00;24;2229,64;;2026-10-10;https://www.vodafone.de/privat/handys/google-pixel-11-pro.html;google-pixel-11-pro-256gb-fog;;
Bündel;Pixel 11 Pro;256;Vodafone;netzbetreiber;Mobil XS;XS;neu;1,00;23,95;88,50;;12;0,00;24;1637,80;;2026-10-10;https://www.vodafone.de/privat/handys/google-pixel-11-pro.html;google-pixel-11-pro-256gb-fog;;
Bündel;Pixel 11 Pro;256;Vodafone;netzbetreiber;Mobil L;L;neu;1,00;33,61;88,50;;12;0,00;24;1923,64;;2026-10-10;https://www.vodafone.de/privat/handys/google-pixel-11-pro.html;google-pixel-11-pro-256gb-olive;;
Bündel;Pixel 11 Pro;256;Vodafone;netzbetreiber;Mobil M;M;neu;1,00;27,61;88,50;;12;0,00;24;1761,64;;2026-10-10;https://www.vodafone.de/privat/handys/google-pixel-11-pro.html;google-pixel-11-pro-256gb-olive;;
Bündel;Pixel 11 Pro;256;Vodafone;netzbetreiber;Mobil S;S;neu;1,00;31,45;88,50;;12;0,00;24;1817,80;;2026-10-10;https://www.vodafone.de/privat/handys/google-pixel-11-pro.html;google-pixel-11-pro-256gb-olive;;
Bündel;Pixel 11 Pro;256;Vodafone;netzbetreiber;Mobil XL;XL;neu;1,00;44,11;88,50;;12;0,00;24;2229,64;;2026-10-10;https://www.vodafone.de/privat/handys/google-pixel-11-pro.html;google-pixel-11-pro-256gb-olive;;
Bündel;Pixel 11 Pro;256;Vodafone;netzbetreiber;Mobil XS;XS;neu;1,00;23,95;88,50;;12;0,00;24;1637,80;;2026-10-10;https://www.vodafone.de/privat/handys/google-pixel-11-pro.html;google-pixel-11-pro-256gb-olive;;
Bündel;Pixel 11 Pro;256;Vodafone;netzbetreiber;Mobil L;L;neu;1,00;33,61;88,50;;12;0,00;24;1923,64;;2026-10-10;https://www.vodafone.de/privat/handys/google-pixel-11-pro.html;google-pixel-11-pro-256gb-schwarz;;
Bündel;Pixel 11 Pro;256;Vodafone;netzbetreiber;Mobil M;M;neu;1,00;27,61;88,50;;12;0,00;24;1761,64;;2026-10-10;https://www.vodafone.de/privat/handys/google-pixel-11-pro.html;google-pixel-11-pro-256gb-schwarz;;
Bündel;Pixel 11 Pro;256;Vodafone;netzbetreiber;Mobil S;S;neu;1,00;31,45;88,50;;12;0,00;24;1817,80;;2026-10-10;https://www.vodafone.de/privat/handys/google-pixel-11-pro.html;google-pixel-11-pro-256gb-schwarz;;
Bündel;Pixel 11 Pro;256;Vodafone;netzbetreiber;Mobil XL;XL;neu;1,00;44,11;88,50;;12;0,00;24;2229,64;;2026-10-10;https://www.vodafone.de/privat/handys/google-pixel-11-pro.html;google-pixel-11-pro-256gb-schwarz;;
Bündel;Pixel 11 Pro;256;Vodafone;netzbetreiber;Mobil XS;XS;neu;1,00;23,95;88,50;;12;0,00;24;1637,80;;2026-10-10;https://www.vodafone.de/privat/handys/google-pixel-11-pro.html;google-pixel-11-pro-256gb-schwarz;;
Bündel;Pixel 11 Pro;512;Vodafone;netzbetreiber;Mobil L;L;neu;1,00;33,61;99,00;;12;0,00;24;2049,64;;2026-10-10;https://www.vodafone.de/privat/handys/google-pixel-11-pro.html;google-pixel-11-pro-512gb-canyon;;
Bündel;Pixel 11 Pro;512;Vodafone;netzbetreiber;Mobil M;M;neu;1,00;27,61;99,00;;12;0,00;24;1887,64;;2026-10-10;https://www.vodafone.de/privat/handys/google-pixel-11-pro.html;google-pixel-11-pro-512gb-canyon;;
Bündel;Pixel 11 Pro;512;Vodafone;netzbetreiber;Mobil S;S;neu;1,00;31,45;99,00;;12;0,00;24;1943,80;;2026-10-10;https://www.vodafone.de/privat/handys/google-pixel-11-pro.html;google-pixel-11-pro-512gb-canyon;;
Bündel;Pixel 11 Pro;512;Vodafone;netzbetreiber;Mobil XL;XL;neu;1,00;44,11;99,00;;12;0,00;24;2355,64;;2026-10-10;https://www.vodafone.de/privat/handys/google-pixel-11-pro.html;google-pixel-11-pro-512gb-canyon;;
Bündel;Pixel 11 Pro;512;Vodafone;netzbetreiber;Mobil XS;XS;neu;1,00;23,95;99,00;;12;0,00;24;1763,80;;2026-10-10;https://www.vodafone.de/privat/handys/google-pixel-11-pro.html;google-pixel-11-pro-512gb-canyon;;
Bündel;Pixel 11 Pro;512;Vodafone;netzbetreiber;Mobil L;L;neu;1,00;33,61;99,00;;12;0,00;24;2049,64;;2026-10-10;https://www.vodafone.de/privat/handys/google-pixel-11-pro.html;google-pixel-11-pro-512gb-fog;;
Bündel;Pixel 11 Pro;512;Vodafone;netzbetreiber;Mobil M;M;neu;1,00;27,61;99,00;;12;0,00;24;1887,64;;2026-10-10;https://www.vodafone.de/privat/handys/google-pixel-11-pro.html;google-pixel-11-pro-512gb-fog;;
Bündel;Pixel 11 Pro;512;Vodafone;netzbetreiber;Mobil S;S;neu;1,00;31,45;99,00;;12;0,00;24;1943,80;;2026-10-10;https://www.vodafone.de/privat/handys/google-pixel-11-pro.html;google-pixel-11-pro-512gb-fog;;
Bündel;Pixel 11 Pro;512;Vodafone;netzbetreiber;Mobil XL;XL;neu;1,00;44,11;99,00;;12;0,00;24;2355,64;;2026-10-10;https://www.vodafone.de/privat/handys/google-pixel-11-pro.html;google-pixel-11-pro-512gb-fog;;
Bündel;Pixel 11 Pro;512;Vodafone;netzbetreiber;Mobil XS;XS;neu;1,00;23,95;99,00;;12;0,00;24;1763,80;;2026-10-10;https://www.vodafone.de/privat/handys/google-pixel-11-pro.html;google-pixel-11-pro-512gb-fog;;
Bündel;Pixel 11 Pro;512;Vodafone;netzbetreiber;Mobil L;L;neu;1,00;33,61;99,00;;12;0,00;24;2049,64;;2026-10-10;https://www.vodafone.de/privat/handys/google-pixel-11-pro.html;google-pixel-11-pro-512gb-olive;;
Bündel;Pixel 11 Pro;512;Vodafone;netzbetreiber;Mobil M;M;neu;1,00;27,61;99,00;;12;0,00;24;1887,64;;2026-10-10;https://www.vodafone.de/privat/handys/google-pixel-11-pro.html;google-pixel-11-pro-512gb-olive;;
Bündel;Pixel 11 Pro;512;Vodafone;netzbetreiber;Mobil S;S;neu;1,00;31,45;99,00;;12;0,00;24;1943,80;;2026-10-10;https://www.vodafone.de/privat/handys/google-pixel-11-pro.html;google-pixel-11-pro-512gb-olive;;
Bündel;Pixel 11 Pro;512;Vodafone;netzbetreiber;Mobil XL;XL;neu;1,00;44,11;99,00;;12;0,00;24;2355,64;;2026-10-10;https://www.vodafone.de/privat/handys/google-pixel-11-pro.html;google-pixel-11-pro-512gb-olive;;
Bündel;Pixel 11 Pro;512;Vodafone;netzbetreiber;Mobil XS;XS;neu;1,00;23,95;99,00;;12;0,00;24;1763,80;;2026-10-10;https://www.vodafone.de/privat/handys/google-pixel-11-pro.html;google-pixel-11-pro-512gb-olive;;
Bündel;Pixel 11 Pro;512;Vodafone;netzbetreiber;Mobil L;L;neu;1,00;33,61;99,00;;12;0,00;24;2049,64;;2026-10-10;https://www.vodafone.de/privat/handys/google-pixel-11-pro.html;google-pixel-11-pro-512gb-schwarz;;
Bündel;Pixel 11 Pro;512;Vodafone;netzbetreiber;Mobil M;M;neu;1,00;27,61;99,00;;12;0,00;24;1887,64;;2026-10-10;https://www.vodafone.de/privat/handys/google-pixel-11-pro.html;google-pixel-11-pro-512gb-schwarz;;
Bündel;Pixel 11 Pro;512;Vodafone;netzbetreiber;Mobil S;S;neu;1,00;31,45;99,00;;12;0,00;24;1943,80;;2026-10-10;https://www.vodafone.de/privat/handys/google-pixel-11-pro.html;google-pixel-11-pro-512gb-schwarz;;
Bündel;Pixel 11 Pro;512;Vodafone;netzbetreiber;Mobil XL;XL;neu;1,00;44,11;99,00;;12;0,00;24;2355,64;;2026-10-10;https://www.vodafone.de/privat/handys/google-pixel-11-pro.html;google-pixel-11-pro-512gb-schwarz;;
Bündel;Pixel 11 Pro;512;Vodafone;netzbetreiber;Mobil XS;XS;neu;1,00;23,95;99,00;;12;0,00;24;1763,80;;2026-10-10;https://www.vodafone.de/privat/handys/google-pixel-11-pro.html;google-pixel-11-pro-512gb-schwarz;;
Bündel;Pixel 11 Pro Fold;256;Vodafone;netzbetreiber;Mobil L;L;neu;1,00;33,61;163,50;;12;0,00;24;2823,64;;2026-10-10;https://www.vodafone.de/privat/handys/google-pixel-11-pro-fold.html;google-pixel-11-pro-fold-256gb-schwarz;;
Bündel;Pixel 11 Pro Fold;256;Vodafone;netzbetreiber;Mobil M;M;neu;1,00;27,61;163,50;;12;0,00;24;2661,64;;2026-10-10;https://www.vodafone.de/privat/handys/google-pixel-11-pro-fold.html;google-pixel-11-pro-fold-256gb-schwarz;;
Bündel;Pixel 11 Pro Fold;256;Vodafone;netzbetreiber;Mobil S;S;neu;1,00;31,45;163,50;;12;0,00;24;2717,80;;2026-10-10;https://www.vodafone.de/privat/handys/google-pixel-11-pro-fold.html;google-pixel-11-pro-fold-256gb-schwarz;;
Bündel;Pixel 11 Pro Fold;256;Vodafone;netzbetreiber;Mobil XL;XL;neu;1,00;44,11;163,50;;12;0,00;24;3129,64;;2026-10-10;https://www.vodafone.de/privat/handys/google-pixel-11-pro-fold.html;google-pixel-11-pro-fold-256gb-schwarz;;
Bündel;Pixel 11 Pro Fold;256;Vodafone;netzbetreiber;Mobil XS;XS;neu;1,00;23,95;163,50;;12;0,00;24;2537,80;;2026-10-10;https://www.vodafone.de/privat/handys/google-pixel-11-pro-fold.html;google-pixel-11-pro-fold-256gb-schwarz;;
Bündel;Pixel 11 Pro XL;256;Vodafone;netzbetreiber;Mobil L;L;neu;1,00;33,61;103,50;;12;0,00;24;2103,64;;2026-10-10;https://www.vodafone.de/privat/handys/google-pixel-11-pro-xl.html;google-pixel-11-pro-xl-256gb-canyon;;
Bündel;Pixel 11 Pro XL;256;Vodafone;netzbetreiber;Mobil M;M;neu;1,00;27,61;103,50;;12;0,00;24;1941,64;;2026-10-10;https://www.vodafone.de/privat/handys/google-pixel-11-pro-xl.html;google-pixel-11-pro-xl-256gb-canyon;;
Bündel;Pixel 11 Pro XL;256;Vodafone;netzbetreiber;Mobil S;S;neu;1,00;31,45;103,50;;12;0,00;24;1997,80;;2026-10-10;https://www.vodafone.de/privat/handys/google-pixel-11-pro-xl.html;google-pixel-11-pro-xl-256gb-canyon;;
Bündel;Pixel 11 Pro XL;256;Vodafone;netzbetreiber;Mobil XL;XL;neu;1,00;44,11;103,50;;12;0,00;24;2409,64;;2026-10-10;https://www.vodafone.de/privat/handys/google-pixel-11-pro-xl.html;google-pixel-11-pro-xl-256gb-canyon;;
Bündel;Pixel 11 Pro XL;256;Vodafone;netzbetreiber;Mobil XS;XS;neu;1,00;23,95;103,50;;12;0,00;24;1817,80;;2026-10-10;https://www.vodafone.de/privat/handys/google-pixel-11-pro-xl.html;google-pixel-11-pro-xl-256gb-canyon;;
Bündel;Pixel 11 Pro XL;256;Vodafone;netzbetreiber;Mobil L;L;neu;1,00;33,61;103,50;;12;0,00;24;2103,64;;2026-10-10;https://www.vodafone.de/privat/handys/google-pixel-11-pro-xl.html;google-pixel-11-pro-xl-256gb-fog;;
Bündel;Pixel 11 Pro XL;256;Vodafone;netzbetreiber;Mobil M;M;neu;1,00;27,61;103,50;;12;0,00;24;1941,64;;2026-10-10;https://www.vodafone.de/privat/handys/google-pixel-11-pro-xl.html;google-pixel-11-pro-xl-256gb-fog;;
Bündel;Pixel 11 Pro XL;256;Vodafone;netzbetreiber;Mobil S;S;neu;1,00;31,45;103,50;;12;0,00;24;1997,80;;2026-10-10;https://www.vodafone.de/privat/handys/google-pixel-11-pro-xl.html;google-pixel-11-pro-xl-256gb-fog;;
Bündel;Pixel 11 Pro XL;256;Vodafone;netzbetreiber;Mobil XL;XL;neu;1,00;44,11;103,50;;12;0,00;24;2409,64;;2026-10-10;https://www.vodafone.de/privat/handys/google-pixel-11-pro-xl.html;google-pixel-11-pro-xl-256gb-fog;;
Bündel;Pixel 11 Pro XL;256;Vodafone;netzbetreiber;Mobil XS;XS;neu;1,00;23,95;103,50;;12;0,00;24;1817,80;;2026-10-10;https://www.vodafone.de/privat/handys/google-pixel-11-pro-xl.html;google-pixel-11-pro-xl-256gb-fog;;
Bündel;Pixel 11 Pro XL;256;Vodafone;netzbetreiber;Mobil L;L;neu;1,00;33,61;103,50;;12;0,00;24;2103,64;;2026-10-10;https://www.vodafone.de/privat/handys/google-pixel-11-pro-xl.html;google-pixel-11-pro-xl-256gb-olive;;
Bündel;Pixel 11 Pro XL;256;Vodafone;netzbetreiber;Mobil M;M;neu;1,00;27,61;103,50;;12;0,00;24;1941,64;;2026-10-10;https://www.vodafone.de/privat/handys/google-pixel-11-pro-xl.html;google-pixel-11-pro-xl-256gb-olive;;
Bündel;Pixel 11 Pro XL;256;Vodafone;netzbetreiber;Mobil S;S;neu;1,00;31,45;103,50;;12;0,00;24;1997,80;;2026-10-10;https://www.vodafone.de/privat/handys/google-pixel-11-pro-xl.html;google-pixel-11-pro-xl-256gb-olive;;
Bündel;Pixel 11 Pro XL;256;Vodafone;netzbetreiber;Mobil XL;XL;neu;1,00;44,11;103,50;;12;0,00;24;2409,64;;2026-10-10;https://www.vodafone.de/privat/handys/google-pixel-11-pro-xl.html;google-pixel-11-pro-xl-256gb-olive;;
Bündel;Pixel 11 Pro XL;256;Vodafone;netzbetreiber;Mobil XS;XS;neu;1,00;23,95;103,50;;12;0,00;24;1817,80;;2026-10-10;https://www.vodafone.de/privat/handys/google-pixel-11-pro-xl.html;google-pixel-11-pro-xl-256gb-olive;;
Bündel;Pixel 11 Pro XL;256;Vodafone;netzbetreiber;Mobil L;L;neu;1,00;33,61;103,50;;12;0,00;24;2103,64;;2026-10-10;https://www.vodafone.de/privat/handys/google-pixel-11-pro-xl.html;google-pixel-11-pro-xl-256gb-schwarz;;
Bündel;Pixel 11 Pro XL;256;Vodafone;netzbetreiber;Mobil M;M;neu;1,00;27,61;103,50;;12;0,00;24;1941,64;;2026-10-10;https://www.vodafone.de/privat/handys/google-pixel-11-pro-xl.html;google-pixel-11-pro-xl-256gb-schwarz;;
Bündel;Pixel 11 Pro XL;256;Vodafone;netzbetreiber;Mobil S;S;neu;1,00;31,45;103,50;;12;0,00;24;1997,80;;2026-10-10;https://www.vodafone.de/privat/handys/google-pixel-11-pro-xl.html;google-pixel-11-pro-xl-256gb-schwarz;;
Bündel;Pixel 11 Pro XL;256;Vodafone;netzbetreiber;Mobil XL;XL;neu;1,00;44,11;103,50;;12;0,00;24;2409,64;;2026-10-10;https://www.vodafone.de/privat/handys/google-pixel-11-pro-xl.html;google-pixel-11-pro-xl-256gb-schwarz;;
Bündel;Pixel 11 Pro XL;256;Vodafone;netzbetreiber;Mobil XS;XS;neu;1,00;23,95;103,50;;12;0,00;24;1817,80;;2026-10-10;https://www.vodafone.de/privat/handys/google-pixel-11-pro-xl.html;google-pixel-11-pro-xl-256gb-schwarz;;
Bündel;Pixel 11 Pro XL;512;Vodafone;netzbetreiber;Mobil L;L;neu;1,00;33,61;114,00;;12;0,00;24;2229,64;;2026-10-10;https://www.vodafone.de/privat/handys/google-pixel-11-pro-xl.html;google-pixel-11-pro-xl-512gb-canyon;;
Bündel;Pixel 11 Pro XL;512;Vodafone;netzbetreiber;Mobil M;M;neu;1,00;27,61;114,00;;12;0,00;24;2067,64;;2026-10-10;https://www.vodafone.de/privat/handys/google-pixel-11-pro-xl.html;google-pixel-11-pro-xl-512gb-canyon;;
Bündel;Pixel 11 Pro XL;512;Vodafone;netzbetreiber;Mobil S;S;neu;1,00;31,45;114,00;;12;0,00;24;2123,80;;2026-10-10;https://www.vodafone.de/privat/handys/google-pixel-11-pro-xl.html;google-pixel-11-pro-xl-512gb-canyon;;
Bündel;Pixel 11 Pro XL;512;Vodafone;netzbetreiber;Mobil XL;XL;neu;1,00;44,11;114,00;;12;0,00;24;2535,64;;2026-10-10;https://www.vodafone.de/privat/handys/google-pixel-11-pro-xl.html;google-pixel-11-pro-xl-512gb-canyon;;
Bündel;Pixel 11 Pro XL;512;Vodafone;netzbetreiber;Mobil XS;XS;neu;1,00;23,95;114,00;;12;0,00;24;1943,80;;2026-10-10;https://www.vodafone.de/privat/handys/google-pixel-11-pro-xl.html;google-pixel-11-pro-xl-512gb-canyon;;
Bündel;Pixel 11 Pro XL;512;Vodafone;netzbetreiber;Mobil L;L;neu;1,00;33,61;114,00;;12;0,00;24;2229,64;;2026-10-10;https://www.vodafone.de/privat/handys/google-pixel-11-pro-xl.html;google-pixel-11-pro-xl-512gb-fog;;
Bündel;Pixel 11 Pro XL;512;Vodafone;netzbetreiber;Mobil M;M;neu;1,00;27,61;114,00;;12;0,00;24;2067,64;;2026-10-10;https://www.vodafone.de/privat/handys/google-pixel-11-pro-xl.html;google-pixel-11-pro-xl-512gb-fog;;
Bündel;Pixel 11 Pro XL;512;Vodafone;netzbetreiber;Mobil S;S;neu;1,00;31,45;114,00;;12;0,00;24;2123,80;;2026-10-10;https://www.vodafone.de/privat/handys/google-pixel-11-pro-xl.html;google-pixel-11-pro-xl-512gb-fog;;
Bündel;Pixel 11 Pro XL;512;Vodafone;netzbetreiber;Mobil XL;XL;neu;1,00;44,11;114,00;;12;0,00;24;2535,64;;2026-10-10;https://www.vodafone.de/privat/handys/google-pixel-11-pro-xl.html;google-pixel-11-pro-xl-512gb-fog;;
Bündel;Pixel 11 Pro XL;512;Vodafone;netzbetreiber;Mobil XS;XS;neu;1,00;23,95;114,00;;12;0,00;24;1943,80;;2026-10-10;https://www.vodafone.de/privat/handys/google-pixel-11-pro-xl.html;google-pixel-11-pro-xl-512gb-fog;;
Bündel;Pixel 11 Pro XL;512;Vodafone;netzbetreiber;Mobil L;L;neu;1,00;33,61;114,00;;12;0,00;24;2229,64;;2026-10-10;https://www.vodafone.de/privat/handys/google-pixel-11-pro-xl.html;google-pixel-11-pro-xl-512gb-olive;;
Bündel;Pixel 11 Pro XL;512;Vodafone;netzbetreiber;Mobil M;M;neu;1,00;27,61;114,00;;12;0,00;24;2067,64;;2026-10-10;https://www.vodafone.de/privat/handys/google-pixel-11-pro-xl.html;google-pixel-11-pro-xl-512gb-olive;;
Bündel;Pixel 11 Pro XL;512;Vodafone;netzbetreiber;Mobil S;S;neu;1,00;31,45;114,00;;12;0,00;24;2123,80;;2026-10-10;https://www.vodafone.de/privat/handys/google-pixel-11-pro-xl.html;google-pixel-11-pro-xl-512gb-olive;;
Bündel;Pixel 11 Pro XL;512;Vodafone;netzbetreiber;Mobil XL;XL;neu;1,00;44,11;114,00;;12;0,00;24;2535,64;;2026-10-10;https://www.vodafone.de/privat/handys/google-pixel-11-pro-xl.html;google-pixel-11-pro-xl-512gb-olive;;
Bündel;Pixel 11 Pro XL;512;Vodafone;netzbetreiber;Mobil XS;XS;neu;1,00;23,95;114,00;;12;0,00;24;1943,80;;2026-10-10;https://www.vodafone.de/privat/handys/google-pixel-11-pro-xl.html;google-pixel-11-pro-xl-512gb-olive;;
Bündel;Pixel 11 Pro XL;512;Vodafone;netzbetreiber;Mobil L;L;neu;1,00;33,61;114,00;;12;0,00;24;2229,64;;2026-10-10;https://www.vodafone.de/privat/handys/google-pixel-11-pro-xl.html;google-pixel-11-pro-xl-512gb-schwarz;;
Bündel;Pixel 11 Pro XL;512;Vodafone;netzbetreiber;Mobil M;M;neu;1,00;27,61;114,00;;12;0,00;24;2067,64;;2026-10-10;https://www.vodafone.de/privat/handys/google-pixel-11-pro-xl.html;google-pixel-11-pro-xl-512gb-schwarz;;
Bündel;Pixel 11 Pro XL;512;Vodafone;netzbetreiber;Mobil S;S;neu;1,00;31,45;114,00;;12;0,00;24;2123,80;;2026-10-10;https://www.vodafone.de/privat/handys/google-pixel-11-pro-xl.html;google-pixel-11-pro-xl-512gb-schwarz;;
Bündel;Pixel 11 Pro XL;512;Vodafone;netzbetreiber;Mobil XL;XL;neu;1,00;44,11;114,00;;12;0,00;24;2535,64;;2026-10-10;https://www.vodafone.de/privat/handys/google-pixel-11-pro-xl.html;google-pixel-11-pro-xl-512gb-schwarz;;
Bündel;Pixel 11 Pro XL;512;Vodafone;netzbetreiber;Mobil XS;XS;neu;1,00;23,95;114,00;;12;0,00;24;1943,80;;2026-10-10;https://www.vodafone.de/privat/handys/google-pixel-11-pro-xl.html;google-pixel-11-pro-xl-512gb-schwarz;;
Bündel;Galaxy A17;128;Vodafone;netzbetreiber;Mobil L;L;neu;1,00;33,61;16,50;;12;0,00;24;1059,64;;2026-10-10;https://www.vodafone.de/privat/handys/samsung-galaxy-a17-5g.html;samsung-galaxy-a17-128gb-blau;;
Bündel;Galaxy A17;128;Vodafone;netzbetreiber;Mobil M;M;neu;1,00;27,61;16,50;;12;0,00;24;897,64;;2026-10-10;https://www.vodafone.de/privat/handys/samsung-galaxy-a17-5g.html;samsung-galaxy-a17-128gb-blau;;
Bündel;Galaxy A17;128;Vodafone;netzbetreiber;Mobil S;S;neu;1,00;28,45;16,50;;12;0,00;24;917,80;;2026-10-10;https://www.vodafone.de/privat/handys/samsung-galaxy-a17-5g.html;samsung-galaxy-a17-128gb-blau;;
Bündel;Galaxy A17;128;Vodafone;netzbetreiber;Mobil XL;XL;neu;1,00;44,11;16,50;;12;0,00;24;1365,64;;2026-10-10;https://www.vodafone.de/privat/handys/samsung-galaxy-a17-5g.html;samsung-galaxy-a17-128gb-blau;;
Bündel;Galaxy A17;128;Vodafone;netzbetreiber;Mobil XS;XS;neu;1,00;23,95;16,50;;12;0,00;24;773,80;;2026-10-10;https://www.vodafone.de/privat/handys/samsung-galaxy-a17-5g.html;samsung-galaxy-a17-128gb-blau;;
Bündel;Galaxy A17;128;Vodafone;netzbetreiber;Mobil L;L;neu;1,00;33,61;16,50;;12;0,00;24;1059,64;;2026-10-10;https://www.vodafone.de/privat/handys/samsung-galaxy-a17-5g.html;samsung-galaxy-a17-128gb-schwarz;;
Bündel;Galaxy A17;128;Vodafone;netzbetreiber;Mobil M;M;neu;1,00;27,61;16,50;;12;0,00;24;897,64;;2026-10-10;https://www.vodafone.de/privat/handys/samsung-galaxy-a17-5g.html;samsung-galaxy-a17-128gb-schwarz;;
Bündel;Galaxy A17;128;Vodafone;netzbetreiber;Mobil S;S;neu;1,00;28,45;16,50;;12;0,00;24;917,80;;2026-10-10;https://www.vodafone.de/privat/handys/samsung-galaxy-a17-5g.html;samsung-galaxy-a17-128gb-schwarz;;
Bündel;Galaxy A17;128;Vodafone;netzbetreiber;Mobil XL;XL;neu;1,00;44,11;16,50;;12;0,00;24;1365,64;;2026-10-10;https://www.vodafone.de/privat/handys/samsung-galaxy-a17-5g.html;samsung-galaxy-a17-128gb-schwarz;;
Bündel;Galaxy A17;128;Vodafone;netzbetreiber;Mobil XS;XS;neu;1,00;23,95;16,50;;12;0,00;24;773,80;;2026-10-10;https://www.vodafone.de/privat/handys/samsung-galaxy-a17-5g.html;samsung-galaxy-a17-128gb-schwarz;;
Bündel;Galaxy A37;128;Vodafone;netzbetreiber;Mobil L;L;neu;1,00;33,61;30,00;;12;0,00;24;1221,64;;2026-10-10;https://www.vodafone.de/privat/handys/samsung-galaxy-a37-5g.html;samsung-galaxy-a37-128gb-awesome-charcoal;;
Bündel;Galaxy A37;128;Vodafone;netzbetreiber;Mobil M;M;neu;1,00;27,61;30,00;;12;0,00;24;1059,64;;2026-10-10;https://www.vodafone.de/privat/handys/samsung-galaxy-a37-5g.html;samsung-galaxy-a37-128gb-awesome-charcoal;;
Bündel;Galaxy A37;128;Vodafone;netzbetreiber;Mobil S;S;neu;1,00;28,45;30,00;;12;0,00;24;1079,80;;2026-10-10;https://www.vodafone.de/privat/handys/samsung-galaxy-a37-5g.html;samsung-galaxy-a37-128gb-awesome-charcoal;;
Bündel;Galaxy A37;128;Vodafone;netzbetreiber;Mobil XL;XL;neu;1,00;44,11;30,00;;12;0,00;24;1527,64;;2026-10-10;https://www.vodafone.de/privat/handys/samsung-galaxy-a37-5g.html;samsung-galaxy-a37-128gb-awesome-charcoal;;
Bündel;Galaxy A37;128;Vodafone;netzbetreiber;Mobil XS;XS;neu;1,00;23,95;30,00;;12;0,00;24;935,80;;2026-10-10;https://www.vodafone.de/privat/handys/samsung-galaxy-a37-5g.html;samsung-galaxy-a37-128gb-awesome-charcoal;;
Bündel;Galaxy A57;256;Vodafone;netzbetreiber;Mobil L;L;neu;1,00;33,61;31,50;;12;0,00;24;1239,64;;2026-10-10;https://www.vodafone.de/privat/handys/samsung-galaxy-a57-5g.html;samsung-galaxy-a57-256gb-awesome-gray;;
Bündel;Galaxy A57;256;Vodafone;netzbetreiber;Mobil M;M;neu;1,00;27,61;31,50;;12;0,00;24;1077,64;;2026-10-10;https://www.vodafone.de/privat/handys/samsung-galaxy-a57-5g.html;samsung-galaxy-a57-256gb-awesome-gray;;
Bündel;Galaxy A57;256;Vodafone;netzbetreiber;Mobil S;S;neu;1,00;28,45;31,50;;12;0,00;24;1097,80;;2026-10-10;https://www.vodafone.de/privat/handys/samsung-galaxy-a57-5g.html;samsung-galaxy-a57-256gb-awesome-gray;;
Bündel;Galaxy A57;256;Vodafone;netzbetreiber;Mobil XL;XL;neu;1,00;44,11;31,50;;12;0,00;24;1545,64;;2026-10-10;https://www.vodafone.de/privat/handys/samsung-galaxy-a57-5g.html;samsung-galaxy-a57-256gb-awesome-gray;;
Bündel;Galaxy A57;256;Vodafone;netzbetreiber;Mobil XS;XS;neu;1,00;23,95;31,50;;12;0,00;24;953,80;;2026-10-10;https://www.vodafone.de/privat/handys/samsung-galaxy-a57-5g.html;samsung-galaxy-a57-256gb-awesome-gray;;
Bündel;Galaxy A57;256;Vodafone;netzbetreiber;Mobil L;L;neu;1,00;33,61;31,50;;12;0,00;24;1239,64;;2026-10-10;https://www.vodafone.de/privat/handys/samsung-galaxy-a57-5g.html;samsung-galaxy-a57-256gb-awesome-navy;;
Bündel;Galaxy A57;256;Vodafone;netzbetreiber;Mobil M;M;neu;1,00;27,61;31,50;;12;0,00;24;1077,64;;2026-10-10;https://www.vodafone.de/privat/handys/samsung-galaxy-a57-5g.html;samsung-galaxy-a57-256gb-awesome-navy;;
Bündel;Galaxy A57;256;Vodafone;netzbetreiber;Mobil S;S;neu;1,00;28,45;31,50;;12;0,00;24;1097,80;;2026-10-10;https://www.vodafone.de/privat/handys/samsung-galaxy-a57-5g.html;samsung-galaxy-a57-256gb-awesome-navy;;
Bündel;Galaxy A57;256;Vodafone;netzbetreiber;Mobil XL;XL;neu;1,00;44,11;31,50;;12;0,00;24;1545,64;;2026-10-10;https://www.vodafone.de/privat/handys/samsung-galaxy-a57-5g.html;samsung-galaxy-a57-256gb-awesome-navy;;
Bündel;Galaxy A57;256;Vodafone;netzbetreiber;Mobil XS;XS;neu;1,00;23,95;31,50;;12;0,00;24;953,80;;2026-10-10;https://www.vodafone.de/privat/handys/samsung-galaxy-a57-5g.html;samsung-galaxy-a57-256gb-awesome-navy;;
Bündel;Galaxy S25;128;Vodafone;netzbetreiber;Mobil L;L;neu;0,99;33,61;63,00;;12;0,00;24;1617,63;;2026-10-10;https://www.vodafone.de/privat/handys/samsung-galaxy-s25.html;samsung-galaxy-s25-128gb-blau;;
Bündel;Galaxy S25;128;Vodafone;netzbetreiber;Mobil M;M;neu;0,99;27,61;63,00;;12;0,00;24;1455,63;;2026-10-10;https://www.vodafone.de/privat/handys/samsung-galaxy-s25.html;samsung-galaxy-s25-128gb-blau;;
Bündel;Galaxy S25;128;Vodafone;netzbetreiber;Mobil S;S;neu;0,99;31,45;63,00;;12;0,00;24;1511,79;;2026-10-10;https://www.vodafone.de/privat/handys/samsung-galaxy-s25.html;samsung-galaxy-s25-128gb-blau;;
Bündel;Galaxy S25;128;Vodafone;netzbetreiber;Mobil XL;XL;neu;0,99;44,11;63,00;;12;0,00;24;1923,63;;2026-10-10;https://www.vodafone.de/privat/handys/samsung-galaxy-s25.html;samsung-galaxy-s25-128gb-blau;;
Bündel;Galaxy S25;128;Vodafone;netzbetreiber;Mobil XS;XS;neu;0,99;23,95;63,00;;12;0,00;24;1331,79;;2026-10-10;https://www.vodafone.de/privat/handys/samsung-galaxy-s25.html;samsung-galaxy-s25-128gb-blau;;
Bündel;Galaxy S25 FE;128;Vodafone;netzbetreiber;Mobil L;L;neu;1,00;33,61;55,50;;12;0,00;24;1527,64;;2026-10-10;https://www.vodafone.de/privat/handys/samsung-galaxy-s25-fe.html;samsung-galaxy-s25-fe-128gb-blau;;
Bündel;Galaxy S25 FE;128;Vodafone;netzbetreiber;Mobil M;M;neu;1,00;27,61;55,50;;12;0,00;24;1365,64;;2026-10-10;https://www.vodafone.de/privat/handys/samsung-galaxy-s25-fe.html;samsung-galaxy-s25-fe-128gb-blau;;
Bündel;Galaxy S25 FE;128;Vodafone;netzbetreiber;Mobil S;S;neu;1,00;28,45;55,50;;12;0,00;24;1385,80;;2026-10-10;https://www.vodafone.de/privat/handys/samsung-galaxy-s25-fe.html;samsung-galaxy-s25-fe-128gb-blau;;
Bündel;Galaxy S25 FE;128;Vodafone;netzbetreiber;Mobil XL;XL;neu;1,00;44,11;55,50;;12;0,00;24;1833,64;;2026-10-10;https://www.vodafone.de/privat/handys/samsung-galaxy-s25-fe.html;samsung-galaxy-s25-fe-128gb-blau;;
Bündel;Galaxy S25 FE;128;Vodafone;netzbetreiber;Mobil XS;XS;neu;1,00;23,95;55,50;;12;0,00;24;1241,80;;2026-10-10;https://www.vodafone.de/privat/handys/samsung-galaxy-s25-fe.html;samsung-galaxy-s25-fe-128gb-blau;;
Bündel;Galaxy S25 FE;128;Vodafone;netzbetreiber;Mobil L;L;neu;1,00;33,61;55,50;;12;0,00;24;1527,64;;2026-10-10;https://www.vodafone.de/privat/handys/samsung-galaxy-s25-fe.html;samsung-galaxy-s25-fe-128gb-jetblack;;
Bündel;Galaxy S25 FE;128;Vodafone;netzbetreiber;Mobil M;M;neu;1,00;27,61;55,50;;12;0,00;24;1365,64;;2026-10-10;https://www.vodafone.de/privat/handys/samsung-galaxy-s25-fe.html;samsung-galaxy-s25-fe-128gb-jetblack;;
Bündel;Galaxy S25 FE;128;Vodafone;netzbetreiber;Mobil S;S;neu;1,00;28,45;55,50;;12;0,00;24;1385,80;;2026-10-10;https://www.vodafone.de/privat/handys/samsung-galaxy-s25-fe.html;samsung-galaxy-s25-fe-128gb-jetblack;;
Bündel;Galaxy S25 FE;128;Vodafone;netzbetreiber;Mobil XL;XL;neu;1,00;44,11;55,50;;12;0,00;24;1833,64;;2026-10-10;https://www.vodafone.de/privat/handys/samsung-galaxy-s25-fe.html;samsung-galaxy-s25-fe-128gb-jetblack;;
Bündel;Galaxy S25 FE;128;Vodafone;netzbetreiber;Mobil XS;XS;neu;1,00;23,95;55,50;;12;0,00;24;1241,80;;2026-10-10;https://www.vodafone.de/privat/handys/samsung-galaxy-s25-fe.html;samsung-galaxy-s25-fe-128gb-jetblack;;
Bündel;Galaxy S26;256;Vodafone;netzbetreiber;Mobil L;L;neu;0,99;33,61;63,00;;12;0,00;24;1617,63;;2026-10-10;https://www.vodafone.de/privat/handys/samsung-galaxy-s26.html;samsung-galaxy-s26-256gb-cobalt-violet;;
Bündel;Galaxy S26;256;Vodafone;netzbetreiber;Mobil M;M;neu;0,99;27,61;63,00;;12;0,00;24;1455,63;;2026-10-10;https://www.vodafone.de/privat/handys/samsung-galaxy-s26.html;samsung-galaxy-s26-256gb-cobalt-violet;;
Bündel;Galaxy S26;256;Vodafone;netzbetreiber;Mobil S;S;neu;0,99;31,45;63,00;;12;0,00;24;1511,79;;2026-10-10;https://www.vodafone.de/privat/handys/samsung-galaxy-s26.html;samsung-galaxy-s26-256gb-cobalt-violet;;
Bündel;Galaxy S26;256;Vodafone;netzbetreiber;Mobil XL;XL;neu;0,99;44,11;63,00;;12;0,00;24;1923,63;;2026-10-10;https://www.vodafone.de/privat/handys/samsung-galaxy-s26.html;samsung-galaxy-s26-256gb-cobalt-violet;;
Bündel;Galaxy S26;256;Vodafone;netzbetreiber;Mobil XS;XS;neu;0,99;23,95;63,00;;12;0,00;24;1331,79;;2026-10-10;https://www.vodafone.de/privat/handys/samsung-galaxy-s26.html;samsung-galaxy-s26-256gb-cobalt-violet;;
Bündel;Galaxy S26;256;Vodafone;netzbetreiber;Mobil L;L;neu;0,99;33,61;63,00;;12;0,00;24;1617,63;;2026-10-10;https://www.vodafone.de/privat/handys/samsung-galaxy-s26.html;samsung-galaxy-s26-256gb-schwarz;;
Bündel;Galaxy S26;256;Vodafone;netzbetreiber;Mobil M;M;neu;0,99;27,61;63,00;;12;0,00;24;1455,63;;2026-10-10;https://www.vodafone.de/privat/handys/samsung-galaxy-s26.html;samsung-galaxy-s26-256gb-schwarz;;
Bündel;Galaxy S26;256;Vodafone;netzbetreiber;Mobil S;S;neu;0,99;31,45;63,00;;12;0,00;24;1511,79;;2026-10-10;https://www.vodafone.de/privat/handys/samsung-galaxy-s26.html;samsung-galaxy-s26-256gb-schwarz;;
Bündel;Galaxy S26;256;Vodafone;netzbetreiber;Mobil XL;XL;neu;0,99;44,11;63,00;;12;0,00;24;1923,63;;2026-10-10;https://www.vodafone.de/privat/handys/samsung-galaxy-s26.html;samsung-galaxy-s26-256gb-schwarz;;
Bündel;Galaxy S26;256;Vodafone;netzbetreiber;Mobil XS;XS;neu;0,99;23,95;63,00;;12;0,00;24;1331,79;;2026-10-10;https://www.vodafone.de/privat/handys/samsung-galaxy-s26.html;samsung-galaxy-s26-256gb-schwarz;;
Bündel;Galaxy S26;256;Vodafone;netzbetreiber;Mobil L;L;neu;0,99;33,61;63,00;;12;0,00;24;1617,63;;2026-10-10;https://www.vodafone.de/privat/handys/samsung-galaxy-s26.html;samsung-galaxy-s26-256gb-sky-blue;;
Bündel;Galaxy S26;256;Vodafone;netzbetreiber;Mobil M;M;neu;0,99;27,61;63,00;;12;0,00;24;1455,63;;2026-10-10;https://www.vodafone.de/privat/handys/samsung-galaxy-s26.html;samsung-galaxy-s26-256gb-sky-blue;;
Bündel;Galaxy S26;256;Vodafone;netzbetreiber;Mobil S;S;neu;0,99;31,45;63,00;;12;0,00;24;1511,79;;2026-10-10;https://www.vodafone.de/privat/handys/samsung-galaxy-s26.html;samsung-galaxy-s26-256gb-sky-blue;;
Bündel;Galaxy S26;256;Vodafone;netzbetreiber;Mobil XL;XL;neu;0,99;44,11;63,00;;12;0,00;24;1923,63;;2026-10-10;https://www.vodafone.de/privat/handys/samsung-galaxy-s26.html;samsung-galaxy-s26-256gb-sky-blue;;
Bündel;Galaxy S26;256;Vodafone;netzbetreiber;Mobil XS;XS;neu;0,99;23,95;63,00;;12;0,00;24;1331,79;;2026-10-10;https://www.vodafone.de/privat/handys/samsung-galaxy-s26.html;samsung-galaxy-s26-256gb-sky-blue;;
Bündel;Galaxy S26;256;Vodafone;netzbetreiber;Mobil L;L;neu;0,99;33,61;63,00;;12;0,00;24;1617,63;;2026-10-10;https://www.vodafone.de/privat/handys/samsung-galaxy-s26.html;samsung-galaxy-s26-256gb-weiss;;
Bündel;Galaxy S26;256;Vodafone;netzbetreiber;Mobil M;M;neu;0,99;27,61;63,00;;12;0,00;24;1455,63;;2026-10-10;https://www.vodafone.de/privat/handys/samsung-galaxy-s26.html;samsung-galaxy-s26-256gb-weiss;;
Bündel;Galaxy S26;256;Vodafone;netzbetreiber;Mobil S;S;neu;0,99;31,45;63,00;;12;0,00;24;1511,79;;2026-10-10;https://www.vodafone.de/privat/handys/samsung-galaxy-s26.html;samsung-galaxy-s26-256gb-weiss;;
Bündel;Galaxy S26;256;Vodafone;netzbetreiber;Mobil XL;XL;neu;0,99;44,11;63,00;;12;0,00;24;1923,63;;2026-10-10;https://www.vodafone.de/privat/handys/samsung-galaxy-s26.html;samsung-galaxy-s26-256gb-weiss;;
Bündel;Galaxy S26;256;Vodafone;netzbetreiber;Mobil XS;XS;neu;0,99;23,95;63,00;;12;0,00;24;1331,79;;2026-10-10;https://www.vodafone.de/privat/handys/samsung-galaxy-s26.html;samsung-galaxy-s26-256gb-weiss;;
Bündel;Galaxy S26;512;Vodafone;netzbetreiber;Mobil L;L;neu;0,99;33,61;78,00;;12;0,00;24;1797,63;;2026-10-10;https://www.vodafone.de/privat/handys/samsung-galaxy-s26.html;samsung-galaxy-s26-512gb-cobalt-violet;;
Bündel;Galaxy S26;512;Vodafone;netzbetreiber;Mobil M;M;neu;0,99;27,61;78,00;;12;0,00;24;1635,63;;2026-10-10;https://www.vodafone.de/privat/handys/samsung-galaxy-s26.html;samsung-galaxy-s26-512gb-cobalt-violet;;
Bündel;Galaxy S26;512;Vodafone;netzbetreiber;Mobil S;S;neu;0,99;31,45;78,00;;12;0,00;24;1691,79;;2026-10-10;https://www.vodafone.de/privat/handys/samsung-galaxy-s26.html;samsung-galaxy-s26-512gb-cobalt-violet;;
Bündel;Galaxy S26;512;Vodafone;netzbetreiber;Mobil XL;XL;neu;0,99;44,11;78,00;;12;0,00;24;2103,63;;2026-10-10;https://www.vodafone.de/privat/handys/samsung-galaxy-s26.html;samsung-galaxy-s26-512gb-cobalt-violet;;
Bündel;Galaxy S26;512;Vodafone;netzbetreiber;Mobil XS;XS;neu;0,99;23,95;78,00;;12;0,00;24;1511,79;;2026-10-10;https://www.vodafone.de/privat/handys/samsung-galaxy-s26.html;samsung-galaxy-s26-512gb-cobalt-violet;;
Bündel;Galaxy S26;512;Vodafone;netzbetreiber;Mobil L;L;neu;0,99;33,61;78,00;;12;0,00;24;1797,63;;2026-10-10;https://www.vodafone.de/privat/handys/samsung-galaxy-s26.html;samsung-galaxy-s26-512gb-schwarz;;
Bündel;Galaxy S26;512;Vodafone;netzbetreiber;Mobil M;M;neu;0,99;27,61;78,00;;12;0,00;24;1635,63;;2026-10-10;https://www.vodafone.de/privat/handys/samsung-galaxy-s26.html;samsung-galaxy-s26-512gb-schwarz;;
Bündel;Galaxy S26;512;Vodafone;netzbetreiber;Mobil S;S;neu;0,99;31,45;78,00;;12;0,00;24;1691,79;;2026-10-10;https://www.vodafone.de/privat/handys/samsung-galaxy-s26.html;samsung-galaxy-s26-512gb-schwarz;;
Bündel;Galaxy S26;512;Vodafone;netzbetreiber;Mobil XL;XL;neu;0,99;44,11;78,00;;12;0,00;24;2103,63;;2026-10-10;https://www.vodafone.de/privat/handys/samsung-galaxy-s26.html;samsung-galaxy-s26-512gb-schwarz;;
Bündel;Galaxy S26;512;Vodafone;netzbetreiber;Mobil XS;XS;neu;0,99;23,95;78,00;;12;0,00;24;1511,79;;2026-10-10;https://www.vodafone.de/privat/handys/samsung-galaxy-s26.html;samsung-galaxy-s26-512gb-schwarz;;
Bündel;Galaxy S26;512;Vodafone;netzbetreiber;Mobil L;L;neu;0,99;33,61;78,00;;12;0,00;24;1797,63;;2026-10-10;https://www.vodafone.de/privat/handys/samsung-galaxy-s26.html;samsung-galaxy-s26-512gb-sky-blue;;
Bündel;Galaxy S26;512;Vodafone;netzbetreiber;Mobil M;M;neu;0,99;27,61;78,00;;12;0,00;24;1635,63;;2026-10-10;https://www.vodafone.de/privat/handys/samsung-galaxy-s26.html;samsung-galaxy-s26-512gb-sky-blue;;
Bündel;Galaxy S26;512;Vodafone;netzbetreiber;Mobil S;S;neu;0,99;31,45;78,00;;12;0,00;24;1691,79;;2026-10-10;https://www.vodafone.de/privat/handys/samsung-galaxy-s26.html;samsung-galaxy-s26-512gb-sky-blue;;
Bündel;Galaxy S26;512;Vodafone;netzbetreiber;Mobil XL;XL;neu;0,99;44,11;78,00;;12;0,00;24;2103,63;;2026-10-10;https://www.vodafone.de/privat/handys/samsung-galaxy-s26.html;samsung-galaxy-s26-512gb-sky-blue;;
Bündel;Galaxy S26;512;Vodafone;netzbetreiber;Mobil XS;XS;neu;0,99;23,95;78,00;;12;0,00;24;1511,79;;2026-10-10;https://www.vodafone.de/privat/handys/samsung-galaxy-s26.html;samsung-galaxy-s26-512gb-sky-blue;;
Bündel;Galaxy S26;512;Vodafone;netzbetreiber;Mobil L;L;neu;0,99;33,61;78,00;;12;0,00;24;1797,63;;2026-10-10;https://www.vodafone.de/privat/handys/samsung-galaxy-s26.html;samsung-galaxy-s26-512gb-weiss;;
Bündel;Galaxy S26;512;Vodafone;netzbetreiber;Mobil M;M;neu;0,99;27,61;78,00;;12;0,00;24;1635,63;;2026-10-10;https://www.vodafone.de/privat/handys/samsung-galaxy-s26.html;samsung-galaxy-s26-512gb-weiss;;
Bündel;Galaxy S26;512;Vodafone;netzbetreiber;Mobil S;S;neu;0,99;31,45;78,00;;12;0,00;24;1691,79;;2026-10-10;https://www.vodafone.de/privat/handys/samsung-galaxy-s26.html;samsung-galaxy-s26-512gb-weiss;;
Bündel;Galaxy S26;512;Vodafone;netzbetreiber;Mobil XL;XL;neu;0,99;44,11;78,00;;12;0,00;24;2103,63;;2026-10-10;https://www.vodafone.de/privat/handys/samsung-galaxy-s26.html;samsung-galaxy-s26-512gb-weiss;;
Bündel;Galaxy S26;512;Vodafone;netzbetreiber;Mobil XS;XS;neu;0,99;23,95;78,00;;12;0,00;24;1511,79;;2026-10-10;https://www.vodafone.de/privat/handys/samsung-galaxy-s26.html;samsung-galaxy-s26-512gb-weiss;;
Bündel;Galaxy S26 FE;128;Vodafone;netzbetreiber;Mobil L;L;neu;1,00;33,61;57,00;;12;0,00;24;1545,64;;2026-10-10;https://www.vodafone.de/privat/handys/samsung-galaxy-s26-fe.html;samsung-galaxy-s26-fe-128gb-grau;;
Bündel;Galaxy S26 FE;128;Vodafone;netzbetreiber;Mobil M;M;neu;1,00;27,61;57,00;;12;0,00;24;1383,64;;2026-10-10;https://www.vodafone.de/privat/handys/samsung-galaxy-s26-fe.html;samsung-galaxy-s26-fe-128gb-grau;;
Bündel;Galaxy S26 FE;128;Vodafone;netzbetreiber;Mobil S;S;neu;1,00;28,45;57,00;;12;0,00;24;1403,80;;2026-10-10;https://www.vodafone.de/privat/handys/samsung-galaxy-s26-fe.html;samsung-galaxy-s26-fe-128gb-grau;;
Bündel;Galaxy S26 FE;128;Vodafone;netzbetreiber;Mobil XL;XL;neu;1,00;44,11;57,00;;12;0,00;24;1851,64;;2026-10-10;https://www.vodafone.de/privat/handys/samsung-galaxy-s26-fe.html;samsung-galaxy-s26-fe-128gb-grau;;
Bündel;Galaxy S26 FE;128;Vodafone;netzbetreiber;Mobil XS;XS;neu;1,00;23,95;57,00;;12;0,00;24;1259,80;;2026-10-10;https://www.vodafone.de/privat/handys/samsung-galaxy-s26-fe.html;samsung-galaxy-s26-fe-128gb-grau;;
Bündel;Galaxy S26 FE;128;Vodafone;netzbetreiber;Mobil L;L;neu;1,00;33,61;57,00;;12;0,00;24;1545,64;;2026-10-10;https://www.vodafone.de/privat/handys/samsung-galaxy-s26-fe.html;samsung-galaxy-s26-fe-128gb-pistachio;;
Bündel;Galaxy S26 FE;128;Vodafone;netzbetreiber;Mobil M;M;neu;1,00;27,61;57,00;;12;0,00;24;1383,64;;2026-10-10;https://www.vodafone.de/privat/handys/samsung-galaxy-s26-fe.html;samsung-galaxy-s26-fe-128gb-pistachio;;
Bündel;Galaxy S26 FE;128;Vodafone;netzbetreiber;Mobil S;S;neu;1,00;28,45;57,00;;12;0,00;24;1403,80;;2026-10-10;https://www.vodafone.de/privat/handys/samsung-galaxy-s26-fe.html;samsung-galaxy-s26-fe-128gb-pistachio;;
Bündel;Galaxy S26 FE;128;Vodafone;netzbetreiber;Mobil XL;XL;neu;1,00;44,11;57,00;;12;0,00;24;1851,64;;2026-10-10;https://www.vodafone.de/privat/handys/samsung-galaxy-s26-fe.html;samsung-galaxy-s26-fe-128gb-pistachio;;
Bündel;Galaxy S26 FE;128;Vodafone;netzbetreiber;Mobil XS;XS;neu;1,00;23,95;57,00;;12;0,00;24;1259,80;;2026-10-10;https://www.vodafone.de/privat/handys/samsung-galaxy-s26-fe.html;samsung-galaxy-s26-fe-128gb-pistachio;;
Bündel;Galaxy S26 FE;256;Vodafone;netzbetreiber;Mobil L;L;neu;1,00;33,61;64,50;;12;0,00;24;1635,64;;2026-10-10;https://www.vodafone.de/privat/handys/samsung-galaxy-s26-fe.html;samsung-galaxy-s26-fe-256gb-grau;;
Bündel;Galaxy S26 FE;256;Vodafone;netzbetreiber;Mobil M;M;neu;1,00;27,61;64,50;;12;0,00;24;1473,64;;2026-10-10;https://www.vodafone.de/privat/handys/samsung-galaxy-s26-fe.html;samsung-galaxy-s26-fe-256gb-grau;;
Bündel;Galaxy S26 FE;256;Vodafone;netzbetreiber;Mobil S;S;neu;1,00;28,45;64,50;;12;0,00;24;1493,80;;2026-10-10;https://www.vodafone.de/privat/handys/samsung-galaxy-s26-fe.html;samsung-galaxy-s26-fe-256gb-grau;;
Bündel;Galaxy S26 FE;256;Vodafone;netzbetreiber;Mobil XL;XL;neu;1,00;44,11;64,50;;12;0,00;24;1941,64;;2026-10-10;https://www.vodafone.de/privat/handys/samsung-galaxy-s26-fe.html;samsung-galaxy-s26-fe-256gb-grau;;
Bündel;Galaxy S26 FE;256;Vodafone;netzbetreiber;Mobil XS;XS;neu;1,00;23,95;64,50;;12;0,00;24;1349,80;;2026-10-10;https://www.vodafone.de/privat/handys/samsung-galaxy-s26-fe.html;samsung-galaxy-s26-fe-256gb-grau;;
Bündel;Galaxy S26 FE;256;Vodafone;netzbetreiber;Mobil L;L;neu;1,00;33,61;64,50;;12;0,00;24;1635,64;;2026-10-10;https://www.vodafone.de/privat/handys/samsung-galaxy-s26-fe.html;samsung-galaxy-s26-fe-256gb-pistachio;;
Bündel;Galaxy S26 FE;256;Vodafone;netzbetreiber;Mobil M;M;neu;1,00;27,61;64,50;;12;0,00;24;1473,64;;2026-10-10;https://www.vodafone.de/privat/handys/samsung-galaxy-s26-fe.html;samsung-galaxy-s26-fe-256gb-pistachio;;
Bündel;Galaxy S26 FE;256;Vodafone;netzbetreiber;Mobil S;S;neu;1,00;28,45;64,50;;12;0,00;24;1493,80;;2026-10-10;https://www.vodafone.de/privat/handys/samsung-galaxy-s26-fe.html;samsung-galaxy-s26-fe-256gb-pistachio;;
Bündel;Galaxy S26 FE;256;Vodafone;netzbetreiber;Mobil XL;XL;neu;1,00;44,11;64,50;;12;0,00;24;1941,64;;2026-10-10;https://www.vodafone.de/privat/handys/samsung-galaxy-s26-fe.html;samsung-galaxy-s26-fe-256gb-pistachio;;
Bündel;Galaxy S26 FE;256;Vodafone;netzbetreiber;Mobil XS;XS;neu;1,00;23,95;64,50;;12;0,00;24;1349,80;;2026-10-10;https://www.vodafone.de/privat/handys/samsung-galaxy-s26-fe.html;samsung-galaxy-s26-fe-256gb-pistachio;;
Bündel;Galaxy S26 Plus;256;Vodafone;netzbetreiber;Mobil L;L;neu;1,00;33,61;96,00;;12;0,00;24;2013,64;;2026-10-10;https://www.vodafone.de/privat/handys/samsung-galaxy-s26-plus.html;samsung-galaxy-s26-plus-256gb-cobalt-violet;;
Bündel;Galaxy S26 Plus;256;Vodafone;netzbetreiber;Mobil M;M;neu;1,00;27,61;96,00;;12;0,00;24;1851,64;;2026-10-10;https://www.vodafone.de/privat/handys/samsung-galaxy-s26-plus.html;samsung-galaxy-s26-plus-256gb-cobalt-violet;;
Bündel;Galaxy S26 Plus;256;Vodafone;netzbetreiber;Mobil S;S;neu;1,00;31,45;96,00;;12;0,00;24;1907,80;;2026-10-10;https://www.vodafone.de/privat/handys/samsung-galaxy-s26-plus.html;samsung-galaxy-s26-plus-256gb-cobalt-violet;;
Bündel;Galaxy S26 Plus;256;Vodafone;netzbetreiber;Mobil XL;XL;neu;1,00;44,11;96,00;;12;0,00;24;2319,64;;2026-10-10;https://www.vodafone.de/privat/handys/samsung-galaxy-s26-plus.html;samsung-galaxy-s26-plus-256gb-cobalt-violet;;
Bündel;Galaxy S26 Plus;256;Vodafone;netzbetreiber;Mobil XS;XS;neu;1,00;23,95;96,00;;12;0,00;24;1727,80;;2026-10-10;https://www.vodafone.de/privat/handys/samsung-galaxy-s26-plus.html;samsung-galaxy-s26-plus-256gb-cobalt-violet;;
Bündel;Galaxy S26 Plus;256;Vodafone;netzbetreiber;Mobil L;L;neu;1,00;33,61;96,00;;12;0,00;24;2013,64;;2026-10-10;https://www.vodafone.de/privat/handys/samsung-galaxy-s26-plus.html;samsung-galaxy-s26-plus-256gb-schwarz;;
Bündel;Galaxy S26 Plus;256;Vodafone;netzbetreiber;Mobil M;M;neu;1,00;27,61;96,00;;12;0,00;24;1851,64;;2026-10-10;https://www.vodafone.de/privat/handys/samsung-galaxy-s26-plus.html;samsung-galaxy-s26-plus-256gb-schwarz;;
Bündel;Galaxy S26 Plus;256;Vodafone;netzbetreiber;Mobil S;S;neu;1,00;31,45;96,00;;12;0,00;24;1907,80;;2026-10-10;https://www.vodafone.de/privat/handys/samsung-galaxy-s26-plus.html;samsung-galaxy-s26-plus-256gb-schwarz;;
Bündel;Galaxy S26 Plus;256;Vodafone;netzbetreiber;Mobil XL;XL;neu;1,00;44,11;96,00;;12;0,00;24;2319,64;;2026-10-10;https://www.vodafone.de/privat/handys/samsung-galaxy-s26-plus.html;samsung-galaxy-s26-plus-256gb-schwarz;;
Bündel;Galaxy S26 Plus;256;Vodafone;netzbetreiber;Mobil XS;XS;neu;1,00;23,95;96,00;;12;0,00;24;1727,80;;2026-10-10;https://www.vodafone.de/privat/handys/samsung-galaxy-s26-plus.html;samsung-galaxy-s26-plus-256gb-schwarz;;
Bündel;Galaxy S26 Plus;256;Vodafone;netzbetreiber;Mobil L;L;neu;1,00;33,61;96,00;;12;0,00;24;2013,64;;2026-10-10;https://www.vodafone.de/privat/handys/samsung-galaxy-s26-plus.html;samsung-galaxy-s26-plus-256gb-sky-blue;;
Bündel;Galaxy S26 Plus;256;Vodafone;netzbetreiber;Mobil M;M;neu;1,00;27,61;96,00;;12;0,00;24;1851,64;;2026-10-10;https://www.vodafone.de/privat/handys/samsung-galaxy-s26-plus.html;samsung-galaxy-s26-plus-256gb-sky-blue;;
Bündel;Galaxy S26 Plus;256;Vodafone;netzbetreiber;Mobil S;S;neu;1,00;31,45;96,00;;12;0,00;24;1907,80;;2026-10-10;https://www.vodafone.de/privat/handys/samsung-galaxy-s26-plus.html;samsung-galaxy-s26-plus-256gb-sky-blue;;
Bündel;Galaxy S26 Plus;256;Vodafone;netzbetreiber;Mobil XL;XL;neu;1,00;44,11;96,00;;12;0,00;24;2319,64;;2026-10-10;https://www.vodafone.de/privat/handys/samsung-galaxy-s26-plus.html;samsung-galaxy-s26-plus-256gb-sky-blue;;
Bündel;Galaxy S26 Plus;256;Vodafone;netzbetreiber;Mobil XS;XS;neu;1,00;23,95;96,00;;12;0,00;24;1727,80;;2026-10-10;https://www.vodafone.de/privat/handys/samsung-galaxy-s26-plus.html;samsung-galaxy-s26-plus-256gb-sky-blue;;
Bündel;Galaxy S26 Plus;256;Vodafone;netzbetreiber;Mobil L;L;neu;1,00;33,61;96,00;;12;0,00;24;2013,64;;2026-10-10;https://www.vodafone.de/privat/handys/samsung-galaxy-s26-plus.html;samsung-galaxy-s26-plus-256gb-weiss;;
Bündel;Galaxy S26 Plus;256;Vodafone;netzbetreiber;Mobil M;M;neu;1,00;27,61;96,00;;12;0,00;24;1851,64;;2026-10-10;https://www.vodafone.de/privat/handys/samsung-galaxy-s26-plus.html;samsung-galaxy-s26-plus-256gb-weiss;;
Bündel;Galaxy S26 Plus;256;Vodafone;netzbetreiber;Mobil S;S;neu;1,00;31,45;96,00;;12;0,00;24;1907,80;;2026-10-10;https://www.vodafone.de/privat/handys/samsung-galaxy-s26-plus.html;samsung-galaxy-s26-plus-256gb-weiss;;
Bündel;Galaxy S26 Plus;256;Vodafone;netzbetreiber;Mobil XL;XL;neu;1,00;44,11;96,00;;12;0,00;24;2319,64;;2026-10-10;https://www.vodafone.de/privat/handys/samsung-galaxy-s26-plus.html;samsung-galaxy-s26-plus-256gb-weiss;;
Bündel;Galaxy S26 Plus;256;Vodafone;netzbetreiber;Mobil XS;XS;neu;1,00;23,95;96,00;;12;0,00;24;1727,80;;2026-10-10;https://www.vodafone.de/privat/handys/samsung-galaxy-s26-plus.html;samsung-galaxy-s26-plus-256gb-weiss;;
Bündel;Galaxy S26 Plus;512;Vodafone;netzbetreiber;Mobil L;L;neu;1,00;33,61;111,00;;12;0,00;24;2193,64;;2026-10-10;https://www.vodafone.de/privat/handys/samsung-galaxy-s26-plus.html;samsung-galaxy-s26-plus-512gb-sky-blue;;
Bündel;Galaxy S26 Plus;512;Vodafone;netzbetreiber;Mobil M;M;neu;1,00;27,61;111,00;;12;0,00;24;2031,64;;2026-10-10;https://www.vodafone.de/privat/handys/samsung-galaxy-s26-plus.html;samsung-galaxy-s26-plus-512gb-sky-blue;;
Bündel;Galaxy S26 Plus;512;Vodafone;netzbetreiber;Mobil S;S;neu;1,00;31,45;111,00;;12;0,00;24;2087,80;;2026-10-10;https://www.vodafone.de/privat/handys/samsung-galaxy-s26-plus.html;samsung-galaxy-s26-plus-512gb-sky-blue;;
Bündel;Galaxy S26 Plus;512;Vodafone;netzbetreiber;Mobil XL;XL;neu;1,00;44,11;111,00;;12;0,00;24;2499,64;;2026-10-10;https://www.vodafone.de/privat/handys/samsung-galaxy-s26-plus.html;samsung-galaxy-s26-plus-512gb-sky-blue;;
Bündel;Galaxy S26 Plus;512;Vodafone;netzbetreiber;Mobil XS;XS;neu;1,00;23,95;111,00;;12;0,00;24;1907,80;;2026-10-10;https://www.vodafone.de/privat/handys/samsung-galaxy-s26-plus.html;samsung-galaxy-s26-plus-512gb-sky-blue;;
Bündel;Galaxy S26 Plus;512;Vodafone;netzbetreiber;Mobil S;S;neu;1,00;41,95;106,50;;12;0,00;24;2285,80;;2026-09-06;https://www.vodafone.de/privat/handys/samsung-galaxy-s26-plus.html;samsung-galaxy-s26-plus-512gb-weiss;veraltet;
Bündel;Galaxy S26 Ultra;1024;Vodafone;netzbetreiber;Mobil L;L;neu;1,00;33,61;139,50;;12;0,00;24;2535,64;;2026-10-10;https://www.vodafone.de/privat/handys/samsung-galaxy-s26-ultra.html;samsung-galaxy-s26-ultra-1024gb-schwarz;;
Bündel;Galaxy S26 Ultra;1024;Vodafone;netzbetreiber;Mobil M;M;neu;1,00;27,61;139,50;;12;0,00;24;2373,64;;2026-10-10;https://www.vodafone.de/privat/handys/samsung-galaxy-s26-ultra.html;samsung-galaxy-s26-ultra-1024gb-schwarz;;
Bündel;Galaxy S26 Ultra;1024;Vodafone;netzbetreiber;Mobil S;S;neu;1,00;31,45;139,50;;12;0,00;24;2429,80;;2026-10-10;https://www.vodafone.de/privat/handys/samsung-galaxy-s26-ultra.html;samsung-galaxy-s26-ultra-1024gb-schwarz;;
Bündel;Galaxy S26 Ultra;1024;Vodafone;netzbetreiber;Mobil XL;XL;neu;1,00;44,11;139,50;;12;0,00;24;2841,64;;2026-10-10;https://www.vodafone.de/privat/handys/samsung-galaxy-s26-ultra.html;samsung-galaxy-s26-ultra-1024gb-schwarz;;
Bündel;Galaxy S26 Ultra;1024;Vodafone;netzbetreiber;Mobil XS;XS;neu;1,00;23,95;139,50;;12;0,00;24;2249,80;;2026-10-10;https://www.vodafone.de/privat/handys/samsung-galaxy-s26-ultra.html;samsung-galaxy-s26-ultra-1024gb-schwarz;;
Bündel;Galaxy S26 Ultra;256;Vodafone;netzbetreiber;Mobil L;L;neu;1,00;33,61;102,00;;12;0,00;24;2085,64;;2026-10-10;https://www.vodafone.de/privat/handys/samsung-galaxy-s26-ultra.html;samsung-galaxy-s26-ultra-256gb-cobalt-violet;;
Bündel;Galaxy S26 Ultra;256;Vodafone;netzbetreiber;Mobil M;M;neu;1,00;27,61;102,00;;12;0,00;24;1923,64;;2026-10-10;https://www.vodafone.de/privat/handys/samsung-galaxy-s26-ultra.html;samsung-galaxy-s26-ultra-256gb-cobalt-violet;;
Bündel;Galaxy S26 Ultra;256;Vodafone;netzbetreiber;Mobil S;S;neu;1,00;31,45;102,00;;12;0,00;24;1979,80;;2026-10-10;https://www.vodafone.de/privat/handys/samsung-galaxy-s26-ultra.html;samsung-galaxy-s26-ultra-256gb-cobalt-violet;;
Bündel;Galaxy S26 Ultra;256;Vodafone;netzbetreiber;Mobil XL;XL;neu;1,00;44,11;102,00;;12;0,00;24;2391,64;;2026-10-10;https://www.vodafone.de/privat/handys/samsung-galaxy-s26-ultra.html;samsung-galaxy-s26-ultra-256gb-cobalt-violet;;
Bündel;Galaxy S26 Ultra;256;Vodafone;netzbetreiber;Mobil XS;XS;neu;1,00;23,95;102,00;;12;0,00;24;1799,80;;2026-10-10;https://www.vodafone.de/privat/handys/samsung-galaxy-s26-ultra.html;samsung-galaxy-s26-ultra-256gb-cobalt-violet;;
Bündel;Galaxy S26 Ultra;256;Vodafone;netzbetreiber;Mobil L;L;neu;1,00;33,61;102,00;;12;0,00;24;2085,64;;2026-10-10;https://www.vodafone.de/privat/handys/samsung-galaxy-s26-ultra.html;samsung-galaxy-s26-ultra-256gb-schwarz;;
Bündel;Galaxy S26 Ultra;256;Vodafone;netzbetreiber;Mobil M;M;neu;1,00;27,61;102,00;;12;0,00;24;1923,64;;2026-10-10;https://www.vodafone.de/privat/handys/samsung-galaxy-s26-ultra.html;samsung-galaxy-s26-ultra-256gb-schwarz;;
Bündel;Galaxy S26 Ultra;256;Vodafone;netzbetreiber;Mobil S;S;neu;1,00;31,45;102,00;;12;0,00;24;1979,80;;2026-10-10;https://www.vodafone.de/privat/handys/samsung-galaxy-s26-ultra.html;samsung-galaxy-s26-ultra-256gb-schwarz;;
Bündel;Galaxy S26 Ultra;256;Vodafone;netzbetreiber;Mobil XL;XL;neu;1,00;44,11;102,00;;12;0,00;24;2391,64;;2026-10-10;https://www.vodafone.de/privat/handys/samsung-galaxy-s26-ultra.html;samsung-galaxy-s26-ultra-256gb-schwarz;;
Bündel;Galaxy S26 Ultra;256;Vodafone;netzbetreiber;Mobil XS;XS;neu;1,00;23,95;102,00;;12;0,00;24;1799,80;;2026-10-10;https://www.vodafone.de/privat/handys/samsung-galaxy-s26-ultra.html;samsung-galaxy-s26-ultra-256gb-schwarz;;
Bündel;Galaxy S26 Ultra;256;Vodafone;netzbetreiber;Mobil L;L;neu;1,00;33,61;102,00;;12;0,00;24;2085,64;;2026-10-10;https://www.vodafone.de/privat/handys/samsung-galaxy-s26-ultra.html;samsung-galaxy-s26-ultra-256gb-sky-blue;;
Bündel;Galaxy S26 Ultra;256;Vodafone;netzbetreiber;Mobil M;M;neu;1,00;27,61;102,00;;12;0,00;24;1923,64;;2026-10-10;https://www.vodafone.de/privat/handys/samsung-galaxy-s26-ultra.html;samsung-galaxy-s26-ultra-256gb-sky-blue;;
Bündel;Galaxy S26 Ultra;256;Vodafone;netzbetreiber;Mobil S;S;neu;1,00;31,45;102,00;;12;0,00;24;1979,80;;2026-10-10;https://www.vodafone.de/privat/handys/samsung-galaxy-s26-ultra.html;samsung-galaxy-s26-ultra-256gb-sky-blue;;
Bündel;Galaxy S26 Ultra;256;Vodafone;netzbetreiber;Mobil XL;XL;neu;1,00;44,11;102,00;;12;0,00;24;2391,64;;2026-10-10;https://www.vodafone.de/privat/handys/samsung-galaxy-s26-ultra.html;samsung-galaxy-s26-ultra-256gb-sky-blue;;
Bündel;Galaxy S26 Ultra;256;Vodafone;netzbetreiber;Mobil XS;XS;neu;1,00;23,95;102,00;;12;0,00;24;1799,80;;2026-10-10;https://www.vodafone.de/privat/handys/samsung-galaxy-s26-ultra.html;samsung-galaxy-s26-ultra-256gb-sky-blue;;
Bündel;Galaxy S26 Ultra;256;Vodafone;netzbetreiber;Mobil L;L;neu;1,00;33,61;102,00;;12;0,00;24;2085,64;;2026-10-10;https://www.vodafone.de/privat/handys/samsung-galaxy-s26-ultra.html;samsung-galaxy-s26-ultra-256gb-weiss;;
Bündel;Galaxy S26 Ultra;256;Vodafone;netzbetreiber;Mobil M;M;neu;1,00;27,61;102,00;;12;0,00;24;1923,64;;2026-10-10;https://www.vodafone.de/privat/handys/samsung-galaxy-s26-ultra.html;samsung-galaxy-s26-ultra-256gb-weiss;;
Bündel;Galaxy S26 Ultra;256;Vodafone;netzbetreiber;Mobil S;S;neu;1,00;31,45;102,00;;12;0,00;24;1979,80;;2026-10-10;https://www.vodafone.de/privat/handys/samsung-galaxy-s26-ultra.html;samsung-galaxy-s26-ultra-256gb-weiss;;
Bündel;Galaxy S26 Ultra;256;Vodafone;netzbetreiber;Mobil XL;XL;neu;1,00;44,11;102,00;;12;0,00;24;2391,64;;2026-10-10;https://www.vodafone.de/privat/handys/samsung-galaxy-s26-ultra.html;samsung-galaxy-s26-ultra-256gb-weiss;;
Bündel;Galaxy S26 Ultra;256;Vodafone;netzbetreiber;Mobil XS;XS;neu;1,00;23,95;102,00;;12;0,00;24;1799,80;;2026-10-10;https://www.vodafone.de/privat/handys/samsung-galaxy-s26-ultra.html;samsung-galaxy-s26-ultra-256gb-weiss;;
Bündel;Galaxy S26 Ultra;512;Vodafone;netzbetreiber;Mobil L;L;neu;1,00;33,61;117,00;;12;0,00;24;2265,64;;2026-10-10;https://www.vodafone.de/privat/handys/samsung-galaxy-s26-ultra.html;samsung-galaxy-s26-ultra-512gb-cobalt-violet;;
Bündel;Galaxy S26 Ultra;512;Vodafone;netzbetreiber;Mobil M;M;neu;1,00;27,61;117,00;;12;0,00;24;2103,64;;2026-10-10;https://www.vodafone.de/privat/handys/samsung-galaxy-s26-ultra.html;samsung-galaxy-s26-ultra-512gb-cobalt-violet;;
Bündel;Galaxy S26 Ultra;512;Vodafone;netzbetreiber;Mobil S;S;neu;1,00;31,45;117,00;;12;0,00;24;2159,80;;2026-10-10;https://www.vodafone.de/privat/handys/samsung-galaxy-s26-ultra.html;samsung-galaxy-s26-ultra-512gb-cobalt-violet;;
Bündel;Galaxy S26 Ultra;512;Vodafone;netzbetreiber;Mobil XL;XL;neu;1,00;44,11;117,00;;12;0,00;24;2571,64;;2026-10-10;https://www.vodafone.de/privat/handys/samsung-galaxy-s26-ultra.html;samsung-galaxy-s26-ultra-512gb-cobalt-violet;;
Bündel;Galaxy S26 Ultra;512;Vodafone;netzbetreiber;Mobil XS;XS;neu;1,00;23,95;117,00;;12;0,00;24;1979,80;;2026-10-10;https://www.vodafone.de/privat/handys/samsung-galaxy-s26-ultra.html;samsung-galaxy-s26-ultra-512gb-cobalt-violet;;
Bündel;Galaxy S26 Ultra;512;Vodafone;netzbetreiber;Mobil L;L;neu;1,00;33,61;117,00;;12;0,00;24;2265,64;;2026-10-10;https://www.vodafone.de/privat/handys/samsung-galaxy-s26-ultra.html;samsung-galaxy-s26-ultra-512gb-schwarz;;
Bündel;Galaxy S26 Ultra;512;Vodafone;netzbetreiber;Mobil M;M;neu;1,00;27,61;117,00;;12;0,00;24;2103,64;;2026-10-10;https://www.vodafone.de/privat/handys/samsung-galaxy-s26-ultra.html;samsung-galaxy-s26-ultra-512gb-schwarz;;
Bündel;Galaxy S26 Ultra;512;Vodafone;netzbetreiber;Mobil S;S;neu;1,00;31,45;117,00;;12;0,00;24;2159,80;;2026-10-10;https://www.vodafone.de/privat/handys/samsung-galaxy-s26-ultra.html;samsung-galaxy-s26-ultra-512gb-schwarz;;
Bündel;Galaxy S26 Ultra;512;Vodafone;netzbetreiber;Mobil XL;XL;neu;1,00;44,11;117,00;;12;0,00;24;2571,64;;2026-10-10;https://www.vodafone.de/privat/handys/samsung-galaxy-s26-ultra.html;samsung-galaxy-s26-ultra-512gb-schwarz;;
Bündel;Galaxy S26 Ultra;512;Vodafone;netzbetreiber;Mobil XS;XS;neu;1,00;23,95;117,00;;12;0,00;24;1979,80;;2026-10-10;https://www.vodafone.de/privat/handys/samsung-galaxy-s26-ultra.html;samsung-galaxy-s26-ultra-512gb-schwarz;;
Bündel;Galaxy S26 Ultra;512;Vodafone;netzbetreiber;Mobil L;L;neu;1,00;33,61;117,00;;12;0,00;24;2265,64;;2026-10-10;https://www.vodafone.de/privat/handys/samsung-galaxy-s26-ultra.html;samsung-galaxy-s26-ultra-512gb-sky-blue;;
Bündel;Galaxy S26 Ultra;512;Vodafone;netzbetreiber;Mobil M;M;neu;1,00;27,61;117,00;;12;0,00;24;2103,64;;2026-10-10;https://www.vodafone.de/privat/handys/samsung-galaxy-s26-ultra.html;samsung-galaxy-s26-ultra-512gb-sky-blue;;
Bündel;Galaxy S26 Ultra;512;Vodafone;netzbetreiber;Mobil S;S;neu;1,00;31,45;117,00;;12;0,00;24;2159,80;;2026-10-10;https://www.vodafone.de/privat/handys/samsung-galaxy-s26-ultra.html;samsung-galaxy-s26-ultra-512gb-sky-blue;;
Bündel;Galaxy S26 Ultra;512;Vodafone;netzbetreiber;Mobil XL;XL;neu;1,00;44,11;117,00;;12;0,00;24;2571,64;;2026-10-10;https://www.vodafone.de/privat/handys/samsung-galaxy-s26-ultra.html;samsung-galaxy-s26-ultra-512gb-sky-blue;;
Bündel;Galaxy S26 Ultra;512;Vodafone;netzbetreiber;Mobil XS;XS;neu;1,00;23,95;117,00;;12;0,00;24;1979,80;;2026-10-10;https://www.vodafone.de/privat/handys/samsung-galaxy-s26-ultra.html;samsung-galaxy-s26-ultra-512gb-sky-blue;;
Bündel;Galaxy S26 Ultra;512;Vodafone;netzbetreiber;Mobil L;L;neu;1,00;33,61;117,00;;12;0,00;24;2265,64;;2026-10-10;https://www.vodafone.de/privat/handys/samsung-galaxy-s26-ultra.html;samsung-galaxy-s26-ultra-512gb-weiss;;
Bündel;Galaxy S26 Ultra;512;Vodafone;netzbetreiber;Mobil M;M;neu;1,00;27,61;117,00;;12;0,00;24;2103,64;;2026-10-10;https://www.vodafone.de/privat/handys/samsung-galaxy-s26-ultra.html;samsung-galaxy-s26-ultra-512gb-weiss;;
Bündel;Galaxy S26 Ultra;512;Vodafone;netzbetreiber;Mobil S;S;neu;1,00;31,45;117,00;;12;0,00;24;2159,80;;2026-10-10;https://www.vodafone.de/privat/handys/samsung-galaxy-s26-ultra.html;samsung-galaxy-s26-ultra-512gb-weiss;;
Bündel;Galaxy S26 Ultra;512;Vodafone;netzbetreiber;Mobil XL;XL;neu;1,00;44,11;117,00;;12;0,00;24;2571,64;;2026-10-10;https://www.vodafone.de/privat/handys/samsung-galaxy-s26-ultra.html;samsung-galaxy-s26-ultra-512gb-weiss;;
Bündel;Galaxy S26 Ultra;512;Vodafone;netzbetreiber;Mobil XS;XS;neu;1,00;23,95;117,00;;12;0,00;24;1979,80;;2026-10-10;https://www.vodafone.de/privat/handys/samsung-galaxy-s26-ultra.html;samsung-galaxy-s26-ultra-512gb-weiss;;
Bündel;Galaxy Z Flip 7;256;Vodafone;netzbetreiber;Mobil L;L;neu;1,00;33,61;88,50;;12;0,00;24;1923,64;;2026-10-10;https://www.vodafone.de/privat/handys/samsung-galaxy-z-flip7.html;samsung-galaxy-z-flip-7-256gb-jetblack;;
Bündel;Galaxy Z Flip 7;256;Vodafone;netzbetreiber;Mobil M;M;neu;1,00;27,61;88,50;;12;0,00;24;1761,64;;2026-10-10;https://www.vodafone.de/privat/handys/samsung-galaxy-z-flip7.html;samsung-galaxy-z-flip-7-256gb-jetblack;;
Bündel;Galaxy Z Flip 7;256;Vodafone;netzbetreiber;Mobil S;S;neu;1,00;31,45;88,50;;12;0,00;24;1817,80;;2026-10-10;https://www.vodafone.de/privat/handys/samsung-galaxy-z-flip7.html;samsung-galaxy-z-flip-7-256gb-jetblack;;
Bündel;Galaxy Z Flip 7;256;Vodafone;netzbetreiber;Mobil XL;XL;neu;1,00;44,11;88,50;;12;0,00;24;2229,64;;2026-10-10;https://www.vodafone.de/privat/handys/samsung-galaxy-z-flip7.html;samsung-galaxy-z-flip-7-256gb-jetblack;;
Bündel;Galaxy Z Flip 7;256;Vodafone;netzbetreiber;Mobil XS;XS;neu;1,00;23,95;88,50;;12;0,00;24;1637,80;;2026-10-10;https://www.vodafone.de/privat/handys/samsung-galaxy-z-flip7.html;samsung-galaxy-z-flip-7-256gb-jetblack;;
Bündel;Galaxy Z Flip8;256;Vodafone;netzbetreiber;Mobil L;L;neu;1,00;33,61;91,50;;12;0,00;24;1959,64;;2026-10-10;https://www.vodafone.de/privat/handys/samsung-galaxy-z-flip8.html;samsung-galaxy-z-flip8-256gb-cream;;
Bündel;Galaxy Z Flip8;256;Vodafone;netzbetreiber;Mobil M;M;neu;1,00;27,61;91,50;;12;0,00;24;1797,64;;2026-10-10;https://www.vodafone.de/privat/handys/samsung-galaxy-z-flip8.html;samsung-galaxy-z-flip8-256gb-cream;;
Bündel;Galaxy Z Flip8;256;Vodafone;netzbetreiber;Mobil S;S;neu;1,00;31,45;91,50;;12;0,00;24;1853,80;;2026-10-10;https://www.vodafone.de/privat/handys/samsung-galaxy-z-flip8.html;samsung-galaxy-z-flip8-256gb-cream;;
Bündel;Galaxy Z Flip8;256;Vodafone;netzbetreiber;Mobil XL;XL;neu;1,00;44,11;91,50;;12;0,00;24;2265,64;;2026-10-10;https://www.vodafone.de/privat/handys/samsung-galaxy-z-flip8.html;samsung-galaxy-z-flip8-256gb-cream;;
Bündel;Galaxy Z Flip8;256;Vodafone;netzbetreiber;Mobil XS;XS;neu;1,00;23,95;91,50;;12;0,00;24;1673,80;;2026-10-10;https://www.vodafone.de/privat/handys/samsung-galaxy-z-flip8.html;samsung-galaxy-z-flip8-256gb-cream;;
Bündel;Galaxy Z Flip8;256;Vodafone;netzbetreiber;Mobil L;L;neu;1,00;33,61;91,50;;12;0,00;24;1959,64;;2026-10-10;https://www.vodafone.de/privat/handys/samsung-galaxy-z-flip8.html;samsung-galaxy-z-flip8-256gb-grau;;
Bündel;Galaxy Z Flip8;256;Vodafone;netzbetreiber;Mobil M;M;neu;1,00;27,61;91,50;;12;0,00;24;1797,64;;2026-10-10;https://www.vodafone.de/privat/handys/samsung-galaxy-z-flip8.html;samsung-galaxy-z-flip8-256gb-grau;;
Bündel;Galaxy Z Flip8;256;Vodafone;netzbetreiber;Mobil S;S;neu;1,00;31,45;91,50;;12;0,00;24;1853,80;;2026-10-10;https://www.vodafone.de/privat/handys/samsung-galaxy-z-flip8.html;samsung-galaxy-z-flip8-256gb-grau;;
Bündel;Galaxy Z Flip8;256;Vodafone;netzbetreiber;Mobil XL;XL;neu;1,00;44,11;91,50;;12;0,00;24;2265,64;;2026-10-10;https://www.vodafone.de/privat/handys/samsung-galaxy-z-flip8.html;samsung-galaxy-z-flip8-256gb-grau;;
Bündel;Galaxy Z Flip8;256;Vodafone;netzbetreiber;Mobil XS;XS;neu;1,00;23,95;91,50;;12;0,00;24;1673,80;;2026-10-10;https://www.vodafone.de/privat/handys/samsung-galaxy-z-flip8.html;samsung-galaxy-z-flip8-256gb-grau;;
Bündel;Galaxy Z Flip8;256;Vodafone;netzbetreiber;Mobil L;L;neu;1,00;33,61;91,50;;12;0,00;24;1959,64;;2026-10-10;https://www.vodafone.de/privat/handys/samsung-galaxy-z-flip8.html;samsung-galaxy-z-flip8-256gb-rosa;;
Bündel;Galaxy Z Flip8;256;Vodafone;netzbetreiber;Mobil M;M;neu;1,00;27,61;91,50;;12;0,00;24;1797,64;;2026-10-10;https://www.vodafone.de/privat/handys/samsung-galaxy-z-flip8.html;samsung-galaxy-z-flip8-256gb-rosa;;
Bündel;Galaxy Z Flip8;256;Vodafone;netzbetreiber;Mobil S;S;neu;1,00;31,45;91,50;;12;0,00;24;1853,80;;2026-10-10;https://www.vodafone.de/privat/handys/samsung-galaxy-z-flip8.html;samsung-galaxy-z-flip8-256gb-rosa;;
Bündel;Galaxy Z Flip8;256;Vodafone;netzbetreiber;Mobil XL;XL;neu;1,00;44,11;91,50;;12;0,00;24;2265,64;;2026-10-10;https://www.vodafone.de/privat/handys/samsung-galaxy-z-flip8.html;samsung-galaxy-z-flip8-256gb-rosa;;
Bündel;Galaxy Z Flip8;256;Vodafone;netzbetreiber;Mobil XS;XS;neu;1,00;23,95;91,50;;12;0,00;24;1673,80;;2026-10-10;https://www.vodafone.de/privat/handys/samsung-galaxy-z-flip8.html;samsung-galaxy-z-flip8-256gb-rosa;;
Bündel;Galaxy Z Flip8;512;Vodafone;netzbetreiber;Mobil L;L;neu;1,00;33,61;108,00;;12;0,00;24;2157,64;;2026-10-10;https://www.vodafone.de/privat/handys/samsung-galaxy-z-flip8.html;samsung-galaxy-z-flip8-512gb-cream;;
Bündel;Galaxy Z Flip8;512;Vodafone;netzbetreiber;Mobil M;M;neu;1,00;27,61;108,00;;12;0,00;24;1995,64;;2026-10-10;https://www.vodafone.de/privat/handys/samsung-galaxy-z-flip8.html;samsung-galaxy-z-flip8-512gb-cream;;
Bündel;Galaxy Z Flip8;512;Vodafone;netzbetreiber;Mobil S;S;neu;1,00;31,45;108,00;;12;0,00;24;2051,80;;2026-10-10;https://www.vodafone.de/privat/handys/samsung-galaxy-z-flip8.html;samsung-galaxy-z-flip8-512gb-cream;;
Bündel;Galaxy Z Flip8;512;Vodafone;netzbetreiber;Mobil XL;XL;neu;1,00;44,11;108,00;;12;0,00;24;2463,64;;2026-10-10;https://www.vodafone.de/privat/handys/samsung-galaxy-z-flip8.html;samsung-galaxy-z-flip8-512gb-cream;;
Bündel;Galaxy Z Flip8;512;Vodafone;netzbetreiber;Mobil XS;XS;neu;1,00;23,95;108,00;;12;0,00;24;1871,80;;2026-10-10;https://www.vodafone.de/privat/handys/samsung-galaxy-z-flip8.html;samsung-galaxy-z-flip8-512gb-cream;;
Bündel;Galaxy Z Flip8;512;Vodafone;netzbetreiber;Mobil L;L;neu;1,00;33,61;108,00;;12;0,00;24;2157,64;;2026-10-10;https://www.vodafone.de/privat/handys/samsung-galaxy-z-flip8.html;samsung-galaxy-z-flip8-512gb-grau;;
Bündel;Galaxy Z Flip8;512;Vodafone;netzbetreiber;Mobil M;M;neu;1,00;27,61;108,00;;12;0,00;24;1995,64;;2026-10-10;https://www.vodafone.de/privat/handys/samsung-galaxy-z-flip8.html;samsung-galaxy-z-flip8-512gb-grau;;
Bündel;Galaxy Z Flip8;512;Vodafone;netzbetreiber;Mobil S;S;neu;1,00;31,45;108,00;;12;0,00;24;2051,80;;2026-10-10;https://www.vodafone.de/privat/handys/samsung-galaxy-z-flip8.html;samsung-galaxy-z-flip8-512gb-grau;;
Bündel;Galaxy Z Flip8;512;Vodafone;netzbetreiber;Mobil XL;XL;neu;1,00;44,11;108,00;;12;0,00;24;2463,64;;2026-10-10;https://www.vodafone.de/privat/handys/samsung-galaxy-z-flip8.html;samsung-galaxy-z-flip8-512gb-grau;;
Bündel;Galaxy Z Flip8;512;Vodafone;netzbetreiber;Mobil XS;XS;neu;1,00;23,95;108,00;;12;0,00;24;1871,80;;2026-10-10;https://www.vodafone.de/privat/handys/samsung-galaxy-z-flip8.html;samsung-galaxy-z-flip8-512gb-grau;;
Bündel;Galaxy Z Flip8;512;Vodafone;netzbetreiber;Mobil L;L;neu;1,00;33,61;108,00;;12;0,00;24;2157,64;;2026-10-10;https://www.vodafone.de/privat/handys/samsung-galaxy-z-flip8.html;samsung-galaxy-z-flip8-512gb-rosa;;
Bündel;Galaxy Z Flip8;512;Vodafone;netzbetreiber;Mobil M;M;neu;1,00;27,61;108,00;;12;0,00;24;1995,64;;2026-10-10;https://www.vodafone.de/privat/handys/samsung-galaxy-z-flip8.html;samsung-galaxy-z-flip8-512gb-rosa;;
Bündel;Galaxy Z Flip8;512;Vodafone;netzbetreiber;Mobil S;S;neu;1,00;31,45;108,00;;12;0,00;24;2051,80;;2026-10-10;https://www.vodafone.de/privat/handys/samsung-galaxy-z-flip8.html;samsung-galaxy-z-flip8-512gb-rosa;;
Bündel;Galaxy Z Flip8;512;Vodafone;netzbetreiber;Mobil XL;XL;neu;1,00;44,11;108,00;;12;0,00;24;2463,64;;2026-10-10;https://www.vodafone.de/privat/handys/samsung-galaxy-z-flip8.html;samsung-galaxy-z-flip8-512gb-rosa;;
Bündel;Galaxy Z Flip8;512;Vodafone;netzbetreiber;Mobil XS;XS;neu;1,00;23,95;108,00;;12;0,00;24;1871,80;;2026-10-10;https://www.vodafone.de/privat/handys/samsung-galaxy-z-flip8.html;samsung-galaxy-z-flip8-512gb-rosa;;
Bündel;Galaxy Z Fold 7;256;Vodafone;netzbetreiber;Mobil L;L;neu;1,00;33,61;139,50;;12;0,00;24;2535,64;;2026-10-10;https://www.vodafone.de/privat/handys/samsung-galaxy-z-fold7.html;samsung-galaxy-z-fold-7-256gb-jetblack;;
Bündel;Galaxy Z Fold 7;256;Vodafone;netzbetreiber;Mobil M;M;neu;1,00;27,61;139,50;;12;0,00;24;2373,64;;2026-10-10;https://www.vodafone.de/privat/handys/samsung-galaxy-z-fold7.html;samsung-galaxy-z-fold-7-256gb-jetblack;;
Bündel;Galaxy Z Fold 7;256;Vodafone;netzbetreiber;Mobil S;S;neu;1,00;31,45;139,50;;12;0,00;24;2429,80;;2026-10-10;https://www.vodafone.de/privat/handys/samsung-galaxy-z-fold7.html;samsung-galaxy-z-fold-7-256gb-jetblack;;
Bündel;Galaxy Z Fold 7;256;Vodafone;netzbetreiber;Mobil XL;XL;neu;1,00;44,11;139,50;;12;0,00;24;2841,64;;2026-10-10;https://www.vodafone.de/privat/handys/samsung-galaxy-z-fold7.html;samsung-galaxy-z-fold-7-256gb-jetblack;;
Bündel;Galaxy Z Fold 7;256;Vodafone;netzbetreiber;Mobil XS;XS;neu;1,00;23,95;139,50;;12;0,00;24;2249,80;;2026-10-10;https://www.vodafone.de/privat/handys/samsung-galaxy-z-fold7.html;samsung-galaxy-z-fold-7-256gb-jetblack;;
Bündel;Galaxy Z Fold8;256;Vodafone;netzbetreiber;Mobil L;L;neu;0,99;33,61;135,00;;12;0,00;24;2481,63;;2026-10-10;https://www.vodafone.de/privat/handys/samsung-galaxy-z-fold8.html;samsung-galaxy-z-fold8-256gb-cream;;
Bündel;Galaxy Z Fold8;256;Vodafone;netzbetreiber;Mobil M;M;neu;0,99;27,61;135,00;;12;0,00;24;2319,63;;2026-10-10;https://www.vodafone.de/privat/handys/samsung-galaxy-z-fold8.html;samsung-galaxy-z-fold8-256gb-cream;;
Bündel;Galaxy Z Fold8;256;Vodafone;netzbetreiber;Mobil S;S;neu;0,99;31,45;135,00;;12;0,00;24;2375,79;;2026-10-10;https://www.vodafone.de/privat/handys/samsung-galaxy-z-fold8.html;samsung-galaxy-z-fold8-256gb-cream;;
Bündel;Galaxy Z Fold8;256;Vodafone;netzbetreiber;Mobil XL;XL;neu;0,99;44,11;135,00;;12;0,00;24;2787,63;;2026-10-10;https://www.vodafone.de/privat/handys/samsung-galaxy-z-fold8.html;samsung-galaxy-z-fold8-256gb-cream;;
Bündel;Galaxy Z Fold8;256;Vodafone;netzbetreiber;Mobil XS;XS;neu;0,99;23,95;135,00;;12;0,00;24;2195,79;;2026-10-10;https://www.vodafone.de/privat/handys/samsung-galaxy-z-fold8.html;samsung-galaxy-z-fold8-256gb-cream;;
Bündel;Galaxy Z Fold8;256;Vodafone;netzbetreiber;Mobil L;L;neu;0,99;33,61;135,00;;12;0,00;24;2481,63;;2026-10-10;https://www.vodafone.de/privat/handys/samsung-galaxy-z-fold8.html;samsung-galaxy-z-fold8-256gb-grau;;
Bündel;Galaxy Z Fold8;256;Vodafone;netzbetreiber;Mobil M;M;neu;0,99;27,61;135,00;;12;0,00;24;2319,63;;2026-10-10;https://www.vodafone.de/privat/handys/samsung-galaxy-z-fold8.html;samsung-galaxy-z-fold8-256gb-grau;;
Bündel;Galaxy Z Fold8;256;Vodafone;netzbetreiber;Mobil S;S;neu;0,99;31,45;135,00;;12;0,00;24;2375,79;;2026-10-10;https://www.vodafone.de/privat/handys/samsung-galaxy-z-fold8.html;samsung-galaxy-z-fold8-256gb-grau;;
Bündel;Galaxy Z Fold8;256;Vodafone;netzbetreiber;Mobil XL;XL;neu;0,99;44,11;135,00;;12;0,00;24;2787,63;;2026-10-10;https://www.vodafone.de/privat/handys/samsung-galaxy-z-fold8.html;samsung-galaxy-z-fold8-256gb-grau;;
Bündel;Galaxy Z Fold8;256;Vodafone;netzbetreiber;Mobil XS;XS;neu;0,99;23,95;135,00;;12;0,00;24;2195,79;;2026-10-10;https://www.vodafone.de/privat/handys/samsung-galaxy-z-fold8.html;samsung-galaxy-z-fold8-256gb-grau;;
Bündel;Galaxy Z Fold8;256;Vodafone;netzbetreiber;Mobil L;L;neu;0,99;33,61;135,00;;12;0,00;24;2481,63;;2026-10-10;https://www.vodafone.de/privat/handys/samsung-galaxy-z-fold8.html;samsung-galaxy-z-fold8-256gb-violett;;
Bündel;Galaxy Z Fold8;256;Vodafone;netzbetreiber;Mobil M;M;neu;0,99;27,61;135,00;;12;0,00;24;2319,63;;2026-10-10;https://www.vodafone.de/privat/handys/samsung-galaxy-z-fold8.html;samsung-galaxy-z-fold8-256gb-violett;;
Bündel;Galaxy Z Fold8;256;Vodafone;netzbetreiber;Mobil S;S;neu;0,99;31,45;135,00;;12;0,00;24;2375,79;;2026-10-10;https://www.vodafone.de/privat/handys/samsung-galaxy-z-fold8.html;samsung-galaxy-z-fold8-256gb-violett;;
Bündel;Galaxy Z Fold8;256;Vodafone;netzbetreiber;Mobil XL;XL;neu;0,99;44,11;135,00;;12;0,00;24;2787,63;;2026-10-10;https://www.vodafone.de/privat/handys/samsung-galaxy-z-fold8.html;samsung-galaxy-z-fold8-256gb-violett;;
Bündel;Galaxy Z Fold8;256;Vodafone;netzbetreiber;Mobil XS;XS;neu;0,99;23,95;135,00;;12;0,00;24;2195,79;;2026-10-10;https://www.vodafone.de/privat/handys/samsung-galaxy-z-fold8.html;samsung-galaxy-z-fold8-256gb-violett;;
Bündel;Galaxy Z Fold8;512;Vodafone;netzbetreiber;Mobil L;L;neu;1,00;33,61;151,50;;12;0,00;24;2679,64;;2026-10-10;https://www.vodafone.de/privat/handys/samsung-galaxy-z-fold8.html;samsung-galaxy-z-fold8-512gb-cream;;
Bündel;Galaxy Z Fold8;512;Vodafone;netzbetreiber;Mobil M;M;neu;1,00;27,61;151,50;;12;0,00;24;2517,64;;2026-10-10;https://www.vodafone.de/privat/handys/samsung-galaxy-z-fold8.html;samsung-galaxy-z-fold8-512gb-cream;;
Bündel;Galaxy Z Fold8;512;Vodafone;netzbetreiber;Mobil S;S;neu;1,00;31,45;151,50;;12;0,00;24;2573,80;;2026-10-10;https://www.vodafone.de/privat/handys/samsung-galaxy-z-fold8.html;samsung-galaxy-z-fold8-512gb-cream;;
Bündel;Galaxy Z Fold8;512;Vodafone;netzbetreiber;Mobil XL;XL;neu;1,00;44,11;151,50;;12;0,00;24;2985,64;;2026-10-10;https://www.vodafone.de/privat/handys/samsung-galaxy-z-fold8.html;samsung-galaxy-z-fold8-512gb-cream;;
Bündel;Galaxy Z Fold8;512;Vodafone;netzbetreiber;Mobil XS;XS;neu;1,00;23,95;151,50;;12;0,00;24;2393,80;;2026-10-10;https://www.vodafone.de/privat/handys/samsung-galaxy-z-fold8.html;samsung-galaxy-z-fold8-512gb-cream;;
Bündel;Galaxy Z Fold8;512;Vodafone;netzbetreiber;Mobil L;L;neu;1,00;33,61;151,50;;12;0,00;24;2679,64;;2026-10-10;https://www.vodafone.de/privat/handys/samsung-galaxy-z-fold8.html;samsung-galaxy-z-fold8-512gb-grau;;
Bündel;Galaxy Z Fold8;512;Vodafone;netzbetreiber;Mobil M;M;neu;1,00;27,61;151,50;;12;0,00;24;2517,64;;2026-10-10;https://www.vodafone.de/privat/handys/samsung-galaxy-z-fold8.html;samsung-galaxy-z-fold8-512gb-grau;;
Bündel;Galaxy Z Fold8;512;Vodafone;netzbetreiber;Mobil S;S;neu;1,00;31,45;151,50;;12;0,00;24;2573,80;;2026-10-10;https://www.vodafone.de/privat/handys/samsung-galaxy-z-fold8.html;samsung-galaxy-z-fold8-512gb-grau;;
Bündel;Galaxy Z Fold8;512;Vodafone;netzbetreiber;Mobil XL;XL;neu;1,00;44,11;151,50;;12;0,00;24;2985,64;;2026-10-10;https://www.vodafone.de/privat/handys/samsung-galaxy-z-fold8.html;samsung-galaxy-z-fold8-512gb-grau;;
Bündel;Galaxy Z Fold8;512;Vodafone;netzbetreiber;Mobil XS;XS;neu;1,00;23,95;151,50;;12;0,00;24;2393,80;;2026-10-10;https://www.vodafone.de/privat/handys/samsung-galaxy-z-fold8.html;samsung-galaxy-z-fold8-512gb-grau;;
Bündel;Galaxy Z Fold8;512;Vodafone;netzbetreiber;Mobil L;L;neu;1,00;33,61;151,50;;12;0,00;24;2679,64;;2026-10-10;https://www.vodafone.de/privat/handys/samsung-galaxy-z-fold8.html;samsung-galaxy-z-fold8-512gb-violett;;
Bündel;Galaxy Z Fold8;512;Vodafone;netzbetreiber;Mobil M;M;neu;1,00;27,61;151,50;;12;0,00;24;2517,64;;2026-10-10;https://www.vodafone.de/privat/handys/samsung-galaxy-z-fold8.html;samsung-galaxy-z-fold8-512gb-violett;;
Bündel;Galaxy Z Fold8;512;Vodafone;netzbetreiber;Mobil S;S;neu;1,00;31,45;151,50;;12;0,00;24;2573,80;;2026-10-10;https://www.vodafone.de/privat/handys/samsung-galaxy-z-fold8.html;samsung-galaxy-z-fold8-512gb-violett;;
Bündel;Galaxy Z Fold8;512;Vodafone;netzbetreiber;Mobil XL;XL;neu;1,00;44,11;151,50;;12;0,00;24;2985,64;;2026-10-10;https://www.vodafone.de/privat/handys/samsung-galaxy-z-fold8.html;samsung-galaxy-z-fold8-512gb-violett;;
Bündel;Galaxy Z Fold8;512;Vodafone;netzbetreiber;Mobil XS;XS;neu;1,00;23,95;151,50;;12;0,00;24;2393,80;;2026-10-10;https://www.vodafone.de/privat/handys/samsung-galaxy-z-fold8.html;samsung-galaxy-z-fold8-512gb-violett;;
Bündel;Galaxy Z Fold8 Ultra;256;Vodafone;netzbetreiber;Mobil L;L;neu;1,00;33,61;151,50;;12;0,00;24;2679,64;;2026-10-10;https://www.vodafone.de/privat/handys/samsung-galaxy-z-fold8-ultra.html;samsung-galaxy-z-fold8-ultra-256gb-cream;;
Bündel;Galaxy Z Fold8 Ultra;256;Vodafone;netzbetreiber;Mobil M;M;neu;1,00;27,61;151,50;;12;0,00;24;2517,64;;2026-10-10;https://www.vodafone.de/privat/handys/samsung-galaxy-z-fold8-ultra.html;samsung-galaxy-z-fold8-ultra-256gb-cream;;
Bündel;Galaxy Z Fold8 Ultra;256;Vodafone;netzbetreiber;Mobil S;S;neu;1,00;31,45;151,50;;12;0,00;24;2573,80;;2026-10-10;https://www.vodafone.de/privat/handys/samsung-galaxy-z-fold8-ultra.html;samsung-galaxy-z-fold8-ultra-256gb-cream;;
Bündel;Galaxy Z Fold8 Ultra;256;Vodafone;netzbetreiber;Mobil XL;XL;neu;1,00;44,11;151,50;;12;0,00;24;2985,64;;2026-10-10;https://www.vodafone.de/privat/handys/samsung-galaxy-z-fold8-ultra.html;samsung-galaxy-z-fold8-ultra-256gb-cream;;
Bündel;Galaxy Z Fold8 Ultra;256;Vodafone;netzbetreiber;Mobil XS;XS;neu;1,00;23,95;151,50;;12;0,00;24;2393,80;;2026-10-10;https://www.vodafone.de/privat/handys/samsung-galaxy-z-fold8-ultra.html;samsung-galaxy-z-fold8-ultra-256gb-cream;;
Bündel;Galaxy Z Fold8 Ultra;256;Vodafone;netzbetreiber;Mobil L;L;neu;1,00;33,61;151,50;;12;0,00;24;2679,64;;2026-10-10;https://www.vodafone.de/privat/handys/samsung-galaxy-z-fold8-ultra.html;samsung-galaxy-z-fold8-ultra-256gb-grau;;
Bündel;Galaxy Z Fold8 Ultra;256;Vodafone;netzbetreiber;Mobil M;M;neu;1,00;27,61;151,50;;12;0,00;24;2517,64;;2026-10-10;https://www.vodafone.de/privat/handys/samsung-galaxy-z-fold8-ultra.html;samsung-galaxy-z-fold8-ultra-256gb-grau;;
Bündel;Galaxy Z Fold8 Ultra;256;Vodafone;netzbetreiber;Mobil S;S;neu;1,00;31,45;151,50;;12;0,00;24;2573,80;;2026-10-10;https://www.vodafone.de/privat/handys/samsung-galaxy-z-fold8-ultra.html;samsung-galaxy-z-fold8-ultra-256gb-grau;;
Bündel;Galaxy Z Fold8 Ultra;256;Vodafone;netzbetreiber;Mobil XL;XL;neu;1,00;44,11;151,50;;12;0,00;24;2985,64;;2026-10-10;https://www.vodafone.de/privat/handys/samsung-galaxy-z-fold8-ultra.html;samsung-galaxy-z-fold8-ultra-256gb-grau;;
Bündel;Galaxy Z Fold8 Ultra;256;Vodafone;netzbetreiber;Mobil XS;XS;neu;1,00;23,95;151,50;;12;0,00;24;2393,80;;2026-10-10;https://www.vodafone.de/privat/handys/samsung-galaxy-z-fold8-ultra.html;samsung-galaxy-z-fold8-ultra-256gb-grau;;
Bündel;Galaxy Z Fold8 Ultra;256;Vodafone;netzbetreiber;Mobil L;L;neu;1,00;33,61;151,50;;12;0,00;24;2679,64;;2026-10-10;https://www.vodafone.de/privat/handys/samsung-galaxy-z-fold8-ultra.html;samsung-galaxy-z-fold8-ultra-256gb-violet-shadow;;
Bündel;Galaxy Z Fold8 Ultra;256;Vodafone;netzbetreiber;Mobil M;M;neu;1,00;27,61;151,50;;12;0,00;24;2517,64;;2026-10-10;https://www.vodafone.de/privat/handys/samsung-galaxy-z-fold8-ultra.html;samsung-galaxy-z-fold8-ultra-256gb-violet-shadow;;
Bündel;Galaxy Z Fold8 Ultra;256;Vodafone;netzbetreiber;Mobil S;S;neu;1,00;31,45;151,50;;12;0,00;24;2573,80;;2026-10-10;https://www.vodafone.de/privat/handys/samsung-galaxy-z-fold8-ultra.html;samsung-galaxy-z-fold8-ultra-256gb-violet-shadow;;
Bündel;Galaxy Z Fold8 Ultra;256;Vodafone;netzbetreiber;Mobil XL;XL;neu;1,00;44,11;151,50;;12;0,00;24;2985,64;;2026-10-10;https://www.vodafone.de/privat/handys/samsung-galaxy-z-fold8-ultra.html;samsung-galaxy-z-fold8-ultra-256gb-violet-shadow;;
Bündel;Galaxy Z Fold8 Ultra;256;Vodafone;netzbetreiber;Mobil XS;XS;neu;1,00;23,95;151,50;;12;0,00;24;2393,80;;2026-10-10;https://www.vodafone.de/privat/handys/samsung-galaxy-z-fold8-ultra.html;samsung-galaxy-z-fold8-ultra-256gb-violet-shadow;;
Bündel;Galaxy Z Fold8 Ultra;512;Vodafone;netzbetreiber;Mobil L;L;neu;1,00;33,61;168,00;;12;0,00;24;2877,64;;2026-10-10;https://www.vodafone.de/privat/handys/samsung-galaxy-z-fold8-ultra.html;samsung-galaxy-z-fold8-ultra-512gb-cream;;
Bündel;Galaxy Z Fold8 Ultra;512;Vodafone;netzbetreiber;Mobil M;M;neu;1,00;27,61;168,00;;12;0,00;24;2715,64;;2026-10-10;https://www.vodafone.de/privat/handys/samsung-galaxy-z-fold8-ultra.html;samsung-galaxy-z-fold8-ultra-512gb-cream;;
Bündel;Galaxy Z Fold8 Ultra;512;Vodafone;netzbetreiber;Mobil S;S;neu;1,00;31,45;168,00;;12;0,00;24;2771,80;;2026-10-10;https://www.vodafone.de/privat/handys/samsung-galaxy-z-fold8-ultra.html;samsung-galaxy-z-fold8-ultra-512gb-cream;;
Bündel;Galaxy Z Fold8 Ultra;512;Vodafone;netzbetreiber;Mobil XL;XL;neu;1,00;44,11;168,00;;12;0,00;24;3183,64;;2026-10-10;https://www.vodafone.de/privat/handys/samsung-galaxy-z-fold8-ultra.html;samsung-galaxy-z-fold8-ultra-512gb-cream;;
Bündel;Galaxy Z Fold8 Ultra;512;Vodafone;netzbetreiber;Mobil XS;XS;neu;1,00;23,95;168,00;;12;0,00;24;2591,80;;2026-10-10;https://www.vodafone.de/privat/handys/samsung-galaxy-z-fold8-ultra.html;samsung-galaxy-z-fold8-ultra-512gb-cream;;
Bündel;Galaxy Z Fold8 Ultra;512;Vodafone;netzbetreiber;Mobil L;L;neu;1,00;33,61;168,00;;12;0,00;24;2877,64;;2026-10-10;https://www.vodafone.de/privat/handys/samsung-galaxy-z-fold8-ultra.html;samsung-galaxy-z-fold8-ultra-512gb-grau;;
Bündel;Galaxy Z Fold8 Ultra;512;Vodafone;netzbetreiber;Mobil M;M;neu;1,00;27,61;168,00;;12;0,00;24;2715,64;;2026-10-10;https://www.vodafone.de/privat/handys/samsung-galaxy-z-fold8-ultra.html;samsung-galaxy-z-fold8-ultra-512gb-grau;;
Bündel;Galaxy Z Fold8 Ultra;512;Vodafone;netzbetreiber;Mobil S;S;neu;1,00;31,45;168,00;;12;0,00;24;2771,80;;2026-10-10;https://www.vodafone.de/privat/handys/samsung-galaxy-z-fold8-ultra.html;samsung-galaxy-z-fold8-ultra-512gb-grau;;
Bündel;Galaxy Z Fold8 Ultra;512;Vodafone;netzbetreiber;Mobil XL;XL;neu;1,00;44,11;168,00;;12;0,00;24;3183,64;;2026-10-10;https://www.vodafone.de/privat/handys/samsung-galaxy-z-fold8-ultra.html;samsung-galaxy-z-fold8-ultra-512gb-grau;;
Bündel;Galaxy Z Fold8 Ultra;512;Vodafone;netzbetreiber;Mobil XS;XS;neu;1,00;23,95;168,00;;12;0,00;24;2591,80;;2026-10-10;https://www.vodafone.de/privat/handys/samsung-galaxy-z-fold8-ultra.html;samsung-galaxy-z-fold8-ultra-512gb-grau;;
Bündel;Galaxy Z Fold8 Ultra;512;Vodafone;netzbetreiber;Mobil L;L;neu;1,00;33,61;168,00;;12;0,00;24;2877,64;;2026-10-10;https://www.vodafone.de/privat/handys/samsung-galaxy-z-fold8-ultra.html;samsung-galaxy-z-fold8-ultra-512gb-violet-shadow;;
Bündel;Galaxy Z Fold8 Ultra;512;Vodafone;netzbetreiber;Mobil M;M;neu;1,00;27,61;168,00;;12;0,00;24;2715,64;;2026-10-10;https://www.vodafone.de/privat/handys/samsung-galaxy-z-fold8-ultra.html;samsung-galaxy-z-fold8-ultra-512gb-violet-shadow;;
Bündel;Galaxy Z Fold8 Ultra;512;Vodafone;netzbetreiber;Mobil S;S;neu;1,00;31,45;168,00;;12;0,00;24;2771,80;;2026-10-10;https://www.vodafone.de/privat/handys/samsung-galaxy-z-fold8-ultra.html;samsung-galaxy-z-fold8-ultra-512gb-violet-shadow;;
Bündel;Galaxy Z Fold8 Ultra;512;Vodafone;netzbetreiber;Mobil XL;XL;neu;1,00;44,11;168,00;;12;0,00;24;3183,64;;2026-10-10;https://www.vodafone.de/privat/handys/samsung-galaxy-z-fold8-ultra.html;samsung-galaxy-z-fold8-ultra-512gb-violet-shadow;;
Bündel;Galaxy Z Fold8 Ultra;512;Vodafone;netzbetreiber;Mobil XS;XS;neu;1,00;23,95;168,00;;12;0,00;24;2591,80;;2026-10-10;https://www.vodafone.de/privat/handys/samsung-galaxy-z-fold8-ultra.html;samsung-galaxy-z-fold8-ultra-512gb-violet-shadow;;
Bündel;Xiaomi 17;512;Vodafone;netzbetreiber;Mobil L;L;neu;1,00;33,61;81,00;;12;0,00;24;1833,64;;2026-10-10;https://www.vodafone.de/privat/handys/xiaomi-17.html;xiaomi-17-512gb-schwarz;;
Bündel;Xiaomi 17;512;Vodafone;netzbetreiber;Mobil M;M;neu;1,00;27,61;81,00;;12;0,00;24;1671,64;;2026-10-10;https://www.vodafone.de/privat/handys/xiaomi-17.html;xiaomi-17-512gb-schwarz;;
Bündel;Xiaomi 17;512;Vodafone;netzbetreiber;Mobil S;S;neu;1,00;31,45;81,00;;12;0,00;24;1727,80;;2026-10-10;https://www.vodafone.de/privat/handys/xiaomi-17.html;xiaomi-17-512gb-schwarz;;
Bündel;Xiaomi 17;512;Vodafone;netzbetreiber;Mobil XL;XL;neu;1,00;44,11;81,00;;12;0,00;24;2139,64;;2026-10-10;https://www.vodafone.de/privat/handys/xiaomi-17.html;xiaomi-17-512gb-schwarz;;
Bündel;Xiaomi 17;512;Vodafone;netzbetreiber;Mobil XS;XS;neu;1,00;23,95;81,00;;12;0,00;24;1547,80;;2026-10-10;https://www.vodafone.de/privat/handys/xiaomi-17.html;xiaomi-17-512gb-schwarz;;
Bündel;Xiaomi 17 Ultra;512;Vodafone;netzbetreiber;Mobil L;L;neu;1,00;33,61;106,50;;12;0,00;24;2139,64;;2026-10-10;https://www.vodafone.de/privat/handys/xiaomi-17-ultra.html;xiaomi-17-ultra-512gb-schwarz;;
Bündel;Xiaomi 17 Ultra;512;Vodafone;netzbetreiber;Mobil M;M;neu;1,00;27,61;106,50;;12;0,00;24;1977,64;;2026-10-10;https://www.vodafone.de/privat/handys/xiaomi-17-ultra.html;xiaomi-17-ultra-512gb-schwarz;;
Bündel;Xiaomi 17 Ultra;512;Vodafone;netzbetreiber;Mobil S;S;neu;1,00;31,45;106,50;;12;0,00;24;2033,80;;2026-10-10;https://www.vodafone.de/privat/handys/xiaomi-17-ultra.html;xiaomi-17-ultra-512gb-schwarz;;
Bündel;Xiaomi 17 Ultra;512;Vodafone;netzbetreiber;Mobil XL;XL;neu;1,00;44,11;106,50;;12;0,00;24;2445,64;;2026-10-10;https://www.vodafone.de/privat/handys/xiaomi-17-ultra.html;xiaomi-17-ultra-512gb-schwarz;;
Bündel;Xiaomi 17 Ultra;512;Vodafone;netzbetreiber;Mobil XS;XS;neu;1,00;23,95;106,50;;12;0,00;24;1853,80;;2026-10-10;https://www.vodafone.de/privat/handys/xiaomi-17-ultra.html;xiaomi-17-ultra-512gb-schwarz;;
Bündel;Xiaomi 17T;256;Vodafone;netzbetreiber;Mobil L;L;neu;1,00;33,61;51,00;;12;0,00;24;1473,64;;2026-10-10;https://www.vodafone.de/privat/handys/xiaomi-17t.html;xiaomi-17t-256gb-schwarz;;
Bündel;Xiaomi 17T;256;Vodafone;netzbetreiber;Mobil M;M;neu;1,00;27,61;51,00;;12;0,00;24;1311,64;;2026-10-10;https://www.vodafone.de/privat/handys/xiaomi-17t.html;xiaomi-17t-256gb-schwarz;;
Bündel;Xiaomi 17T;256;Vodafone;netzbetreiber;Mobil S;S;neu;1,00;31,45;51,00;;12;0,00;24;1367,80;;2026-10-10;https://www.vodafone.de/privat/handys/xiaomi-17t.html;xiaomi-17t-256gb-schwarz;;
Bündel;Xiaomi 17T;256;Vodafone;netzbetreiber;Mobil XL;XL;neu;1,00;44,11;51,00;;12;0,00;24;1779,64;;2026-10-10;https://www.vodafone.de/privat/handys/xiaomi-17t.html;xiaomi-17t-256gb-schwarz;;
Bündel;Xiaomi 17T;256;Vodafone;netzbetreiber;Mobil XS;XS;neu;1,00;23,95;51,00;;12;0,00;24;1187,80;;2026-10-10;https://www.vodafone.de/privat/handys/xiaomi-17t.html;xiaomi-17t-256gb-schwarz;;
Bündel;Xiaomi 17T Pro;512;Vodafone;netzbetreiber;Mobil L;L;neu;1,00;33,61;66,00;;12;0,00;24;1653,64;;2026-10-10;https://www.vodafone.de/privat/handys/xiaomi-17t-pro.html;xiaomi-17t-pro-512gb-deep-blue;;
Bündel;Xiaomi 17T Pro;512;Vodafone;netzbetreiber;Mobil M;M;neu;1,00;27,61;66,00;;12;0,00;24;1491,64;;2026-10-10;https://www.vodafone.de/privat/handys/xiaomi-17t-pro.html;xiaomi-17t-pro-512gb-deep-blue;;
Bündel;Xiaomi 17T Pro;512;Vodafone;netzbetreiber;Mobil S;S;neu;1,00;31,45;66,00;;12;0,00;24;1547,80;;2026-10-10;https://www.vodafone.de/privat/handys/xiaomi-17t-pro.html;xiaomi-17t-pro-512gb-deep-blue;;
Bündel;Xiaomi 17T Pro;512;Vodafone;netzbetreiber;Mobil XL;XL;neu;1,00;44,11;66,00;;12;0,00;24;1959,64;;2026-10-10;https://www.vodafone.de/privat/handys/xiaomi-17t-pro.html;xiaomi-17t-pro-512gb-deep-blue;;
Bündel;Xiaomi 17T Pro;512;Vodafone;netzbetreiber;Mobil XS;XS;neu;1,00;23,95;66,00;;12;0,00;24;1367,80;;2026-10-10;https://www.vodafone.de/privat/handys/xiaomi-17t-pro.html;xiaomi-17t-pro-512gb-deep-blue;;
Bündel;Xiaomi 17T Pro;512;Vodafone;netzbetreiber;Mobil L;L;neu;1,00;33,61;66,00;;12;0,00;24;1653,64;;2026-10-10;https://www.vodafone.de/privat/handys/xiaomi-17t-pro.html;xiaomi-17t-pro-512gb-schwarz;;
Bündel;Xiaomi 17T Pro;512;Vodafone;netzbetreiber;Mobil M;M;neu;1,00;27,61;66,00;;12;0,00;24;1491,64;;2026-10-10;https://www.vodafone.de/privat/handys/xiaomi-17t-pro.html;xiaomi-17t-pro-512gb-schwarz;;
Bündel;Xiaomi 17T Pro;512;Vodafone;netzbetreiber;Mobil S;S;neu;1,00;31,45;66,00;;12;0,00;24;1547,80;;2026-10-10;https://www.vodafone.de/privat/handys/xiaomi-17t-pro.html;xiaomi-17t-pro-512gb-schwarz;;
Bündel;Xiaomi 17T Pro;512;Vodafone;netzbetreiber;Mobil XL;XL;neu;1,00;44,11;66,00;;12;0,00;24;1959,64;;2026-10-10;https://www.vodafone.de/privat/handys/xiaomi-17t-pro.html;xiaomi-17t-pro-512gb-schwarz;;
Bündel;Xiaomi 17T Pro;512;Vodafone;netzbetreiber;Mobil XS;XS;neu;1,00;23,95;66,00;;12;0,00;24;1367,80;;2026-10-10;https://www.vodafone.de/privat/handys/xiaomi-17t-pro.html;xiaomi-17t-pro-512gb-schwarz;;
Bündel;Redmi 17;128;Vodafone;netzbetreiber;Mobil L;L;neu;1,00;33,61;18,00;;12;0,00;24;1077,64;;2026-10-10;https://www.vodafone.de/privat/handys/xiaomi-redmi-17-5g.html;xiaomi-redmi-17-128gb-deep-blue;;
Bündel;Redmi 17;128;Vodafone;netzbetreiber;Mobil M;M;neu;1,00;27,61;18,00;;12;0,00;24;915,64;;2026-10-10;https://www.vodafone.de/privat/handys/xiaomi-redmi-17-5g.html;xiaomi-redmi-17-128gb-deep-blue;;
Bündel;Redmi 17;128;Vodafone;netzbetreiber;Mobil S;S;neu;1,00;28,45;18,00;;12;0,00;24;935,80;;2026-10-10;https://www.vodafone.de/privat/handys/xiaomi-redmi-17-5g.html;xiaomi-redmi-17-128gb-deep-blue;;
Bündel;Redmi 17;128;Vodafone;netzbetreiber;Mobil XL;XL;neu;1,00;44,11;18,00;;12;0,00;24;1383,64;;2026-10-10;https://www.vodafone.de/privat/handys/xiaomi-redmi-17-5g.html;xiaomi-redmi-17-128gb-deep-blue;;
Bündel;Redmi 17;128;Vodafone;netzbetreiber;Mobil XS;XS;neu;1,00;23,95;18,00;;12;0,00;24;791,80;;2026-10-10;https://www.vodafone.de/privat/handys/xiaomi-redmi-17-5g.html;xiaomi-redmi-17-128gb-deep-blue;;
Bündel;Redmi 17;128;Vodafone;netzbetreiber;Mobil L;L;neu;1,00;33,61;18,00;;12;0,00;24;1077,64;;2026-10-10;https://www.vodafone.de/privat/handys/xiaomi-redmi-17-5g.html;xiaomi-redmi-17-128gb-schwarz;;
Bündel;Redmi 17;128;Vodafone;netzbetreiber;Mobil M;M;neu;1,00;27,61;18,00;;12;0,00;24;915,64;;2026-10-10;https://www.vodafone.de/privat/handys/xiaomi-redmi-17-5g.html;xiaomi-redmi-17-128gb-schwarz;;
Bündel;Redmi 17;128;Vodafone;netzbetreiber;Mobil S;S;neu;1,00;28,45;18,00;;12;0,00;24;935,80;;2026-10-10;https://www.vodafone.de/privat/handys/xiaomi-redmi-17-5g.html;xiaomi-redmi-17-128gb-schwarz;;
Bündel;Redmi 17;128;Vodafone;netzbetreiber;Mobil XL;XL;neu;1,00;44,11;18,00;;12;0,00;24;1383,64;;2026-10-10;https://www.vodafone.de/privat/handys/xiaomi-redmi-17-5g.html;xiaomi-redmi-17-128gb-schwarz;;
Bündel;Redmi 17;128;Vodafone;netzbetreiber;Mobil XS;XS;neu;1,00;23,95;18,00;;12;0,00;24;791,80;;2026-10-10;https://www.vodafone.de/privat/handys/xiaomi-redmi-17-5g.html;xiaomi-redmi-17-128gb-schwarz;;
Bündel;Redmi Note 15;256;Vodafone;netzbetreiber;Mobil L;L;neu;1,00;33,61;22,50;;12;0,00;24;1131,64;;2026-10-10;https://www.vodafone.de/privat/handys/xiaomi-redmi-note-15-5g.html;xiaomi-redmi-note-15-256gb-blau;;
Bündel;Redmi Note 15;256;Vodafone;netzbetreiber;Mobil M;M;neu;1,00;27,61;22,50;;12;0,00;24;969,64;;2026-10-10;https://www.vodafone.de/privat/handys/xiaomi-redmi-note-15-5g.html;xiaomi-redmi-note-15-256gb-blau;;
Bündel;Redmi Note 15;256;Vodafone;netzbetreiber;Mobil S;S;neu;1,00;28,45;22,50;;12;0,00;24;989,80;;2026-10-10;https://www.vodafone.de/privat/handys/xiaomi-redmi-note-15-5g.html;xiaomi-redmi-note-15-256gb-blau;;
Bündel;Redmi Note 15;256;Vodafone;netzbetreiber;Mobil XL;XL;neu;1,00;44,11;22,50;;12;0,00;24;1437,64;;2026-10-10;https://www.vodafone.de/privat/handys/xiaomi-redmi-note-15-5g.html;xiaomi-redmi-note-15-256gb-blau;;
Bündel;Redmi Note 15;256;Vodafone;netzbetreiber;Mobil XS;XS;neu;1,00;23,95;22,50;;12;0,00;24;845,80;;2026-10-10;https://www.vodafone.de/privat/handys/xiaomi-redmi-note-15-5g.html;xiaomi-redmi-note-15-256gb-blau;;
Bündel;Redmi Note 17;128;Vodafone;netzbetreiber;Mobil L;L;neu;1,00;33,61;24,00;;12;0,00;24;1149,64;;2026-10-10;https://www.vodafone.de/privat/handys/xiaomi-redmi-note-17-5g.html;xiaomi-redmi-note-17-128gb-schwarz;;
Bündel;Redmi Note 17;128;Vodafone;netzbetreiber;Mobil M;M;neu;1,00;27,61;24,00;;12;0,00;24;987,64;;2026-10-10;https://www.vodafone.de/privat/handys/xiaomi-redmi-note-17-5g.html;xiaomi-redmi-note-17-128gb-schwarz;;
Bündel;Redmi Note 17;128;Vodafone;netzbetreiber;Mobil S;S;neu;1,00;28,45;24,00;;12;0,00;24;1007,80;;2026-10-10;https://www.vodafone.de/privat/handys/xiaomi-redmi-note-17-5g.html;xiaomi-redmi-note-17-128gb-schwarz;;
Bündel;Redmi Note 17;128;Vodafone;netzbetreiber;Mobil XL;XL;neu;1,00;44,11;24,00;;12;0,00;24;1455,64;;2026-10-10;https://www.vodafone.de/privat/handys/xiaomi-redmi-note-17-5g.html;xiaomi-redmi-note-17-128gb-schwarz;;
Bündel;Redmi Note 17;128;Vodafone;netzbetreiber;Mobil XS;XS;neu;1,00;23,95;24,00;;12;0,00;24;863,80;;2026-10-10;https://www.vodafone.de/privat/handys/xiaomi-redmi-note-17-5g.html;xiaomi-redmi-note-17-128gb-schwarz;;
Bündel;Redmi Note 17 Pro;256;Vodafone;netzbetreiber;Mobil L;L;neu;1,00;33,61;33,00;;12;0,00;24;1257,64;;2026-10-10;https://www.vodafone.de/privat/handys/xiaomi-redmi-note-17-pro-5g.html;xiaomi-redmi-note-17-pro-256gb-schwarz;;
Bündel;Redmi Note 17 Pro;256;Vodafone;netzbetreiber;Mobil M;M;neu;1,00;27,61;33,00;;12;0,00;24;1095,64;;2026-10-10;https://www.vodafone.de/privat/handys/xiaomi-redmi-note-17-pro-5g.html;xiaomi-redmi-note-17-pro-256gb-schwarz;;
Bündel;Redmi Note 17 Pro;256;Vodafone;netzbetreiber;Mobil S;S;neu;1,00;28,45;33,00;;12;0,00;24;1115,80;;2026-10-10;https://www.vodafone.de/privat/handys/xiaomi-redmi-note-17-pro-5g.html;xiaomi-redmi-note-17-pro-256gb-schwarz;;
Bündel;Redmi Note 17 Pro;256;Vodafone;netzbetreiber;Mobil XL;XL;neu;1,00;44,11;33,00;;12;0,00;24;1563,64;;2026-10-10;https://www.vodafone.de/privat/handys/xiaomi-redmi-note-17-pro-5g.html;xiaomi-redmi-note-17-pro-256gb-schwarz;;
Bündel;Redmi Note 17 Pro;256;Vodafone;netzbetreiber;Mobil XS;XS;neu;1,00;23,95;33,00;;12;0,00;24;971,80;;2026-10-10;https://www.vodafone.de/privat/handys/xiaomi-redmi-note-17-pro-5g.html;xiaomi-redmi-note-17-pro-256gb-schwarz;;
Bündel;Redmi Note 17 Pro;256;Vodafone;netzbetreiber;Mobil L;L;neu;1,00;33,61;33,00;;12;0,00;24;1257,64;;2026-10-10;https://www.vodafone.de/privat/handys/xiaomi-redmi-note-17-pro-5g.html;xiaomi-redmi-note-17-pro-256gb-sky-blue;;
Bündel;Redmi Note 17 Pro;256;Vodafone;netzbetreiber;Mobil M;M;neu;1,00;27,61;33,00;;12;0,00;24;1095,64;;2026-10-10;https://www.vodafone.de/privat/handys/xiaomi-redmi-note-17-pro-5g.html;xiaomi-redmi-note-17-pro-256gb-sky-blue;;
Bündel;Redmi Note 17 Pro;256;Vodafone;netzbetreiber;Mobil S;S;neu;1,00;28,45;33,00;;12;0,00;24;1115,80;;2026-10-10;https://www.vodafone.de/privat/handys/xiaomi-redmi-note-17-pro-5g.html;xiaomi-redmi-note-17-pro-256gb-sky-blue;;
Bündel;Redmi Note 17 Pro;256;Vodafone;netzbetreiber;Mobil XL;XL;neu;1,00;44,11;33,00;;12;0,00;24;1563,64;;2026-10-10;https://www.vodafone.de/privat/handys/xiaomi-redmi-note-17-pro-5g.html;xiaomi-redmi-note-17-pro-256gb-sky-blue;;
Bündel;Redmi Note 17 Pro;256;Vodafone;netzbetreiber;Mobil XS;XS;neu;1,00;23,95;33,00;;12;0,00;24;971,80;;2026-10-10;https://www.vodafone.de/privat/handys/xiaomi-redmi-note-17-pro-5g.html;xiaomi-redmi-note-17-pro-256gb-sky-blue;;
