Art;Modell;Speicher GB;Anbieter;Anbietertyp;Tarif;Band;Zustand;Zuzahlung EUR;Tarif/Monat EUR;Geräterate EUR;Bündel/Monat EUR;Laufzeit Monate;Anschlusspreis EUR;Kosten über 24 Monate EUR;Abgerufen am;Quelle;SKU-ID
Bündel;iPhone 15;128;1&1;netzbetreiber;1&1 All-Net-Flat S;Klein;neu;220,00;;;32,99;36;39,90;1447,54;2026-09-21;https://mobile.1und1.de/iphone-15;apple-iphone-15-128gb-blau
Bündel;iPhone 15;128;1&1;netzbetreiber;1&1 All-Net-Flat S;Klein;neu;220,00;;;32,99;36;39,90;1447,54;2026-09-14;https://mobile.1und1.de/iphone-15;apple-iphone-15-128gb-schwarz
Bündel;iPhone 15;256;1&1;netzbetreiber;1&1 All-Net-Flat S;Klein;neu;270,00;;;36,99;36;39,90;1641,54;2026-09-21;https://mobile.1und1.de/iphone-15;apple-iphone-15-256gb-blau
Bündel;iPhone 15;256;1&1;netzbetreiber;1&1 All-Net-Flat S;Klein;neu;270,00;;;36,99;36;39,90;1641,54;2026-09-14;https://mobile.1und1.de/iphone-15;apple-iphone-15-256gb-schwarz
Bündel;iPhone 16;128;1&1;netzbetreiber;1&1 All-Net-Flat S;Klein;neu;280,00;;;37,99;36;39,90;1687,54;2026-09-21;https://mobile.1und1.de/iphone-16;apple-iphone-16-128gb-blau
Bündel;iPhone 16 Plus;128;1&1;netzbetreiber;1&1 All-Net-Flat S;Klein;neu;300,00;;;39,99;36;39,90;1779,54;2026-09-21;https://mobile.1und1.de/iphone-16-plus;apple-iphone-16-plus-128gb-blau
Bündel;iPhone 16 Plus;256;1&1;netzbetreiber;1&1 All-Net-Flat S;Klein;neu;350,00;;;43,99;36;39,90;1973,54;2026-09-21;https://mobile.1und1.de/iphone-16-plus;apple-iphone-16-plus-256gb-blau
Bündel;iPhone 16e;128;1&1;netzbetreiber;1&1 All-Net-Flat S;Klein;neu;180,00;;;29,99;36;39,90;1299,54;2026-09-21;https://mobile.1und1.de/iphone-16e;apple-iphone-16e-128gb-schwarz
Bündel;iPhone 17;256;1&1;netzbetreiber;1&1 All-Net-Flat S;Klein;neu;340,00;;;42,99;36;39,90;1927,54;2026-09-21;https://mobile.1und1.de/iphone-17;apple-iphone-17-256gb-nebelblau
Bündel;iPhone 17;512;1&1;netzbetreiber;1&1 All-Net-Flat S;Klein;neu;420,00;;;49,99;36;39,90;2259,54;2026-09-21;https://mobile.1und1.de/iphone-17;apple-iphone-17-512gb-nebelblau
Bündel;iPhone 17 Pro;1024;1&1;netzbetreiber;1&1 All-Net-Flat S;Klein;neu;530,00;;;58,99;36;39,90;2693,54;2026-09-21;https://mobile.1und1.de/iphone-17-pro;apple-iphone-17-pro-1024gb-cosmic-orange
Bündel;iPhone 17 Pro;1024;1&1;netzbetreiber;1&1 All-Net-Flat S;Klein;neu;530,00;;;58,99;36;39,90;2693,54;2026-09-09;https://mobile.1und1.de/iphone-17-pro;apple-iphone-17-pro-1024gb-tiefblau
Bündel;iPhone 17 Pro;256;1&1;netzbetreiber;1&1 All-Net-Flat S;Klein;neu;360,00;;;44,99;36;39,90;2019,54;2026-09-21;https://mobile.1und1.de/iphone-17-pro;apple-iphone-17-pro-256gb-cosmic-orange
Bündel;iPhone 17 Pro;512;1&1;netzbetreiber;1&1 All-Net-Flat S;Klein;neu;450,00;;;51,99;36;39,90;2361,54;2026-09-21;https://mobile.1und1.de/iphone-17-pro;apple-iphone-17-pro-512gb-tiefblau
Bündel;iPhone 17 Pro Max;1024;1&1;netzbetreiber;1&1 All-Net-Flat S;Klein;neu;620,00;;;65,99;36;39,90;3035,54;2026-09-21;https://mobile.1und1.de/iphone-17-pro-max;apple-iphone-17-pro-max-1024gb-silber
Bündel;iPhone 17 Pro Max;2048;1&1;netzbetreiber;1&1 All-Net-Flat S;Klein;neu;770,00;;;78,99;36;39,90;3653,54;2026-09-21;https://mobile.1und1.de/iphone-17-pro-max;apple-iphone-17-pro-max-2048gb-silber
Bündel;iPhone 17 Pro Max;256;1&1;netzbetreiber;1&1 All-Net-Flat S;Klein;neu;420,00;;;49,99;36;39,90;2259,54;2026-09-21;https://mobile.1und1.de/iphone-17-pro-max;apple-iphone-17-pro-max-256gb-silber
Bündel;iPhone 17 Pro Max;512;1&1;netzbetreiber;1&1 All-Net-Flat S;Klein;neu;530,00;;;58,99;36;39,90;2693,54;2026-09-21;https://mobile.1und1.de/iphone-17-pro-max;apple-iphone-17-pro-max-512gb-silber
Bündel;iPhone 17e;256;1&1;netzbetreiber;1&1 All-Net-Flat S;Klein;neu;280,00;;;37,99;36;39,90;1687,54;2026-09-21;https://mobile.1und1.de/iphone-17e;apple-iphone-17e-256gb-schwarz
Bündel;iPhone 17e;512;1&1;netzbetreiber;1&1 All-Net-Flat S;Klein;neu;360,00;;;44,99;36;39,90;2019,54;2026-09-21;https://mobile.1und1.de/iphone-17e;apple-iphone-17e-512gb-schwarz
Bündel;iPhone 18 Pro;1024;1&1;netzbetreiber;1&1 All-Net-Flat S;Klein;neu;680,00;;;70,99;36;39,90;3275,54;2026-09-21;https://mobile.1und1.de/iphone-18-pro;apple-iphone-18-pro-1024gb-polar
Bündel;iPhone 18 Pro;2048;1&1;netzbetreiber;1&1 All-Net-Flat S;Klein;neu;930,00;;;91,99;36;39,90;4281,54;2026-09-21;https://mobile.1und1.de/iphone-18-pro;apple-iphone-18-pro-2048gb-polar
Bündel;iPhone 18 Pro;256;1&1;netzbetreiber;1&1 All-Net-Flat S;Klein;neu;420,00;;;49,99;36;39,90;2259,54;2026-09-21;https://mobile.1und1.de/iphone-18-pro;apple-iphone-18-pro-256gb-polar
Bündel;iPhone 18 Pro;512;1&1;netzbetreiber;1&1 All-Net-Flat S;Klein;neu;510,00;;;56,99;36;39,90;2601,54;2026-09-21;https://mobile.1und1.de/iphone-18-pro;apple-iphone-18-pro-512gb-polar
Bündel;iPhone 18 Pro Max;1024;1&1;netzbetreiber;1&1 All-Net-Flat S;Klein;neu;740,00;;;75,99;36;39,90;3515,54;2026-09-21;https://mobile.1und1.de/iphone-18-pro-max;apple-iphone-18-pro-max-1024gb-polar
Bündel;iPhone 18 Pro Max;2048;1&1;netzbetreiber;1&1 All-Net-Flat S;Klein;neu;990,00;;;96,99;36;39,90;4521,54;2026-09-21;https://mobile.1und1.de/iphone-18-pro-max;apple-iphone-18-pro-max-2048gb-polar
Bündel;iPhone 18 Pro Max;256;1&1;netzbetreiber;1&1 All-Net-Flat S;Klein;neu;480,00;;;54,99;36;39,90;2499,54;2026-09-21;https://mobile.1und1.de/iphone-18-pro-max;apple-iphone-18-pro-max-256gb-polar
Bündel;iPhone 18 Pro Max;512;1&1;netzbetreiber;1&1 All-Net-Flat S;Klein;neu;570,00;;;61,99;36;39,90;2841,54;2026-09-21;https://mobile.1und1.de/iphone-18-pro-max;apple-iphone-18-pro-max-512gb-polar
Bündel;iPhone Air;1024;1&1;netzbetreiber;1&1 All-Net-Flat S;Klein;neu;450,00;;;51,99;36;39,90;2361,54;2026-09-21;https://mobile.1und1.de/iphone-air;apple-iphone-air-1024gb-space-schwarz
Bündel;iPhone Air;1024;1&1;netzbetreiber;1&1 All-Net-Flat S;Klein;neu;450,00;;;51,99;36;39,90;2361,54;2026-09-09;https://mobile.1und1.de/iphone-air;apple-iphone-air-1024gb-wolkenweiss
Bündel;iPhone Air;256;1&1;netzbetreiber;1&1 All-Net-Flat S;Klein;neu;280,00;;;37,99;36;39,90;1687,54;2026-09-21;https://mobile.1und1.de/iphone-air;apple-iphone-air-256gb-lichtgold
Bündel;iPhone Air;512;1&1;netzbetreiber;1&1 All-Net-Flat S;Klein;neu;360,00;;;44,99;36;39,90;2019,54;2026-09-21;https://mobile.1und1.de/iphone-air;apple-iphone-air-512gb-lichtgold
Bündel;Fairphone 6;256;1&1;netzbetreiber;1&1 All-Net-Flat S;Klein;neu;200,00;;;30,99;36;39,90;1355,54;2026-09-21;https://mobile.1und1.de/fairphone-6;fairphone-6-256gb-forest-green
Bündel;Pixel 10a;128;1&1;netzbetreiber;1&1 All-Net-Flat S;Klein;neu;140,00;;;25,99;36;39,90;1115,54;2026-09-21;https://mobile.1und1.de/google-pixel-10a;google-pixel-10a-128gb-violett
Bündel;Pixel 10a;256;1&1;netzbetreiber;1&1 All-Net-Flat S;Klein;neu;170,00;;;28,99;36;39,90;1253,54;2026-09-21;https://mobile.1und1.de/google-pixel-10a;google-pixel-10a-256gb-violett
Bündel;Pixel 11;256;1&1;netzbetreiber;1&1 All-Net-Flat S;Klein;neu;280,00;;;37,99;36;39,90;1687,54;2026-09-21;https://mobile.1und1.de/google-pixel-11;google-pixel-11-256gb-frost
Bündel;Pixel 11;512;1&1;netzbetreiber;1&1 All-Net-Flat S;Klein;neu;320,00;;;40,99;36;39,90;1835,54;2026-09-21;https://mobile.1und1.de/google-pixel-11;google-pixel-11-512gb-frost
Bündel;Pixel 11 Pro;256;1&1;netzbetreiber;1&1 All-Net-Flat S;Klein;neu;340,00;;;42,99;36;39,90;1927,54;2026-09-21;https://mobile.1und1.de/google-pixel-11-pro;google-pixel-11-pro-256gb-canyon
Bündel;Pixel 11 Pro;512;1&1;netzbetreiber;1&1 All-Net-Flat S;Klein;neu;380,00;;;45,99;36;39,90;2075,54;2026-09-21;https://mobile.1und1.de/google-pixel-11-pro;google-pixel-11-pro-512gb-canyon
Bündel;Pixel 11 Pro Fold;256;1&1;netzbetreiber;1&1 All-Net-Flat S;Klein;neu;640,00;;;67,99;36;39,90;3127,54;2026-09-21;https://mobile.1und1.de/google-pixel-11-pro-fold;google-pixel-11-pro-fold-256gb-olive
Bündel;Pixel 11 Pro Fold;512;1&1;netzbetreiber;1&1 All-Net-Flat S;Klein;neu;680,00;;;70,99;36;39,90;3275,54;2026-09-21;https://mobile.1und1.de/google-pixel-11-pro-fold;google-pixel-11-pro-fold-512gb-olive
Bündel;Pixel 11 Pro XL;256;1&1;netzbetreiber;1&1 All-Net-Flat S;Klein;neu;440,00;;;50,99;36;39,90;2315,54;2026-09-21;https://mobile.1und1.de/google-pixel-11-pro-xl;google-pixel-11-pro-xl-256gb-canyon
Bündel;Pixel 11 Pro XL;512;1&1;netzbetreiber;1&1 All-Net-Flat S;Klein;neu;470,00;;;53,99;36;39,90;2453,54;2026-09-21;https://mobile.1und1.de/google-pixel-11-pro-xl;google-pixel-11-pro-xl-512gb-canyon
Bündel;Nothing Phone (3);256;1&1;netzbetreiber;1&1 All-Net-Flat S;Klein;neu;160,00;;;27,99;36;39,90;1207,54;2026-09-21;https://mobile.1und1.de/nothing-phone-3;nothing-phone-3-256gb-schwarz
Bündel;Nothing Phone (4a) Pro;128;1&1;netzbetreiber;1&1 All-Net-Flat S;Klein;neu;140,00;;;25,99;36;39,90;1115,54;2026-09-21;https://mobile.1und1.de/nothing-phone-4a-pro;nothing-phone-4a-pro-128gb-silber
Bündel;Galaxy A17;128;1&1;netzbetreiber;1&1 All-Net-Flat S;Klein;neu;40,00;;;17,99;36;39,90;727,54;2026-09-21;https://mobile.1und1.de/samsung-galaxy-a17-5g;samsung-galaxy-a17-128gb-schwarz
Bündel;Galaxy A27;128;1&1;netzbetreiber;1&1 All-Net-Flat S;Klein;neu;100,00;;;22,99;36;39,90;967,54;2026-09-21;https://mobile.1und1.de/samsung-galaxy-a27-5g;samsung-galaxy-a27-128gb-schwarz
Bündel;Galaxy A57;128;1&1;netzbetreiber;1&1 All-Net-Flat S;Klein;neu;140,00;;;25,99;36;39,90;1115,54;2026-09-21;https://mobile.1und1.de/samsung-galaxy-a57;samsung-galaxy-a57-128gb-awesome-gray
Bündel;Galaxy A57;256;1&1;netzbetreiber;1&1 All-Net-Flat S;Klein;neu;160,00;;;27,99;36;39,90;1207,54;2026-09-21;https://mobile.1und1.de/samsung-galaxy-a57;samsung-galaxy-a57-256gb-awesome-gray
Bündel;Galaxy S25;128;1&1;netzbetreiber;1&1 All-Net-Flat S;Klein;neu;220,00;;;32,99;36;39,90;1447,54;2026-09-21;https://mobile.1und1.de/samsung-galaxy-s25;samsung-galaxy-s25-128gb-silber
Bündel;Galaxy S25;256;1&1;netzbetreiber;1&1 All-Net-Flat S;Klein;neu;240,00;;;34,99;36;39,90;1539,54;2026-09-21;https://mobile.1und1.de/samsung-galaxy-s25;samsung-galaxy-s25-256gb-blueblack
Bündel;Galaxy S26;256;1&1;netzbetreiber;1&1 All-Net-Flat S;Klein;neu;220,00;;;32,99;36;39,90;1447,54;2026-09-21;https://mobile.1und1.de/samsung-galaxy-s26;samsung-galaxy-s26-256gb-schwarz
Bündel;Galaxy S26;512;1&1;netzbetreiber;1&1 All-Net-Flat S;Klein;neu;290,00;;;38,99;36;39,90;1733,54;2026-09-21;https://mobile.1und1.de/samsung-galaxy-s26;samsung-galaxy-s26-512gb-schwarz
Bündel;Galaxy S26 FE;128;1&1;netzbetreiber;1&1 All-Net-Flat S;Klein;neu;160,00;;;27,99;36;39,90;1207,54;2026-09-21;https://mobile.1und1.de/samsung-galaxy-s26-fe;samsung-galaxy-s26-fe-128gb-pistachio
Bündel;Galaxy S26 FE;256;1&1;netzbetreiber;1&1 All-Net-Flat S;Klein;neu;200,00;;;30,99;36;39,90;1355,54;2026-09-21;https://mobile.1und1.de/samsung-galaxy-s26-fe;samsung-galaxy-s26-fe-256gb-pistachio
Bündel;Galaxy S26 Plus;256;1&1;netzbetreiber;1&1 All-Net-Flat S;Klein;neu;340,00;;;42,99;36;39,90;1927,54;2026-09-21;https://mobile.1und1.de/samsung-galaxy-s26-plus;samsung-galaxy-s26-plus-256gb-cobalt-violet
Bündel;Galaxy S26 Plus;512;1&1;netzbetreiber;1&1 All-Net-Flat S;Klein;neu;410,00;;;48,99;36;39,90;2213,54;2026-09-21;https://mobile.1und1.de/samsung-galaxy-s26-plus;samsung-galaxy-s26-plus-512gb-cobalt-violet
Bündel;Galaxy S26 Ultra;1024;1&1;netzbetreiber;1&1 All-Net-Flat S;Klein;neu;510,00;;;56,99;36;39,90;2601,54;2026-09-21;https://mobile.1und1.de/samsung-galaxy-s26-ultra;samsung-galaxy-s26-ultra-1024gb-cobalt-violet
Bündel;Galaxy S26 Ultra;256;1&1;netzbetreiber;1&1 All-Net-Flat S;Klein;neu;340,00;;;42,99;36;39,90;1927,54;2026-09-21;https://mobile.1und1.de/samsung-galaxy-s26-ultra;samsung-galaxy-s26-ultra-256gb-cobalt-violet
Bündel;Galaxy S26 Ultra;512;1&1;netzbetreiber;1&1 All-Net-Flat S;Klein;neu;410,00;;;48,99;36;39,90;2213,54;2026-09-21;https://mobile.1und1.de/samsung-galaxy-s26-ultra;samsung-galaxy-s26-ultra-512gb-cobalt-violet
Bündel;Galaxy Z Flip8;256;1&1;netzbetreiber;1&1 All-Net-Flat S;Klein;neu;340,00;;;42,99;36;39,90;1927,54;2026-09-21;https://mobile.1und1.de/samsung-galaxy-z-flip8;samsung-galaxy-z-flip8-256gb-grau
Bündel;Galaxy Z Flip8;512;1&1;netzbetreiber;1&1 All-Net-Flat S;Klein;neu;410,00;;;48,99;36;39,90;2213,54;2026-09-21;https://mobile.1und1.de/samsung-galaxy-z-flip8;samsung-galaxy-z-flip8-512gb-grau
Bündel;Galaxy Z Fold8;256;1&1;netzbetreiber;1&1 All-Net-Flat S;Klein;neu;580,00;;;62,99;36;39,90;2887,54;2026-09-21;https://mobile.1und1.de/samsung-galaxy-z-fold8;samsung-galaxy-z-fold8-256gb-grau
Bündel;Galaxy Z Fold8;512;1&1;netzbetreiber;1&1 All-Net-Flat S;Klein;neu;650,00;;;68,99;36;39,90;3173,54;2026-09-21;https://mobile.1und1.de/samsung-galaxy-z-fold8;samsung-galaxy-z-fold8-512gb-grau
Bündel;Galaxy Z Fold8 Ultra;1024;1&1;netzbetreiber;1&1 All-Net-Flat S;Klein;neu;840,00;;;84,99;36;39,90;3939,54;2026-09-21;https://mobile.1und1.de/samsung-galaxy-z-fold8-ultra;samsung-galaxy-z-fold8-ultra-1024gb-grau
Bündel;Galaxy Z Fold8 Ultra;256;1&1;netzbetreiber;1&1 All-Net-Flat S;Klein;neu;640,00;;;67,99;36;39,90;3127,54;2026-09-21;https://mobile.1und1.de/samsung-galaxy-z-fold8-ultra;samsung-galaxy-z-fold8-ultra-256gb-grau
Bündel;Galaxy Z Fold8 Ultra;512;1&1;netzbetreiber;1&1 All-Net-Flat S;Klein;neu;710,00;;;73,99;36;39,90;3413,54;2026-09-21;https://mobile.1und1.de/samsung-galaxy-z-fold8-ultra;samsung-galaxy-z-fold8-ultra-512gb-grau
Bündel;Xiaomi 17;512;1&1;netzbetreiber;1&1 All-Net-Flat S;Klein;neu;280,00;;;37,99;36;39,90;1687,54;2026-09-21;https://mobile.1und1.de/xiaomi-17;xiaomi-17-512gb-schwarz
Bündel;Xiaomi 17 Ultra;512;1&1;netzbetreiber;1&1 All-Net-Flat S;Klein;neu;380,00;;;45,99;36;39,90;2075,54;2026-09-21;https://mobile.1und1.de/xiaomi-17-ultra;xiaomi-17-ultra-512gb-schwarz
Bündel;Xiaomi 17T;256;1&1;netzbetreiber;1&1 All-Net-Flat S;Klein;neu;160,00;;;27,99;36;39,90;1207,54;2026-09-21;https://mobile.1und1.de/xiaomi-17t;xiaomi-17t-256gb-schwarz
Bündel;Xiaomi 17T Pro;512;1&1;netzbetreiber;1&1 All-Net-Flat S;Klein;neu;200,00;;;30,99;36;39,90;1355,54;2026-09-21;https://mobile.1und1.de/xiaomi-17t-pro;xiaomi-17t-pro-512gb-schwarz
Bündel;Redmi Note 17;128;1&1;netzbetreiber;1&1 All-Net-Flat S;Klein;neu;80,00;;;20,99;36;39,90;875,54;2026-09-21;https://mobile.1und1.de/xiaomi-redmi-note-17-5g;xiaomi-redmi-note-17-128gb-violett
Bündel;Redmi Note 17 Pro;256;1&1;netzbetreiber;1&1 All-Net-Flat S;Klein;neu;80,00;;;20,99;36;39,90;875,54;2026-09-21;https://mobile.1und1.de/xiaomi-redmi-note-17-pro-5g;xiaomi-redmi-note-17-pro-256gb-sky-blue
Bündel;Redmi Note 17 Pro Max;256;1&1;netzbetreiber;1&1 All-Net-Flat S;Klein;neu;140,00;;;25,99;36;39,90;1115,54;2026-09-21;https://mobile.1und1.de/xiaomi-redmi-note-17-pro-max-5g;xiaomi-redmi-note-17-pro-max-256gb-cloud-blush
Bündel;iPhone 17;256;Telekom;netzbetreiber;MagentaMobil L;Groß;neu;1,00;59,95;20,50;;36;39,95;2217,75;2026-09-09;https://www.telekom.de/shop/geraet/apple/apple-iphone-17/lavendel-256-gb?tariffId=MF_17797&categoryId=smartphones;apple-iphone-17-256gb-violett
Bündel;iPhone 17;256;Telekom;netzbetreiber;MagentaMobil M;Klein;neu;1,00;49,95;23,20;;36;39,95;2074,95;2026-09-09;https://www.telekom.de/shop/geraet/apple/apple-iphone-17/lavendel-256-gb?tariffId=MF_17791&categoryId=smartphones;apple-iphone-17-256gb-violett
Bündel;iPhone 17;256;Telekom;netzbetreiber;MagentaMobil S;Klein;neu;99,00;39,95;23,30;;36;39,95;1936,55;2026-09-09;https://www.telekom.de/shop/geraet/apple/apple-iphone-17/lavendel-256-gb?tariffId=MF_17785&categoryId=smartphones;apple-iphone-17-256gb-violett
Bündel;iPhone 17;256;Telekom;netzbetreiber;MagentaMobil XL;;neu;1,00;84,95;17,70;;36;39,95;2716,95;2026-09-09;https://www.telekom.de/shop/geraet/apple/apple-iphone-17/lavendel-256-gb?tariffId=MF_17803&categoryId=smartphones;apple-iphone-17-256gb-violett
Bündel;iPhone 17;256;Telekom;netzbetreiber;MagentaMobil XS;Klein;neu;99,00;29,95;23,30;;36;39,95;1696,55;2026-09-09;https://www.telekom.de/shop/geraet/apple/apple-iphone-17/lavendel-256-gb?tariffId=MF_17779&categoryId=smartphones;apple-iphone-17-256gb-violett
Bündel;iPhone 17 Pro;256;Telekom;netzbetreiber;MagentaMobil L;Groß;neu;99,00;59,95;24,10;;36;39,95;2445,35;2026-09-15;https://www.telekom.de/shop/geraet/apple/apple-iphone-17-pro/tiefblau-256-gb?tariffId=MF_17797&categoryId=smartphones&forwardTradeInApplied=false;apple-iphone-17-pro-256gb-tiefblau
Bündel;iPhone 17 Pro;256;Telekom;netzbetreiber;MagentaMobil M;Klein;neu;99,00;49,95;26,90;;36;39,95;2306,15;2026-09-15;https://www.telekom.de/shop/geraet/apple/apple-iphone-17-pro/tiefblau-256-gb?tariffId=MF_17791&categoryId=smartphones&forwardTradeInApplied=false;apple-iphone-17-pro-256gb-tiefblau
Bündel;iPhone 17 Pro;256;Telekom;netzbetreiber;MagentaMobil S;Klein;neu;99,00;39,95;29,70;;36;39,95;2166,95;2026-09-15;https://www.telekom.de/shop/geraet/apple/apple-iphone-17-pro/tiefblau-256-gb?tariffId=MF_17785&categoryId=smartphones&forwardTradeInApplied=false;apple-iphone-17-pro-256gb-tiefblau
Bündel;iPhone 17 Pro;256;Telekom;netzbetreiber;MagentaMobil XL;;neu;1,00;84,95;24,10;;36;39,95;2947,35;2026-09-15;https://www.telekom.de/shop/geraet/apple/apple-iphone-17-pro/tiefblau-256-gb?tariffId=MF_17803&categoryId=smartphones&forwardTradeInApplied=false;apple-iphone-17-pro-256gb-tiefblau
Bündel;iPhone 17 Pro;256;Telekom;netzbetreiber;MagentaMobil XS;Klein;neu;99,00;29,95;29,70;;36;39,95;1926,95;2026-09-15;https://www.telekom.de/shop/geraet/apple/apple-iphone-17-pro/tiefblau-256-gb?tariffId=MF_17779&categoryId=smartphones&forwardTradeInApplied=false;apple-iphone-17-pro-256gb-tiefblau
Bündel;Pixel 11;256;Telekom;netzbetreiber;MagentaMobil L;Groß;neu;1,00;59,95;18,00;;36;39,95;2127,75;2026-09-15;https://www.telekom.de/shop/geraet/google/google-pixel-11/frost-256-gb?tariffId=MF_17797&categoryId=smartphones&forwardTradeInApplied=false;google-pixel-11-256gb-frost
Bündel;Pixel 11;256;Telekom;netzbetreiber;MagentaMobil M;Klein;neu;1,00;49,95;21,60;;36;39,95;2017,35;2026-09-15;https://www.telekom.de/shop/geraet/google/google-pixel-11/frost-256-gb?tariffId=MF_17791&categoryId=smartphones&forwardTradeInApplied=false;google-pixel-11-256gb-frost
Bündel;Pixel 11;256;Telekom;netzbetreiber;MagentaMobil S;Klein;neu;1,00;39,95;24,30;;36;39,95;1874,55;2026-09-15;https://www.telekom.de/shop/geraet/google/google-pixel-11/frost-256-gb?tariffId=MF_17785&categoryId=smartphones&forwardTradeInApplied=false;google-pixel-11-256gb-frost
Bündel;Pixel 11;256;Telekom;netzbetreiber;MagentaMobil XL;;neu;1,00;84,95;16,00;;36;39,95;2655,75;2026-09-15;https://www.telekom.de/shop/geraet/google/google-pixel-11/frost-256-gb?tariffId=MF_17803&categoryId=smartphones&forwardTradeInApplied=false;google-pixel-11-256gb-frost
Bündel;Pixel 11;256;Telekom;netzbetreiber;MagentaMobil XS;Klein;neu;1,00;29,95;24,30;;36;39,95;1634,55;2026-09-15;https://www.telekom.de/shop/geraet/google/google-pixel-11/frost-256-gb?tariffId=MF_17779&categoryId=smartphones&forwardTradeInApplied=false;google-pixel-11-256gb-frost
Bündel;Pixel 11 Pro;256;Telekom;netzbetreiber;MagentaMobil L;Groß;neu;1,00;59,95;24,50;;36;39,95;2361,75;2026-09-15;https://www.telekom.de/shop/geraet/google/google-pixel-11-pro/olive-256-gb?tariffId=MF_17797&categoryId=smartphones&forwardTradeInApplied=false;google-pixel-11-pro-256gb-olive
Bündel;Pixel 11 Pro;256;Telekom;netzbetreiber;MagentaMobil M;Klein;neu;99,00;49,95;25,50;;36;39,95;2255,75;2026-09-15;https://www.telekom.de/shop/geraet/google/google-pixel-11-pro/olive-256-gb?tariffId=MF_17791&categoryId=smartphones&forwardTradeInApplied=false;google-pixel-11-pro-256gb-olive
Bündel;Pixel 11 Pro;256;Telekom;netzbetreiber;MagentaMobil S;Klein;neu;99,00;39,95;28,30;;36;39,95;2116,55;2026-09-15;https://www.telekom.de/shop/geraet/google/google-pixel-11-pro/olive-256-gb?tariffId=MF_17785&categoryId=smartphones&forwardTradeInApplied=false;google-pixel-11-pro-256gb-olive
Bündel;Pixel 11 Pro;256;Telekom;netzbetreiber;MagentaMobil XL;;neu;1,00;84,95;22,70;;36;39,95;2896,95;2026-09-15;https://www.telekom.de/shop/geraet/google/google-pixel-11-pro/olive-256-gb?tariffId=MF_17803&categoryId=smartphones&forwardTradeInApplied=false;google-pixel-11-pro-256gb-olive
Bündel;Pixel 11 Pro;256;Telekom;netzbetreiber;MagentaMobil XS;Klein;neu;99,00;29,95;28,30;;36;39,95;1876,55;2026-09-15;https://www.telekom.de/shop/geraet/google/google-pixel-11-pro/olive-256-gb?tariffId=MF_17779&categoryId=smartphones&forwardTradeInApplied=false;google-pixel-11-pro-256gb-olive
Bündel;Pixel 11 Pro XL;256;Telekom;netzbetreiber;MagentaMobil L;Groß;neu;99,00;59,95;25,50;;36;39,95;2495,75;2026-09-15;https://www.telekom.de/shop/geraet/google/google-pixel-11-pro-xl/obsidian-256-gb?tariffId=MF_17797&categoryId=smartphones&forwardTradeInApplied=false;google-pixel-11-pro-xl-256gb-schwarz
Bündel;Pixel 11 Pro XL;256;Telekom;netzbetreiber;MagentaMobil M;Klein;neu;99,00;49,95;28,80;;36;39,95;2374,55;2026-09-15;https://www.telekom.de/shop/geraet/google/google-pixel-11-pro-xl/obsidian-256-gb?tariffId=MF_17791&categoryId=smartphones&forwardTradeInApplied=false;google-pixel-11-pro-xl-256gb-schwarz
Bündel;Pixel 11 Pro XL;256;Telekom;netzbetreiber;MagentaMobil S;Klein;neu;99,00;39,95;31,60;;36;39,95;2235,35;2026-09-15;https://www.telekom.de/shop/geraet/google/google-pixel-11-pro-xl/obsidian-256-gb?tariffId=MF_17785&categoryId=smartphones&forwardTradeInApplied=false;google-pixel-11-pro-xl-256gb-schwarz
Bündel;Pixel 11 Pro XL;256;Telekom;netzbetreiber;MagentaMobil XL;;neu;99,00;84,95;23,30;;36;39,95;3016,55;2026-09-15;https://www.telekom.de/shop/geraet/google/google-pixel-11-pro-xl/obsidian-256-gb?tariffId=MF_17803&categoryId=smartphones&forwardTradeInApplied=false;google-pixel-11-pro-xl-256gb-schwarz
Bündel;Pixel 11 Pro XL;256;Telekom;netzbetreiber;MagentaMobil XS;Klein;neu;99,00;29,95;31,60;;36;39,95;1995,35;2026-09-15;https://www.telekom.de/shop/geraet/google/google-pixel-11-pro-xl/obsidian-256-gb?tariffId=MF_17779&categoryId=smartphones&forwardTradeInApplied=false;google-pixel-11-pro-xl-256gb-schwarz
Bündel;Galaxy Z Flip8;256;Telekom;netzbetreiber;MagentaMobil L;Groß;neu;99,00;59,95;26,10;;36;39,95;2517,35;2026-09-15;https://www.telekom.de/shop/geraet/samsung/samsung-galaxy-z-flip8/pink-256-gb?tariffId=MF_17797&categoryId=smartphones&forwardTradeInApplied=false;samsung-galaxy-z-flip8-256gb-rosa
Bündel;Galaxy Z Flip8;256;Telekom;netzbetreiber;MagentaMobil M;Klein;neu;99,00;49,95;28,80;;36;39,95;2374,55;2026-09-15;https://www.telekom.de/shop/geraet/samsung/samsung-galaxy-z-flip8/pink-256-gb?tariffId=MF_17791&categoryId=smartphones&forwardTradeInApplied=false;samsung-galaxy-z-flip8-256gb-rosa
Bündel;Galaxy Z Flip8;256;Telekom;netzbetreiber;MagentaMobil S;Klein;neu;99,00;39,95;31,60;;36;39,95;2235,35;2026-09-15;https://www.telekom.de/shop/geraet/samsung/samsung-galaxy-z-flip8/pink-256-gb?tariffId=MF_17785&categoryId=smartphones&forwardTradeInApplied=false;samsung-galaxy-z-flip8-256gb-rosa
Bündel;Galaxy Z Flip8;256;Telekom;netzbetreiber;MagentaMobil XL;;neu;99,00;84,95;23,30;;36;39,95;3016,55;2026-09-15;https://www.telekom.de/shop/geraet/samsung/samsung-galaxy-z-flip8/pink-256-gb?tariffId=MF_17803&categoryId=smartphones&forwardTradeInApplied=false;samsung-galaxy-z-flip8-256gb-rosa
Bündel;Galaxy Z Flip8;256;Telekom;netzbetreiber;MagentaMobil XS;Klein;neu;99,00;29,95;31,60;;36;39,95;1995,35;2026-09-15;https://www.telekom.de/shop/geraet/samsung/samsung-galaxy-z-flip8/pink-256-gb?tariffId=MF_17779&categoryId=smartphones&forwardTradeInApplied=false;samsung-galaxy-z-flip8-256gb-rosa
Bündel;Galaxy Z Fold8;256;Telekom;netzbetreiber;MagentaMobil L;Groß;neu;299,00;59,95;38,30;;36;39,95;3156,55;2026-09-15;https://www.telekom.de/shop/geraet/samsung/samsung-galaxy-z-fold8/cream-256-gb?tariffId=MF_17797&categoryId=smartphones&forwardTradeInApplied=false;samsung-galaxy-z-fold8-256gb-cream
Bündel;Galaxy Z Fold8;256;Telekom;netzbetreiber;MagentaMobil M;Klein;neu;299,00;49,95;41,10;;36;39,95;3017,35;2026-09-15;https://www.telekom.de/shop/geraet/samsung/samsung-galaxy-z-fold8/cream-256-gb?tariffId=MF_17791&categoryId=smartphones&forwardTradeInApplied=false;samsung-galaxy-z-fold8-256gb-cream
Bündel;Galaxy Z Fold8;256;Telekom;netzbetreiber;MagentaMobil S;Klein;neu;299,00;39,95;43,80;;36;39,95;2874,55;2026-09-15;https://www.telekom.de/shop/geraet/samsung/samsung-galaxy-z-fold8/cream-256-gb?tariffId=MF_17785&categoryId=smartphones&forwardTradeInApplied=false;samsung-galaxy-z-fold8-256gb-cream
Bündel;Galaxy Z Fold8;256;Telekom;netzbetreiber;MagentaMobil XL;;neu;299,00;84,95;35,50;;36;39,95;3655,75;2026-09-15;https://www.telekom.de/shop/geraet/samsung/samsung-galaxy-z-fold8/cream-256-gb?tariffId=MF_17803&categoryId=smartphones&forwardTradeInApplied=false;samsung-galaxy-z-fold8-256gb-cream
Bündel;Galaxy Z Fold8;256;Telekom;netzbetreiber;MagentaMobil XS;Klein;neu;299,00;29,95;43,80;;36;39,95;2634,55;2026-09-15;https://www.telekom.de/shop/geraet/samsung/samsung-galaxy-z-fold8/cream-256-gb?tariffId=MF_17779&categoryId=smartphones&forwardTradeInApplied=false;samsung-galaxy-z-fold8-256gb-cream
Bündel;Galaxy Z Fold8 Ultra;256;Telekom;netzbetreiber;MagentaMobil L;Groß;neu;299,00;59,95;43,30;;36;39,95;3336,55;2026-09-15;https://www.telekom.de/shop/geraet/samsung/samsung-galaxy-z-fold8-ultra/violet-shadow-256-gb?tariffId=MF_17797&categoryId=smartphones&forwardTradeInApplied=false;samsung-galaxy-z-fold8-ultra-256gb-violet-shadow
Bündel;Galaxy Z Fold8 Ultra;256;Telekom;netzbetreiber;MagentaMobil M;Klein;neu;299,00;49,95;46,10;;36;39,95;3197,35;2026-09-15;https://www.telekom.de/shop/geraet/samsung/samsung-galaxy-z-fold8-ultra/violet-shadow-256-gb?tariffId=MF_17791&categoryId=smartphones&forwardTradeInApplied=false;samsung-galaxy-z-fold8-ultra-256gb-violet-shadow
Bündel;Galaxy Z Fold8 Ultra;256;Telekom;netzbetreiber;MagentaMobil S;Klein;neu;399,00;39,95;46,10;;36;39,95;3057,35;2026-09-15;https://www.telekom.de/shop/geraet/samsung/samsung-galaxy-z-fold8-ultra/violet-shadow-256-gb?tariffId=MF_17785&categoryId=smartphones&forwardTradeInApplied=false;samsung-galaxy-z-fold8-ultra-256gb-violet-shadow
Bündel;Galaxy Z Fold8 Ultra;256;Telekom;netzbetreiber;MagentaMobil XL;;neu;299,00;84,95;40,50;;36;39,95;3835,75;2026-09-15;https://www.telekom.de/shop/geraet/samsung/samsung-galaxy-z-fold8-ultra/violet-shadow-256-gb?tariffId=MF_17803&categoryId=smartphones&forwardTradeInApplied=false;samsung-galaxy-z-fold8-ultra-256gb-violet-shadow
Bündel;Galaxy Z Fold8 Ultra;256;Telekom;netzbetreiber;MagentaMobil XS;Klein;neu;399,00;29,95;46,10;;36;39,95;2817,35;2026-09-15;https://www.telekom.de/shop/geraet/samsung/samsung-galaxy-z-fold8-ultra/violet-shadow-256-gb?tariffId=MF_17779&categoryId=smartphones&forwardTradeInApplied=false;samsung-galaxy-z-fold8-ultra-256gb-violet-shadow
Bündel;Xiaomi 17T Pro;512;Telekom;netzbetreiber;MagentaMobil L;Groß;neu;1,00;59,95;14,30;;36;39,95;1994,55;2026-09-09;https://www.telekom.de/shop/geraet/xiaomi/xiaomi-17t-pro/black-512-gb?tariffId=MF_17797&categoryId=smartphones;xiaomi-17t-pro-512gb-schwarz
Bündel;Xiaomi 17T Pro;512;Telekom;netzbetreiber;MagentaMobil M;Klein;neu;1,00;49,95;17,10;;36;39,95;1855,35;2026-09-09;https://www.telekom.de/shop/geraet/xiaomi/xiaomi-17t-pro/black-512-gb?tariffId=MF_17791&categoryId=smartphones;xiaomi-17t-pro-512gb-schwarz
Bündel;Xiaomi 17T Pro;512;Telekom;netzbetreiber;MagentaMobil S;Klein;neu;1,00;39,95;19,90;;36;39,95;1716,15;2026-09-09;https://www.telekom.de/shop/geraet/xiaomi/xiaomi-17t-pro/black-512-gb?tariffId=MF_17785&categoryId=smartphones;xiaomi-17t-pro-512gb-schwarz
Bündel;Xiaomi 17T Pro;512;Telekom;netzbetreiber;MagentaMobil XL;;neu;1,00;84,95;11,60;;36;39,95;2497,35;2026-09-09;https://www.telekom.de/shop/geraet/xiaomi/xiaomi-17t-pro/black-512-gb?tariffId=MF_17803&categoryId=smartphones;xiaomi-17t-pro-512gb-schwarz
Bündel;Xiaomi 17T Pro;512;Telekom;netzbetreiber;MagentaMobil XS;Klein;neu;1,00;29,95;19,90;;36;39,95;1476,15;2026-09-09;https://www.telekom.de/shop/geraet/xiaomi/xiaomi-17t-pro/black-512-gb?tariffId=MF_17779&categoryId=smartphones;xiaomi-17t-pro-512gb-schwarz
Bündel;iPhone 15;128;Vodafone;netzbetreiber;Mobil M;Mittel;neu;1,00;51,95;29,25;;24;0,00;1949,80;2026-09-14;https://www.vodafone.de/privat/handys/iphone-15.html;apple-iphone-15-128gb-schwarz
Bündel;iPhone 15;128;Vodafone;netzbetreiber;Mobil S;Mittel;neu;1,00;41,95;58,50;;12;0,00;1709,80;2026-09-14;https://www.vodafone.de/privat/handys/iphone-15.html;apple-iphone-15-128gb-schwarz
Bündel;iPhone 15;128;Vodafone;netzbetreiber;Mobil XS;Klein;neu;1,00;31,95;19,50;;36;0,00;1469,80;2026-09-14;https://www.vodafone.de/privat/handys/iphone-15.html;apple-iphone-15-128gb-schwarz
Bündel;iPhone 15;256;Vodafone;netzbetreiber;Mobil M;Mittel;neu;1,00;51,95;34,50;;24;0,00;2075,80;2026-09-15;https://www.vodafone.de/privat/handys/iphone-15.html;apple-iphone-15-256gb-schwarz
Bündel;iPhone 15;256;Vodafone;netzbetreiber;Mobil S;Mittel;neu;1,00;41,95;69,00;;12;0,00;1835,80;2026-09-15;https://www.vodafone.de/privat/handys/iphone-15.html;apple-iphone-15-256gb-schwarz
Bündel;iPhone 15;256;Vodafone;netzbetreiber;Mobil XS;Klein;neu;1,00;31,95;23,00;;36;0,00;1595,80;2026-09-16;https://www.vodafone.de/privat/handys/iphone-15.html;apple-iphone-15-256gb-schwarz
Bündel;iPhone 16;128;Vodafone;netzbetreiber;Mobil M;Mittel;neu;1,00;51,95;40,50;;24;0,00;2219,80;2026-09-16;https://www.vodafone.de/privat/handys/iphone-16.html;apple-iphone-16-128gb-blau
Bündel;iPhone 16;128;Vodafone;netzbetreiber;Mobil S;Mittel;neu;1,00;41,95;81,00;;12;0,00;1979,80;2026-09-16;https://www.vodafone.de/privat/handys/iphone-16.html;apple-iphone-16-128gb-blau
Bündel;iPhone 16;128;Vodafone;netzbetreiber;Mobil XS;Klein;neu;1,00;31,95;27,00;;36;0,00;1739,80;2026-09-16;https://www.vodafone.de/privat/handys/iphone-16.html;apple-iphone-16-128gb-blau
Bündel;iPhone 16;128;Vodafone;netzbetreiber;Mobil M;Mittel;neu;1,00;51,95;40,50;;24;0,00;2219,80;2026-09-21;https://www.vodafone.de/privat/handys/iphone-16.html;apple-iphone-16-128gb-blaugruen
Bündel;iPhone 16;128;Vodafone;netzbetreiber;Mobil XS;Klein;neu;1,00;31,95;27,00;;36;0,00;1739,80;2026-09-21;https://www.vodafone.de/privat/handys/iphone-16.html;apple-iphone-16-128gb-blaugruen
Bündel;iPhone 16;128;Vodafone;netzbetreiber;Mobil M;Mittel;neu;1,00;51,95;40,50;;24;0,00;2219,80;2026-09-15;https://www.vodafone.de/privat/handys/iphone-16.html;apple-iphone-16-128gb-rosa
Bündel;iPhone 16;128;Vodafone;netzbetreiber;Mobil S;Mittel;neu;1,00;41,95;81,00;;12;0,00;1979,80;2026-09-21;https://www.vodafone.de/privat/handys/iphone-16.html;apple-iphone-16-128gb-rosa
Bündel;iPhone 16;128;Vodafone;netzbetreiber;Mobil XS;Klein;neu;1,00;31,95;23,00;;36;0,00;1595,80;2026-09-11;https://www.vodafone.de/privat/handys/iphone-16.html;apple-iphone-16-128gb-rosa
Bündel;iPhone 16;128;Vodafone;netzbetreiber;Mobil M;Mittel;neu;1,00;51,95;40,50;;24;0,00;2219,80;2026-09-16;https://www.vodafone.de/privat/handys/iphone-16.html;apple-iphone-16-128gb-schwarz
Bündel;iPhone 16;128;Vodafone;netzbetreiber;Mobil S;Mittel;neu;1,00;41,95;81,00;;12;0,00;1979,80;2026-09-21;https://www.vodafone.de/privat/handys/iphone-16.html;apple-iphone-16-128gb-schwarz
Bündel;iPhone 16;128;Vodafone;netzbetreiber;Mobil XS;Klein;neu;1,00;31,95;27,00;;36;0,00;1739,80;2026-09-21;https://www.vodafone.de/privat/handys/iphone-16.html;apple-iphone-16-128gb-schwarz
Bündel;iPhone 16;128;Vodafone;netzbetreiber;Mobil M;Mittel;neu;1,00;51,95;40,50;;24;0,00;2219,80;2026-09-21;https://www.vodafone.de/privat/handys/iphone-16.html;apple-iphone-16-128gb-weiss
Bündel;iPhone 16;128;Vodafone;netzbetreiber;Mobil S;Mittel;neu;1,00;41,95;69,00;;12;0,00;1835,80;2026-09-11;https://www.vodafone.de/privat/handys/iphone-16.html;apple-iphone-16-128gb-weiss
Bündel;iPhone 16;128;Vodafone;netzbetreiber;Mobil XS;Klein;neu;1,00;31,95;27,00;;36;0,00;1739,80;2026-09-15;https://www.vodafone.de/privat/handys/iphone-16.html;apple-iphone-16-128gb-weiss
Bündel;iPhone 16 Plus;128;Vodafone;netzbetreiber;Mobil M;Mittel;neu;0,99;51,95;39,00;;24;0,00;2183,79;2026-09-21;https://www.vodafone.de/privat/handys/iphone-16-plus.html;apple-iphone-16-plus-128gb-schwarz
Bündel;iPhone 16 Plus;128;Vodafone;netzbetreiber;Mobil S;Mittel;neu;0,99;41,95;78,00;;12;0,00;1943,79;2026-09-21;https://www.vodafone.de/privat/handys/iphone-16-plus.html;apple-iphone-16-plus-128gb-schwarz
Bündel;iPhone 16 Plus;128;Vodafone;netzbetreiber;Mobil XS;Klein;neu;0,99;31,95;26,00;;36;0,00;1703,79;2026-09-21;https://www.vodafone.de/privat/handys/iphone-16-plus.html;apple-iphone-16-plus-128gb-schwarz
Bündel;iPhone 16e;128;Vodafone;netzbetreiber;Mobil M;Mittel;neu;1,00;51,95;27,75;;24;0,00;1913,80;2026-09-21;https://www.vodafone.de/privat/handys/iphone-16e.html;apple-iphone-16e-128gb-schwarz
Bündel;iPhone 16e;128;Vodafone;netzbetreiber;Mobil S;Mittel;neu;1,00;41,95;55,50;;12;0,00;1673,80;2026-09-16;https://www.vodafone.de/privat/handys/iphone-16e.html;apple-iphone-16e-128gb-schwarz
Bündel;iPhone 16e;128;Vodafone;netzbetreiber;Mobil XS;Klein;neu;1,00;31,95;16,00;;36;0,00;1343,80;2026-09-06;https://www.vodafone.de/privat/handys/iphone-16e.html;apple-iphone-16e-128gb-schwarz
Bündel;iPhone 16e;128;Vodafone;netzbetreiber;Mobil M;Mittel;neu;1,00;51,95;27,75;;24;0,00;1913,80;2026-09-21;https://www.vodafone.de/privat/handys/iphone-16e.html;apple-iphone-16e-128gb-weiss
Bündel;iPhone 16e;128;Vodafone;netzbetreiber;Mobil S;Mittel;neu;1,00;41,95;55,50;;12;0,00;1673,80;2026-09-16;https://www.vodafone.de/privat/handys/iphone-16e.html;apple-iphone-16e-128gb-weiss
Bündel;iPhone 16e;128;Vodafone;netzbetreiber;Mobil XS;Klein;neu;1,00;31,95;18,50;;36;0,00;1433,80;2026-09-20;https://www.vodafone.de/privat/handys/iphone-16e.html;apple-iphone-16e-128gb-weiss
Bündel;iPhone 17;256;Vodafone;netzbetreiber;Mobil M;Mittel;neu;1,00;51,95;45,00;;24;0,00;2327,80;2026-09-15;https://www.vodafone.de/privat/handys/iphone-17.html;apple-iphone-17-256gb-gruen
Bündel;iPhone 17;256;Vodafone;netzbetreiber;Mobil S;Mittel;neu;1,00;41,95;90,00;;12;0,00;2087,80;2026-09-21;https://www.vodafone.de/privat/handys/iphone-17.html;apple-iphone-17-256gb-gruen
Bündel;iPhone 17;256;Vodafone;netzbetreiber;Mobil XS;Klein;neu;1,00;31,95;30,00;;36;0,00;1847,80;2026-09-16;https://www.vodafone.de/privat/handys/iphone-17.html;apple-iphone-17-256gb-gruen
Bündel;iPhone 17;256;Vodafone;netzbetreiber;Mobil M;Mittel;neu;1,00;51,95;45,00;;24;0,00;2327,80;2026-09-15;https://www.vodafone.de/privat/handys/iphone-17.html;apple-iphone-17-256gb-nebelblau
Bündel;iPhone 17;256;Vodafone;netzbetreiber;Mobil S;Mittel;neu;1,00;41,95;90,00;;12;0,00;2087,80;2026-09-21;https://www.vodafone.de/privat/handys/iphone-17.html;apple-iphone-17-256gb-nebelblau
Bündel;iPhone 17;256;Vodafone;netzbetreiber;Mobil XS;Klein;neu;1,00;31,95;30,00;;36;0,00;1847,80;2026-09-21;https://www.vodafone.de/privat/handys/iphone-17.html;apple-iphone-17-256gb-nebelblau
Bündel;iPhone 17;256;Vodafone;netzbetreiber;Mobil M;Mittel;neu;1,00;51,95;45,00;;24;0,00;2327,80;2026-09-21;https://www.vodafone.de/privat/handys/iphone-17.html;apple-iphone-17-256gb-schwarz
Bündel;iPhone 17;256;Vodafone;netzbetreiber;Mobil S;Mittel;neu;1,00;41,95;90,00;;12;0,00;2087,80;2026-09-21;https://www.vodafone.de/privat/handys/iphone-17.html;apple-iphone-17-256gb-schwarz
Bündel;iPhone 17;256;Vodafone;netzbetreiber;Mobil XS;Klein;neu;1,00;31,95;30,00;;36;0,00;1847,80;2026-09-20;https://www.vodafone.de/privat/handys/iphone-17.html;apple-iphone-17-256gb-schwarz
Bündel;iPhone 17;256;Vodafone;netzbetreiber;Mobil M;Mittel;neu;1,00;51,95;45,00;;24;0,00;2327,80;2026-09-21;https://www.vodafone.de/privat/handys/iphone-17.html;apple-iphone-17-256gb-violett
Bündel;iPhone 17;256;Vodafone;netzbetreiber;Mobil S;Mittel;neu;1,00;41,95;90,00;;12;0,00;2087,80;2026-09-20;https://www.vodafone.de/privat/handys/iphone-17.html;apple-iphone-17-256gb-violett
Bündel;iPhone 17;256;Vodafone;netzbetreiber;Mobil XS;Klein;neu;1,00;31,95;30,00;;36;0,00;1847,80;2026-09-21;https://www.vodafone.de/privat/handys/iphone-17.html;apple-iphone-17-256gb-violett
Bündel;iPhone 17;256;Vodafone;netzbetreiber;Mobil M;Mittel;neu;1,00;51,95;45,00;;24;0,00;2327,80;2026-09-15;https://www.vodafone.de/privat/handys/iphone-17.html;apple-iphone-17-256gb-weiss
Bündel;iPhone 17;256;Vodafone;netzbetreiber;Mobil S;Mittel;neu;1,00;41,95;90,00;;12;0,00;2087,80;2026-09-21;https://www.vodafone.de/privat/handys/iphone-17.html;apple-iphone-17-256gb-weiss
Bündel;iPhone 17;256;Vodafone;netzbetreiber;Mobil XS;Klein;neu;0,99;31,95;26,00;;36;0,00;1703,79;2026-09-06;https://www.vodafone.de/privat/handys/iphone-17.html;apple-iphone-17-256gb-weiss
Bündel;iPhone 17;512;Vodafone;netzbetreiber;Mobil M;Mittel;neu;1,00;51,95;55,50;;24;0,00;2579,80;2026-09-20;https://www.vodafone.de/privat/handys/iphone-17.html;apple-iphone-17-512gb-gruen
Bündel;iPhone 17;512;Vodafone;netzbetreiber;Mobil S;Mittel;neu;1,00;41,95;111,00;;12;0,00;2339,80;2026-09-20;https://www.vodafone.de/privat/handys/iphone-17.html;apple-iphone-17-512gb-gruen
Bündel;iPhone 17;512;Vodafone;netzbetreiber;Mobil XS;Klein;neu;1,00;31,95;37,00;;36;0,00;2099,80;2026-09-16;https://www.vodafone.de/privat/handys/iphone-17.html;apple-iphone-17-512gb-gruen
Bündel;iPhone 17;512;Vodafone;netzbetreiber;Mobil M;Mittel;neu;1,00;51,95;55,50;;24;0,00;2579,80;2026-09-21;https://www.vodafone.de/privat/handys/iphone-17.html;apple-iphone-17-512gb-nebelblau
Bündel;iPhone 17;512;Vodafone;netzbetreiber;Mobil S;Mittel;neu;1,00;41,95;111,00;;12;0,00;2339,80;2026-09-21;https://www.vodafone.de/privat/handys/iphone-17.html;apple-iphone-17-512gb-nebelblau
Bündel;iPhone 17;512;Vodafone;netzbetreiber;Mobil XS;Klein;neu;1,00;31,95;37,00;;36;0,00;2099,80;2026-09-21;https://www.vodafone.de/privat/handys/iphone-17.html;apple-iphone-17-512gb-nebelblau
Bündel;iPhone 17;512;Vodafone;netzbetreiber;Mobil M;Mittel;neu;1,00;51,95;55,50;;24;0,00;2579,80;2026-09-21;https://www.vodafone.de/privat/handys/iphone-17.html;apple-iphone-17-512gb-schwarz
Bündel;iPhone 17;512;Vodafone;netzbetreiber;Mobil S;Mittel;neu;1,00;41,95;111,00;;12;0,00;2339,80;2026-09-20;https://www.vodafone.de/privat/handys/iphone-17.html;apple-iphone-17-512gb-schwarz
Bündel;iPhone 17;512;Vodafone;netzbetreiber;Mobil XS;Klein;neu;1,00;31,95;37,00;;36;0,00;2099,80;2026-09-21;https://www.vodafone.de/privat/handys/iphone-17.html;apple-iphone-17-512gb-schwarz
Bündel;iPhone 17;512;Vodafone;netzbetreiber;Mobil M;Mittel;neu;1,00;51,95;49,50;;24;0,00;2435,80;2026-09-06;https://www.vodafone.de/privat/handys/iphone-17.html;apple-iphone-17-512gb-violett
Bündel;iPhone 17;512;Vodafone;netzbetreiber;Mobil S;Mittel;neu;1,00;41,95;111,00;;12;0,00;2339,80;2026-09-21;https://www.vodafone.de/privat/handys/iphone-17.html;apple-iphone-17-512gb-violett
Bündel;iPhone 17;512;Vodafone;netzbetreiber;Mobil XS;Klein;neu;1,00;31,95;37,00;;36;0,00;2099,80;2026-09-21;https://www.vodafone.de/privat/handys/iphone-17.html;apple-iphone-17-512gb-violett
Bündel;iPhone 17;512;Vodafone;netzbetreiber;Mobil M;Mittel;neu;1,00;51,95;55,50;;24;0,00;2579,80;2026-09-16;https://www.vodafone.de/privat/handys/iphone-17.html;apple-iphone-17-512gb-weiss
Bündel;iPhone 17;512;Vodafone;netzbetreiber;Mobil S;Mittel;neu;1,00;41,95;99,00;;12;0,00;2195,80;2026-09-11;https://www.vodafone.de/privat/handys/iphone-17.html;apple-iphone-17-512gb-weiss
Bündel;iPhone 17;512;Vodafone;netzbetreiber;Mobil XS;Klein;neu;1,00;31,95;37,00;;36;0,00;2099,80;2026-09-21;https://www.vodafone.de/privat/handys/iphone-17.html;apple-iphone-17-512gb-weiss
Bündel;iPhone 17 Pro;1024;Vodafone;netzbetreiber;Mobil M;Mittel;neu;1,00;51,95;70,50;;24;0,00;2939,80;2026-09-16;https://www.vodafone.de/privat/handys/iphone-17-pro.html;apple-iphone-17-pro-1024gb-cosmic-orange
Bündel;iPhone 17 Pro;1024;Vodafone;netzbetreiber;Mobil S;Mittel;neu;1,00;41,95;141,00;;12;0,00;2699,80;2026-09-21;https://www.vodafone.de/privat/handys/iphone-17-pro.html;apple-iphone-17-pro-1024gb-cosmic-orange
Bündel;iPhone 17 Pro;1024;Vodafone;netzbetreiber;Mobil XS;Klein;neu;1,00;31,95;47,00;;36;0,00;2459,80;2026-09-20;https://www.vodafone.de/privat/handys/iphone-17-pro.html;apple-iphone-17-pro-1024gb-cosmic-orange
Bündel;iPhone 17 Pro;1024;Vodafone;netzbetreiber;Mobil M;Mittel;neu;1,00;51,95;70,50;;24;0,00;2939,80;2026-09-15;https://www.vodafone.de/privat/handys/iphone-17-pro.html;apple-iphone-17-pro-1024gb-tiefblau
Bündel;iPhone 17 Pro;1024;Vodafone;netzbetreiber;Mobil S;Mittel;neu;1,00;41,95;141,00;;12;0,00;2699,80;2026-09-15;https://www.vodafone.de/privat/handys/iphone-17-pro.html;apple-iphone-17-pro-1024gb-tiefblau
Bündel;iPhone 17 Pro;1024;Vodafone;netzbetreiber;Mobil XS;Klein;neu;1,00;31,95;47,00;;36;0,00;2459,80;2026-09-11;https://www.vodafone.de/privat/handys/iphone-17-pro.html;apple-iphone-17-pro-1024gb-tiefblau
Bündel;iPhone 17 Pro;256;Vodafone;netzbetreiber;Mobil M;Mittel;neu;1,00;51,95;49,50;;24;0,00;2435,80;2026-09-16;https://www.vodafone.de/privat/handys/iphone-17-pro.html;apple-iphone-17-pro-256gb-cosmic-orange
Bündel;iPhone 17 Pro;256;Vodafone;netzbetreiber;Mobil S;Mittel;neu;1,00;41,95;99,00;;12;0,00;2195,80;2026-09-11;https://www.vodafone.de/privat/handys/iphone-17-pro.html;apple-iphone-17-pro-256gb-cosmic-orange
Bündel;iPhone 17 Pro;256;Vodafone;netzbetreiber;Mobil XS;Klein;neu;1,00;31,95;33,00;;36;0,00;1955,80;2026-09-21;https://www.vodafone.de/privat/handys/iphone-17-pro.html;apple-iphone-17-pro-256gb-cosmic-orange
Bündel;iPhone 17 Pro;256;Vodafone;netzbetreiber;Mobil M;Mittel;neu;1,00;51,95;49,50;;24;0,00;2435,80;2026-09-20;https://www.vodafone.de/privat/handys/iphone-17-pro.html;apple-iphone-17-pro-256gb-silber
Bündel;iPhone 17 Pro;256;Vodafone;netzbetreiber;Mobil S;Mittel;neu;1,00;41,95;99,00;;12;0,00;2195,80;2026-09-21;https://www.vodafone.de/privat/handys/iphone-17-pro.html;apple-iphone-17-pro-256gb-silber
Bündel;iPhone 17 Pro;256;Vodafone;netzbetreiber;Mobil XS;Klein;neu;1,00;31,95;33,00;;36;0,00;1955,80;2026-09-21;https://www.vodafone.de/privat/handys/iphone-17-pro.html;apple-iphone-17-pro-256gb-silber
Bündel;iPhone 17 Pro;256;Vodafone;netzbetreiber;Mobil M;Mittel;neu;1,00;51,95;49,50;;24;0,00;2435,80;2026-09-21;https://www.vodafone.de/privat/handys/iphone-17-pro.html;apple-iphone-17-pro-256gb-tiefblau
Bündel;iPhone 17 Pro;256;Vodafone;netzbetreiber;Mobil S;Mittel;neu;1,00;41,95;99,00;;12;0,00;2195,80;2026-09-16;https://www.vodafone.de/privat/handys/iphone-17-pro.html;apple-iphone-17-pro-256gb-tiefblau
Bündel;iPhone 17 Pro;256;Vodafone;netzbetreiber;Mobil XS;Klein;neu;1,00;31,95;33,00;;36;0,00;1955,80;2026-09-21;https://www.vodafone.de/privat/handys/iphone-17-pro.html;apple-iphone-17-pro-256gb-tiefblau
Bündel;iPhone 17 Pro;512;Vodafone;netzbetreiber;Mobil M;Mittel;neu;0,99;51,95;60,00;;24;0,00;2687,79;2026-09-20;https://www.vodafone.de/privat/handys/iphone-17-pro.html;apple-iphone-17-pro-512gb-cosmic-orange
Bündel;iPhone 17 Pro;512;Vodafone;netzbetreiber;Mobil S;Mittel;neu;0,99;41,95;120,00;;12;0,00;2447,79;2026-09-21;https://www.vodafone.de/privat/handys/iphone-17-pro.html;apple-iphone-17-pro-512gb-cosmic-orange
Bündel;iPhone 17 Pro;512;Vodafone;netzbetreiber;Mobil M;Mittel;neu;0,99;51,95;60,00;;24;0,00;2687,79;2026-09-21;https://www.vodafone.de/privat/handys/iphone-17-pro.html;apple-iphone-17-pro-512gb-silber
Bündel;iPhone 17 Pro;512;Vodafone;netzbetreiber;Mobil S;Mittel;neu;0,99;41,95;120,00;;12;0,00;2447,79;2026-09-21;https://www.vodafone.de/privat/handys/iphone-17-pro.html;apple-iphone-17-pro-512gb-silber
Bündel;iPhone 17 Pro;512;Vodafone;netzbetreiber;Mobil XS;Klein;neu;0,99;31,95;40,00;;36;0,00;2207,79;2026-09-15;https://www.vodafone.de/privat/handys/iphone-17-pro.html;apple-iphone-17-pro-512gb-silber
Bündel;iPhone 17 Pro;512;Vodafone;netzbetreiber;Mobil M;Mittel;neu;0,99;51,95;60,00;;24;0,00;2687,79;2026-09-20;https://www.vodafone.de/privat/handys/iphone-17-pro.html;apple-iphone-17-pro-512gb-tiefblau
Bündel;iPhone 17 Pro;512;Vodafone;netzbetreiber;Mobil S;Mittel;neu;0,99;41,95;120,00;;12;0,00;2447,79;2026-09-20;https://www.vodafone.de/privat/handys/iphone-17-pro.html;apple-iphone-17-pro-512gb-tiefblau
Bündel;iPhone 17 Pro;512;Vodafone;netzbetreiber;Mobil XS;Klein;neu;0,99;31,95;40,00;;36;0,00;2207,79;2026-09-21;https://www.vodafone.de/privat/handys/iphone-17-pro.html;apple-iphone-17-pro-512gb-tiefblau
Bündel;iPhone 17 Pro Max;256;Vodafone;netzbetreiber;Mobil M;Mittel;neu;1,00;51,95;55,50;;24;0,00;2579,80;2026-09-21;https://www.vodafone.de/privat/handys/iphone-17-pro-max.html;apple-iphone-17-pro-max-256gb-cosmic-orange
Bündel;iPhone 17 Pro Max;256;Vodafone;netzbetreiber;Mobil S;Mittel;neu;1,00;41,95;111,00;;12;0,00;2339,80;2026-09-21;https://www.vodafone.de/privat/handys/iphone-17-pro-max.html;apple-iphone-17-pro-max-256gb-cosmic-orange
Bündel;iPhone 17 Pro Max;256;Vodafone;netzbetreiber;Mobil XS;Klein;neu;1,00;31,95;37,00;;36;0,00;2099,80;2026-09-21;https://www.vodafone.de/privat/handys/iphone-17-pro-max.html;apple-iphone-17-pro-max-256gb-cosmic-orange
Bündel;iPhone 17 Pro Max;256;Vodafone;netzbetreiber;Mobil M;Mittel;neu;1,00;51,95;55,50;;24;0,00;2579,80;2026-09-15;https://www.vodafone.de/privat/handys/iphone-17-pro-max.html;apple-iphone-17-pro-max-256gb-silber
Bündel;iPhone 17 Pro Max;256;Vodafone;netzbetreiber;Mobil S;Mittel;neu;1,00;41,95;111,00;;12;0,00;2339,80;2026-09-21;https://www.vodafone.de/privat/handys/iphone-17-pro-max.html;apple-iphone-17-pro-max-256gb-silber
Bündel;iPhone 17 Pro Max;256;Vodafone;netzbetreiber;Mobil XS;Klein;neu;1,00;31,95;37,00;;36;0,00;2099,80;2026-09-21;https://www.vodafone.de/privat/handys/iphone-17-pro-max.html;apple-iphone-17-pro-max-256gb-silber
Bündel;iPhone 17 Pro Max;256;Vodafone;netzbetreiber;Mobil M;Mittel;neu;1,00;51,95;55,50;;24;0,00;2579,80;2026-09-21;https://www.vodafone.de/privat/handys/iphone-17-pro-max.html;apple-iphone-17-pro-max-256gb-tiefblau
Bündel;iPhone 17 Pro Max;256;Vodafone;netzbetreiber;Mobil S;Mittel;neu;1,00;41,95;111,00;;12;0,00;2339,80;2026-09-21;https://www.vodafone.de/privat/handys/iphone-17-pro-max.html;apple-iphone-17-pro-max-256gb-tiefblau
Bündel;iPhone 17 Pro Max;256;Vodafone;netzbetreiber;Mobil XS;Klein;neu;1,00;31,95;37,00;;36;0,00;2099,80;2026-09-21;https://www.vodafone.de/privat/handys/iphone-17-pro-max.html;apple-iphone-17-pro-max-256gb-tiefblau
Bündel;iPhone 17 Pro Max;512;Vodafone;netzbetreiber;Mobil M;Mittel;neu;1,00;51,95;66,00;;24;0,00;2831,80;2026-09-15;https://www.vodafone.de/privat/handys/iphone-17-pro-max.html;apple-iphone-17-pro-max-512gb-cosmic-orange
Bündel;iPhone 17 Pro Max;512;Vodafone;netzbetreiber;Mobil S;Mittel;neu;1,00;41,95;132,00;;12;0,00;2591,80;2026-09-20;https://www.vodafone.de/privat/handys/iphone-17-pro-max.html;apple-iphone-17-pro-max-512gb-cosmic-orange
Bündel;iPhone 17 Pro Max;512;Vodafone;netzbetreiber;Mobil XS;Klein;neu;1,00;31,95;44,00;;36;0,00;2351,80;2026-09-21;https://www.vodafone.de/privat/handys/iphone-17-pro-max.html;apple-iphone-17-pro-max-512gb-cosmic-orange
Bündel;iPhone 17 Pro Max;512;Vodafone;netzbetreiber;Mobil M;Mittel;neu;1,00;51,95;66,00;;24;0,00;2831,80;2026-09-16;https://www.vodafone.de/privat/handys/iphone-17-pro-max.html;apple-iphone-17-pro-max-512gb-silber
Bündel;iPhone 17 Pro Max;512;Vodafone;netzbetreiber;Mobil S;Mittel;neu;1,00;41,95;132,00;;12;0,00;2591,80;2026-09-20;https://www.vodafone.de/privat/handys/iphone-17-pro-max.html;apple-iphone-17-pro-max-512gb-silber
Bündel;iPhone 17 Pro Max;512;Vodafone;netzbetreiber;Mobil XS;Klein;neu;1,00;31,95;44,00;;36;0,00;2351,80;2026-09-15;https://www.vodafone.de/privat/handys/iphone-17-pro-max.html;apple-iphone-17-pro-max-512gb-silber
Bündel;iPhone 17 Pro Max;512;Vodafone;netzbetreiber;Mobil M;Mittel;neu;1,00;51,95;66,00;;24;0,00;2831,80;2026-09-21;https://www.vodafone.de/privat/handys/iphone-17-pro-max.html;apple-iphone-17-pro-max-512gb-tiefblau
Bündel;iPhone 17e;256;Vodafone;netzbetreiber;Mobil M;Mittel;neu;1,00;51,95;34,50;;24;0,00;2075,80;2026-09-15;https://www.vodafone.de/privat/handys/iphone-17e.html;apple-iphone-17e-256gb-hellrosa
Bündel;iPhone 17e;256;Vodafone;netzbetreiber;Mobil XS;Klein;neu;1,00;31,95;23,00;;36;0,00;1595,80;2026-09-21;https://www.vodafone.de/privat/handys/iphone-17e.html;apple-iphone-17e-256gb-hellrosa
Bündel;iPhone 17e;256;Vodafone;netzbetreiber;Mobil M;Mittel;neu;1,00;51,95;34,50;;24;0,00;2075,80;2026-09-21;https://www.vodafone.de/privat/handys/iphone-17e.html;apple-iphone-17e-256gb-schwarz
Bündel;iPhone 17e;256;Vodafone;netzbetreiber;Mobil S;Mittel;neu;1,00;41,95;69,00;;12;0,00;1835,80;2026-09-21;https://www.vodafone.de/privat/handys/iphone-17e.html;apple-iphone-17e-256gb-schwarz
Bündel;iPhone 17e;256;Vodafone;netzbetreiber;Mobil XS;Klein;neu;1,00;31,95;23,00;;36;0,00;1595,80;2026-09-21;https://www.vodafone.de/privat/handys/iphone-17e.html;apple-iphone-17e-256gb-schwarz
Bündel;iPhone 17e;256;Vodafone;netzbetreiber;Mobil M;Mittel;neu;1,00;51,95;34,50;;24;0,00;2075,80;2026-09-15;https://www.vodafone.de/privat/handys/iphone-17e.html;apple-iphone-17e-256gb-weiss
Bündel;iPhone 17e;256;Vodafone;netzbetreiber;Mobil S;Mittel;neu;1,00;41,95;69,00;;12;0,00;1835,80;2026-09-21;https://www.vodafone.de/privat/handys/iphone-17e.html;apple-iphone-17e-256gb-weiss
Bündel;iPhone 17e;256;Vodafone;netzbetreiber;Mobil XS;Klein;neu;1,00;31,95;19,00;;36;0,00;1451,80;2026-09-06;https://www.vodafone.de/privat/handys/iphone-17e.html;apple-iphone-17e-256gb-weiss
Bündel;iPhone 17e;512;Vodafone;netzbetreiber;Mobil M;Mittel;neu;1,00;51,95;45,00;;24;0,00;2327,80;2026-09-16;https://www.vodafone.de/privat/handys/iphone-17e.html;apple-iphone-17e-512gb-hellrosa
Bündel;iPhone 17e;512;Vodafone;netzbetreiber;Mobil S;Mittel;neu;0,99;41,95;78,00;;12;0,00;1943,79;2026-09-06;https://www.vodafone.de/privat/handys/iphone-17e.html;apple-iphone-17e-512gb-hellrosa
Bündel;iPhone 17e;512;Vodafone;netzbetreiber;Mobil XS;Klein;neu;1,00;31,95;30,00;;36;0,00;1847,80;2026-09-21;https://www.vodafone.de/privat/handys/iphone-17e.html;apple-iphone-17e-512gb-hellrosa
Bündel;iPhone 17e;512;Vodafone;netzbetreiber;Mobil M;Mittel;neu;1,00;51,95;45,00;;24;0,00;2327,80;2026-09-15;https://www.vodafone.de/privat/handys/iphone-17e.html;apple-iphone-17e-512gb-schwarz
Bündel;iPhone 17e;512;Vodafone;netzbetreiber;Mobil S;Mittel;neu;1,00;41,95;90,00;;12;0,00;2087,80;2026-09-21;https://www.vodafone.de/privat/handys/iphone-17e.html;apple-iphone-17e-512gb-schwarz
Bündel;iPhone 17e;512;Vodafone;netzbetreiber;Mobil XS;Klein;neu;1,00;31,95;30,00;;36;0,00;1847,80;2026-09-16;https://www.vodafone.de/privat/handys/iphone-17e.html;apple-iphone-17e-512gb-schwarz
Bündel;iPhone 17e;512;Vodafone;netzbetreiber;Mobil M;Mittel;neu;1,00;51,95;45,00;;24;0,00;2327,80;2026-09-21;https://www.vodafone.de/privat/handys/iphone-17e.html;apple-iphone-17e-512gb-weiss
Bündel;iPhone 17e;512;Vodafone;netzbetreiber;Mobil S;Mittel;neu;1,00;41,95;90,00;;12;0,00;2087,80;2026-09-21;https://www.vodafone.de/privat/handys/iphone-17e.html;apple-iphone-17e-512gb-weiss
Bündel;iPhone 17e;512;Vodafone;netzbetreiber;Mobil XS;Klein;neu;1,00;31,95;30,00;;36;0,00;1847,80;2026-09-15;https://www.vodafone.de/privat/handys/iphone-17e.html;apple-iphone-17e-512gb-weiss
Bündel;iPhone 18 Pro;1024;Vodafone;netzbetreiber;Mobil M;Mittel;neu;145,00;51,95;83,25;;24;0,00;3389,80;2026-09-21;https://www.vodafone.de/privat/handys/iphone-18-pro.html;apple-iphone-18-pro-1024gb-burgunder
Bündel;iPhone 18 Pro;1024;Vodafone;netzbetreiber;Mobil S;Mittel;neu;145,00;41,95;166,50;;12;0,00;3149,80;2026-09-21;https://www.vodafone.de/privat/handys/iphone-18-pro.html;apple-iphone-18-pro-1024gb-burgunder
Bündel;iPhone 18 Pro;1024;Vodafone;netzbetreiber;Mobil XS;Klein;neu;145,00;31,95;55,50;;36;0,00;2909,80;2026-09-20;https://www.vodafone.de/privat/handys/iphone-18-pro.html;apple-iphone-18-pro-1024gb-burgunder
Bündel;iPhone 18 Pro;1024;Vodafone;netzbetreiber;Mobil M;Mittel;neu;145,00;51,95;83,25;;24;0,00;3389,80;2026-09-21;https://www.vodafone.de/privat/handys/iphone-18-pro.html;apple-iphone-18-pro-1024gb-polar
Bündel;iPhone 18 Pro;1024;Vodafone;netzbetreiber;Mobil S;Mittel;neu;145,00;41,95;166,50;;12;0,00;3149,80;2026-09-21;https://www.vodafone.de/privat/handys/iphone-18-pro.html;apple-iphone-18-pro-1024gb-polar
Bündel;iPhone 18 Pro;1024;Vodafone;netzbetreiber;Mobil XS;Klein;neu;145,00;31,95;55,50;;36;0,00;2909,80;2026-09-21;https://www.vodafone.de/privat/handys/iphone-18-pro.html;apple-iphone-18-pro-1024gb-polar
Bündel;iPhone 18 Pro;1024;Vodafone;netzbetreiber;Mobil M;Mittel;neu;145,00;51,95;83,25;;24;0,00;3389,80;2026-09-21;https://www.vodafone.de/privat/handys/iphone-18-pro.html;apple-iphone-18-pro-1024gb-schwarz
Bündel;iPhone 18 Pro;1024;Vodafone;netzbetreiber;Mobil S;Mittel;neu;145,00;41,95;166,50;;12;0,00;3149,80;2026-09-21;https://www.vodafone.de/privat/handys/iphone-18-pro.html;apple-iphone-18-pro-1024gb-schwarz
Bündel;iPhone 18 Pro;1024;Vodafone;netzbetreiber;Mobil XS;Klein;neu;145,00;31,95;55,50;;36;0,00;2909,80;2026-09-20;https://www.vodafone.de/privat/handys/iphone-18-pro.html;apple-iphone-18-pro-1024gb-schwarz
Bündel;iPhone 18 Pro;1024;Vodafone;netzbetreiber;Mobil S;Mittel;neu;145,00;41,95;166,50;;12;0,00;3149,80;2026-09-20;https://www.vodafone.de/privat/handys/iphone-18-pro.html;apple-iphone-18-pro-1024gb-silber
Bündel;iPhone 18 Pro;1024;Vodafone;netzbetreiber;Mobil XS;Klein;neu;145,00;31,95;55,50;;36;0,00;2909,80;2026-09-21;https://www.vodafone.de/privat/handys/iphone-18-pro.html;apple-iphone-18-pro-1024gb-silber
Bündel;iPhone 18 Pro;2048;Vodafone;netzbetreiber;Mobil S;Mittel;neu;829,00;41,95;166,50;;12;0,00;3833,80;2026-09-21;https://www.vodafone.de/privat/handys/iphone-18-pro.html;apple-iphone-18-pro-2048gb-burgunder
Bündel;iPhone 18 Pro;2048;Vodafone;netzbetreiber;Mobil XS;Klein;neu;829,00;31,95;55,50;;36;0,00;3593,80;2026-09-21;https://www.vodafone.de/privat/handys/iphone-18-pro.html;apple-iphone-18-pro-2048gb-burgunder
Bündel;iPhone 18 Pro;2048;Vodafone;netzbetreiber;Mobil M;Mittel;neu;829,00;51,95;83,25;;24;0,00;4073,80;2026-09-21;https://www.vodafone.de/privat/handys/iphone-18-pro.html;apple-iphone-18-pro-2048gb-polar
Bündel;iPhone 18 Pro;2048;Vodafone;netzbetreiber;Mobil S;Mittel;neu;829,00;41,95;166,50;;12;0,00;3833,80;2026-09-21;https://www.vodafone.de/privat/handys/iphone-18-pro.html;apple-iphone-18-pro-2048gb-polar
Bündel;iPhone 18 Pro;2048;Vodafone;netzbetreiber;Mobil XS;Klein;neu;829,00;31,95;55,50;;36;0,00;3593,80;2026-09-21;https://www.vodafone.de/privat/handys/iphone-18-pro.html;apple-iphone-18-pro-2048gb-polar
Bündel;iPhone 18 Pro;2048;Vodafone;netzbetreiber;Mobil S;Mittel;neu;829,00;41,95;166,50;;12;0,00;3833,80;2026-09-21;https://www.vodafone.de/privat/handys/iphone-18-pro.html;apple-iphone-18-pro-2048gb-schwarz
Bündel;iPhone 18 Pro;2048;Vodafone;netzbetreiber;Mobil XS;Klein;neu;829,00;31,95;55,50;;36;0,00;3593,80;2026-09-21;https://www.vodafone.de/privat/handys/iphone-18-pro.html;apple-iphone-18-pro-2048gb-schwarz
Bündel;iPhone 18 Pro;2048;Vodafone;netzbetreiber;Mobil M;Mittel;neu;829,00;51,95;83,25;;24;0,00;4073,80;2026-09-21;https://www.vodafone.de/privat/handys/iphone-18-pro.html;apple-iphone-18-pro-2048gb-silber
Bündel;iPhone 18 Pro;2048;Vodafone;netzbetreiber;Mobil XS;Klein;neu;829,00;31,95;55,50;;36;0,00;3593,80;2026-09-21;https://www.vodafone.de/privat/handys/iphone-18-pro.html;apple-iphone-18-pro-2048gb-silber
Bündel;iPhone 18 Pro;256;Vodafone;netzbetreiber;Mobil M;Mittel;neu;0,99;51,95;60,00;;24;0,00;2687,79;2026-09-20;https://www.vodafone.de/privat/handys/iphone-18-pro.html;apple-iphone-18-pro-256gb-burgunder
Bündel;iPhone 18 Pro;256;Vodafone;netzbetreiber;Mobil S;Mittel;neu;0,99;41,95;120,00;;12;0,00;2447,79;2026-09-20;https://www.vodafone.de/privat/handys/iphone-18-pro.html;apple-iphone-18-pro-256gb-burgunder
Bündel;iPhone 18 Pro;256;Vodafone;netzbetreiber;Mobil XS;Klein;neu;0,99;31,95;40,00;;36;0,00;2207,79;2026-09-21;https://www.vodafone.de/privat/handys/iphone-18-pro.html;apple-iphone-18-pro-256gb-burgunder
Bündel;iPhone 18 Pro;256;Vodafone;netzbetreiber;Mobil M;Mittel;neu;0,99;51,95;60,00;;24;0,00;2687,79;2026-09-21;https://www.vodafone.de/privat/handys/iphone-18-pro.html;apple-iphone-18-pro-256gb-polar
Bündel;iPhone 18 Pro;256;Vodafone;netzbetreiber;Mobil S;Mittel;neu;0,99;41,95;120,00;;12;0,00;2447,79;2026-09-21;https://www.vodafone.de/privat/handys/iphone-18-pro.html;apple-iphone-18-pro-256gb-polar
Bündel;iPhone 18 Pro;256;Vodafone;netzbetreiber;Mobil M;Mittel;neu;0,99;51,95;60,00;;24;0,00;2687,79;2026-09-21;https://www.vodafone.de/privat/handys/iphone-18-pro.html;apple-iphone-18-pro-256gb-schwarz
Bündel;iPhone 18 Pro;256;Vodafone;netzbetreiber;Mobil S;Mittel;neu;0,99;41,95;120,00;;12;0,00;2447,79;2026-09-21;https://www.vodafone.de/privat/handys/iphone-18-pro.html;apple-iphone-18-pro-256gb-schwarz
Bündel;iPhone 18 Pro;256;Vodafone;netzbetreiber;Mobil XS;Klein;neu;0,99;31,95;40,00;;36;0,00;2207,79;2026-09-21;https://www.vodafone.de/privat/handys/iphone-18-pro.html;apple-iphone-18-pro-256gb-schwarz
Bündel;iPhone 18 Pro;256;Vodafone;netzbetreiber;Mobil M;Mittel;neu;0,99;51,95;60,00;;24;0,00;2687,79;2026-09-21;https://www.vodafone.de/privat/handys/iphone-18-pro.html;apple-iphone-18-pro-256gb-silber
Bündel;iPhone 18 Pro;256;Vodafone;netzbetreiber;Mobil S;Mittel;neu;0,99;41,95;120,00;;12;0,00;2447,79;2026-09-21;https://www.vodafone.de/privat/handys/iphone-18-pro.html;apple-iphone-18-pro-256gb-silber
Bündel;iPhone 18 Pro;512;Vodafone;netzbetreiber;Mobil M;Mittel;neu;1,00;51,95;70,50;;24;0,00;2939,80;2026-09-21;https://www.vodafone.de/privat/handys/iphone-18-pro.html;apple-iphone-18-pro-512gb-burgunder
Bündel;iPhone 18 Pro;512;Vodafone;netzbetreiber;Mobil S;Mittel;neu;1,00;41,95;141,00;;12;0,00;2699,80;2026-09-21;https://www.vodafone.de/privat/handys/iphone-18-pro.html;apple-iphone-18-pro-512gb-burgunder
Bündel;iPhone 18 Pro;512;Vodafone;netzbetreiber;Mobil S;Mittel;neu;1,00;41,95;141,00;;12;0,00;2699,80;2026-09-20;https://www.vodafone.de/privat/handys/iphone-18-pro.html;apple-iphone-18-pro-512gb-polar
Bündel;iPhone 18 Pro;512;Vodafone;netzbetreiber;Mobil XS;Klein;neu;1,00;31,95;47,00;;36;0,00;2459,80;2026-09-20;https://www.vodafone.de/privat/handys/iphone-18-pro.html;apple-iphone-18-pro-512gb-polar
Bündel;iPhone 18 Pro;512;Vodafone;netzbetreiber;Mobil M;Mittel;neu;1,00;51,95;70,50;;24;0,00;2939,80;2026-09-21;https://www.vodafone.de/privat/handys/iphone-18-pro.html;apple-iphone-18-pro-512gb-schwarz
Bündel;iPhone 18 Pro;512;Vodafone;netzbetreiber;Mobil S;Mittel;neu;1,00;41,95;141,00;;12;0,00;2699,80;2026-09-21;https://www.vodafone.de/privat/handys/iphone-18-pro.html;apple-iphone-18-pro-512gb-schwarz
Bündel;iPhone 18 Pro;512;Vodafone;netzbetreiber;Mobil XS;Klein;neu;1,00;31,95;47,00;;36;0,00;2459,80;2026-09-21;https://www.vodafone.de/privat/handys/iphone-18-pro.html;apple-iphone-18-pro-512gb-schwarz
Bündel;iPhone 18 Pro;512;Vodafone;netzbetreiber;Mobil M;Mittel;neu;1,00;51,95;70,50;;24;0,00;2939,80;2026-09-21;https://www.vodafone.de/privat/handys/iphone-18-pro.html;apple-iphone-18-pro-512gb-silber
Bündel;iPhone 18 Pro;512;Vodafone;netzbetreiber;Mobil S;Mittel;neu;1,00;41,95;141,00;;12;0,00;2699,80;2026-09-21;https://www.vodafone.de/privat/handys/iphone-18-pro.html;apple-iphone-18-pro-512gb-silber
Bündel;iPhone 18 Pro;512;Vodafone;netzbetreiber;Mobil XS;Klein;neu;1,00;31,95;47,00;;36;0,00;2459,80;2026-09-20;https://www.vodafone.de/privat/handys/iphone-18-pro.html;apple-iphone-18-pro-512gb-silber
Bündel;iPhone 18 Pro Max;1024;Vodafone;netzbetreiber;Mobil S;Mittel;neu;306,99;41,95;166,50;;12;0,00;3311,79;2026-09-21;https://www.vodafone.de/privat/handys/iphone-18-pro-max.html;apple-iphone-18-pro-max-1024gb-burgunder
Bündel;iPhone 18 Pro Max;1024;Vodafone;netzbetreiber;Mobil XS;Klein;neu;306,99;31,95;55,50;;36;0,00;3071,79;2026-09-21;https://www.vodafone.de/privat/handys/iphone-18-pro-max.html;apple-iphone-18-pro-max-1024gb-polar
Bündel;iPhone 18 Pro Max;1024;Vodafone;netzbetreiber;Mobil M;Mittel;neu;306,99;51,95;83,25;;24;0,00;3551,79;2026-09-21;https://www.vodafone.de/privat/handys/iphone-18-pro-max.html;apple-iphone-18-pro-max-1024gb-schwarz
Bündel;iPhone 18 Pro Max;1024;Vodafone;netzbetreiber;Mobil XS;Klein;neu;306,99;31,95;55,50;;36;0,00;3071,79;2026-09-21;https://www.vodafone.de/privat/handys/iphone-18-pro-max.html;apple-iphone-18-pro-max-1024gb-schwarz
Bündel;iPhone 18 Pro Max;1024;Vodafone;netzbetreiber;Mobil M;Mittel;neu;306,99;51,95;83,25;;24;0,00;3551,79;2026-09-21;https://www.vodafone.de/privat/handys/iphone-18-pro-max.html;apple-iphone-18-pro-max-1024gb-silber
Bündel;iPhone 18 Pro Max;1024;Vodafone;netzbetreiber;Mobil XS;Klein;neu;306,99;31,95;55,50;;36;0,00;3071,79;2026-09-21;https://www.vodafone.de/privat/handys/iphone-18-pro-max.html;apple-iphone-18-pro-max-1024gb-silber
Bündel;iPhone 18 Pro Max;2048;Vodafone;netzbetreiber;Mobil S;Mittel;neu;1045,00;41,95;166,50;;12;0,00;4049,80;2026-09-21;https://www.vodafone.de/privat/handys/iphone-18-pro-max.html;apple-iphone-18-pro-max-2048gb-burgunder
Bündel;iPhone 18 Pro Max;2048;Vodafone;netzbetreiber;Mobil M;Mittel;neu;1045,00;51,95;83,25;;24;0,00;4289,80;2026-09-21;https://www.vodafone.de/privat/handys/iphone-18-pro-max.html;apple-iphone-18-pro-max-2048gb-schwarz
Bündel;iPhone 18 Pro Max;2048;Vodafone;netzbetreiber;Mobil S;Mittel;neu;1045,00;41,95;166,50;;12;0,00;4049,80;2026-09-21;https://www.vodafone.de/privat/handys/iphone-18-pro-max.html;apple-iphone-18-pro-max-2048gb-silber
Bündel;iPhone 18 Pro Max;256;Vodafone;netzbetreiber;Mobil M;Mittel;neu;1,00;51,95;66,00;;24;0,00;2831,80;2026-09-21;https://www.vodafone.de/privat/handys/iphone-18-pro-max.html;apple-iphone-18-pro-max-256gb-burgunder
Bündel;iPhone 18 Pro Max;256;Vodafone;netzbetreiber;Mobil XS;Klein;neu;1,00;31,95;44,00;;36;0,00;2351,80;2026-09-21;https://www.vodafone.de/privat/handys/iphone-18-pro-max.html;apple-iphone-18-pro-max-256gb-burgunder
Bündel;iPhone 18 Pro Max;256;Vodafone;netzbetreiber;Mobil S;Mittel;neu;1,00;41,95;132,00;;12;0,00;2591,80;2026-09-21;https://www.vodafone.de/privat/handys/iphone-18-pro-max.html;apple-iphone-18-pro-max-256gb-polar
Bündel;iPhone 18 Pro Max;256;Vodafone;netzbetreiber;Mobil XS;Klein;neu;1,00;31,95;44,00;;36;0,00;2351,80;2026-09-21;https://www.vodafone.de/privat/handys/iphone-18-pro-max.html;apple-iphone-18-pro-max-256gb-polar
Bündel;iPhone 18 Pro Max;256;Vodafone;netzbetreiber;Mobil M;Mittel;neu;1,00;51,95;66,00;;24;0,00;2831,80;2026-09-21;https://www.vodafone.de/privat/handys/iphone-18-pro-max.html;apple-iphone-18-pro-max-256gb-schwarz
Bündel;iPhone 18 Pro Max;256;Vodafone;netzbetreiber;Mobil S;Mittel;neu;1,00;41,95;132,00;;12;0,00;2591,80;2026-09-21;https://www.vodafone.de/privat/handys/iphone-18-pro-max.html;apple-iphone-18-pro-max-256gb-schwarz
Bündel;iPhone 18 Pro Max;256;Vodafone;netzbetreiber;Mobil M;Mittel;neu;1,00;51,95;66,00;;24;0,00;2831,80;2026-09-21;https://www.vodafone.de/privat/handys/iphone-18-pro-max.html;apple-iphone-18-pro-max-256gb-silber
Bündel;iPhone 18 Pro Max;256;Vodafone;netzbetreiber;Mobil S;Mittel;neu;1,00;41,95;132,00;;12;0,00;2591,80;2026-09-21;https://www.vodafone.de/privat/handys/iphone-18-pro-max.html;apple-iphone-18-pro-max-256gb-silber
Bündel;iPhone 18 Pro Max;512;Vodafone;netzbetreiber;Mobil S;Mittel;neu;1,00;41,95;153,00;;12;0,00;2843,80;2026-09-21;https://www.vodafone.de/privat/handys/iphone-18-pro-max.html;apple-iphone-18-pro-max-512gb-burgunder
Bündel;iPhone 18 Pro Max;512;Vodafone;netzbetreiber;Mobil M;Mittel;neu;1,00;51,95;76,50;;24;0,00;3083,80;2026-09-21;https://www.vodafone.de/privat/handys/iphone-18-pro-max.html;apple-iphone-18-pro-max-512gb-polar
Bündel;iPhone 18 Pro Max;512;Vodafone;netzbetreiber;Mobil S;Mittel;neu;1,00;41,95;153,00;;12;0,00;2843,80;2026-09-21;https://www.vodafone.de/privat/handys/iphone-18-pro-max.html;apple-iphone-18-pro-max-512gb-polar
Bündel;iPhone 18 Pro Max;512;Vodafone;netzbetreiber;Mobil XS;Klein;neu;1,00;31,95;51,00;;36;0,00;2603,80;2026-09-21;https://www.vodafone.de/privat/handys/iphone-18-pro-max.html;apple-iphone-18-pro-max-512gb-polar
Bündel;iPhone 18 Pro Max;512;Vodafone;netzbetreiber;Mobil S;Mittel;neu;1,00;41,95;153,00;;12;0,00;2843,80;2026-09-21;https://www.vodafone.de/privat/handys/iphone-18-pro-max.html;apple-iphone-18-pro-max-512gb-silber
Bündel;iPhone Air;1024;Vodafone;netzbetreiber;Mobil M;Mittel;neu;1,00;51,95;52,50;;24;0,00;2507,80;2026-09-21;https://www.vodafone.de/privat/handys/iphone-air.html;apple-iphone-air-1024gb-himmelblau
Bündel;iPhone Air;1024;Vodafone;netzbetreiber;Mobil S;Mittel;neu;1,00;41,95;105,00;;12;0,00;2267,80;2026-09-21;https://www.vodafone.de/privat/handys/iphone-air.html;apple-iphone-air-1024gb-himmelblau
Bündel;iPhone Air;1024;Vodafone;netzbetreiber;Mobil XS;Klein;neu;1,00;31,95;35,00;;36;0,00;2027,80;2026-09-21;https://www.vodafone.de/privat/handys/iphone-air.html;apple-iphone-air-1024gb-himmelblau
Bündel;iPhone Air;1024;Vodafone;netzbetreiber;Mobil M;Mittel;neu;1,00;51,95;52,50;;24;0,00;2507,80;2026-09-21;https://www.vodafone.de/privat/handys/iphone-air.html;apple-iphone-air-1024gb-lichtgold
Bündel;iPhone Air;1024;Vodafone;netzbetreiber;Mobil S;Mittel;neu;1,00;41,95;105,00;;12;0,00;2267,80;2026-09-21;https://www.vodafone.de/privat/handys/iphone-air.html;apple-iphone-air-1024gb-lichtgold
Bündel;iPhone Air;1024;Vodafone;netzbetreiber;Mobil XS;Klein;neu;1,00;31,95;35,00;;36;0,00;2027,80;2026-09-21;https://www.vodafone.de/privat/handys/iphone-air.html;apple-iphone-air-1024gb-lichtgold
Bündel;iPhone Air;1024;Vodafone;netzbetreiber;Mobil M;Mittel;neu;1,00;51,95;52,50;;24;0,00;2507,80;2026-09-21;https://www.vodafone.de/privat/handys/iphone-air.html;apple-iphone-air-1024gb-space-schwarz
Bündel;iPhone Air;1024;Vodafone;netzbetreiber;Mobil S;Mittel;neu;1,00;41,95;105,00;;12;0,00;2267,80;2026-09-21;https://www.vodafone.de/privat/handys/iphone-air.html;apple-iphone-air-1024gb-space-schwarz
Bündel;iPhone Air;1024;Vodafone;netzbetreiber;Mobil XS;Klein;neu;1,00;31,95;35,00;;36;0,00;2027,80;2026-09-21;https://www.vodafone.de/privat/handys/iphone-air.html;apple-iphone-air-1024gb-space-schwarz
Bündel;iPhone Air;256;Vodafone;netzbetreiber;Mobil M;Mittel;neu;1,00;51,95;43,50;;24;0,00;2291,80;2026-09-21;https://www.vodafone.de/privat/handys/iphone-air.html;apple-iphone-air-256gb-himmelblau
Bündel;iPhone Air;256;Vodafone;netzbetreiber;Mobil S;Mittel;neu;1,00;41,95;87,00;;12;0,00;2051,80;2026-09-21;https://www.vodafone.de/privat/handys/iphone-air.html;apple-iphone-air-256gb-himmelblau
Bündel;iPhone Air;256;Vodafone;netzbetreiber;Mobil XS;Klein;neu;1,00;31,95;29,00;;36;0,00;1811,80;2026-09-21;https://www.vodafone.de/privat/handys/iphone-air.html;apple-iphone-air-256gb-himmelblau
Bündel;iPhone Air;256;Vodafone;netzbetreiber;Mobil M;Mittel;neu;1,00;51,95;43,50;;24;0,00;2291,80;2026-09-21;https://www.vodafone.de/privat/handys/iphone-air.html;apple-iphone-air-256gb-space-schwarz
Bündel;iPhone Air;256;Vodafone;netzbetreiber;Mobil S;Mittel;neu;1,00;41,95;87,00;;12;0,00;2051,80;2026-09-21;https://www.vodafone.de/privat/handys/iphone-air.html;apple-iphone-air-256gb-space-schwarz
Bündel;iPhone Air;256;Vodafone;netzbetreiber;Mobil XS;Klein;neu;1,00;31,95;29,00;;36;0,00;1811,80;2026-09-21;https://www.vodafone.de/privat/handys/iphone-air.html;apple-iphone-air-256gb-space-schwarz
Bündel;iPhone Air;256;Vodafone;netzbetreiber;Mobil M;Mittel;neu;0,99;51,95;39,00;;24;0,00;2183,79;2026-09-11;https://www.vodafone.de/privat/handys/iphone-air.html;apple-iphone-air-256gb-wolkenweiss
Bündel;iPhone Air;256;Vodafone;netzbetreiber;Mobil S;Mittel;neu;0,99;41,95;78,00;;12;0,00;1943,79;2026-09-11;https://www.vodafone.de/privat/handys/iphone-air.html;apple-iphone-air-256gb-wolkenweiss
Bündel;iPhone Air;256;Vodafone;netzbetreiber;Mobil XS;Klein;neu;0,99;31,95;26,00;;36;0,00;1703,79;2026-09-11;https://www.vodafone.de/privat/handys/iphone-air.html;apple-iphone-air-256gb-wolkenweiss
Bündel;iPhone Air;512;Vodafone;netzbetreiber;Mobil M;Mittel;neu;1,00;51,95;43,50;;24;0,00;2291,80;2026-09-21;https://www.vodafone.de/privat/handys/iphone-air.html;apple-iphone-air-512gb-himmelblau
Bündel;iPhone Air;512;Vodafone;netzbetreiber;Mobil S;Mittel;neu;1,00;41,95;87,00;;12;0,00;2051,80;2026-09-21;https://www.vodafone.de/privat/handys/iphone-air.html;apple-iphone-air-512gb-himmelblau
Bündel;iPhone Air;512;Vodafone;netzbetreiber;Mobil XS;Klein;neu;1,00;31,95;29,00;;36;0,00;1811,80;2026-09-21;https://www.vodafone.de/privat/handys/iphone-air.html;apple-iphone-air-512gb-himmelblau
Bündel;iPhone Air;512;Vodafone;netzbetreiber;Mobil M;Mittel;neu;1,00;51,95;43,50;;24;0,00;2291,80;2026-09-21;https://www.vodafone.de/privat/handys/iphone-air.html;apple-iphone-air-512gb-lichtgold
Bündel;iPhone Air;512;Vodafone;netzbetreiber;Mobil S;Mittel;neu;1,00;41,95;87,00;;12;0,00;2051,80;2026-09-21;https://www.vodafone.de/privat/handys/iphone-air.html;apple-iphone-air-512gb-lichtgold
Bündel;iPhone Air;512;Vodafone;netzbetreiber;Mobil XS;Klein;neu;1,00;31,95;29,00;;36;0,00;1811,80;2026-09-21;https://www.vodafone.de/privat/handys/iphone-air.html;apple-iphone-air-512gb-lichtgold
Bündel;iPhone Air;512;Vodafone;netzbetreiber;Mobil M;Mittel;neu;1,00;51,95;43,50;;24;0,00;2291,80;2026-09-21;https://www.vodafone.de/privat/handys/iphone-air.html;apple-iphone-air-512gb-space-schwarz
Bündel;iPhone Air;512;Vodafone;netzbetreiber;Mobil S;Mittel;neu;1,00;41,95;87,00;;12;0,00;2051,80;2026-09-21;https://www.vodafone.de/privat/handys/iphone-air.html;apple-iphone-air-512gb-space-schwarz
Bündel;iPhone Air;512;Vodafone;netzbetreiber;Mobil XS;Klein;neu;1,00;31,95;29,00;;36;0,00;1811,80;2026-09-21;https://www.vodafone.de/privat/handys/iphone-air.html;apple-iphone-air-512gb-space-schwarz
Bündel;Fairphone 6;256;Vodafone;netzbetreiber;Mobil M;Mittel;neu;1,00;51,95;22,50;;24;0,00;1787,80;2026-09-21;https://www.vodafone.de/privat/handys/fairphone-6.html;fairphone-6-256gb-horizon-black
Bündel;Fairphone 6;256;Vodafone;netzbetreiber;Mobil S;Mittel;neu;1,00;41,95;45,00;;12;0,00;1547,80;2026-09-21;https://www.vodafone.de/privat/handys/fairphone-6.html;fairphone-6-256gb-horizon-black
Bündel;Fairphone 6;256;Vodafone;netzbetreiber;Mobil XS;Klein;neu;1,00;31,95;15,00;;36;0,00;1307,80;2026-09-16;https://www.vodafone.de/privat/handys/fairphone-6.html;fairphone-6-256gb-horizon-black
Bündel;Pixel 10;128;Vodafone;netzbetreiber;Mobil M;Mittel;neu;1,00;51,95;24,00;;24;0,00;1823,80;2026-09-20;https://www.vodafone.de/privat/handys/google-pixel-10.html;google-pixel-10-128gb-schwarz
Bündel;Pixel 10;128;Vodafone;netzbetreiber;Mobil S;Mittel;neu;1,00;41,95;48,00;;12;0,00;1583,80;2026-09-20;https://www.vodafone.de/privat/handys/google-pixel-10.html;google-pixel-10-128gb-schwarz
Bündel;Pixel 10;128;Vodafone;netzbetreiber;Mobil XS;Klein;neu;1,00;31,95;16,00;;36;0,00;1343,80;2026-09-21;https://www.vodafone.de/privat/handys/google-pixel-10.html;google-pixel-10-128gb-schwarz
Bündel;Pixel 10 Pro;128;Vodafone;netzbetreiber;Mobil M;Mittel;neu;1,00;51,95;28,50;;24;0,00;1931,80;2026-09-16;https://www.vodafone.de/privat/handys/google-pixel-10-pro.html;google-pixel-10-pro-128gb-schwarz
Bündel;Pixel 10 Pro;128;Vodafone;netzbetreiber;Mobil S;Mittel;neu;1,00;41,95;57,00;;12;0,00;1691,80;2026-09-21;https://www.vodafone.de/privat/handys/google-pixel-10-pro.html;google-pixel-10-pro-128gb-schwarz
Bündel;Pixel 10 Pro;128;Vodafone;netzbetreiber;Mobil XS;Klein;neu;1,00;31,95;19,00;;36;0,00;1451,80;2026-09-21;https://www.vodafone.de/privat/handys/google-pixel-10-pro.html;google-pixel-10-pro-128gb-schwarz
Bündel;Pixel 10 Pro XL;256;Vodafone;netzbetreiber;Mobil M;Mittel;neu;1,00;51,95;34,50;;24;0,00;2075,80;2026-09-16;https://www.vodafone.de/privat/handys/google-pixel-10-pro-xl.html;google-pixel-10-pro-xl-256gb-schwarz
Bündel;Pixel 10 Pro XL;256;Vodafone;netzbetreiber;Mobil S;Mittel;neu;1,00;41,95;69,00;;12;0,00;1835,80;2026-09-16;https://www.vodafone.de/privat/handys/google-pixel-10-pro-xl.html;google-pixel-10-pro-xl-256gb-schwarz
Bündel;Pixel 10 Pro XL;256;Vodafone;netzbetreiber;Mobil XS;Klein;neu;1,00;31,95;23,00;;36;0,00;1595,80;2026-09-06;https://www.vodafone.de/privat/handys/google-pixel-10-pro-xl.html;google-pixel-10-pro-xl-256gb-schwarz
Bündel;Pixel 10a;128;Vodafone;netzbetreiber;Mobil M;Mittel;neu;1,00;51,95;20,25;;24;0,00;1733,80;2026-09-15;https://www.vodafone.de/privat/handys/google-pixel-10a.html;google-pixel-10a-128gb-berry
Bündel;Pixel 10a;128;Vodafone;netzbetreiber;Mobil S;Mittel;neu;1,00;41,95;40,50;;12;0,00;1493,80;2026-09-21;https://www.vodafone.de/privat/handys/google-pixel-10a.html;google-pixel-10a-128gb-berry
Bündel;Pixel 10a;128;Vodafone;netzbetreiber;Mobil XS;Klein;neu;1,00;31,95;13,50;;36;0,00;1253,80;2026-09-21;https://www.vodafone.de/privat/handys/google-pixel-10a.html;google-pixel-10a-128gb-berry
Bündel;Pixel 10a;128;Vodafone;netzbetreiber;Mobil M;Mittel;neu;1,00;51,95;20,25;;24;0,00;1733,80;2026-09-15;https://www.vodafone.de/privat/handys/google-pixel-10a.html;google-pixel-10a-128gb-fog
Bündel;Pixel 10a;128;Vodafone;netzbetreiber;Mobil S;Mittel;neu;1,00;41,95;40,50;;12;0,00;1493,80;2026-09-21;https://www.vodafone.de/privat/handys/google-pixel-10a.html;google-pixel-10a-128gb-fog
Bündel;Pixel 10a;128;Vodafone;netzbetreiber;Mobil XS;Klein;neu;1,00;31,95;13,50;;36;0,00;1253,80;2026-09-20;https://www.vodafone.de/privat/handys/google-pixel-10a.html;google-pixel-10a-128gb-fog
Bündel;Pixel 10a;128;Vodafone;netzbetreiber;Mobil M;Mittel;neu;1,00;51,95;20,25;;24;0,00;1733,80;2026-09-16;https://www.vodafone.de/privat/handys/google-pixel-10a.html;google-pixel-10a-128gb-schwarz
Bündel;Pixel 10a;128;Vodafone;netzbetreiber;Mobil S;Mittel;neu;1,00;41,95;40,50;;12;0,00;1493,80;2026-09-21;https://www.vodafone.de/privat/handys/google-pixel-10a.html;google-pixel-10a-128gb-schwarz
Bündel;Pixel 10a;128;Vodafone;netzbetreiber;Mobil XS;Klein;neu;1,00;31,95;13,50;;36;0,00;1253,80;2026-09-16;https://www.vodafone.de/privat/handys/google-pixel-10a.html;google-pixel-10a-128gb-schwarz
Bündel;Pixel 10a;128;Vodafone;netzbetreiber;Mobil M;Mittel;neu;1,00;51,95;20,25;;24;0,00;1733,80;2026-09-21;https://www.vodafone.de/privat/handys/google-pixel-10a.html;google-pixel-10a-128gb-violett
Bündel;Pixel 10a;128;Vodafone;netzbetreiber;Mobil S;Mittel;neu;1,00;41,95;40,50;;12;0,00;1493,80;2026-09-20;https://www.vodafone.de/privat/handys/google-pixel-10a.html;google-pixel-10a-128gb-violett
Bündel;Pixel 10a;128;Vodafone;netzbetreiber;Mobil XS;Klein;neu;1,00;31,95;13,50;;36;0,00;1253,80;2026-09-21;https://www.vodafone.de/privat/handys/google-pixel-10a.html;google-pixel-10a-128gb-violett
Bündel;Pixel 10a;256;Vodafone;netzbetreiber;Mobil M;Mittel;neu;1,00;51,95;24,00;;24;0,00;1823,80;2026-09-16;https://www.vodafone.de/privat/handys/google-pixel-10a.html;google-pixel-10a-256gb-schwarz
Bündel;Pixel 10a;256;Vodafone;netzbetreiber;Mobil S;Mittel;neu;1,00;41,95;48,00;;12;0,00;1583,80;2026-09-20;https://www.vodafone.de/privat/handys/google-pixel-10a.html;google-pixel-10a-256gb-schwarz
Bündel;Pixel 10a;256;Vodafone;netzbetreiber;Mobil XS;Klein;neu;1,00;31,95;16,00;;36;0,00;1343,80;2026-09-11;https://www.vodafone.de/privat/handys/google-pixel-10a.html;google-pixel-10a-256gb-schwarz
Bündel;Pixel 11;256;Vodafone;netzbetreiber;Mobil M;Mittel;neu;1,00;51,95;39,75;;24;0,00;2201,80;2026-09-16;https://www.vodafone.de/privat/handys/google-pixel-11.html;google-pixel-11-256gb-frost
Bündel;Pixel 11;256;Vodafone;netzbetreiber;Mobil S;Mittel;neu;1,00;41,95;79,50;;12;0,00;1961,80;2026-09-15;https://www.vodafone.de/privat/handys/google-pixel-11.html;google-pixel-11-256gb-frost
Bündel;Pixel 11;256;Vodafone;netzbetreiber;Mobil XS;Klein;neu;1,00;31,95;26,50;;36;0,00;1721,80;2026-09-16;https://www.vodafone.de/privat/handys/google-pixel-11.html;google-pixel-11-256gb-frost
Bündel;Pixel 11;256;Vodafone;netzbetreiber;Mobil M;Mittel;neu;1,00;51,95;39,75;;24;0,00;2201,80;2026-09-16;https://www.vodafone.de/privat/handys/google-pixel-11.html;google-pixel-11-256gb-hibiscus
Bündel;Pixel 11;256;Vodafone;netzbetreiber;Mobil S;Mittel;neu;1,00;41,95;79,50;;12;0,00;1961,80;2026-09-21;https://www.vodafone.de/privat/handys/google-pixel-11.html;google-pixel-11-256gb-hibiscus
Bündel;Pixel 11;256;Vodafone;netzbetreiber;Mobil XS;Klein;neu;1,00;31,95;26,50;;36;0,00;1721,80;2026-09-16;https://www.vodafone.de/privat/handys/google-pixel-11.html;google-pixel-11-256gb-hibiscus
Bündel;Pixel 11;256;Vodafone;netzbetreiber;Mobil M;Mittel;neu;1,00;51,95;39,75;;24;0,00;2201,80;2026-09-16;https://www.vodafone.de/privat/handys/google-pixel-11.html;google-pixel-11-256gb-pistachio
Bündel;Pixel 11;256;Vodafone;netzbetreiber;Mobil S;Mittel;neu;1,00;41,95;79,50;;12;0,00;1961,80;2026-09-21;https://www.vodafone.de/privat/handys/google-pixel-11.html;google-pixel-11-256gb-pistachio
Bündel;Pixel 11;256;Vodafone;netzbetreiber;Mobil XS;Klein;neu;1,00;31,95;21,50;;36;0,00;1541,80;2026-09-06;https://www.vodafone.de/privat/handys/google-pixel-11.html;google-pixel-11-256gb-pistachio
Bündel;Pixel 11;256;Vodafone;netzbetreiber;Mobil M;Mittel;neu;1,00;51,95;39,75;;24;0,00;2201,80;2026-09-21;https://www.vodafone.de/privat/handys/google-pixel-11.html;google-pixel-11-256gb-schwarz
Bündel;Pixel 11;256;Vodafone;netzbetreiber;Mobil S;Mittel;neu;1,00;41,95;79,50;;12;0,00;1961,80;2026-09-21;https://www.vodafone.de/privat/handys/google-pixel-11.html;google-pixel-11-256gb-schwarz
Bündel;Pixel 11;256;Vodafone;netzbetreiber;Mobil XS;Klein;neu;1,00;31,95;26,50;;36;0,00;1721,80;2026-09-15;https://www.vodafone.de/privat/handys/google-pixel-11.html;google-pixel-11-256gb-schwarz
Bündel;Pixel 11;512;Vodafone;netzbetreiber;Mobil M;Mittel;neu;1,00;51,95;45,00;;24;0,00;2327,80;2026-09-16;https://www.vodafone.de/privat/handys/google-pixel-11.html;google-pixel-11-512gb-frost
Bündel;Pixel 11;512;Vodafone;netzbetreiber;Mobil S;Mittel;neu;1,00;41,95;90,00;;12;0,00;2087,80;2026-09-16;https://www.vodafone.de/privat/handys/google-pixel-11.html;google-pixel-11-512gb-frost
Bündel;Pixel 11;512;Vodafone;netzbetreiber;Mobil XS;Klein;neu;1,00;31,95;30,00;;36;0,00;1847,80;2026-09-21;https://www.vodafone.de/privat/handys/google-pixel-11.html;google-pixel-11-512gb-frost
Bündel;Pixel 11;512;Vodafone;netzbetreiber;Mobil M;Mittel;neu;1,00;51,95;45,00;;24;0,00;2327,80;2026-09-21;https://www.vodafone.de/privat/handys/google-pixel-11.html;google-pixel-11-512gb-schwarz
Bündel;Pixel 11;512;Vodafone;netzbetreiber;Mobil S;Mittel;neu;1,00;41,95;90,00;;12;0,00;2087,80;2026-09-15;https://www.vodafone.de/privat/handys/google-pixel-11.html;google-pixel-11-512gb-schwarz
Bündel;Pixel 11;512;Vodafone;netzbetreiber;Mobil XS;Klein;neu;1,00;31,95;30,00;;36;0,00;1847,80;2026-09-21;https://www.vodafone.de/privat/handys/google-pixel-11.html;google-pixel-11-512gb-schwarz
Bündel;Pixel 11 Pro;256;Vodafone;netzbetreiber;Mobil M;Mittel;neu;1,00;51,95;47,25;;24;0,00;2381,80;2026-09-20;https://www.vodafone.de/privat/handys/google-pixel-11-pro.html;google-pixel-11-pro-256gb-canyon
Bündel;Pixel 11 Pro;256;Vodafone;netzbetreiber;Mobil S;Mittel;neu;1,00;41,95;94,50;;12;0,00;2141,80;2026-09-21;https://www.vodafone.de/privat/handys/google-pixel-11-pro.html;google-pixel-11-pro-256gb-canyon
Bündel;Pixel 11 Pro;256;Vodafone;netzbetreiber;Mobil XS;Klein;neu;1,00;31,95;31,50;;36;0,00;1901,80;2026-09-16;https://www.vodafone.de/privat/handys/google-pixel-11-pro.html;google-pixel-11-pro-256gb-canyon
Bündel;Pixel 11 Pro;256;Vodafone;netzbetreiber;Mobil M;Mittel;neu;1,00;51,95;47,25;;24;0,00;2381,80;2026-09-20;https://www.vodafone.de/privat/handys/google-pixel-11-pro.html;google-pixel-11-pro-256gb-fog
Bündel;Pixel 11 Pro;256;Vodafone;netzbetreiber;Mobil S;Mittel;neu;1,00;41,95;94,50;;12;0,00;2141,80;2026-09-21;https://www.vodafone.de/privat/handys/google-pixel-11-pro.html;google-pixel-11-pro-256gb-fog
Bündel;Pixel 11 Pro;256;Vodafone;netzbetreiber;Mobil XS;Klein;neu;1,00;31,95;31,50;;36;0,00;1901,80;2026-09-21;https://www.vodafone.de/privat/handys/google-pixel-11-pro.html;google-pixel-11-pro-256gb-fog
Bündel;Pixel 11 Pro;256;Vodafone;netzbetreiber;Mobil M;Mittel;neu;1,00;51,95;47,25;;24;0,00;2381,80;2026-09-16;https://www.vodafone.de/privat/handys/google-pixel-11-pro.html;google-pixel-11-pro-256gb-olive
Bündel;Pixel 11 Pro;256;Vodafone;netzbetreiber;Mobil S;Mittel;neu;1,00;41,95;94,50;;12;0,00;2141,80;2026-09-20;https://www.vodafone.de/privat/handys/google-pixel-11-pro.html;google-pixel-11-pro-256gb-olive
Bündel;Pixel 11 Pro;256;Vodafone;netzbetreiber;Mobil XS;Klein;neu;1,00;31,95;31,50;;36;0,00;1901,80;2026-09-16;https://www.vodafone.de/privat/handys/google-pixel-11-pro.html;google-pixel-11-pro-256gb-olive
Bündel;Pixel 11 Pro;256;Vodafone;netzbetreiber;Mobil M;Mittel;neu;1,00;51,95;47,25;;24;0,00;2381,80;2026-09-16;https://www.vodafone.de/privat/handys/google-pixel-11-pro.html;google-pixel-11-pro-256gb-schwarz
Bündel;Pixel 11 Pro;256;Vodafone;netzbetreiber;Mobil S;Mittel;neu;1,00;41,95;94,50;;12;0,00;2141,80;2026-09-21;https://www.vodafone.de/privat/handys/google-pixel-11-pro.html;google-pixel-11-pro-256gb-schwarz
Bündel;Pixel 11 Pro;256;Vodafone;netzbetreiber;Mobil XS;Klein;neu;1,00;31,95;31,50;;36;0,00;1901,80;2026-09-21;https://www.vodafone.de/privat/handys/google-pixel-11-pro.html;google-pixel-11-pro-256gb-schwarz
Bündel;Pixel 11 Pro;512;Vodafone;netzbetreiber;Mobil M;Mittel;neu;1,00;51,95;52,50;;24;0,00;2507,80;2026-09-21;https://www.vodafone.de/privat/handys/google-pixel-11-pro.html;google-pixel-11-pro-512gb-canyon
Bündel;Pixel 11 Pro;512;Vodafone;netzbetreiber;Mobil S;Mittel;neu;1,00;41,95;105,00;;12;0,00;2267,80;2026-09-15;https://www.vodafone.de/privat/handys/google-pixel-11-pro.html;google-pixel-11-pro-512gb-canyon
Bündel;Pixel 11 Pro;512;Vodafone;netzbetreiber;Mobil XS;Klein;neu;1,00;31,95;35,00;;36;0,00;2027,80;2026-09-21;https://www.vodafone.de/privat/handys/google-pixel-11-pro.html;google-pixel-11-pro-512gb-canyon
Bündel;Pixel 11 Pro;512;Vodafone;netzbetreiber;Mobil M;Mittel;neu;1,00;51,95;52,50;;24;0,00;2507,80;2026-09-21;https://www.vodafone.de/privat/handys/google-pixel-11-pro.html;google-pixel-11-pro-512gb-fog
Bündel;Pixel 11 Pro;512;Vodafone;netzbetreiber;Mobil S;Mittel;neu;1,00;41,95;105,00;;12;0,00;2267,80;2026-09-20;https://www.vodafone.de/privat/handys/google-pixel-11-pro.html;google-pixel-11-pro-512gb-fog
Bündel;Pixel 11 Pro;512;Vodafone;netzbetreiber;Mobil XS;Klein;neu;1,00;31,95;35,00;;36;0,00;2027,80;2026-09-20;https://www.vodafone.de/privat/handys/google-pixel-11-pro.html;google-pixel-11-pro-512gb-fog
Bündel;Pixel 11 Pro;512;Vodafone;netzbetreiber;Mobil M;Mittel;neu;1,00;51,95;52,50;;24;0,00;2507,80;2026-09-15;https://www.vodafone.de/privat/handys/google-pixel-11-pro.html;google-pixel-11-pro-512gb-olive
Bündel;Pixel 11 Pro;512;Vodafone;netzbetreiber;Mobil S;Mittel;neu;1,00;41,95;105,00;;12;0,00;2267,80;2026-09-21;https://www.vodafone.de/privat/handys/google-pixel-11-pro.html;google-pixel-11-pro-512gb-olive
Bündel;Pixel 11 Pro;512;Vodafone;netzbetreiber;Mobil XS;Klein;neu;1,00;31,95;35,00;;36;0,00;2027,80;2026-09-20;https://www.vodafone.de/privat/handys/google-pixel-11-pro.html;google-pixel-11-pro-512gb-olive
Bündel;Pixel 11 Pro;512;Vodafone;netzbetreiber;Mobil M;Mittel;neu;1,00;51,95;52,50;;24;0,00;2507,80;2026-09-21;https://www.vodafone.de/privat/handys/google-pixel-11-pro.html;google-pixel-11-pro-512gb-schwarz
Bündel;Pixel 11 Pro;512;Vodafone;netzbetreiber;Mobil S;Mittel;neu;1,00;41,95;105,00;;12;0,00;2267,80;2026-09-20;https://www.vodafone.de/privat/handys/google-pixel-11-pro.html;google-pixel-11-pro-512gb-schwarz
Bündel;Pixel 11 Pro;512;Vodafone;netzbetreiber;Mobil XS;Klein;neu;1,00;31,95;35,00;;36;0,00;2027,80;2026-09-21;https://www.vodafone.de/privat/handys/google-pixel-11-pro.html;google-pixel-11-pro-512gb-schwarz
Bündel;Pixel 11 Pro Fold;256;Vodafone;netzbetreiber;Mobil M;Mittel;neu;1,00;51,95;81,75;;24;0,00;3209,80;2026-09-16;https://www.vodafone.de/privat/handys/google-pixel-11-pro-fold.html;google-pixel-11-pro-fold-256gb-schwarz
Bündel;Pixel 11 Pro Fold;256;Vodafone;netzbetreiber;Mobil S;Mittel;neu;1,00;41,95;163,50;;12;0,00;2969,80;2026-09-15;https://www.vodafone.de/privat/handys/google-pixel-11-pro-fold.html;google-pixel-11-pro-fold-256gb-schwarz
Bündel;Pixel 11 Pro Fold;256;Vodafone;netzbetreiber;Mobil XS;Klein;neu;1,00;31,95;54,50;;36;0,00;2729,80;2026-09-16;https://www.vodafone.de/privat/handys/google-pixel-11-pro-fold.html;google-pixel-11-pro-fold-256gb-schwarz
Bündel;Pixel 11 Pro XL;256;Vodafone;netzbetreiber;Mobil M;Mittel;neu;1,00;51,95;53,25;;24;0,00;2525,80;2026-09-20;https://www.vodafone.de/privat/handys/google-pixel-11-pro-xl.html;google-pixel-11-pro-xl-256gb-canyon
Bündel;Pixel 11 Pro XL;256;Vodafone;netzbetreiber;Mobil S;Mittel;neu;1,00;41,95;106,50;;12;0,00;2285,80;2026-09-20;https://www.vodafone.de/privat/handys/google-pixel-11-pro-xl.html;google-pixel-11-pro-xl-256gb-canyon
Bündel;Pixel 11 Pro XL;256;Vodafone;netzbetreiber;Mobil XS;Klein;neu;1,00;31,95;35,50;;36;0,00;2045,80;2026-09-21;https://www.vodafone.de/privat/handys/google-pixel-11-pro-xl.html;google-pixel-11-pro-xl-256gb-canyon
Bündel;Pixel 11 Pro XL;256;Vodafone;netzbetreiber;Mobil M;Mittel;neu;1,00;51,95;53,25;;24;0,00;2525,80;2026-09-20;https://www.vodafone.de/privat/handys/google-pixel-11-pro-xl.html;google-pixel-11-pro-xl-256gb-fog
Bündel;Pixel 11 Pro XL;256;Vodafone;netzbetreiber;Mobil S;Mittel;neu;1,00;41,95;106,50;;12;0,00;2285,80;2026-09-20;https://www.vodafone.de/privat/handys/google-pixel-11-pro-xl.html;google-pixel-11-pro-xl-256gb-fog
Bündel;Pixel 11 Pro XL;256;Vodafone;netzbetreiber;Mobil XS;Klein;neu;1,00;31,95;35,50;;36;0,00;2045,80;2026-09-15;https://www.vodafone.de/privat/handys/google-pixel-11-pro-xl.html;google-pixel-11-pro-xl-256gb-fog
Bündel;Pixel 11 Pro XL;256;Vodafone;netzbetreiber;Mobil M;Mittel;neu;1,00;51,95;53,25;;24;0,00;2525,80;2026-09-20;https://www.vodafone.de/privat/handys/google-pixel-11-pro-xl.html;google-pixel-11-pro-xl-256gb-olive
Bündel;Pixel 11 Pro XL;256;Vodafone;netzbetreiber;Mobil S;Mittel;neu;1,00;41,95;106,50;;12;0,00;2285,80;2026-09-21;https://www.vodafone.de/privat/handys/google-pixel-11-pro-xl.html;google-pixel-11-pro-xl-256gb-olive
Bündel;Pixel 11 Pro XL;256;Vodafone;netzbetreiber;Mobil XS;Klein;neu;1,00;31,95;35,50;;36;0,00;2045,80;2026-09-20;https://www.vodafone.de/privat/handys/google-pixel-11-pro-xl.html;google-pixel-11-pro-xl-256gb-olive
Bündel;Pixel 11 Pro XL;256;Vodafone;netzbetreiber;Mobil M;Mittel;neu;1,00;51,95;53,25;;24;0,00;2525,80;2026-09-16;https://www.vodafone.de/privat/handys/google-pixel-11-pro-xl.html;google-pixel-11-pro-xl-256gb-schwarz
Bündel;Pixel 11 Pro XL;256;Vodafone;netzbetreiber;Mobil S;Mittel;neu;1,00;41,95;106,50;;12;0,00;2285,80;2026-09-21;https://www.vodafone.de/privat/handys/google-pixel-11-pro-xl.html;google-pixel-11-pro-xl-256gb-schwarz
Bündel;Pixel 11 Pro XL;256;Vodafone;netzbetreiber;Mobil XS;Klein;neu;1,00;31,95;35,50;;36;0,00;2045,80;2026-09-21;https://www.vodafone.de/privat/handys/google-pixel-11-pro-xl.html;google-pixel-11-pro-xl-256gb-schwarz
Bündel;Pixel 11 Pro XL;512;Vodafone;netzbetreiber;Mobil M;Mittel;neu;1,00;51,95;58,50;;24;0,00;2651,80;2026-09-20;https://www.vodafone.de/privat/handys/google-pixel-11-pro-xl.html;google-pixel-11-pro-xl-512gb-canyon
Bündel;Pixel 11 Pro XL;512;Vodafone;netzbetreiber;Mobil S;Mittel;neu;1,00;41,95;117,00;;12;0,00;2411,80;2026-09-15;https://www.vodafone.de/privat/handys/google-pixel-11-pro-xl.html;google-pixel-11-pro-xl-512gb-canyon
Bündel;Pixel 11 Pro XL;512;Vodafone;netzbetreiber;Mobil XS;Klein;neu;1,00;31,95;39,00;;36;0,00;2171,80;2026-09-21;https://www.vodafone.de/privat/handys/google-pixel-11-pro-xl.html;google-pixel-11-pro-xl-512gb-canyon
Bündel;Pixel 11 Pro XL;512;Vodafone;netzbetreiber;Mobil M;Mittel;neu;1,00;51,95;58,50;;24;0,00;2651,80;2026-09-21;https://www.vodafone.de/privat/handys/google-pixel-11-pro-xl.html;google-pixel-11-pro-xl-512gb-fog
Bündel;Pixel 11 Pro XL;512;Vodafone;netzbetreiber;Mobil S;Mittel;neu;1,00;41,95;117,00;;12;0,00;2411,80;2026-09-21;https://www.vodafone.de/privat/handys/google-pixel-11-pro-xl.html;google-pixel-11-pro-xl-512gb-fog
Bündel;Pixel 11 Pro XL;512;Vodafone;netzbetreiber;Mobil XS;Klein;neu;1,00;31,95;39,00;;36;0,00;2171,80;2026-09-21;https://www.vodafone.de/privat/handys/google-pixel-11-pro-xl.html;google-pixel-11-pro-xl-512gb-fog
Bündel;Pixel 11 Pro XL;512;Vodafone;netzbetreiber;Mobil M;Mittel;neu;1,00;51,95;58,50;;24;0,00;2651,80;2026-09-20;https://www.vodafone.de/privat/handys/google-pixel-11-pro-xl.html;google-pixel-11-pro-xl-512gb-olive
Bündel;Pixel 11 Pro XL;512;Vodafone;netzbetreiber;Mobil S;Mittel;neu;1,00;41,95;117,00;;12;0,00;2411,80;2026-09-15;https://www.vodafone.de/privat/handys/google-pixel-11-pro-xl.html;google-pixel-11-pro-xl-512gb-olive
Bündel;Pixel 11 Pro XL;512;Vodafone;netzbetreiber;Mobil XS;Klein;neu;1,00;31,95;39,00;;36;0,00;2171,80;2026-09-20;https://www.vodafone.de/privat/handys/google-pixel-11-pro-xl.html;google-pixel-11-pro-xl-512gb-olive
Bündel;Pixel 11 Pro XL;512;Vodafone;netzbetreiber;Mobil M;Mittel;neu;1,00;51,95;58,50;;24;0,00;2651,80;2026-09-20;https://www.vodafone.de/privat/handys/google-pixel-11-pro-xl.html;google-pixel-11-pro-xl-512gb-schwarz
Bündel;Pixel 11 Pro XL;512;Vodafone;netzbetreiber;Mobil S;Mittel;neu;1,00;41,95;117,00;;12;0,00;2411,80;2026-09-20;https://www.vodafone.de/privat/handys/google-pixel-11-pro-xl.html;google-pixel-11-pro-xl-512gb-schwarz
Bündel;Pixel 11 Pro XL;512;Vodafone;netzbetreiber;Mobil XS;Klein;neu;1,00;31,95;39,00;;36;0,00;2171,80;2026-09-21;https://www.vodafone.de/privat/handys/google-pixel-11-pro-xl.html;google-pixel-11-pro-xl-512gb-schwarz
Bündel;Galaxy A17;128;Vodafone;netzbetreiber;Mobil M;Mittel;neu;1,00;51,95;8,25;;24;0,00;1445,80;2026-09-21;https://www.vodafone.de/privat/handys/samsung-galaxy-a17-5g.html;samsung-galaxy-a17-128gb-blau
Bündel;Galaxy A17;128;Vodafone;netzbetreiber;Mobil S;Mittel;neu;1,00;41,95;16,50;;12;0,00;1205,80;2026-09-21;https://www.vodafone.de/privat/handys/samsung-galaxy-a17-5g.html;samsung-galaxy-a17-128gb-blau
Bündel;Galaxy A17;128;Vodafone;netzbetreiber;Mobil XS;Klein;neu;1,00;31,95;5,50;;36;0,00;965,80;2026-09-21;https://www.vodafone.de/privat/handys/samsung-galaxy-a17-5g.html;samsung-galaxy-a17-128gb-blau
Bündel;Galaxy A17;128;Vodafone;netzbetreiber;Mobil M;Mittel;neu;1,00;51,95;8,25;;24;0,00;1445,80;2026-09-21;https://www.vodafone.de/privat/handys/samsung-galaxy-a17-5g.html;samsung-galaxy-a17-128gb-schwarz
Bündel;Galaxy A17;128;Vodafone;netzbetreiber;Mobil S;Mittel;neu;1,00;41,95;16,50;;12;0,00;1205,80;2026-09-21;https://www.vodafone.de/privat/handys/samsung-galaxy-a17-5g.html;samsung-galaxy-a17-128gb-schwarz
Bündel;Galaxy A17;128;Vodafone;netzbetreiber;Mobil XS;Klein;neu;1,00;31,95;5,50;;36;0,00;965,80;2026-09-21;https://www.vodafone.de/privat/handys/samsung-galaxy-a17-5g.html;samsung-galaxy-a17-128gb-schwarz
Bündel;Galaxy A37;128;Vodafone;netzbetreiber;Mobil M;Mittel;neu;1,00;51,95;15,00;;24;0,00;1607,80;2026-09-21;https://www.vodafone.de/privat/handys/samsung-galaxy-a37-5g.html;samsung-galaxy-a37-128gb-awesome-charcoal
Bündel;Galaxy A37;128;Vodafone;netzbetreiber;Mobil S;Mittel;neu;1,00;41,95;30,00;;12;0,00;1367,80;2026-09-16;https://www.vodafone.de/privat/handys/samsung-galaxy-a37-5g.html;samsung-galaxy-a37-128gb-awesome-charcoal
Bündel;Galaxy A37;128;Vodafone;netzbetreiber;Mobil XS;Klein;neu;1,00;31,95;10,00;;36;0,00;1127,80;2026-09-21;https://www.vodafone.de/privat/handys/samsung-galaxy-a37-5g.html;samsung-galaxy-a37-128gb-awesome-charcoal
Bündel;Galaxy A57;256;Vodafone;netzbetreiber;Mobil M;Mittel;neu;1,00;51,95;18,00;;24;0,00;1679,80;2026-09-21;https://www.vodafone.de/privat/handys/samsung-galaxy-a57-5g.html;samsung-galaxy-a57-256gb-awesome-gray
Bündel;Galaxy A57;256;Vodafone;netzbetreiber;Mobil S;Mittel;neu;1,00;41,95;36,00;;12;0,00;1439,80;2026-09-20;https://www.vodafone.de/privat/handys/samsung-galaxy-a57-5g.html;samsung-galaxy-a57-256gb-awesome-gray
Bündel;Galaxy A57;256;Vodafone;netzbetreiber;Mobil XS;Klein;neu;1,00;31,95;12,00;;36;0,00;1199,80;2026-09-21;https://www.vodafone.de/privat/handys/samsung-galaxy-a57-5g.html;samsung-galaxy-a57-256gb-awesome-gray
Bündel;Galaxy A57;256;Vodafone;netzbetreiber;Mobil M;Mittel;neu;1,00;51,95;18,00;;24;0,00;1679,80;2026-09-21;https://www.vodafone.de/privat/handys/samsung-galaxy-a57-5g.html;samsung-galaxy-a57-256gb-awesome-navy
Bündel;Galaxy A57;256;Vodafone;netzbetreiber;Mobil S;Mittel;neu;1,00;41,95;36,00;;12;0,00;1439,80;2026-09-20;https://www.vodafone.de/privat/handys/samsung-galaxy-a57-5g.html;samsung-galaxy-a57-256gb-awesome-navy
Bündel;Galaxy A57;256;Vodafone;netzbetreiber;Mobil XS;Klein;neu;1,00;31,95;12,00;;36;0,00;1199,80;2026-09-21;https://www.vodafone.de/privat/handys/samsung-galaxy-a57-5g.html;samsung-galaxy-a57-256gb-awesome-navy
Bündel;Galaxy S25;128;Vodafone;netzbetreiber;Mobil M;Mittel;neu;0,99;51,95;31,50;;24;0,00;2003,79;2026-09-16;https://www.vodafone.de/privat/handys/samsung-galaxy-s25.html;samsung-galaxy-s25-128gb-blau
Bündel;Galaxy S25;128;Vodafone;netzbetreiber;Mobil S;Mittel;neu;0,99;41,95;63,00;;12;0,00;1763,79;2026-09-21;https://www.vodafone.de/privat/handys/samsung-galaxy-s25.html;samsung-galaxy-s25-128gb-blau
Bündel;Galaxy S25;128;Vodafone;netzbetreiber;Mobil XS;Klein;neu;0,99;31,95;21,00;;36;0,00;1523,79;2026-09-21;https://www.vodafone.de/privat/handys/samsung-galaxy-s25.html;samsung-galaxy-s25-128gb-blau
Bündel;Galaxy S25 FE;128;Vodafone;netzbetreiber;Mobil M;Mittel;neu;1,00;51,95;27,75;;24;0,00;1913,80;2026-09-21;https://www.vodafone.de/privat/handys/samsung-galaxy-s25-fe.html;samsung-galaxy-s25-fe-128gb-blau
Bündel;Galaxy S25 FE;128;Vodafone;netzbetreiber;Mobil S;Mittel;neu;1,00;41,95;55,50;;12;0,00;1673,80;2026-09-21;https://www.vodafone.de/privat/handys/samsung-galaxy-s25-fe.html;samsung-galaxy-s25-fe-128gb-blau
Bündel;Galaxy S25 FE;128;Vodafone;netzbetreiber;Mobil XS;Klein;neu;1,00;31,95;18,50;;36;0,00;1433,80;2026-09-16;https://www.vodafone.de/privat/handys/samsung-galaxy-s25-fe.html;samsung-galaxy-s25-fe-128gb-blau
Bündel;Galaxy S25 FE;128;Vodafone;netzbetreiber;Mobil M;Mittel;neu;1,00;51,95;27,75;;24;0,00;1913,80;2026-09-21;https://www.vodafone.de/privat/handys/samsung-galaxy-s25-fe.html;samsung-galaxy-s25-fe-128gb-jetblack
Bündel;Galaxy S25 FE;128;Vodafone;netzbetreiber;Mobil S;Mittel;neu;1,00;41,95;55,50;;12;0,00;1673,80;2026-09-21;https://www.vodafone.de/privat/handys/samsung-galaxy-s25-fe.html;samsung-galaxy-s25-fe-128gb-jetblack
Bündel;Galaxy S25 FE;128;Vodafone;netzbetreiber;Mobil XS;Klein;neu;1,00;31,95;18,50;;36;0,00;1433,80;2026-09-21;https://www.vodafone.de/privat/handys/samsung-galaxy-s25-fe.html;samsung-galaxy-s25-fe-128gb-jetblack
Bündel;Galaxy S26;256;Vodafone;netzbetreiber;Mobil M;Mittel;neu;1,00;51,95;38,25;;24;0,00;2165,80;2026-09-21;https://www.vodafone.de/privat/handys/samsung-galaxy-s26.html;samsung-galaxy-s26-256gb-cobalt-violet
Bündel;Galaxy S26;256;Vodafone;netzbetreiber;Mobil S;Mittel;neu;1,00;41,95;76,50;;12;0,00;1925,80;2026-09-20;https://www.vodafone.de/privat/handys/samsung-galaxy-s26.html;samsung-galaxy-s26-256gb-cobalt-violet
Bündel;Galaxy S26;256;Vodafone;netzbetreiber;Mobil XS;Klein;neu;1,00;31,95;25,50;;36;0,00;1685,80;2026-09-21;https://www.vodafone.de/privat/handys/samsung-galaxy-s26.html;samsung-galaxy-s26-256gb-cobalt-violet
Bündel;Galaxy S26;256;Vodafone;netzbetreiber;Mobil M;Mittel;neu;1,00;51,95;38,25;;24;0,00;2165,80;2026-09-11;https://www.vodafone.de/privat/handys/samsung-galaxy-s26.html;samsung-galaxy-s26-256gb-schwarz
Bündel;Galaxy S26;256;Vodafone;netzbetreiber;Mobil S;Mittel;neu;1,00;41,95;76,50;;12;0,00;1925,80;2026-09-21;https://www.vodafone.de/privat/handys/samsung-galaxy-s26.html;samsung-galaxy-s26-256gb-schwarz
Bündel;Galaxy S26;256;Vodafone;netzbetreiber;Mobil XS;Klein;neu;1,00;31,95;25,50;;36;0,00;1685,80;2026-09-21;https://www.vodafone.de/privat/handys/samsung-galaxy-s26.html;samsung-galaxy-s26-256gb-schwarz
Bündel;Galaxy S26;256;Vodafone;netzbetreiber;Mobil M;Mittel;neu;1,00;51,95;38,25;;24;0,00;2165,80;2026-09-21;https://www.vodafone.de/privat/handys/samsung-galaxy-s26.html;samsung-galaxy-s26-256gb-sky-blue
Bündel;Galaxy S26;256;Vodafone;netzbetreiber;Mobil S;Mittel;neu;1,00;41,95;76,50;;12;0,00;1925,80;2026-09-21;https://www.vodafone.de/privat/handys/samsung-galaxy-s26.html;samsung-galaxy-s26-256gb-sky-blue
Bündel;Galaxy S26;256;Vodafone;netzbetreiber;Mobil XS;Klein;neu;1,00;31,95;25,50;;36;0,00;1685,80;2026-09-21;https://www.vodafone.de/privat/handys/samsung-galaxy-s26.html;samsung-galaxy-s26-256gb-sky-blue
Bündel;Galaxy S26;256;Vodafone;netzbetreiber;Mobil M;Mittel;neu;1,00;51,95;38,25;;24;0,00;2165,80;2026-09-21;https://www.vodafone.de/privat/handys/samsung-galaxy-s26.html;samsung-galaxy-s26-256gb-weiss
Bündel;Galaxy S26;256;Vodafone;netzbetreiber;Mobil S;Mittel;neu;1,00;41,95;76,50;;12;0,00;1925,80;2026-09-21;https://www.vodafone.de/privat/handys/samsung-galaxy-s26.html;samsung-galaxy-s26-256gb-weiss
Bündel;Galaxy S26;256;Vodafone;netzbetreiber;Mobil XS;Klein;neu;1,00;31,95;25,50;;36;0,00;1685,80;2026-09-16;https://www.vodafone.de/privat/handys/samsung-galaxy-s26.html;samsung-galaxy-s26-256gb-weiss
Bündel;Galaxy S26;512;Vodafone;netzbetreiber;Mobil M;Mittel;neu;1,00;51,95;45,75;;24;0,00;2345,80;2026-09-15;https://www.vodafone.de/privat/handys/samsung-galaxy-s26.html;samsung-galaxy-s26-512gb-cobalt-violet
Bündel;Galaxy S26;512;Vodafone;netzbetreiber;Mobil S;Mittel;neu;1,00;41,95;91,50;;12;0,00;2105,80;2026-09-20;https://www.vodafone.de/privat/handys/samsung-galaxy-s26.html;samsung-galaxy-s26-512gb-cobalt-violet
Bündel;Galaxy S26;512;Vodafone;netzbetreiber;Mobil XS;Klein;neu;1,00;31,95;30,50;;36;0,00;1865,80;2026-09-21;https://www.vodafone.de/privat/handys/samsung-galaxy-s26.html;samsung-galaxy-s26-512gb-cobalt-violet
Bündel;Galaxy S26;512;Vodafone;netzbetreiber;Mobil M;Mittel;neu;1,00;51,95;45,75;;24;0,00;2345,80;2026-09-21;https://www.vodafone.de/privat/handys/samsung-galaxy-s26.html;samsung-galaxy-s26-512gb-schwarz
Bündel;Galaxy S26;512;Vodafone;netzbetreiber;Mobil S;Mittel;neu;1,00;41,95;91,50;;12;0,00;2105,80;2026-09-21;https://www.vodafone.de/privat/handys/samsung-galaxy-s26.html;samsung-galaxy-s26-512gb-schwarz
Bündel;Galaxy S26;512;Vodafone;netzbetreiber;Mobil XS;Klein;neu;1,00;31,95;30,50;;36;0,00;1865,80;2026-09-20;https://www.vodafone.de/privat/handys/samsung-galaxy-s26.html;samsung-galaxy-s26-512gb-schwarz
Bündel;Galaxy S26;512;Vodafone;netzbetreiber;Mobil S;Mittel;neu;1,00;41,95;91,50;;12;0,00;2105,80;2026-09-21;https://www.vodafone.de/privat/handys/samsung-galaxy-s26.html;samsung-galaxy-s26-512gb-sky-blue
Bündel;Galaxy S26;512;Vodafone;netzbetreiber;Mobil XS;Klein;neu;1,00;31,95;30,50;;36;0,00;1865,80;2026-09-20;https://www.vodafone.de/privat/handys/samsung-galaxy-s26.html;samsung-galaxy-s26-512gb-sky-blue
Bündel;Galaxy S26;512;Vodafone;netzbetreiber;Mobil M;Mittel;neu;1,00;51,95;45,75;;24;0,00;2345,80;2026-09-21;https://www.vodafone.de/privat/handys/samsung-galaxy-s26.html;samsung-galaxy-s26-512gb-weiss
Bündel;Galaxy S26;512;Vodafone;netzbetreiber;Mobil S;Mittel;neu;1,00;41,95;91,50;;12;0,00;2105,80;2026-09-21;https://www.vodafone.de/privat/handys/samsung-galaxy-s26.html;samsung-galaxy-s26-512gb-weiss
Bündel;Galaxy S26;512;Vodafone;netzbetreiber;Mobil XS;Klein;neu;1,00;31,95;30,50;;36;0,00;1865,80;2026-09-21;https://www.vodafone.de/privat/handys/samsung-galaxy-s26.html;samsung-galaxy-s26-512gb-weiss
Bündel;Galaxy S26 FE;128;Vodafone;netzbetreiber;Mobil M;Mittel;neu;1,00;51,95;28,50;;24;0,00;1931,80;2026-09-21;https://www.vodafone.de/privat/handys/samsung-galaxy-s26-fe.html;samsung-galaxy-s26-fe-128gb-grau
Bündel;Galaxy S26 FE;128;Vodafone;netzbetreiber;Mobil S;Mittel;neu;1,00;41,95;57,00;;12;0,00;1691,80;2026-09-20;https://www.vodafone.de/privat/handys/samsung-galaxy-s26-fe.html;samsung-galaxy-s26-fe-128gb-grau
Bündel;Galaxy S26 FE;128;Vodafone;netzbetreiber;Mobil XS;Klein;neu;1,00;31,95;19,00;;36;0,00;1451,80;2026-09-20;https://www.vodafone.de/privat/handys/samsung-galaxy-s26-fe.html;samsung-galaxy-s26-fe-128gb-grau
Bündel;Galaxy S26 FE;128;Vodafone;netzbetreiber;Mobil M;Mittel;neu;1,00;51,95;28,50;;24;0,00;1931,80;2026-09-21;https://www.vodafone.de/privat/handys/samsung-galaxy-s26-fe.html;samsung-galaxy-s26-fe-128gb-pistachio
Bündel;Galaxy S26 FE;128;Vodafone;netzbetreiber;Mobil S;Mittel;neu;1,00;41,95;57,00;;12;0,00;1691,80;2026-09-11;https://www.vodafone.de/privat/handys/samsung-galaxy-s26-fe.html;samsung-galaxy-s26-fe-128gb-pistachio
Bündel;Galaxy S26 FE;128;Vodafone;netzbetreiber;Mobil XS;Klein;neu;1,00;31,95;19,00;;36;0,00;1451,80;2026-09-16;https://www.vodafone.de/privat/handys/samsung-galaxy-s26-fe.html;samsung-galaxy-s26-fe-128gb-pistachio
Bündel;Galaxy S26 FE;256;Vodafone;netzbetreiber;Mobil M;Mittel;neu;1,00;51,95;32,25;;24;0,00;2021,80;2026-09-16;https://www.vodafone.de/privat/handys/samsung-galaxy-s26-fe.html;samsung-galaxy-s26-fe-256gb-grau
Bündel;Galaxy S26 FE;256;Vodafone;netzbetreiber;Mobil S;Mittel;neu;1,00;41,95;64,50;;12;0,00;1781,80;2026-09-21;https://www.vodafone.de/privat/handys/samsung-galaxy-s26-fe.html;samsung-galaxy-s26-fe-256gb-grau
Bündel;Galaxy S26 FE;256;Vodafone;netzbetreiber;Mobil XS;Klein;neu;1,00;31,95;21,50;;36;0,00;1541,80;2026-09-21;https://www.vodafone.de/privat/handys/samsung-galaxy-s26-fe.html;samsung-galaxy-s26-fe-256gb-grau
Bündel;Galaxy S26 FE;256;Vodafone;netzbetreiber;Mobil M;Mittel;neu;1,00;51,95;32,25;;24;0,00;2021,80;2026-09-21;https://www.vodafone.de/privat/handys/samsung-galaxy-s26-fe.html;samsung-galaxy-s26-fe-256gb-pistachio
Bündel;Galaxy S26 FE;256;Vodafone;netzbetreiber;Mobil XS;Klein;neu;1,00;31,95;21,50;;36;0,00;1541,80;2026-09-15;https://www.vodafone.de/privat/handys/samsung-galaxy-s26-fe.html;samsung-galaxy-s26-fe-256gb-pistachio
Bündel;Galaxy S26 Plus;256;Vodafone;netzbetreiber;Mobil M;Mittel;neu;1,00;51,95;45,75;;24;0,00;2345,80;2026-09-16;https://www.vodafone.de/privat/handys/samsung-galaxy-s26-plus.html;samsung-galaxy-s26-plus-256gb-cobalt-violet
Bündel;Galaxy S26 Plus;256;Vodafone;netzbetreiber;Mobil S;Mittel;neu;1,00;41,95;91,50;;12;0,00;2105,80;2026-09-20;https://www.vodafone.de/privat/handys/samsung-galaxy-s26-plus.html;samsung-galaxy-s26-plus-256gb-cobalt-violet
Bündel;Galaxy S26 Plus;256;Vodafone;netzbetreiber;Mobil XS;Klein;neu;1,00;31,95;30,50;;36;0,00;1865,80;2026-09-15;https://www.vodafone.de/privat/handys/samsung-galaxy-s26-plus.html;samsung-galaxy-s26-plus-256gb-cobalt-violet
Bündel;Galaxy S26 Plus;256;Vodafone;netzbetreiber;Mobil M;Mittel;neu;1,00;51,95;45,75;;24;0,00;2345,80;2026-09-21;https://www.vodafone.de/privat/handys/samsung-galaxy-s26-plus.html;samsung-galaxy-s26-plus-256gb-schwarz
Bündel;Galaxy S26 Plus;256;Vodafone;netzbetreiber;Mobil S;Mittel;neu;1,00;41,95;91,50;;12;0,00;2105,80;2026-09-21;https://www.vodafone.de/privat/handys/samsung-galaxy-s26-plus.html;samsung-galaxy-s26-plus-256gb-schwarz
Bündel;Galaxy S26 Plus;256;Vodafone;netzbetreiber;Mobil XS;Klein;neu;1,00;31,95;30,50;;36;0,00;1865,80;2026-09-20;https://www.vodafone.de/privat/handys/samsung-galaxy-s26-plus.html;samsung-galaxy-s26-plus-256gb-schwarz
Bündel;Galaxy S26 Plus;256;Vodafone;netzbetreiber;Mobil M;Mittel;neu;1,00;51,95;45,75;;24;0,00;2345,80;2026-09-21;https://www.vodafone.de/privat/handys/samsung-galaxy-s26-plus.html;samsung-galaxy-s26-plus-256gb-sky-blue
Bündel;Galaxy S26 Plus;256;Vodafone;netzbetreiber;Mobil S;Mittel;neu;1,00;41,95;91,50;;12;0,00;2105,80;2026-09-16;https://www.vodafone.de/privat/handys/samsung-galaxy-s26-plus.html;samsung-galaxy-s26-plus-256gb-sky-blue
Bündel;Galaxy S26 Plus;256;Vodafone;netzbetreiber;Mobil XS;Klein;neu;1,00;31,95;30,50;;36;0,00;1865,80;2026-09-16;https://www.vodafone.de/privat/handys/samsung-galaxy-s26-plus.html;samsung-galaxy-s26-plus-256gb-sky-blue
Bündel;Galaxy S26 Plus;256;Vodafone;netzbetreiber;Mobil M;Mittel;neu;1,00;51,95;45,75;;24;0,00;2345,80;2026-09-21;https://www.vodafone.de/privat/handys/samsung-galaxy-s26-plus.html;samsung-galaxy-s26-plus-256gb-weiss
Bündel;Galaxy S26 Plus;256;Vodafone;netzbetreiber;Mobil S;Mittel;neu;1,00;41,95;91,50;;12;0,00;2105,80;2026-09-21;https://www.vodafone.de/privat/handys/samsung-galaxy-s26-plus.html;samsung-galaxy-s26-plus-256gb-weiss
Bündel;Galaxy S26 Plus;256;Vodafone;netzbetreiber;Mobil XS;Klein;neu;1,00;31,95;30,50;;36;0,00;1865,80;2026-09-21;https://www.vodafone.de/privat/handys/samsung-galaxy-s26-plus.html;samsung-galaxy-s26-plus-256gb-weiss
Bündel;Galaxy S26 Plus;512;Vodafone;netzbetreiber;Mobil M;Mittel;neu;1,00;51,95;53,25;;24;0,00;2525,80;2026-09-06;https://www.vodafone.de/privat/handys/samsung-galaxy-s26-plus.html;samsung-galaxy-s26-plus-512gb-schwarz
Bündel;Galaxy S26 Plus;512;Vodafone;netzbetreiber;Mobil M;Mittel;neu;1,00;51,95;53,25;;24;0,00;2525,80;2026-09-21;https://www.vodafone.de/privat/handys/samsung-galaxy-s26-plus.html;samsung-galaxy-s26-plus-512gb-sky-blue
Bündel;Galaxy S26 Plus;512;Vodafone;netzbetreiber;Mobil S;Mittel;neu;1,00;41,95;106,50;;12;0,00;2285,80;2026-09-21;https://www.vodafone.de/privat/handys/samsung-galaxy-s26-plus.html;samsung-galaxy-s26-plus-512gb-sky-blue
Bündel;Galaxy S26 Plus;512;Vodafone;netzbetreiber;Mobil XS;Klein;neu;1,00;31,95;35,50;;36;0,00;2045,80;2026-09-20;https://www.vodafone.de/privat/handys/samsung-galaxy-s26-plus.html;samsung-galaxy-s26-plus-512gb-sky-blue
Bündel;Galaxy S26 Plus;512;Vodafone;netzbetreiber;Mobil M;Mittel;neu;1,00;51,95;53,25;;24;0,00;2525,80;2026-09-16;https://www.vodafone.de/privat/handys/samsung-galaxy-s26-plus.html;samsung-galaxy-s26-plus-512gb-weiss
Bündel;Galaxy S26 Plus;512;Vodafone;netzbetreiber;Mobil S;Mittel;neu;1,00;41,95;106,50;;12;0,00;2285,80;2026-09-06;https://www.vodafone.de/privat/handys/samsung-galaxy-s26-plus.html;samsung-galaxy-s26-plus-512gb-weiss
Bündel;Galaxy S26 Plus;512;Vodafone;netzbetreiber;Mobil XS;Klein;neu;1,00;31,95;35,50;;36;0,00;2045,80;2026-09-20;https://www.vodafone.de/privat/handys/samsung-galaxy-s26-plus.html;samsung-galaxy-s26-plus-512gb-weiss
Bündel;Galaxy S26 Ultra;1024;Vodafone;netzbetreiber;Mobil M;Mittel;neu;0,99;51,95;67,50;;24;0,00;2867,79;2026-09-21;https://www.vodafone.de/privat/handys/samsung-galaxy-s26-ultra.html;samsung-galaxy-s26-ultra-1024gb-schwarz
Bündel;Galaxy S26 Ultra;1024;Vodafone;netzbetreiber;Mobil S;Mittel;neu;0,99;41,95;135,00;;12;0,00;2627,79;2026-09-21;https://www.vodafone.de/privat/handys/samsung-galaxy-s26-ultra.html;samsung-galaxy-s26-ultra-1024gb-schwarz
Bündel;Galaxy S26 Ultra;1024;Vodafone;netzbetreiber;Mobil XS;Klein;neu;0,99;31,95;45,00;;36;0,00;2387,79;2026-09-21;https://www.vodafone.de/privat/handys/samsung-galaxy-s26-ultra.html;samsung-galaxy-s26-ultra-1024gb-schwarz
Bündel;Galaxy S26 Ultra;256;Vodafone;netzbetreiber;Mobil M;Mittel;neu;1,00;51,95;48,75;;24;0,00;2417,80;2026-09-21;https://www.vodafone.de/privat/handys/samsung-galaxy-s26-ultra.html;samsung-galaxy-s26-ultra-256gb-cobalt-violet
Bündel;Galaxy S26 Ultra;256;Vodafone;netzbetreiber;Mobil S;Mittel;neu;1,00;41,95;97,50;;12;0,00;2177,80;2026-09-20;https://www.vodafone.de/privat/handys/samsung-galaxy-s26-ultra.html;samsung-galaxy-s26-ultra-256gb-cobalt-violet
Bündel;Galaxy S26 Ultra;256;Vodafone;netzbetreiber;Mobil XS;Klein;neu;1,00;31,95;32,50;;36;0,00;1937,80;2026-09-21;https://www.vodafone.de/privat/handys/samsung-galaxy-s26-ultra.html;samsung-galaxy-s26-ultra-256gb-cobalt-violet
Bündel;Galaxy S26 Ultra;256;Vodafone;netzbetreiber;Mobil S;Mittel;neu;1,00;41,95;97,50;;12;0,00;2177,80;2026-09-21;https://www.vodafone.de/privat/handys/samsung-galaxy-s26-ultra.html;samsung-galaxy-s26-ultra-256gb-schwarz
Bündel;Galaxy S26 Ultra;256;Vodafone;netzbetreiber;Mobil XS;Klein;neu;1,00;31,95;32,50;;36;0,00;1937,80;2026-09-20;https://www.vodafone.de/privat/handys/samsung-galaxy-s26-ultra.html;samsung-galaxy-s26-ultra-256gb-schwarz
Bündel;Galaxy S26 Ultra;256;Vodafone;netzbetreiber;Mobil M;Mittel;neu;1,00;51,95;48,75;;24;0,00;2417,80;2026-09-21;https://www.vodafone.de/privat/handys/samsung-galaxy-s26-ultra.html;samsung-galaxy-s26-ultra-256gb-sky-blue
Bündel;Galaxy S26 Ultra;256;Vodafone;netzbetreiber;Mobil S;Mittel;neu;1,00;41,95;97,50;;12;0,00;2177,80;2026-09-16;https://www.vodafone.de/privat/handys/samsung-galaxy-s26-ultra.html;samsung-galaxy-s26-ultra-256gb-sky-blue
Bündel;Galaxy S26 Ultra;256;Vodafone;netzbetreiber;Mobil M;Mittel;neu;1,00;51,95;48,75;;24;0,00;2417,80;2026-09-21;https://www.vodafone.de/privat/handys/samsung-galaxy-s26-ultra.html;samsung-galaxy-s26-ultra-256gb-weiss
Bündel;Galaxy S26 Ultra;256;Vodafone;netzbetreiber;Mobil XS;Klein;neu;1,00;31,95;32,50;;36;0,00;1937,80;2026-09-21;https://www.vodafone.de/privat/handys/samsung-galaxy-s26-ultra.html;samsung-galaxy-s26-ultra-256gb-weiss
Bündel;Galaxy S26 Ultra;512;Vodafone;netzbetreiber;Mobil M;Mittel;neu;1,00;51,95;56,25;;24;0,00;2597,80;2026-09-21;https://www.vodafone.de/privat/handys/samsung-galaxy-s26-ultra.html;samsung-galaxy-s26-ultra-512gb-cobalt-violet
Bündel;Galaxy S26 Ultra;512;Vodafone;netzbetreiber;Mobil S;Mittel;neu;1,00;41,95;112,50;;12;0,00;2357,80;2026-09-21;https://www.vodafone.de/privat/handys/samsung-galaxy-s26-ultra.html;samsung-galaxy-s26-ultra-512gb-cobalt-violet
Bündel;Galaxy S26 Ultra;512;Vodafone;netzbetreiber;Mobil XS;Klein;neu;1,00;31,95;37,50;;36;0,00;2117,80;2026-09-20;https://www.vodafone.de/privat/handys/samsung-galaxy-s26-ultra.html;samsung-galaxy-s26-ultra-512gb-cobalt-violet
Bündel;Galaxy S26 Ultra;512;Vodafone;netzbetreiber;Mobil M;Mittel;neu;1,00;51,95;56,25;;24;0,00;2597,80;2026-09-21;https://www.vodafone.de/privat/handys/samsung-galaxy-s26-ultra.html;samsung-galaxy-s26-ultra-512gb-schwarz
Bündel;Galaxy S26 Ultra;512;Vodafone;netzbetreiber;Mobil S;Mittel;neu;1,00;41,95;112,50;;12;0,00;2357,80;2026-09-16;https://www.vodafone.de/privat/handys/samsung-galaxy-s26-ultra.html;samsung-galaxy-s26-ultra-512gb-schwarz
Bündel;Galaxy S26 Ultra;512;Vodafone;netzbetreiber;Mobil XS;Klein;neu;1,00;31,95;37,50;;36;0,00;2117,80;2026-09-20;https://www.vodafone.de/privat/handys/samsung-galaxy-s26-ultra.html;samsung-galaxy-s26-ultra-512gb-schwarz
Bündel;Galaxy S26 Ultra;512;Vodafone;netzbetreiber;Mobil M;Mittel;neu;1,00;51,95;56,25;;24;0,00;2597,80;2026-09-11;https://www.vodafone.de/privat/handys/samsung-galaxy-s26-ultra.html;samsung-galaxy-s26-ultra-512gb-sky-blue
Bündel;Galaxy S26 Ultra;512;Vodafone;netzbetreiber;Mobil XS;Klein;neu;1,00;31,95;37,50;;36;0,00;2117,80;2026-09-21;https://www.vodafone.de/privat/handys/samsung-galaxy-s26-ultra.html;samsung-galaxy-s26-ultra-512gb-sky-blue
Bündel;Galaxy S26 Ultra;512;Vodafone;netzbetreiber;Mobil M;Mittel;neu;1,00;51,95;56,25;;24;0,00;2597,80;2026-09-21;https://www.vodafone.de/privat/handys/samsung-galaxy-s26-ultra.html;samsung-galaxy-s26-ultra-512gb-weiss
Bündel;Galaxy S26 Ultra;512;Vodafone;netzbetreiber;Mobil S;Mittel;neu;1,00;41,95;112,50;;12;0,00;2357,80;2026-09-16;https://www.vodafone.de/privat/handys/samsung-galaxy-s26-ultra.html;samsung-galaxy-s26-ultra-512gb-weiss
Bündel;Galaxy S26 Ultra;512;Vodafone;netzbetreiber;Mobil XS;Klein;neu;1,00;31,95;37,50;;36;0,00;2117,80;2026-09-16;https://www.vodafone.de/privat/handys/samsung-galaxy-s26-ultra.html;samsung-galaxy-s26-ultra-512gb-weiss
Bündel;Galaxy Z Flip 7;256;Vodafone;netzbetreiber;Mobil M;Mittel;neu;1,00;51,95;44,25;;24;0,00;2309,80;2026-09-21;https://www.vodafone.de/privat/handys/samsung-galaxy-z-flip7.html;samsung-galaxy-z-flip-7-256gb-jetblack
Bündel;Galaxy Z Flip 7;256;Vodafone;netzbetreiber;Mobil S;Mittel;neu;1,00;41,95;88,50;;12;0,00;2069,80;2026-09-21;https://www.vodafone.de/privat/handys/samsung-galaxy-z-flip7.html;samsung-galaxy-z-flip-7-256gb-jetblack
Bündel;Galaxy Z Flip 7;256;Vodafone;netzbetreiber;Mobil XS;Klein;neu;1,00;31,95;29,50;;36;0,00;1829,80;2026-09-21;https://www.vodafone.de/privat/handys/samsung-galaxy-z-flip7.html;samsung-galaxy-z-flip-7-256gb-jetblack
Bündel;Galaxy Z Flip8;256;Vodafone;netzbetreiber;Mobil M;Mittel;neu;1,00;51,95;45,75;;24;0,00;2345,80;2026-09-15;https://www.vodafone.de/privat/handys/samsung-galaxy-z-flip8.html;samsung-galaxy-z-flip8-256gb-cream
Bündel;Galaxy Z Flip8;256;Vodafone;netzbetreiber;Mobil S;Mittel;neu;1,00;41,95;91,50;;12;0,00;2105,80;2026-09-21;https://www.vodafone.de/privat/handys/samsung-galaxy-z-flip8.html;samsung-galaxy-z-flip8-256gb-cream
Bündel;Galaxy Z Flip8;256;Vodafone;netzbetreiber;Mobil XS;Klein;neu;1,00;31,95;30,50;;36;0,00;1865,80;2026-09-16;https://www.vodafone.de/privat/handys/samsung-galaxy-z-flip8.html;samsung-galaxy-z-flip8-256gb-cream
Bündel;Galaxy Z Flip8;256;Vodafone;netzbetreiber;Mobil M;Mittel;neu;1,00;51,95;45,75;;24;0,00;2345,80;2026-09-21;https://www.vodafone.de/privat/handys/samsung-galaxy-z-flip8.html;samsung-galaxy-z-flip8-256gb-grau
Bündel;Galaxy Z Flip8;256;Vodafone;netzbetreiber;Mobil S;Mittel;neu;1,00;41,95;91,50;;12;0,00;2105,80;2026-09-21;https://www.vodafone.de/privat/handys/samsung-galaxy-z-flip8.html;samsung-galaxy-z-flip8-256gb-grau
Bündel;Galaxy Z Flip8;256;Vodafone;netzbetreiber;Mobil XS;Klein;neu;1,00;31,95;30,50;;36;0,00;1865,80;2026-09-21;https://www.vodafone.de/privat/handys/samsung-galaxy-z-flip8.html;samsung-galaxy-z-flip8-256gb-grau
Bündel;Galaxy Z Flip8;256;Vodafone;netzbetreiber;Mobil M;Mittel;neu;1,00;51,95;45,75;;24;0,00;2345,80;2026-09-16;https://www.vodafone.de/privat/handys/samsung-galaxy-z-flip8.html;samsung-galaxy-z-flip8-256gb-rosa
Bündel;Galaxy Z Flip8;256;Vodafone;netzbetreiber;Mobil S;Mittel;neu;1,00;41,95;91,50;;12;0,00;2105,80;2026-09-21;https://www.vodafone.de/privat/handys/samsung-galaxy-z-flip8.html;samsung-galaxy-z-flip8-256gb-rosa
Bündel;Galaxy Z Flip8;256;Vodafone;netzbetreiber;Mobil XS;Klein;neu;1,00;31,95;30,50;;36;0,00;1865,80;2026-09-21;https://www.vodafone.de/privat/handys/samsung-galaxy-z-flip8.html;samsung-galaxy-z-flip8-256gb-rosa
Bündel;Galaxy Z Flip8;512;Vodafone;netzbetreiber;Mobil M;Mittel;neu;1,00;51,95;54,00;;24;0,00;2543,80;2026-09-21;https://www.vodafone.de/privat/handys/samsung-galaxy-z-flip8.html;samsung-galaxy-z-flip8-512gb-cream
Bündel;Galaxy Z Flip8;512;Vodafone;netzbetreiber;Mobil S;Mittel;neu;1,00;41,95;108,00;;12;0,00;2303,80;2026-09-16;https://www.vodafone.de/privat/handys/samsung-galaxy-z-flip8.html;samsung-galaxy-z-flip8-512gb-cream
Bündel;Galaxy Z Flip8;512;Vodafone;netzbetreiber;Mobil M;Mittel;neu;1,00;51,95;54,00;;24;0,00;2543,80;2026-09-21;https://www.vodafone.de/privat/handys/samsung-galaxy-z-flip8.html;samsung-galaxy-z-flip8-512gb-grau
Bündel;Galaxy Z Flip8;512;Vodafone;netzbetreiber;Mobil S;Mittel;neu;1,00;41,95;108,00;;12;0,00;2303,80;2026-09-21;https://www.vodafone.de/privat/handys/samsung-galaxy-z-flip8.html;samsung-galaxy-z-flip8-512gb-grau
Bündel;Galaxy Z Flip8;512;Vodafone;netzbetreiber;Mobil XS;Klein;neu;1,00;31,95;36,00;;36;0,00;2063,80;2026-09-21;https://www.vodafone.de/privat/handys/samsung-galaxy-z-flip8.html;samsung-galaxy-z-flip8-512gb-grau
Bündel;Galaxy Z Flip8;512;Vodafone;netzbetreiber;Mobil M;Mittel;neu;1,00;51,95;54,00;;24;0,00;2543,80;2026-09-16;https://www.vodafone.de/privat/handys/samsung-galaxy-z-flip8.html;samsung-galaxy-z-flip8-512gb-rosa
Bündel;Galaxy Z Flip8;512;Vodafone;netzbetreiber;Mobil S;Mittel;neu;1,00;41,95;108,00;;12;0,00;2303,80;2026-09-15;https://www.vodafone.de/privat/handys/samsung-galaxy-z-flip8.html;samsung-galaxy-z-flip8-512gb-rosa
Bündel;Galaxy Z Flip8;512;Vodafone;netzbetreiber;Mobil XS;Klein;neu;1,00;31,95;36,00;;36;0,00;2063,80;2026-09-16;https://www.vodafone.de/privat/handys/samsung-galaxy-z-flip8.html;samsung-galaxy-z-flip8-512gb-rosa
Bündel;Galaxy Z Fold 7;256;Vodafone;netzbetreiber;Mobil M;Mittel;neu;1,00;51,95;69,75;;24;0,00;2921,80;2026-09-16;https://www.vodafone.de/privat/handys/samsung-galaxy-z-fold7.html;samsung-galaxy-z-fold-7-256gb-jetblack
Bündel;Galaxy Z Fold 7;256;Vodafone;netzbetreiber;Mobil S;Mittel;neu;1,00;41,95;139,50;;12;0,00;2681,80;2026-09-20;https://www.vodafone.de/privat/handys/samsung-galaxy-z-fold7.html;samsung-galaxy-z-fold-7-256gb-jetblack
Bündel;Galaxy Z Fold 7;256;Vodafone;netzbetreiber;Mobil XS;Klein;neu;1,00;31,95;46,50;;36;0,00;2441,80;2026-09-15;https://www.vodafone.de/privat/handys/samsung-galaxy-z-fold7.html;samsung-galaxy-z-fold-7-256gb-jetblack
Bündel;Galaxy Z Fold8;256;Vodafone;netzbetreiber;Mobil M;Mittel;neu;0,99;51,95;63,75;;24;0,00;2777,79;2026-09-16;https://www.vodafone.de/privat/handys/samsung-galaxy-z-fold8.html;samsung-galaxy-z-fold8-256gb-cream
Bündel;Galaxy Z Fold8;256;Vodafone;netzbetreiber;Mobil S;Mittel;neu;0,99;41,95;127,50;;12;0,00;2537,79;2026-09-21;https://www.vodafone.de/privat/handys/samsung-galaxy-z-fold8.html;samsung-galaxy-z-fold8-256gb-cream
Bündel;Galaxy Z Fold8;256;Vodafone;netzbetreiber;Mobil XS;Klein;neu;0,99;31,95;42,50;;36;0,00;2297,79;2026-09-21;https://www.vodafone.de/privat/handys/samsung-galaxy-z-fold8.html;samsung-galaxy-z-fold8-256gb-cream
Bündel;Galaxy Z Fold8;256;Vodafone;netzbetreiber;Mobil S;Mittel;neu;0,99;41,95;127,50;;12;0,00;2537,79;2026-09-21;https://www.vodafone.de/privat/handys/samsung-galaxy-z-fold8.html;samsung-galaxy-z-fold8-256gb-grau
Bündel;Galaxy Z Fold8;256;Vodafone;netzbetreiber;Mobil XS;Klein;neu;0,99;31,95;42,50;;36;0,00;2297,79;2026-09-21;https://www.vodafone.de/privat/handys/samsung-galaxy-z-fold8.html;samsung-galaxy-z-fold8-256gb-grau
Bündel;Galaxy Z Fold8;256;Vodafone;netzbetreiber;Mobil M;Mittel;neu;0,99;51,95;63,75;;24;0,00;2777,79;2026-09-21;https://www.vodafone.de/privat/handys/samsung-galaxy-z-fold8.html;samsung-galaxy-z-fold8-256gb-violett
Bündel;Galaxy Z Fold8;256;Vodafone;netzbetreiber;Mobil S;Mittel;neu;0,99;41,95;127,50;;12;0,00;2537,79;2026-09-16;https://www.vodafone.de/privat/handys/samsung-galaxy-z-fold8.html;samsung-galaxy-z-fold8-256gb-violett
Bündel;Galaxy Z Fold8;256;Vodafone;netzbetreiber;Mobil XS;Klein;neu;0,99;31,95;42,50;;36;0,00;2297,79;2026-09-20;https://www.vodafone.de/privat/handys/samsung-galaxy-z-fold8.html;samsung-galaxy-z-fold8-256gb-violett
Bündel;Galaxy Z Fold8;512;Vodafone;netzbetreiber;Mobil M;Mittel;neu;1,00;51,95;72,00;;24;0,00;2975,80;2026-09-21;https://www.vodafone.de/privat/handys/samsung-galaxy-z-fold8.html;samsung-galaxy-z-fold8-512gb-cream
Bündel;Galaxy Z Fold8;512;Vodafone;netzbetreiber;Mobil S;Mittel;neu;1,00;41,95;144,00;;12;0,00;2735,80;2026-09-15;https://www.vodafone.de/privat/handys/samsung-galaxy-z-fold8.html;samsung-galaxy-z-fold8-512gb-cream
Bündel;Galaxy Z Fold8;512;Vodafone;netzbetreiber;Mobil XS;Klein;neu;1,00;31,95;48,00;;36;0,00;2495,80;2026-09-21;https://www.vodafone.de/privat/handys/samsung-galaxy-z-fold8.html;samsung-galaxy-z-fold8-512gb-cream
Bündel;Galaxy Z Fold8;512;Vodafone;netzbetreiber;Mobil M;Mittel;neu;1,00;51,95;72,00;;24;0,00;2975,80;2026-09-06;https://www.vodafone.de/privat/handys/samsung-galaxy-z-fold8.html;samsung-galaxy-z-fold8-512gb-grau
Bündel;Galaxy Z Fold8;512;Vodafone;netzbetreiber;Mobil S;Mittel;neu;1,00;41,95;144,00;;12;0,00;2735,80;2026-09-21;https://www.vodafone.de/privat/handys/samsung-galaxy-z-fold8.html;samsung-galaxy-z-fold8-512gb-grau
Bündel;Galaxy Z Fold8;512;Vodafone;netzbetreiber;Mobil XS;Klein;neu;1,00;31,95;48,00;;36;0,00;2495,80;2026-09-16;https://www.vodafone.de/privat/handys/samsung-galaxy-z-fold8.html;samsung-galaxy-z-fold8-512gb-grau
Bündel;Galaxy Z Fold8;512;Vodafone;netzbetreiber;Mobil M;Mittel;neu;1,00;51,95;72,00;;24;0,00;2975,80;2026-09-21;https://www.vodafone.de/privat/handys/samsung-galaxy-z-fold8.html;samsung-galaxy-z-fold8-512gb-violett
Bündel;Galaxy Z Fold8;512;Vodafone;netzbetreiber;Mobil XS;Klein;neu;1,00;31,95;48,00;;36;0,00;2495,80;2026-09-21;https://www.vodafone.de/privat/handys/samsung-galaxy-z-fold8.html;samsung-galaxy-z-fold8-512gb-violett
Bündel;Galaxy Z Fold8 Ultra;256;Vodafone;netzbetreiber;Mobil M;Mittel;neu;1,00;51,95;72,00;;24;0,00;2975,80;2026-09-21;https://www.vodafone.de/privat/handys/samsung-galaxy-z-fold8-ultra.html;samsung-galaxy-z-fold8-ultra-256gb-cream
Bündel;Galaxy Z Fold8 Ultra;256;Vodafone;netzbetreiber;Mobil S;Mittel;neu;1,00;41,95;144,00;;12;0,00;2735,80;2026-09-21;https://www.vodafone.de/privat/handys/samsung-galaxy-z-fold8-ultra.html;samsung-galaxy-z-fold8-ultra-256gb-cream
Bündel;Galaxy Z Fold8 Ultra;256;Vodafone;netzbetreiber;Mobil XS;Klein;neu;1,00;31,95;48,00;;36;0,00;2495,80;2026-09-21;https://www.vodafone.de/privat/handys/samsung-galaxy-z-fold8-ultra.html;samsung-galaxy-z-fold8-ultra-256gb-cream
Bündel;Galaxy Z Fold8 Ultra;256;Vodafone;netzbetreiber;Mobil M;Mittel;neu;1,00;51,95;72,00;;24;0,00;2975,80;2026-09-16;https://www.vodafone.de/privat/handys/samsung-galaxy-z-fold8-ultra.html;samsung-galaxy-z-fold8-ultra-256gb-grau
Bündel;Galaxy Z Fold8 Ultra;256;Vodafone;netzbetreiber;Mobil S;Mittel;neu;1,00;41,95;144,00;;12;0,00;2735,80;2026-09-21;https://www.vodafone.de/privat/handys/samsung-galaxy-z-fold8-ultra.html;samsung-galaxy-z-fold8-ultra-256gb-grau
Bündel;Galaxy Z Fold8 Ultra;256;Vodafone;netzbetreiber;Mobil XS;Klein;neu;1,00;31,95;48,00;;36;0,00;2495,80;2026-09-11;https://www.vodafone.de/privat/handys/samsung-galaxy-z-fold8-ultra.html;samsung-galaxy-z-fold8-ultra-256gb-grau
Bündel;Galaxy Z Fold8 Ultra;256;Vodafone;netzbetreiber;Mobil M;Mittel;neu;1,00;51,95;72,00;;24;0,00;2975,80;2026-09-16;https://www.vodafone.de/privat/handys/samsung-galaxy-z-fold8-ultra.html;samsung-galaxy-z-fold8-ultra-256gb-violet-shadow
Bündel;Galaxy Z Fold8 Ultra;256;Vodafone;netzbetreiber;Mobil S;Mittel;neu;1,00;41,95;144,00;;12;0,00;2735,80;2026-09-16;https://www.vodafone.de/privat/handys/samsung-galaxy-z-fold8-ultra.html;samsung-galaxy-z-fold8-ultra-256gb-violet-shadow
Bündel;Galaxy Z Fold8 Ultra;256;Vodafone;netzbetreiber;Mobil XS;Klein;neu;1,00;31,95;48,00;;36;0,00;2495,80;2026-09-21;https://www.vodafone.de/privat/handys/samsung-galaxy-z-fold8-ultra.html;samsung-galaxy-z-fold8-ultra-256gb-violet-shadow
Bündel;Galaxy Z Fold8 Ultra;512;Vodafone;netzbetreiber;Mobil M;Mittel;neu;1,00;51,95;80,25;;24;0,00;3173,80;2026-09-21;https://www.vodafone.de/privat/handys/samsung-galaxy-z-fold8-ultra.html;samsung-galaxy-z-fold8-ultra-512gb-cream
Bündel;Galaxy Z Fold8 Ultra;512;Vodafone;netzbetreiber;Mobil S;Mittel;neu;1,00;41,95;160,50;;12;0,00;2933,80;2026-09-21;https://www.vodafone.de/privat/handys/samsung-galaxy-z-fold8-ultra.html;samsung-galaxy-z-fold8-ultra-512gb-cream
Bündel;Galaxy Z Fold8 Ultra;512;Vodafone;netzbetreiber;Mobil XS;Klein;neu;1,00;31,95;53,50;;36;0,00;2693,80;2026-09-16;https://www.vodafone.de/privat/handys/samsung-galaxy-z-fold8-ultra.html;samsung-galaxy-z-fold8-ultra-512gb-cream
Bündel;Galaxy Z Fold8 Ultra;512;Vodafone;netzbetreiber;Mobil M;Mittel;neu;1,00;51,95;80,25;;24;0,00;3173,80;2026-09-20;https://www.vodafone.de/privat/handys/samsung-galaxy-z-fold8-ultra.html;samsung-galaxy-z-fold8-ultra-512gb-grau
Bündel;Galaxy Z Fold8 Ultra;512;Vodafone;netzbetreiber;Mobil S;Mittel;neu;1,00;41,95;160,50;;12;0,00;2933,80;2026-09-21;https://www.vodafone.de/privat/handys/samsung-galaxy-z-fold8-ultra.html;samsung-galaxy-z-fold8-ultra-512gb-grau
Bündel;Galaxy Z Fold8 Ultra;512;Vodafone;netzbetreiber;Mobil XS;Klein;neu;1,00;31,95;53,50;;36;0,00;2693,80;2026-09-20;https://www.vodafone.de/privat/handys/samsung-galaxy-z-fold8-ultra.html;samsung-galaxy-z-fold8-ultra-512gb-grau
Bündel;Galaxy Z Fold8 Ultra;512;Vodafone;netzbetreiber;Mobil M;Mittel;neu;1,00;51,95;80,25;;24;0,00;3173,80;2026-09-20;https://www.vodafone.de/privat/handys/samsung-galaxy-z-fold8-ultra.html;samsung-galaxy-z-fold8-ultra-512gb-violet-shadow
Bündel;Galaxy Z Fold8 Ultra;512;Vodafone;netzbetreiber;Mobil S;Mittel;neu;1,00;41,95;160,50;;12;0,00;2933,80;2026-09-21;https://www.vodafone.de/privat/handys/samsung-galaxy-z-fold8-ultra.html;samsung-galaxy-z-fold8-ultra-512gb-violet-shadow
Bündel;Galaxy Z Fold8 Ultra;512;Vodafone;netzbetreiber;Mobil XS;Klein;neu;1,00;31,95;53,50;;36;0,00;2693,80;2026-09-16;https://www.vodafone.de/privat/handys/samsung-galaxy-z-fold8-ultra.html;samsung-galaxy-z-fold8-ultra-512gb-violet-shadow
Bündel;Xiaomi 17;512;Vodafone;netzbetreiber;Mobil M;Mittel;neu;1,00;51,95;40,50;;24;0,00;2219,80;2026-09-20;https://www.vodafone.de/privat/handys/xiaomi-17.html;xiaomi-17-512gb-schwarz
Bündel;Xiaomi 17;512;Vodafone;netzbetreiber;Mobil S;Mittel;neu;1,00;41,95;81,00;;12;0,00;1979,80;2026-09-11;https://www.vodafone.de/privat/handys/xiaomi-17.html;xiaomi-17-512gb-schwarz
Bündel;Xiaomi 17;512;Vodafone;netzbetreiber;Mobil XS;Klein;neu;1,00;31,95;27,00;;36;0,00;1739,80;2026-09-06;https://www.vodafone.de/privat/handys/xiaomi-17.html;xiaomi-17-512gb-schwarz
Bündel;Xiaomi 17 Ultra;512;Vodafone;netzbetreiber;Mobil M;Mittel;neu;1,00;51,95;53,25;;24;0,00;2525,80;2026-09-21;https://www.vodafone.de/privat/handys/xiaomi-17-ultra.html;xiaomi-17-ultra-512gb-schwarz
Bündel;Xiaomi 17 Ultra;512;Vodafone;netzbetreiber;Mobil S;Mittel;neu;1,00;41,95;106,50;;12;0,00;2285,80;2026-09-21;https://www.vodafone.de/privat/handys/xiaomi-17-ultra.html;xiaomi-17-ultra-512gb-schwarz
Bündel;Xiaomi 17 Ultra;512;Vodafone;netzbetreiber;Mobil XS;Klein;neu;1,00;31,95;35,50;;36;0,00;2045,80;2026-09-21;https://www.vodafone.de/privat/handys/xiaomi-17-ultra.html;xiaomi-17-ultra-512gb-schwarz
Bündel;Xiaomi 17T;256;Vodafone;netzbetreiber;Mobil S;Mittel;neu;1,00;41,95;51,00;;12;0,00;1619,80;2026-09-21;https://www.vodafone.de/privat/handys/xiaomi-17t.html;xiaomi-17t-256gb-schwarz
Bündel;Xiaomi 17T;256;Vodafone;netzbetreiber;Mobil XS;Klein;neu;1,00;31,95;17,00;;36;0,00;1379,80;2026-09-06;https://www.vodafone.de/privat/handys/xiaomi-17t.html;xiaomi-17t-256gb-schwarz
Bündel;Xiaomi 17T Pro;512;Vodafone;netzbetreiber;Mobil M;Mittel;neu;1,00;51,95;26,25;;24;0,00;1877,80;2026-09-21;https://www.vodafone.de/privat/handys/xiaomi-17t-pro.html;xiaomi-17t-pro-512gb-deep-blue
Bündel;Xiaomi 17T Pro;512;Vodafone;netzbetreiber;Mobil S;Mittel;neu;1,00;41,95;52,50;;12;0,00;1637,80;2026-09-21;https://www.vodafone.de/privat/handys/xiaomi-17t-pro.html;xiaomi-17t-pro-512gb-deep-blue
Bündel;Xiaomi 17T Pro;512;Vodafone;netzbetreiber;Mobil XS;Klein;neu;1,00;31,95;17,50;;36;0,00;1397,80;2026-09-21;https://www.vodafone.de/privat/handys/xiaomi-17t-pro.html;xiaomi-17t-pro-512gb-deep-blue
Bündel;Xiaomi 17T Pro;512;Vodafone;netzbetreiber;Mobil M;Mittel;neu;1,00;51,95;26,25;;24;0,00;1877,80;2026-09-21;https://www.vodafone.de/privat/handys/xiaomi-17t-pro.html;xiaomi-17t-pro-512gb-schwarz
Bündel;Xiaomi 17T Pro;512;Vodafone;netzbetreiber;Mobil S;Mittel;neu;1,00;41,95;52,50;;12;0,00;1637,80;2026-09-15;https://www.vodafone.de/privat/handys/xiaomi-17t-pro.html;xiaomi-17t-pro-512gb-schwarz
Bündel;Xiaomi 17T Pro;512;Vodafone;netzbetreiber;Mobil XS;Klein;neu;1,00;31,95;17,50;;36;0,00;1397,80;2026-09-16;https://www.vodafone.de/privat/handys/xiaomi-17t-pro.html;xiaomi-17t-pro-512gb-schwarz
Bündel;Redmi 17;128;Vodafone;netzbetreiber;Mobil M;Mittel;neu;1,00;51,95;8,25;;24;0,00;1445,80;2026-09-21;https://www.vodafone.de/privat/handys/xiaomi-redmi-17-5g.html;xiaomi-redmi-17-128gb-deep-blue
Bündel;Redmi 17;128;Vodafone;netzbetreiber;Mobil S;Mittel;neu;1,00;41,95;16,50;;12;0,00;1205,80;2026-09-21;https://www.vodafone.de/privat/handys/xiaomi-redmi-17-5g.html;xiaomi-redmi-17-128gb-deep-blue
Bündel;Redmi 17;128;Vodafone;netzbetreiber;Mobil XS;Klein;neu;1,00;31,95;5,50;;36;0,00;965,80;2026-09-21;https://www.vodafone.de/privat/handys/xiaomi-redmi-17-5g.html;xiaomi-redmi-17-128gb-deep-blue
Bündel;Redmi 17;128;Vodafone;netzbetreiber;Mobil M;Mittel;neu;1,00;51,95;8,25;;24;0,00;1445,80;2026-09-21;https://www.vodafone.de/privat/handys/xiaomi-redmi-17-5g.html;xiaomi-redmi-17-128gb-schwarz
Bündel;Redmi 17;128;Vodafone;netzbetreiber;Mobil S;Mittel;neu;1,00;41,95;16,50;;12;0,00;1205,80;2026-09-21;https://www.vodafone.de/privat/handys/xiaomi-redmi-17-5g.html;xiaomi-redmi-17-128gb-schwarz
Bündel;Redmi 17;128;Vodafone;netzbetreiber;Mobil XS;Klein;neu;1,00;31,95;5,50;;36;0,00;965,80;2026-09-21;https://www.vodafone.de/privat/handys/xiaomi-redmi-17-5g.html;xiaomi-redmi-17-128gb-schwarz
Bündel;Redmi Note 15;256;Vodafone;netzbetreiber;Mobil M;Mittel;neu;1,00;51,95;11,25;;24;0,00;1517,80;2026-09-21;https://www.vodafone.de/privat/handys/xiaomi-redmi-note-15-5g.html;xiaomi-redmi-note-15-256gb-blau
Bündel;Redmi Note 15;256;Vodafone;netzbetreiber;Mobil S;Mittel;neu;1,00;41,95;22,50;;12;0,00;1277,80;2026-09-21;https://www.vodafone.de/privat/handys/xiaomi-redmi-note-15-5g.html;xiaomi-redmi-note-15-256gb-blau
Bündel;Redmi Note 15;256;Vodafone;netzbetreiber;Mobil XS;Klein;neu;1,00;31,95;7,50;;36;0,00;1037,80;2026-09-21;https://www.vodafone.de/privat/handys/xiaomi-redmi-note-15-5g.html;xiaomi-redmi-note-15-256gb-blau
Bündel;Redmi Note 17;128;Vodafone;netzbetreiber;Mobil M;Mittel;neu;1,00;51,95;12,00;;24;0,00;1535,80;2026-09-21;https://www.vodafone.de/privat/handys/xiaomi-redmi-note-17-5g.html;xiaomi-redmi-note-17-128gb-schwarz
Bündel;Redmi Note 17;128;Vodafone;netzbetreiber;Mobil S;Mittel;neu;1,00;41,95;24,00;;12;0,00;1295,80;2026-09-21;https://www.vodafone.de/privat/handys/xiaomi-redmi-note-17-5g.html;xiaomi-redmi-note-17-128gb-schwarz
Bündel;Redmi Note 17;128;Vodafone;netzbetreiber;Mobil XS;Klein;neu;1,00;31,95;8,00;;36;0,00;1055,80;2026-09-21;https://www.vodafone.de/privat/handys/xiaomi-redmi-note-17-5g.html;xiaomi-redmi-note-17-128gb-schwarz
Bündel;Redmi Note 17 Pro;256;Vodafone;netzbetreiber;Mobil M;Mittel;neu;1,00;51,95;12,75;;24;0,00;1553,80;2026-09-21;https://www.vodafone.de/privat/handys/xiaomi-redmi-note-17-pro-5g.html;xiaomi-redmi-note-17-pro-256gb-schwarz
Bündel;Redmi Note 17 Pro;256;Vodafone;netzbetreiber;Mobil S;Mittel;neu;1,00;41,95;25,50;;12;0,00;1313,80;2026-09-21;https://www.vodafone.de/privat/handys/xiaomi-redmi-note-17-pro-5g.html;xiaomi-redmi-note-17-pro-256gb-schwarz
Bündel;Redmi Note 17 Pro;256;Vodafone;netzbetreiber;Mobil XS;Klein;neu;1,00;31,95;8,50;;36;0,00;1073,80;2026-09-21;https://www.vodafone.de/privat/handys/xiaomi-redmi-note-17-pro-5g.html;xiaomi-redmi-note-17-pro-256gb-schwarz
Bündel;Redmi Note 17 Pro;256;Vodafone;netzbetreiber;Mobil M;Mittel;neu;1,00;51,95;12,75;;24;0,00;1553,80;2026-09-21;https://www.vodafone.de/privat/handys/xiaomi-redmi-note-17-pro-5g.html;xiaomi-redmi-note-17-pro-256gb-sky-blue
Bündel;Redmi Note 17 Pro;256;Vodafone;netzbetreiber;Mobil S;Mittel;neu;1,00;41,95;25,50;;12;0,00;1313,80;2026-09-16;https://www.vodafone.de/privat/handys/xiaomi-redmi-note-17-pro-5g.html;xiaomi-redmi-note-17-pro-256gb-sky-blue
Bündel;Redmi Note 17 Pro;256;Vodafone;netzbetreiber;Mobil XS;Klein;neu;1,00;31,95;8,50;;36;0,00;1073,80;2026-09-21;https://www.vodafone.de/privat/handys/xiaomi-redmi-note-17-pro-5g.html;xiaomi-redmi-note-17-pro-256gb-sky-blue
Bündel;iPhone 17;256;congstar;discount;Allnet Flat L;Groß;neu;1,00;29,00;21,50;;36;0,00;1471,00;2026-09-12;https://www.congstar.de/handytarife/allnet-flat-tarife/allnet-flat-l/;apple-iphone-17-256gb-weiss
Bündel;iPhone 17;256;congstar;discount;Allnet Flat L Flex;Groß;neu;1,00;29,00;25,50;;36;0,00;1615,00;2026-09-12;https://www.congstar.de/handytarife/allnet-flat-tarife/allnet-flat-l/;apple-iphone-17-256gb-weiss
Bündel;iPhone 17;256;congstar;discount;Allnet Flat M;Groß;neu;1,00;24,00;22,50;;36;0,00;1387,00;2026-09-12;https://www.congstar.de/handytarife/allnet-flat-tarife/allnet-flat-m/;apple-iphone-17-256gb-weiss
Bündel;iPhone 17;256;congstar;discount;Allnet Flat M Flex;Groß;neu;1,00;24,00;25,50;;36;0,00;1495,00;2026-09-12;https://www.congstar.de/handytarife/allnet-flat-tarife/allnet-flat-m/;apple-iphone-17-256gb-weiss
Bündel;iPhone 17;256;congstar;discount;Allnet Flat S;Mittel;neu;1,00;20,00;23,50;;36;0,00;1327,00;2026-09-12;https://www.congstar.de/handytarife/allnet-flat-tarife/allnet-flat-s/;apple-iphone-17-256gb-weiss
Bündel;iPhone 17;256;congstar;discount;Allnet Flat S Flex;Mittel;neu;1,00;20,00;25,50;;36;0,00;1399,00;2026-09-12;https://www.congstar.de/handytarife/allnet-flat-tarife/allnet-flat-s/;apple-iphone-17-256gb-weiss
Bündel;iPhone 17;256;congstar;discount;Allnet Flat XS;Klein;neu;1,00;15,00;24,50;;36;0,00;1243,00;2026-09-12;https://www.congstar.de/handytarife/allnet-flat-tarife/allnet-flat-xs/;apple-iphone-17-256gb-weiss
Bündel;iPhone 17;256;congstar;discount;Allnet Flat XS Flex;Klein;neu;1,00;15,00;25,50;;36;0,00;1279,00;2026-09-12;https://www.congstar.de/handytarife/allnet-flat-tarife/allnet-flat-xs/;apple-iphone-17-256gb-weiss
Bündel;iPhone 17;512;congstar;discount;Allnet Flat L;Groß;neu;1,00;29,00;29,00;;36;0,00;1741,00;2026-09-12;https://www.congstar.de/handytarife/allnet-flat-tarife/allnet-flat-l/;apple-iphone-17-512gb-schwarz
Bündel;iPhone 17;512;congstar;discount;Allnet Flat L Flex;Groß;neu;1,00;29,00;33,00;;36;0,00;1885,00;2026-09-12;https://www.congstar.de/handytarife/allnet-flat-tarife/allnet-flat-l/;apple-iphone-17-512gb-schwarz
Bündel;iPhone 17;512;congstar;discount;Allnet Flat M;Groß;neu;1,00;24,00;30,00;;36;0,00;1657,00;2026-09-12;https://www.congstar.de/handytarife/allnet-flat-tarife/allnet-flat-m/;apple-iphone-17-512gb-schwarz
Bündel;iPhone 17;512;congstar;discount;Allnet Flat M Flex;Groß;neu;1,00;24,00;33,00;;36;0,00;1765,00;2026-09-12;https://www.congstar.de/handytarife/allnet-flat-tarife/allnet-flat-m/;apple-iphone-17-512gb-schwarz
Bündel;iPhone 17;512;congstar;discount;Allnet Flat S;Mittel;neu;1,00;20,00;31,00;;36;0,00;1597,00;2026-09-12;https://www.congstar.de/handytarife/allnet-flat-tarife/allnet-flat-s/;apple-iphone-17-512gb-schwarz
Bündel;iPhone 17;512;congstar;discount;Allnet Flat S Flex;Mittel;neu;1,00;20,00;33,00;;36;0,00;1669,00;2026-09-12;https://www.congstar.de/handytarife/allnet-flat-tarife/allnet-flat-s/;apple-iphone-17-512gb-schwarz
Bündel;iPhone 17;512;congstar;discount;Allnet Flat XS;Klein;neu;1,00;15,00;32,00;;36;0,00;1513,00;2026-09-12;https://www.congstar.de/handytarife/allnet-flat-tarife/allnet-flat-xs/;apple-iphone-17-512gb-schwarz
Bündel;iPhone 17;512;congstar;discount;Allnet Flat XS Flex;Klein;neu;1,00;15,00;33,00;;36;0,00;1549,00;2026-09-12;https://www.congstar.de/handytarife/allnet-flat-tarife/allnet-flat-xs/;apple-iphone-17-512gb-schwarz
Bündel;iPhone 17 Pro;256;congstar;discount;Allnet Flat L;Groß;neu;1,00;29,00;26,50;;36;0,00;1651,00;2026-09-21;https://www.congstar.de/handytarife/allnet-flat-tarife/allnet-flat-l/;apple-iphone-17-pro-256gb-cosmic-orange
Bündel;iPhone 17 Pro;256;congstar;discount;Allnet Flat L Flex;Groß;neu;1,00;29,00;34,00;;36;0,00;1921,00;2026-09-21;https://www.congstar.de/handytarife/allnet-flat-tarife/allnet-flat-l/;apple-iphone-17-pro-256gb-cosmic-orange
Bündel;iPhone 17 Pro;256;congstar;discount;Allnet Flat M;Groß;neu;1,00;24,00;27,50;;36;0,00;1567,00;2026-09-21;https://www.congstar.de/handytarife/allnet-flat-tarife/allnet-flat-m/;apple-iphone-17-pro-256gb-cosmic-orange
Bündel;iPhone 17 Pro;256;congstar;discount;Allnet Flat M Flex;Groß;neu;1,00;24,00;34,00;;36;0,00;1801,00;2026-09-21;https://www.congstar.de/handytarife/allnet-flat-tarife/allnet-flat-m/;apple-iphone-17-pro-256gb-cosmic-orange
Bündel;iPhone 17 Pro;256;congstar;discount;Allnet Flat S;Mittel;neu;1,00;20,00;28,50;;36;0,00;1507,00;2026-09-21;https://www.congstar.de/handytarife/allnet-flat-tarife/allnet-flat-s/;apple-iphone-17-pro-256gb-cosmic-orange
Bündel;iPhone 17 Pro;256;congstar;discount;Allnet Flat S Flex;Mittel;neu;1,00;20,00;34,00;;36;0,00;1705,00;2026-09-21;https://www.congstar.de/handytarife/allnet-flat-tarife/allnet-flat-s/;apple-iphone-17-pro-256gb-cosmic-orange
Bündel;iPhone 17 Pro;256;congstar;discount;Allnet Flat XS;Klein;neu;1,00;15,00;30,50;;36;0,00;1459,00;2026-09-21;https://www.congstar.de/handytarife/allnet-flat-tarife/allnet-flat-xs/;apple-iphone-17-pro-256gb-cosmic-orange
Bündel;iPhone 17 Pro;256;congstar;discount;Allnet Flat XS Flex;Klein;neu;1,00;15,00;34,00;;36;0,00;1585,00;2026-09-21;https://www.congstar.de/handytarife/allnet-flat-tarife/allnet-flat-xs/;apple-iphone-17-pro-256gb-cosmic-orange
Bündel;iPhone 17 Pro;256;congstar;discount;Allnet Flat L;Groß;neu;1,00;29,00;26,50;;36;0,00;1651,00;2026-09-20;https://www.congstar.de/handytarife/allnet-flat-tarife/allnet-flat-l/;apple-iphone-17-pro-256gb-silber
Bündel;iPhone 17 Pro;256;congstar;discount;Allnet Flat L Flex;Groß;neu;1,00;29,00;34,00;;36;0,00;1921,00;2026-09-20;https://www.congstar.de/handytarife/allnet-flat-tarife/allnet-flat-l/;apple-iphone-17-pro-256gb-silber
Bündel;iPhone 17 Pro;256;congstar;discount;Allnet Flat M;Groß;neu;1,00;24,00;27,50;;36;0,00;1567,00;2026-09-20;https://www.congstar.de/handytarife/allnet-flat-tarife/allnet-flat-m/;apple-iphone-17-pro-256gb-silber
Bündel;iPhone 17 Pro;256;congstar;discount;Allnet Flat M Flex;Groß;neu;1,00;24,00;34,00;;36;0,00;1801,00;2026-09-20;https://www.congstar.de/handytarife/allnet-flat-tarife/allnet-flat-m/;apple-iphone-17-pro-256gb-silber
Bündel;iPhone 17 Pro;256;congstar;discount;Allnet Flat S;Mittel;neu;1,00;20,00;28,50;;36;0,00;1507,00;2026-09-20;https://www.congstar.de/handytarife/allnet-flat-tarife/allnet-flat-s/;apple-iphone-17-pro-256gb-silber
Bündel;iPhone 17 Pro;256;congstar;discount;Allnet Flat S Flex;Mittel;neu;1,00;20,00;34,00;;36;0,00;1705,00;2026-09-20;https://www.congstar.de/handytarife/allnet-flat-tarife/allnet-flat-s/;apple-iphone-17-pro-256gb-silber
Bündel;iPhone 17 Pro;256;congstar;discount;Allnet Flat XS;Klein;neu;1,00;15,00;30,50;;36;0,00;1459,00;2026-09-20;https://www.congstar.de/handytarife/allnet-flat-tarife/allnet-flat-xs/;apple-iphone-17-pro-256gb-silber
Bündel;iPhone 17 Pro;256;congstar;discount;Allnet Flat XS Flex;Klein;neu;1,00;15,00;34,00;;36;0,00;1585,00;2026-09-20;https://www.congstar.de/handytarife/allnet-flat-tarife/allnet-flat-xs/;apple-iphone-17-pro-256gb-silber
Bündel;iPhone 17 Pro;512;congstar;discount;Allnet Flat L;Groß;neu;97,00;29,00;32,50;;36;0,00;1963,00;2026-09-21;https://www.congstar.de/handytarife/allnet-flat-tarife/allnet-flat-l/;apple-iphone-17-pro-512gb-cosmic-orange
Bündel;iPhone 17 Pro;512;congstar;discount;Allnet Flat L Flex;Groß;neu;97,00;29,00;40,00;;36;0,00;2233,00;2026-09-21;https://www.congstar.de/handytarife/allnet-flat-tarife/allnet-flat-l/;apple-iphone-17-pro-512gb-cosmic-orange
Bündel;iPhone 17 Pro;512;congstar;discount;Allnet Flat M;Groß;neu;97,00;24,00;33,50;;36;0,00;1879,00;2026-09-21;https://www.congstar.de/handytarife/allnet-flat-tarife/allnet-flat-m/;apple-iphone-17-pro-512gb-cosmic-orange
Bündel;iPhone 17 Pro;512;congstar;discount;Allnet Flat M Flex;Groß;neu;97,00;24,00;40,00;;36;0,00;2113,00;2026-09-21;https://www.congstar.de/handytarife/allnet-flat-tarife/allnet-flat-m/;apple-iphone-17-pro-512gb-cosmic-orange
Bündel;iPhone 17 Pro;512;congstar;discount;Allnet Flat S;Mittel;neu;97,00;20,00;34,50;;36;0,00;1819,00;2026-09-21;https://www.congstar.de/handytarife/allnet-flat-tarife/allnet-flat-s/;apple-iphone-17-pro-512gb-cosmic-orange
Bündel;iPhone 17 Pro;512;congstar;discount;Allnet Flat S Flex;Mittel;neu;97,00;20,00;40,00;;36;0,00;2017,00;2026-09-21;https://www.congstar.de/handytarife/allnet-flat-tarife/allnet-flat-s/;apple-iphone-17-pro-512gb-cosmic-orange
Bündel;iPhone 17 Pro;512;congstar;discount;Allnet Flat XS;Klein;neu;97,00;15,00;36,50;;36;0,00;1771,00;2026-09-21;https://www.congstar.de/handytarife/allnet-flat-tarife/allnet-flat-xs/;apple-iphone-17-pro-512gb-cosmic-orange
Bündel;iPhone 17 Pro;512;congstar;discount;Allnet Flat XS Flex;Klein;neu;97,00;15,00;40,00;;36;0,00;1897,00;2026-09-21;https://www.congstar.de/handytarife/allnet-flat-tarife/allnet-flat-xs/;apple-iphone-17-pro-512gb-cosmic-orange
Bündel;iPhone 18 Pro;1024;congstar;discount;Allnet Flat L;Groß;neu;249,00;29,00;54,00;;36;0,00;2889,00;2026-09-21;https://www.congstar.de/handytarife/allnet-flat-tarife/allnet-flat-l/;apple-iphone-18-pro-1024gb-burgunder
Bündel;iPhone 18 Pro;1024;congstar;discount;Allnet Flat L Flex;Groß;neu;249,00;29,00;54,00;;36;0,00;2889,00;2026-09-21;https://www.congstar.de/handytarife/allnet-flat-tarife/allnet-flat-l/;apple-iphone-18-pro-1024gb-burgunder
Bündel;iPhone 18 Pro;1024;congstar;discount;Allnet Flat M;Groß;neu;249,00;24,00;54,00;;36;0,00;2769,00;2026-09-21;https://www.congstar.de/handytarife/allnet-flat-tarife/allnet-flat-m/;apple-iphone-18-pro-1024gb-burgunder
Bündel;iPhone 18 Pro;1024;congstar;discount;Allnet Flat M Flex;Groß;neu;249,00;24,00;54,00;;36;0,00;2769,00;2026-09-21;https://www.congstar.de/handytarife/allnet-flat-tarife/allnet-flat-m/;apple-iphone-18-pro-1024gb-burgunder
Bündel;iPhone 18 Pro;1024;congstar;discount;Allnet Flat S;Mittel;neu;249,00;20,00;54,00;;36;0,00;2673,00;2026-09-21;https://www.congstar.de/handytarife/allnet-flat-tarife/allnet-flat-s/;apple-iphone-18-pro-1024gb-burgunder
Bündel;iPhone 18 Pro;1024;congstar;discount;Allnet Flat S Flex;Mittel;neu;249,00;20,00;54,00;;36;0,00;2673,00;2026-09-21;https://www.congstar.de/handytarife/allnet-flat-tarife/allnet-flat-s/;apple-iphone-18-pro-1024gb-burgunder
Bündel;iPhone 18 Pro;1024;congstar;discount;Allnet Flat XS;Klein;neu;249,00;15,00;54,00;;36;0,00;2553,00;2026-09-21;https://www.congstar.de/handytarife/allnet-flat-tarife/allnet-flat-xs/;apple-iphone-18-pro-1024gb-burgunder
Bündel;iPhone 18 Pro;1024;congstar;discount;Allnet Flat XS Flex;Klein;neu;249,00;15,00;54,00;;36;0,00;2553,00;2026-09-21;https://www.congstar.de/handytarife/allnet-flat-tarife/allnet-flat-xs/;apple-iphone-18-pro-1024gb-burgunder
Bündel;iPhone 18 Pro;256;congstar;discount;Allnet Flat L;Groß;neu;199,00;29,00;34,00;;36;0,00;2119,00;2026-09-21;https://www.congstar.de/handytarife/allnet-flat-tarife/allnet-flat-l/;apple-iphone-18-pro-256gb-burgunder
Bündel;iPhone 18 Pro;256;congstar;discount;Allnet Flat L Flex;Groß;neu;199,00;29,00;34,00;;36;0,00;2119,00;2026-09-21;https://www.congstar.de/handytarife/allnet-flat-tarife/allnet-flat-l/;apple-iphone-18-pro-256gb-burgunder
Bündel;iPhone 18 Pro;256;congstar;discount;Allnet Flat M;Groß;neu;199,00;24,00;34,00;;36;0,00;1999,00;2026-09-21;https://www.congstar.de/handytarife/allnet-flat-tarife/allnet-flat-m/;apple-iphone-18-pro-256gb-burgunder
Bündel;iPhone 18 Pro;256;congstar;discount;Allnet Flat M Flex;Groß;neu;199,00;24,00;34,00;;36;0,00;1999,00;2026-09-21;https://www.congstar.de/handytarife/allnet-flat-tarife/allnet-flat-m/;apple-iphone-18-pro-256gb-burgunder
Bündel;iPhone 18 Pro;256;congstar;discount;Allnet Flat S;Mittel;neu;199,00;20,00;34,00;;36;0,00;1903,00;2026-09-21;https://www.congstar.de/handytarife/allnet-flat-tarife/allnet-flat-s/;apple-iphone-18-pro-256gb-burgunder
Bündel;iPhone 18 Pro;256;congstar;discount;Allnet Flat S Flex;Mittel;neu;199,00;20,00;34,00;;36;0,00;1903,00;2026-09-21;https://www.congstar.de/handytarife/allnet-flat-tarife/allnet-flat-s/;apple-iphone-18-pro-256gb-burgunder
Bündel;iPhone 18 Pro;256;congstar;discount;Allnet Flat XS;Klein;neu;199,00;15,00;34,00;;36;0,00;1783,00;2026-09-21;https://www.congstar.de/handytarife/allnet-flat-tarife/allnet-flat-xs/;apple-iphone-18-pro-256gb-burgunder
Bündel;iPhone 18 Pro;256;congstar;discount;Allnet Flat XS Flex;Klein;neu;199,00;15,00;34,00;;36;0,00;1783,00;2026-09-21;https://www.congstar.de/handytarife/allnet-flat-tarife/allnet-flat-xs/;apple-iphone-18-pro-256gb-burgunder
Bündel;iPhone 18 Pro;512;congstar;discount;Allnet Flat L;Groß;neu;219,00;29,00;41,00;;36;0,00;2391,00;2026-09-21;https://www.congstar.de/handytarife/allnet-flat-tarife/allnet-flat-l/;apple-iphone-18-pro-512gb-burgunder
Bündel;iPhone 18 Pro;512;congstar;discount;Allnet Flat L Flex;Groß;neu;219,00;29,00;41,00;;36;0,00;2391,00;2026-09-21;https://www.congstar.de/handytarife/allnet-flat-tarife/allnet-flat-l/;apple-iphone-18-pro-512gb-burgunder
Bündel;iPhone 18 Pro;512;congstar;discount;Allnet Flat M;Groß;neu;219,00;24,00;41,00;;36;0,00;2271,00;2026-09-21;https://www.congstar.de/handytarife/allnet-flat-tarife/allnet-flat-m/;apple-iphone-18-pro-512gb-burgunder
Bündel;iPhone 18 Pro;512;congstar;discount;Allnet Flat M Flex;Groß;neu;219,00;24,00;41,00;;36;0,00;2271,00;2026-09-21;https://www.congstar.de/handytarife/allnet-flat-tarife/allnet-flat-m/;apple-iphone-18-pro-512gb-burgunder
Bündel;iPhone 18 Pro;512;congstar;discount;Allnet Flat S;Mittel;neu;219,00;20,00;41,00;;36;0,00;2175,00;2026-09-21;https://www.congstar.de/handytarife/allnet-flat-tarife/allnet-flat-s/;apple-iphone-18-pro-512gb-burgunder
Bündel;iPhone 18 Pro;512;congstar;discount;Allnet Flat S Flex;Mittel;neu;219,00;20,00;41,00;;36;0,00;2175,00;2026-09-21;https://www.congstar.de/handytarife/allnet-flat-tarife/allnet-flat-s/;apple-iphone-18-pro-512gb-burgunder
Bündel;iPhone 18 Pro;512;congstar;discount;Allnet Flat XS;Klein;neu;219,00;15,00;41,00;;36;0,00;2055,00;2026-09-21;https://www.congstar.de/handytarife/allnet-flat-tarife/allnet-flat-xs/;apple-iphone-18-pro-512gb-burgunder
Bündel;iPhone 18 Pro;512;congstar;discount;Allnet Flat XS Flex;Klein;neu;219,00;15,00;41,00;;36;0,00;2055,00;2026-09-21;https://www.congstar.de/handytarife/allnet-flat-tarife/allnet-flat-xs/;apple-iphone-18-pro-512gb-burgunder
Bündel;iPhone 18 Pro Max;1024;congstar;discount;Allnet Flat L;Groß;neu;259,00;29,00;58,00;;36;0,00;3043,00;2026-09-17;https://www.congstar.de/handytarife/allnet-flat-tarife/allnet-flat-l/;apple-iphone-18-pro-max-1024gb-burgunder
Bündel;iPhone 18 Pro Max;1024;congstar;discount;Allnet Flat L Flex;Groß;neu;259,00;29,00;58,00;;36;0,00;3043,00;2026-09-17;https://www.congstar.de/handytarife/allnet-flat-tarife/allnet-flat-l/;apple-iphone-18-pro-max-1024gb-burgunder
Bündel;iPhone 18 Pro Max;1024;congstar;discount;Allnet Flat M;Groß;neu;259,00;24,00;58,00;;36;0,00;2923,00;2026-09-17;https://www.congstar.de/handytarife/allnet-flat-tarife/allnet-flat-m/;apple-iphone-18-pro-max-1024gb-burgunder
Bündel;iPhone 18 Pro Max;1024;congstar;discount;Allnet Flat M Flex;Groß;neu;259,00;24,00;58,00;;36;0,00;2923,00;2026-09-17;https://www.congstar.de/handytarife/allnet-flat-tarife/allnet-flat-m/;apple-iphone-18-pro-max-1024gb-burgunder
Bündel;iPhone 18 Pro Max;1024;congstar;discount;Allnet Flat S;Mittel;neu;259,00;20,00;58,00;;36;0,00;2827,00;2026-09-17;https://www.congstar.de/handytarife/allnet-flat-tarife/allnet-flat-s/;apple-iphone-18-pro-max-1024gb-burgunder
Bündel;iPhone 18 Pro Max;1024;congstar;discount;Allnet Flat S Flex;Mittel;neu;259,00;20,00;58,00;;36;0,00;2827,00;2026-09-17;https://www.congstar.de/handytarife/allnet-flat-tarife/allnet-flat-s/;apple-iphone-18-pro-max-1024gb-burgunder
Bündel;iPhone 18 Pro Max;1024;congstar;discount;Allnet Flat XS;Klein;neu;259,00;15,00;58,00;;36;0,00;2707,00;2026-09-17;https://www.congstar.de/handytarife/allnet-flat-tarife/allnet-flat-xs/;apple-iphone-18-pro-max-1024gb-burgunder
Bündel;iPhone 18 Pro Max;1024;congstar;discount;Allnet Flat XS Flex;Klein;neu;259,00;15,00;58,00;;36;0,00;2707,00;2026-09-17;https://www.congstar.de/handytarife/allnet-flat-tarife/allnet-flat-xs/;apple-iphone-18-pro-max-1024gb-burgunder
Bündel;iPhone 18 Pro Max;256;congstar;discount;Allnet Flat L;Groß;neu;189,00;29,00;39,00;;36;0,00;2289,00;2026-09-21;https://www.congstar.de/handytarife/allnet-flat-tarife/allnet-flat-l/;apple-iphone-18-pro-max-256gb-burgunder
Bündel;iPhone 18 Pro Max;256;congstar;discount;Allnet Flat L Flex;Groß;neu;189,00;29,00;39,00;;36;0,00;2289,00;2026-09-21;https://www.congstar.de/handytarife/allnet-flat-tarife/allnet-flat-l/;apple-iphone-18-pro-max-256gb-burgunder
Bündel;iPhone 18 Pro Max;256;congstar;discount;Allnet Flat M;Groß;neu;189,00;24,00;39,00;;36;0,00;2169,00;2026-09-21;https://www.congstar.de/handytarife/allnet-flat-tarife/allnet-flat-m/;apple-iphone-18-pro-max-256gb-burgunder
Bündel;iPhone 18 Pro Max;256;congstar;discount;Allnet Flat M Flex;Groß;neu;189,00;24,00;39,00;;36;0,00;2169,00;2026-09-21;https://www.congstar.de/handytarife/allnet-flat-tarife/allnet-flat-m/;apple-iphone-18-pro-max-256gb-burgunder
Bündel;iPhone 18 Pro Max;256;congstar;discount;Allnet Flat S;Mittel;neu;189,00;20,00;39,00;;36;0,00;2073,00;2026-09-21;https://www.congstar.de/handytarife/allnet-flat-tarife/allnet-flat-s/;apple-iphone-18-pro-max-256gb-burgunder
Bündel;iPhone 18 Pro Max;256;congstar;discount;Allnet Flat S Flex;Mittel;neu;189,00;20,00;39,00;;36;0,00;2073,00;2026-09-21;https://www.congstar.de/handytarife/allnet-flat-tarife/allnet-flat-s/;apple-iphone-18-pro-max-256gb-burgunder
Bündel;iPhone 18 Pro Max;256;congstar;discount;Allnet Flat XS;Klein;neu;189,00;15,00;39,00;;36;0,00;1953,00;2026-09-21;https://www.congstar.de/handytarife/allnet-flat-tarife/allnet-flat-xs/;apple-iphone-18-pro-max-256gb-burgunder
Bündel;iPhone 18 Pro Max;256;congstar;discount;Allnet Flat XS Flex;Klein;neu;189,00;15,00;39,00;;36;0,00;1953,00;2026-09-21;https://www.congstar.de/handytarife/allnet-flat-tarife/allnet-flat-xs/;apple-iphone-18-pro-max-256gb-burgunder
Bündel;iPhone 18 Pro Max;512;congstar;discount;Allnet Flat L;Groß;neu;229,00;29,00;45,00;;36;0,00;2545,00;2026-09-21;https://www.congstar.de/handytarife/allnet-flat-tarife/allnet-flat-l/;apple-iphone-18-pro-max-512gb-burgunder
Bündel;iPhone 18 Pro Max;512;congstar;discount;Allnet Flat L Flex;Groß;neu;229,00;29,00;45,00;;36;0,00;2545,00;2026-09-21;https://www.congstar.de/handytarife/allnet-flat-tarife/allnet-flat-l/;apple-iphone-18-pro-max-512gb-burgunder
Bündel;iPhone 18 Pro Max;512;congstar;discount;Allnet Flat M;Groß;neu;229,00;24,00;45,00;;36;0,00;2425,00;2026-09-21;https://www.congstar.de/handytarife/allnet-flat-tarife/allnet-flat-m/;apple-iphone-18-pro-max-512gb-burgunder
Bündel;iPhone 18 Pro Max;512;congstar;discount;Allnet Flat M Flex;Groß;neu;229,00;24,00;45,00;;36;0,00;2425,00;2026-09-21;https://www.congstar.de/handytarife/allnet-flat-tarife/allnet-flat-m/;apple-iphone-18-pro-max-512gb-burgunder
Bündel;iPhone 18 Pro Max;512;congstar;discount;Allnet Flat S;Mittel;neu;229,00;20,00;45,00;;36;0,00;2329,00;2026-09-21;https://www.congstar.de/handytarife/allnet-flat-tarife/allnet-flat-s/;apple-iphone-18-pro-max-512gb-burgunder
Bündel;iPhone 18 Pro Max;512;congstar;discount;Allnet Flat S Flex;Mittel;neu;229,00;20,00;45,00;;36;0,00;2329,00;2026-09-21;https://www.congstar.de/handytarife/allnet-flat-tarife/allnet-flat-s/;apple-iphone-18-pro-max-512gb-burgunder
Bündel;iPhone 18 Pro Max;512;congstar;discount;Allnet Flat XS;Klein;neu;229,00;15,00;45,00;;36;0,00;2209,00;2026-09-21;https://www.congstar.de/handytarife/allnet-flat-tarife/allnet-flat-xs/;apple-iphone-18-pro-max-512gb-burgunder
Bündel;iPhone 18 Pro Max;512;congstar;discount;Allnet Flat XS Flex;Klein;neu;229,00;15,00;45,00;;36;0,00;2209,00;2026-09-21;https://www.congstar.de/handytarife/allnet-flat-tarife/allnet-flat-xs/;apple-iphone-18-pro-max-512gb-burgunder
Bündel;Galaxy S26 Ultra;1024;congstar;discount;Allnet Flat L;Groß;neu;169,00;29,00;31,00;;36;0,00;1981,00;2026-09-21;https://www.congstar.de/handytarife/allnet-flat-tarife/allnet-flat-l/;samsung-galaxy-s26-ultra-1024gb-cobalt-violet
Bündel;Galaxy S26 Ultra;1024;congstar;discount;Allnet Flat L Flex;Groß;neu;169,00;29,00;41,00;;36;0,00;2341,00;2026-09-21;https://www.congstar.de/handytarife/allnet-flat-tarife/allnet-flat-l/;samsung-galaxy-s26-ultra-1024gb-cobalt-violet
Bündel;Galaxy S26 Ultra;1024;congstar;discount;Allnet Flat M;Groß;neu;169,00;24,00;35,00;;36;0,00;2005,00;2026-09-21;https://www.congstar.de/handytarife/allnet-flat-tarife/allnet-flat-m/;samsung-galaxy-s26-ultra-1024gb-cobalt-violet
Bündel;Galaxy S26 Ultra;1024;congstar;discount;Allnet Flat M Flex;Groß;neu;169,00;24,00;41,00;;36;0,00;2221,00;2026-09-21;https://www.congstar.de/handytarife/allnet-flat-tarife/allnet-flat-m/;samsung-galaxy-s26-ultra-1024gb-cobalt-violet
Bündel;Galaxy S26 Ultra;1024;congstar;discount;Allnet Flat S;Mittel;neu;169,00;20,00;35,00;;36;0,00;1909,00;2026-09-21;https://www.congstar.de/handytarife/allnet-flat-tarife/allnet-flat-s/;samsung-galaxy-s26-ultra-1024gb-cobalt-violet
Bündel;Galaxy S26 Ultra;1024;congstar;discount;Allnet Flat S Flex;Mittel;neu;169,00;20,00;41,00;;36;0,00;2125,00;2026-09-21;https://www.congstar.de/handytarife/allnet-flat-tarife/allnet-flat-s/;samsung-galaxy-s26-ultra-1024gb-cobalt-violet
Bündel;Galaxy S26 Ultra;1024;congstar;discount;Allnet Flat XS;Klein;neu;169,00;15,00;39,00;;36;0,00;1933,00;2026-09-21;https://www.congstar.de/handytarife/allnet-flat-tarife/allnet-flat-xs/;samsung-galaxy-s26-ultra-1024gb-cobalt-violet
Bündel;Galaxy S26 Ultra;1024;congstar;discount;Allnet Flat XS Flex;Klein;neu;169,00;15,00;41,00;;36;0,00;2005,00;2026-09-21;https://www.congstar.de/handytarife/allnet-flat-tarife/allnet-flat-xs/;samsung-galaxy-s26-ultra-1024gb-cobalt-violet
Bündel;Galaxy S26 Ultra;256;congstar;discount;Allnet Flat L;Groß;neu;1,00;29,00;21,50;;36;0,00;1471,00;2026-09-21;https://www.congstar.de/handytarife/allnet-flat-tarife/allnet-flat-l/;samsung-galaxy-s26-ultra-256gb-cobalt-violet
Bündel;Galaxy S26 Ultra;256;congstar;discount;Allnet Flat L Flex;Groß;neu;1,00;29,00;31,50;;36;0,00;1831,00;2026-09-21;https://www.congstar.de/handytarife/allnet-flat-tarife/allnet-flat-l/;samsung-galaxy-s26-ultra-256gb-cobalt-violet
Bündel;Galaxy S26 Ultra;256;congstar;discount;Allnet Flat M;Groß;neu;1,00;24,00;25,50;;36;0,00;1495,00;2026-09-21;https://www.congstar.de/handytarife/allnet-flat-tarife/allnet-flat-m/;samsung-galaxy-s26-ultra-256gb-cobalt-violet
Bündel;Galaxy S26 Ultra;256;congstar;discount;Allnet Flat M Flex;Groß;neu;1,00;24,00;31,50;;36;0,00;1711,00;2026-09-21;https://www.congstar.de/handytarife/allnet-flat-tarife/allnet-flat-m/;samsung-galaxy-s26-ultra-256gb-cobalt-violet
Bündel;Galaxy S26 Ultra;256;congstar;discount;Allnet Flat S;Mittel;neu;1,00;20,00;25,50;;36;0,00;1399,00;2026-09-21;https://www.congstar.de/handytarife/allnet-flat-tarife/allnet-flat-s/;samsung-galaxy-s26-ultra-256gb-cobalt-violet
Bündel;Galaxy S26 Ultra;256;congstar;discount;Allnet Flat S Flex;Mittel;neu;1,00;20,00;31,50;;36;0,00;1615,00;2026-09-21;https://www.congstar.de/handytarife/allnet-flat-tarife/allnet-flat-s/;samsung-galaxy-s26-ultra-256gb-cobalt-violet
Bündel;Galaxy S26 Ultra;256;congstar;discount;Allnet Flat XS;Klein;neu;1,00;15,00;29,50;;36;0,00;1423,00;2026-09-21;https://www.congstar.de/handytarife/allnet-flat-tarife/allnet-flat-xs/;samsung-galaxy-s26-ultra-256gb-cobalt-violet
Bündel;Galaxy S26 Ultra;256;congstar;discount;Allnet Flat XS Flex;Klein;neu;1,00;15,00;31,50;;36;0,00;1495,00;2026-09-21;https://www.congstar.de/handytarife/allnet-flat-tarife/allnet-flat-xs/;samsung-galaxy-s26-ultra-256gb-cobalt-violet
Bündel;Galaxy S26 Ultra;512;congstar;discount;Allnet Flat L;Groß;neu;1,00;29,00;27,50;;36;0,00;1687,00;2026-09-21;https://www.congstar.de/handytarife/allnet-flat-tarife/allnet-flat-l/;samsung-galaxy-s26-ultra-512gb-cobalt-violet
Bündel;Galaxy S26 Ultra;512;congstar;discount;Allnet Flat L Flex;Groß;neu;1,00;29,00;37,50;;36;0,00;2047,00;2026-09-21;https://www.congstar.de/handytarife/allnet-flat-tarife/allnet-flat-l/;samsung-galaxy-s26-ultra-512gb-cobalt-violet
Bündel;Galaxy S26 Ultra;512;congstar;discount;Allnet Flat M;Groß;neu;1,00;24,00;31,50;;36;0,00;1711,00;2026-09-21;https://www.congstar.de/handytarife/allnet-flat-tarife/allnet-flat-m/;samsung-galaxy-s26-ultra-512gb-cobalt-violet
Bündel;Galaxy S26 Ultra;512;congstar;discount;Allnet Flat M Flex;Groß;neu;1,00;24,00;37,50;;36;0,00;1927,00;2026-09-21;https://www.congstar.de/handytarife/allnet-flat-tarife/allnet-flat-m/;samsung-galaxy-s26-ultra-512gb-cobalt-violet
Bündel;Galaxy S26 Ultra;512;congstar;discount;Allnet Flat S;Mittel;neu;1,00;20,00;31,50;;36;0,00;1615,00;2026-09-21;https://www.congstar.de/handytarife/allnet-flat-tarife/allnet-flat-s/;samsung-galaxy-s26-ultra-512gb-cobalt-violet
Bündel;Galaxy S26 Ultra;512;congstar;discount;Allnet Flat S Flex;Mittel;neu;1,00;20,00;37,50;;36;0,00;1831,00;2026-09-21;https://www.congstar.de/handytarife/allnet-flat-tarife/allnet-flat-s/;samsung-galaxy-s26-ultra-512gb-cobalt-violet
Bündel;Galaxy S26 Ultra;512;congstar;discount;Allnet Flat XS;Klein;neu;1,00;15,00;35,50;;36;0,00;1639,00;2026-09-21;https://www.congstar.de/handytarife/allnet-flat-tarife/allnet-flat-xs/;samsung-galaxy-s26-ultra-512gb-cobalt-violet
Bündel;Galaxy S26 Ultra;512;congstar;discount;Allnet Flat XS Flex;Klein;neu;1,00;15,00;37,50;;36;0,00;1711,00;2026-09-21;https://www.congstar.de/handytarife/allnet-flat-tarife/allnet-flat-xs/;samsung-galaxy-s26-ultra-512gb-cobalt-violet
Bündel;Galaxy Z Fold8;256;congstar;discount;Allnet Flat L;Groß;neu;49,00;29,00;44,50;;36;0,00;2347,00;2026-09-12;https://www.congstar.de/handytarife/allnet-flat-tarife/allnet-flat-l/;samsung-galaxy-z-fold8-256gb-violett
Bündel;Galaxy Z Fold8;256;congstar;discount;Allnet Flat L Flex;Groß;neu;49,00;29,00;54,00;;36;0,00;2689,00;2026-09-12;https://www.congstar.de/handytarife/allnet-flat-tarife/allnet-flat-l/;samsung-galaxy-z-fold8-256gb-violett
Bündel;Galaxy Z Fold8;256;congstar;discount;Allnet Flat M;Groß;neu;49,00;24,00;45,50;;36;0,00;2263,00;2026-09-12;https://www.congstar.de/handytarife/allnet-flat-tarife/allnet-flat-m/;samsung-galaxy-z-fold8-256gb-violett
Bündel;Galaxy Z Fold8;256;congstar;discount;Allnet Flat M Flex;Groß;neu;49,00;24,00;54,00;;36;0,00;2569,00;2026-09-12;https://www.congstar.de/handytarife/allnet-flat-tarife/allnet-flat-m/;samsung-galaxy-z-fold8-256gb-violett
Bündel;Galaxy Z Fold8;256;congstar;discount;Allnet Flat S;Mittel;neu;49,00;20,00;47,50;;36;0,00;2239,00;2026-09-12;https://www.congstar.de/handytarife/allnet-flat-tarife/allnet-flat-s/;samsung-galaxy-z-fold8-256gb-violett
Bündel;Galaxy Z Fold8;256;congstar;discount;Allnet Flat S Flex;Mittel;neu;49,00;20,00;54,00;;36;0,00;2473,00;2026-09-12;https://www.congstar.de/handytarife/allnet-flat-tarife/allnet-flat-s/;samsung-galaxy-z-fold8-256gb-violett
Bündel;Galaxy Z Fold8;256;congstar;discount;Allnet Flat XS;Klein;neu;49,00;15,00;48,50;;36;0,00;2155,00;2026-09-12;https://www.congstar.de/handytarife/allnet-flat-tarife/allnet-flat-xs/;samsung-galaxy-z-fold8-256gb-violett
Bündel;Galaxy Z Fold8;256;congstar;discount;Allnet Flat XS Flex;Klein;neu;49,00;15,00;54,00;;36;0,00;2353,00;2026-09-12;https://www.congstar.de/handytarife/allnet-flat-tarife/allnet-flat-xs/;samsung-galaxy-z-fold8-256gb-violett
Bündel;Galaxy Z Fold8;512;congstar;discount;Allnet Flat L;Groß;neu;109,00;29,00;49,00;;36;0,00;2569,00;2026-09-12;https://www.congstar.de/handytarife/allnet-flat-tarife/allnet-flat-l/;samsung-galaxy-z-fold8-512gb-violett
Bündel;Galaxy Z Fold8;512;congstar;discount;Allnet Flat L Flex;Groß;neu;109,00;29,00;58,00;;36;0,00;2893,00;2026-09-12;https://www.congstar.de/handytarife/allnet-flat-tarife/allnet-flat-l/;samsung-galaxy-z-fold8-512gb-violett
Bündel;Galaxy Z Fold8;512;congstar;discount;Allnet Flat M;Groß;neu;109,00;24,00;50,00;;36;0,00;2485,00;2026-09-12;https://www.congstar.de/handytarife/allnet-flat-tarife/allnet-flat-m/;samsung-galaxy-z-fold8-512gb-violett
Bündel;Galaxy Z Fold8;512;congstar;discount;Allnet Flat M Flex;Groß;neu;109,00;24,00;58,00;;36;0,00;2773,00;2026-09-12;https://www.congstar.de/handytarife/allnet-flat-tarife/allnet-flat-m/;samsung-galaxy-z-fold8-512gb-violett
Bündel;Galaxy Z Fold8;512;congstar;discount;Allnet Flat S;Mittel;neu;109,00;20,00;52,00;;36;0,00;2461,00;2026-09-12;https://www.congstar.de/handytarife/allnet-flat-tarife/allnet-flat-s/;samsung-galaxy-z-fold8-512gb-violett
Bündel;Galaxy Z Fold8;512;congstar;discount;Allnet Flat S Flex;Mittel;neu;109,00;20,00;58,00;;36;0,00;2677,00;2026-09-12;https://www.congstar.de/handytarife/allnet-flat-tarife/allnet-flat-s/;samsung-galaxy-z-fold8-512gb-violett
Bündel;Galaxy Z Fold8;512;congstar;discount;Allnet Flat XS;Klein;neu;109,00;15,00;53,00;;36;0,00;2377,00;2026-09-12;https://www.congstar.de/handytarife/allnet-flat-tarife/allnet-flat-xs/;samsung-galaxy-z-fold8-512gb-violett
Bündel;Galaxy Z Fold8;512;congstar;discount;Allnet Flat XS Flex;Klein;neu;109,00;15,00;58,00;;36;0,00;2557,00;2026-09-12;https://www.congstar.de/handytarife/allnet-flat-tarife/allnet-flat-xs/;samsung-galaxy-z-fold8-512gb-violett
Bündel;iPhone 14;128;o2;netzbetreiber;O2 Mobile on Demand M Plus mit 50 GB+ (24 Mon.);Mittel;neu;1,00;14,99;20,00;;36;39,99;1120,75;2026-09-21;https://www.o2online.de/e-shop/apple/apple-iphone-14-128gb-mitternacht-details?ohne-tarif=nein&zielgruppe=privatkunden&ratenzahlung=36&vertragsart=ratenzahlung&tarif=o2-mobile-on-demand-m-plus;apple-iphone-14-128gb-schwarz
Bündel;iPhone 14;128;o2;netzbetreiber;O2 Mobile on Demand M Plus mit 50 GB+ (24 Mon.);Mittel;refurbished;13,00;14,99;12,00;;36;39,99;844,75;2026-09-21;https://www.o2online.de/e-shop/apple/apple-iphone-14-128gb-mitternacht-erneuert-details?ohne-tarif=nein&zielgruppe=privatkunden&ratenzahlung=36&vertragsart=ratenzahlung&tarif=o2-mobile-on-demand-m-plus;apple-iphone-14-128gb-schwarz-refurbished
Bündel;iPhone 14 Pro;128;o2;netzbetreiber;O2 Mobile on Demand M Plus mit 50 GB+ (24 Mon.);Mittel;neu;1,00;14,99;34,00;;36;39,99;1624,75;2026-09-21;https://www.o2online.de/e-shop/apple/apple-iphone-14-pro-128gb-dunkellila-details?ohne-tarif=nein&zielgruppe=privatkunden&ratenzahlung=36&vertragsart=ratenzahlung&tarif=o2-mobile-on-demand-m-plus;apple-iphone-14-pro-128gb-dunkellila
Bündel;iPhone 14 Pro;128;o2;netzbetreiber;O2 Mobile on Demand M Plus mit 50 GB+ (24 Mon.);Mittel;;1,00;14,99;16,00;;36;39,99;976,75;2026-09-04;https://www.o2online.de/e-shop/apple/apple-iphone-14-pro-128gb-space-schwarz-erneuert-details?ohne-tarif=nein&zielgruppe=privatkunden&ratenzahlung=36&vertragsart=ratenzahlung&tarif=o2-mobile-on-demand-m-plus;apple-iphone-14-pro-128gb-space-schwarz-refurbished
Bündel;iPhone 14 Pro Max;512;o2;netzbetreiber;O2 Mobile on Demand M Plus mit 50 GB+ (24 Mon.);Mittel;neu;1,00;14,99;49,00;;36;39,99;2164,75;2026-09-21;https://www.o2online.de/e-shop/apple/apple-iphone-14-pro-max-512gb-gold-details?ohne-tarif=nein&zielgruppe=privatkunden&ratenzahlung=36&vertragsart=ratenzahlung&tarif=o2-mobile-on-demand-m-plus;apple-iphone-14-pro-max-512gb-gold
Bündel;iPhone 15;128;o2;netzbetreiber;O2 Mobile on Demand M Plus mit 50 GB+ (24 Mon.);Mittel;neu;1,00;14,99;20,00;;36;39,99;1120,75;2026-09-21;https://www.o2online.de/e-shop/apple/apple-iphone-15-128gb-schwarz-details?ohne-tarif=nein&zielgruppe=privatkunden&ratenzahlung=36&vertragsart=ratenzahlung&tarif=o2-mobile-on-demand-m-plus;apple-iphone-15-128gb-schwarz
Bündel;iPhone 15;128;o2;netzbetreiber;O2 Mobile on Demand M Plus mit 50 GB+ (24 Mon.);Mittel;refurbished;1,00;14,99;17,00;;36;39,99;1012,75;2026-09-21;https://www.o2online.de/e-shop/apple/apple-iphone-15-128gb-schwarz-erneuert-details?ohne-tarif=nein&zielgruppe=privatkunden&ratenzahlung=36&vertragsart=ratenzahlung&tarif=o2-mobile-on-demand-m-plus;apple-iphone-15-128gb-schwarz-refurbished
Bündel;iPhone 15 Plus;128;o2;netzbetreiber;O2 Mobile on Demand M Plus mit 50 GB+ (24 Mon.);Mittel;neu;1,00;14,99;26,00;;36;39,99;1336,75;2026-09-21;https://www.o2online.de/e-shop/apple/apple-iphone-15-plus-128gb-schwarz-details?ohne-tarif=nein&zielgruppe=privatkunden&ratenzahlung=36&vertragsart=ratenzahlung&tarif=o2-mobile-on-demand-m-plus;apple-iphone-15-plus-128gb-schwarz
Bündel;iPhone 15 Pro;128;o2;netzbetreiber;O2 Mobile on Demand M Plus mit 50 GB+ (24 Mon.);Mittel;refurbished;1,00;14,99;19,00;;36;39,99;1084,75;2026-09-21;https://www.o2online.de/e-shop/apple/apple-iphone-15-pro-128gb-titan-blau-erneuert-details?ohne-tarif=nein&zielgruppe=privatkunden&ratenzahlung=36&vertragsart=ratenzahlung&tarif=o2-mobile-on-demand-m-plus;apple-iphone-15-pro-128gb-titan-blau-refurbished
Bündel;iPhone 15 Pro;128;o2;netzbetreiber;O2 Mobile on Demand M Plus mit 50 GB+ (24 Mon.);Mittel;neu;1,00;14,99;34,00;;36;39,99;1624,75;2026-09-21;https://www.o2online.de/e-shop/apple/apple-iphone-15-pro-128gb-titan-natur-details?ohne-tarif=nein&zielgruppe=privatkunden&ratenzahlung=36&vertragsart=ratenzahlung&tarif=o2-mobile-on-demand-m-plus;apple-iphone-15-pro-128gb-titan-natur
Bündel;iPhone 15 Pro Max;256;o2;netzbetreiber;O2 Mobile on Demand M Plus mit 50 GB+ (24 Mon.);Mittel;neu;37,00;14,99;40,00;;36;39,99;1876,75;2026-09-21;https://www.o2online.de/e-shop/apple/apple-iphone-15-pro-max-256gb-titan-schwarz-details?ohne-tarif=nein&zielgruppe=privatkunden&ratenzahlung=36&vertragsart=ratenzahlung&tarif=o2-mobile-on-demand-m-plus;apple-iphone-15-pro-max-256gb-titan-schwarz
Bündel;iPhone 16;128;o2;netzbetreiber;O2 Mobile on Demand M Plus mit 50 GB+ (24 Mon.);Mittel;refurbished;13,00;14,99;19,00;;36;39,99;1096,75;2026-09-21;https://www.o2online.de/e-shop/apple/apple-iphone-16-128gb-blau-erneuert-details?ohne-tarif=nein&zielgruppe=privatkunden&ratenzahlung=36&vertragsart=ratenzahlung&tarif=o2-mobile-on-demand-m-plus;apple-iphone-16-128gb-blau-refurbished
Bündel;iPhone 16;128;o2;netzbetreiber;O2 Mobile on Demand M Plus mit 50 GB+ (24 Mon.);Mittel;neu;1,00;14,99;25,00;;36;39,99;1300,75;2026-09-21;https://www.o2online.de/e-shop/apple/apple-iphone-16-128gb-schwarz-details?ohne-tarif=nein&zielgruppe=privatkunden&ratenzahlung=36&vertragsart=ratenzahlung&tarif=o2-mobile-on-demand-m-plus;apple-iphone-16-128gb-schwarz
Bündel;iPhone 16 Plus;128;o2;netzbetreiber;O2 Mobile on Demand M Plus mit 50 GB+ (24 Mon.);Mittel;neu;1,00;14,99;27,50;;36;39,99;1390,75;2026-09-21;https://www.o2online.de/e-shop/apple/apple-iphone-16-plus-128gb-schwarz-details?ohne-tarif=nein&zielgruppe=privatkunden&ratenzahlung=36&vertragsart=ratenzahlung&tarif=o2-mobile-on-demand-m-plus;apple-iphone-16-plus-128gb-schwarz
Bündel;iPhone 16 Pro;128;o2;netzbetreiber;O2 Mobile on Demand M Plus mit 50 GB+ (24 Mon.);Mittel;neu;1,00;14,99;35,00;;36;39,99;1660,75;2026-09-21;https://www.o2online.de/e-shop/apple/apple-iphone-16-pro-128gb-titan-schwarz-details?ohne-tarif=nein&zielgruppe=privatkunden&ratenzahlung=36&vertragsart=ratenzahlung&tarif=o2-mobile-on-demand-m-plus;apple-iphone-16-pro-128gb-titan-schwarz
Bündel;iPhone 16 Pro Max;256;o2;netzbetreiber;O2 Mobile on Demand M Plus mit 50 GB+ (24 Mon.);Mittel;neu;1,00;14,99;42,00;;36;39,99;1912,75;2026-09-21;https://www.o2online.de/e-shop/apple/apple-iphone-16-pro-max-256gb-titan-weiss-details?ohne-tarif=nein&zielgruppe=privatkunden&ratenzahlung=36&vertragsart=ratenzahlung&tarif=o2-mobile-on-demand-m-plus;apple-iphone-16-pro-max-256gb-titan-weiss
Bündel;iPhone 16e;128;o2;netzbetreiber;O2 Mobile on Demand M Plus mit 50 GB+ (24 Mon.);Mittel;neu;1,00;14,99;17,00;;36;39,99;1012,75;2026-09-21;https://www.o2online.de/e-shop/apple/apple-iphone-16e-128gb-weiss-details?ohne-tarif=nein&zielgruppe=privatkunden&ratenzahlung=36&vertragsart=ratenzahlung&tarif=o2-mobile-on-demand-m-plus;apple-iphone-16e-128gb-weiss
Bündel;iPhone 17;256;o2;netzbetreiber;O2 Mobile L Plus mit 150 GB+ (24 Mon.);Groß;neu;1,00;19,99;28,50;;36;0,00;1506,76;2026-09-08;https://www.o2online.de/e-shop/apple/apple-iphone-17-256gb-schwarz-details?ohne-tarif=nein&zielgruppe=privatkunden&ratenzahlung=36&vertragsart=ratenzahlung&tarif=o2-mobile-l-plus;apple-iphone-17-256gb-schwarz
Bündel;iPhone 17;256;o2;netzbetreiber;O2 Mobile Unlimited M Plus mit 100 MBit/s (24 Mon.);;neu;1,00;19,99;32,50;;36;0,00;1650,76;2026-09-21;https://www.o2online.de/e-shop/apple/apple-iphone-17-256gb-schwarz-details?ohne-tarif=nein&zielgruppe=privatkunden&ratenzahlung=36&vertragsart=ratenzahlung&tarif=o2-mobile-unlimited-m-plus;apple-iphone-17-256gb-schwarz
Bündel;iPhone 17;256;o2;netzbetreiber;O2 Mobile on Demand M Plus mit 50 GB+ (24 Mon.);Mittel;refurbished;1,00;14,99;27,00;;36;39,99;1372,75;2026-09-08;https://www.o2online.de/e-shop/apple/apple-iphone-17-256gb-schwarz-erneuert-details?ohne-tarif=nein&zielgruppe=privatkunden&ratenzahlung=36&vertragsart=ratenzahlung&tarif=o2-mobile-on-demand-m-plus;apple-iphone-17-256gb-schwarz-refurbished
Bündel;iPhone 17;256;o2;netzbetreiber;O2 Mobile Unlimited M Plus mit 100 MBit/s (24 Mon.);;refurbished;1,00;19,99;27,00;;36;0,00;1452,76;2026-09-21;https://www.o2online.de/e-shop/apple/apple-iphone-17-256gb-schwarz-erneuert-details?ohne-tarif=nein&zielgruppe=privatkunden&ratenzahlung=36&vertragsart=ratenzahlung&tarif=o2-mobile-unlimited-m-plus;apple-iphone-17-256gb-schwarz-refurbished
Bündel;iPhone 17 Pro;256;o2;netzbetreiber;O2 Mobile L Plus mit 150 GB+ (24 Mon.);Groß;neu;1,00;19,99;36,50;;36;0,00;1794,76;2026-09-08;https://www.o2online.de/e-shop/apple/apple-iphone-17-pro-256gb-silber-details?ohne-tarif=nein&zielgruppe=privatkunden&ratenzahlung=36&vertragsart=ratenzahlung&tarif=o2-mobile-l-plus;apple-iphone-17-pro-256gb-silber
Bündel;iPhone 17 Pro;256;o2;netzbetreiber;O2 Mobile Unlimited M Plus mit 100 MBit/s (24 Mon.);;neu;1,00;19,99;36,50;;36;0,00;1794,76;2026-09-21;https://www.o2online.de/e-shop/apple/apple-iphone-17-pro-256gb-silber-details?ohne-tarif=nein&zielgruppe=privatkunden&ratenzahlung=36&vertragsart=ratenzahlung&tarif=o2-mobile-unlimited-m-plus;apple-iphone-17-pro-256gb-silber
Bündel;iPhone 17 Pro Max;256;o2;netzbetreiber;O2 Mobile L Plus mit 150 GB+ (24 Mon.);Groß;neu;1,00;19,99;40,50;;36;0,00;1938,76;2026-09-08;https://www.o2online.de/e-shop/apple/apple-iphone-17-pro-max-256gb-tiefblau-details?ohne-tarif=nein&zielgruppe=privatkunden&ratenzahlung=36&vertragsart=ratenzahlung&tarif=o2-mobile-l-plus;apple-iphone-17-pro-max-256gb-tiefblau
Bündel;iPhone 17 Pro Max;256;o2;netzbetreiber;O2 Mobile Unlimited M Plus mit 100 MBit/s (24 Mon.);;neu;1,00;19,99;40,50;;36;0,00;1938,76;2026-09-21;https://www.o2online.de/e-shop/apple/apple-iphone-17-pro-max-256gb-tiefblau-details?ohne-tarif=nein&zielgruppe=privatkunden&ratenzahlung=36&vertragsart=ratenzahlung&tarif=o2-mobile-unlimited-m-plus;apple-iphone-17-pro-max-256gb-tiefblau
Bündel;iPhone 17e;256;o2;netzbetreiber;O2 Mobile L Plus mit 150 GB+ (24 Mon.);Groß;neu;1,00;19,99;19,50;;36;0,00;1182,76;2026-09-08;https://www.o2online.de/e-shop/apple/apple-iphone-17e-256gb-schwarz-details?ohne-tarif=nein&zielgruppe=privatkunden&ratenzahlung=36&vertragsart=ratenzahlung&tarif=o2-mobile-l-plus;apple-iphone-17e-256gb-schwarz
Bündel;iPhone 17e;256;o2;netzbetreiber;O2 Mobile Unlimited M Plus mit 100 MBit/s (24 Mon.);;neu;1,00;19,99;23,50;;36;0,00;1326,76;2026-09-21;https://www.o2online.de/e-shop/apple/apple-iphone-17e-256gb-schwarz-details?ohne-tarif=nein&zielgruppe=privatkunden&ratenzahlung=36&vertragsart=ratenzahlung&tarif=o2-mobile-unlimited-m-plus;apple-iphone-17e-256gb-schwarz
Bündel;iPhone Air;256;o2;netzbetreiber;O2 Mobile on Demand M Plus mit 50 GB+ (24 Mon.);Mittel;neu;1,00;14,99;27,50;;36;39,99;1390,75;2026-09-21;https://www.o2online.de/e-shop/apple/apple-iphone-air-256gb-himmelblau-details?ohne-tarif=nein&zielgruppe=privatkunden&ratenzahlung=36&vertragsart=ratenzahlung&tarif=o2-mobile-on-demand-m-plus;apple-iphone-air-256gb-himmelblau
Bündel;Fairphone 6;256;o2;netzbetreiber;O2 Mobile on Demand M Plus mit 50 GB+ (24 Mon.);Mittel;neu;1,00;14,99;15,50;;36;39,99;958,75;2026-09-21;https://www.o2online.de/e-shop/fairphone/fairphone-6-256gb-schwarz-details?ohne-tarif=nein&zielgruppe=privatkunden&ratenzahlung=36&vertragsart=ratenzahlung&tarif=o2-mobile-on-demand-m-plus;fairphone-6-256gb-schwarz
Bündel;Pixel 10;128;o2;netzbetreiber;O2 Mobile on Demand M Plus mit 50 GB+ (24 Mon.);Mittel;neu;1,00;14,99;19,50;;36;39,99;1102,75;2026-09-21;https://www.o2online.de/e-shop/google/google-pixel-10-128gb-obsidian-details?ohne-tarif=nein&zielgruppe=privatkunden&ratenzahlung=36&vertragsart=ratenzahlung&tarif=o2-mobile-on-demand-m-plus;google-pixel-10-128gb-schwarz
Bündel;Pixel 10 Pro;128;o2;netzbetreiber;O2 Mobile on Demand M Plus mit 50 GB+ (24 Mon.);Mittel;neu;1,00;12,99;27,00;;36;39,99;1324,75;2026-09-21;https://www.o2online.de/e-shop/google/google-pixel-10-pro-128gb-obsidian-details?ohne-tarif=nein&zielgruppe=privatkunden&ratenzahlung=36&vertragsart=ratenzahlung&tarif=o2-mobile-on-demand-m-plus;google-pixel-10-pro-128gb-schwarz
Bündel;Pixel 10 Pro Fold;256;o2;netzbetreiber;O2 Mobile on Demand M Plus mit 50 GB+ (24 Mon.);Mittel;neu;1,00;14,99;44,50;;36;39,99;2002,75;2026-09-16;https://www.o2online.de/e-shop/google/google-pixel-10-pro-fold-256gb-moonstone-details?ohne-tarif=nein&zielgruppe=privatkunden&ratenzahlung=36&vertragsart=ratenzahlung&tarif=o2-mobile-on-demand-m-plus;google-pixel-10-pro-fold-256gb-moonstone
Bündel;Pixel 10 Pro XL;256;o2;netzbetreiber;O2 Mobile on Demand M Plus mit 50 GB+ (24 Mon.);Mittel;neu;1,00;14,99;31,00;;36;39,99;1516,75;2026-09-16;https://www.o2online.de/e-shop/google/google-pixel-10-pro-xl-256gb-obsidian-details?ohne-tarif=nein&zielgruppe=privatkunden&ratenzahlung=36&vertragsart=ratenzahlung&tarif=o2-mobile-on-demand-m-plus;google-pixel-10-pro-xl-256gb-schwarz
Bündel;Pixel 10a;128;o2;netzbetreiber;O2 Mobile on Demand M Plus mit 50 GB+ (24 Mon.);Mittel;neu;1,00;14,99;15,00;;36;39,99;940,75;2026-09-21;https://www.o2online.de/e-shop/google/google-pixel-10a-128gb-lavender-details?ohne-tarif=nein&zielgruppe=privatkunden&ratenzahlung=36&vertragsart=ratenzahlung&tarif=o2-mobile-on-demand-m-plus;google-pixel-10a-128gb-violett
Bündel;Pixel 11;256;o2;netzbetreiber;O2 Mobile on Demand M Plus mit 50 GB+ (24 Mon.);Mittel;neu;1,00;14,99;27,50;;36;39,99;1390,75;2026-09-21;https://www.o2online.de/e-shop/google/google-pixel-11-256gb-frost-details?ohne-tarif=nein&zielgruppe=privatkunden&ratenzahlung=36&vertragsart=ratenzahlung&tarif=o2-mobile-on-demand-m-plus;google-pixel-11-256gb-frost
Bündel;Pixel 11 Pro Fold;256;o2;netzbetreiber;O2 Mobile on Demand M Plus mit 50 GB+ (24 Mon.);Mittel;neu;1,00;14,99;55,00;;36;39,99;2380,75;2026-09-21;https://www.o2online.de/e-shop/google/google-pixel-11-pro-fold-256gb-olive-details?ohne-tarif=nein&zielgruppe=privatkunden&ratenzahlung=36&vertragsart=ratenzahlung&tarif=o2-mobile-on-demand-m-plus;google-pixel-11-pro-fold-256gb-olive
Bündel;Pixel 11 Pro XL;256;o2;netzbetreiber;O2 Mobile on Demand M Plus mit 50 GB+ (24 Mon.);Mittel;neu;1,00;14,99;39,00;;36;39,99;1804,75;2026-09-21;https://www.o2online.de/e-shop/google/google-pixel-11-pro-xl-256gb-canyon-details?ohne-tarif=nein&zielgruppe=privatkunden&ratenzahlung=36&vertragsart=ratenzahlung&tarif=o2-mobile-on-demand-m-plus;google-pixel-11-pro-xl-256gb-canyon
Bündel;Nothing Phone (3);256;o2;netzbetreiber;O2 Mobile on Demand M Plus mit 50 GB+ (24 Mon.);Mittel;neu;1,00;14,99;16,50;;36;39,99;994,75;2026-09-21;https://www.o2online.de/e-shop/nothing/nothing-phone-3-256gb-schwarz-details?ohne-tarif=nein&zielgruppe=privatkunden&ratenzahlung=36&vertragsart=ratenzahlung&tarif=o2-mobile-on-demand-m-plus;nothing-phone-3-256gb-schwarz
Bündel;Nothing Phone (4a);128;o2;netzbetreiber;O2 Mobile on Demand M Plus mit 50 GB+ (24 Mon.);Mittel;neu;1,00;14,99;10,50;;36;39,99;778,75;2026-09-21;https://www.o2online.de/e-shop/nothing/nothing-phone-4a-128gb-schwarz-details?ohne-tarif=nein&zielgruppe=privatkunden&ratenzahlung=36&vertragsart=ratenzahlung&tarif=o2-mobile-on-demand-m-plus;nothing-phone-4a-128gb-schwarz
Bündel;Nothing Phone (4a) Pro;256;o2;netzbetreiber;O2 Mobile on Demand M Plus mit 50 GB+ (24 Mon.);Mittel;neu;1,00;14,99;16,50;;36;39,99;994,75;2026-09-21;https://www.o2online.de/e-shop/nothing/nothing-phone-4a-pro-256gb-schwarz-details?ohne-tarif=nein&zielgruppe=privatkunden&ratenzahlung=36&vertragsart=ratenzahlung&tarif=o2-mobile-on-demand-m-plus;nothing-phone-4a-pro-256gb-schwarz
Bündel;Galaxy A37;128;o2;netzbetreiber;O2 Mobile on Demand M Plus mit 50 GB+ (24 Mon.);Mittel;neu;1,00;14,99;11,00;;36;39,99;796,75;2026-09-21;https://www.o2online.de/e-shop/samsung/samsung-galaxy-a37-128gb-awesome-charcoal-details?ohne-tarif=nein&zielgruppe=privatkunden&ratenzahlung=36&vertragsart=ratenzahlung&tarif=o2-mobile-on-demand-m-plus;samsung-galaxy-a37-128gb-awesome-charcoal
Bündel;Galaxy A56;128;o2;netzbetreiber;O2 Mobile on Demand M Plus mit 50 GB+ (24 Mon.);Mittel;neu;1,00;14,99;11,00;;36;39,99;796,75;2026-09-21;https://www.o2online.de/e-shop/samsung/samsung-galaxy-a56-128gb-awesome-graphite-5g-details?ohne-tarif=nein&zielgruppe=privatkunden&ratenzahlung=36&vertragsart=ratenzahlung&tarif=o2-mobile-on-demand-m-plus;samsung-galaxy-a56-128gb-awesome-graphite-5g
Bündel;Galaxy A57;128;o2;netzbetreiber;O2 Mobile on Demand M Plus mit 50 GB+ (24 Mon.);Mittel;neu;1,00;14,99;14,00;;36;39,99;904,75;2026-09-21;https://www.o2online.de/e-shop/samsung/samsung-galaxy-a57-128gb-awesome-navy-details?ohne-tarif=nein&zielgruppe=privatkunden&ratenzahlung=36&vertragsart=ratenzahlung&tarif=o2-mobile-on-demand-m-plus;samsung-galaxy-a57-128gb-awesome-navy
Bündel;Galaxy S23;128;o2;netzbetreiber;O2 Mobile on Demand M Plus mit 50 GB+ (24 Mon.);Mittel;neu;37,00;14,99;19,00;;36;39,99;1120,75;2026-09-21;https://www.o2online.de/e-shop/samsung/samsung-galaxy-s23-128gb-pink-details?ohne-tarif=nein&zielgruppe=privatkunden&ratenzahlung=36&vertragsart=ratenzahlung&tarif=o2-mobile-on-demand-m-plus;samsung-galaxy-s23-128gb-rosa
Bündel;Galaxy S24;128;o2;netzbetreiber;O2 Mobile on Demand M Plus mit 50 GB+ (24 Mon.);Mittel;;25,00;14,99;14,00;;36;39,99;928,75;2026-09-04;https://www.o2online.de/e-shop/samsung/samsung-galaxy-s24-128gb-marble-gray-erneuert-details?ohne-tarif=nein&zielgruppe=privatkunden&ratenzahlung=36&vertragsart=ratenzahlung&tarif=o2-mobile-on-demand-m-plus;samsung-galaxy-s24-128gb-marble-gray-refurbished
Bündel;Galaxy S24;128;o2;netzbetreiber;O2 Mobile on Demand M Plus mit 50 GB+ (24 Mon.);Mittel;neu;1,00;14,99;22,00;;36;39,99;1192,75;2026-09-21;https://www.o2online.de/e-shop/samsung/samsung-galaxy-s24-128gb-onyx-black-details?ohne-tarif=nein&zielgruppe=privatkunden&ratenzahlung=36&vertragsart=ratenzahlung&tarif=o2-mobile-on-demand-m-plus;samsung-galaxy-s24-128gb-onyx-black
Bündel;Galaxy S24 Ultra;256;o2;netzbetreiber;O2 Mobile on Demand M Plus mit 50 GB+ (24 Mon.);Mittel;neu;1,00;14,99;30,00;;36;39,99;1480,75;2026-09-21;https://www.o2online.de/e-shop/samsung/samsung-galaxy-s24-ultra-256gb-titanium-black-details?ohne-tarif=nein&zielgruppe=privatkunden&ratenzahlung=36&vertragsart=ratenzahlung&tarif=o2-mobile-on-demand-m-plus;samsung-galaxy-s24-ultra-256gb-titan-schwarz
Bündel;Galaxy S24 Ultra;512;o2;netzbetreiber;O2 Mobile on Demand M Plus mit 50 GB+ (24 Mon.);Mittel;;25,00;14,99;20,00;;36;39,99;1144,75;2026-09-04;https://www.o2online.de/e-shop/samsung/samsung-galaxy-s24-ultra-512gb-titanium-black-gebraucht-details?ohne-tarif=nein&zielgruppe=privatkunden&ratenzahlung=36&vertragsart=ratenzahlung&tarif=o2-mobile-on-demand-m-plus;samsung-galaxy-s24-ultra-512gb-titan-schwarz-refurbished
Bündel;Galaxy S25;128;o2;netzbetreiber;O2 Mobile on Demand M Plus mit 50 GB+ (24 Mon.);Mittel;neu;1,00;14,99;24,50;;36;39,99;1282,75;2026-09-21;https://www.o2online.de/e-shop/samsung/samsung-galaxy-s25-128gb-navy-details?ohne-tarif=nein&zielgruppe=privatkunden&ratenzahlung=36&vertragsart=ratenzahlung&tarif=o2-mobile-on-demand-m-plus;samsung-galaxy-s25-128gb-blau
Bündel;Galaxy S25;128;o2;netzbetreiber;O2 Mobile on Demand M Plus mit 50 GB+ (24 Mon.);Mittel;refurbished;1,00;14,99;16,00;;36;39,99;976,75;2026-09-21;https://www.o2online.de/e-shop/samsung/samsung-galaxy-s25-128gb-grau-erneuert-details?ohne-tarif=nein&zielgruppe=privatkunden&ratenzahlung=36&vertragsart=ratenzahlung&tarif=o2-mobile-on-demand-m-plus;samsung-galaxy-s25-128gb-grau-refurbished
Bündel;Galaxy S25;256;o2;netzbetreiber;O2 Mobile on Demand M Plus mit 50 GB+ (24 Mon.);Mittel;neu;1,00;14,99;26,50;;36;39,99;1354,75;2026-09-21;https://www.o2online.de/e-shop/samsung/samsung-galaxy-s25-256gb-blueblack-details?ohne-tarif=nein&zielgruppe=privatkunden&ratenzahlung=36&vertragsart=ratenzahlung&tarif=o2-mobile-on-demand-m-plus;samsung-galaxy-s25-256gb-blueblack
Bündel;Galaxy S25 Ultra;256;o2;netzbetreiber;O2 Mobile on Demand M Plus mit 50 GB+ (24 Mon.);Mittel;refurbished;25,00;14,99;24,00;;36;39,99;1288,75;2026-09-21;https://www.o2online.de/e-shop/samsung/samsung-galaxy-s25-ultra-256gb-titanium-silverblue-erneuert-details?ohne-tarif=nein&zielgruppe=privatkunden&ratenzahlung=36&vertragsart=ratenzahlung&tarif=o2-mobile-on-demand-m-plus;samsung-galaxy-s25-ultra-256gb-titan-blau-refurbished
Bündel;Galaxy S25 Ultra;256;o2;netzbetreiber;O2 Mobile on Demand M Plus mit 50 GB+ (24 Mon.);Mittel;;25,00;14,99;24,00;;36;39,99;1288,75;2026-09-04;https://www.o2online.de/e-shop/samsung/samsung-galaxy-s25-ultra-256gb-titanium-gray-erneuert-details?ohne-tarif=nein&zielgruppe=privatkunden&ratenzahlung=36&vertragsart=ratenzahlung&tarif=o2-mobile-on-demand-m-plus;samsung-galaxy-s25-ultra-256gb-titan-grau-refurbished
Bündel;Galaxy S25 Ultra;256;o2;netzbetreiber;O2 Mobile on Demand M Plus mit 50 GB+ (24 Mon.);Mittel;neu;1,00;14,99;30,00;;36;39,99;1480,75;2026-09-21;https://www.o2online.de/e-shop/samsung/samsung-galaxy-s25-ultra-256gb-titanium-black-details?ohne-tarif=nein&zielgruppe=privatkunden&ratenzahlung=36&vertragsart=ratenzahlung&tarif=o2-mobile-on-demand-m-plus;samsung-galaxy-s25-ultra-256gb-titan-schwarz
Bündel;Galaxy S26;256;o2;netzbetreiber;O2 Mobile L Plus mit 150 GB+ (24 Mon.);Groß;neu;1,00;19,99;26,50;;36;0,00;1434,76;2026-09-08;https://www.o2online.de/e-shop/samsung/samsung-galaxy-s26-256gb-cobalt-violet-details?ohne-tarif=nein&zielgruppe=privatkunden&ratenzahlung=36&vertragsart=ratenzahlung&tarif=o2-mobile-l-plus;samsung-galaxy-s26-256gb-cobalt-violet
Bündel;Galaxy S26;256;o2;netzbetreiber;O2 Mobile Unlimited M Plus mit 100 MBit/s (24 Mon.);;neu;1,00;19,99;26,50;;36;0,00;1434,76;2026-09-21;https://www.o2online.de/e-shop/samsung/samsung-galaxy-s26-256gb-cobalt-violet-details?ohne-tarif=nein&zielgruppe=privatkunden&ratenzahlung=36&vertragsart=ratenzahlung&tarif=o2-mobile-unlimited-m-plus;samsung-galaxy-s26-256gb-cobalt-violet
Bündel;Galaxy S26;256;o2;netzbetreiber;O2 Mobile L Plus mit 150 GB+ (24 Mon.);Groß;neu;1,00;19,99;28,00;;36;0,00;1488,76;2026-09-21;https://www.o2online.de/e-shop/samsung/samsung-galaxy-s26-ee-256gb-black-details?ohne-tarif=nein&zielgruppe=privatkunden&ratenzahlung=36&vertragsart=ratenzahlung&tarif=o2-mobile-l-plus;samsung-galaxy-s26-256gb-schwarz
Bündel;Galaxy S26 FE;128;o2;netzbetreiber;O2 Mobile on Demand M Plus mit 50 GB+ (24 Mon.);Mittel;neu;1,00;14,99;22,50;;36;39,99;1210,75;2026-09-21;https://www.o2online.de/e-shop/samsung/samsung-galaxy-s26-fe-128gb-pistachio-details?ohne-tarif=nein&zielgruppe=privatkunden&ratenzahlung=36&vertragsart=ratenzahlung&tarif=o2-mobile-on-demand-m-plus;samsung-galaxy-s26-fe-128gb-pistachio
Bündel;Galaxy S26 Plus;256;o2;netzbetreiber;O2 Mobile L Plus mit 150 GB+ (24 Mon.);Groß;neu;1,00;19,99;34,50;;36;0,00;1722,76;2026-09-08;https://www.o2online.de/e-shop/samsung/samsung-galaxy-s26-plus-256gb-cobalt-violet-details?ohne-tarif=nein&zielgruppe=privatkunden&ratenzahlung=36&vertragsart=ratenzahlung&tarif=o2-mobile-l-plus;samsung-galaxy-s26-plus-256gb-cobalt-violet
Bündel;Galaxy S26 Plus;256;o2;netzbetreiber;O2 Mobile Unlimited M Plus mit 100 MBit/s (24 Mon.);;neu;1,00;19,99;34,50;;36;0,00;1722,76;2026-09-21;https://www.o2online.de/e-shop/samsung/samsung-galaxy-s26-plus-256gb-cobalt-violet-details?ohne-tarif=nein&zielgruppe=privatkunden&ratenzahlung=36&vertragsart=ratenzahlung&tarif=o2-mobile-unlimited-m-plus;samsung-galaxy-s26-plus-256gb-cobalt-violet
Bündel;Galaxy S26 Ultra;256;o2;netzbetreiber;O2 Mobile L Plus mit 150 GB+ (24 Mon.);Groß;neu;1,00;18,49;36,50;;36;0,00;1758,76;2026-09-08;https://www.o2online.de/e-shop/samsung/samsung-galaxy-s26-ultra-256gb-cobalt-violet-details?ohne-tarif=nein&zielgruppe=privatkunden&ratenzahlung=36&vertragsart=ratenzahlung&tarif=o2-mobile-l-plus;samsung-galaxy-s26-ultra-256gb-cobalt-violet
Bündel;Galaxy S26 Ultra;256;o2;netzbetreiber;O2 Mobile Unlimited M Plus mit 100 MBit/s (24 Mon.);;neu;1,00;18,49;36,50;;36;0,00;1758,76;2026-09-21;https://www.o2online.de/e-shop/samsung/samsung-galaxy-s26-ultra-256gb-cobalt-violet-details?ohne-tarif=nein&zielgruppe=privatkunden&ratenzahlung=36&vertragsart=ratenzahlung&tarif=o2-mobile-unlimited-m-plus;samsung-galaxy-s26-ultra-256gb-cobalt-violet
Bündel;Galaxy XCover7 Pro EE;128;o2;netzbetreiber;O2 Mobile on Demand M Plus mit 50 GB+ (24 Mon.);Mittel;neu;1,00;14,99;15,00;;36;39,99;940,75;2026-09-21;https://www.o2online.de/e-shop/samsung/samsung-galaxy-xcover-7-pro-5g-ee-128gb-schwarz-details?ohne-tarif=nein&zielgruppe=privatkunden&ratenzahlung=36&vertragsart=ratenzahlung&tarif=o2-mobile-on-demand-m-plus;samsung-galaxy-xcover7-pro-ee-128gb-schwarz
Bündel;Galaxy Z Flip8;256;o2;netzbetreiber;O2 Mobile on Demand M Plus mit 50 GB+ (24 Mon.);Mittel;neu;1,00;10,99;36,00;;36;39,99;1600,75;2026-09-21;https://www.o2online.de/e-shop/samsung/samsung-galaxy-z-flip8-256gb-pink-details?ohne-tarif=nein&zielgruppe=privatkunden&ratenzahlung=36&vertragsart=ratenzahlung&tarif=o2-mobile-on-demand-m-plus;samsung-galaxy-z-flip8-256gb-rosa
Bündel;Galaxy Z Fold8;256;o2;netzbetreiber;O2 Mobile on Demand M Plus mit 50 GB+ (24 Mon.);Mittel;neu;1,00;14,99;56,00;;36;39,99;2416,75;2026-09-21;https://www.o2online.de/e-shop/samsung/samsung-galaxy-z-fold8-256gb-lavender-details?ohne-tarif=nein&zielgruppe=privatkunden&ratenzahlung=36&vertragsart=ratenzahlung&tarif=o2-mobile-on-demand-m-plus;samsung-galaxy-z-fold8-256gb-violett
Bündel;Galaxy Z Fold8 Ultra;256;o2;netzbetreiber;O2 Mobile on Demand M Plus mit 50 GB+ (24 Mon.);Mittel;neu;1,00;14,99;61,00;;36;39,99;2596,75;2026-09-21;https://www.o2online.de/e-shop/samsung/samsung-galaxy-z-fold8-ultra-256gb-violet-shadow-details?ohne-tarif=nein&zielgruppe=privatkunden&ratenzahlung=36&vertragsart=ratenzahlung&tarif=o2-mobile-on-demand-m-plus;samsung-galaxy-z-fold8-ultra-256gb-violet-shadow
Bündel;Xiaomi 17;512;o2;netzbetreiber;O2 Mobile on Demand M Plus mit 50 GB+ (24 Mon.);Mittel;neu;1,00;8,49;26,50;;36;39,99;1198,75;2026-09-21;https://www.o2online.de/e-shop/xiaomi/xiaomi-17-512gb-schwarz-details?ohne-tarif=nein&zielgruppe=privatkunden&ratenzahlung=36&vertragsart=ratenzahlung&tarif=o2-mobile-on-demand-m-plus;xiaomi-17-512gb-schwarz
Bündel;Xiaomi 17T;256;o2;netzbetreiber;O2 Mobile on Demand M Plus mit 50 GB+ (24 Mon.);Mittel;neu;1,00;9,99;20,00;;36;39,99;1000,75;2026-09-21;https://www.o2online.de/e-shop/xiaomi/xiaomi-17t-256gb-schwarz-details?ohne-tarif=nein&zielgruppe=privatkunden&ratenzahlung=36&vertragsart=ratenzahlung&tarif=o2-mobile-on-demand-m-plus;xiaomi-17t-256gb-schwarz
Bündel;Xiaomi 17T Pro;512;o2;netzbetreiber;O2 Mobile on Demand M Plus mit 50 GB+ (24 Mon.);Mittel;neu;1,00;10,99;26,00;;36;39,99;1240,75;2026-09-21;https://www.o2online.de/e-shop/xiaomi/xiaomi-17t-pro-512gb-violett-details?ohne-tarif=nein&zielgruppe=privatkunden&ratenzahlung=36&vertragsart=ratenzahlung&tarif=o2-mobile-on-demand-m-plus;xiaomi-17t-pro-512gb-violett
Bündel;Redmi 17;128;o2;netzbetreiber;O2 Mobile on Demand M Plus mit 50 GB+ (24 Mon.);Mittel;;1,00;14,99;7,00;;36;39,99;652,75;2026-09-04;https://www.o2online.de/e-shop/xiaomi/xiaomi-redmi-17-128gb-blue-5g-details?ohne-tarif=nein&zielgruppe=privatkunden&ratenzahlung=36&vertragsart=ratenzahlung&tarif=o2-mobile-on-demand-m-plus;xiaomi-redmi-17-128gb-blue-5g
Bündel;Redmi Note 15 Pro;256;o2;netzbetreiber;O2 Mobile on Demand M Plus mit 50 GB+ (24 Mon.);Mittel;neu;1,00;14,99;10,00;;36;39,99;760,75;2026-09-21;https://www.o2online.de/e-shop/xiaomi/xiaomi-redmi-note-15-pro-256gb-schwarz-5g-details?ohne-tarif=nein&zielgruppe=privatkunden&ratenzahlung=36&vertragsart=ratenzahlung&tarif=o2-mobile-on-demand-m-plus;xiaomi-redmi-note-15-pro-256gb-schwarz-5g
Bündel;Redmi Note 17 Pro;256;o2;netzbetreiber;O2 Mobile on Demand M Plus mit 50 GB+ (24 Mon.);Mittel;neu;1,00;14,99;13,00;;36;39,99;868,75;2026-09-21;https://www.o2online.de/e-shop/xiaomi/xiaomi-redmi-note-17-pro-256gb-blue-5g-details?ohne-tarif=nein&zielgruppe=privatkunden&ratenzahlung=36&vertragsart=ratenzahlung&tarif=o2-mobile-on-demand-m-plus;xiaomi-redmi-note-17-pro-256gb-blue-5g
Bündel;Redmi Note 17 Pro Max;256;o2;netzbetreiber;O2 Mobile on Demand M Plus mit 50 GB+ (24 Mon.);Mittel;neu;1,00;14,99;16,50;;36;39,99;994,75;2026-09-21;https://www.o2online.de/e-shop/xiaomi/xiaomi-redmi-note-17-pro-max-256gb-cloud-5g-details?ohne-tarif=nein&zielgruppe=privatkunden&ratenzahlung=36&vertragsart=ratenzahlung&tarif=o2-mobile-on-demand-m-plus;xiaomi-redmi-note-17-pro-max-256gb-cloud-5g
SIM-only;;;Vodafone;netzbetreiber;Vodafone Mobil XS;Klein;;;29,95;;;;;718,80;2026-09-16;https://www.vodafone.de/media/downloads/pdf/VF-Mobil-XS-Juli-2026.pdf;
SIM-only;;;Vodafone;netzbetreiber;Vodafone Mobil S;Mittel;;;39,95;;;;;958,80;2026-09-16;https://www.vodafone.de/media/downloads/pdf/VF-Mobil-S-Juli-2026.pdf;
SIM-only;;;Vodafone;netzbetreiber;Vodafone Mobil M;Mittel;;;49,95;;;;;1198,80;2026-09-16;https://www.vodafone.de/media/downloads/pdf/VF-Mobil-M-Juli-2026.pdf;
SIM-only;;;Vodafone;netzbetreiber;Vodafone Mobil L;Groß;;;59,95;;;;;1438,80;2026-09-16;https://www.vodafone.de/media/downloads/pdf/VF-Mobil-L-Juli-2026.pdf;
SIM-only;;;Vodafone;netzbetreiber;Vodafone Mobil XL;;;;79,95;;;;;1918,80;2026-09-16;https://www.vodafone.de/media/downloads/pdf/VF-Mobil-XL-Juli-2026.pdf;
SIM-only;;;1&1;netzbetreiber;1&1 All-Net-Flat M;Mittel;;;14,99;;;;19,90;379,66;2026-09-21;https://www.1und1.de/handytarife-ohne-handy;
SIM-only;;;1&1;netzbetreiber;1&1 All-Net-Flat S;Klein;;;14,99;;;;19,90;379,66;2026-09-21;https://www.1und1.de/handytarife-ohne-handy;
SIM-only;;;1&1;netzbetreiber;1&1 All-Net-Flat L;Groß;;;19,99;;;;19,90;499,66;2026-09-21;https://www.1und1.de/handytarife-ohne-handy;
SIM-only;;;1&1;netzbetreiber;1&1 Unlimited on demand M;Mittel;;;19,99;;;;19,90;499,66;2026-09-21;https://www.1und1.de/handytarife-ohne-handy;
SIM-only;;;1&1;netzbetreiber;1&1 Unlimited on demand S;Klein;;;19,99;;;;19,90;499,66;2026-09-21;https://www.1und1.de/handytarife-ohne-handy;
SIM-only;;;1&1;netzbetreiber;1&1 Unlimited on demand L;Groß;;;24,99;;;;19,90;619,66;2026-09-21;https://www.1und1.de/handytarife-ohne-handy;
SIM-only;;;1&1;netzbetreiber;1&1 Unlimited XL;;;;39,99;;;;39,90;999,66;2026-09-21;https://www.1und1.de/handytarife-ohne-handy;
SIM-only;;;Telekom;netzbetreiber;MagentaMobil Basic;Klein;;;24,95;;;;;598,80;2026-09-15;https://www.telekom.de/produktinformationsblatt/magentamobil-basic-20240801;
SIM-only;;;Telekom;netzbetreiber;MagentaMobil XS;Klein;;;29,95;;;;;718,80;2026-09-15;https://www.telekom.de/shop/tarife/smartphone-tarife?tariffId=MF_17779#js-tileSectionRef;
SIM-only;;;Telekom;netzbetreiber;MagentaMobil S;Mittel;;;39,95;;;;;958,80;2026-09-15;https://www.telekom.de/shop/tarife/smartphone-tarife?tariffId=MF_17785#js-tileSectionRef;
SIM-only;;;Telekom;netzbetreiber;MagentaMobil S Flex;Klein;;;39,95;;;;;958,80;2026-09-15;https://www.telekom.de/produktinformationsblatt/mobilfunk-magentamobil-s-flex-20211005;
SIM-only;;;Telekom;netzbetreiber;MagentaMobil M;Mittel;;;49,95;;;;;1198,80;2026-09-15;https://www.telekom.de/shop/tarife/smartphone-tarife?tariffId=MF_17791#js-tileSectionRef;
SIM-only;;;Telekom;netzbetreiber;MagentaMobil M Flex;Klein;;;49,95;;;;;1198,80;2026-09-15;https://www.telekom.de/produktinformationsblatt/mobilfunk-magentamobil-m-flex-20211005;
SIM-only;;;Telekom;netzbetreiber;MagentaMobil L;Groß;;;59,95;;;;;1438,80;2026-09-15;https://www.telekom.de/shop/tarife/smartphone-tarife?tariffId=MF_17797#js-tileSectionRef;
SIM-only;;;Telekom;netzbetreiber;MagentaMobil L Flex;Mittel;;;59,95;;;;;1438,80;2026-09-15;https://www.telekom.de/produktinformationsblatt/mobilfunk-magentamobil-l-flex-20211005;
SIM-only;;;Telekom;netzbetreiber;MagentaMobil XL;;;;84,95;;;;;2038,80;2026-09-15;https://www.telekom.de/shop/tarife/smartphone-tarife?tariffId=MF_17803#js-tileSectionRef;
SIM-only;;;Telekom;netzbetreiber;MagentaMobil XL Flex;;;;84,95;;;;;2038,80;2026-09-15;https://www.telekom.de/produktinformationsblatt/mobilfunk-magentamobil-xl-flex-20211005;
SIM-only;;;congstar;discount;Allnet Flat XS Flex mit GB+;Klein;;;15,00;;;;;360,00;2026-09-16;https://www.congstar.de/fileadmin/files_congstar/documents/PIBs/2026/congstar/Produktinformationsblatt_544.pdf;
SIM-only;;;congstar;discount;Allnet Flat XS mit GB+;Klein;;;15,00;;;;;360,00;2026-09-16;https://www.congstar.de/fileadmin/produktinformationsblatt/Produktinformationsblatt_543.pdf;
SIM-only;;;congstar;discount;Allnet Flat S Flex mit GB+;Mittel;;;20,00;;;;;480,00;2026-09-16;https://www.congstar.de/fileadmin/produktinformationsblatt/Produktinformationsblatt_559.pdf;
SIM-only;;;congstar;discount;Allnet Flat S mit GB+;Mittel;;;20,00;;;;;480,00;2026-09-16;https://www.congstar.de/fileadmin/files_congstar/documents/PIBs/2026/congstar/Produktinformationsblatt_560.pdf;
SIM-only;;;congstar;discount;Allnet Flat M;Groß;;;24,00;;;;;576,00;2026-09-16;https://www.congstar.de/fileadmin/produktinformationsblatt/Produktinformationsblatt_540.pdf;
SIM-only;;;congstar;discount;Allnet Flat M Flex;Groß;;;24,00;;;;;576,00;2026-09-16;https://www.congstar.de/fileadmin/files_congstar/documents/PIBs/2026/congstar/Produktinformationsblatt_548.pdf;
SIM-only;;;congstar;discount;Allnet Flat L;Groß;;;29,00;;;;;696,00;2026-09-16;https://www.congstar.de/fileadmin/produktinformationsblatt/Produktinformationsblatt_545.pdf;
SIM-only;;;congstar;discount;Allnet Flat L Flex;Groß;;;29,00;;;;;696,00;2026-09-16;https://www.congstar.de/fileadmin/files_congstar/documents/PIBs/2026/congstar/Produktinformationsblatt_549.pdf;
SIM-only;;;congstar;discount;Allnet Flat XL Flex mit Upgrade-Versprechen;Mittel;;;35,00;;;;;840,00;2026-09-16;https://www.congstar.de/fileadmin/files_congstar/documents/PIBs/2026/congstar/Produktinformationsblatt_550.pdf;
SIM-only;;;congstar;discount;Allnet Flat XL mit Upgrade-Versprechen;Mittel;;;35,00;;;;;840,00;2026-09-16;https://www.congstar.de/fileadmin/produktinformationsblatt/Produktinformationsblatt_546.pdf;
SIM-only;;;o2;netzbetreiber;O2 Mobile on Demand M;Mittel;;;19,99;;;;39,99;519,75;2026-09-16;https://www.o2online.de/tarife/handyvertrag-ohne-handy/;
SIM-only;;;o2;netzbetreiber;O2 Mobile S;Klein;;;19,99;;;;39,99;519,75;2026-09-16;https://www.o2online.de/tarife/handyvertrag-ohne-handy/;
SIM-only;;;o2;netzbetreiber;O2 Mobile S Flex;Klein;;;19,99;;;;39,99;519,75;2026-09-16;https://www.o2online.de/tarife/handyvertrag-ohne-handy/;
SIM-only;;;o2;netzbetreiber;O2 Mobile L;Groß;;;24,99;;;;0,00;599,76;2026-09-16;https://www.o2online.de/tarife/handyvertrag-ohne-handy/;
SIM-only;;;o2;netzbetreiber;O2 Mobile Unlimited S Special;;;;24,99;;;;39,99;639,75;2026-09-16;https://www.o2online.de/tarife/handyvertrag-ohne-handy/;
SIM-only;;;o2;netzbetreiber;O2 Mobile on Demand M Flex;Mittel;;;29,99;;;;39,99;759,75;2026-09-16;https://www.o2online.de/tarife/handyvertrag-ohne-handy/;
SIM-only;;;o2;netzbetreiber;O2 Mobile Unlimited M;;;;29,99;;;;0,00;719,76;2026-09-11;https://www.o2online.de/tarife/handyvertrag-ohne-handy/;
SIM-only;;;o2;netzbetreiber;O2 Mobile L Flex;Groß;;;34,99;;;;39,99;879,75;2026-09-16;https://www.o2online.de/tarife/handyvertrag-ohne-handy/;
SIM-only;;;o2;netzbetreiber;O2 Mobile Unlimited S Special Flex;;;;34,99;;;;39,99;879,75;2026-09-16;https://www.o2online.de/tarife/handyvertrag-ohne-handy/;
SIM-only;;;o2;netzbetreiber;O2 Mobile Unlimited L;;;;39,99;;;;0,00;959,76;2026-09-16;https://www.o2online.de/tarife/handyvertrag-ohne-handy/;
SIM-only;;;o2;netzbetreiber;O2 Mobile Unlimited M Flex;;;;39,99;;;;39,99;999,75;2026-09-16;https://www.o2online.de/tarife/handyvertrag-ohne-handy/;
SIM-only;;;o2;netzbetreiber;O2 Mobile Unlimited M Flex (2026);;;;39,99;;;;;959,76;2026-09-16;https://static2.o9.de/resource/blob/2241742/f853005b6defea74a5b4b10da9240e49/o2-mobile-unlimited-m-flex-2026-download-data.pdf;
SIM-only;;;o2;netzbetreiber;O2 Mobile Unlimited L Flex;;;;59,99;;;;39,99;1479,75;2026-09-16;https://www.o2online.de/tarife/handyvertrag-ohne-handy/;
