Art;Modell;Hersteller;Speicher GB;Anbieter;Tarif;Tarifband;Status;Abweichung %;Wettbewerber-Preis EUR;Vodafone-Preis EUR;Preisart;Grund;Abgerufen am;Quelle
Preis-Alarm;Galaxy A17;Samsung;128;ALDI TALK;;;Kritisch;36,8;139,00;219,90;Gerätepreis ohne Vertrag;;2026-10-10;https://www.alditalk.de/p/samsung-samsung-galaxy-a17-lte-128-gb-black-sm-a175f-dsb-30042091A1?FF_QUERY=*%3Acategory_id%3BG5DE0Z0SIKUBHRGTNF411A7XPLN9RV3D&FF_POS=2&FF_PAGE=1&FF_PAGESIZE=30&FF_SCORE=100.0&FF_CAMPAIGN=&FF_CAMPAIGN_PAGE_ID=
Preis-Alarm;Pixel 10a;Google;128;congstar;;;Kritisch;27,8;397,00;549,90;Gerätepreis ohne Vertrag;;2026-10-10;https://www.congstar.de/geraete/google/google-pixel-10a/
Preis-Alarm;Galaxy A37;Samsung;128;ElectronicPartner;;;Kritisch;25,2;299,00;399,90;Gerätepreis ohne Vertrag;;2026-10-07;https://www.ep.de/p/1518879/galaxy-a37-5g-a376b-128gb
Preis-Alarm;iPhone 16;Apple;128;congstar;;;Kritisch;24,3;757,00;999,90;Gerätepreis ohne Vertrag;;2026-10-10;https://www.congstar.de/geraete/apple/apple-iphone-16/
Preis-Alarm;Galaxy S26;Samsung;256;Medimax;;;Kritisch;22,3;699,00;899,90;Gerätepreis ohne Vertrag;;2026-09-29;https://www.medimax.de/p/1514139/galaxy-s26-s942b-256gb
Preis-Alarm;Pixel 10;Google;128;o2;;;Kritisch;21,9;703,00;899,90;Gerätepreis ohne Vertrag;;2026-10-10;https://www.o2online.de/e-shop/google/google-pixel-10-128gb-obsidian-details?ohne-tarif=ja&zielgruppe=privatkunden&ratenzahlung=24&vertragsart=ratenzahlung
Preis-Alarm;Xiaomi 17 Ultra;Xiaomi;512;congstar;;;Kritisch;17,4;1239,00;1499,90;Gerätepreis ohne Vertrag;;2026-10-10;https://www.congstar.de/geraete/xiaomi/xiaomi-17-ultra/
Preis-Alarm;iPhone Air;Apple;256;congstar;;;Kritisch;15,3;889,00;1049,90;Gerätepreis ohne Vertrag;;2026-10-10;https://www.congstar.de/geraete/apple/apple-iphone-air/
Preis-Alarm;Xiaomi 17T Pro;Xiaomi;512;congstar;;;Kritisch;13,5;865,00;999,90;Gerätepreis ohne Vertrag;;2026-10-10;https://www.congstar.de/geraete/xiaomi/xiaomi-17t-pro/
Preis-Alarm;iPhone 17;Apple;512;Saturn;;;Kritisch;12,7;1179,00;1349,90;Gerätepreis ohne Vertrag;;2026-10-10;https://www.saturn.de/de/product/_apple-iphone-17-5g-512-gb-schwarz-dual-sim-3013580.html
Preis-Alarm;Galaxy A57;Samsung;256;congstar;;;Kritisch;12,2;483,00;549,90;Gerätepreis ohne Vertrag;;2026-10-10;https://www.congstar.de/geraete/samsung/samsung-galaxy-a57/
Preis-Alarm;iPhone 16e;Apple;128;freenet;;;Kritisch;10,1;629,00;699,90;Gerätepreis ohne Vertrag;;2026-10-10;https://www.freenet.de/handys-smartphones/apple/iphone-16e-ohne-vertrag/p/P-M-3925066?ds=P-4038730
Preis-Alarm;Galaxy S25;Samsung;128;congstar;;;Mittel;9,3;771,00;849,90;Gerätepreis ohne Vertrag;;2026-10-10;https://www.congstar.de/geraete/samsung/samsung-galaxy-s25/
Preis-Alarm;iPhone 17e;Apple;256;congstar;;;Mittel;8,8;775,00;849,90;Gerätepreis ohne Vertrag;;2026-10-10;https://www.congstar.de/geraete/apple/apple-iphone-17e/
Preis-Alarm;Xiaomi 17T;Xiaomi;256;congstar;;;Mittel;8,7;685,00;749,90;Gerätepreis ohne Vertrag;;2026-10-10;https://www.congstar.de/geraete/xiaomi/xiaomi-17t/
Preis-Alarm;Xiaomi 17;Xiaomi;512;o2;;;Mittel;7,3;955,00;1029,90;Gerätepreis ohne Vertrag;;2026-10-10;https://www.o2online.de/e-shop/xiaomi/xiaomi-17-512gb-schwarz-details?ohne-tarif=ja&zielgruppe=privatkunden&ratenzahlung=24&vertragsart=ratenzahlung
Preis-Alarm;Galaxy S26;Samsung;512;congstar;;;Mittel;6,6;1027,00;1099,90;Gerätepreis ohne Vertrag;;2026-10-10;https://www.congstar.de/geraete/samsung/samsung-galaxy-s26/
Preis-Alarm;Redmi Note 17 Pro;Xiaomi;256;o2;;;Mittel;6,2;469,00;499,90;Gerätepreis ohne Vertrag;;2026-10-10;https://www.o2online.de/e-shop/xiaomi/xiaomi-redmi-note-17-pro-256gb-blue-5g-details?ohne-tarif=ja&zielgruppe=privatkunden&ratenzahlung=24&vertragsart=ratenzahlung
Preis-Alarm;Pixel 11 Pro XL;Google;512;congstar;;;Mittel;5,7;1443,00;1529,90;Gerätepreis ohne Vertrag;;2026-10-10;https://www.congstar.de/geraete/google/google-pixel-11-pro-xl/
Preis-Alarm;Galaxy S26 Ultra;Samsung;512;congstar;;;Mittel;5,0;1529,00;1609,90;Gerätepreis ohne Vertrag;;2026-10-10;https://www.congstar.de/geraete/samsung/samsung-galaxy-s26-ultra/
Preis-Alarm;Galaxy Z Fold8 Ultra;Samsung;512;congstar;;;Mittel;4,6;2289,00;2399,90;Gerätepreis ohne Vertrag;;2026-10-10;https://www.congstar.de/geraete/samsung/samsung-galaxy-z-fold8-ultra/
Preis-Alarm;iPhone 17;Apple;256;congstar;;;Mittel;4,4;1051,00;1099,90;Gerätepreis ohne Vertrag;;2026-10-10;https://www.congstar.de/geraete/apple/apple-iphone-17/
Preis-Alarm;iPhone 18 Pro;Apple;256;congstar;;;Mittel;4,3;1387,00;1449,90;Gerätepreis ohne Vertrag;;2026-10-10;https://www.congstar.de/geraete/apple/apple-iphone-18-pro/
Preis-Alarm;Pixel 11 Pro XL;Google;256;congstar;;;Mittel;4,1;1343,00;1399,90;Gerätepreis ohne Vertrag;;2026-10-10;https://www.congstar.de/geraete/google/google-pixel-11-pro-xl/
Preis-Alarm;Galaxy Z Fold8 Ultra;Samsung;256;congstar;;;Mittel;3,9;2115,00;2199,90;Gerätepreis ohne Vertrag;;2026-10-10;https://www.congstar.de/geraete/samsung/samsung-galaxy-z-fold8-ultra/
Preis-Alarm;Pixel 11 Pro;Google;256;congstar;;;Mittel;3,7;1155,00;1199,90;Gerätepreis ohne Vertrag;;2026-10-10;https://www.congstar.de/geraete/google/google-pixel-11-pro/
Preis-Alarm;Galaxy Z Fold8;Samsung;512;congstar;;;Mittel;3,4;2125,00;2199,90;Gerätepreis ohne Vertrag;;2026-10-10;https://www.congstar.de/geraete/samsung/samsung-galaxy-z-fold8/
Preis-Alarm;Pixel 11;Google;256;congstar;;;Gering;2,7;973,00;999,90;Gerätepreis ohne Vertrag;;2026-10-10;https://www.congstar.de/geraete/google/google-pixel-11/
Preis-Alarm;Galaxy S26 Ultra;Samsung;256;congstar;;;Gering;2,2;1379,00;1409,90;Gerätepreis ohne Vertrag;;2026-10-10;https://www.congstar.de/geraete/samsung/samsung-galaxy-s26-ultra/
Preis-Alarm;Galaxy S26 Plus;Samsung;512;congstar;;;Gering;2,1;1419,00;1449,90;Gerätepreis ohne Vertrag;;2026-10-10;https://www.congstar.de/geraete/samsung/samsung-galaxy-s26-1/
Preis-Alarm;iPhone 17 Pro;Apple;512;Saturn;;;Gering;2,1;1419,00;1449,90;Gerätepreis ohne Vertrag;;2026-10-10;https://www.saturn.de/de/product/_apple-iphone-17-pro-5g-512-gb-silber-dual-sim-3013588.html
Preis-Alarm;Redmi Note 17;Xiaomi;128;congstar;;;Gering;2,0;343,00;349,90;Gerätepreis ohne Vertrag;;2026-10-10;https://www.congstar.de/geraete/xiaomi/xiaomi-redmi-note-17-5g/
Preis-Alarm;iPhone 17 Pro Max;Apple;512;Saturn;;;Gering;1,9;1569,00;1599,90;Gerätepreis ohne Vertrag;;2026-10-09;https://www.saturn.de/de/product/_apple-iphone-17-pro-max-5g-512-gb-silber-dual-sim-3013597.html
Preis-Alarm;iPhone 17 Pro;Apple;256;Saturn;;;Gering;1,7;1179,00;1199,90;Gerätepreis ohne Vertrag;;2026-10-10;https://www.saturn.de/de/product/_apple-iphone-17-pro-5g-256-gb-cosmic-orange-dual-sim-3013586.html
Preis-Alarm;iPhone Air;Apple;1024;Saturn;;;Gering;1,6;1299,00;1319,90;Gerätepreis ohne Vertrag;;2026-10-10;https://www.saturn.de/de/product/_apple-iphone-air-5g-1-tb-himmelblau-dual-sim-3013617.html
Preis-Alarm;Fairphone 6;Fairphone;256;congstar;;;Gering;1,6;541,00;549,90;Gerätepreis ohne Vertrag;;2026-10-10;https://www.congstar.de/geraete/fairphone/fairphone-gen-6-1/
Preis-Alarm;iPhone 17 Pro Max;Apple;256;Saturn;;;Gering;1,5;1329,00;1349,90;Gerätepreis ohne Vertrag;;2026-10-10;https://www.saturn.de/de/product/_apple-iphone-17-pro-max-5g-256-gb-silber-dual-sim-3013594.html
Preis-Alarm;Galaxy Z Fold8;Samsung;256;congstar;;;Gering;1,2;1975,00;1999,90;Gerätepreis ohne Vertrag;;2026-10-10;https://www.congstar.de/geraete/samsung/samsung-galaxy-z-fold8/
Preis-Alarm;Pixel 11;Google;512;congstar;;;Gering;1,1;1117,00;1129,90;Gerätepreis ohne Vertrag;;2026-10-10;https://www.congstar.de/geraete/google/google-pixel-11/
Preis-Alarm;iPhone 17e;Apple;512;Saturn;;;Gering;1,0;1089,00;1099,90;Gerätepreis ohne Vertrag;;2026-10-10;https://www.saturn.de/de/product/_apple-iphone-17e-512-gb-schwarz-dual-sim-3040155.html
Preis-Alarm;Pixel 11 Pro Fold;Google;256;o2;;;Gering;0,9;1981,00;1999,90;Gerätepreis ohne Vertrag;;2026-10-10;https://www.o2online.de/e-shop/google/google-pixel-11-pro-fold-256gb-olive-details?ohne-tarif=ja&zielgruppe=privatkunden&ratenzahlung=24&vertragsart=ratenzahlung
Preis-Alarm;Galaxy S26 FE;Samsung;128;congstar;;;Gering;0,9;793,00;799,90;Gerätepreis ohne Vertrag;;2026-10-10;https://www.congstar.de/geraete/samsung/samsung-galaxy-s26-fe/
Preis-Alarm;Galaxy S26 FE;Samsung;256;congstar;;;Gering;0,8;893,00;899,90;Gerätepreis ohne Vertrag;;2026-10-10;https://www.congstar.de/geraete/samsung/samsung-galaxy-s26-fe/
Preis-Alarm;iPhone 18 Pro;Apple;1024;congstar;;;Gering;0,6;2187,00;2199,90;Gerätepreis ohne Vertrag;;2026-10-10;https://www.congstar.de/geraete/apple/apple-iphone-18-pro/
Preis-Alarm;Galaxy S26 Ultra;Samsung;1024;congstar;;;Gering;0,6;1899,00;1909,90;Gerätepreis ohne Vertrag;;2026-10-10;https://www.congstar.de/geraete/samsung/samsung-galaxy-s26-ultra/
Preis-Alarm;iPhone 18 Pro;Apple;512;congstar;;;Gering;0,6;1689,00;1699,90;Gerätepreis ohne Vertrag;;2026-10-10;https://www.congstar.de/geraete/apple/apple-iphone-18-pro/
Preis-Alarm;Galaxy S26 Plus;Samsung;256;o2;;;Gering;0,6;1243,00;1249,90;Gerätepreis ohne Vertrag;;2026-10-10;https://www.o2online.de/e-shop/samsung/samsung-galaxy-s26-plus-256gb-cobalt-violet-details?ohne-tarif=ja&zielgruppe=privatkunden&ratenzahlung=24&vertragsart=ratenzahlung
Preis-Alarm;iPhone 18 Pro Max;Apple;256;congstar;;;Gering;0,4;1593,00;1599,90;Gerätepreis ohne Vertrag;;2026-10-10;https://www.congstar.de/geraete/apple/apple-iphone-18-pro-max/
Preis-Alarm;Galaxy Z Flip8;Samsung;256;Telekom;;;Gering;0,2;1297,00;1299,90;Gerätepreis ohne Vertrag;;2026-09-15;https://www.telekom.de/shop/geraet/samsung/samsung-galaxy-z-flip8/pink-256-gb?hardwareOnlySale=true&categoryId=smartphones&forwardTradeInApplied=false
Preis-Alarm;iPhone 18 Pro Max;Apple;1024;congstar;;;Gering;0,1;2347,00;2349,90;Gerätepreis ohne Vertrag;;2026-10-10;https://www.congstar.de/geraete/apple/apple-iphone-18-pro-max/
Preis-Alarm;Galaxy Z Flip8;Samsung;512;congstar;;;Gering;0,1;1499,00;1499,90;Gerätepreis ohne Vertrag;;2026-10-10;https://www.congstar.de/geraete/samsung/samsung-galaxy-z-flip8/
Preis-Alarm;Pixel 11 Pro;Google;512;congstar;;;Gering;0,1;1329,00;1329,90;Gerätepreis ohne Vertrag;;2026-10-10;https://www.congstar.de/geraete/google/google-pixel-11-pro/
Netzbetreiber;Google Pixel 10a 128 GB;Google;128;congstar;Allnet Flat M;L;vergleichbar;-45,8;760,00;1401,64;Kosten über 36 Monate · 36 Raten;;2026-10-10;https://www.congstar.de/geraete/google/google-pixel-10a/
Netzbetreiber;Google Pixel 10a 128 GB;Google;128;congstar;Allnet Flat M;L;vergleichbar;-45,1;760,00;1383,64;Kosten über 24 Monate · 24 Raten;;2026-10-10;https://www.congstar.de/geraete/google/google-pixel-10a/?paymentVariantBenefits=&planId=540&installmentPlanId=500
Netzbetreiber;Google Pixel 10a 128 GB;Google;128;congstar;Allnet Flat XS;XS;vergleichbar;-42,8;628,00;1097,80;Kosten über 24 Monate · 24 Raten;;2026-10-10;https://www.congstar.de/geraete/google/google-pixel-10a/?paymentVariantBenefits=&planId=543&installmentPlanId=500
Netzbetreiber;Google Pixel 10a 128 GB;Google;128;congstar;Allnet Flat XS;XS;vergleichbar;-42,8;628,00;1097,80;Kosten über 36 Monate · 36 Raten;;2026-10-10;https://www.congstar.de/geraete/google/google-pixel-10a/
Netzbetreiber;Google Pixel 10a 128 GB;Google;128;congstar;Allnet Flat S;M;vergleichbar;-42,3;712,00;1233,64;Kosten über 36 Monate · 36 Raten;;2026-10-10;https://www.congstar.de/geraete/google/google-pixel-10a/
Netzbetreiber;Google Pixel 10a 128 GB;Google;128;congstar;Allnet Flat S;M;vergleichbar;-41,7;712,00;1221,64;Kosten über 24 Monate · 24 Raten;;2026-10-10;https://www.congstar.de/geraete/google/google-pixel-10a/?paymentVariantBenefits=&planId=560&installmentPlanId=500
Netzbetreiber;Google Pixel 10a 128 GB;Google;128;congstar;Allnet Flat L;L;vergleichbar;-39,8;844,00;1401,64;Kosten über 36 Monate · 36 Raten;;2026-10-10;https://www.congstar.de/geraete/google/google-pixel-10a/
Netzbetreiber;Google Pixel 10a 128 GB;Google;128;o2;O2 Mobile Unlimited M Plus mit 100 MBit/s (24 Mon.);XL;vergleichbar;-39,6;1020,76;1689,64;Kosten über 24 Monate · 24 Raten;;2026-10-10;https://www.o2online.de/e-shop/google/google-pixel-10a-128gb-obsidian-details?ohne-tarif=nein&zielgruppe=privatkunden&ratenzahlung=36&vertragsart=ratenzahlung&tarif=o2-mobile-on-demand-m-plus
Netzbetreiber;Google Pixel 10a 128 GB;Google;128;congstar;Allnet Flat L;L;vergleichbar;-39,0;844,00;1383,64;Kosten über 24 Monate · 24 Raten;;2026-10-10;https://www.congstar.de/geraete/google/google-pixel-10a/?paymentVariantBenefits=&planId=545&installmentPlanId=500
Netzbetreiber;Google Pixel 10a 128 GB;Google;128;congstar;Allnet Flat XS Flex;XS;vergleichbar;-27,9;792,00;1097,80;Kosten über 24 Monate · 24 Raten;;2026-10-10;https://www.congstar.de/geraete/google/google-pixel-10a/
Netzbetreiber;Google Pixel 10a 128 GB;Google;128;congstar;Allnet Flat XS Flex;XS;vergleichbar;-27,9;792,00;1097,80;Kosten über 36 Monate · 36 Raten;;2026-10-10;https://www.congstar.de/geraete/google/google-pixel-10a/
Netzbetreiber;Google Pixel 10a 128 GB;Google;128;o2;O2 Mobile L Plus mit 150 GB+ (24 Mon.);L;vergleichbar;-27,2;1020,76;1401,64;Kosten über 36 Monate · 36 Raten;;2026-10-10;https://www.o2online.de/e-shop/google/google-pixel-10a-128gb-obsidian-details?ohne-tarif=nein&zielgruppe=privatkunden&ratenzahlung=36&vertragsart=ratenzahlung&tarif=o2-mobile-on-demand-m-plus
Netzbetreiber;Google Pixel 10a 128 GB;Google;128;congstar;Allnet Flat M Flex;L;vergleichbar;-26,4;1032,00;1401,64;Kosten über 36 Monate · 36 Raten;;2026-10-10;https://www.congstar.de/geraete/google/google-pixel-10a/
Netzbetreiber;Google Pixel 10a 128 GB;Google;128;o2;O2 Mobile L Plus mit 150 GB+ (24 Mon.);L;vergleichbar;-26,2;1020,76;1383,64;Kosten über 24 Monate · 24 Raten;;2026-10-10;https://www.o2online.de/e-shop/google/google-pixel-10a-128gb-obsidian-details?ohne-tarif=nein&zielgruppe=privatkunden&ratenzahlung=36&vertragsart=ratenzahlung&tarif=o2-mobile-on-demand-m-plus
Netzbetreiber;Google Pixel 10a 128 GB;Google;128;congstar;Allnet Flat S Flex;M;vergleichbar;-26,1;912,00;1233,64;Kosten über 36 Monate · 36 Raten;;2026-10-10;https://www.congstar.de/geraete/google/google-pixel-10a/
Netzbetreiber;Google Pixel 10a 128 GB;Google;128;congstar;Allnet Flat M Flex;L;vergleichbar;-25,4;1032,00;1383,64;Kosten über 24 Monate · 24 Raten;;2026-10-10;https://www.congstar.de/geraete/google/google-pixel-10a/
Netzbetreiber;Google Pixel 10a 128 GB;Google;128;congstar;Allnet Flat S Flex;M;vergleichbar;-25,3;912,00;1221,64;Kosten über 24 Monate · 24 Raten;;2026-10-10;https://www.congstar.de/geraete/google/google-pixel-10a/
Netzbetreiber;Google Pixel 10a 128 GB;Google;128;o2;O2 Mobile on Demand M Plus mit 50 GB+ (24 Mon.);M;vergleichbar;-23,7;940,75;1233,64;Kosten über 36 Monate · 36 Raten;;2026-10-10;https://www.o2online.de/e-shop/google/google-pixel-10a-128gb-obsidian-details?ohne-tarif=nein&zielgruppe=privatkunden&ratenzahlung=36&vertragsart=ratenzahlung&tarif=o2-mobile-on-demand-m-plus
Netzbetreiber;Google Pixel 10a 128 GB;Google;128;o2;O2 Mobile on Demand M Plus mit 50 GB+ (24 Mon.);M;vergleichbar;-23,0;940,75;1221,64;Kosten über 24 Monate · 24 Raten;;2026-10-10;https://www.o2online.de/e-shop/google/google-pixel-10a-128gb-obsidian-details?ohne-tarif=nein&zielgruppe=privatkunden&ratenzahlung=36&vertragsart=ratenzahlung&tarif=o2-mobile-on-demand-m-plus
Netzbetreiber;Google Pixel 10a 128 GB;Google;128;congstar;Allnet Flat L Flex;L;vergleichbar;-17,8;1152,00;1401,64;Kosten über 36 Monate · 36 Raten;;2026-10-10;https://www.congstar.de/geraete/google/google-pixel-10a/
Netzbetreiber;Google Pixel 10a 128 GB;Google;128;congstar;Allnet Flat L Flex;L;vergleichbar;-16,7;1152,00;1383,64;Kosten über 24 Monate · 24 Raten;;2026-10-10;https://www.congstar.de/geraete/google/google-pixel-10a/
Netzbetreiber;Google Pixel 10a 128 GB;Google;128;Telekom;MagentaMobil XS;XS;vergleichbar;17,1;1285,35;1097,80;Kosten über 36 Monate · 36 Raten;;2026-10-10;https://www.telekom.de/shop/geraet/google/google-pixel-10a/lavender-128-gb?sortBy=popularityIndex&currentPage=3&tariffId=MF_17779&itemPerPage=24&excludedCurrentPage=1&forwardTradeInApplied=false&bp=acquisition&categoryId=smartphones
Netzbetreiber;Google Pixel 10a 128 GB;Google;128;Telekom;MagentaMobil S;S;vergleichbar;21,7;1525,35;1253,80;Kosten über 36 Monate · 36 Raten;;2026-10-10;https://www.telekom.de/shop/geraet/google/google-pixel-10a/lavender-128-gb?sortBy=popularityIndex&currentPage=3&tariffId=MF_17785&itemPerPage=24&excludedCurrentPage=1&forwardTradeInApplied=false&bp=acquisition&categoryId=smartphones
Netzbetreiber;Google Pixel 10a 128 GB;Google;128;Telekom;MagentaMobil L;L;vergleichbar;28,9;1807,35;1401,64;Kosten über 36 Monate · 36 Raten;;2026-10-10;https://www.telekom.de/shop/geraet/google/google-pixel-10a/lavender-128-gb?sortBy=popularityIndex&currentPage=3&tariffId=MF_17797&itemPerPage=24&excludedCurrentPage=1&forwardTradeInApplied=false&bp=acquisition&categoryId=smartphones
Netzbetreiber;Google Pixel 10a 128 GB;Google;128;Telekom;MagentaMobil XL;XL;vergleichbar;33,7;2306,55;1725,64;Kosten über 36 Monate · 36 Raten;;2026-10-10;https://www.telekom.de/shop/geraet/google/google-pixel-10a/lavender-128-gb?sortBy=popularityIndex&currentPage=3&tariffId=MF_17803&itemPerPage=24&excludedCurrentPage=1&forwardTradeInApplied=false&bp=acquisition&categoryId=smartphones
Netzbetreiber;Google Pixel 10a 128 GB;Google;128;Telekom;MagentaMobil M;M;vergleichbar;34,9;1664,55;1233,64;Kosten über 36 Monate · 36 Raten;;2026-10-10;https://www.telekom.de/shop/geraet/google/google-pixel-10a/lavender-128-gb?sortBy=popularityIndex&currentPage=3&tariffId=MF_17791&itemPerPage=24&excludedCurrentPage=1&forwardTradeInApplied=false&bp=acquisition&categoryId=smartphones
Netzbetreiber;Google Pixel 10a 128 GB;Google;128;1&1;1&1 All-Net-Flat S;XS;nicht_vergleichbar;;1115,54;1097,80;Kosten über die Bündellaufzeit;1&1 wird nur über 24 Monate verglichen.;2026-10-09;https://mobile.1und1.de/flow2/mobile/ssc-private/tariffContractDuration?tariffChangeUrl=%2F%2Fmobile.1und1.de%2Fgoogle-pixel-10a&optionalPrecedingDocuments=%2F%2Fmobile.1und1.de%2Fgoogle-pixel-10a&addFlowStates=tradeInAvailable%2CbrandGoogle%2Cgooglepixel10Series%2CwatchAvailable%2CaskWatch%2ChwDurationsAvailable&traceId=6afcd5f7-2e5d-46d9-9d13-5cd981a32652
Netzbetreiber;Fairphone 6 256 GB;Fairphone;256;o2;O2 Mobile Unlimited M Plus mit 100 MBit/s (24 Mon.);XL;vergleichbar;-39,2;1038,76;1707,64;Kosten über 24 Monate · 24 Raten;;2026-10-10;https://www.o2online.de/e-shop/fairphone/fairphone-6-256gb-schwarz-details?ohne-tarif=nein&zielgruppe=privatkunden&ratenzahlung=36&vertragsart=ratenzahlung&tarif=o2-mobile-on-demand-m-plus
Netzbetreiber;Fairphone 6 256 GB;Fairphone;256;congstar;Allnet Flat M;L;vergleichbar;-28,7;1012,00;1419,64;Kosten über 36 Monate · 36 Raten;;2026-10-10;https://www.congstar.de/geraete/fairphone/fairphone-gen-6-1/
Netzbetreiber;Fairphone 6 256 GB;Fairphone;256;congstar;Allnet Flat M;L;vergleichbar;-27,8;1012,00;1401,64;Kosten über 24 Monate · 24 Raten;;2026-10-10;https://www.congstar.de/geraete/fairphone/fairphone-gen-6-1/?planId=540&installmentPlanId=500
Netzbetreiber;Fairphone 6 256 GB;Fairphone;256;o2;O2 Mobile L Plus mit 150 GB+ (24 Mon.);L;vergleichbar;-26,8;1038,76;1419,64;Kosten über 36 Monate · 36 Raten;;2026-10-10;https://www.o2online.de/e-shop/fairphone/fairphone-6-256gb-schwarz-details?ohne-tarif=nein&zielgruppe=privatkunden&ratenzahlung=36&vertragsart=ratenzahlung&tarif=o2-mobile-on-demand-m-plus
Netzbetreiber;Fairphone 6 256 GB;Fairphone;256;o2;O2 Mobile L Plus mit 150 GB+ (24 Mon.);L;vergleichbar;-25,9;1038,76;1401,64;Kosten über 24 Monate · 24 Raten;;2026-10-10;https://www.o2online.de/e-shop/fairphone/fairphone-6-256gb-schwarz-details?ohne-tarif=nein&zielgruppe=privatkunden&ratenzahlung=36&vertragsart=ratenzahlung&tarif=o2-mobile-on-demand-m-plus
Netzbetreiber;Fairphone 6 256 GB;Fairphone;256;o2;O2 Mobile on Demand M Plus mit 50 GB+ (24 Mon.);M;vergleichbar;-23,4;958,75;1251,64;Kosten über 36 Monate · 36 Raten;;2026-10-10;https://www.o2online.de/e-shop/fairphone/fairphone-6-256gb-schwarz-details?ohne-tarif=nein&zielgruppe=privatkunden&ratenzahlung=36&vertragsart=ratenzahlung&tarif=o2-mobile-on-demand-m-plus
Netzbetreiber;Fairphone 6 256 GB;Fairphone;256;congstar;Allnet Flat S;M;vergleichbar;-23,0;964,00;1251,64;Kosten über 36 Monate · 36 Raten;;2026-10-10;https://www.congstar.de/geraete/fairphone/fairphone-gen-6-1/
Netzbetreiber;Fairphone 6 256 GB;Fairphone;256;congstar;Allnet Flat L;L;vergleichbar;-22,8;1096,00;1419,64;Kosten über 36 Monate · 36 Raten;;2026-10-10;https://www.congstar.de/geraete/fairphone/fairphone-gen-6-1/
Netzbetreiber;Fairphone 6 256 GB;Fairphone;256;o2;O2 Mobile on Demand M Plus mit 50 GB+ (24 Mon.);M;vergleichbar;-22,7;958,75;1239,64;Kosten über 24 Monate · 24 Raten;;2026-10-10;https://www.o2online.de/e-shop/fairphone/fairphone-6-256gb-schwarz-details?ohne-tarif=nein&zielgruppe=privatkunden&ratenzahlung=36&vertragsart=ratenzahlung&tarif=o2-mobile-on-demand-m-plus
Netzbetreiber;Fairphone 6 256 GB;Fairphone;256;congstar;Allnet Flat S;M;vergleichbar;-22,2;964,00;1239,64;Kosten über 24 Monate · 24 Raten;;2026-10-10;https://www.congstar.de/geraete/fairphone/fairphone-gen-6-1/?planId=560&installmentPlanId=500
Netzbetreiber;Fairphone 6 256 GB;Fairphone;256;congstar;Allnet Flat L;L;vergleichbar;-21,8;1096,00;1401,64;Kosten über 24 Monate · 24 Raten;;2026-10-10;https://www.congstar.de/geraete/fairphone/fairphone-gen-6-1/?planId=545&installmentPlanId=500
Netzbetreiber;Fairphone 6 256 GB;Fairphone;256;congstar;Allnet Flat XS;XS;vergleichbar;-21,1;880,00;1115,80;Kosten über 24 Monate · 24 Raten;;2026-10-10;https://www.congstar.de/geraete/fairphone/fairphone-gen-6-1/?planId=543&installmentPlanId=500
Netzbetreiber;Fairphone 6 256 GB;Fairphone;256;congstar;Allnet Flat XS;XS;vergleichbar;-21,1;880,00;1115,80;Kosten über 36 Monate · 36 Raten;;2026-10-10;https://www.congstar.de/geraete/fairphone/fairphone-gen-6-1/
Netzbetreiber;Fairphone 6 256 GB;Fairphone;256;congstar;Allnet Flat M Flex;L;vergleichbar;-17,2;1176,00;1419,64;Kosten über 36 Monate · 36 Raten;;2026-10-10;https://www.congstar.de/geraete/fairphone/fairphone-gen-6-1/
Netzbetreiber;Fairphone 6 256 GB;Fairphone;256;congstar;Allnet Flat XS Flex;XS;vergleichbar;-16,1;936,00;1115,80;Kosten über 24 Monate · 24 Raten;;2026-10-10;https://www.congstar.de/geraete/fairphone/fairphone-gen-6-1/
Netzbetreiber;Fairphone 6 256 GB;Fairphone;256;congstar;Allnet Flat XS Flex;XS;vergleichbar;-16,1;936,00;1115,80;Kosten über 36 Monate · 36 Raten;;2026-10-10;https://www.congstar.de/geraete/fairphone/fairphone-gen-6-1/
Netzbetreiber;Fairphone 6 256 GB;Fairphone;256;congstar;Allnet Flat M Flex;L;vergleichbar;-16,1;1176,00;1401,64;Kosten über 24 Monate · 24 Raten;;2026-10-10;https://www.congstar.de/geraete/fairphone/fairphone-gen-6-1/
Netzbetreiber;Fairphone 6 256 GB;Fairphone;256;congstar;Allnet Flat S Flex;M;vergleichbar;-15,6;1056,00;1251,64;Kosten über 36 Monate · 36 Raten;;2026-10-10;https://www.congstar.de/geraete/fairphone/fairphone-gen-6-1/
Netzbetreiber;Fairphone 6 256 GB;Fairphone;256;congstar;Allnet Flat S Flex;M;vergleichbar;-14,8;1056,00;1239,64;Kosten über 24 Monate · 24 Raten;;2026-10-10;https://www.congstar.de/geraete/fairphone/fairphone-gen-6-1/
Netzbetreiber;Fairphone 6 256 GB;Fairphone;256;congstar;Allnet Flat L Flex;L;vergleichbar;-8,7;1296,00;1419,64;Kosten über 36 Monate · 36 Raten;;2026-10-10;https://www.congstar.de/geraete/fairphone/fairphone-gen-6-1/
Netzbetreiber;Fairphone 6 256 GB;Fairphone;256;congstar;Allnet Flat L Flex;L;vergleichbar;-7,5;1296,00;1401,64;Kosten über 24 Monate · 24 Raten;;2026-10-10;https://www.congstar.de/geraete/fairphone/fairphone-gen-6-1/
Netzbetreiber;Fairphone 6 256 GB;Fairphone;256;Telekom;MagentaMobil XS;XS;vergleichbar;20,7;1346,55;1115,80;Kosten über 36 Monate · 36 Raten;;2026-10-10;https://www.telekom.de/shop/geraet/fairphone/fairphone-6/horizon-black-256-gb?sortBy=popularityIndex&currentPage=3&tariffId=MF_17779&itemPerPage=24&excludedCurrentPage=1&forwardTradeInApplied=false&bp=acquisition&categoryId=smartphones
Netzbetreiber;Fairphone 6 256 GB;Fairphone;256;Telekom;MagentaMobil S;S;vergleichbar;24,7;1586,55;1271,80;Kosten über 36 Monate · 36 Raten;;2026-10-10;https://www.telekom.de/shop/geraet/fairphone/fairphone-6/horizon-black-256-gb?sortBy=popularityIndex&currentPage=3&tariffId=MF_17785&itemPerPage=24&excludedCurrentPage=1&forwardTradeInApplied=false&bp=acquisition&categoryId=smartphones
Netzbetreiber;Fairphone 6 256 GB;Fairphone;256;Telekom;MagentaMobil L;L;vergleichbar;31,4;1864,95;1419,64;Kosten über 36 Monate · 36 Raten;;2026-10-10;https://www.telekom.de/shop/geraet/fairphone/fairphone-6/horizon-black-256-gb?sortBy=popularityIndex&currentPage=3&tariffId=MF_17797&itemPerPage=24&excludedCurrentPage=1&forwardTradeInApplied=false&bp=acquisition&categoryId=smartphones
Netzbetreiber;Fairphone 6 256 GB;Fairphone;256;Telekom;MagentaMobil XL;XL;vergleichbar;35,8;2367,75;1743,64;Kosten über 36 Monate · 36 Raten;;2026-10-10;https://www.telekom.de/shop/geraet/fairphone/fairphone-6/horizon-black-256-gb?sortBy=popularityIndex&currentPage=3&tariffId=MF_17803&itemPerPage=24&excludedCurrentPage=1&forwardTradeInApplied=false&bp=acquisition&categoryId=smartphones
Netzbetreiber;Fairphone 6 256 GB;Fairphone;256;Telekom;MagentaMobil M;M;vergleichbar;37,9;1725,75;1251,64;Kosten über 36 Monate · 36 Raten;;2026-10-10;https://www.telekom.de/shop/geraet/fairphone/fairphone-6/horizon-black-256-gb?sortBy=popularityIndex&currentPage=3&tariffId=MF_17791&itemPerPage=24&excludedCurrentPage=1&forwardTradeInApplied=false&bp=acquisition&categoryId=smartphones
Netzbetreiber;Fairphone 6 256 GB;Fairphone;256;1&1;1&1 All-Net-Flat S;XS;nicht_vergleichbar;;1355,54;1115,80;Kosten über die Bündellaufzeit;1&1 wird nur über 24 Monate verglichen.;2026-10-09;https://mobile.1und1.de/flow2/mobile/ssc-private/tariffContractDuration?tariffChangeUrl=%2F%2Fmobile.1und1.de%2Ffairphone-6&optionalPrecedingDocuments=%2F%2Fmobile.1und1.de%2Ffairphone-6&addFlowStates=tradeInAvailable%2CaskWatch%2ChwDurationsAvailable&traceId=20f85e44-8888-4b71-b64c-c6984cfb022a
Netzbetreiber;Samsung Galaxy A17 128 GB;Samsung;128;congstar;Allnet Flat M;L;vergleichbar;-38,8;660,00;1077,64;Kosten über 36 Monate · 36 Raten;;2026-10-10;https://www.congstar.de/geraete/samsung/samsung-galaxy-a17-5g/
Netzbetreiber;Samsung Galaxy A17 128 GB;Samsung;128;congstar;Allnet Flat M;L;vergleichbar;-37,7;660,00;1059,64;Kosten über 24 Monate · 24 Raten;;2026-10-10;https://www.congstar.de/geraete/samsung/samsung-galaxy-a17-5g/?planId=540&installmentPlanId=500
Netzbetreiber;Samsung Galaxy A17 128 GB;Samsung;128;congstar;Allnet Flat S;M;vergleichbar;-36,7;576,00;909,64;Kosten über 36 Monate · 36 Raten;;2026-10-10;https://www.congstar.de/geraete/samsung/samsung-galaxy-a17-5g/
Netzbetreiber;Samsung Galaxy A17 128 GB;Samsung;128;congstar;Allnet Flat S;M;vergleichbar;-35,8;576,00;897,64;Kosten über 24 Monate · 24 Raten;;2026-10-10;https://www.congstar.de/geraete/samsung/samsung-galaxy-a17-5g/?planId=560&installmentPlanId=500
Netzbetreiber;Samsung Galaxy A17 128 GB;Samsung;128;congstar;Allnet Flat XS;XS;vergleichbar;-31,8;528,00;773,80;Kosten über 24 Monate · 24 Raten;;2026-10-10;https://www.congstar.de/geraete/samsung/samsung-galaxy-a17-5g/?planId=543&installmentPlanId=500
Netzbetreiber;Samsung Galaxy A17 128 GB;Samsung;128;congstar;Allnet Flat XS;XS;vergleichbar;-31,8;528,00;773,80;Kosten über 36 Monate · 36 Raten;;2026-10-10;https://www.congstar.de/geraete/samsung/samsung-galaxy-a17-5g/
Netzbetreiber;Samsung Galaxy A17 128 GB;Samsung;128;congstar;Allnet Flat L;L;vergleichbar;-27,6;780,00;1077,64;Kosten über 36 Monate · 36 Raten;;2026-10-10;https://www.congstar.de/geraete/samsung/samsung-galaxy-a17-5g/
Netzbetreiber;Samsung Galaxy A17 128 GB;Samsung;128;congstar;Allnet Flat L;L;vergleichbar;-26,4;780,00;1059,64;Kosten über 24 Monate · 24 Raten;;2026-10-10;https://www.congstar.de/geraete/samsung/samsung-galaxy-a17-5g/?planId=545&installmentPlanId=500
Netzbetreiber;Samsung Galaxy A17 128 GB;Samsung;128;congstar;Allnet Flat M Flex;L;vergleichbar;-20,2;860,00;1077,64;Kosten über 36 Monate · 36 Raten;;2026-10-10;https://www.congstar.de/geraete/samsung/samsung-galaxy-a17-5g/
Netzbetreiber;Samsung Galaxy A17 128 GB;Samsung;128;congstar;Allnet Flat XS Flex;XS;vergleichbar;-19,9;620,00;773,80;Kosten über 24 Monate · 24 Raten;;2026-10-10;https://www.congstar.de/geraete/samsung/samsung-galaxy-a17-5g/
Netzbetreiber;Samsung Galaxy A17 128 GB;Samsung;128;congstar;Allnet Flat XS Flex;XS;vergleichbar;-19,9;620,00;773,80;Kosten über 36 Monate · 36 Raten;;2026-10-10;https://www.congstar.de/geraete/samsung/samsung-galaxy-a17-5g/
Netzbetreiber;Samsung Galaxy A17 128 GB;Samsung;128;congstar;Allnet Flat M Flex;L;vergleichbar;-18,8;860,00;1059,64;Kosten über 24 Monate · 24 Raten;;2026-10-10;https://www.congstar.de/geraete/samsung/samsung-galaxy-a17-5g/
Netzbetreiber;Samsung Galaxy A17 128 GB;Samsung;128;congstar;Allnet Flat S Flex;M;vergleichbar;-18,6;740,00;909,64;Kosten über 36 Monate · 36 Raten;;2026-10-10;https://www.congstar.de/geraete/samsung/samsung-galaxy-a17-5g/
Netzbetreiber;Samsung Galaxy A17 128 GB;Samsung;128;congstar;Allnet Flat S Flex;M;vergleichbar;-17,6;740,00;897,64;Kosten über 24 Monate · 24 Raten;;2026-10-10;https://www.congstar.de/geraete/samsung/samsung-galaxy-a17-5g/
Netzbetreiber;Samsung Galaxy A17 128 GB;Samsung;128;o2;O2 Mobile on Demand M mit 50 GB+ (24 Mon.);M;vergleichbar;-13,1;790,75;909,64;Kosten über 36 Monate · 36 Raten;;2026-10-10;https://www.o2online.de/e-shop/samsung/samsung-galaxy-a17-128gb-5g-schwarz-details?ohne-tarif=nein&zielgruppe=privatkunden&ratenzahlung=36&vertragsart=ratenzahlung&tarif=o2-mobile-on-demand-m
Netzbetreiber;Samsung Galaxy A17 128 GB;Samsung;128;o2;O2 Mobile on Demand M mit 50 GB+ (24 Mon.);M;vergleichbar;-11,9;790,75;897,64;Kosten über 24 Monate · 24 Raten;;2026-10-10;https://www.o2online.de/e-shop/samsung/samsung-galaxy-a17-128gb-5g-schwarz-details?ohne-tarif=nein&zielgruppe=privatkunden&ratenzahlung=36&vertragsart=ratenzahlung&tarif=o2-mobile-on-demand-m
Netzbetreiber;Samsung Galaxy A17 128 GB;Samsung;128;congstar;Allnet Flat L Flex;L;vergleichbar;-9,1;980,00;1077,64;Kosten über 36 Monate · 36 Raten;;2026-10-10;https://www.congstar.de/geraete/samsung/samsung-galaxy-a17-5g/
Netzbetreiber;Samsung Galaxy A17 128 GB;Samsung;128;congstar;Allnet Flat L Flex;L;vergleichbar;-7,5;980,00;1059,64;Kosten über 24 Monate · 24 Raten;;2026-10-10;https://www.congstar.de/geraete/samsung/samsung-galaxy-a17-5g/
Netzbetreiber;Samsung Galaxy A17 128 GB;Samsung;128;Telekom;MagentaMobil XS;XS;vergleichbar;28,9;997,35;773,80;Kosten über 36 Monate · 36 Raten;;2026-10-10;https://www.telekom.de/shop/geraet/samsung/samsung-galaxy-a17-5g/black-128-gb?sortBy=popularityIndex&currentPage=3&tariffId=MF_17779&itemPerPage=24&excludedCurrentPage=1&forwardTradeInApplied=false&bp=acquisition&categoryId=smartphones
Netzbetreiber;Samsung Galaxy A17 128 GB;Samsung;128;Telekom;MagentaMobil S;S;vergleichbar;33,1;1237,35;929,80;Kosten über 36 Monate · 36 Raten;;2026-10-10;https://www.telekom.de/shop/geraet/samsung/samsung-galaxy-a17-5g/black-128-gb?sortBy=popularityIndex&currentPage=3&tariffId=MF_17785&itemPerPage=24&excludedCurrentPage=1&forwardTradeInApplied=false&bp=acquisition&categoryId=smartphones
Netzbetreiber;Samsung Galaxy A17 128 GB;Samsung;128;Telekom;MagentaMobil M;M;vergleichbar;53,4;1376,55;897,64;Kosten über 24 Monate · 24 Raten;;2026-10-10;https://www.telekom.de/shop/geraet/samsung/samsung-galaxy-a17-5g/black-128-gb?sortBy=popularityIndex&currentPage=3&tariffId=MF_17791&itemPerPage=24&excludedCurrentPage=1&forwardTradeInApplied=false&bp=acquisition&categoryId=smartphones
Netzbetreiber;Samsung Galaxy A17 128 GB;Samsung;128;1&1;1&1 All-Net-Flat S;XS;nicht_vergleichbar;;727,54;773,80;Kosten über die Bündellaufzeit;1&1 wird nur über 24 Monate verglichen.;2026-10-09;https://mobile.1und1.de/flow2/mobile/ssc-private/tariffContractDuration?tariffChangeUrl=%2F%2Fmobile.1und1.de%2Fsamsung-galaxy-a17-5g&optionalPrecedingDocuments=%2F%2Fmobile.1und1.de%2Fsamsung-galaxy-a17-5g&addFlowStates=tradeInAvailable%2CbrandSamsung%2CwatchAvailable%2CstrapsAvailable%2CaskWatch%2ChwDurationsAvailable&traceId=d21e608c-a82f-41ea-aade-067151f08c9a
Netzbetreiber;Google Pixel 10a 256 GB;Google;256;o2;O2 Mobile Unlimited M Plus mit 100 MBit/s (24 Mon.);XL;vergleichbar;-36,6;1128,76;1779,64;Kosten über 24 Monate · 24 Raten;;2026-10-10;https://www.o2online.de/e-shop/google/google-pixel-10a-128gb-obsidian-details?ohne-tarif=nein&zielgruppe=privatkunden&ratenzahlung=36&vertragsart=ratenzahlung&tarif=o2-mobile-on-demand-m-plus
Netzbetreiber;Google Pixel 10a 256 GB;Google;256;o2;O2 Mobile L Plus mit 150 GB+ (24 Mon.);L;vergleichbar;-24,3;1128,76;1491,64;Kosten über 36 Monate · 36 Raten;;2026-10-10;https://www.o2online.de/e-shop/google/google-pixel-10a-128gb-obsidian-details?ohne-tarif=nein&zielgruppe=privatkunden&ratenzahlung=36&vertragsart=ratenzahlung&tarif=o2-mobile-on-demand-m-plus
Netzbetreiber;Google Pixel 10a 256 GB;Google;256;o2;O2 Mobile L Plus mit 150 GB+ (24 Mon.);L;vergleichbar;-23,4;1128,76;1473,64;Kosten über 24 Monate · 24 Raten;;2026-10-10;https://www.o2online.de/e-shop/google/google-pixel-10a-128gb-obsidian-details?ohne-tarif=nein&zielgruppe=privatkunden&ratenzahlung=36&vertragsart=ratenzahlung&tarif=o2-mobile-on-demand-m-plus
Netzbetreiber;Google Pixel 10a 256 GB;Google;256;o2;O2 Mobile on Demand M Plus mit 50 GB+ (24 Mon.);M;vergleichbar;-20,8;1048,75;1323,64;Kosten über 36 Monate · 36 Raten;;2026-10-10;https://www.o2online.de/e-shop/google/google-pixel-10a-128gb-obsidian-details?ohne-tarif=nein&zielgruppe=privatkunden&ratenzahlung=36&vertragsart=ratenzahlung&tarif=o2-mobile-on-demand-m-plus
Netzbetreiber;Google Pixel 10a 256 GB;Google;256;o2;O2 Mobile on Demand M Plus mit 50 GB+ (24 Mon.);M;vergleichbar;-20,0;1048,75;1311,64;Kosten über 24 Monate · 24 Raten;;2026-10-10;https://www.o2online.de/e-shop/google/google-pixel-10a-128gb-obsidian-details?ohne-tarif=nein&zielgruppe=privatkunden&ratenzahlung=36&vertragsart=ratenzahlung&tarif=o2-mobile-on-demand-m-plus
Netzbetreiber;Google Pixel 10a 256 GB;Google;256;Telekom;;;kein_buendel;;;;Kosten über die Bündellaufzeit;Telekom nicht erfasst: Seite sperrt automatisches Lesen (HTTP 202, 10.10.2026);;
Netzbetreiber;Google Pixel 10a 256 GB;Google;256;1&1;1&1 All-Net-Flat S;XS;nicht_vergleichbar;;1253,54;1187,80;Kosten über die Bündellaufzeit;1&1 wird nur über 24 Monate verglichen.;2026-10-09;https://mobile.1und1.de/flow2/mobile/ssc-private/tariffContractDuration?tariffChangeUrl=%2F%2Fmobile.1und1.de%2Fgoogle-pixel-10a&optionalPrecedingDocuments=%2F%2Fmobile.1und1.de%2Fgoogle-pixel-10a&addFlowStates=tradeInAvailable%2CbrandGoogle%2Cgooglepixel10Series%2CwatchAvailable%2CaskWatch%2ChwDurationsAvailable&traceId=c8a9e98d-0e05-4746-aa5a-5d6e41a04a47
Netzbetreiber;Google Pixel 10a 256 GB;Google;256;congstar;;;nicht_vergleichbar;;;;Kosten über die Bündellaufzeit;Kein Abstand zur Vodafone-Referenz: dieser Preis ist veraltet. Regel 16: Frische.;;
Netzbetreiber;Apple iPhone 16e 128 GB;Apple;128;o2;O2 Mobile Unlimited M Plus mit 100 MBit/s (24 Mon.);XL;vergleichbar;-35,5;1182,76;1833,64;Kosten über 24 Monate · 24 Raten;;2026-10-10;https://www.o2online.de/e-shop/apple/apple-iphone-16e-128gb-weiss-details?ohne-tarif=nein&zielgruppe=privatkunden&ratenzahlung=36&vertragsart=ratenzahlung&tarif=o2-mobile-on-demand-m-plus
Netzbetreiber;Apple iPhone 16e 128 GB;Apple;128;congstar;Allnet Flat M;L;vergleichbar;-30,9;1068,00;1545,64;Kosten über 36 Monate · 36 Raten;;2026-10-10;https://www.congstar.de/geraete/apple/apple-iphone-16e/
Netzbetreiber;Apple iPhone 16e 128 GB;Apple;128;congstar;Allnet Flat M;L;vergleichbar;-30,1;1068,00;1527,64;Kosten über 24 Monate · 24 Raten;;2026-10-10;https://www.congstar.de/geraete/apple/apple-iphone-16e/?paymentVariantBenefits=&planId=540&installmentPlanId=500
Netzbetreiber;Apple iPhone 16e 128 GB;Apple;128;congstar;Allnet Flat S;M;vergleichbar;-26,0;1020,00;1377,64;Kosten über 36 Monate · 36 Raten;;2026-10-10;https://www.congstar.de/geraete/apple/apple-iphone-16e/
Netzbetreiber;Apple iPhone 16e 128 GB;Apple;128;congstar;Allnet Flat L;L;vergleichbar;-25,5;1152,00;1545,64;Kosten über 36 Monate · 36 Raten;;2026-10-10;https://www.congstar.de/geraete/apple/apple-iphone-16e/
Netzbetreiber;Apple iPhone 16e 128 GB;Apple;128;congstar;Allnet Flat S;M;vergleichbar;-25,3;1020,00;1365,64;Kosten über 24 Monate · 24 Raten;;2026-10-10;https://www.congstar.de/geraete/apple/apple-iphone-16e/?paymentVariantBenefits=&planId=560&installmentPlanId=500
Netzbetreiber;Apple iPhone 16e 128 GB;Apple;128;congstar;Allnet Flat XS;XS;vergleichbar;-24,6;936,00;1241,80;Kosten über 24 Monate · 24 Raten;;2026-10-10;https://www.congstar.de/geraete/apple/apple-iphone-16e/?paymentVariantBenefits=&planId=543&installmentPlanId=500
Netzbetreiber;Apple iPhone 16e 128 GB;Apple;128;congstar;Allnet Flat XS;XS;vergleichbar;-24,6;936,00;1241,80;Kosten über 36 Monate · 36 Raten;;2026-10-10;https://www.congstar.de/geraete/apple/apple-iphone-16e/
Netzbetreiber;Apple iPhone 16e 128 GB;Apple;128;congstar;Allnet Flat L;L;vergleichbar;-24,6;1152,00;1527,64;Kosten über 24 Monate · 24 Raten;;2026-10-10;https://www.congstar.de/geraete/apple/apple-iphone-16e/?paymentVariantBenefits=&planId=545&installmentPlanId=500
Netzbetreiber;Apple iPhone 16e 128 GB;Apple;128;o2;O2 Mobile L Plus mit 150 GB+ (24 Mon.);L;vergleichbar;-23,5;1182,76;1545,64;Kosten über 36 Monate · 36 Raten;;2026-10-10;https://www.o2online.de/e-shop/apple/apple-iphone-16e-128gb-weiss-details?ohne-tarif=nein&zielgruppe=privatkunden&ratenzahlung=36&vertragsart=ratenzahlung&tarif=o2-mobile-on-demand-m-plus
Netzbetreiber;Apple iPhone 16e 128 GB;Apple;128;o2;O2 Mobile L Plus mit 150 GB+ (24 Mon.);L;vergleichbar;-22,6;1182,76;1527,64;Kosten über 24 Monate · 24 Raten;;2026-10-10;https://www.o2online.de/e-shop/apple/apple-iphone-16e-128gb-weiss-details?ohne-tarif=nein&zielgruppe=privatkunden&ratenzahlung=36&vertragsart=ratenzahlung&tarif=o2-mobile-on-demand-m-plus
Netzbetreiber;Apple iPhone 16e 128 GB;Apple;128;o2;O2 Mobile on Demand M Plus mit 50 GB+ (24 Mon.);M;vergleichbar;-20,0;1102,75;1377,64;Kosten über 36 Monate · 36 Raten;;2026-10-10;https://www.o2online.de/e-shop/apple/apple-iphone-16e-128gb-weiss-details?ohne-tarif=nein&zielgruppe=privatkunden&ratenzahlung=36&vertragsart=ratenzahlung&tarif=o2-mobile-on-demand-m-plus
Netzbetreiber;Apple iPhone 16e 128 GB;Apple;128;o2;O2 Mobile on Demand M Plus mit 50 GB+ (24 Mon.);M;vergleichbar;-19,3;1102,75;1365,64;Kosten über 24 Monate · 24 Raten;;2026-10-10;https://www.o2online.de/e-shop/apple/apple-iphone-16e-128gb-weiss-details?ohne-tarif=nein&zielgruppe=privatkunden&ratenzahlung=36&vertragsart=ratenzahlung&tarif=o2-mobile-on-demand-m-plus
Netzbetreiber;Apple iPhone 16e 128 GB;Apple;128;congstar;Allnet Flat M Flex;L;vergleichbar;-16,8;1286,00;1545,64;Kosten über 36 Monate · 36 Raten;;2026-10-10;https://www.congstar.de/geraete/apple/apple-iphone-16e/
Netzbetreiber;Apple iPhone 16e 128 GB;Apple;128;congstar;Allnet Flat XS Flex;XS;vergleichbar;-15,8;1046,00;1241,80;Kosten über 24 Monate · 24 Raten;;2026-10-10;https://www.congstar.de/geraete/apple/apple-iphone-16e/
Netzbetreiber;Apple iPhone 16e 128 GB;Apple;128;congstar;Allnet Flat XS Flex;XS;vergleichbar;-15,8;1046,00;1241,80;Kosten über 36 Monate · 36 Raten;;2026-10-10;https://www.congstar.de/geraete/apple/apple-iphone-16e/
Netzbetreiber;Apple iPhone 16e 128 GB;Apple;128;congstar;Allnet Flat M Flex;L;vergleichbar;-15,8;1286,00;1527,64;Kosten über 24 Monate · 24 Raten;;2026-10-10;https://www.congstar.de/geraete/apple/apple-iphone-16e/
Netzbetreiber;Apple iPhone 16e 128 GB;Apple;128;congstar;Allnet Flat S Flex;M;vergleichbar;-15,4;1166,00;1377,64;Kosten über 36 Monate · 36 Raten;;2026-10-10;https://www.congstar.de/geraete/apple/apple-iphone-16e/
Netzbetreiber;Apple iPhone 16e 128 GB;Apple;128;congstar;Allnet Flat S Flex;M;vergleichbar;-14,6;1166,00;1365,64;Kosten über 24 Monate · 24 Raten;;2026-10-10;https://www.congstar.de/geraete/apple/apple-iphone-16e/
Netzbetreiber;Apple iPhone 16e 128 GB;Apple;128;congstar;Allnet Flat L Flex;L;vergleichbar;-9,0;1406,00;1545,64;Kosten über 36 Monate · 36 Raten;;2026-10-10;https://www.congstar.de/geraete/apple/apple-iphone-16e/
Netzbetreiber;Apple iPhone 16e 128 GB;Apple;128;congstar;Allnet Flat L Flex;L;vergleichbar;-8,0;1406,00;1527,64;Kosten über 24 Monate · 24 Raten;;2026-10-10;https://www.congstar.de/geraete/apple/apple-iphone-16e/
Netzbetreiber;Apple iPhone 16e 128 GB;Apple;128;Telekom;MagentaMobil XS;XS;vergleichbar;14,8;1425,75;1241,80;Kosten über 36 Monate · 36 Raten;;2026-10-10;https://www.telekom.de/shop/geraet/apple/apple-iphone-16e/weiss-128-gb?sortBy=popularityIndex&currentPage=3&tariffId=MF_17779&itemPerPage=24&excludedCurrentPage=1&forwardTradeInApplied=false&bp=acquisition&categoryId=smartphones
Netzbetreiber;Apple iPhone 16e 128 GB;Apple;128;Telekom;MagentaMobil S;S;vergleichbar;17,2;1665,75;1421,80;Kosten über 36 Monate · 36 Raten;;2026-10-10;https://www.telekom.de/shop/geraet/apple/apple-iphone-16e/weiss-128-gb?sortBy=popularityIndex&currentPage=3&tariffId=MF_17785&itemPerPage=24&excludedCurrentPage=1&forwardTradeInApplied=false&bp=acquisition&categoryId=smartphones
Netzbetreiber;Apple iPhone 16e 128 GB;Apple;128;Telekom;MagentaMobil L;L;vergleichbar;26,0;1947,75;1545,64;Kosten über 36 Monate · 36 Raten;;2026-10-10;https://www.telekom.de/shop/geraet/apple/apple-iphone-16e/weiss-128-gb?sortBy=popularityIndex&currentPage=3&tariffId=MF_17797&itemPerPage=24&excludedCurrentPage=1&forwardTradeInApplied=false&bp=acquisition&categoryId=smartphones
Netzbetreiber;Apple iPhone 16e 128 GB;Apple;128;Telekom;MagentaMobil XL;XL;vergleichbar;30,9;2446,95;1869,64;Kosten über 36 Monate · 36 Raten;;2026-10-10;https://www.telekom.de/shop/geraet/apple/apple-iphone-16e/weiss-128-gb?sortBy=popularityIndex&currentPage=3&tariffId=MF_17803&itemPerPage=24&excludedCurrentPage=1&forwardTradeInApplied=false&bp=acquisition&categoryId=smartphones
Netzbetreiber;Apple iPhone 16e 128 GB;Apple;128;Telekom;MagentaMobil M;M;vergleichbar;31,0;1804,95;1377,64;Kosten über 36 Monate · 36 Raten;;2026-10-10;https://www.telekom.de/shop/geraet/apple/apple-iphone-16e/weiss-128-gb?sortBy=popularityIndex&currentPage=3&tariffId=MF_17791&itemPerPage=24&excludedCurrentPage=1&forwardTradeInApplied=false&bp=acquisition&categoryId=smartphones
Netzbetreiber;Apple iPhone 16e 128 GB;Apple;128;1&1;1&1 All-Net-Flat S;XS;nicht_vergleichbar;;1299,54;1241,80;Kosten über die Bündellaufzeit;1&1 wird nur über 24 Monate verglichen.;2026-10-09;https://mobile.1und1.de/flow2/mobile/ssc-private/tariffContractDuration?tariffChangeUrl=%2F%2Fmobile.1und1.de%2Fiphone-16e&optionalPrecedingDocuments=%2F%2Fmobile.1und1.de%2Fiphone-16e&addFlowStates=tradeInAvailable%2CbrandApple%2CwatchAvailable%2CaskWatch%2ChwDurationsAvailable&traceId=ab96ae41-81bf-4177-b9cf-3972a414c6b8
Netzbetreiber;Xiaomi Redmi Note 17 128 GB;Xiaomi;128;congstar;Allnet Flat M;L;vergleichbar;-34,9;760,00;1167,64;Kosten über 36 Monate · 36 Raten;;2026-10-10;https://www.congstar.de/geraete/xiaomi/xiaomi-redmi-note-17-5g/
Netzbetreiber;Xiaomi Redmi Note 17 128 GB;Xiaomi;128;congstar;Allnet Flat M;L;vergleichbar;-33,9;760,00;1149,64;Kosten über 24 Monate · 24 Raten;;2026-10-10;https://www.congstar.de/geraete/xiaomi/xiaomi-redmi-note-17-5g/?planId=540&installmentPlanId=500
Netzbetreiber;Xiaomi Redmi Note 17 128 GB;Xiaomi;128;congstar;Allnet Flat S;M;vergleichbar;-32,4;676,00;999,64;Kosten über 36 Monate · 36 Raten;;2026-10-10;https://www.congstar.de/geraete/xiaomi/xiaomi-redmi-note-17-5g/
Netzbetreiber;Xiaomi Redmi Note 17 128 GB;Xiaomi;128;congstar;Allnet Flat S;M;vergleichbar;-31,6;676,00;987,64;Kosten über 24 Monate · 24 Raten;;2026-10-10;https://www.congstar.de/geraete/xiaomi/xiaomi-redmi-note-17-5g/?planId=560&installmentPlanId=500
Netzbetreiber;Xiaomi Redmi Note 17 128 GB;Xiaomi;128;congstar;Allnet Flat L;L;vergleichbar;-27,7;844,00;1167,64;Kosten über 36 Monate · 36 Raten;;2026-10-10;https://www.congstar.de/geraete/xiaomi/xiaomi-redmi-note-17-5g/
Netzbetreiber;Xiaomi Redmi Note 17 128 GB;Xiaomi;128;congstar;Allnet Flat XS;XS;vergleichbar;-27,3;628,00;863,80;Kosten über 24 Monate · 24 Raten;;2026-10-10;https://www.congstar.de/geraete/xiaomi/xiaomi-redmi-note-17-5g/?planId=543&installmentPlanId=500
Netzbetreiber;Xiaomi Redmi Note 17 128 GB;Xiaomi;128;congstar;Allnet Flat XS;XS;vergleichbar;-27,3;628,00;863,80;Kosten über 36 Monate · 36 Raten;;2026-10-10;https://www.congstar.de/geraete/xiaomi/xiaomi-redmi-note-17-5g/
Netzbetreiber;Xiaomi Redmi Note 17 128 GB;Xiaomi;128;congstar;Allnet Flat L;L;vergleichbar;-26,6;844,00;1149,64;Kosten über 24 Monate · 24 Raten;;2026-10-10;https://www.congstar.de/geraete/xiaomi/xiaomi-redmi-note-17-5g/?planId=545&installmentPlanId=500
Netzbetreiber;Xiaomi Redmi Note 17 128 GB;Xiaomi;128;congstar;Allnet Flat M Flex;L;vergleichbar;-16,2;978,00;1167,64;Kosten über 36 Monate · 36 Raten;;2026-10-10;https://www.congstar.de/geraete/xiaomi/xiaomi-redmi-note-17-5g/
Netzbetreiber;Xiaomi Redmi Note 17 128 GB;Xiaomi;128;congstar;Allnet Flat M Flex;L;vergleichbar;-14,9;978,00;1149,64;Kosten über 24 Monate · 24 Raten;;2026-10-10;https://www.congstar.de/geraete/xiaomi/xiaomi-redmi-note-17-5g/
Netzbetreiber;Xiaomi Redmi Note 17 128 GB;Xiaomi;128;congstar;Allnet Flat XS Flex;XS;vergleichbar;-14,6;738,00;863,80;Kosten über 24 Monate · 24 Raten;;2026-10-10;https://www.congstar.de/geraete/xiaomi/xiaomi-redmi-note-17-5g/
Netzbetreiber;Xiaomi Redmi Note 17 128 GB;Xiaomi;128;congstar;Allnet Flat XS Flex;XS;vergleichbar;-14,6;738,00;863,80;Kosten über 36 Monate · 36 Raten;;2026-10-10;https://www.congstar.de/geraete/xiaomi/xiaomi-redmi-note-17-5g/
Netzbetreiber;Xiaomi Redmi Note 17 128 GB;Xiaomi;128;congstar;Allnet Flat S Flex;M;vergleichbar;-14,2;858,00;999,64;Kosten über 36 Monate · 36 Raten;;2026-10-10;https://www.congstar.de/geraete/xiaomi/xiaomi-redmi-note-17-5g/
Netzbetreiber;Xiaomi Redmi Note 17 128 GB;Xiaomi;128;o2;O2 Mobile on Demand M mit 50 GB+ (24 Mon.);M;vergleichbar;-13,1;868,75;999,64;Kosten über 36 Monate · 36 Raten;;2026-10-10;https://www.o2online.de/e-shop/xiaomi/xiaomi-redmi-note-17-128gb-purple-5g-details?ohne-tarif=nein&zielgruppe=privatkunden&ratenzahlung=36&vertragsart=ratenzahlung&tarif=o2-mobile-on-demand-m
Netzbetreiber;Xiaomi Redmi Note 17 128 GB;Xiaomi;128;congstar;Allnet Flat S Flex;M;vergleichbar;-13,1;858,00;987,64;Kosten über 24 Monate · 24 Raten;;2026-10-10;https://www.congstar.de/geraete/xiaomi/xiaomi-redmi-note-17-5g/
Netzbetreiber;Xiaomi Redmi Note 17 128 GB;Xiaomi;128;o2;O2 Mobile on Demand M mit 50 GB+ (24 Mon.);M;vergleichbar;-12,0;868,75;987,64;Kosten über 24 Monate · 24 Raten;;2026-10-10;https://www.o2online.de/e-shop/xiaomi/xiaomi-redmi-note-17-128gb-purple-5g-details?ohne-tarif=nein&zielgruppe=privatkunden&ratenzahlung=36&vertragsart=ratenzahlung&tarif=o2-mobile-on-demand-m
Netzbetreiber;Xiaomi Redmi Note 17 128 GB;Xiaomi;128;congstar;Allnet Flat L Flex;L;vergleichbar;-6,0;1098,00;1167,64;Kosten über 36 Monate · 36 Raten;;2026-10-10;https://www.congstar.de/geraete/xiaomi/xiaomi-redmi-note-17-5g/
Netzbetreiber;Xiaomi Redmi Note 17 128 GB;Xiaomi;128;congstar;Allnet Flat L Flex;L;vergleichbar;-4,5;1098,00;1149,64;Kosten über 24 Monate · 24 Raten;;2026-10-10;https://www.congstar.de/geraete/xiaomi/xiaomi-redmi-note-17-5g/
Netzbetreiber;Xiaomi Redmi Note 17 128 GB;Xiaomi;128;Telekom;MagentaMobil XS;XS;vergleichbar;22,1;1054,95;863,80;Kosten über 36 Monate · 36 Raten;;2026-10-10;https://www.telekom.de/shop/geraet/xiaomi/xiaomi-redmi-note-17-5g/black-128-gb?sortBy=popularityIndex&currentPage=3&tariffId=MF_17779&itemPerPage=24&excludedCurrentPage=1&forwardTradeInApplied=false&bp=acquisition&categoryId=smartphones
Netzbetreiber;Xiaomi Redmi Note 17 128 GB;Xiaomi;128;Telekom;MagentaMobil S;S;vergleichbar;27,0;1294,95;1019,80;Kosten über 36 Monate · 36 Raten;;2026-10-10;https://www.telekom.de/shop/geraet/xiaomi/xiaomi-redmi-note-17-5g/black-128-gb?sortBy=popularityIndex&currentPage=3&tariffId=MF_17785&itemPerPage=24&excludedCurrentPage=1&forwardTradeInApplied=false&bp=acquisition&categoryId=smartphones
Netzbetreiber;Xiaomi Redmi Note 17 128 GB;Xiaomi;128;Telekom;MagentaMobil L;L;vergleichbar;37,2;1576,95;1149,64;Kosten über 24 Monate · 12 Raten;;2026-10-10;https://www.telekom.de/shop/geraet/xiaomi/xiaomi-redmi-note-17-5g/black-128-gb?sortBy=popularityIndex&currentPage=3&tariffId=MF_17797&itemPerPage=24&excludedCurrentPage=1&forwardTradeInApplied=false&bp=acquisition&categoryId=smartphones
Netzbetreiber;Xiaomi Redmi Note 17 128 GB;Xiaomi;128;Telekom;MagentaMobil M;M;vergleichbar;43,8;1437,75;999,64;Kosten über 36 Monate · 36 Raten;;2026-10-10;https://www.telekom.de/shop/geraet/xiaomi/xiaomi-redmi-note-17-5g/black-128-gb?sortBy=popularityIndex&currentPage=3&tariffId=MF_17791&itemPerPage=24&excludedCurrentPage=1&forwardTradeInApplied=false&bp=acquisition&categoryId=smartphones
Netzbetreiber;Xiaomi Redmi Note 17 128 GB;Xiaomi;128;1&1;1&1 All-Net-Flat S;XS;nicht_vergleichbar;;875,54;863,80;Kosten über die Bündellaufzeit;1&1 wird nur über 24 Monate verglichen.;2026-10-09;https://mobile.1und1.de/flow2/mobile/ssc-private/tariffContractDuration?tariffChangeUrl=%2F%2Fmobile.1und1.de%2Fxiaomi-redmi-note-17-5g&optionalPrecedingDocuments=%2F%2Fmobile.1und1.de%2Fxiaomi-redmi-note-17-5g&addFlowStates=tradeInAvailable%2CaskWatch%2ChwDurationsAvailable&traceId=62b03148-c86a-4f7e-b433-c16a4c4c7ece
Netzbetreiber;Samsung Galaxy A37 128 GB;Samsung;128;congstar;Allnet Flat M;L;vergleichbar;-34,8;808,00;1239,64;Kosten über 36 Monate · 36 Raten;;2026-10-10;https://www.congstar.de/geraete/samsung/samsung-galaxy-a37/
Netzbetreiber;Samsung Galaxy A37 128 GB;Samsung;128;congstar;Allnet Flat M;L;vergleichbar;-33,9;808,00;1221,64;Kosten über 24 Monate · 24 Raten;;2026-10-10;https://www.congstar.de/geraete/samsung/samsung-galaxy-a37/?planId=540&installmentPlanId=500
Netzbetreiber;Samsung Galaxy A37 128 GB;Samsung;128;congstar;Allnet Flat S;M;vergleichbar;-32,4;724,00;1071,64;Kosten über 36 Monate · 36 Raten;;2026-10-10;https://www.congstar.de/geraete/samsung/samsung-galaxy-a37/
Netzbetreiber;Samsung Galaxy A37 128 GB;Samsung;128;congstar;Allnet Flat S;M;vergleichbar;-31,7;724,00;1059,64;Kosten über 24 Monate · 24 Raten;;2026-10-10;https://www.congstar.de/geraete/samsung/samsung-galaxy-a37/?planId=560&installmentPlanId=500
Netzbetreiber;Samsung Galaxy A37 128 GB;Samsung;128;congstar;Allnet Flat L;L;vergleichbar;-28,0;892,00;1239,64;Kosten über 36 Monate · 36 Raten;;2026-10-10;https://www.congstar.de/geraete/samsung/samsung-galaxy-a37/
Netzbetreiber;Samsung Galaxy A37 128 GB;Samsung;128;congstar;Allnet Flat XS;XS;vergleichbar;-27,8;676,00;935,80;Kosten über 24 Monate · 24 Raten;;2026-10-10;https://www.congstar.de/geraete/samsung/samsung-galaxy-a37/?planId=543&installmentPlanId=500
Netzbetreiber;Samsung Galaxy A37 128 GB;Samsung;128;congstar;Allnet Flat XS;XS;vergleichbar;-27,8;676,00;935,80;Kosten über 36 Monate · 36 Raten;;2026-10-10;https://www.congstar.de/geraete/samsung/samsung-galaxy-a37/
Netzbetreiber;Samsung Galaxy A37 128 GB;Samsung;128;congstar;Allnet Flat L;L;vergleichbar;-27,0;892,00;1221,64;Kosten über 24 Monate · 24 Raten;;2026-10-10;https://www.congstar.de/geraete/samsung/samsung-galaxy-a37/?planId=545&installmentPlanId=500
Netzbetreiber;Samsung Galaxy A37 128 GB;Samsung;128;o2;O2 Mobile on Demand M Plus mit 50 GB+ (24 Mon.);M;vergleichbar;-25,7;796,75;1071,64;Kosten über 36 Monate · 36 Raten;;2026-10-10;https://www.o2online.de/e-shop/samsung/samsung-galaxy-a37-128gb-awesome-charcoal-details?ohne-tarif=nein&zielgruppe=privatkunden&ratenzahlung=36&vertragsart=ratenzahlung&tarif=o2-mobile-on-demand-m-plus
Netzbetreiber;Samsung Galaxy A37 128 GB;Samsung;128;o2;O2 Mobile on Demand M Plus mit 50 GB+ (24 Mon.);M;vergleichbar;-24,8;796,75;1059,64;Kosten über 24 Monate · 24 Raten;;2026-10-10;https://www.o2online.de/e-shop/samsung/samsung-galaxy-a37-128gb-awesome-charcoal-details?ohne-tarif=nein&zielgruppe=privatkunden&ratenzahlung=36&vertragsart=ratenzahlung&tarif=o2-mobile-on-demand-m-plus
Netzbetreiber;Samsung Galaxy A37 128 GB;Samsung;128;congstar;Allnet Flat XS Flex;XS;vergleichbar;-21,8;732,00;935,80;Kosten über 24 Monate · 24 Raten;;2026-10-10;https://www.congstar.de/geraete/samsung/samsung-galaxy-a37/
Netzbetreiber;Samsung Galaxy A37 128 GB;Samsung;128;congstar;Allnet Flat XS Flex;XS;vergleichbar;-21,8;732,00;935,80;Kosten über 36 Monate · 36 Raten;;2026-10-10;https://www.congstar.de/geraete/samsung/samsung-galaxy-a37/
Netzbetreiber;Samsung Galaxy A37 128 GB;Samsung;128;congstar;Allnet Flat M Flex;L;vergleichbar;-21,6;972,00;1239,64;Kosten über 36 Monate · 36 Raten;;2026-10-10;https://www.congstar.de/geraete/samsung/samsung-galaxy-a37/
Netzbetreiber;Samsung Galaxy A37 128 GB;Samsung;128;congstar;Allnet Flat S Flex;M;vergleichbar;-20,5;852,00;1071,64;Kosten über 36 Monate · 36 Raten;;2026-10-10;https://www.congstar.de/geraete/samsung/samsung-galaxy-a37/
Netzbetreiber;Samsung Galaxy A37 128 GB;Samsung;128;congstar;Allnet Flat M Flex;L;vergleichbar;-20,4;972,00;1221,64;Kosten über 24 Monate · 24 Raten;;2026-10-10;https://www.congstar.de/geraete/samsung/samsung-galaxy-a37/
Netzbetreiber;Samsung Galaxy A37 128 GB;Samsung;128;congstar;Allnet Flat S Flex;M;vergleichbar;-19,6;852,00;1059,64;Kosten über 24 Monate · 24 Raten;;2026-10-10;https://www.congstar.de/geraete/samsung/samsung-galaxy-a37/
Netzbetreiber;Samsung Galaxy A37 128 GB;Samsung;128;congstar;Allnet Flat L Flex;L;vergleichbar;-11,9;1092,00;1239,64;Kosten über 36 Monate · 36 Raten;;2026-10-10;https://www.congstar.de/geraete/samsung/samsung-galaxy-a37/
Netzbetreiber;Samsung Galaxy A37 128 GB;Samsung;128;congstar;Allnet Flat L Flex;L;vergleichbar;-10,6;1092,00;1221,64;Kosten über 24 Monate · 24 Raten;;2026-10-10;https://www.congstar.de/geraete/samsung/samsung-galaxy-a37/
Netzbetreiber;Samsung Galaxy A37 128 GB;Samsung;128;Telekom;MagentaMobil XS;XS;vergleichbar;21,6;1137,75;935,80;Kosten über 36 Monate · 36 Raten;;2026-10-10;https://www.telekom.de/shop/geraet/samsung/samsung-galaxy-a37-5g/awesome-lavender-128-gb?sortBy=popularityIndex&currentPage=3&tariffId=MF_17779&itemPerPage=24&excludedCurrentPage=1&forwardTradeInApplied=false&bp=acquisition&categoryId=smartphones
Netzbetreiber;Samsung Galaxy A37 128 GB;Samsung;128;Telekom;MagentaMobil S;S;vergleichbar;26,2;1377,75;1091,80;Kosten über 36 Monate · 36 Raten;;2026-10-10;https://www.telekom.de/shop/geraet/samsung/samsung-galaxy-a37-5g/awesome-lavender-128-gb?sortBy=popularityIndex&currentPage=3&tariffId=MF_17785&itemPerPage=24&excludedCurrentPage=1&forwardTradeInApplied=false&bp=acquisition&categoryId=smartphones
Netzbetreiber;Samsung Galaxy A37 128 GB;Samsung;128;Telekom;MagentaMobil L;L;vergleichbar;35,7;1657,35;1221,64;Kosten über 24 Monate · 24 Raten;;2026-10-10;https://www.telekom.de/shop/geraet/samsung/samsung-galaxy-a37-5g/awesome-lavender-128-gb?sortBy=popularityIndex&currentPage=3&tariffId=MF_17797&itemPerPage=24&excludedCurrentPage=1&forwardTradeInApplied=false&bp=acquisition&categoryId=smartphones
Netzbetreiber;Samsung Galaxy A37 128 GB;Samsung;128;Telekom;MagentaMobil XL;XL;vergleichbar;41,2;2157,75;1527,64;Kosten über 24 Monate · 12 Raten;;2026-10-10;https://www.telekom.de/shop/geraet/samsung/samsung-galaxy-a37-5g/awesome-lavender-128-gb?sortBy=popularityIndex&currentPage=3&tariffId=MF_17803&itemPerPage=24&excludedCurrentPage=1&forwardTradeInApplied=false&bp=acquisition&categoryId=smartphones
Netzbetreiber;Samsung Galaxy A37 128 GB;Samsung;128;Telekom;MagentaMobil M;M;vergleichbar;41,6;1516,95;1071,64;Kosten über 36 Monate · 36 Raten;;2026-10-10;https://www.telekom.de/shop/geraet/samsung/samsung-galaxy-a37-5g/awesome-lavender-128-gb?sortBy=popularityIndex&currentPage=3&tariffId=MF_17791&itemPerPage=24&excludedCurrentPage=1&forwardTradeInApplied=false&bp=acquisition&categoryId=smartphones
Netzbetreiber;Samsung Galaxy A37 128 GB;Samsung;128;1&1;;;kein_buendel;;;;Kosten über die Bündellaufzeit;Bei 1&1 nicht im Angebot (Übersicht vom 10.10.2026 ganz gelesen);;
Netzbetreiber;Apple iPhone 17e 256 GB;Apple;256;o2;O2 Mobile Unlimited M Plus mit 100 MBit/s (24 Mon.);XL;vergleichbar;-34,7;1326,76;2031,64;Kosten über 36 Monate · 36 Raten;;2026-10-10;https://www.o2online.de/e-shop/apple/apple-iphone-17e-256gb-schwarz-details?ohne-tarif=nein&zielgruppe=privatkunden&ratenzahlung=36&vertragsart=ratenzahlung&tarif=o2-mobile-unlimited-m-plus
Netzbetreiber;Apple iPhone 17e 256 GB;Apple;256;o2;O2 Mobile Unlimited M Plus mit 100 MBit/s (24 Mon.);XL;vergleichbar;-33,5;1326,76;1995,64;Kosten über 24 Monate · 24 Raten;;2026-10-10;https://www.o2online.de/e-shop/apple/apple-iphone-17e-256gb-schwarz-details?ohne-tarif=nein&zielgruppe=privatkunden&ratenzahlung=36&vertragsart=ratenzahlung&tarif=o2-mobile-unlimited-m-plus
Netzbetreiber;Apple iPhone 17e 256 GB;Apple;256;congstar;Allnet Flat M;L;vergleichbar;-28,1;1228,00;1707,64;Kosten über 36 Monate · 36 Raten;;2026-10-10;https://www.congstar.de/geraete/apple/apple-iphone-17e/
Netzbetreiber;Apple iPhone 17e 256 GB;Apple;256;congstar;Allnet Flat M;L;vergleichbar;-27,3;1228,00;1689,64;Kosten über 24 Monate · 24 Raten;;2026-10-10;https://www.congstar.de/geraete/apple/apple-iphone-17e/?paymentVariantBenefits=&planId=540&installmentPlanId=500
Netzbetreiber;Apple iPhone 17e 256 GB;Apple;256;congstar;Allnet Flat S;M;vergleichbar;-25,7;1144,00;1539,64;Kosten über 36 Monate · 36 Raten;;2026-10-10;https://www.congstar.de/geraete/apple/apple-iphone-17e/
Netzbetreiber;Apple iPhone 17e 256 GB;Apple;256;congstar;Allnet Flat S;M;vergleichbar;-25,1;1144,00;1527,64;Kosten über 24 Monate · 24 Raten;;2026-10-10;https://www.congstar.de/geraete/apple/apple-iphone-17e/?paymentVariantBenefits=&planId=560&installmentPlanId=500
Netzbetreiber;Apple iPhone 17e 256 GB;Apple;256;o2;O2 Mobile L Plus mit 150 GB+ (24 Mon.);L;vergleichbar;-22,3;1326,76;1707,64;Kosten über 36 Monate · 36 Raten;;2026-10-10;https://www.o2online.de/e-shop/apple/apple-iphone-17e-256gb-schwarz-details?ohne-tarif=nein&zielgruppe=privatkunden&ratenzahlung=36&vertragsart=ratenzahlung&tarif=o2-mobile-unlimited-m-plus
Netzbetreiber;Apple iPhone 17e 256 GB;Apple;256;congstar;Allnet Flat XS;XS;vergleichbar;-21,9;1096,00;1403,80;Kosten über 24 Monate · 24 Raten;;2026-10-10;https://www.congstar.de/geraete/apple/apple-iphone-17e/?paymentVariantBenefits=&planId=543&installmentPlanId=500
Netzbetreiber;Apple iPhone 17e 256 GB;Apple;256;congstar;Allnet Flat XS;XS;vergleichbar;-21,9;1096,00;1403,80;Kosten über 36 Monate · 36 Raten;;2026-10-10;https://www.congstar.de/geraete/apple/apple-iphone-17e/
Netzbetreiber;Apple iPhone 17e 256 GB;Apple;256;o2;O2 Mobile L Plus mit 150 GB+ (24 Mon.);L;vergleichbar;-21,5;1326,76;1689,64;Kosten über 24 Monate · 24 Raten;;2026-10-10;https://www.o2online.de/e-shop/apple/apple-iphone-17e-256gb-schwarz-details?ohne-tarif=nein&zielgruppe=privatkunden&ratenzahlung=36&vertragsart=ratenzahlung&tarif=o2-mobile-unlimited-m-plus
Netzbetreiber;Apple iPhone 17e 256 GB;Apple;256;congstar;Allnet Flat L;L;vergleichbar;-21,1;1348,00;1707,64;Kosten über 36 Monate · 36 Raten;;2026-10-10;https://www.congstar.de/geraete/apple/apple-iphone-17e/
Netzbetreiber;Apple iPhone 17e 256 GB;Apple;256;congstar;Allnet Flat L;L;vergleichbar;-20,2;1348,00;1689,64;Kosten über 24 Monate · 24 Raten;;2026-10-10;https://www.congstar.de/geraete/apple/apple-iphone-17e/?paymentVariantBenefits=&planId=545&installmentPlanId=500
Netzbetreiber;Apple iPhone 17e 256 GB;Apple;256;o2;O2 Mobile on Demand M Plus mit 50 GB+ (24 Mon.);M;vergleichbar;-19,0;1246,75;1539,64;Kosten über 36 Monate · 36 Raten;;2026-10-10;https://www.o2online.de/e-shop/apple/apple-iphone-17e-256gb-schwarz-details?ohne-tarif=nein&zielgruppe=privatkunden&ratenzahlung=36&vertragsart=ratenzahlung&tarif=o2-mobile-unlimited-m-plus
Netzbetreiber;Apple iPhone 17e 256 GB;Apple;256;o2;O2 Mobile on Demand M Plus mit 50 GB+ (24 Mon.);M;vergleichbar;-18,4;1246,75;1527,64;Kosten über 24 Monate · 24 Raten;;2026-10-10;https://www.o2online.de/e-shop/apple/apple-iphone-17e-256gb-schwarz-details?ohne-tarif=nein&zielgruppe=privatkunden&ratenzahlung=36&vertragsart=ratenzahlung&tarif=o2-mobile-unlimited-m-plus
Netzbetreiber;Apple iPhone 17e 256 GB;Apple;256;congstar;Allnet Flat M Flex;L;vergleichbar;-17,4;1410,00;1707,64;Kosten über 36 Monate · 36 Raten;;2026-10-10;https://www.congstar.de/geraete/apple/apple-iphone-17e/
Netzbetreiber;Apple iPhone 17e 256 GB;Apple;256;congstar;Allnet Flat XS Flex;XS;vergleichbar;-16,7;1170,00;1403,80;Kosten über 24 Monate · 24 Raten;;2026-10-10;https://www.congstar.de/geraete/apple/apple-iphone-17e/
Netzbetreiber;Apple iPhone 17e 256 GB;Apple;256;congstar;Allnet Flat XS Flex;XS;vergleichbar;-16,7;1170,00;1403,80;Kosten über 36 Monate · 36 Raten;;2026-10-10;https://www.congstar.de/geraete/apple/apple-iphone-17e/
Netzbetreiber;Apple iPhone 17e 256 GB;Apple;256;congstar;Allnet Flat M Flex;L;vergleichbar;-16,6;1410,00;1689,64;Kosten über 24 Monate · 24 Raten;;2026-10-10;https://www.congstar.de/geraete/apple/apple-iphone-17e/
Netzbetreiber;Apple iPhone 17e 256 GB;Apple;256;congstar;Allnet Flat S Flex;M;vergleichbar;-16,2;1290,00;1539,64;Kosten über 36 Monate · 36 Raten;;2026-10-10;https://www.congstar.de/geraete/apple/apple-iphone-17e/
Netzbetreiber;Apple iPhone 17e 256 GB;Apple;256;congstar;Allnet Flat S Flex;M;vergleichbar;-15,6;1290,00;1527,64;Kosten über 24 Monate · 24 Raten;;2026-10-10;https://www.congstar.de/geraete/apple/apple-iphone-17e/
Netzbetreiber;Apple iPhone 17e 256 GB;Apple;256;congstar;Allnet Flat L Flex;L;vergleichbar;-10,4;1530,00;1707,64;Kosten über 36 Monate · 36 Raten;;2026-10-10;https://www.congstar.de/geraete/apple/apple-iphone-17e/
Netzbetreiber;Apple iPhone 17e 256 GB;Apple;256;congstar;Allnet Flat L Flex;L;vergleichbar;-9,4;1530,00;1689,64;Kosten über 24 Monate · 24 Raten;;2026-10-10;https://www.congstar.de/geraete/apple/apple-iphone-17e/
Netzbetreiber;Apple iPhone 17e 256 GB;Apple;256;Telekom;MagentaMobil XS;XS;vergleichbar;14,4;1605,75;1403,80;Kosten über 36 Monate · 36 Raten;;2026-10-10;https://www.telekom.de/shop/geraet/apple/apple-iphone-17e/weiss-256-gb?sortBy=popularityIndex&currentPage=3&tariffId=MF_17779&itemPerPage=24&excludedCurrentPage=1&forwardTradeInApplied=false&bp=acquisition&categoryId=smartphones
Netzbetreiber;Apple iPhone 17e 256 GB;Apple;256;Telekom;MagentaMobil S;S;vergleichbar;16,5;1845,75;1583,80;Kosten über 36 Monate · 36 Raten;;2026-10-10;https://www.telekom.de/shop/geraet/apple/apple-iphone-17e/weiss-256-gb?sortBy=popularityIndex&currentPage=3&tariffId=MF_17785&itemPerPage=24&excludedCurrentPage=1&forwardTradeInApplied=false&bp=acquisition&categoryId=smartphones
Netzbetreiber;Apple iPhone 17e 256 GB;Apple;256;Telekom;MagentaMobil L;L;vergleichbar;24,6;2127,75;1707,64;Kosten über 36 Monate · 36 Raten;;2026-10-10;https://www.telekom.de/shop/geraet/apple/apple-iphone-17e/weiss-256-gb?sortBy=popularityIndex&currentPage=3&tariffId=MF_17797&itemPerPage=24&excludedCurrentPage=1&forwardTradeInApplied=false&bp=acquisition&categoryId=smartphones
Netzbetreiber;Apple iPhone 17e 256 GB;Apple;256;Telekom;MagentaMobil M;M;vergleichbar;28,9;1984,95;1539,64;Kosten über 36 Monate · 36 Raten;;2026-10-10;https://www.telekom.de/shop/geraet/apple/apple-iphone-17e/weiss-256-gb?sortBy=popularityIndex&currentPage=3&tariffId=MF_17791&itemPerPage=24&excludedCurrentPage=1&forwardTradeInApplied=false&bp=acquisition&categoryId=smartphones
Netzbetreiber;Apple iPhone 17e 256 GB;Apple;256;Telekom;MagentaMobil XL;XL;vergleichbar;29,3;2626,95;2031,64;Kosten über 36 Monate · 36 Raten;;2026-10-10;https://www.telekom.de/shop/geraet/apple/apple-iphone-17e/weiss-256-gb?sortBy=popularityIndex&currentPage=3&tariffId=MF_17803&itemPerPage=24&excludedCurrentPage=1&forwardTradeInApplied=false&bp=acquisition&categoryId=smartphones
Netzbetreiber;Apple iPhone 17e 256 GB;Apple;256;1&1;1&1 All-Net-Flat S;XS;nicht_vergleichbar;;1687,54;1403,80;Kosten über die Bündellaufzeit;1&1 wird nur über 24 Monate verglichen.;2026-10-09;https://mobile.1und1.de/flow2/mobile/ssc-private/tariffContractDuration?tariffChangeUrl=%2F%2Fmobile.1und1.de%2Fiphone-17e&optionalPrecedingDocuments=%2F%2Fmobile.1und1.de%2Fiphone-17e&addFlowStates=tradeInAvailable%2CbrandApple%2CwatchAvailable%2CaskWatch%2ChwDurationsAvailable&traceId=31c59561-f542-45f2-9427-187bf743024a
Netzbetreiber;Xiaomi 17T 256 GB;Xiaomi;256;congstar;Allnet Flat M;L;vergleichbar;-34,6;976,00;1491,64;Kosten über 36 Monate · 36 Raten;;2026-10-10;https://www.congstar.de/geraete/xiaomi/xiaomi-17t/
Netzbetreiber;Xiaomi 17T 256 GB;Xiaomi;256;congstar;Allnet Flat M;L;vergleichbar;-33,8;976,00;1473,64;Kosten über 24 Monate · 24 Raten;;2026-10-10;https://www.congstar.de/geraete/xiaomi/xiaomi-17t/?planId=540&installmentPlanId=500
Netzbetreiber;Xiaomi 17T 256 GB;Xiaomi;256;congstar;Allnet Flat L;L;vergleichbar;-28,9;1060,00;1491,64;Kosten über 36 Monate · 36 Raten;;2026-10-10;https://www.congstar.de/geraete/xiaomi/xiaomi-17t/
Netzbetreiber;Xiaomi 17T 256 GB;Xiaomi;256;congstar;Allnet Flat L;L;vergleichbar;-28,1;1060,00;1473,64;Kosten über 24 Monate · 24 Raten;;2026-10-10;https://www.congstar.de/geraete/xiaomi/xiaomi-17t/?planId=545&installmentPlanId=500
Netzbetreiber;Xiaomi 17T 256 GB;Xiaomi;256;congstar;Allnet Flat S;M;vergleichbar;-27,2;964,00;1323,64;Kosten über 36 Monate · 36 Raten;;2026-10-10;https://www.congstar.de/geraete/xiaomi/xiaomi-17t/
Netzbetreiber;Xiaomi 17T 256 GB;Xiaomi;256;congstar;Allnet Flat S;M;vergleichbar;-26,5;964,00;1311,64;Kosten über 24 Monate · 24 Raten;;2026-10-10;https://www.congstar.de/geraete/xiaomi/xiaomi-17t/?planId=560&installmentPlanId=500
Netzbetreiber;Xiaomi 17T 256 GB;Xiaomi;256;congstar;Allnet Flat XS;XS;vergleichbar;-25,9;880,00;1187,80;Kosten über 24 Monate · 24 Raten;;2026-10-10;https://www.congstar.de/geraete/xiaomi/xiaomi-17t/?planId=543&installmentPlanId=500
Netzbetreiber;Xiaomi 17T 256 GB;Xiaomi;256;congstar;Allnet Flat XS;XS;vergleichbar;-25,9;880,00;1187,80;Kosten über 36 Monate · 36 Raten;;2026-10-10;https://www.congstar.de/geraete/xiaomi/xiaomi-17t/
Netzbetreiber;Xiaomi 17T 256 GB;Xiaomi;256;o2;O2 Mobile on Demand M Plus mit 50 GB+ (24 Mon.);M;vergleichbar;-24,4;1000,75;1323,64;Kosten über 36 Monate · 36 Raten;;2026-10-10;https://www.o2online.de/e-shop/xiaomi/xiaomi-17t-256gb-schwarz-details?ohne-tarif=nein&zielgruppe=privatkunden&ratenzahlung=36&vertragsart=ratenzahlung&tarif=o2-mobile-on-demand-m-plus
Netzbetreiber;Xiaomi 17T 256 GB;Xiaomi;256;o2;O2 Mobile on Demand M Plus mit 50 GB+ (24 Mon.);M;vergleichbar;-23,7;1000,75;1311,64;Kosten über 24 Monate · 24 Raten;;2026-10-10;https://www.o2online.de/e-shop/xiaomi/xiaomi-17t-256gb-schwarz-details?ohne-tarif=nein&zielgruppe=privatkunden&ratenzahlung=36&vertragsart=ratenzahlung&tarif=o2-mobile-on-demand-m-plus
Netzbetreiber;Xiaomi 17T 256 GB;Xiaomi;256;congstar;Allnet Flat M Flex;L;vergleichbar;-11,5;1320,00;1491,64;Kosten über 36 Monate · 36 Raten;;2026-10-10;https://www.congstar.de/geraete/xiaomi/xiaomi-17t/
Netzbetreiber;Xiaomi 17T 256 GB;Xiaomi;256;congstar;Allnet Flat M Flex;L;vergleichbar;-10,4;1320,00;1473,64;Kosten über 24 Monate · 24 Raten;;2026-10-10;https://www.congstar.de/geraete/xiaomi/xiaomi-17t/
Netzbetreiber;Xiaomi 17T 256 GB;Xiaomi;256;congstar;Allnet Flat S Flex;M;vergleichbar;-9,3;1200,00;1323,64;Kosten über 36 Monate · 36 Raten;;2026-10-10;https://www.congstar.de/geraete/xiaomi/xiaomi-17t/
Netzbetreiber;Xiaomi 17T 256 GB;Xiaomi;256;congstar;Allnet Flat XS Flex;XS;vergleichbar;-9,1;1080,00;1187,80;Kosten über 24 Monate · 24 Raten;;2026-10-10;https://www.congstar.de/geraete/xiaomi/xiaomi-17t/
Netzbetreiber;Xiaomi 17T 256 GB;Xiaomi;256;congstar;Allnet Flat XS Flex;XS;vergleichbar;-9,1;1080,00;1187,80;Kosten über 36 Monate · 36 Raten;;2026-10-10;https://www.congstar.de/geraete/xiaomi/xiaomi-17t/
Netzbetreiber;Xiaomi 17T 256 GB;Xiaomi;256;congstar;Allnet Flat S Flex;M;vergleichbar;-8,5;1200,00;1311,64;Kosten über 24 Monate · 24 Raten;;2026-10-10;https://www.congstar.de/geraete/xiaomi/xiaomi-17t/
Netzbetreiber;Xiaomi 17T 256 GB;Xiaomi;256;congstar;Allnet Flat L Flex;L;vergleichbar;-3,5;1440,00;1491,64;Kosten über 36 Monate · 36 Raten;;2026-10-10;https://www.congstar.de/geraete/xiaomi/xiaomi-17t/
Netzbetreiber;Xiaomi 17T 256 GB;Xiaomi;256;congstar;Allnet Flat L Flex;L;vergleichbar;-2,3;1440,00;1473,64;Kosten über 24 Monate · 24 Raten;;2026-10-10;https://www.congstar.de/geraete/xiaomi/xiaomi-17t/
Netzbetreiber;Xiaomi 17T 256 GB;Xiaomi;256;Telekom;MagentaMobil XS;XS;vergleichbar;20,9;1436,55;1187,80;Kosten über 36 Monate · 36 Raten;;2026-10-10;https://www.telekom.de/shop/geraet/xiaomi/xiaomi-17t/violet-256-gb?sortBy=popularityIndex&currentPage=3&tariffId=MF_17779&itemPerPage=24&excludedCurrentPage=1&forwardTradeInApplied=false&bp=acquisition&categoryId=smartphones
Netzbetreiber;Xiaomi 17T 256 GB;Xiaomi;256;Telekom;MagentaMobil S;S;vergleichbar;22,6;1676,55;1367,80;Kosten über 36 Monate · 36 Raten;;2026-10-10;https://www.telekom.de/shop/geraet/xiaomi/xiaomi-17t/violet-256-gb?sortBy=popularityIndex&currentPage=3&tariffId=MF_17785&itemPerPage=24&excludedCurrentPage=1&forwardTradeInApplied=false&bp=acquisition&categoryId=smartphones
Netzbetreiber;Xiaomi 17T 256 GB;Xiaomi;256;Telekom;MagentaMobil L;L;vergleichbar;31,1;1954,95;1491,64;Kosten über 36 Monate · 36 Raten;;2026-10-10;https://www.telekom.de/shop/geraet/xiaomi/xiaomi-17t/violet-256-gb?sortBy=popularityIndex&currentPage=3&tariffId=MF_17797&itemPerPage=24&excludedCurrentPage=1&forwardTradeInApplied=false&bp=acquisition&categoryId=smartphones
Netzbetreiber;Xiaomi 17T 256 GB;Xiaomi;256;Telekom;MagentaMobil XL;XL;vergleichbar;35,4;2457,75;1815,64;Kosten über 36 Monate · 36 Raten;;2026-10-10;https://www.telekom.de/shop/geraet/xiaomi/xiaomi-17t/violet-256-gb?sortBy=popularityIndex&currentPage=3&tariffId=MF_17803&itemPerPage=24&excludedCurrentPage=1&forwardTradeInApplied=false&bp=acquisition&categoryId=smartphones
Netzbetreiber;Xiaomi 17T 256 GB;Xiaomi;256;Telekom;MagentaMobil M;M;vergleichbar;37,2;1815,75;1323,64;Kosten über 36 Monate · 36 Raten;;2026-10-10;https://www.telekom.de/shop/geraet/xiaomi/xiaomi-17t/violet-256-gb?sortBy=popularityIndex&currentPage=3&tariffId=MF_17791&itemPerPage=24&excludedCurrentPage=1&forwardTradeInApplied=false&bp=acquisition&categoryId=smartphones
Netzbetreiber;Xiaomi 17T 256 GB;Xiaomi;256;1&1;1&1 All-Net-Flat S;XS;nicht_vergleichbar;;1207,54;1187,80;Kosten über die Bündellaufzeit;1&1 wird nur über 24 Monate verglichen.;2026-10-09;https://mobile.1und1.de/flow2/mobile/ssc-private/tariffContractDuration?tariffChangeUrl=%2F%2Fmobile.1und1.de%2Fxiaomi-17t&optionalPrecedingDocuments=%2F%2Fmobile.1und1.de%2Fxiaomi-17t&addFlowStates=tradeInAvailable%2CaskWatch%2ChwDurationsAvailable&traceId=ada7ed2a-ccf2-4d28-b9bb-37a7edaf0805
Netzbetreiber;Xiaomi Redmi Note 17 Pro 256 GB;Xiaomi;256;congstar;Allnet Flat M;L;vergleichbar;-34,2;840,00;1275,64;Kosten über 36 Monate · 36 Raten;;2026-10-10;https://www.congstar.de/geraete/xiaomi/xiaomi-redmi-note-17-pro-5g/
Netzbetreiber;Xiaomi Redmi Note 17 Pro 256 GB;Xiaomi;256;congstar;Allnet Flat M;L;vergleichbar;-33,2;840,00;1257,64;Kosten über 24 Monate · 24 Raten;;2026-10-10;https://www.congstar.de/geraete/xiaomi/xiaomi-redmi-note-17-pro-5g/?planId=540&installmentPlanId=500
Netzbetreiber;Xiaomi Redmi Note 17 Pro 256 GB;Xiaomi;256;congstar;Allnet Flat S;M;vergleichbar;-28,5;792,00;1107,64;Kosten über 36 Monate · 36 Raten;;2026-10-10;https://www.congstar.de/geraete/xiaomi/xiaomi-redmi-note-17-pro-5g/
Netzbetreiber;Xiaomi Redmi Note 17 Pro 256 GB;Xiaomi;256;congstar;Allnet Flat S;M;vergleichbar;-27,7;792,00;1095,64;Kosten über 24 Monate · 24 Raten;;2026-10-10;https://www.congstar.de/geraete/xiaomi/xiaomi-redmi-note-17-pro-5g/?planId=560&installmentPlanId=500
Netzbetreiber;Xiaomi Redmi Note 17 Pro 256 GB;Xiaomi;256;congstar;Allnet Flat XS;XS;vergleichbar;-27,1;708,00;971,80;Kosten über 24 Monate · 24 Raten;;2026-10-10;https://www.congstar.de/geraete/xiaomi/xiaomi-redmi-note-17-pro-5g/?planId=543&installmentPlanId=500
Netzbetreiber;Xiaomi Redmi Note 17 Pro 256 GB;Xiaomi;256;congstar;Allnet Flat XS;XS;vergleichbar;-27,1;708,00;971,80;Kosten über 36 Monate · 36 Raten;;2026-10-10;https://www.congstar.de/geraete/xiaomi/xiaomi-redmi-note-17-pro-5g/
Netzbetreiber;Xiaomi Redmi Note 17 Pro 256 GB;Xiaomi;256;congstar;Allnet Flat L;L;vergleichbar;-24,7;960,00;1275,64;Kosten über 36 Monate · 36 Raten;;2026-10-10;https://www.congstar.de/geraete/xiaomi/xiaomi-redmi-note-17-pro-5g/
Netzbetreiber;Xiaomi Redmi Note 17 Pro 256 GB;Xiaomi;256;congstar;Allnet Flat L;L;vergleichbar;-23,7;960,00;1257,64;Kosten über 24 Monate · 24 Raten;;2026-10-10;https://www.congstar.de/geraete/xiaomi/xiaomi-redmi-note-17-pro-5g/?planId=545&installmentPlanId=500
Netzbetreiber;Xiaomi Redmi Note 17 Pro 256 GB;Xiaomi;256;o2;O2 Mobile on Demand M Plus mit 50 GB+ (24 Mon.);M;vergleichbar;-21,6;868,75;1107,64;Kosten über 36 Monate · 36 Raten;;2026-10-10;https://www.o2online.de/e-shop/xiaomi/xiaomi-redmi-note-17-pro-256gb-blue-5g-details?ohne-tarif=nein&zielgruppe=privatkunden&ratenzahlung=36&vertragsart=ratenzahlung&tarif=o2-mobile-on-demand-m-plus
Netzbetreiber;Xiaomi Redmi Note 17 Pro 256 GB;Xiaomi;256;o2;O2 Mobile on Demand M Plus mit 50 GB+ (24 Mon.);M;vergleichbar;-20,7;868,75;1095,64;Kosten über 24 Monate · 24 Raten;;2026-10-10;https://www.o2online.de/e-shop/xiaomi/xiaomi-redmi-note-17-pro-256gb-blue-5g-details?ohne-tarif=nein&zielgruppe=privatkunden&ratenzahlung=36&vertragsart=ratenzahlung&tarif=o2-mobile-on-demand-m-plus
Netzbetreiber;Xiaomi Redmi Note 17 Pro 256 GB;Xiaomi;256;congstar;Allnet Flat M Flex;L;vergleichbar;-12,8;1112,00;1275,64;Kosten über 36 Monate · 36 Raten;;2026-10-10;https://www.congstar.de/geraete/xiaomi/xiaomi-redmi-note-17-pro-5g/
Netzbetreiber;Xiaomi Redmi Note 17 Pro 256 GB;Xiaomi;256;congstar;Allnet Flat M Flex;L;vergleichbar;-11,6;1112,00;1257,64;Kosten über 24 Monate · 24 Raten;;2026-10-10;https://www.congstar.de/geraete/xiaomi/xiaomi-redmi-note-17-pro-5g/
Netzbetreiber;Xiaomi Redmi Note 17 Pro 256 GB;Xiaomi;256;congstar;Allnet Flat S Flex;M;vergleichbar;-10,4;992,00;1107,64;Kosten über 36 Monate · 36 Raten;;2026-10-10;https://www.congstar.de/geraete/xiaomi/xiaomi-redmi-note-17-pro-5g/
Netzbetreiber;Xiaomi Redmi Note 17 Pro 256 GB;Xiaomi;256;congstar;Allnet Flat XS Flex;XS;vergleichbar;-10,3;872,00;971,80;Kosten über 24 Monate · 24 Raten;;2026-10-10;https://www.congstar.de/geraete/xiaomi/xiaomi-redmi-note-17-pro-5g/
Netzbetreiber;Xiaomi Redmi Note 17 Pro 256 GB;Xiaomi;256;congstar;Allnet Flat XS Flex;XS;vergleichbar;-10,3;872,00;971,80;Kosten über 36 Monate · 36 Raten;;2026-10-10;https://www.congstar.de/geraete/xiaomi/xiaomi-redmi-note-17-pro-5g/
Netzbetreiber;Xiaomi Redmi Note 17 Pro 256 GB;Xiaomi;256;congstar;Allnet Flat S Flex;M;vergleichbar;-9,5;992,00;1095,64;Kosten über 24 Monate · 24 Raten;;2026-10-10;https://www.congstar.de/geraete/xiaomi/xiaomi-redmi-note-17-pro-5g/
Netzbetreiber;Xiaomi Redmi Note 17 Pro 256 GB;Xiaomi;256;congstar;Allnet Flat L Flex;L;vergleichbar;-3,4;1232,00;1275,64;Kosten über 36 Monate · 36 Raten;;2026-10-10;https://www.congstar.de/geraete/xiaomi/xiaomi-redmi-note-17-pro-5g/
Netzbetreiber;Xiaomi Redmi Note 17 Pro 256 GB;Xiaomi;256;congstar;Allnet Flat L Flex;L;vergleichbar;-2,0;1232,00;1257,64;Kosten über 24 Monate · 24 Raten;;2026-10-10;https://www.congstar.de/geraete/xiaomi/xiaomi-redmi-note-17-pro-5g/
Netzbetreiber;Xiaomi Redmi Note 17 Pro 256 GB;Xiaomi;256;Telekom;MagentaMobil XS;XS;vergleichbar;18,9;1155,75;971,80;Kosten über 36 Monate · 36 Raten;;2026-10-10;https://www.telekom.de/shop/geraet/xiaomi/xiaomi-redmi-note-17-pro-5g/black-256-gb?sortBy=popularityIndex&currentPage=3&tariffId=MF_17779&itemPerPage=24&excludedCurrentPage=1&forwardTradeInApplied=false&bp=acquisition&categoryId=smartphones
Netzbetreiber;Xiaomi Redmi Note 17 Pro 256 GB;Xiaomi;256;Telekom;MagentaMobil S;S;vergleichbar;23,8;1395,75;1127,80;Kosten über 36 Monate · 36 Raten;;2026-10-10;https://www.telekom.de/shop/geraet/xiaomi/xiaomi-redmi-note-17-pro-5g/black-256-gb?sortBy=popularityIndex&currentPage=3&tariffId=MF_17785&itemPerPage=24&excludedCurrentPage=1&forwardTradeInApplied=false&bp=acquisition&categoryId=smartphones
Netzbetreiber;Xiaomi Redmi Note 17 Pro 256 GB;Xiaomi;256;Telekom;MagentaMobil L;L;vergleichbar;31,5;1677,75;1275,64;Kosten über 36 Monate · 36 Raten;;2026-10-10;https://www.telekom.de/shop/geraet/xiaomi/xiaomi-redmi-note-17-pro-5g/black-256-gb?sortBy=popularityIndex&currentPage=3&tariffId=MF_17797&itemPerPage=24&excludedCurrentPage=1&forwardTradeInApplied=false&bp=acquisition&categoryId=smartphones
Netzbetreiber;Xiaomi Redmi Note 17 Pro 256 GB;Xiaomi;256;Telekom;MagentaMobil M;M;vergleichbar;38,6;1534,95;1107,64;Kosten über 36 Monate · 36 Raten;;2026-10-10;https://www.telekom.de/shop/geraet/xiaomi/xiaomi-redmi-note-17-pro-5g/black-256-gb?sortBy=popularityIndex&currentPage=3&tariffId=MF_17791&itemPerPage=24&excludedCurrentPage=1&forwardTradeInApplied=false&bp=acquisition&categoryId=smartphones
Netzbetreiber;Xiaomi Redmi Note 17 Pro 256 GB;Xiaomi;256;Telekom;MagentaMobil XL;XL;vergleichbar;39,2;2176,95;1563,64;Kosten über 24 Monate · 12 Raten;;2026-10-10;https://www.telekom.de/shop/geraet/xiaomi/xiaomi-redmi-note-17-pro-5g/black-256-gb?sortBy=popularityIndex&currentPage=3&tariffId=MF_17803&itemPerPage=24&excludedCurrentPage=1&forwardTradeInApplied=false&bp=acquisition&categoryId=smartphones
Netzbetreiber;Xiaomi Redmi Note 17 Pro 256 GB;Xiaomi;256;1&1;1&1 All-Net-Flat S;XS;nicht_vergleichbar;;875,54;971,80;Kosten über die Bündellaufzeit;1&1 wird nur über 24 Monate verglichen.;2026-10-09;https://mobile.1und1.de/flow2/mobile/ssc-private/tariffContractDuration?tariffChangeUrl=%2F%2Fmobile.1und1.de%2Fxiaomi-redmi-note-17-pro-5g&optionalPrecedingDocuments=%2F%2Fmobile.1und1.de%2Fxiaomi-redmi-note-17-pro-5g&addFlowStates=tradeInAvailable%2CaskWatch%2ChwDurationsAvailable&traceId=37f36a86-5d54-475d-8450-252d15c3c9aa
Netzbetreiber;Xiaomi Redmi 17 128 GB;Xiaomi;128;congstar;Allnet Flat M;L;vergleichbar;-33,9;724,00;1095,64;Kosten über 36 Monate · 36 Raten;;2026-10-10;https://www.congstar.de/geraete/xiaomi/xiaomi-redmi-17-5g/
Netzbetreiber;Xiaomi Redmi 17 128 GB;Xiaomi;128;congstar;Allnet Flat M;L;vergleichbar;-32,8;724,00;1077,64;Kosten über 24 Monate · 24 Raten;;2026-10-10;https://www.congstar.de/geraete/xiaomi/xiaomi-redmi-17-5g/?planId=540&installmentPlanId=500
Netzbetreiber;Xiaomi Redmi 17 128 GB;Xiaomi;128;congstar;Allnet Flat S;M;vergleichbar;-31,0;640,00;927,64;Kosten über 36 Monate · 36 Raten;;2026-10-10;https://www.congstar.de/geraete/xiaomi/xiaomi-redmi-17-5g/
Netzbetreiber;Xiaomi Redmi 17 128 GB;Xiaomi;128;congstar;Allnet Flat S;M;vergleichbar;-30,1;640,00;915,64;Kosten über 24 Monate · 24 Raten;;2026-10-10;https://www.congstar.de/geraete/xiaomi/xiaomi-redmi-17-5g/?planId=560&installmentPlanId=500
Netzbetreiber;Xiaomi Redmi 17 128 GB;Xiaomi;128;congstar;Allnet Flat XS;XS;vergleichbar;-29,8;556,00;791,80;Kosten über 24 Monate · 24 Raten;;2026-10-10;https://www.congstar.de/geraete/xiaomi/xiaomi-redmi-17-5g/?planId=543&installmentPlanId=500
Netzbetreiber;Xiaomi Redmi 17 128 GB;Xiaomi;128;congstar;Allnet Flat XS;XS;vergleichbar;-29,8;556,00;791,80;Kosten über 36 Monate · 36 Raten;;2026-10-10;https://www.congstar.de/geraete/xiaomi/xiaomi-redmi-17-5g/
Netzbetreiber;Xiaomi Redmi 17 128 GB;Xiaomi;128;congstar;Allnet Flat L;L;vergleichbar;-26,3;808,00;1095,64;Kosten über 36 Monate · 36 Raten;;2026-10-10;https://www.congstar.de/geraete/xiaomi/xiaomi-redmi-17-5g/
Netzbetreiber;Xiaomi Redmi 17 128 GB;Xiaomi;128;congstar;Allnet Flat L;L;vergleichbar;-25,0;808,00;1077,64;Kosten über 24 Monate · 24 Raten;;2026-10-10;https://www.congstar.de/geraete/xiaomi/xiaomi-redmi-17-5g/?planId=545&installmentPlanId=500
Netzbetreiber;Xiaomi Redmi 17 128 GB;Xiaomi;128;congstar;Allnet Flat M Flex;L;vergleichbar;-19,0;888,00;1095,64;Kosten über 36 Monate · 36 Raten;;2026-10-10;https://www.congstar.de/geraete/xiaomi/xiaomi-redmi-17-5g/
Netzbetreiber;Xiaomi Redmi 17 128 GB;Xiaomi;128;congstar;Allnet Flat XS Flex;XS;vergleichbar;-18,2;648,00;791,80;Kosten über 24 Monate · 24 Raten;;2026-10-10;https://www.congstar.de/geraete/xiaomi/xiaomi-redmi-17-5g/
Netzbetreiber;Xiaomi Redmi 17 128 GB;Xiaomi;128;congstar;Allnet Flat XS Flex;XS;vergleichbar;-18,2;648,00;791,80;Kosten über 36 Monate · 36 Raten;;2026-10-10;https://www.congstar.de/geraete/xiaomi/xiaomi-redmi-17-5g/
Netzbetreiber;Xiaomi Redmi 17 128 GB;Xiaomi;128;congstar;Allnet Flat M Flex;L;vergleichbar;-17,6;888,00;1077,64;Kosten über 24 Monate · 24 Raten;;2026-10-10;https://www.congstar.de/geraete/xiaomi/xiaomi-redmi-17-5g/
Netzbetreiber;Xiaomi Redmi 17 128 GB;Xiaomi;128;congstar;Allnet Flat S Flex;M;vergleichbar;-17,2;768,00;927,64;Kosten über 36 Monate · 36 Raten;;2026-10-10;https://www.congstar.de/geraete/xiaomi/xiaomi-redmi-17-5g/
Netzbetreiber;Xiaomi Redmi 17 128 GB;Xiaomi;128;o2;O2 Mobile on Demand M mit 50 GB+ (24 Mon.);M;vergleichbar;-16,7;772,75;927,64;Kosten über 36 Monate · 36 Raten;;2026-10-10;https://www.o2online.de/e-shop/xiaomi/xiaomi-redmi-17-128gb-blue-5g-details?ohne-tarif=nein&zielgruppe=privatkunden&ratenzahlung=36&vertragsart=ratenzahlung&tarif=o2-mobile-on-demand-m
Netzbetreiber;Xiaomi Redmi 17 128 GB;Xiaomi;128;congstar;Allnet Flat S Flex;M;vergleichbar;-16,1;768,00;915,64;Kosten über 24 Monate · 24 Raten;;2026-10-10;https://www.congstar.de/geraete/xiaomi/xiaomi-redmi-17-5g/
Netzbetreiber;Xiaomi Redmi 17 128 GB;Xiaomi;128;o2;O2 Mobile on Demand M mit 50 GB+ (24 Mon.);M;vergleichbar;-15,6;772,75;915,64;Kosten über 24 Monate · 24 Raten;;2026-10-10;https://www.o2online.de/e-shop/xiaomi/xiaomi-redmi-17-128gb-blue-5g-details?ohne-tarif=nein&zielgruppe=privatkunden&ratenzahlung=36&vertragsart=ratenzahlung&tarif=o2-mobile-on-demand-m
Netzbetreiber;Xiaomi Redmi 17 128 GB;Xiaomi;128;congstar;Allnet Flat L Flex;L;vergleichbar;-8,0;1008,00;1095,64;Kosten über 36 Monate · 36 Raten;;2026-10-10;https://www.congstar.de/geraete/xiaomi/xiaomi-redmi-17-5g/
Netzbetreiber;Xiaomi Redmi 17 128 GB;Xiaomi;128;congstar;Allnet Flat L Flex;L;vergleichbar;-6,5;1008,00;1077,64;Kosten über 24 Monate · 24 Raten;;2026-10-10;https://www.congstar.de/geraete/xiaomi/xiaomi-redmi-17-5g/
Netzbetreiber;Xiaomi Redmi 17 128 GB;Xiaomi;128;Telekom;MagentaMobil XS;XS;vergleichbar;24,6;986,55;791,80;Kosten über 36 Monate · 36 Raten;;2026-10-10;https://www.telekom.de/shop/geraet/xiaomi/xiaomi-redmi-17-5g/deep-blue-128-gb?sortBy=popularityIndex&currentPage=3&tariffId=MF_17779&itemPerPage=24&excludedCurrentPage=1&forwardTradeInApplied=false&bp=acquisition&categoryId=smartphones
Netzbetreiber;Xiaomi Redmi 17 128 GB;Xiaomi;128;Telekom;MagentaMobil S;S;vergleichbar;29,4;1226,55;947,80;Kosten über 36 Monate · 36 Raten;;2026-10-10;https://www.telekom.de/shop/geraet/xiaomi/xiaomi-redmi-17-5g/deep-blue-128-gb?sortBy=popularityIndex&currentPage=3&tariffId=MF_17785&itemPerPage=24&excludedCurrentPage=1&forwardTradeInApplied=false&bp=acquisition&categoryId=smartphones
Netzbetreiber;Xiaomi Redmi 17 128 GB;Xiaomi;128;Telekom;MagentaMobil M;M;vergleichbar;49,3;1366,95;915,64;Kosten über 24 Monate · 24 Raten;;2026-10-10;https://www.telekom.de/shop/geraet/xiaomi/xiaomi-redmi-17-5g/deep-blue-128-gb?sortBy=popularityIndex&currentPage=3&tariffId=MF_17791&itemPerPage=24&excludedCurrentPage=1&forwardTradeInApplied=false&bp=acquisition&categoryId=smartphones
Netzbetreiber;Xiaomi Redmi 17 128 GB;Xiaomi;128;1&1;;;kein_buendel;;;;Kosten über die Bündellaufzeit;Bei 1&1 nicht im Angebot (Übersicht vom 10.10.2026 ganz gelesen);;
Netzbetreiber;Google Pixel 10 128 GB;Google;128;o2;O2 Mobile Unlimited M Plus mit 100 MBit/s (24 Mon.);XL;vergleichbar;-32,2;1182,76;1743,64;Kosten über 24 Monate · 24 Raten;;2026-10-10;https://www.o2online.de/e-shop/google/google-pixel-10-128gb-obsidian-details?ohne-tarif=nein&zielgruppe=privatkunden&ratenzahlung=36&vertragsart=ratenzahlung&tarif=o2-mobile-on-demand-m-plus
Netzbetreiber;Google Pixel 10 128 GB;Google;128;o2;O2 Mobile L Plus mit 150 GB+ (24 Mon.);L;vergleichbar;-18,7;1182,76;1455,64;Kosten über 36 Monate · 36 Raten;;2026-10-10;https://www.o2online.de/e-shop/google/google-pixel-10-128gb-obsidian-details?ohne-tarif=nein&zielgruppe=privatkunden&ratenzahlung=36&vertragsart=ratenzahlung&tarif=o2-mobile-on-demand-m-plus
Netzbetreiber;Google Pixel 10 128 GB;Google;128;o2;O2 Mobile L Plus mit 150 GB+ (24 Mon.);L;vergleichbar;-17,7;1182,76;1437,64;Kosten über 24 Monate · 24 Raten;;2026-10-10;https://www.o2online.de/e-shop/google/google-pixel-10-128gb-obsidian-details?ohne-tarif=nein&zielgruppe=privatkunden&ratenzahlung=36&vertragsart=ratenzahlung&tarif=o2-mobile-on-demand-m-plus
Netzbetreiber;Google Pixel 10 128 GB;Google;128;o2;O2 Mobile on Demand M Plus mit 50 GB+ (24 Mon.);M;vergleichbar;-14,4;1102,75;1287,64;Kosten über 36 Monate · 36 Raten;;2026-10-10;https://www.o2online.de/e-shop/google/google-pixel-10-128gb-obsidian-details?ohne-tarif=nein&zielgruppe=privatkunden&ratenzahlung=36&vertragsart=ratenzahlung&tarif=o2-mobile-on-demand-m-plus
Netzbetreiber;Google Pixel 10 128 GB;Google;128;o2;O2 Mobile on Demand M Plus mit 50 GB+ (24 Mon.);M;vergleichbar;-13,6;1102,75;1275,64;Kosten über 24 Monate · 24 Raten;;2026-10-10;https://www.o2online.de/e-shop/google/google-pixel-10-128gb-obsidian-details?ohne-tarif=nein&zielgruppe=privatkunden&ratenzahlung=36&vertragsart=ratenzahlung&tarif=o2-mobile-on-demand-m-plus
Netzbetreiber;Google Pixel 10 128 GB;Google;128;Telekom;;;kein_buendel;;;;Kosten über die Bündellaufzeit;Telekom nicht erfasst: Seite sperrt automatisches Lesen (HTTP 202, 10.10.2026);;
Netzbetreiber;Google Pixel 10 128 GB;Google;128;1&1;;;kein_buendel;;;;Kosten über die Bündellaufzeit;Bei 1&1 nicht im Angebot (Übersicht vom 10.10.2026 ganz gelesen);;
Netzbetreiber;Apple iPhone 16 128 GB;Apple;128;congstar;Allnet Flat M;L;vergleichbar;-31,7;1264,00;1851,64;Kosten über 36 Monate · 36 Raten;;2026-10-10;https://www.congstar.de/geraete/apple/apple-iphone-16/
Netzbetreiber;Apple iPhone 16 128 GB;Apple;128;congstar;Allnet Flat M;L;vergleichbar;-31,1;1264,00;1833,64;Kosten über 24 Monate · 24 Raten;;2026-10-10;https://www.congstar.de/geraete/apple/apple-iphone-16/?paymentVariantBenefits=&planId=540&installmentPlanId=500
Netzbetreiber;Apple iPhone 16 128 GB;Apple;128;o2;O2 Mobile Unlimited M Plus mit 100 MBit/s (24 Mon.);XL;vergleichbar;-28,7;1524,76;2139,64;Kosten über 24 Monate · 24 Raten;;2026-10-10;https://www.o2online.de/e-shop/apple/apple-iphone-16-128gb-schwarz-details?ohne-tarif=nein&zielgruppe=privatkunden&ratenzahlung=36&vertragsart=ratenzahlung&tarif=o2-mobile-on-demand-m-plus
Netzbetreiber;Apple iPhone 16 128 GB;Apple;128;congstar;Allnet Flat S;M;vergleichbar;-27,8;1216,00;1683,64;Kosten über 36 Monate · 36 Raten;;2026-10-10;https://www.congstar.de/geraete/apple/apple-iphone-16/
Netzbetreiber;Apple iPhone 16 128 GB;Apple;128;congstar;Allnet Flat S;M;vergleichbar;-27,3;1216,00;1671,64;Kosten über 24 Monate · 24 Raten;;2026-10-10;https://www.congstar.de/geraete/apple/apple-iphone-16/?paymentVariantBenefits=&planId=560&installmentPlanId=500
Netzbetreiber;Apple iPhone 16 128 GB;Apple;128;congstar;Allnet Flat XS;XS;vergleichbar;-26,9;1132,00;1547,80;Kosten über 24 Monate · 24 Raten;;2026-10-10;https://www.congstar.de/geraete/apple/apple-iphone-16/?paymentVariantBenefits=&planId=543&installmentPlanId=500
Netzbetreiber;Apple iPhone 16 128 GB;Apple;128;congstar;Allnet Flat XS;XS;vergleichbar;-26,9;1132,00;1547,80;Kosten über 36 Monate · 36 Raten;;2026-10-10;https://www.congstar.de/geraete/apple/apple-iphone-16/
Netzbetreiber;Apple iPhone 16 128 GB;Apple;128;congstar;Allnet Flat XS Flex;XS;vergleichbar;-25,6;1152,00;1547,80;Kosten über 24 Monate · 24 Raten;;2026-10-10;https://www.congstar.de/geraete/apple/apple-iphone-16/
Netzbetreiber;Apple iPhone 16 128 GB;Apple;128;congstar;Allnet Flat XS Flex;XS;vergleichbar;-25,6;1152,00;1547,80;Kosten über 36 Monate · 36 Raten;;2026-10-10;https://www.congstar.de/geraete/apple/apple-iphone-16/
Netzbetreiber;Apple iPhone 16 128 GB;Apple;128;congstar;Allnet Flat L;L;vergleichbar;-25,3;1384,00;1851,64;Kosten über 36 Monate · 36 Raten;;2026-10-10;https://www.congstar.de/geraete/apple/apple-iphone-16/
Netzbetreiber;Apple iPhone 16 128 GB;Apple;128;congstar;Allnet Flat M Flex;L;vergleichbar;-24,8;1392,00;1851,64;Kosten über 36 Monate · 36 Raten;;2026-10-10;https://www.congstar.de/geraete/apple/apple-iphone-16/
Netzbetreiber;Apple iPhone 16 128 GB;Apple;128;congstar;Allnet Flat L;L;vergleichbar;-24,5;1384,00;1833,64;Kosten über 24 Monate · 24 Raten;;2026-10-10;https://www.congstar.de/geraete/apple/apple-iphone-16/?paymentVariantBenefits=&planId=545&installmentPlanId=500
Netzbetreiber;Apple iPhone 16 128 GB;Apple;128;congstar;Allnet Flat S Flex;M;vergleichbar;-24,4;1272,00;1683,64;Kosten über 36 Monate · 36 Raten;;2026-10-10;https://www.congstar.de/geraete/apple/apple-iphone-16/
Netzbetreiber;Apple iPhone 16 128 GB;Apple;128;congstar;Allnet Flat M Flex;L;vergleichbar;-24,1;1392,00;1833,64;Kosten über 24 Monate · 24 Raten;;2026-10-10;https://www.congstar.de/geraete/apple/apple-iphone-16/
Netzbetreiber;Apple iPhone 16 128 GB;Apple;128;congstar;Allnet Flat S Flex;M;vergleichbar;-23,9;1272,00;1671,64;Kosten über 24 Monate · 24 Raten;;2026-10-10;https://www.congstar.de/geraete/apple/apple-iphone-16/
Netzbetreiber;Apple iPhone 16 128 GB;Apple;128;congstar;Allnet Flat L Flex;L;vergleichbar;-18,3;1512,00;1851,64;Kosten über 36 Monate · 36 Raten;;2026-10-10;https://www.congstar.de/geraete/apple/apple-iphone-16/
Netzbetreiber;Apple iPhone 16 128 GB;Apple;128;o2;O2 Mobile L Plus mit 150 GB+ (24 Mon.);L;vergleichbar;-17,7;1524,76;1851,64;Kosten über 36 Monate · 36 Raten;;2026-10-10;https://www.o2online.de/e-shop/apple/apple-iphone-16-128gb-schwarz-details?ohne-tarif=nein&zielgruppe=privatkunden&ratenzahlung=36&vertragsart=ratenzahlung&tarif=o2-mobile-on-demand-m-plus
Netzbetreiber;Apple iPhone 16 128 GB;Apple;128;congstar;Allnet Flat L Flex;L;vergleichbar;-17,5;1512,00;1833,64;Kosten über 24 Monate · 24 Raten;;2026-10-10;https://www.congstar.de/geraete/apple/apple-iphone-16/
Netzbetreiber;Apple iPhone 16 128 GB;Apple;128;o2;O2 Mobile L Plus mit 150 GB+ (24 Mon.);L;vergleichbar;-16,8;1524,76;1833,64;Kosten über 24 Monate · 24 Raten;;2026-10-10;https://www.o2online.de/e-shop/apple/apple-iphone-16-128gb-schwarz-details?ohne-tarif=nein&zielgruppe=privatkunden&ratenzahlung=36&vertragsart=ratenzahlung&tarif=o2-mobile-on-demand-m-plus
Netzbetreiber;Apple iPhone 16 128 GB;Apple;128;o2;O2 Mobile on Demand M Plus mit 50 GB+ (24 Mon.);M;vergleichbar;-14,2;1444,75;1683,64;Kosten über 36 Monate · 36 Raten;;2026-10-10;https://www.o2online.de/e-shop/apple/apple-iphone-16-128gb-schwarz-details?ohne-tarif=nein&zielgruppe=privatkunden&ratenzahlung=36&vertragsart=ratenzahlung&tarif=o2-mobile-on-demand-m-plus
Netzbetreiber;Apple iPhone 16 128 GB;Apple;128;o2;O2 Mobile on Demand M Plus mit 50 GB+ (24 Mon.);M;vergleichbar;-13,6;1444,75;1671,64;Kosten über 24 Monate · 24 Raten;;2026-10-10;https://www.o2online.de/e-shop/apple/apple-iphone-16-128gb-schwarz-details?ohne-tarif=nein&zielgruppe=privatkunden&ratenzahlung=36&vertragsart=ratenzahlung&tarif=o2-mobile-on-demand-m-plus
Netzbetreiber;Apple iPhone 16 128 GB;Apple;128;Telekom;MagentaMobil XS;XS;vergleichbar;11,5;1725,35;1547,80;Kosten über 36 Monate · 36 Raten;;2026-10-10;https://www.telekom.de/shop/geraet/apple/apple-iphone-16/ultramarin-128-gb?sortBy=popularityIndex&currentPage=3&tariffId=MF_17779&itemPerPage=24&excludedCurrentPage=1&forwardTradeInApplied=false&bp=acquisition&categoryId=smartphones
Netzbetreiber;Apple iPhone 16 128 GB;Apple;128;Telekom;MagentaMobil S;S;vergleichbar;13,7;1965,35;1727,80;Kosten über 36 Monate · 36 Raten;;2026-10-10;https://www.telekom.de/shop/geraet/apple/apple-iphone-16/ultramarin-128-gb?sortBy=popularityIndex&currentPage=3&tariffId=MF_17785&itemPerPage=24&excludedCurrentPage=1&forwardTradeInApplied=false&bp=acquisition&categoryId=smartphones
Netzbetreiber;Apple iPhone 16 128 GB;Apple;128;Telekom;MagentaMobil L;L;vergleichbar;21,3;2246,55;1851,64;Kosten über 36 Monate · 36 Raten;;2026-10-10;https://www.telekom.de/shop/geraet/apple/apple-iphone-16/ultramarin-128-gb?sortBy=popularityIndex&currentPage=3&tariffId=MF_17797&itemPerPage=24&excludedCurrentPage=1&forwardTradeInApplied=false&bp=acquisition&categoryId=smartphones
Netzbetreiber;Apple iPhone 16 128 GB;Apple;128;Telekom;MagentaMobil M;M;vergleichbar;25,2;2107,35;1683,64;Kosten über 36 Monate · 36 Raten;;2026-10-10;https://www.telekom.de/shop/geraet/apple/apple-iphone-16/ultramarin-128-gb?sortBy=popularityIndex&currentPage=3&tariffId=MF_17791&itemPerPage=24&excludedCurrentPage=1&forwardTradeInApplied=false&bp=acquisition&categoryId=smartphones
Netzbetreiber;Apple iPhone 16 128 GB;Apple;128;Telekom;MagentaMobil XL;XL;vergleichbar;26,2;2745,75;2175,64;Kosten über 36 Monate · 36 Raten;;2026-10-10;https://www.telekom.de/shop/geraet/apple/apple-iphone-16/ultramarin-128-gb?sortBy=popularityIndex&currentPage=3&tariffId=MF_17803&itemPerPage=24&excludedCurrentPage=1&forwardTradeInApplied=false&bp=acquisition&categoryId=smartphones
Netzbetreiber;Apple iPhone 16 128 GB;Apple;128;1&1;1&1 All-Net-Flat S;XS;nicht_vergleichbar;;1687,54;1547,80;Kosten über die Bündellaufzeit;1&1 wird nur über 24 Monate verglichen.;2026-10-09;https://mobile.1und1.de/flow2/mobile/ssc-private/tariffContractDuration?tariffChangeUrl=%2F%2Fmobile.1und1.de%2Fiphone-16&optionalPrecedingDocuments=%2F%2Fmobile.1und1.de%2Fiphone-16&addFlowStates=tradeInAvailable%2CbrandApple%2CwatchAvailable%2CaskWatch%2ChwDurationsAvailable&traceId=13564702-bdaa-4567-8b1c-f03107fb8f8c
Netzbetreiber;Apple iPhone 16 128 GB;Apple;128;o2;O2 Mobile on Demand M Plus mit 50 GB+ (24 Mon.);M;nicht_vergleichbar;;1096,75;1671,64;Kosten über die Bündellaufzeit;o2 führt für dieses Gerät nur ein erneuert Gerät – kein Vergleich gegen ein Neugerät.;2026-10-10;https://www.o2online.de/e-shop/apple/apple-iphone-16-128gb-blau-erneuert-details?ohne-tarif=nein&zielgruppe=privatkunden&ratenzahlung=36&vertragsart=ratenzahlung&tarif=o2-mobile-on-demand-m-plus
Netzbetreiber;Apple iPhone 16 128 GB;Apple;128;o2;O2 Mobile on Demand M Plus mit 50 GB+ (24 Mon.);M;nicht_vergleichbar;;1096,75;1683,64;Kosten über die Bündellaufzeit;o2 führt für dieses Gerät nur ein erneuert Gerät – kein Vergleich gegen ein Neugerät.;2026-10-10;https://www.o2online.de/e-shop/apple/apple-iphone-16-128gb-blau-erneuert-details?ohne-tarif=nein&zielgruppe=privatkunden&ratenzahlung=36&vertragsart=ratenzahlung&tarif=o2-mobile-on-demand-m-plus
Netzbetreiber;Apple iPhone Air 256 GB;Apple;256;congstar;Allnet Flat M;L;vergleichbar;-31,2;1324,00;1923,64;Kosten über 36 Monate · 36 Raten;;2026-10-10;https://www.congstar.de/geraete/apple/apple-iphone-air/
Netzbetreiber;Apple iPhone Air 256 GB;Apple;256;congstar;Allnet Flat M;L;vergleichbar;-30,5;1324,00;1905,64;Kosten über 24 Monate · 24 Raten;;2026-10-10;https://www.congstar.de/geraete/apple/apple-iphone-air/?paymentVariantBenefits=&planId=540&installmentPlanId=500
Netzbetreiber;Apple iPhone Air 256 GB;Apple;256;congstar;Allnet Flat S;M;vergleichbar;-27,3;1276,00;1755,64;Kosten über 36 Monate · 36 Raten;;2026-10-10;https://www.congstar.de/geraete/apple/apple-iphone-air/
Netzbetreiber;Apple iPhone Air 256 GB;Apple;256;congstar;Allnet Flat S;M;vergleichbar;-26,8;1276,00;1743,64;Kosten über 24 Monate · 24 Raten;;2026-10-10;https://www.congstar.de/geraete/apple/apple-iphone-air/?paymentVariantBenefits=&planId=560&installmentPlanId=500
Netzbetreiber;Apple iPhone Air 256 GB;Apple;256;congstar;Allnet Flat L;L;vergleichbar;-26,8;1408,00;1923,64;Kosten über 36 Monate · 36 Raten;;2026-10-10;https://www.congstar.de/geraete/apple/apple-iphone-air/
Netzbetreiber;Apple iPhone Air 256 GB;Apple;256;congstar;Allnet Flat XS;XS;vergleichbar;-26,4;1192,00;1619,80;Kosten über 24 Monate · 24 Raten;;2026-10-10;https://www.congstar.de/geraete/apple/apple-iphone-air/?paymentVariantBenefits=&planId=543&installmentPlanId=500
Netzbetreiber;Apple iPhone Air 256 GB;Apple;256;congstar;Allnet Flat XS;XS;vergleichbar;-26,4;1192,00;1619,80;Kosten über 36 Monate · 36 Raten;;2026-10-10;https://www.congstar.de/geraete/apple/apple-iphone-air/
Netzbetreiber;Apple iPhone Air 256 GB;Apple;256;congstar;Allnet Flat L;L;vergleichbar;-26,1;1408,00;1905,64;Kosten über 24 Monate · 24 Raten;;2026-10-10;https://www.congstar.de/geraete/apple/apple-iphone-air/?paymentVariantBenefits=&planId=545&installmentPlanId=500
Netzbetreiber;Apple iPhone Air 256 GB;Apple;256;o2;O2 Mobile Unlimited M Plus mit 100 MBit/s (24 Mon.);XL;vergleichbar;-23,7;1686,76;2211,64;Kosten über 24 Monate · 24 Raten;;2026-10-10;https://www.o2online.de/e-shop/apple/apple-iphone-air-256gb-himmelblau-details?ohne-tarif=nein&zielgruppe=privatkunden&ratenzahlung=36&vertragsart=ratenzahlung&tarif=o2-mobile-on-demand-m-plus
Netzbetreiber;Apple iPhone Air 256 GB;Apple;256;congstar;Allnet Flat M Flex;L;vergleichbar;-20,8;1524,00;1923,64;Kosten über 36 Monate · 36 Raten;;2026-10-10;https://www.congstar.de/geraete/apple/apple-iphone-air/
Netzbetreiber;Apple iPhone Air 256 GB;Apple;256;congstar;Allnet Flat XS Flex;XS;vergleichbar;-20,7;1284,00;1619,80;Kosten über 24 Monate · 24 Raten;;2026-10-10;https://www.congstar.de/geraete/apple/apple-iphone-air/
Netzbetreiber;Apple iPhone Air 256 GB;Apple;256;congstar;Allnet Flat XS Flex;XS;vergleichbar;-20,7;1284,00;1619,80;Kosten über 36 Monate · 36 Raten;;2026-10-10;https://www.congstar.de/geraete/apple/apple-iphone-air/
Netzbetreiber;Apple iPhone Air 256 GB;Apple;256;congstar;Allnet Flat S Flex;M;vergleichbar;-20,0;1404,00;1755,64;Kosten über 36 Monate · 36 Raten;;2026-10-10;https://www.congstar.de/geraete/apple/apple-iphone-air/
Netzbetreiber;Apple iPhone Air 256 GB;Apple;256;congstar;Allnet Flat M Flex;L;vergleichbar;-20,0;1524,00;1905,64;Kosten über 24 Monate · 24 Raten;;2026-10-10;https://www.congstar.de/geraete/apple/apple-iphone-air/
Netzbetreiber;Apple iPhone Air 256 GB;Apple;256;congstar;Allnet Flat S Flex;M;vergleichbar;-19,5;1404,00;1743,64;Kosten über 24 Monate · 24 Raten;;2026-10-10;https://www.congstar.de/geraete/apple/apple-iphone-air/
Netzbetreiber;Apple iPhone Air 256 GB;Apple;256;congstar;Allnet Flat L Flex;L;vergleichbar;-14,5;1644,00;1923,64;Kosten über 36 Monate · 36 Raten;;2026-10-10;https://www.congstar.de/geraete/apple/apple-iphone-air/
Netzbetreiber;Apple iPhone Air 256 GB;Apple;256;congstar;Allnet Flat L Flex;L;vergleichbar;-13,7;1644,00;1905,64;Kosten über 24 Monate · 24 Raten;;2026-10-10;https://www.congstar.de/geraete/apple/apple-iphone-air/
Netzbetreiber;Apple iPhone Air 256 GB;Apple;256;o2;O2 Mobile L Plus mit 150 GB+ (24 Mon.);L;vergleichbar;-12,3;1686,76;1923,64;Kosten über 36 Monate · 36 Raten;;2026-10-10;https://www.o2online.de/e-shop/apple/apple-iphone-air-256gb-himmelblau-details?ohne-tarif=nein&zielgruppe=privatkunden&ratenzahlung=36&vertragsart=ratenzahlung&tarif=o2-mobile-on-demand-m-plus
Netzbetreiber;Apple iPhone Air 256 GB;Apple;256;o2;O2 Mobile L Plus mit 150 GB+ (24 Mon.);L;vergleichbar;-11,5;1686,76;1905,64;Kosten über 24 Monate · 24 Raten;;2026-10-10;https://www.o2online.de/e-shop/apple/apple-iphone-air-256gb-himmelblau-details?ohne-tarif=nein&zielgruppe=privatkunden&ratenzahlung=36&vertragsart=ratenzahlung&tarif=o2-mobile-on-demand-m-plus
Netzbetreiber;Apple iPhone Air 256 GB;Apple;256;o2;O2 Mobile on Demand M Plus mit 50 GB+ (24 Mon.);M;vergleichbar;-8,5;1606,75;1755,64;Kosten über 36 Monate · 36 Raten;;2026-10-10;https://www.o2online.de/e-shop/apple/apple-iphone-air-256gb-himmelblau-details?ohne-tarif=nein&zielgruppe=privatkunden&ratenzahlung=36&vertragsart=ratenzahlung&tarif=o2-mobile-on-demand-m-plus
Netzbetreiber;Apple iPhone Air 256 GB;Apple;256;o2;O2 Mobile on Demand M Plus mit 50 GB+ (24 Mon.);M;vergleichbar;-7,9;1606,75;1743,64;Kosten über 24 Monate · 24 Raten;;2026-10-10;https://www.o2online.de/e-shop/apple/apple-iphone-air-256gb-himmelblau-details?ohne-tarif=nein&zielgruppe=privatkunden&ratenzahlung=36&vertragsart=ratenzahlung&tarif=o2-mobile-on-demand-m-plus
Netzbetreiber;Apple iPhone Air 256 GB;Apple;256;Telekom;MagentaMobil XS;XS;vergleichbar;6,5;1725,35;1619,80;Kosten über 36 Monate · 36 Raten;;2026-10-10;https://www.telekom.de/shop/geraet/apple/apple-iphone-air/himmelblau-256-gb?sortBy=popularityIndex&currentPage=3&tariffId=MF_17779&itemPerPage=24&excludedCurrentPage=1&forwardTradeInApplied=false&bp=acquisition&categoryId=smartphones
Netzbetreiber;Apple iPhone Air 256 GB;Apple;256;Telekom;MagentaMobil S;S;vergleichbar;9,2;1965,35;1799,80;Kosten über 36 Monate · 36 Raten;;2026-10-10;https://www.telekom.de/shop/geraet/apple/apple-iphone-air/himmelblau-256-gb?sortBy=popularityIndex&currentPage=3&tariffId=MF_17785&itemPerPage=24&excludedCurrentPage=1&forwardTradeInApplied=false&bp=acquisition&categoryId=smartphones
Netzbetreiber;Apple iPhone Air 256 GB;Apple;256;Telekom;MagentaMobil L;L;vergleichbar;16,8;2246,55;1923,64;Kosten über 36 Monate · 36 Raten;;2026-10-10;https://www.telekom.de/shop/geraet/apple/apple-iphone-air/himmelblau-256-gb?sortBy=popularityIndex&currentPage=3&tariffId=MF_17797&itemPerPage=24&excludedCurrentPage=1&forwardTradeInApplied=false&bp=acquisition&categoryId=smartphones
Netzbetreiber;Apple iPhone Air 256 GB;Apple;256;Telekom;MagentaMobil M;M;vergleichbar;20,0;2107,35;1755,64;Kosten über 36 Monate · 36 Raten;;2026-10-10;https://www.telekom.de/shop/geraet/apple/apple-iphone-air/himmelblau-256-gb?sortBy=popularityIndex&currentPage=3&tariffId=MF_17791&itemPerPage=24&excludedCurrentPage=1&forwardTradeInApplied=false&bp=acquisition&categoryId=smartphones
Netzbetreiber;Apple iPhone Air 256 GB;Apple;256;Telekom;MagentaMobil XL;XL;vergleichbar;22,2;2745,75;2247,64;Kosten über 36 Monate · 36 Raten;;2026-10-10;https://www.telekom.de/shop/geraet/apple/apple-iphone-air/himmelblau-256-gb?sortBy=popularityIndex&currentPage=3&tariffId=MF_17803&itemPerPage=24&excludedCurrentPage=1&forwardTradeInApplied=false&bp=acquisition&categoryId=smartphones
Netzbetreiber;Apple iPhone Air 256 GB;Apple;256;1&1;1&1 All-Net-Flat S;XS;nicht_vergleichbar;;1687,54;1619,80;Kosten über die Bündellaufzeit;1&1 wird nur über 24 Monate verglichen.;2026-10-09;https://mobile.1und1.de/flow2/mobile/ssc-private/tariffContractDuration?tariffChangeUrl=%2F%2Fmobile.1und1.de%2Fiphone-air&optionalPrecedingDocuments=%2F%2Fmobile.1und1.de%2Fiphone-air&addFlowStates=tradeInAvailable%2CbrandApple%2CwatchAvailable%2CaskWatch%2ChwDurationsAvailable&traceId=5e145455-5b02-449f-9e37-2e764b440f94
Netzbetreiber;Apple iPhone 17e 512 GB;Apple;512;o2;O2 Mobile Unlimited M Plus mit 100 MBit/s (24 Mon.);XL;vergleichbar;-31,1;1572,76;2283,64;Kosten über 36 Monate · 36 Raten;;2026-10-10;https://www.o2online.de/e-shop/apple/apple-iphone-17e-256gb-schwarz-details?ohne-tarif=nein&zielgruppe=privatkunden&ratenzahlung=36&vertragsart=ratenzahlung&tarif=o2-mobile-unlimited-m-plus
Netzbetreiber;Apple iPhone 17e 512 GB;Apple;512;o2;O2 Mobile Unlimited M Plus mit 100 MBit/s (24 Mon.);XL;vergleichbar;-30,0;1572,76;2247,64;Kosten über 24 Monate · 24 Raten;;2026-10-10;https://www.o2online.de/e-shop/apple/apple-iphone-17e-256gb-schwarz-details?ohne-tarif=nein&zielgruppe=privatkunden&ratenzahlung=36&vertragsart=ratenzahlung&tarif=o2-mobile-unlimited-m-plus
Netzbetreiber;Apple iPhone 17e 512 GB;Apple;512;o2;O2 Mobile L Plus mit 150 GB+ (24 Mon.);L;vergleichbar;-19,7;1572,76;1959,64;Kosten über 36 Monate · 36 Raten;;2026-10-10;https://www.o2online.de/e-shop/apple/apple-iphone-17e-256gb-schwarz-details?ohne-tarif=nein&zielgruppe=privatkunden&ratenzahlung=36&vertragsart=ratenzahlung&tarif=o2-mobile-unlimited-m-plus
Netzbetreiber;Apple iPhone 17e 512 GB;Apple;512;o2;O2 Mobile L Plus mit 150 GB+ (24 Mon.);L;vergleichbar;-19,0;1572,76;1941,64;Kosten über 24 Monate · 24 Raten;;2026-10-10;https://www.o2online.de/e-shop/apple/apple-iphone-17e-256gb-schwarz-details?ohne-tarif=nein&zielgruppe=privatkunden&ratenzahlung=36&vertragsart=ratenzahlung&tarif=o2-mobile-unlimited-m-plus
Netzbetreiber;Apple iPhone 17e 512 GB;Apple;512;o2;O2 Mobile on Demand M Plus mit 50 GB+ (24 Mon.);M;vergleichbar;-16,7;1492,75;1791,64;Kosten über 36 Monate · 36 Raten;;2026-10-10;https://www.o2online.de/e-shop/apple/apple-iphone-17e-256gb-schwarz-details?ohne-tarif=nein&zielgruppe=privatkunden&ratenzahlung=36&vertragsart=ratenzahlung&tarif=o2-mobile-unlimited-m-plus
Netzbetreiber;Apple iPhone 17e 512 GB;Apple;512;o2;O2 Mobile on Demand M Plus mit 50 GB+ (24 Mon.);M;vergleichbar;-16,1;1492,75;1779,64;Kosten über 24 Monate · 24 Raten;;2026-10-10;https://www.o2online.de/e-shop/apple/apple-iphone-17e-256gb-schwarz-details?ohne-tarif=nein&zielgruppe=privatkunden&ratenzahlung=36&vertragsart=ratenzahlung&tarif=o2-mobile-unlimited-m-plus
Netzbetreiber;Apple iPhone 17e 512 GB;Apple;512;Telekom;;;kein_buendel;;;;Kosten über die Bündellaufzeit;Telekom nicht erfasst: Seite sperrt automatisches Lesen (HTTP 202, 10.10.2026);;
Netzbetreiber;Apple iPhone 17e 512 GB;Apple;512;1&1;1&1 All-Net-Flat S;XS;nicht_vergleichbar;;2019,54;1655,80;Kosten über die Bündellaufzeit;1&1 wird nur über 24 Monate verglichen.;2026-10-10;https://mobile.1und1.de/iphone-17e
Netzbetreiber;Samsung Galaxy S26 256 GB;Samsung;256;o2;O2 Mobile Unlimited M Plus mit 100 MBit/s (24 Mon.);XL;vergleichbar;-29,2;1386,76;1959,63;Kosten über 36 Monate · 36 Raten;;2026-10-10;https://www.o2online.de/e-shop/samsung/samsung-galaxy-s26-256gb-cobalt-violet-details?ohne-tarif=nein&zielgruppe=privatkunden&ratenzahlung=36&vertragsart=ratenzahlung&tarif=o2-mobile-unlimited-m-plus
Netzbetreiber;Samsung Galaxy S26 256 GB;Samsung;256;o2;O2 Mobile Unlimited M Plus mit 100 MBit/s (24 Mon.);XL;vergleichbar;-27,9;1386,76;1923,63;Kosten über 24 Monate · 24 Raten;;2026-10-09;https://www.o2online.de/e-shop/samsung/samsung-galaxy-s26-256gb-cobalt-violet-details?ohne-tarif=nein&zielgruppe=privatkunden&ratenzahlung=36&vertragsart=ratenzahlung&tarif=o2-mobile-unlimited-m-plus
Netzbetreiber;Samsung Galaxy S26 256 GB;Samsung;256;o2;O2 Mobile Unlimited S Special Plus mit 15 MBit/s (24 Mon.);XL;vergleichbar;-27,2;1426,75;1959,63;Kosten über 36 Monate · 36 Raten;;2026-10-08;https://www.o2online.de/e-shop/samsung/samsung-galaxy-s26-256gb-cobalt-violet-details?ohne-tarif=nein&zielgruppe=privatkunden&ratenzahlung=36&vertragsart=ratenzahlung&tarif=o2-mobile-unlimited-m-plus
Netzbetreiber;Samsung Galaxy S26 256 GB;Samsung;256;o2;O2 Mobile Unlimited S Special Plus mit 15 MBit/s (24 Mon.);XL;vergleichbar;-25,8;1426,75;1923,63;Kosten über 24 Monate · 24 Raten;;2026-10-08;https://www.o2online.de/e-shop/samsung/samsung-galaxy-s26-256gb-cobalt-violet-details?ohne-tarif=nein&zielgruppe=privatkunden&ratenzahlung=36&vertragsart=ratenzahlung&tarif=o2-mobile-unlimited-m-plus
Netzbetreiber;Samsung Galaxy S26 256 GB;Samsung;256;congstar;Allnet Flat M;L;vergleichbar;-24,9;1228,00;1635,63;Kosten über 36 Monate · 36 Raten;;2026-10-10;https://www.congstar.de/geraete/samsung/samsung-galaxy-s26/
Netzbetreiber;Samsung Galaxy S26 256 GB;Samsung;256;congstar;Allnet Flat M;L;vergleichbar;-24,1;1228,00;1617,63;Kosten über 24 Monate · 24 Raten;;2026-10-10;https://www.congstar.de/geraete/samsung/samsung-galaxy-s26/?paymentVariantBenefits=&planId=540&installmentPlanId=500
Netzbetreiber;Samsung Galaxy S26 256 GB;Samsung;256;congstar;Allnet Flat L;L;vergleichbar;-22,0;1276,00;1635,63;Kosten über 36 Monate · 36 Raten;;2026-10-10;https://www.congstar.de/geraete/samsung/samsung-galaxy-s26/
Netzbetreiber;Samsung Galaxy S26 256 GB;Samsung;256;congstar;Allnet Flat L;L;vergleichbar;-21,1;1276,00;1617,63;Kosten über 24 Monate · 24 Raten;;2026-10-10;https://www.congstar.de/geraete/samsung/samsung-galaxy-s26/?paymentVariantBenefits=&planId=545&installmentPlanId=500
Netzbetreiber;Samsung Galaxy S26 256 GB;Samsung;256;congstar;Allnet Flat S;M;vergleichbar;-19,6;1180,00;1467,63;Kosten über 36 Monate · 36 Raten;;2026-10-10;https://www.congstar.de/geraete/samsung/samsung-galaxy-s26/
Netzbetreiber;Samsung Galaxy S26 256 GB;Samsung;256;congstar;Allnet Flat S;M;vergleichbar;-18,9;1180,00;1455,63;Kosten über 24 Monate · 24 Raten;;2026-10-10;https://www.congstar.de/geraete/samsung/samsung-galaxy-s26/?paymentVariantBenefits=&planId=560&installmentPlanId=500
Netzbetreiber;Samsung Galaxy S26 256 GB;Samsung;256;o2;O2 Mobile L Plus mit 150 GB+ (24 Mon.);L;vergleichbar;-15,2;1386,76;1635,63;Kosten über 36 Monate · 36 Raten;;2026-10-09;https://www.o2online.de/e-shop/samsung/samsung-galaxy-s26-256gb-cobalt-violet-details?ohne-tarif=nein&zielgruppe=privatkunden&ratenzahlung=36&vertragsart=ratenzahlung&tarif=o2-mobile-unlimited-m-plus
Netzbetreiber;Samsung Galaxy S26 256 GB;Samsung;256;congstar;Allnet Flat XS;XS;vergleichbar;-15,0;1132,00;1331,79;Kosten über 24 Monate · 24 Raten;;2026-10-10;https://www.congstar.de/geraete/samsung/samsung-galaxy-s26/?paymentVariantBenefits=&planId=543&installmentPlanId=500
Netzbetreiber;Samsung Galaxy S26 256 GB;Samsung;256;congstar;Allnet Flat XS;XS;vergleichbar;-15,0;1132,00;1331,79;Kosten über 36 Monate · 36 Raten;;2026-10-10;https://www.congstar.de/geraete/samsung/samsung-galaxy-s26/
Netzbetreiber;Samsung Galaxy S26 256 GB;Samsung;256;o2;O2 Mobile L Plus mit 150 GB+ (24 Mon.);L;vergleichbar;-14,3;1386,76;1617,63;Kosten über 24 Monate · 24 Raten;;2026-10-09;https://www.o2online.de/e-shop/samsung/samsung-galaxy-s26-256gb-cobalt-violet-details?ohne-tarif=nein&zielgruppe=privatkunden&ratenzahlung=36&vertragsart=ratenzahlung&tarif=o2-mobile-unlimited-m-plus
Netzbetreiber;Samsung Galaxy S26 256 GB;Samsung;256;congstar;Allnet Flat M Flex;L;vergleichbar;-12,7;1428,00;1635,63;Kosten über 36 Monate · 36 Raten;;2026-10-10;https://www.congstar.de/geraete/samsung/samsung-galaxy-s26/
Netzbetreiber;Samsung Galaxy S26 256 GB;Samsung;256;congstar;Allnet Flat M Flex;L;vergleichbar;-11,7;1428,00;1617,63;Kosten über 24 Monate · 24 Raten;;2026-10-10;https://www.congstar.de/geraete/samsung/samsung-galaxy-s26/
Netzbetreiber;Samsung Galaxy S26 256 GB;Samsung;256;o2;O2 Mobile on Demand M Plus mit 50 GB+ (24 Mon.);M;vergleichbar;-11,0;1306,75;1467,63;Kosten über 36 Monate · 36 Raten;;2026-10-09;https://www.o2online.de/e-shop/samsung/samsung-galaxy-s26-256gb-cobalt-violet-details?ohne-tarif=nein&zielgruppe=privatkunden&ratenzahlung=36&vertragsart=ratenzahlung&tarif=o2-mobile-unlimited-m-plus
Netzbetreiber;Samsung Galaxy S26 256 GB;Samsung;256;congstar;Allnet Flat S Flex;M;vergleichbar;-10,9;1308,00;1467,63;Kosten über 36 Monate · 36 Raten;;2026-10-10;https://www.congstar.de/geraete/samsung/samsung-galaxy-s26/
Netzbetreiber;Samsung Galaxy S26 256 GB;Samsung;256;congstar;Allnet Flat XS Flex;XS;vergleichbar;-10,8;1188,00;1331,79;Kosten über 24 Monate · 24 Raten;;2026-10-10;https://www.congstar.de/geraete/samsung/samsung-galaxy-s26/
Netzbetreiber;Samsung Galaxy S26 256 GB;Samsung;256;congstar;Allnet Flat XS Flex;XS;vergleichbar;-10,8;1188,00;1331,79;Kosten über 36 Monate · 36 Raten;;2026-10-10;https://www.congstar.de/geraete/samsung/samsung-galaxy-s26/
Netzbetreiber;Samsung Galaxy S26 256 GB;Samsung;256;o2;O2 Mobile on Demand M Plus mit 50 GB+ (24 Mon.);M;vergleichbar;-10,2;1306,75;1455,63;Kosten über 24 Monate · 24 Raten;;2026-10-09;https://www.o2online.de/e-shop/samsung/samsung-galaxy-s26-256gb-cobalt-violet-details?ohne-tarif=nein&zielgruppe=privatkunden&ratenzahlung=36&vertragsart=ratenzahlung&tarif=o2-mobile-unlimited-m-plus
Netzbetreiber;Samsung Galaxy S26 256 GB;Samsung;256;congstar;Allnet Flat S Flex;M;vergleichbar;-10,1;1308,00;1455,63;Kosten über 24 Monate · 24 Raten;;2026-10-10;https://www.congstar.de/geraete/samsung/samsung-galaxy-s26/
Netzbetreiber;Samsung Galaxy S26 256 GB;Samsung;256;congstar;Allnet Flat L Flex;L;vergleichbar;-5,4;1548,00;1635,63;Kosten über 36 Monate · 36 Raten;;2026-10-10;https://www.congstar.de/geraete/samsung/samsung-galaxy-s26/
Netzbetreiber;Samsung Galaxy S26 256 GB;Samsung;256;congstar;Allnet Flat L Flex;L;vergleichbar;-4,3;1548,00;1617,63;Kosten über 24 Monate · 24 Raten;;2026-10-10;https://www.congstar.de/geraete/samsung/samsung-galaxy-s26/
Netzbetreiber;Samsung Galaxy S26 256 GB;Samsung;256;Telekom;MagentaMobil S;S;vergleichbar;35,2;2044,55;1511,79;Kosten über 36 Monate · 36 Raten;;2026-10-10;https://www.telekom.de/shop/geraet/samsung/samsung-galaxy-s26/cobalt-violet-256-gb?sortBy=popularityIndex&currentPage=3&tariffId=MF_17785&itemPerPage=24&excludedCurrentPage=1&forwardTradeInApplied=false&bp=acquisition&categoryId=smartphones
Netzbetreiber;Samsung Galaxy S26 256 GB;Samsung;256;Telekom;MagentaMobil XS;XS;vergleichbar;35,5;1804,55;1331,79;Kosten über 36 Monate · 36 Raten;;2026-10-10;https://www.telekom.de/shop/geraet/samsung/samsung-galaxy-s26/cobalt-violet-256-gb?sortBy=popularityIndex&currentPage=3&tariffId=MF_17779&itemPerPage=24&excludedCurrentPage=1&forwardTradeInApplied=false&bp=acquisition&categoryId=smartphones
Netzbetreiber;Samsung Galaxy S26 256 GB;Samsung;256;Telekom;MagentaMobil L;L;vergleichbar;42,2;2325,75;1635,63;Kosten über 36 Monate · 36 Raten;;2026-10-10;https://www.telekom.de/shop/geraet/samsung/samsung-galaxy-s26/cobalt-violet-256-gb?sortBy=popularityIndex&currentPage=3&tariffId=MF_17797&itemPerPage=24&excludedCurrentPage=1&forwardTradeInApplied=false&bp=acquisition&categoryId=smartphones
Netzbetreiber;Samsung Galaxy S26 256 GB;Samsung;256;Telekom;MagentaMobil XL;XL;vergleichbar;44,2;2824,95;1959,63;Kosten über 36 Monate · 36 Raten;;2026-10-10;https://www.telekom.de/shop/geraet/samsung/samsung-galaxy-s26/cobalt-violet-256-gb?sortBy=popularityIndex&currentPage=3&tariffId=MF_17803&itemPerPage=24&excludedCurrentPage=1&forwardTradeInApplied=false&bp=acquisition&categoryId=smartphones
Netzbetreiber;Samsung Galaxy S26 256 GB;Samsung;256;Telekom;MagentaMobil M;M;vergleichbar;49,0;2187,35;1467,63;Kosten über 36 Monate · 36 Raten;;2026-10-10;https://www.telekom.de/shop/geraet/samsung/samsung-galaxy-s26/cobalt-violet-256-gb?sortBy=popularityIndex&currentPage=3&tariffId=MF_17791&itemPerPage=24&excludedCurrentPage=1&forwardTradeInApplied=false&bp=acquisition&categoryId=smartphones
Netzbetreiber;Samsung Galaxy S26 256 GB;Samsung;256;1&1;1&1 All-Net-Flat S;XS;nicht_vergleichbar;;1447,54;1331,79;Kosten über die Bündellaufzeit;1&1 wird nur über 24 Monate verglichen.;2026-10-09;https://mobile.1und1.de/flow2/mobile/ssc-private/tariffContractDuration?tariffChangeUrl=%2F%2Fmobile.1und1.de%2Fsamsung-galaxy-s26&optionalPrecedingDocuments=%2F%2Fmobile.1und1.de%2Fsamsung-galaxy-s26&addFlowStates=tradeInAvailable%2CbrandSamsung%2CsamsungS26Series%2CwatchAvailable%2CstrapsAvailable%2CaskWatch%2ChwDurationsAvailable&traceId=836265fb-4c9e-4b39-8139-7b49d9008983
Netzbetreiber;Samsung Galaxy S26 256 GB;Samsung;256;congstar;Allnet Flat XS;XS;nicht_vergleichbar;;1060,00;1331,79;Kosten über die Bündellaufzeit;congstar führt für dieses Gerät nur ein erneuert Gerät – kein Vergleich gegen ein Neugerät.;2026-10-10;https://www.congstar.de/geraete/samsung/samsung-galaxy-s26-zustand-wie-neu/
Netzbetreiber;Samsung Galaxy S26 256 GB;Samsung;256;congstar;Allnet Flat XS Flex;XS;nicht_vergleichbar;;1080,00;1331,79;Kosten über die Bündellaufzeit;congstar führt für dieses Gerät nur ein erneuert Gerät – kein Vergleich gegen ein Neugerät.;2026-10-10;https://www.congstar.de/geraete/samsung/samsung-galaxy-s26-zustand-wie-neu/
Netzbetreiber;Samsung Galaxy S26 256 GB;Samsung;256;congstar;Allnet Flat XS;XS;nicht_vergleichbar;;1060,00;1331,79;Kosten über die Bündellaufzeit;congstar führt für dieses Gerät nur ein erneuert Gerät – kein Vergleich gegen ein Neugerät.;2026-10-10;https://www.congstar.de/geraete/samsung/samsung-galaxy-s26-zustand-wie-neu/
Netzbetreiber;Samsung Galaxy S26 256 GB;Samsung;256;congstar;Allnet Flat XS Flex;XS;nicht_vergleichbar;;1080,00;1331,79;Kosten über die Bündellaufzeit;congstar führt für dieses Gerät nur ein erneuert Gerät – kein Vergleich gegen ein Neugerät.;2026-10-10;https://www.congstar.de/geraete/samsung/samsung-galaxy-s26-zustand-wie-neu/
Netzbetreiber;Samsung Galaxy S26 256 GB;Samsung;256;congstar;Allnet Flat S;M;nicht_vergleichbar;;1180,00;1455,63;Kosten über die Bündellaufzeit;congstar führt für dieses Gerät nur ein erneuert Gerät – kein Vergleich gegen ein Neugerät.;2026-10-10;https://www.congstar.de/geraete/samsung/samsung-galaxy-s26-zustand-wie-neu/
Netzbetreiber;Samsung Galaxy S26 256 GB;Samsung;256;congstar;Allnet Flat S Flex;M;nicht_vergleichbar;;1200,00;1455,63;Kosten über die Bündellaufzeit;congstar führt für dieses Gerät nur ein erneuert Gerät – kein Vergleich gegen ein Neugerät.;2026-10-10;https://www.congstar.de/geraete/samsung/samsung-galaxy-s26-zustand-wie-neu/
Netzbetreiber;Samsung Galaxy S26 256 GB;Samsung;256;congstar;Allnet Flat S;M;nicht_vergleichbar;;1180,00;1467,63;Kosten über die Bündellaufzeit;congstar führt für dieses Gerät nur ein erneuert Gerät – kein Vergleich gegen ein Neugerät.;2026-10-10;https://www.congstar.de/geraete/samsung/samsung-galaxy-s26-zustand-wie-neu/
Netzbetreiber;Samsung Galaxy S26 256 GB;Samsung;256;congstar;Allnet Flat S Flex;M;nicht_vergleichbar;;1200,00;1467,63;Kosten über die Bündellaufzeit;congstar führt für dieses Gerät nur ein erneuert Gerät – kein Vergleich gegen ein Neugerät.;2026-10-10;https://www.congstar.de/geraete/samsung/samsung-galaxy-s26-zustand-wie-neu/
Netzbetreiber;Samsung Galaxy S26 256 GB;Samsung;256;congstar;Allnet Flat M;L;nicht_vergleichbar;;1300,00;1617,63;Kosten über die Bündellaufzeit;congstar führt für dieses Gerät nur ein erneuert Gerät – kein Vergleich gegen ein Neugerät.;2026-10-10;https://www.congstar.de/geraete/samsung/samsung-galaxy-s26-zustand-wie-neu/
Netzbetreiber;Samsung Galaxy S26 256 GB;Samsung;256;congstar;Allnet Flat M Flex;L;nicht_vergleichbar;;1320,00;1617,63;Kosten über die Bündellaufzeit;congstar führt für dieses Gerät nur ein erneuert Gerät – kein Vergleich gegen ein Neugerät.;2026-10-10;https://www.congstar.de/geraete/samsung/samsung-galaxy-s26-zustand-wie-neu/
Netzbetreiber;Samsung Galaxy S26 256 GB;Samsung;256;congstar;Allnet Flat L;L;nicht_vergleichbar;;1420,00;1617,63;Kosten über die Bündellaufzeit;congstar führt für dieses Gerät nur ein erneuert Gerät – kein Vergleich gegen ein Neugerät.;2026-10-10;https://www.congstar.de/geraete/samsung/samsung-galaxy-s26-zustand-wie-neu/
Netzbetreiber;Samsung Galaxy S26 256 GB;Samsung;256;congstar;Allnet Flat L Flex;L;nicht_vergleichbar;;1440,00;1617,63;Kosten über die Bündellaufzeit;congstar führt für dieses Gerät nur ein erneuert Gerät – kein Vergleich gegen ein Neugerät.;2026-10-10;https://www.congstar.de/geraete/samsung/samsung-galaxy-s26-zustand-wie-neu/
Netzbetreiber;Samsung Galaxy S26 256 GB;Samsung;256;congstar;Allnet Flat M;L;nicht_vergleichbar;;1300,00;1635,63;Kosten über die Bündellaufzeit;congstar führt für dieses Gerät nur ein erneuert Gerät – kein Vergleich gegen ein Neugerät.;2026-10-10;https://www.congstar.de/geraete/samsung/samsung-galaxy-s26-zustand-wie-neu/
Netzbetreiber;Samsung Galaxy S26 256 GB;Samsung;256;congstar;Allnet Flat M Flex;L;nicht_vergleichbar;;1320,00;1635,63;Kosten über die Bündellaufzeit;congstar führt für dieses Gerät nur ein erneuert Gerät – kein Vergleich gegen ein Neugerät.;2026-10-10;https://www.congstar.de/geraete/samsung/samsung-galaxy-s26-zustand-wie-neu/
Netzbetreiber;Samsung Galaxy S26 256 GB;Samsung;256;congstar;Allnet Flat L;L;nicht_vergleichbar;;1420,00;1635,63;Kosten über die Bündellaufzeit;congstar führt für dieses Gerät nur ein erneuert Gerät – kein Vergleich gegen ein Neugerät.;2026-10-10;https://www.congstar.de/geraete/samsung/samsung-galaxy-s26-zustand-wie-neu/
Netzbetreiber;Samsung Galaxy S26 256 GB;Samsung;256;congstar;Allnet Flat L Flex;L;nicht_vergleichbar;;1440,00;1635,63;Kosten über die Bündellaufzeit;congstar führt für dieses Gerät nur ein erneuert Gerät – kein Vergleich gegen ein Neugerät.;2026-10-10;https://www.congstar.de/geraete/samsung/samsung-galaxy-s26-zustand-wie-neu/
Netzbetreiber;Google Pixel 11 256 GB;Google;256;o2;O2 Mobile Unlimited M Plus mit 100 MBit/s (24 Mon.);XL;vergleichbar;-27,0;1470,76;2013,63;Kosten über 24 Monate · 24 Raten;;2026-10-09;https://www.o2online.de/e-shop/google/google-pixel-11-256gb-frost-details?ohne-tarif=nein&zielgruppe=privatkunden&ratenzahlung=36&vertragsart=ratenzahlung&tarif=o2-mobile-on-demand-m-plus
Netzbetreiber;Google Pixel 11 256 GB;Google;256;o2;O2 Mobile Unlimited S Special Plus mit 15 MBit/s (24 Mon.);XL;vergleichbar;-26,3;1510,75;2049,63;Kosten über 36 Monate · 36 Raten;;2026-10-08;https://www.o2online.de/e-shop/google/google-pixel-11-256gb-frost-details?ohne-tarif=nein&zielgruppe=privatkunden&ratenzahlung=36&vertragsart=ratenzahlung&tarif=o2-mobile-on-demand-m-plus
Netzbetreiber;Google Pixel 11 256 GB;Google;256;o2;O2 Mobile Unlimited S Special Plus mit 15 MBit/s (24 Mon.);XL;vergleichbar;-25,0;1510,75;2013,63;Kosten über 24 Monate · 24 Raten;;2026-10-08;https://www.o2online.de/e-shop/google/google-pixel-11-256gb-frost-details?ohne-tarif=nein&zielgruppe=privatkunden&ratenzahlung=36&vertragsart=ratenzahlung&tarif=o2-mobile-on-demand-m-plus
Netzbetreiber;Google Pixel 11 256 GB;Google;256;congstar;Allnet Flat M;L;vergleichbar;-24,7;1300,00;1725,63;Kosten über 36 Monate · 36 Raten;;2026-10-10;https://www.congstar.de/geraete/google/google-pixel-11/
Netzbetreiber;Google Pixel 11 256 GB;Google;256;congstar;Allnet Flat M;L;vergleichbar;-23,9;1300,00;1707,63;Kosten über 24 Monate · 24 Raten;;2026-10-10;https://www.congstar.de/geraete/google/google-pixel-11/?paymentVariantBenefits=&planId=540&installmentPlanId=500
Netzbetreiber;Google Pixel 11 256 GB;Google;256;congstar;Allnet Flat S;M;vergleichbar;-21,9;1216,00;1557,63;Kosten über 36 Monate · 36 Raten;;2026-10-10;https://www.congstar.de/geraete/google/google-pixel-11/
Netzbetreiber;Google Pixel 11 256 GB;Google;256;congstar;Allnet Flat L;L;vergleichbar;-21,9;1348,00;1725,63;Kosten über 36 Monate · 36 Raten;;2026-10-10;https://www.congstar.de/geraete/google/google-pixel-11/
Netzbetreiber;Google Pixel 11 256 GB;Google;256;congstar;Allnet Flat S;M;vergleichbar;-21,3;1216,00;1545,63;Kosten über 24 Monate · 24 Raten;;2026-10-10;https://www.congstar.de/geraete/google/google-pixel-11/?paymentVariantBenefits=&planId=560&installmentPlanId=500
Netzbetreiber;Google Pixel 11 256 GB;Google;256;congstar;Allnet Flat L;L;vergleichbar;-21,1;1348,00;1707,63;Kosten über 24 Monate · 24 Raten;;2026-10-10;https://www.congstar.de/geraete/google/google-pixel-11/?paymentVariantBenefits=&planId=545&installmentPlanId=500
Netzbetreiber;Google Pixel 11 256 GB;Google;256;congstar;Allnet Flat XS;XS;vergleichbar;-20,4;1132,00;1421,79;Kosten über 24 Monate · 24 Raten;;2026-10-10;https://www.congstar.de/geraete/google/google-pixel-11/?paymentVariantBenefits=&planId=543&installmentPlanId=500
Netzbetreiber;Google Pixel 11 256 GB;Google;256;congstar;Allnet Flat XS;XS;vergleichbar;-20,4;1132,00;1421,79;Kosten über 36 Monate · 36 Raten;;2026-10-10;https://www.congstar.de/geraete/google/google-pixel-11/
Netzbetreiber;Google Pixel 11 256 GB;Google;256;o2;O2 Mobile L Plus mit 150 GB+ (24 Mon.);L;vergleichbar;-14,8;1470,76;1725,63;Kosten über 36 Monate · 36 Raten;;2026-10-09;https://www.o2online.de/e-shop/google/google-pixel-11-256gb-frost-details?ohne-tarif=nein&zielgruppe=privatkunden&ratenzahlung=36&vertragsart=ratenzahlung&tarif=o2-mobile-on-demand-m-plus
Netzbetreiber;Google Pixel 11 256 GB;Google;256;o2;O2 Mobile L Plus mit 150 GB+ (24 Mon.);L;vergleichbar;-13,9;1470,76;1707,63;Kosten über 24 Monate · 24 Raten;;2026-10-09;https://www.o2online.de/e-shop/google/google-pixel-11-256gb-frost-details?ohne-tarif=nein&zielgruppe=privatkunden&ratenzahlung=36&vertragsart=ratenzahlung&tarif=o2-mobile-on-demand-m-plus
Netzbetreiber;Google Pixel 11 256 GB;Google;256;o2;O2 Mobile on Demand M Plus mit 50 GB+ (24 Mon.);M;vergleichbar;-10,7;1390,75;1557,63;Kosten über 36 Monate · 36 Raten;;2026-10-09;https://www.o2online.de/e-shop/google/google-pixel-11-256gb-frost-details?ohne-tarif=nein&zielgruppe=privatkunden&ratenzahlung=36&vertragsart=ratenzahlung&tarif=o2-mobile-on-demand-m-plus
Netzbetreiber;Google Pixel 11 256 GB;Google;256;o2;O2 Mobile on Demand M Plus mit 50 GB+ (24 Mon.);M;vergleichbar;-10,0;1390,75;1545,63;Kosten über 24 Monate · 24 Raten;;2026-10-09;https://www.o2online.de/e-shop/google/google-pixel-11-256gb-frost-details?ohne-tarif=nein&zielgruppe=privatkunden&ratenzahlung=36&vertragsart=ratenzahlung&tarif=o2-mobile-on-demand-m-plus
Netzbetreiber;Google Pixel 11 256 GB;Google;256;congstar;Allnet Flat M Flex;L;vergleichbar;-6,8;1608,00;1725,63;Kosten über 36 Monate · 36 Raten;;2026-10-10;https://www.congstar.de/geraete/google/google-pixel-11/
Netzbetreiber;Google Pixel 11 256 GB;Google;256;congstar;Allnet Flat M Flex;L;vergleichbar;-5,8;1608,00;1707,63;Kosten über 24 Monate · 24 Raten;;2026-10-10;https://www.congstar.de/geraete/google/google-pixel-11/
Netzbetreiber;Google Pixel 11 256 GB;Google;256;congstar;Allnet Flat S Flex;M;vergleichbar;-4,5;1488,00;1557,63;Kosten über 36 Monate · 36 Raten;;2026-10-10;https://www.congstar.de/geraete/google/google-pixel-11/
Netzbetreiber;Google Pixel 11 256 GB;Google;256;congstar;Allnet Flat XS Flex;XS;vergleichbar;-3,8;1368,00;1421,79;Kosten über 24 Monate · 24 Raten;;2026-10-10;https://www.congstar.de/geraete/google/google-pixel-11/
Netzbetreiber;Google Pixel 11 256 GB;Google;256;congstar;Allnet Flat XS Flex;XS;vergleichbar;-3,8;1368,00;1421,79;Kosten über 36 Monate · 36 Raten;;2026-10-10;https://www.congstar.de/geraete/google/google-pixel-11/
Netzbetreiber;Google Pixel 11 256 GB;Google;256;congstar;Allnet Flat S Flex;M;vergleichbar;-3,7;1488,00;1545,63;Kosten über 24 Monate · 24 Raten;;2026-10-10;https://www.congstar.de/geraete/google/google-pixel-11/
Netzbetreiber;Google Pixel 11 256 GB;Google;256;congstar;Allnet Flat L Flex;L;vergleichbar;0,1;1728,00;1725,63;Kosten über 36 Monate · 36 Raten;;2026-10-10;https://www.congstar.de/geraete/google/google-pixel-11/
Netzbetreiber;Google Pixel 11 256 GB;Google;256;congstar;Allnet Flat L Flex;L;vergleichbar;1,2;1728,00;1707,63;Kosten über 24 Monate · 24 Raten;;2026-10-10;https://www.congstar.de/geraete/google/google-pixel-11/
Netzbetreiber;Google Pixel 11 256 GB;Google;256;Telekom;MagentaMobil XS;XS;vergleichbar;15,0;1634,55;1421,79;Kosten über 36 Monate · 36 Raten;;2026-10-10;https://www.telekom.de/shop/geraet/google/google-pixel-11/frost-256-gb?sortBy=popularityIndex&currentPage=3&tariffId=MF_17779&itemPerPage=24&excludedCurrentPage=1&forwardTradeInApplied=false&bp=acquisition&categoryId=smartphones
Netzbetreiber;Google Pixel 11 256 GB;Google;256;Telekom;MagentaMobil S;S;vergleichbar;17,0;1874,55;1601,79;Kosten über 36 Monate · 36 Raten;;2026-10-10;https://www.telekom.de/shop/geraet/google/google-pixel-11/frost-256-gb?sortBy=popularityIndex&currentPage=3&tariffId=MF_17785&itemPerPage=24&excludedCurrentPage=1&forwardTradeInApplied=false&bp=acquisition&categoryId=smartphones
Netzbetreiber;Google Pixel 11 256 GB;Google;256;Telekom;MagentaMobil L;L;vergleichbar;23,3;2127,75;1725,63;Kosten über 36 Monate · 36 Raten;;2026-10-10;https://www.telekom.de/shop/geraet/google/google-pixel-11/frost-256-gb?sortBy=popularityIndex&currentPage=3&tariffId=MF_17797&itemPerPage=24&excludedCurrentPage=1&forwardTradeInApplied=false&bp=acquisition&categoryId=smartphones
Netzbetreiber;Google Pixel 11 256 GB;Google;256;Telekom;MagentaMobil M;M;vergleichbar;29,5;2017,35;1557,63;Kosten über 36 Monate · 36 Raten;;2026-10-10;https://www.telekom.de/shop/geraet/google/google-pixel-11/frost-256-gb?tariffId=MF_17791&categoryId=smartphones&forwardTradeInApplied=false&tariffCategoryId=smartphone-tarife&installmentValue=21.6&instalmentId=36
Netzbetreiber;Google Pixel 11 256 GB;Google;256;Telekom;MagentaMobil XL;XL;vergleichbar;29,6;2655,75;2049,63;Kosten über 36 Monate · 36 Raten;;2026-10-10;https://www.telekom.de/shop/geraet/google/google-pixel-11/frost-256-gb?sortBy=popularityIndex&currentPage=3&tariffId=MF_17803&itemPerPage=24&excludedCurrentPage=1&forwardTradeInApplied=false&bp=acquisition&categoryId=smartphones
Netzbetreiber;Google Pixel 11 256 GB;Google;256;Telekom;MagentaMobil M;M;vergleichbar;30,5;2017,35;1545,63;Kosten über 24 Monate · 12 Raten;;2026-10-10;https://www.telekom.de/shop/geraet/google/google-pixel-11/frost-256-gb?tariffId=MF_17791&categoryId=smartphones&forwardTradeInApplied=false&tariffCategoryId=smartphone-tarife&installmentValue=64.8&instalmentId=12
Netzbetreiber;Google Pixel 11 256 GB;Google;256;Telekom;MagentaMobil M;M;vergleichbar;30,5;2017,35;1545,63;Kosten über 24 Monate · 24 Raten;;2026-10-10;https://www.telekom.de/shop/geraet/google/google-pixel-11/frost-256-gb?tariffId=MF_17791&categoryId=smartphones&forwardTradeInApplied=false&tariffCategoryId=smartphone-tarife&installmentValue=32.4&instalmentId=24
Netzbetreiber;Google Pixel 11 256 GB;Google;256;1&1;1&1 All-Net-Flat S;XS;nicht_vergleichbar;;1687,54;1421,79;Kosten über die Bündellaufzeit;1&1 wird nur über 24 Monate verglichen.;2026-10-09;https://mobile.1und1.de/flow2/mobile/ssc-private/tariffContractDuration?tariffChangeUrl=%2F%2Fmobile.1und1.de%2Fgoogle-pixel-11&optionalPrecedingDocuments=%2F%2Fmobile.1und1.de%2Fgoogle-pixel-11&addFlowStates=tradeInAvailable%2CbrandGoogle%2CwatchAvailable%2CaskWatch%2ChwDurationsAvailable&traceId=7d28ef54-e21b-415e-b5b0-28f62bb044c4
Netzbetreiber;Samsung Galaxy S26 Plus 256 GB;Samsung;256;o2;O2 Mobile Unlimited M Plus mit 100 MBit/s (24 Mon.);XL;vergleichbar;-26,9;1722,76;2355,64;Kosten über 36 Monate · 36 Raten;;2026-10-10;https://www.o2online.de/e-shop/samsung/samsung-galaxy-s26-plus-256gb-cobalt-violet-details?ohne-tarif=nein&zielgruppe=privatkunden&ratenzahlung=36&vertragsart=ratenzahlung&tarif=o2-mobile-unlimited-m-plus
Netzbetreiber;Samsung Galaxy S26 Plus 256 GB;Samsung;256;o2;O2 Mobile Unlimited M Plus mit 100 MBit/s (24 Mon.);XL;vergleichbar;-25,7;1722,76;2319,64;Kosten über 24 Monate · 24 Raten;;2026-10-10;https://www.o2online.de/e-shop/samsung/samsung-galaxy-s26-plus-256gb-cobalt-violet-details?ohne-tarif=nein&zielgruppe=privatkunden&ratenzahlung=36&vertragsart=ratenzahlung&tarif=o2-mobile-unlimited-m-plus
Netzbetreiber;Samsung Galaxy S26 Plus 256 GB;Samsung;256;congstar;Allnet Flat M;L;vergleichbar;-17,7;1672,00;2031,64;Kosten über 36 Monate · 36 Raten;;2026-10-10;https://www.congstar.de/geraete/samsung/samsung-galaxy-s26-1/
Netzbetreiber;Samsung Galaxy S26 Plus 256 GB;Samsung;256;congstar;Allnet Flat M;L;vergleichbar;-17,0;1672,00;2013,64;Kosten über 24 Monate · 24 Raten;;2026-10-10;https://www.congstar.de/geraete/samsung/samsung-galaxy-s26-1/?paymentVariantBenefits=&planId=540&installmentPlanId=500
Netzbetreiber;Samsung Galaxy S26 Plus 256 GB;Samsung;256;congstar;Allnet Flat L;L;vergleichbar;-15,3;1720,00;2031,64;Kosten über 36 Monate · 36 Raten;;2026-10-10;https://www.congstar.de/geraete/samsung/samsung-galaxy-s26-1/
Netzbetreiber;Samsung Galaxy S26 Plus 256 GB;Samsung;256;congstar;Allnet Flat L;L;vergleichbar;-14,6;1720,00;2013,64;Kosten über 24 Monate · 24 Raten;;2026-10-10;https://www.congstar.de/geraete/samsung/samsung-galaxy-s26-1/?paymentVariantBenefits=&planId=545&installmentPlanId=500
Netzbetreiber;Samsung Galaxy S26 Plus 256 GB;Samsung;256;congstar;Allnet Flat S;M;vergleichbar;-12,9;1624,00;1863,64;Kosten über 36 Monate · 36 Raten;;2026-10-10;https://www.congstar.de/geraete/samsung/samsung-galaxy-s26-1/
Netzbetreiber;Samsung Galaxy S26 Plus 256 GB;Samsung;256;congstar;Allnet Flat S;M;vergleichbar;-12,3;1624,00;1851,64;Kosten über 24 Monate · 24 Raten;;2026-10-10;https://www.congstar.de/geraete/samsung/samsung-galaxy-s26-1/?paymentVariantBenefits=&planId=560&installmentPlanId=500
Netzbetreiber;Samsung Galaxy S26 Plus 256 GB;Samsung;256;congstar;Allnet Flat XS;XS;vergleichbar;-10,9;1540,00;1727,80;Kosten über 24 Monate · 24 Raten;;2026-10-10;https://www.congstar.de/geraete/samsung/samsung-galaxy-s26-1/?paymentVariantBenefits=&planId=543&installmentPlanId=500
Netzbetreiber;Samsung Galaxy S26 Plus 256 GB;Samsung;256;congstar;Allnet Flat XS;XS;vergleichbar;-10,9;1540,00;1727,80;Kosten über 36 Monate · 36 Raten;;2026-10-10;https://www.congstar.de/geraete/samsung/samsung-galaxy-s26-1/
Netzbetreiber;Samsung Galaxy S26 Plus 256 GB;Samsung;256;congstar;Allnet Flat M Flex;L;vergleichbar;-6,1;1908,00;2031,64;Kosten über 36 Monate · 36 Raten;;2026-10-10;https://www.congstar.de/geraete/samsung/samsung-galaxy-s26-1/
Netzbetreiber;Samsung Galaxy S26 Plus 256 GB;Samsung;256;congstar;Allnet Flat M Flex;L;vergleichbar;-5,2;1908,00;2013,64;Kosten über 24 Monate · 24 Raten;;2026-10-10;https://www.congstar.de/geraete/samsung/samsung-galaxy-s26-1/
Netzbetreiber;Samsung Galaxy S26 Plus 256 GB;Samsung;256;congstar;Allnet Flat S Flex;M;vergleichbar;-4,1;1788,00;1863,64;Kosten über 36 Monate · 36 Raten;;2026-10-10;https://www.congstar.de/geraete/samsung/samsung-galaxy-s26-1/
Netzbetreiber;Samsung Galaxy S26 Plus 256 GB;Samsung;256;congstar;Allnet Flat XS Flex;XS;vergleichbar;-3,5;1668,00;1727,80;Kosten über 24 Monate · 24 Raten;;2026-10-10;https://www.congstar.de/geraete/samsung/samsung-galaxy-s26-1/
Netzbetreiber;Samsung Galaxy S26 Plus 256 GB;Samsung;256;congstar;Allnet Flat XS Flex;XS;vergleichbar;-3,5;1668,00;1727,80;Kosten über 36 Monate · 36 Raten;;2026-10-10;https://www.congstar.de/geraete/samsung/samsung-galaxy-s26-1/
Netzbetreiber;Samsung Galaxy S26 Plus 256 GB;Samsung;256;congstar;Allnet Flat S Flex;M;vergleichbar;-3,4;1788,00;1851,64;Kosten über 24 Monate · 24 Raten;;2026-10-10;https://www.congstar.de/geraete/samsung/samsung-galaxy-s26-1/
Netzbetreiber;Samsung Galaxy S26 Plus 256 GB;Samsung;256;congstar;Allnet Flat L Flex;L;vergleichbar;-0,2;2028,00;2031,64;Kosten über 36 Monate · 36 Raten;;2026-10-10;https://www.congstar.de/geraete/samsung/samsung-galaxy-s26-1/
Netzbetreiber;Samsung Galaxy S26 Plus 256 GB;Samsung;256;congstar;Allnet Flat L Flex;L;vergleichbar;0,7;2028,00;2013,64;Kosten über 24 Monate · 24 Raten;;2026-10-10;https://www.congstar.de/geraete/samsung/samsung-galaxy-s26-1/
Netzbetreiber;Samsung Galaxy S26 Plus 256 GB;Samsung;256;Telekom;MagentaMobil XS;XS;vergleichbar;19,0;2055,75;1727,80;Kosten über 36 Monate · 36 Raten;;2026-10-10;https://www.telekom.de/shop/geraet/samsung/samsung-galaxy-s26plus/white-256-gb?sortBy=popularityIndex&currentPage=3&tariffId=MF_17779&itemPerPage=24&excludedCurrentPage=1&forwardTradeInApplied=false&bp=acquisition&categoryId=smartphones
Netzbetreiber;Samsung Galaxy S26 Plus 256 GB;Samsung;256;Telekom;MagentaMobil S;S;vergleichbar;20,3;2295,75;1907,80;Kosten über 36 Monate · 36 Raten;;2026-10-10;https://www.telekom.de/shop/geraet/samsung/samsung-galaxy-s26plus/white-256-gb?sortBy=popularityIndex&currentPage=3&tariffId=MF_17785&itemPerPage=24&excludedCurrentPage=1&forwardTradeInApplied=false&bp=acquisition&categoryId=smartphones
Netzbetreiber;Samsung Galaxy S26 Plus 256 GB;Samsung;256;Telekom;MagentaMobil L;L;vergleichbar;26,7;2574,95;2031,64;Kosten über 36 Monate · 36 Raten;;2026-10-10;https://www.telekom.de/shop/geraet/samsung/samsung-galaxy-s26plus/white-256-gb?sortBy=popularityIndex&currentPage=3&tariffId=MF_17797&itemPerPage=24&excludedCurrentPage=1&forwardTradeInApplied=false&bp=acquisition&categoryId=smartphones
Netzbetreiber;Samsung Galaxy S26 Plus 256 GB;Samsung;256;Telekom;MagentaMobil M;M;vergleichbar;30,7;2435,75;1863,64;Kosten über 36 Monate · 36 Raten;;2026-10-10;https://www.telekom.de/shop/geraet/samsung/samsung-galaxy-s26plus/white-256-gb?sortBy=popularityIndex&currentPage=3&tariffId=MF_17791&itemPerPage=24&excludedCurrentPage=1&forwardTradeInApplied=false&bp=acquisition&categoryId=smartphones
Netzbetreiber;Samsung Galaxy S26 Plus 256 GB;Samsung;256;Telekom;MagentaMobil XL;XL;vergleichbar;30,7;3077,75;2355,64;Kosten über 36 Monate · 36 Raten;;2026-10-10;https://www.telekom.de/shop/geraet/samsung/samsung-galaxy-s26plus/white-256-gb?sortBy=popularityIndex&currentPage=3&tariffId=MF_17803&itemPerPage=24&excludedCurrentPage=1&forwardTradeInApplied=false&bp=acquisition&categoryId=smartphones
Netzbetreiber;Samsung Galaxy S26 Plus 256 GB;Samsung;256;1&1;1&1 All-Net-Flat S;XS;nicht_vergleichbar;;1927,54;1727,80;Kosten über die Bündellaufzeit;1&1 wird nur über 24 Monate verglichen.;2026-10-09;https://mobile.1und1.de/flow2/mobile/ssc-private/tariffContractDuration?tariffChangeUrl=%2F%2Fmobile.1und1.de%2Fsamsung-galaxy-s26-plus&optionalPrecedingDocuments=%2F%2Fmobile.1und1.de%2Fsamsung-galaxy-s26-plus&addFlowStates=tradeInAvailable%2CbrandSamsung%2CsamsungS26Series%2CwatchAvailable%2CstrapsAvailable%2CaskWatch%2ChwDurationsAvailable&traceId=541be33e-3d08-4c83-8a3c-2f760966a5ca
Netzbetreiber;Apple iPhone 17 256 GB;Apple;256;o2;O2 Mobile Unlimited M Plus mit 100 MBit/s (24 Mon.);XL;vergleichbar;-26,6;1650,76;2247,64;Kosten über 24 Monate · 24 Raten;;2026-10-09;https://www.o2online.de/e-shop/apple/apple-iphone-17-256gb-schwarz-details?ohne-tarif=nein&zielgruppe=privatkunden&ratenzahlung=36&vertragsart=ratenzahlung&tarif=o2-mobile-on-demand-m-plus
Netzbetreiber;Apple iPhone 17 256 GB;Apple;256;o2;O2 Mobile Unlimited S Special Plus mit 15 MBit/s (24 Mon.);XL;vergleichbar;-26,0;1690,75;2283,64;Kosten über 36 Monate · 36 Raten;;2026-10-08;https://www.o2online.de/e-shop/apple/apple-iphone-17-256gb-schwarz-details?ohne-tarif=nein&zielgruppe=privatkunden&ratenzahlung=36&vertragsart=ratenzahlung&tarif=o2-mobile-on-demand-m-plus
Netzbetreiber;Apple iPhone 17 256 GB;Apple;256;o2;O2 Mobile Unlimited S Special Plus mit 15 MBit/s (24 Mon.);XL;vergleichbar;-24,8;1690,75;2247,64;Kosten über 24 Monate · 24 Raten;;2026-10-08;https://www.o2online.de/e-shop/apple/apple-iphone-17-256gb-schwarz-details?ohne-tarif=nein&zielgruppe=privatkunden&ratenzahlung=36&vertragsart=ratenzahlung&tarif=o2-mobile-on-demand-m-plus
Netzbetreiber;Apple iPhone 17 256 GB;Apple;256;congstar;Allnet Flat M;L;vergleichbar;-20,5;1558,00;1959,64;Kosten über 36 Monate · 36 Raten;;2026-10-10;https://www.congstar.de/geraete/apple/apple-iphone-17/
Netzbetreiber;Apple iPhone 17 256 GB;Apple;256;congstar;Allnet Flat M;L;vergleichbar;-19,8;1558,00;1941,64;Kosten über 24 Monate · 24 Raten;;2026-10-10;https://www.congstar.de/geraete/apple/apple-iphone-17/?paymentVariantBenefits=&planId=540&installmentPlanId=500
Netzbetreiber;Apple iPhone 17 256 GB;Apple;256;congstar;Allnet Flat S;M;vergleichbar;-17,7;1474,00;1791,64;Kosten über 36 Monate · 36 Raten;;2026-10-10;https://www.congstar.de/geraete/apple/apple-iphone-17/
Netzbetreiber;Apple iPhone 17 256 GB;Apple;256;congstar;Allnet Flat S;M;vergleichbar;-17,2;1474,00;1779,64;Kosten über 24 Monate · 24 Raten;;2026-10-10;https://www.congstar.de/geraete/apple/apple-iphone-17/?paymentVariantBenefits=&planId=560&installmentPlanId=500
Netzbetreiber;Apple iPhone 17 256 GB;Apple;256;congstar;Allnet Flat L;L;vergleichbar;-16,2;1642,00;1959,64;Kosten über 36 Monate · 36 Raten;;2026-10-10;https://www.congstar.de/geraete/apple/apple-iphone-17/
Netzbetreiber;Apple iPhone 17 256 GB;Apple;256;congstar;Allnet Flat XS;XS;vergleichbar;-16,1;1390,00;1655,80;Kosten über 24 Monate · 24 Raten;;2026-10-10;https://www.congstar.de/geraete/apple/apple-iphone-17/?paymentVariantBenefits=&planId=543&installmentPlanId=500
Netzbetreiber;Apple iPhone 17 256 GB;Apple;256;congstar;Allnet Flat XS;XS;vergleichbar;-16,1;1390,00;1655,80;Kosten über 36 Monate · 36 Raten;;2026-10-10;https://www.congstar.de/geraete/apple/apple-iphone-17/
Netzbetreiber;Apple iPhone 17 256 GB;Apple;256;o2;O2 Mobile L Plus mit 150 GB+ (24 Mon.);L;vergleichbar;-15,8;1650,76;1959,64;Kosten über 36 Monate · 36 Raten;;2026-10-09;https://www.o2online.de/e-shop/apple/apple-iphone-17-256gb-schwarz-details?ohne-tarif=nein&zielgruppe=privatkunden&ratenzahlung=36&vertragsart=ratenzahlung&tarif=o2-mobile-on-demand-m-plus
Netzbetreiber;Apple iPhone 17 256 GB;Apple;256;congstar;Allnet Flat L;L;vergleichbar;-15,4;1642,00;1941,64;Kosten über 24 Monate · 24 Raten;;2026-10-10;https://www.congstar.de/geraete/apple/apple-iphone-17/?paymentVariantBenefits=&planId=545&installmentPlanId=500
Netzbetreiber;Apple iPhone 17 256 GB;Apple;256;o2;O2 Mobile L Plus mit 150 GB+ (24 Mon.);L;vergleichbar;-15,0;1650,76;1941,64;Kosten über 24 Monate · 24 Raten;;2026-10-09;https://www.o2online.de/e-shop/apple/apple-iphone-17-256gb-schwarz-details?ohne-tarif=nein&zielgruppe=privatkunden&ratenzahlung=36&vertragsart=ratenzahlung&tarif=o2-mobile-on-demand-m-plus
Netzbetreiber;Apple iPhone 17 256 GB;Apple;256;congstar;Allnet Flat M Flex;L;vergleichbar;-14,0;1686,00;1959,64;Kosten über 36 Monate · 36 Raten;;2026-10-10;https://www.congstar.de/geraete/apple/apple-iphone-17/
Netzbetreiber;Apple iPhone 17 256 GB;Apple;256;congstar;Allnet Flat M Flex;L;vergleichbar;-13,2;1686,00;1941,64;Kosten über 24 Monate · 24 Raten;;2026-10-10;https://www.congstar.de/geraete/apple/apple-iphone-17/
Netzbetreiber;Apple iPhone 17 256 GB;Apple;256;congstar;Allnet Flat XS Flex;XS;vergleichbar;-12,7;1446,00;1655,80;Kosten über 24 Monate · 24 Raten;;2026-10-10;https://www.congstar.de/geraete/apple/apple-iphone-17/
Netzbetreiber;Apple iPhone 17 256 GB;Apple;256;congstar;Allnet Flat XS Flex;XS;vergleichbar;-12,7;1446,00;1655,80;Kosten über 36 Monate · 36 Raten;;2026-10-10;https://www.congstar.de/geraete/apple/apple-iphone-17/
Netzbetreiber;Apple iPhone 17 256 GB;Apple;256;congstar;Allnet Flat S Flex;M;vergleichbar;-12,6;1566,00;1791,64;Kosten über 36 Monate · 36 Raten;;2026-10-10;https://www.congstar.de/geraete/apple/apple-iphone-17/
Netzbetreiber;Apple iPhone 17 256 GB;Apple;256;o2;O2 Mobile on Demand M Plus mit 50 GB+ (24 Mon.);M;vergleichbar;-12,3;1570,75;1791,64;Kosten über 36 Monate · 36 Raten;;2026-10-09;https://www.o2online.de/e-shop/apple/apple-iphone-17-256gb-schwarz-details?ohne-tarif=nein&zielgruppe=privatkunden&ratenzahlung=36&vertragsart=ratenzahlung&tarif=o2-mobile-on-demand-m-plus
Netzbetreiber;Apple iPhone 17 256 GB;Apple;256;congstar;Allnet Flat S Flex;M;vergleichbar;-12,0;1566,00;1779,64;Kosten über 24 Monate · 24 Raten;;2026-10-10;https://www.congstar.de/geraete/apple/apple-iphone-17/
Netzbetreiber;Apple iPhone 17 256 GB;Apple;256;o2;O2 Mobile on Demand M Plus mit 50 GB+ (24 Mon.);M;vergleichbar;-11,7;1570,75;1779,64;Kosten über 24 Monate · 24 Raten;;2026-10-09;https://www.o2online.de/e-shop/apple/apple-iphone-17-256gb-schwarz-details?ohne-tarif=nein&zielgruppe=privatkunden&ratenzahlung=36&vertragsart=ratenzahlung&tarif=o2-mobile-on-demand-m-plus
Netzbetreiber;Apple iPhone 17 256 GB;Apple;256;congstar;Allnet Flat L Flex;L;vergleichbar;-7,8;1806,00;1959,64;Kosten über 36 Monate · 36 Raten;;2026-10-10;https://www.congstar.de/geraete/apple/apple-iphone-17/
Netzbetreiber;Apple iPhone 17 256 GB;Apple;256;congstar;Allnet Flat L Flex;L;vergleichbar;-7,0;1806,00;1941,64;Kosten über 24 Monate · 24 Raten;;2026-10-10;https://www.congstar.de/geraete/apple/apple-iphone-17/
Netzbetreiber;Apple iPhone 17 256 GB;Apple;256;Telekom;MagentaMobil XS;XS;vergleichbar;9,6;1815,35;1655,80;Kosten über 36 Monate · 36 Raten;;2026-10-10;https://www.telekom.de/shop/geraet/apple/apple-iphone-17/lavendel-256-gb?sortBy=popularityIndex&currentPage=3&tariffId=MF_17779&itemPerPage=24&excludedCurrentPage=1&forwardTradeInApplied=false&bp=acquisition&categoryId=smartphones
Netzbetreiber;Apple iPhone 17 256 GB;Apple;256;Telekom;MagentaMobil S;S;vergleichbar;12,0;2055,35;1835,80;Kosten über 36 Monate · 36 Raten;;2026-10-10;https://www.telekom.de/shop/geraet/apple/apple-iphone-17/lavendel-256-gb?sortBy=popularityIndex&currentPage=3&tariffId=MF_17785&itemPerPage=24&excludedCurrentPage=1&forwardTradeInApplied=false&bp=acquisition&categoryId=smartphones
Netzbetreiber;Apple iPhone 17 256 GB;Apple;256;Telekom;MagentaMobil L;L;vergleichbar;19,2;2336,55;1959,64;Kosten über 36 Monate · 36 Raten;;2026-10-10;https://www.telekom.de/shop/geraet/apple/apple-iphone-17/lavendel-256-gb?sortBy=popularityIndex&currentPage=3&tariffId=MF_17797&itemPerPage=24&excludedCurrentPage=1&forwardTradeInApplied=false&bp=acquisition&categoryId=smartphones
Netzbetreiber;Apple iPhone 17 256 GB;Apple;256;Telekom;MagentaMobil M;M;vergleichbar;22,5;2194,55;1791,64;Kosten über 36 Monate · 36 Raten;;2026-10-10;https://www.telekom.de/shop/geraet/apple/apple-iphone-17/lavendel-256-gb?sortBy=popularityIndex&currentPage=3&tariffId=MF_17791&itemPerPage=24&excludedCurrentPage=1&forwardTradeInApplied=false&bp=acquisition&categoryId=smartphones
Netzbetreiber;Apple iPhone 17 256 GB;Apple;256;Telekom;MagentaMobil XL;XL;vergleichbar;24,2;2835,75;2283,64;Kosten über 36 Monate · 36 Raten;;2026-10-10;https://www.telekom.de/shop/geraet/apple/apple-iphone-17/lavendel-256-gb?sortBy=popularityIndex&currentPage=3&tariffId=MF_17803&itemPerPage=24&excludedCurrentPage=1&forwardTradeInApplied=false&bp=acquisition&categoryId=smartphones
Netzbetreiber;Apple iPhone 17 256 GB;Apple;256;1&1;1&1 All-Net-Flat S;XS;nicht_vergleichbar;;1927,54;1655,80;Kosten über die Bündellaufzeit;1&1 wird nur über 24 Monate verglichen.;2026-10-09;https://mobile.1und1.de/flow2/mobile/ssc-private/tariffContractDuration?tariffChangeUrl=%2F%2Fmobile.1und1.de%2Fiphone-17&optionalPrecedingDocuments=%2F%2Fmobile.1und1.de%2Fiphone-17&addFlowStates=tradeInAvailable%2CbrandApple%2CwatchAvailable%2CaskWatch%2ChwDurationsAvailable&traceId=14ae6f35-3924-4347-bdc0-3f9f140ca29b
Netzbetreiber;Apple iPhone 17 256 GB;Apple;256;o2;O2 Mobile Unlimited M Plus mit 100 MBit/s (24 Mon.);XL;nicht_vergleichbar;;1452,76;2247,64;Kosten über die Bündellaufzeit;o2 führt für dieses Gerät nur ein erneuert Gerät – kein Vergleich gegen ein Neugerät.;2026-10-10;https://www.o2online.de/e-shop/apple/apple-iphone-17-256gb-schwarz-erneuert-details?ohne-tarif=nein&zielgruppe=privatkunden&ratenzahlung=36&vertragsart=ratenzahlung&tarif=o2-mobile-unlimited-m-plus
Netzbetreiber;Apple iPhone 17 256 GB;Apple;256;o2;O2 Mobile Unlimited M Plus mit 100 MBit/s (24 Mon.);XL;nicht_vergleichbar;;1452,76;2283,64;Kosten über die Bündellaufzeit;o2 führt für dieses Gerät nur ein erneuert Gerät – kein Vergleich gegen ein Neugerät.;2026-10-10;https://www.o2online.de/e-shop/apple/apple-iphone-17-256gb-schwarz-erneuert-details?ohne-tarif=nein&zielgruppe=privatkunden&ratenzahlung=36&vertragsart=ratenzahlung&tarif=o2-mobile-unlimited-m-plus
Netzbetreiber;Samsung Galaxy S26 512 GB;Samsung;512;o2;O2 Mobile Unlimited M Plus mit 100 MBit/s (24 Mon.);XL;vergleichbar;-25,9;1584,76;2139,63;Kosten über 36 Monate · 36 Raten;;2026-10-10;https://www.o2online.de/e-shop/samsung/samsung-galaxy-s26-256gb-cobalt-violet-details?ohne-tarif=nein&zielgruppe=privatkunden&ratenzahlung=36&vertragsart=ratenzahlung&tarif=o2-mobile-unlimited-m-plus
Netzbetreiber;Samsung Galaxy S26 512 GB;Samsung;512;o2;O2 Mobile Unlimited M Plus mit 100 MBit/s (24 Mon.);XL;vergleichbar;-24,7;1584,76;2103,63;Kosten über 24 Monate · 24 Raten;;2026-10-09;https://www.o2online.de/e-shop/samsung/samsung-galaxy-s26-256gb-cobalt-violet-details?ohne-tarif=nein&zielgruppe=privatkunden&ratenzahlung=36&vertragsart=ratenzahlung&tarif=o2-mobile-unlimited-m-plus
Netzbetreiber;Samsung Galaxy S26 512 GB;Samsung;512;congstar;Allnet Flat M;L;vergleichbar;-18,5;1480,00;1815,63;Kosten über 36 Monate · 36 Raten;;2026-10-10;https://www.congstar.de/geraete/samsung/samsung-galaxy-s26/
Netzbetreiber;Samsung Galaxy S26 512 GB;Samsung;512;congstar;Allnet Flat M;L;vergleichbar;-17,7;1480,00;1797,63;Kosten über 24 Monate · 24 Raten;;2026-10-10;https://www.congstar.de/geraete/samsung/samsung-galaxy-s26/?paymentVariantBenefits=&planId=540&installmentPlanId=500&memorySize=512+GB
Netzbetreiber;Samsung Galaxy S26 512 GB;Samsung;512;congstar;Allnet Flat L;L;vergleichbar;-13,9;1564,00;1815,63;Kosten über 36 Monate · 36 Raten;;2026-10-10;https://www.congstar.de/geraete/samsung/samsung-galaxy-s26/
Netzbetreiber;Samsung Galaxy S26 512 GB;Samsung;512;congstar;Allnet Flat S;M;vergleichbar;-13,1;1432,00;1647,63;Kosten über 36 Monate · 36 Raten;;2026-10-10;https://www.congstar.de/geraete/samsung/samsung-galaxy-s26/
Netzbetreiber;Samsung Galaxy S26 512 GB;Samsung;512;congstar;Allnet Flat L;L;vergleichbar;-13,0;1564,00;1797,63;Kosten über 24 Monate · 24 Raten;;2026-10-10;https://www.congstar.de/geraete/samsung/samsung-galaxy-s26/?paymentVariantBenefits=&planId=545&installmentPlanId=500&memorySize=512+GB
Netzbetreiber;Samsung Galaxy S26 512 GB;Samsung;512;congstar;Allnet Flat S;M;vergleichbar;-12,4;1432,00;1635,63;Kosten über 24 Monate · 24 Raten;;2026-10-10;https://www.congstar.de/geraete/samsung/samsung-galaxy-s26/?paymentVariantBenefits=&planId=560&installmentPlanId=500&memorySize=512+GB
Netzbetreiber;Samsung Galaxy S26 512 GB;Samsung;512;o2;O2 Mobile L Plus mit 150 GB+ (24 Mon.);L;vergleichbar;-11,8;1584,76;1797,63;Kosten über 24 Monate · 24 Raten;;2026-10-09;https://www.o2online.de/e-shop/samsung/samsung-galaxy-s26-256gb-cobalt-violet-details?ohne-tarif=nein&zielgruppe=privatkunden&ratenzahlung=36&vertragsart=ratenzahlung&tarif=o2-mobile-unlimited-m-plus
Netzbetreiber;Samsung Galaxy S26 512 GB;Samsung;512;congstar;Allnet Flat XS;XS;vergleichbar;-10,8;1348,00;1511,79;Kosten über 24 Monate · 24 Raten;;2026-10-10;https://www.congstar.de/geraete/samsung/samsung-galaxy-s26/?paymentVariantBenefits=&planId=543&installmentPlanId=500&memorySize=512+GB
Netzbetreiber;Samsung Galaxy S26 512 GB;Samsung;512;congstar;Allnet Flat XS;XS;vergleichbar;-10,8;1348,00;1511,79;Kosten über 36 Monate · 36 Raten;;2026-10-10;https://www.congstar.de/geraete/samsung/samsung-galaxy-s26/
Netzbetreiber;Samsung Galaxy S26 512 GB;Samsung;512;congstar;Allnet Flat M Flex;L;vergleichbar;-8,5;1662,00;1815,63;Kosten über 36 Monate · 36 Raten;;2026-10-10;https://www.congstar.de/geraete/samsung/samsung-galaxy-s26/
Netzbetreiber;Samsung Galaxy S26 512 GB;Samsung;512;o2;O2 Mobile on Demand M Plus mit 50 GB+ (24 Mon.);M;vergleichbar;-8,0;1504,75;1635,63;Kosten über 24 Monate · 24 Raten;;2026-10-09;https://www.o2online.de/e-shop/samsung/samsung-galaxy-s26-256gb-cobalt-violet-details?ohne-tarif=nein&zielgruppe=privatkunden&ratenzahlung=36&vertragsart=ratenzahlung&tarif=o2-mobile-unlimited-m-plus
Netzbetreiber;Samsung Galaxy S26 512 GB;Samsung;512;congstar;Allnet Flat M Flex;L;vergleichbar;-7,5;1662,00;1797,63;Kosten über 24 Monate · 24 Raten;;2026-10-10;https://www.congstar.de/geraete/samsung/samsung-galaxy-s26/
Netzbetreiber;Samsung Galaxy S26 512 GB;Samsung;512;congstar;Allnet Flat S Flex;M;vergleichbar;-6,4;1542,00;1647,63;Kosten über 36 Monate · 36 Raten;;2026-10-10;https://www.congstar.de/geraete/samsung/samsung-galaxy-s26/
Netzbetreiber;Samsung Galaxy S26 512 GB;Samsung;512;congstar;Allnet Flat XS Flex;XS;vergleichbar;-5,9;1422,00;1511,79;Kosten über 24 Monate · 24 Raten;;2026-10-10;https://www.congstar.de/geraete/samsung/samsung-galaxy-s26/
Netzbetreiber;Samsung Galaxy S26 512 GB;Samsung;512;congstar;Allnet Flat XS Flex;XS;vergleichbar;-5,9;1422,00;1511,79;Kosten über 36 Monate · 36 Raten;;2026-10-10;https://www.congstar.de/geraete/samsung/samsung-galaxy-s26/
Netzbetreiber;Samsung Galaxy S26 512 GB;Samsung;512;congstar;Allnet Flat S Flex;M;vergleichbar;-5,7;1542,00;1635,63;Kosten über 24 Monate · 24 Raten;;2026-10-10;https://www.congstar.de/geraete/samsung/samsung-galaxy-s26/
Netzbetreiber;Samsung Galaxy S26 512 GB;Samsung;512;congstar;Allnet Flat L Flex;L;vergleichbar;-1,9;1782,00;1815,63;Kosten über 36 Monate · 36 Raten;;2026-10-10;https://www.congstar.de/geraete/samsung/samsung-galaxy-s26/
Netzbetreiber;Samsung Galaxy S26 512 GB;Samsung;512;congstar;Allnet Flat L Flex;L;vergleichbar;-0,9;1782,00;1797,63;Kosten über 24 Monate · 24 Raten;;2026-10-10;https://www.congstar.de/geraete/samsung/samsung-galaxy-s26/
Netzbetreiber;Samsung Galaxy S26 512 GB;Samsung;512;Telekom;;;kein_buendel;;;;Kosten über die Bündellaufzeit;Telekom nicht erfasst: Seite sperrt automatisches Lesen (HTTP 202, 10.10.2026);;
Netzbetreiber;Samsung Galaxy S26 512 GB;Samsung;512;1&1;1&1 All-Net-Flat S;XS;nicht_vergleichbar;;1733,54;1511,79;Kosten über die Bündellaufzeit;1&1 wird nur über 24 Monate verglichen.;2026-10-09;https://mobile.1und1.de/flow2/mobile/ssc-private/tariffContractDuration?tariffChangeUrl=%2F%2Fmobile.1und1.de%2Fsamsung-galaxy-s26&optionalPrecedingDocuments=%2F%2Fmobile.1und1.de%2Fsamsung-galaxy-s26&addFlowStates=tradeInAvailable%2CbrandSamsung%2CsamsungS26Series%2CwatchAvailable%2CstrapsAvailable%2CaskWatch%2ChwDurationsAvailable&traceId=ba490d87-1cf5-4fc6-af2d-f7bf1b641320
Netzbetreiber;Samsung Galaxy S26 512 GB;Samsung;512;congstar;Allnet Flat XS;XS;nicht_vergleichbar;;1204,00;1511,79;Kosten über die Bündellaufzeit;congstar führt für dieses Gerät nur ein erneuert Gerät – kein Vergleich gegen ein Neugerät.;2026-10-10;https://www.congstar.de/geraete/samsung/samsung-galaxy-s26-zustand-wie-neu/
Netzbetreiber;Samsung Galaxy S26 512 GB;Samsung;512;congstar;Allnet Flat XS Flex;XS;nicht_vergleichbar;;1224,00;1511,79;Kosten über die Bündellaufzeit;congstar führt für dieses Gerät nur ein erneuert Gerät – kein Vergleich gegen ein Neugerät.;2026-10-10;https://www.congstar.de/geraete/samsung/samsung-galaxy-s26-zustand-wie-neu/
Netzbetreiber;Samsung Galaxy S26 512 GB;Samsung;512;congstar;Allnet Flat XS;XS;nicht_vergleichbar;;1204,00;1511,79;Kosten über die Bündellaufzeit;congstar führt für dieses Gerät nur ein erneuert Gerät – kein Vergleich gegen ein Neugerät.;2026-10-10;https://www.congstar.de/geraete/samsung/samsung-galaxy-s26-zustand-wie-neu/
Netzbetreiber;Samsung Galaxy S26 512 GB;Samsung;512;congstar;Allnet Flat XS Flex;XS;nicht_vergleichbar;;1224,00;1511,79;Kosten über die Bündellaufzeit;congstar führt für dieses Gerät nur ein erneuert Gerät – kein Vergleich gegen ein Neugerät.;2026-10-10;https://www.congstar.de/geraete/samsung/samsung-galaxy-s26-zustand-wie-neu/
Netzbetreiber;Samsung Galaxy S26 512 GB;Samsung;512;congstar;Allnet Flat S;M;nicht_vergleichbar;;1324,00;1635,63;Kosten über die Bündellaufzeit;congstar führt für dieses Gerät nur ein erneuert Gerät – kein Vergleich gegen ein Neugerät.;2026-10-10;https://www.congstar.de/geraete/samsung/samsung-galaxy-s26-zustand-wie-neu/
Netzbetreiber;Samsung Galaxy S26 512 GB;Samsung;512;congstar;Allnet Flat S Flex;M;nicht_vergleichbar;;1344,00;1635,63;Kosten über die Bündellaufzeit;congstar führt für dieses Gerät nur ein erneuert Gerät – kein Vergleich gegen ein Neugerät.;2026-10-10;https://www.congstar.de/geraete/samsung/samsung-galaxy-s26-zustand-wie-neu/
Netzbetreiber;Samsung Galaxy S26 512 GB;Samsung;512;congstar;Allnet Flat S;M;nicht_vergleichbar;;1324,00;1647,63;Kosten über die Bündellaufzeit;congstar führt für dieses Gerät nur ein erneuert Gerät – kein Vergleich gegen ein Neugerät.;2026-10-10;https://www.congstar.de/geraete/samsung/samsung-galaxy-s26-zustand-wie-neu/
Netzbetreiber;Samsung Galaxy S26 512 GB;Samsung;512;congstar;Allnet Flat S Flex;M;nicht_vergleichbar;;1344,00;1647,63;Kosten über die Bündellaufzeit;congstar führt für dieses Gerät nur ein erneuert Gerät – kein Vergleich gegen ein Neugerät.;2026-10-10;https://www.congstar.de/geraete/samsung/samsung-galaxy-s26-zustand-wie-neu/
Netzbetreiber;Samsung Galaxy S26 512 GB;Samsung;512;congstar;Allnet Flat M;L;nicht_vergleichbar;;1444,00;1797,63;Kosten über die Bündellaufzeit;congstar führt für dieses Gerät nur ein erneuert Gerät – kein Vergleich gegen ein Neugerät.;2026-10-10;https://www.congstar.de/geraete/samsung/samsung-galaxy-s26-zustand-wie-neu/
Netzbetreiber;Samsung Galaxy S26 512 GB;Samsung;512;congstar;Allnet Flat M Flex;L;nicht_vergleichbar;;1464,00;1797,63;Kosten über die Bündellaufzeit;congstar führt für dieses Gerät nur ein erneuert Gerät – kein Vergleich gegen ein Neugerät.;2026-10-10;https://www.congstar.de/geraete/samsung/samsung-galaxy-s26-zustand-wie-neu/
Netzbetreiber;Samsung Galaxy S26 512 GB;Samsung;512;congstar;Allnet Flat L;L;nicht_vergleichbar;;1564,00;1797,63;Kosten über die Bündellaufzeit;congstar führt für dieses Gerät nur ein erneuert Gerät – kein Vergleich gegen ein Neugerät.;2026-10-10;https://www.congstar.de/geraete/samsung/samsung-galaxy-s26-zustand-wie-neu/
Netzbetreiber;Samsung Galaxy S26 512 GB;Samsung;512;congstar;Allnet Flat L Flex;L;nicht_vergleichbar;;1584,00;1797,63;Kosten über die Bündellaufzeit;congstar führt für dieses Gerät nur ein erneuert Gerät – kein Vergleich gegen ein Neugerät.;2026-10-10;https://www.congstar.de/geraete/samsung/samsung-galaxy-s26-zustand-wie-neu/
Netzbetreiber;Samsung Galaxy S26 512 GB;Samsung;512;congstar;Allnet Flat M;L;nicht_vergleichbar;;1444,00;1815,63;Kosten über die Bündellaufzeit;congstar führt für dieses Gerät nur ein erneuert Gerät – kein Vergleich gegen ein Neugerät.;2026-10-10;https://www.congstar.de/geraete/samsung/samsung-galaxy-s26-zustand-wie-neu/
Netzbetreiber;Samsung Galaxy S26 512 GB;Samsung;512;congstar;Allnet Flat M Flex;L;nicht_vergleichbar;;1464,00;1815,63;Kosten über die Bündellaufzeit;congstar führt für dieses Gerät nur ein erneuert Gerät – kein Vergleich gegen ein Neugerät.;2026-10-10;https://www.congstar.de/geraete/samsung/samsung-galaxy-s26-zustand-wie-neu/
Netzbetreiber;Samsung Galaxy S26 512 GB;Samsung;512;congstar;Allnet Flat L;L;nicht_vergleichbar;;1564,00;1815,63;Kosten über die Bündellaufzeit;congstar führt für dieses Gerät nur ein erneuert Gerät – kein Vergleich gegen ein Neugerät.;2026-10-10;https://www.congstar.de/geraete/samsung/samsung-galaxy-s26-zustand-wie-neu/
Netzbetreiber;Samsung Galaxy S26 512 GB;Samsung;512;congstar;Allnet Flat L Flex;L;nicht_vergleichbar;;1584,00;1815,63;Kosten über die Bündellaufzeit;congstar führt für dieses Gerät nur ein erneuert Gerät – kein Vergleich gegen ein Neugerät.;2026-10-10;https://www.congstar.de/geraete/samsung/samsung-galaxy-s26-zustand-wie-neu/
Netzbetreiber;Xiaomi 17T Pro 512 GB;Xiaomi;512;congstar;Allnet Flat M;L;vergleichbar;-25,5;1246,00;1671,64;Kosten über 36 Monate · 36 Raten;;2026-10-10;https://www.congstar.de/geraete/xiaomi/xiaomi-17t-pro/
Netzbetreiber;Xiaomi 17T Pro 512 GB;Xiaomi;512;congstar;Allnet Flat M;L;vergleichbar;-24,7;1246,00;1653,64;Kosten über 24 Monate · 24 Raten;;2026-10-10;https://www.congstar.de/geraete/xiaomi/xiaomi-17t-pro/?paymentVariantBenefits=&planId=540&installmentPlanId=500
Netzbetreiber;Xiaomi 17T Pro 512 GB;Xiaomi;512;congstar;Allnet Flat L;L;vergleichbar;-22,6;1294,00;1671,64;Kosten über 36 Monate · 36 Raten;;2026-10-10;https://www.congstar.de/geraete/xiaomi/xiaomi-17t-pro/
Netzbetreiber;Xiaomi 17T Pro 512 GB;Xiaomi;512;congstar;Allnet Flat L;L;vergleichbar;-21,7;1294,00;1653,64;Kosten über 24 Monate · 24 Raten;;2026-10-10;https://www.congstar.de/geraete/xiaomi/xiaomi-17t-pro/?paymentVariantBenefits=&planId=545&installmentPlanId=500
Netzbetreiber;Xiaomi 17T Pro 512 GB;Xiaomi;512;congstar;Allnet Flat S;M;vergleichbar;-20,3;1198,00;1503,64;Kosten über 36 Monate · 36 Raten;;2026-10-10;https://www.congstar.de/geraete/xiaomi/xiaomi-17t-pro/
Netzbetreiber;Xiaomi 17T Pro 512 GB;Xiaomi;512;congstar;Allnet Flat S;M;vergleichbar;-19,7;1198,00;1491,64;Kosten über 24 Monate · 24 Raten;;2026-10-10;https://www.congstar.de/geraete/xiaomi/xiaomi-17t-pro/?paymentVariantBenefits=&planId=560&installmentPlanId=500
Netzbetreiber;Xiaomi 17T Pro 512 GB;Xiaomi;512;o2;O2 Mobile on Demand M Plus mit 50 GB+ (24 Mon.);M;vergleichbar;-17,5;1240,75;1503,64;Kosten über 36 Monate · 36 Raten;;2026-10-07;https://www.o2online.de/e-shop/xiaomi/xiaomi-17t-pro-512gb-violett-details?ohne-tarif=nein&zielgruppe=privatkunden&ratenzahlung=36&vertragsart=ratenzahlung&tarif=o2-mobile-on-demand-m-plus
Netzbetreiber;Xiaomi 17T Pro 512 GB;Xiaomi;512;congstar;Allnet Flat XS;XS;vergleichbar;-15,9;1150,00;1367,80;Kosten über 24 Monate · 24 Raten;;2026-10-10;https://www.congstar.de/geraete/xiaomi/xiaomi-17t-pro/?paymentVariantBenefits=&planId=543&installmentPlanId=500
Netzbetreiber;Xiaomi 17T Pro 512 GB;Xiaomi;512;congstar;Allnet Flat XS;XS;vergleichbar;-15,9;1150,00;1367,80;Kosten über 36 Monate · 36 Raten;;2026-10-10;https://www.congstar.de/geraete/xiaomi/xiaomi-17t-pro/
Netzbetreiber;Xiaomi 17T Pro 512 GB;Xiaomi;512;congstar;Allnet Flat M Flex;L;vergleichbar;-10,3;1500,00;1671,64;Kosten über 36 Monate · 36 Raten;;2026-10-10;https://www.congstar.de/geraete/xiaomi/xiaomi-17t-pro/
Netzbetreiber;Xiaomi 17T Pro 512 GB;Xiaomi;512;congstar;Allnet Flat M Flex;L;vergleichbar;-9,3;1500,00;1653,64;Kosten über 24 Monate · 24 Raten;;2026-10-10;https://www.congstar.de/geraete/xiaomi/xiaomi-17t-pro/
Netzbetreiber;Xiaomi 17T Pro 512 GB;Xiaomi;512;congstar;Allnet Flat S Flex;M;vergleichbar;-8,2;1380,00;1503,64;Kosten über 36 Monate · 36 Raten;;2026-10-10;https://www.congstar.de/geraete/xiaomi/xiaomi-17t-pro/
Netzbetreiber;Xiaomi 17T Pro 512 GB;Xiaomi;512;congstar;Allnet Flat XS Flex;XS;vergleichbar;-7,9;1260,00;1367,80;Kosten über 24 Monate · 24 Raten;;2026-10-10;https://www.congstar.de/geraete/xiaomi/xiaomi-17t-pro/
Netzbetreiber;Xiaomi 17T Pro 512 GB;Xiaomi;512;congstar;Allnet Flat XS Flex;XS;vergleichbar;-7,9;1260,00;1367,80;Kosten über 36 Monate · 36 Raten;;2026-10-10;https://www.congstar.de/geraete/xiaomi/xiaomi-17t-pro/
Netzbetreiber;Xiaomi 17T Pro 512 GB;Xiaomi;512;congstar;Allnet Flat S Flex;M;vergleichbar;-7,5;1380,00;1491,64;Kosten über 24 Monate · 24 Raten;;2026-10-10;https://www.congstar.de/geraete/xiaomi/xiaomi-17t-pro/
Netzbetreiber;Xiaomi 17T Pro 512 GB;Xiaomi;512;congstar;Allnet Flat L Flex;L;vergleichbar;-3,1;1620,00;1671,64;Kosten über 36 Monate · 36 Raten;;2026-10-10;https://www.congstar.de/geraete/xiaomi/xiaomi-17t-pro/
Netzbetreiber;Xiaomi 17T Pro 512 GB;Xiaomi;512;congstar;Allnet Flat L Flex;L;vergleichbar;-2,0;1620,00;1653,64;Kosten über 24 Monate · 24 Raten;;2026-10-10;https://www.congstar.de/geraete/xiaomi/xiaomi-17t-pro/
Netzbetreiber;Xiaomi 17T Pro 512 GB;Xiaomi;512;Telekom;MagentaMobil XS;XS;vergleichbar;16,1;1587,75;1367,80;Kosten über 36 Monate · 36 Raten;;2026-10-10;https://www.telekom.de/shop/geraet/xiaomi/xiaomi-17t-pro/black-512-gb?sortBy=popularityIndex&currentPage=3&tariffId=MF_17779&itemPerPage=24&excludedCurrentPage=1&forwardTradeInApplied=false&bp=acquisition&categoryId=smartphones
Netzbetreiber;Xiaomi 17T Pro 512 GB;Xiaomi;512;Telekom;MagentaMobil S;S;vergleichbar;18,1;1827,75;1547,80;Kosten über 36 Monate · 36 Raten;;2026-10-10;https://www.telekom.de/shop/geraet/xiaomi/xiaomi-17t-pro/black-512-gb?sortBy=popularityIndex&currentPage=3&tariffId=MF_17785&itemPerPage=24&excludedCurrentPage=1&forwardTradeInApplied=false&bp=acquisition&categoryId=smartphones
Netzbetreiber;Xiaomi 17T Pro 512 GB;Xiaomi;512;Telekom;MagentaMobil L;L;vergleichbar;26,0;2106,15;1671,64;Kosten über 36 Monate · 36 Raten;;2026-10-10;https://www.telekom.de/shop/geraet/xiaomi/xiaomi-17t-pro/black-512-gb?sortBy=popularityIndex&currentPage=3&tariffId=MF_17797&itemPerPage=24&excludedCurrentPage=1&forwardTradeInApplied=false&bp=acquisition&categoryId=smartphones
Netzbetreiber;Xiaomi 17T Pro 512 GB;Xiaomi;512;Telekom;MagentaMobil XL;XL;vergleichbar;30,6;2605,35;1995,64;Kosten über 36 Monate · 36 Raten;;2026-10-10;https://www.telekom.de/shop/geraet/xiaomi/xiaomi-17t-pro/black-512-gb?sortBy=popularityIndex&currentPage=3&tariffId=MF_17803&itemPerPage=24&excludedCurrentPage=1&forwardTradeInApplied=false&bp=acquisition&categoryId=smartphones
Netzbetreiber;Xiaomi 17T Pro 512 GB;Xiaomi;512;Telekom;MagentaMobil M;M;vergleichbar;30,8;1966,95;1503,64;Kosten über 36 Monate · 36 Raten;;2026-10-10;https://www.telekom.de/shop/geraet/xiaomi/xiaomi-17t-pro/black-512-gb?sortBy=popularityIndex&currentPage=3&tariffId=MF_17791&itemPerPage=24&excludedCurrentPage=1&forwardTradeInApplied=false&bp=acquisition&categoryId=smartphones
Netzbetreiber;Xiaomi 17T Pro 512 GB;Xiaomi;512;1&1;1&1 All-Net-Flat S;XS;nicht_vergleichbar;;1355,54;1367,80;Kosten über die Bündellaufzeit;1&1 wird nur über 24 Monate verglichen.;2026-10-09;https://mobile.1und1.de/flow2/mobile/ssc-private/tariffContractDuration?tariffChangeUrl=%2F%2Fmobile.1und1.de%2Fxiaomi-17t-pro&optionalPrecedingDocuments=%2F%2Fmobile.1und1.de%2Fxiaomi-17t-pro&addFlowStates=tradeInAvailable%2CaskWatch%2ChwDurationsAvailable&traceId=06b60238-762b-44d9-a135-fda5e0e257ca
Netzbetreiber;Google Pixel 11 Pro 256 GB;Google;256;o2;O2 Mobile Unlimited M Plus mit 100 MBit/s (24 Mon.);XL;vergleichbar;-25,2;1668,76;2229,64;Kosten über 24 Monate · 24 Raten;;2026-10-10;https://www.o2online.de/e-shop/google/google-pixel-11-pro-256gb-canyon-details?ohne-tarif=nein&zielgruppe=privatkunden&ratenzahlung=36&vertragsart=ratenzahlung&tarif=o2-mobile-on-demand-m-plus
Netzbetreiber;Google Pixel 11 Pro 256 GB;Google;256;congstar;Allnet Flat M;L;vergleichbar;-23,7;1482,00;1941,64;Kosten über 36 Monate · 36 Raten;;2026-10-10;https://www.congstar.de/geraete/google/google-pixel-11-pro/
Netzbetreiber;Google Pixel 11 Pro 256 GB;Google;256;congstar;Allnet Flat M;L;vergleichbar;-23,0;1482,00;1923,64;Kosten über 24 Monate · 24 Raten;;2026-10-10;https://www.congstar.de/geraete/google/google-pixel-11-pro/?paymentVariantBenefits=&planId=540&installmentPlanId=500
Netzbetreiber;Google Pixel 11 Pro 256 GB;Google;256;congstar;Allnet Flat L;L;vergleichbar;-21,2;1530,00;1941,64;Kosten über 36 Monate · 36 Raten;;2026-10-10;https://www.congstar.de/geraete/google/google-pixel-11-pro/
Netzbetreiber;Google Pixel 11 Pro 256 GB;Google;256;congstar;Allnet Flat L;L;vergleichbar;-20,5;1530,00;1923,64;Kosten über 24 Monate · 24 Raten;;2026-10-10;https://www.congstar.de/geraete/google/google-pixel-11-pro/?paymentVariantBenefits=&planId=545&installmentPlanId=500
Netzbetreiber;Google Pixel 11 Pro 256 GB;Google;256;congstar;Allnet Flat S;M;vergleichbar;-17,1;1470,00;1773,64;Kosten über 36 Monate · 36 Raten;;2026-10-10;https://www.congstar.de/geraete/google/google-pixel-11-pro/
Netzbetreiber;Google Pixel 11 Pro 256 GB;Google;256;congstar;Allnet Flat S;M;vergleichbar;-16,6;1470,00;1761,64;Kosten über 24 Monate · 24 Raten;;2026-10-10;https://www.congstar.de/geraete/google/google-pixel-11-pro/?paymentVariantBenefits=&planId=560&installmentPlanId=500
Netzbetreiber;Google Pixel 11 Pro 256 GB;Google;256;o2;O2 Mobile L Plus mit 150 GB+ (24 Mon.);L;vergleichbar;-14,1;1668,76;1941,64;Kosten über 36 Monate · 36 Raten;;2026-10-10;https://www.o2online.de/e-shop/google/google-pixel-11-pro-256gb-canyon-details?ohne-tarif=nein&zielgruppe=privatkunden&ratenzahlung=36&vertragsart=ratenzahlung&tarif=o2-mobile-on-demand-m-plus
Netzbetreiber;Google Pixel 11 Pro 256 GB;Google;256;o2;O2 Mobile L Plus mit 150 GB+ (24 Mon.);L;vergleichbar;-13,2;1668,76;1923,64;Kosten über 24 Monate · 24 Raten;;2026-10-10;https://www.o2online.de/e-shop/google/google-pixel-11-pro-256gb-canyon-details?ohne-tarif=nein&zielgruppe=privatkunden&ratenzahlung=36&vertragsart=ratenzahlung&tarif=o2-mobile-on-demand-m-plus
Netzbetreiber;Google Pixel 11 Pro 256 GB;Google;256;congstar;Allnet Flat XS;XS;vergleichbar;-11,0;1458,00;1637,80;Kosten über 24 Monate · 24 Raten;;2026-10-10;https://www.congstar.de/geraete/google/google-pixel-11-pro/?paymentVariantBenefits=&planId=543&installmentPlanId=500
Netzbetreiber;Google Pixel 11 Pro 256 GB;Google;256;congstar;Allnet Flat XS;XS;vergleichbar;-11,0;1458,00;1637,80;Kosten über 36 Monate · 36 Raten;;2026-10-10;https://www.congstar.de/geraete/google/google-pixel-11-pro/
Netzbetreiber;Google Pixel 11 Pro 256 GB;Google;256;o2;O2 Mobile on Demand M Plus mit 50 GB+ (24 Mon.);M;vergleichbar;-10,4;1588,75;1773,64;Kosten über 36 Monate · 36 Raten;;2026-10-10;https://www.o2online.de/e-shop/google/google-pixel-11-pro-256gb-canyon-details?ohne-tarif=nein&zielgruppe=privatkunden&ratenzahlung=36&vertragsart=ratenzahlung&tarif=o2-mobile-on-demand-m-plus
Netzbetreiber;Google Pixel 11 Pro 256 GB;Google;256;o2;O2 Mobile on Demand M Plus mit 50 GB+ (24 Mon.);M;vergleichbar;-9,8;1588,75;1761,64;Kosten über 24 Monate · 24 Raten;;2026-10-10;https://www.o2online.de/e-shop/google/google-pixel-11-pro-256gb-canyon-details?ohne-tarif=nein&zielgruppe=privatkunden&ratenzahlung=36&vertragsart=ratenzahlung&tarif=o2-mobile-on-demand-m-plus
Netzbetreiber;Google Pixel 11 Pro 256 GB;Google;256;congstar;Allnet Flat M Flex;L;vergleichbar;-7,8;1790,00;1941,64;Kosten über 36 Monate · 36 Raten;;2026-10-10;https://www.congstar.de/geraete/google/google-pixel-11-pro/
Netzbetreiber;Google Pixel 11 Pro 256 GB;Google;256;congstar;Allnet Flat M Flex;L;vergleichbar;-6,9;1790,00;1923,64;Kosten über 24 Monate · 24 Raten;;2026-10-10;https://www.congstar.de/geraete/google/google-pixel-11-pro/
Netzbetreiber;Google Pixel 11 Pro 256 GB;Google;256;congstar;Allnet Flat S Flex;M;vergleichbar;-5,8;1670,00;1773,64;Kosten über 36 Monate · 36 Raten;;2026-10-10;https://www.congstar.de/geraete/google/google-pixel-11-pro/
Netzbetreiber;Google Pixel 11 Pro 256 GB;Google;256;congstar;Allnet Flat XS Flex;XS;vergleichbar;-5,4;1550,00;1637,80;Kosten über 24 Monate · 24 Raten;;2026-10-10;https://www.congstar.de/geraete/google/google-pixel-11-pro/
Netzbetreiber;Google Pixel 11 Pro 256 GB;Google;256;congstar;Allnet Flat XS Flex;XS;vergleichbar;-5,4;1550,00;1637,80;Kosten über 36 Monate · 36 Raten;;2026-10-10;https://www.congstar.de/geraete/google/google-pixel-11-pro/
Netzbetreiber;Google Pixel 11 Pro 256 GB;Google;256;congstar;Allnet Flat S Flex;M;vergleichbar;-5,2;1670,00;1761,64;Kosten über 24 Monate · 24 Raten;;2026-10-10;https://www.congstar.de/geraete/google/google-pixel-11-pro/
Netzbetreiber;Google Pixel 11 Pro 256 GB;Google;256;congstar;Allnet Flat L Flex;L;vergleichbar;-1,6;1910,00;1941,64;Kosten über 36 Monate · 36 Raten;;2026-10-10;https://www.congstar.de/geraete/google/google-pixel-11-pro/
Netzbetreiber;Google Pixel 11 Pro 256 GB;Google;256;congstar;Allnet Flat L Flex;L;vergleichbar;-0,7;1910,00;1923,64;Kosten über 24 Monate · 24 Raten;;2026-10-10;https://www.congstar.de/geraete/google/google-pixel-11-pro/
Netzbetreiber;Google Pixel 11 Pro 256 GB;Google;256;Telekom;MagentaMobil XS;XS;vergleichbar;14,6;1876,55;1637,80;Kosten über 36 Monate · 36 Raten;;2026-10-10;https://www.telekom.de/shop/geraet/google/google-pixel-11-pro/olive-256-gb?sortBy=popularityIndex&currentPage=3&tariffId=MF_17779&itemPerPage=24&excludedCurrentPage=1&forwardTradeInApplied=false&bp=acquisition&categoryId=smartphones
Netzbetreiber;Google Pixel 11 Pro 256 GB;Google;256;Telekom;MagentaMobil S;S;vergleichbar;16,4;2116,55;1817,80;Kosten über 36 Monate · 36 Raten;;2026-10-10;https://www.telekom.de/shop/geraet/google/google-pixel-11-pro/olive-256-gb?sortBy=popularityIndex&currentPage=3&tariffId=MF_17785&itemPerPage=24&excludedCurrentPage=1&forwardTradeInApplied=false&bp=acquisition&categoryId=smartphones
Netzbetreiber;Google Pixel 11 Pro 256 GB;Google;256;Telekom;MagentaMobil L;L;vergleichbar;20,7;2343,75;1941,64;Kosten über 36 Monate · 36 Raten;;2026-10-10;https://www.telekom.de/shop/geraet/google/google-pixel-11-pro/olive-256-gb?sortBy=popularityIndex&currentPage=3&tariffId=MF_17797&itemPerPage=24&excludedCurrentPage=1&forwardTradeInApplied=false&bp=acquisition&categoryId=smartphones
Netzbetreiber;Google Pixel 11 Pro 256 GB;Google;256;Telekom;MagentaMobil M;M;vergleichbar;27,2;2255,75;1773,64;Kosten über 36 Monate · 36 Raten;;2026-10-10;https://www.telekom.de/shop/geraet/google/google-pixel-11-pro/olive-256-gb?sortBy=popularityIndex&currentPage=3&tariffId=MF_17791&itemPerPage=24&excludedCurrentPage=1&forwardTradeInApplied=false&bp=acquisition&categoryId=smartphones
Netzbetreiber;Google Pixel 11 Pro 256 GB;Google;256;Telekom;MagentaMobil XL;XL;vergleichbar;27,9;2896,95;2265,64;Kosten über 36 Monate · 36 Raten;;2026-10-10;https://www.telekom.de/shop/geraet/google/google-pixel-11-pro/olive-256-gb?sortBy=popularityIndex&currentPage=3&tariffId=MF_17803&itemPerPage=24&excludedCurrentPage=1&forwardTradeInApplied=false&bp=acquisition&categoryId=smartphones
Netzbetreiber;Google Pixel 11 Pro 256 GB;Google;256;1&1;1&1 All-Net-Flat S;XS;nicht_vergleichbar;;1927,54;1637,80;Kosten über die Bündellaufzeit;1&1 wird nur über 24 Monate verglichen.;2026-10-09;https://mobile.1und1.de/flow2/mobile/ssc-private/tariffContractDuration?tariffChangeUrl=%2F%2Fmobile.1und1.de%2Fgoogle-pixel-11-pro&optionalPrecedingDocuments=%2F%2Fmobile.1und1.de%2Fgoogle-pixel-11-pro&addFlowStates=tradeInAvailable%2CbrandGoogle%2CwatchAvailable%2CaskWatch%2ChwDurationsAvailable&traceId=800a1bd0-9b2d-40e8-bdaa-f441a5a47420
Netzbetreiber;Apple iPhone 17 Pro 256 GB;Apple;256;o2;O2 Mobile Unlimited M Plus mit 100 MBit/s (24 Mon.);XL;vergleichbar;-25,0;1794,76;2391,64;Kosten über 36 Monate · 36 Raten;;2026-10-10;https://www.o2online.de/e-shop/apple/apple-iphone-17-pro-256gb-cosmic-orange-details?ohne-tarif=nein&zielgruppe=privatkunden&ratenzahlung=36&vertragsart=ratenzahlung&tarif=o2-mobile-unlimited-m-plus
Netzbetreiber;Apple iPhone 17 Pro 256 GB;Apple;256;o2;O2 Mobile Unlimited M Plus mit 100 MBit/s (24 Mon.);XL;vergleichbar;-23,8;1794,76;2355,64;Kosten über 24 Monate · 24 Raten;;2026-10-09;https://www.o2online.de/e-shop/apple/apple-iphone-17-pro-256gb-silber-details?ohne-tarif=nein&zielgruppe=privatkunden&ratenzahlung=36&vertragsart=ratenzahlung&tarif=o2-mobile-unlimited-m-plus
Netzbetreiber;Apple iPhone 17 Pro 256 GB;Apple;256;o2;O2 Mobile Unlimited S Special Plus mit 15 MBit/s (24 Mon.);XL;vergleichbar;-23,3;1834,75;2391,64;Kosten über 36 Monate · 36 Raten;;2026-10-08;https://www.o2online.de/e-shop/apple/apple-iphone-17-pro-256gb-silber-details?ohne-tarif=nein&zielgruppe=privatkunden&ratenzahlung=36&vertragsart=ratenzahlung&tarif=o2-mobile-unlimited-m-plus
Netzbetreiber;Apple iPhone 17 Pro 256 GB;Apple;256;o2;O2 Mobile Unlimited S Special Plus mit 15 MBit/s (24 Mon.);XL;vergleichbar;-22,1;1834,75;2355,64;Kosten über 24 Monate · 24 Raten;;2026-10-08;https://www.o2online.de/e-shop/apple/apple-iphone-17-pro-256gb-silber-details?ohne-tarif=nein&zielgruppe=privatkunden&ratenzahlung=36&vertragsart=ratenzahlung&tarif=o2-mobile-unlimited-m-plus
Netzbetreiber;Apple iPhone 17 Pro 256 GB;Apple;256;o2;O2 Mobile L Plus mit 150 GB+ (24 Mon.);L;vergleichbar;-13,2;1794,76;2067,64;Kosten über 36 Monate · 36 Raten;;2026-10-09;https://www.o2online.de/e-shop/apple/apple-iphone-17-pro-256gb-silber-details?ohne-tarif=nein&zielgruppe=privatkunden&ratenzahlung=36&vertragsart=ratenzahlung&tarif=o2-mobile-unlimited-m-plus
Netzbetreiber;Apple iPhone 17 Pro 256 GB;Apple;256;o2;O2 Mobile L Plus mit 150 GB+ (24 Mon.);L;vergleichbar;-12,4;1794,76;2049,64;Kosten über 24 Monate · 24 Raten;;2026-10-09;https://www.o2online.de/e-shop/apple/apple-iphone-17-pro-256gb-silber-details?ohne-tarif=nein&zielgruppe=privatkunden&ratenzahlung=36&vertragsart=ratenzahlung&tarif=o2-mobile-unlimited-m-plus
Netzbetreiber;Apple iPhone 17 Pro 256 GB;Apple;256;o2;O2 Mobile on Demand M Plus mit 50 GB+ (24 Mon.);M;vergleichbar;-9,7;1714,75;1899,64;Kosten über 36 Monate · 36 Raten;;2026-10-09;https://www.o2online.de/e-shop/apple/apple-iphone-17-pro-256gb-silber-details?ohne-tarif=nein&zielgruppe=privatkunden&ratenzahlung=36&vertragsart=ratenzahlung&tarif=o2-mobile-unlimited-m-plus
Netzbetreiber;Apple iPhone 17 Pro 256 GB;Apple;256;o2;O2 Mobile on Demand M Plus mit 50 GB+ (24 Mon.);M;vergleichbar;-9,2;1714,75;1887,64;Kosten über 24 Monate · 24 Raten;;2026-10-09;https://www.o2online.de/e-shop/apple/apple-iphone-17-pro-256gb-silber-details?ohne-tarif=nein&zielgruppe=privatkunden&ratenzahlung=36&vertragsart=ratenzahlung&tarif=o2-mobile-unlimited-m-plus
Netzbetreiber;Apple iPhone 17 Pro 256 GB;Apple;256;Telekom;MagentaMobil XS;XS;vergleichbar;9,2;1926,95;1763,80;Kosten über 36 Monate · 36 Raten;;2026-10-10;https://www.telekom.de/shop/geraet/apple/apple-iphone-17-pro/tiefblau-256-gb?sortBy=popularityIndex&currentPage=3&tariffId=MF_17779&itemPerPage=24&excludedCurrentPage=1&forwardTradeInApplied=false&bp=acquisition&categoryId=smartphones
Netzbetreiber;Apple iPhone 17 Pro 256 GB;Apple;256;Telekom;MagentaMobil S;S;vergleichbar;11,5;2166,95;1943,80;Kosten über 36 Monate · 36 Raten;;2026-10-10;https://www.telekom.de/shop/geraet/apple/apple-iphone-17-pro/tiefblau-256-gb?sortBy=popularityIndex&currentPage=3&tariffId=MF_17785&itemPerPage=24&excludedCurrentPage=1&forwardTradeInApplied=false&bp=acquisition&categoryId=smartphones
Netzbetreiber;Apple iPhone 17 Pro 256 GB;Apple;256;Telekom;MagentaMobil L;L;vergleichbar;18,3;2445,35;2067,64;Kosten über 36 Monate · 36 Raten;;2026-10-10;https://www.telekom.de/shop/geraet/apple/apple-iphone-17-pro/tiefblau-256-gb?sortBy=popularityIndex&currentPage=3&tariffId=MF_17797&itemPerPage=24&excludedCurrentPage=1&forwardTradeInApplied=false&bp=acquisition&categoryId=smartphones
Netzbetreiber;Apple iPhone 17 Pro 256 GB;Apple;256;Telekom;MagentaMobil M;M;vergleichbar;21,4;2306,15;1899,64;Kosten über 36 Monate · 36 Raten;;2026-10-10;https://www.telekom.de/shop/geraet/apple/apple-iphone-17-pro/tiefblau-256-gb?tariffId=MF_17791&categoryId=smartphones&forwardTradeInApplied=false&tariffCategoryId=smartphone-tarife&installmentValue=26.9&instalmentId=36
Netzbetreiber;Apple iPhone 17 Pro 256 GB;Apple;256;Telekom;MagentaMobil M;M;vergleichbar;22,2;2307,35;1887,64;Kosten über 24 Monate · 12 Raten;;2026-10-10;https://www.telekom.de/shop/geraet/apple/apple-iphone-17-pro/tiefblau-256-gb?tariffId=MF_17791&categoryId=smartphones&forwardTradeInApplied=false&tariffCategoryId=smartphone-tarife&installmentValue=80.8&instalmentId=12
Netzbetreiber;Apple iPhone 17 Pro 256 GB;Apple;256;Telekom;MagentaMobil M;M;vergleichbar;22,2;2307,35;1887,64;Kosten über 24 Monate · 24 Raten;;2026-10-10;https://www.telekom.de/shop/geraet/apple/apple-iphone-17-pro/tiefblau-256-gb?tariffId=MF_17791&categoryId=smartphones&forwardTradeInApplied=false&tariffCategoryId=smartphone-tarife&installmentValue=40.4&instalmentId=24
Netzbetreiber;Apple iPhone 17 Pro 256 GB;Apple;256;Telekom;MagentaMobil XL;XL;vergleichbar;23,2;2947,35;2391,64;Kosten über 36 Monate · 36 Raten;;2026-10-10;https://www.telekom.de/shop/geraet/apple/apple-iphone-17-pro/tiefblau-256-gb?sortBy=popularityIndex&currentPage=3&tariffId=MF_17803&itemPerPage=24&excludedCurrentPage=1&forwardTradeInApplied=false&bp=acquisition&categoryId=smartphones
Netzbetreiber;Apple iPhone 17 Pro 256 GB;Apple;256;1&1;1&1 All-Net-Flat S;XS;nicht_vergleichbar;;2019,54;1763,80;Kosten über die Bündellaufzeit;1&1 wird nur über 24 Monate verglichen.;2026-10-09;https://mobile.1und1.de/flow2/mobile/ssc-private/tariffContractDuration?tariffChangeUrl=%2F%2Fmobile.1und1.de%2Fiphone-17-pro&optionalPrecedingDocuments=%2F%2Fmobile.1und1.de%2Fiphone-17-pro&addFlowStates=tradeInAvailable%2CbrandApple%2CwatchAvailable%2CaskWatch%2ChwDurationsAvailable&traceId=cebd0866-1852-4d34-9baf-d13185df4994
Netzbetreiber;Apple iPhone 17 Pro 256 GB;Apple;256;congstar;;;nicht_vergleichbar;;;;Kosten über die Bündellaufzeit;Kein Abstand zur Vodafone-Referenz: die eingerechnete Aktion ist abgelaufen.;;
Netzbetreiber;Samsung Galaxy S26 Plus 512 GB;Samsung;512;o2;O2 Mobile Unlimited M Plus mit 100 MBit/s (24 Mon.);XL;vergleichbar;-24,2;1920,76;2535,64;Kosten über 36 Monate · 36 Raten;;2026-10-10;https://www.o2online.de/e-shop/samsung/samsung-galaxy-s26-plus-256gb-cobalt-violet-details?ohne-tarif=nein&zielgruppe=privatkunden&ratenzahlung=36&vertragsart=ratenzahlung&tarif=o2-mobile-unlimited-m-plus
Netzbetreiber;Samsung Galaxy S26 Plus 512 GB;Samsung;512;o2;O2 Mobile Unlimited M Plus mit 100 MBit/s (24 Mon.);XL;vergleichbar;-23,2;1920,76;2499,64;Kosten über 24 Monate · 24 Raten;;2026-10-10;https://www.o2online.de/e-shop/samsung/samsung-galaxy-s26-plus-256gb-cobalt-violet-details?ohne-tarif=nein&zielgruppe=privatkunden&ratenzahlung=36&vertragsart=ratenzahlung&tarif=o2-mobile-unlimited-m-plus
Netzbetreiber;Samsung Galaxy S26 Plus 512 GB;Samsung;512;congstar;Allnet Flat M;L;vergleichbar;-18,6;1800,00;2211,64;Kosten über 36 Monate · 36 Raten;;2026-10-10;https://www.congstar.de/geraete/samsung/samsung-galaxy-s26-1/
Netzbetreiber;Samsung Galaxy S26 Plus 512 GB;Samsung;512;congstar;Allnet Flat M;L;vergleichbar;-17,9;1800,00;2193,64;Kosten über 24 Monate · 24 Raten;;2026-10-10;https://www.congstar.de/geraete/samsung/samsung-galaxy-s26-1/?paymentVariantBenefits=&planId=540&installmentPlanId=500&memorySize=512+GB
Netzbetreiber;Samsung Galaxy S26 Plus 512 GB;Samsung;512;congstar;Allnet Flat L;L;vergleichbar;-16,4;1848,00;2211,64;Kosten über 36 Monate · 36 Raten;;2026-10-10;https://www.congstar.de/geraete/samsung/samsung-galaxy-s26-1/
Netzbetreiber;Samsung Galaxy S26 Plus 512 GB;Samsung;512;congstar;Allnet Flat L;L;vergleichbar;-15,8;1848,00;2193,64;Kosten über 24 Monate · 24 Raten;;2026-10-10;https://www.congstar.de/geraete/samsung/samsung-galaxy-s26-1/?paymentVariantBenefits=&planId=545&installmentPlanId=500&memorySize=512+GB
Netzbetreiber;Samsung Galaxy S26 Plus 512 GB;Samsung;512;congstar;Allnet Flat S;M;vergleichbar;-14,3;1752,00;2043,64;Kosten über 36 Monate · 36 Raten;;2026-10-10;https://www.congstar.de/geraete/samsung/samsung-galaxy-s26-1/
Netzbetreiber;Samsung Galaxy S26 Plus 512 GB;Samsung;512;congstar;Allnet Flat S;M;vergleichbar;-13,8;1752,00;2031,64;Kosten über 24 Monate · 24 Raten;;2026-10-10;https://www.congstar.de/geraete/samsung/samsung-galaxy-s26-1/?paymentVariantBenefits=&planId=560&installmentPlanId=500&memorySize=512+GB
Netzbetreiber;Samsung Galaxy S26 Plus 512 GB;Samsung;512;congstar;Allnet Flat XS;XS;vergleichbar;-12,6;1668,00;1907,80;Kosten über 24 Monate · 24 Raten;;2026-10-10;https://www.congstar.de/geraete/samsung/samsung-galaxy-s26-1/?paymentVariantBenefits=&planId=543&installmentPlanId=500&memorySize=512+GB
Netzbetreiber;Samsung Galaxy S26 Plus 512 GB;Samsung;512;congstar;Allnet Flat XS;XS;vergleichbar;-12,6;1668,00;1907,80;Kosten über 36 Monate · 36 Raten;;2026-10-10;https://www.congstar.de/geraete/samsung/samsung-galaxy-s26-1/
Netzbetreiber;Samsung Galaxy S26 Plus 512 GB;Samsung;512;congstar;Allnet Flat M Flex;L;vergleichbar;-7,1;2054,00;2211,64;Kosten über 36 Monate · 36 Raten;;2026-10-10;https://www.congstar.de/geraete/samsung/samsung-galaxy-s26-1/
Netzbetreiber;Samsung Galaxy S26 Plus 512 GB;Samsung;512;congstar;Allnet Flat M Flex;L;vergleichbar;-6,4;2054,00;2193,64;Kosten über 24 Monate · 24 Raten;;2026-10-10;https://www.congstar.de/geraete/samsung/samsung-galaxy-s26-1/
Netzbetreiber;Samsung Galaxy S26 Plus 512 GB;Samsung;512;congstar;Allnet Flat S Flex;M;vergleichbar;-5,4;1934,00;2043,64;Kosten über 36 Monate · 36 Raten;;2026-10-10;https://www.congstar.de/geraete/samsung/samsung-galaxy-s26-1/
Netzbetreiber;Samsung Galaxy S26 Plus 512 GB;Samsung;512;congstar;Allnet Flat XS Flex;XS;vergleichbar;-4,9;1814,00;1907,80;Kosten über 24 Monate · 24 Raten;;2026-10-10;https://www.congstar.de/geraete/samsung/samsung-galaxy-s26-1/
Netzbetreiber;Samsung Galaxy S26 Plus 512 GB;Samsung;512;congstar;Allnet Flat XS Flex;XS;vergleichbar;-4,9;1814,00;1907,80;Kosten über 36 Monate · 36 Raten;;2026-10-10;https://www.congstar.de/geraete/samsung/samsung-galaxy-s26-1/
Netzbetreiber;Samsung Galaxy S26 Plus 512 GB;Samsung;512;congstar;Allnet Flat S Flex;M;vergleichbar;-4,8;1934,00;2031,64;Kosten über 24 Monate · 24 Raten;;2026-10-10;https://www.congstar.de/geraete/samsung/samsung-galaxy-s26-1/
Netzbetreiber;Samsung Galaxy S26 Plus 512 GB;Samsung;512;congstar;Allnet Flat L Flex;L;vergleichbar;-1,7;2174,00;2211,64;Kosten über 36 Monate · 36 Raten;;2026-10-10;https://www.congstar.de/geraete/samsung/samsung-galaxy-s26-1/
Netzbetreiber;Samsung Galaxy S26 Plus 512 GB;Samsung;512;congstar;Allnet Flat L Flex;L;vergleichbar;-0,9;2174,00;2193,64;Kosten über 24 Monate · 24 Raten;;2026-10-10;https://www.congstar.de/geraete/samsung/samsung-galaxy-s26-1/
Netzbetreiber;Samsung Galaxy S26 Plus 512 GB;Samsung;512;Telekom;;;kein_buendel;;;;Kosten über die Bündellaufzeit;Telekom nicht erfasst: Seite sperrt automatisches Lesen (HTTP 202, 10.10.2026);;
Netzbetreiber;Samsung Galaxy S26 Plus 512 GB;Samsung;512;1&1;1&1 All-Net-Flat S;XS;nicht_vergleichbar;;2213,54;1907,80;Kosten über die Bündellaufzeit;1&1 wird nur über 24 Monate verglichen.;2026-10-09;https://mobile.1und1.de/flow2/mobile/ssc-private/tariffContractDuration?tariffChangeUrl=%2F%2Fmobile.1und1.de%2Fsamsung-galaxy-s26-plus&optionalPrecedingDocuments=%2F%2Fmobile.1und1.de%2Fsamsung-galaxy-s26-plus&addFlowStates=tradeInAvailable%2CbrandSamsung%2CsamsungS26Series%2CwatchAvailable%2CstrapsAvailable%2CaskWatch%2ChwDurationsAvailable&traceId=18b51191-ffe5-4185-a4b8-51187c99a2b8
Netzbetreiber;Xiaomi 17 Ultra 512 GB;Xiaomi;512;congstar;Allnet Flat M;L;vergleichbar;-24,1;1638,00;2157,64;Kosten über 36 Monate · 36 Raten;;2026-10-10;https://www.congstar.de/geraete/xiaomi/xiaomi-17-ultra/
Netzbetreiber;Xiaomi 17 Ultra 512 GB;Xiaomi;512;congstar;Allnet Flat M;L;vergleichbar;-23,4;1638,00;2139,64;Kosten über 24 Monate · 24 Raten;;2026-10-10;https://www.congstar.de/geraete/xiaomi/xiaomi-17-ultra/?paymentVariantBenefits=&planId=540&installmentPlanId=500
Netzbetreiber;Xiaomi 17 Ultra 512 GB;Xiaomi;512;congstar;Allnet Flat L;L;vergleichbar;-21,9;1686,00;2157,64;Kosten über 36 Monate · 36 Raten;;2026-10-10;https://www.congstar.de/geraete/xiaomi/xiaomi-17-ultra/
Netzbetreiber;Xiaomi 17 Ultra 512 GB;Xiaomi;512;congstar;Allnet Flat L;L;vergleichbar;-21,2;1686,00;2139,64;Kosten über 24 Monate · 24 Raten;;2026-10-10;https://www.congstar.de/geraete/xiaomi/xiaomi-17-ultra/?paymentVariantBenefits=&planId=545&installmentPlanId=500
Netzbetreiber;Xiaomi 17 Ultra 512 GB;Xiaomi;512;congstar;Allnet Flat S;M;vergleichbar;-20,1;1590,00;1989,64;Kosten über 36 Monate · 36 Raten;;2026-10-10;https://www.congstar.de/geraete/xiaomi/xiaomi-17-ultra/
Netzbetreiber;Xiaomi 17 Ultra 512 GB;Xiaomi;512;congstar;Allnet Flat S;M;vergleichbar;-19,6;1590,00;1977,64;Kosten über 24 Monate · 24 Raten;;2026-10-10;https://www.congstar.de/geraete/xiaomi/xiaomi-17-ultra/?paymentVariantBenefits=&planId=560&installmentPlanId=500
Netzbetreiber;Xiaomi 17 Ultra 512 GB;Xiaomi;512;congstar;Allnet Flat XS;XS;vergleichbar;-16,8;1542,00;1853,80;Kosten über 24 Monate · 24 Raten;;2026-10-10;https://www.congstar.de/geraete/xiaomi/xiaomi-17-ultra/?paymentVariantBenefits=&planId=543&installmentPlanId=500
Netzbetreiber;Xiaomi 17 Ultra 512 GB;Xiaomi;512;congstar;Allnet Flat XS;XS;vergleichbar;-16,8;1542,00;1853,80;Kosten über 36 Monate · 36 Raten;;2026-10-10;https://www.congstar.de/geraete/xiaomi/xiaomi-17-ultra/
Netzbetreiber;Xiaomi 17 Ultra 512 GB;Xiaomi;512;congstar;Allnet Flat M Flex;L;vergleichbar;-13,1;1874,00;2157,64;Kosten über 36 Monate · 36 Raten;;2026-10-10;https://www.congstar.de/geraete/xiaomi/xiaomi-17-ultra/
Netzbetreiber;Xiaomi 17 Ultra 512 GB;Xiaomi;512;o2;O2 Mobile on Demand M Plus mit 50 GB+ (24 Mon.);M;vergleichbar;-12,9;1732,75;1989,64;Kosten über 36 Monate · 36 Raten;;2026-10-10;https://www.o2online.de/e-shop/xiaomi/xiaomi-17-ultra-512gb-schwarz-details?ohne-tarif=nein&zielgruppe=privatkunden&ratenzahlung=36&vertragsart=ratenzahlung&tarif=o2-mobile-on-demand-m-plus
Netzbetreiber;Xiaomi 17 Ultra 512 GB;Xiaomi;512;o2;O2 Mobile on Demand M Plus mit 50 GB+ (24 Mon.);M;vergleichbar;-12,4;1732,75;1977,64;Kosten über 24 Monate · 24 Raten;;2026-10-10;https://www.o2online.de/e-shop/xiaomi/xiaomi-17-ultra-512gb-schwarz-details?ohne-tarif=nein&zielgruppe=privatkunden&ratenzahlung=36&vertragsart=ratenzahlung&tarif=o2-mobile-on-demand-m-plus
Netzbetreiber;Xiaomi 17 Ultra 512 GB;Xiaomi;512;congstar;Allnet Flat M Flex;L;vergleichbar;-12,4;1874,00;2139,64;Kosten über 24 Monate · 24 Raten;;2026-10-10;https://www.congstar.de/geraete/xiaomi/xiaomi-17-ultra/
Netzbetreiber;Xiaomi 17 Ultra 512 GB;Xiaomi;512;congstar;Allnet Flat XS Flex;XS;vergleichbar;-11,9;1634,00;1853,80;Kosten über 24 Monate · 24 Raten;;2026-10-10;https://www.congstar.de/geraete/xiaomi/xiaomi-17-ultra/
Netzbetreiber;Xiaomi 17 Ultra 512 GB;Xiaomi;512;congstar;Allnet Flat XS Flex;XS;vergleichbar;-11,9;1634,00;1853,80;Kosten über 36 Monate · 36 Raten;;2026-10-10;https://www.congstar.de/geraete/xiaomi/xiaomi-17-ultra/
Netzbetreiber;Xiaomi 17 Ultra 512 GB;Xiaomi;512;congstar;Allnet Flat S Flex;M;vergleichbar;-11,8;1754,00;1989,64;Kosten über 36 Monate · 36 Raten;;2026-10-10;https://www.congstar.de/geraete/xiaomi/xiaomi-17-ultra/
Netzbetreiber;Xiaomi 17 Ultra 512 GB;Xiaomi;512;congstar;Allnet Flat S Flex;M;vergleichbar;-11,3;1754,00;1977,64;Kosten über 24 Monate · 24 Raten;;2026-10-10;https://www.congstar.de/geraete/xiaomi/xiaomi-17-ultra/
Netzbetreiber;Xiaomi 17 Ultra 512 GB;Xiaomi;512;congstar;Allnet Flat L Flex;L;vergleichbar;-7,6;1994,00;2157,64;Kosten über 36 Monate · 36 Raten;;2026-10-10;https://www.congstar.de/geraete/xiaomi/xiaomi-17-ultra/
Netzbetreiber;Xiaomi 17 Ultra 512 GB;Xiaomi;512;congstar;Allnet Flat L Flex;L;vergleichbar;-6,8;1994,00;2139,64;Kosten über 24 Monate · 24 Raten;;2026-10-10;https://www.congstar.de/geraete/xiaomi/xiaomi-17-ultra/
Netzbetreiber;Xiaomi 17 Ultra 512 GB;Xiaomi;512;Telekom;MagentaMobil XS;XS;vergleichbar;3,4;1916,15;1853,80;Kosten über 36 Monate · 36 Raten;;2026-10-10;https://www.telekom.de/shop/geraet/xiaomi/xiaomi-17-ultra/starlit-green-512-gb?sortBy=popularityIndex&currentPage=3&tariffId=MF_17779&itemPerPage=24&excludedCurrentPage=1&forwardTradeInApplied=false&bp=acquisition&categoryId=smartphones
Netzbetreiber;Xiaomi 17 Ultra 512 GB;Xiaomi;512;Telekom;MagentaMobil S;S;vergleichbar;6,0;2156,15;2033,80;Kosten über 36 Monate · 36 Raten;;2026-10-10;https://www.telekom.de/shop/geraet/xiaomi/xiaomi-17-ultra/starlit-green-512-gb?sortBy=popularityIndex&currentPage=3&tariffId=MF_17785&itemPerPage=24&excludedCurrentPage=1&forwardTradeInApplied=false&bp=acquisition&categoryId=smartphones
Netzbetreiber;Xiaomi 17 Ultra 512 GB;Xiaomi;512;Telekom;MagentaMobil L;L;vergleichbar;12,8;2434,55;2157,64;Kosten über 36 Monate · 36 Raten;;2026-10-10;https://www.telekom.de/shop/geraet/xiaomi/xiaomi-17-ultra/starlit-green-512-gb?sortBy=popularityIndex&currentPage=3&tariffId=MF_17797&itemPerPage=24&excludedCurrentPage=1&forwardTradeInApplied=false&bp=acquisition&categoryId=smartphones
Netzbetreiber;Xiaomi 17 Ultra 512 GB;Xiaomi;512;Telekom;MagentaMobil M;M;vergleichbar;15,4;2295,35;1989,64;Kosten über 36 Monate · 36 Raten;;2026-10-10;https://www.telekom.de/shop/geraet/xiaomi/xiaomi-17-ultra/starlit-green-512-gb?sortBy=popularityIndex&currentPage=3&tariffId=MF_17791&itemPerPage=24&excludedCurrentPage=1&forwardTradeInApplied=false&bp=acquisition&categoryId=smartphones
Netzbetreiber;Xiaomi 17 Ultra 512 GB;Xiaomi;512;Telekom;MagentaMobil XL;XL;vergleichbar;18,3;2936,55;2481,64;Kosten über 36 Monate · 36 Raten;;2026-10-10;https://www.telekom.de/shop/geraet/xiaomi/xiaomi-17-ultra/starlit-green-512-gb?sortBy=popularityIndex&currentPage=3&tariffId=MF_17803&itemPerPage=24&excludedCurrentPage=1&forwardTradeInApplied=false&bp=acquisition&categoryId=smartphones
Netzbetreiber;Xiaomi 17 Ultra 512 GB;Xiaomi;512;1&1;1&1 All-Net-Flat S;XS;nicht_vergleichbar;;2075,54;1853,80;Kosten über die Bündellaufzeit;1&1 wird nur über 24 Monate verglichen.;2026-10-09;https://mobile.1und1.de/flow2/mobile/ssc-private/tariffContractDuration?tariffChangeUrl=%2F%2Fmobile.1und1.de%2Fxiaomi-17-ultra&optionalPrecedingDocuments=%2F%2Fmobile.1und1.de%2Fxiaomi-17-ultra&addFlowStates=tradeInAvailable%2CaskWatch%2ChwDurationsAvailable&traceId=fd918695-09f3-40b3-9e11-bf6985173a8f
Netzbetreiber;Xiaomi 17 Ultra 512 GB;Xiaomi;512;congstar;Allnet Flat XS;XS;nicht_vergleichbar;;1374,00;1853,80;Kosten über die Bündellaufzeit;congstar führt für dieses Gerät nur ein erneuert Gerät – kein Vergleich gegen ein Neugerät.;2026-10-10;https://www.congstar.de/geraete/xiaomi/xiaomi-17-ultra-zustand-wie-neu/
Netzbetreiber;Xiaomi 17 Ultra 512 GB;Xiaomi;512;congstar;Allnet Flat XS Flex;XS;nicht_vergleichbar;;1394,00;1853,80;Kosten über die Bündellaufzeit;congstar führt für dieses Gerät nur ein erneuert Gerät – kein Vergleich gegen ein Neugerät.;2026-10-10;https://www.congstar.de/geraete/xiaomi/xiaomi-17-ultra-zustand-wie-neu/
Netzbetreiber;Xiaomi 17 Ultra 512 GB;Xiaomi;512;congstar;Allnet Flat XS;XS;nicht_vergleichbar;;1374,00;1853,80;Kosten über die Bündellaufzeit;congstar führt für dieses Gerät nur ein erneuert Gerät – kein Vergleich gegen ein Neugerät.;2026-10-10;https://www.congstar.de/geraete/xiaomi/xiaomi-17-ultra-zustand-wie-neu/
Netzbetreiber;Xiaomi 17 Ultra 512 GB;Xiaomi;512;congstar;Allnet Flat XS Flex;XS;nicht_vergleichbar;;1394,00;1853,80;Kosten über die Bündellaufzeit;congstar führt für dieses Gerät nur ein erneuert Gerät – kein Vergleich gegen ein Neugerät.;2026-10-10;https://www.congstar.de/geraete/xiaomi/xiaomi-17-ultra-zustand-wie-neu/
Netzbetreiber;Xiaomi 17 Ultra 512 GB;Xiaomi;512;congstar;Allnet Flat S;M;nicht_vergleichbar;;1494,00;1977,64;Kosten über die Bündellaufzeit;congstar führt für dieses Gerät nur ein erneuert Gerät – kein Vergleich gegen ein Neugerät.;2026-10-10;https://www.congstar.de/geraete/xiaomi/xiaomi-17-ultra-zustand-wie-neu/
Netzbetreiber;Xiaomi 17 Ultra 512 GB;Xiaomi;512;congstar;Allnet Flat S Flex;M;nicht_vergleichbar;;1514,00;1977,64;Kosten über die Bündellaufzeit;congstar führt für dieses Gerät nur ein erneuert Gerät – kein Vergleich gegen ein Neugerät.;2026-10-10;https://www.congstar.de/geraete/xiaomi/xiaomi-17-ultra-zustand-wie-neu/
Netzbetreiber;Xiaomi 17 Ultra 512 GB;Xiaomi;512;congstar;Allnet Flat S;M;nicht_vergleichbar;;1494,00;1989,64;Kosten über die Bündellaufzeit;congstar führt für dieses Gerät nur ein erneuert Gerät – kein Vergleich gegen ein Neugerät.;2026-10-10;https://www.congstar.de/geraete/xiaomi/xiaomi-17-ultra-zustand-wie-neu/
Netzbetreiber;Xiaomi 17 Ultra 512 GB;Xiaomi;512;congstar;Allnet Flat S Flex;M;nicht_vergleichbar;;1514,00;1989,64;Kosten über die Bündellaufzeit;congstar führt für dieses Gerät nur ein erneuert Gerät – kein Vergleich gegen ein Neugerät.;2026-10-10;https://www.congstar.de/geraete/xiaomi/xiaomi-17-ultra-zustand-wie-neu/
Netzbetreiber;Xiaomi 17 Ultra 512 GB;Xiaomi;512;congstar;Allnet Flat M;L;nicht_vergleichbar;;1614,00;2139,64;Kosten über die Bündellaufzeit;congstar führt für dieses Gerät nur ein erneuert Gerät – kein Vergleich gegen ein Neugerät.;2026-10-10;https://www.congstar.de/geraete/xiaomi/xiaomi-17-ultra-zustand-wie-neu/
Netzbetreiber;Xiaomi 17 Ultra 512 GB;Xiaomi;512;congstar;Allnet Flat M Flex;L;nicht_vergleichbar;;1634,00;2139,64;Kosten über die Bündellaufzeit;congstar führt für dieses Gerät nur ein erneuert Gerät – kein Vergleich gegen ein Neugerät.;2026-10-10;https://www.congstar.de/geraete/xiaomi/xiaomi-17-ultra-zustand-wie-neu/
Netzbetreiber;Xiaomi 17 Ultra 512 GB;Xiaomi;512;congstar;Allnet Flat L;L;nicht_vergleichbar;;1734,00;2139,64;Kosten über die Bündellaufzeit;congstar führt für dieses Gerät nur ein erneuert Gerät – kein Vergleich gegen ein Neugerät.;2026-10-10;https://www.congstar.de/geraete/xiaomi/xiaomi-17-ultra-zustand-wie-neu/
Netzbetreiber;Xiaomi 17 Ultra 512 GB;Xiaomi;512;congstar;Allnet Flat L Flex;L;nicht_vergleichbar;;1754,00;2139,64;Kosten über die Bündellaufzeit;congstar führt für dieses Gerät nur ein erneuert Gerät – kein Vergleich gegen ein Neugerät.;2026-10-10;https://www.congstar.de/geraete/xiaomi/xiaomi-17-ultra-zustand-wie-neu/
Netzbetreiber;Xiaomi 17 Ultra 512 GB;Xiaomi;512;congstar;Allnet Flat M;L;nicht_vergleichbar;;1614,00;2157,64;Kosten über die Bündellaufzeit;congstar führt für dieses Gerät nur ein erneuert Gerät – kein Vergleich gegen ein Neugerät.;2026-10-10;https://www.congstar.de/geraete/xiaomi/xiaomi-17-ultra-zustand-wie-neu/
Netzbetreiber;Xiaomi 17 Ultra 512 GB;Xiaomi;512;congstar;Allnet Flat M Flex;L;nicht_vergleichbar;;1634,00;2157,64;Kosten über die Bündellaufzeit;congstar führt für dieses Gerät nur ein erneuert Gerät – kein Vergleich gegen ein Neugerät.;2026-10-10;https://www.congstar.de/geraete/xiaomi/xiaomi-17-ultra-zustand-wie-neu/
Netzbetreiber;Xiaomi 17 Ultra 512 GB;Xiaomi;512;congstar;Allnet Flat L;L;nicht_vergleichbar;;1734,00;2157,64;Kosten über die Bündellaufzeit;congstar führt für dieses Gerät nur ein erneuert Gerät – kein Vergleich gegen ein Neugerät.;2026-10-10;https://www.congstar.de/geraete/xiaomi/xiaomi-17-ultra-zustand-wie-neu/
Netzbetreiber;Xiaomi 17 Ultra 512 GB;Xiaomi;512;congstar;Allnet Flat L Flex;L;nicht_vergleichbar;;1754,00;2157,64;Kosten über die Bündellaufzeit;congstar führt für dieses Gerät nur ein erneuert Gerät – kein Vergleich gegen ein Neugerät.;2026-10-10;https://www.congstar.de/geraete/xiaomi/xiaomi-17-ultra-zustand-wie-neu/
Netzbetreiber;Apple iPhone 17 Pro Max 256 GB;Apple;256;o2;O2 Mobile Unlimited M Plus mit 100 MBit/s (24 Mon.);XL;vergleichbar;-23,5;1938,76;2535,64;Kosten über 36 Monate · 36 Raten;;2026-10-10;https://www.o2online.de/e-shop/apple/apple-iphone-17-pro-max-256gb-cosmic-orange-details?ohne-tarif=nein&zielgruppe=privatkunden&ratenzahlung=36&vertragsart=ratenzahlung&tarif=o2-mobile-unlimited-m-plus
Netzbetreiber;Apple iPhone 17 Pro Max 256 GB;Apple;256;o2;O2 Mobile Unlimited M Plus mit 100 MBit/s (24 Mon.);XL;vergleichbar;-22,4;1938,76;2499,64;Kosten über 24 Monate · 24 Raten;;2026-10-09;https://www.o2online.de/e-shop/apple/apple-iphone-17-pro-max-256gb-cosmic-orange-details?ohne-tarif=nein&zielgruppe=privatkunden&ratenzahlung=36&vertragsart=ratenzahlung&tarif=o2-mobile-unlimited-m-plus
Netzbetreiber;Apple iPhone 17 Pro Max 256 GB;Apple;256;o2;O2 Mobile Unlimited S Special Plus mit 15 MBit/s (24 Mon.);XL;vergleichbar;-22,0;1978,75;2535,64;Kosten über 36 Monate · 36 Raten;;2026-10-08;https://www.o2online.de/e-shop/apple/apple-iphone-17-pro-max-256gb-cosmic-orange-details?ohne-tarif=nein&zielgruppe=privatkunden&ratenzahlung=36&vertragsart=ratenzahlung&tarif=o2-mobile-unlimited-m-plus
Netzbetreiber;Apple iPhone 17 Pro Max 256 GB;Apple;256;o2;O2 Mobile Unlimited S Special Plus mit 15 MBit/s (24 Mon.);XL;vergleichbar;-20,8;1978,75;2499,64;Kosten über 24 Monate · 24 Raten;;2026-10-08;https://www.o2online.de/e-shop/apple/apple-iphone-17-pro-max-256gb-cosmic-orange-details?ohne-tarif=nein&zielgruppe=privatkunden&ratenzahlung=36&vertragsart=ratenzahlung&tarif=o2-mobile-unlimited-m-plus
Netzbetreiber;Apple iPhone 17 Pro Max 256 GB;Apple;256;congstar;Allnet Flat M;L;vergleichbar;-19,0;1792,00;2211,64;Kosten über 36 Monate · 36 Raten;;2026-10-10;https://www.congstar.de/geraete/apple/apple-iphone-17-pro-max/
Netzbetreiber;Apple iPhone 17 Pro Max 256 GB;Apple;256;congstar;Allnet Flat M;L;vergleichbar;-18,3;1792,00;2193,64;Kosten über 24 Monate · 24 Raten;;2026-10-10;https://www.congstar.de/geraete/apple/apple-iphone-17-pro-max/?paymentVariantBenefits=&planId=540&installmentPlanId=500
Netzbetreiber;Apple iPhone 17 Pro Max 256 GB;Apple;256;congstar;Allnet Flat L;L;vergleichbar;-15,2;1876,00;2211,64;Kosten über 36 Monate · 36 Raten;;2026-10-10;https://www.congstar.de/geraete/apple/apple-iphone-17-pro-max/
Netzbetreiber;Apple iPhone 17 Pro Max 256 GB;Apple;256;congstar;Allnet Flat S;M;vergleichbar;-14,7;1744,00;2043,64;Kosten über 36 Monate · 36 Raten;;2026-10-10;https://www.congstar.de/geraete/apple/apple-iphone-17-pro-max/
Netzbetreiber;Apple iPhone 17 Pro Max 256 GB;Apple;256;congstar;Allnet Flat L;L;vergleichbar;-14,5;1876,00;2193,64;Kosten über 24 Monate · 24 Raten;;2026-10-10;https://www.congstar.de/geraete/apple/apple-iphone-17-pro-max/?paymentVariantBenefits=&planId=545&installmentPlanId=500
Netzbetreiber;Apple iPhone 17 Pro Max 256 GB;Apple;256;congstar;Allnet Flat S;M;vergleichbar;-14,2;1744,00;2031,64;Kosten über 24 Monate · 24 Raten;;2026-10-10;https://www.congstar.de/geraete/apple/apple-iphone-17-pro-max/?paymentVariantBenefits=&planId=560&installmentPlanId=500
Netzbetreiber;Apple iPhone 17 Pro Max 256 GB;Apple;256;congstar;Allnet Flat XS;XS;vergleichbar;-13,0;1660,00;1907,80;Kosten über 24 Monate · 24 Raten;;2026-10-10;https://www.congstar.de/geraete/apple/apple-iphone-17-pro-max/?paymentVariantBenefits=&planId=543&installmentPlanId=500
Netzbetreiber;Apple iPhone 17 Pro Max 256 GB;Apple;256;congstar;Allnet Flat XS;XS;vergleichbar;-13,0;1660,00;1907,80;Kosten über 36 Monate · 36 Raten;;2026-10-10;https://www.congstar.de/geraete/apple/apple-iphone-17-pro-max/
Netzbetreiber;Apple iPhone 17 Pro Max 256 GB;Apple;256;o2;O2 Mobile L Plus mit 150 GB+ (24 Mon.);L;vergleichbar;-12,3;1938,76;2211,64;Kosten über 36 Monate · 36 Raten;;2026-10-09;https://www.o2online.de/e-shop/apple/apple-iphone-17-pro-max-256gb-cosmic-orange-details?ohne-tarif=nein&zielgruppe=privatkunden&ratenzahlung=36&vertragsart=ratenzahlung&tarif=o2-mobile-unlimited-m-plus
Netzbetreiber;Apple iPhone 17 Pro Max 256 GB;Apple;256;o2;O2 Mobile L Plus mit 150 GB+ (24 Mon.);L;vergleichbar;-11,6;1938,76;2193,64;Kosten über 24 Monate · 24 Raten;;2026-10-09;https://www.o2online.de/e-shop/apple/apple-iphone-17-pro-max-256gb-cosmic-orange-details?ohne-tarif=nein&zielgruppe=privatkunden&ratenzahlung=36&vertragsart=ratenzahlung&tarif=o2-mobile-unlimited-m-plus
Netzbetreiber;Apple iPhone 17 Pro Max 256 GB;Apple;256;o2;O2 Mobile on Demand M Plus mit 50 GB+ (24 Mon.);M;vergleichbar;-9,0;1858,75;2043,64;Kosten über 36 Monate · 36 Raten;;2026-10-09;https://www.o2online.de/e-shop/apple/apple-iphone-17-pro-max-256gb-cosmic-orange-details?ohne-tarif=nein&zielgruppe=privatkunden&ratenzahlung=36&vertragsart=ratenzahlung&tarif=o2-mobile-unlimited-m-plus
Netzbetreiber;Apple iPhone 17 Pro Max 256 GB;Apple;256;o2;O2 Mobile on Demand M Plus mit 50 GB+ (24 Mon.);M;vergleichbar;-8,5;1858,75;2031,64;Kosten über 24 Monate · 24 Raten;;2026-10-09;https://www.o2online.de/e-shop/apple/apple-iphone-17-pro-max-256gb-cosmic-orange-details?ohne-tarif=nein&zielgruppe=privatkunden&ratenzahlung=36&vertragsart=ratenzahlung&tarif=o2-mobile-unlimited-m-plus
Netzbetreiber;Apple iPhone 17 Pro Max 256 GB;Apple;256;congstar;Allnet Flat M Flex;L;vergleichbar;-8,3;2028,00;2211,64;Kosten über 36 Monate · 36 Raten;;2026-10-10;https://www.congstar.de/geraete/apple/apple-iphone-17-pro-max/
Netzbetreiber;Apple iPhone 17 Pro Max 256 GB;Apple;256;congstar;Allnet Flat M Flex;L;vergleichbar;-7,6;2028,00;2193,64;Kosten über 24 Monate · 24 Raten;;2026-10-10;https://www.congstar.de/geraete/apple/apple-iphone-17-pro-max/
Netzbetreiber;Apple iPhone 17 Pro Max 256 GB;Apple;256;congstar;Allnet Flat S Flex;M;vergleichbar;-6,6;1908,00;2043,64;Kosten über 36 Monate · 36 Raten;;2026-10-10;https://www.congstar.de/geraete/apple/apple-iphone-17-pro-max/
Netzbetreiber;Apple iPhone 17 Pro Max 256 GB;Apple;256;congstar;Allnet Flat XS Flex;XS;vergleichbar;-6,3;1788,00;1907,80;Kosten über 24 Monate · 24 Raten;;2026-10-10;https://www.congstar.de/geraete/apple/apple-iphone-17-pro-max/
Netzbetreiber;Apple iPhone 17 Pro Max 256 GB;Apple;256;congstar;Allnet Flat XS Flex;XS;vergleichbar;-6,3;1788,00;1907,80;Kosten über 36 Monate · 36 Raten;;2026-10-10;https://www.congstar.de/geraete/apple/apple-iphone-17-pro-max/
Netzbetreiber;Apple iPhone 17 Pro Max 256 GB;Apple;256;congstar;Allnet Flat S Flex;M;vergleichbar;-6,1;1908,00;2031,64;Kosten über 24 Monate · 24 Raten;;2026-10-10;https://www.congstar.de/geraete/apple/apple-iphone-17-pro-max/
Netzbetreiber;Apple iPhone 17 Pro Max 256 GB;Apple;256;congstar;Allnet Flat L Flex;L;vergleichbar;-2,9;2148,00;2211,64;Kosten über 36 Monate · 36 Raten;;2026-10-10;https://www.congstar.de/geraete/apple/apple-iphone-17-pro-max/
Netzbetreiber;Apple iPhone 17 Pro Max 256 GB;Apple;256;congstar;Allnet Flat L Flex;L;vergleichbar;-2,1;2148,00;2193,64;Kosten über 24 Monate · 24 Raten;;2026-10-10;https://www.congstar.de/geraete/apple/apple-iphone-17-pro-max/
Netzbetreiber;Apple iPhone 17 Pro Max 256 GB;Apple;256;Telekom;MagentaMobil XS;XS;vergleichbar;8,9;2077,35;1907,80;Kosten über 36 Monate · 36 Raten;;2026-10-10;https://www.telekom.de/shop/geraet/apple/apple-iphone-17-pro-max/cosmic-orange-256-gb?sortBy=popularityIndex&currentPage=3&tariffId=MF_17779&itemPerPage=24&excludedCurrentPage=1&forwardTradeInApplied=false&bp=acquisition&categoryId=smartphones
Netzbetreiber;Apple iPhone 17 Pro Max 256 GB;Apple;256;Telekom;MagentaMobil S;S;vergleichbar;11,0;2317,35;2087,80;Kosten über 36 Monate · 36 Raten;;2026-10-10;https://www.telekom.de/shop/geraet/apple/apple-iphone-17-pro-max/cosmic-orange-256-gb?sortBy=popularityIndex&currentPage=3&tariffId=MF_17785&itemPerPage=24&excludedCurrentPage=1&forwardTradeInApplied=false&bp=acquisition&categoryId=smartphones
Netzbetreiber;Apple iPhone 17 Pro Max 256 GB;Apple;256;Telekom;MagentaMobil L;L;vergleichbar;17,4;2596,55;2211,64;Kosten über 36 Monate · 36 Raten;;2026-10-10;https://www.telekom.de/shop/geraet/apple/apple-iphone-17-pro-max/cosmic-orange-256-gb?sortBy=popularityIndex&currentPage=3&tariffId=MF_17797&itemPerPage=24&excludedCurrentPage=1&forwardTradeInApplied=false&bp=acquisition&categoryId=smartphones
Netzbetreiber;Apple iPhone 17 Pro Max 256 GB;Apple;256;Telekom;MagentaMobil M;M;vergleichbar;20,2;2457,35;2043,64;Kosten über 36 Monate · 36 Raten;;2026-10-10;https://www.telekom.de/shop/geraet/apple/apple-iphone-17-pro-max/cosmic-orange-256-gb?sortBy=popularityIndex&currentPage=3&tariffId=MF_17791&itemPerPage=24&excludedCurrentPage=1&forwardTradeInApplied=false&bp=acquisition&categoryId=smartphones
Netzbetreiber;Apple iPhone 17 Pro Max 256 GB;Apple;256;Telekom;MagentaMobil XL;XL;vergleichbar;22,1;3095,75;2535,64;Kosten über 36 Monate · 36 Raten;;2026-10-10;https://www.telekom.de/shop/geraet/apple/apple-iphone-17-pro-max/cosmic-orange-256-gb?sortBy=popularityIndex&currentPage=3&tariffId=MF_17803&itemPerPage=24&excludedCurrentPage=1&forwardTradeInApplied=false&bp=acquisition&categoryId=smartphones
Netzbetreiber;Apple iPhone 17 Pro Max 256 GB;Apple;256;1&1;1&1 All-Net-Flat S;XS;nicht_vergleichbar;;2259,54;1907,80;Kosten über die Bündellaufzeit;1&1 wird nur über 24 Monate verglichen.;2026-10-09;https://mobile.1und1.de/flow2/mobile/ssc-private/tariffContractDuration?tariffChangeUrl=%2F%2Fmobile.1und1.de%2Fiphone-17-pro-max&optionalPrecedingDocuments=%2F%2Fmobile.1und1.de%2Fiphone-17-pro-max&addFlowStates=tradeInAvailable%2CbrandApple%2CwatchAvailable%2CaskWatch%2ChwDurationsAvailable&traceId=b4ed5463-b263-4c03-bd28-83615e2683cb
Netzbetreiber;Google Pixel 11 Pro 512 GB;Google;512;o2;O2 Mobile Unlimited M Plus mit 100 MBit/s (24 Mon.);XL;vergleichbar;-23,0;1812,76;2355,64;Kosten über 24 Monate · 24 Raten;;2026-10-10;https://www.o2online.de/e-shop/google/google-pixel-11-pro-256gb-canyon-details?ohne-tarif=nein&zielgruppe=privatkunden&ratenzahlung=36&vertragsart=ratenzahlung&tarif=o2-mobile-on-demand-m-plus
Netzbetreiber;Google Pixel 11 Pro 512 GB;Google;512;congstar;Allnet Flat M;L;vergleichbar;-20,8;1638,00;2067,64;Kosten über 36 Monate · 36 Raten;;2026-10-10;https://www.congstar.de/geraete/google/google-pixel-11-pro/
Netzbetreiber;Google Pixel 11 Pro 512 GB;Google;512;congstar;Allnet Flat M;L;vergleichbar;-20,1;1638,00;2049,64;Kosten über 24 Monate · 24 Raten;;2026-10-10;https://www.congstar.de/geraete/google/google-pixel-11-pro/
Netzbetreiber;Google Pixel 11 Pro 512 GB;Google;512;congstar;Allnet Flat L;L;vergleichbar;-16,7;1722,00;2067,64;Kosten über 36 Monate · 36 Raten;;2026-10-10;https://www.congstar.de/geraete/google/google-pixel-11-pro/
Netzbetreiber;Google Pixel 11 Pro 512 GB;Google;512;congstar;Allnet Flat L;L;vergleichbar;-16,0;1722,00;2049,64;Kosten über 24 Monate · 24 Raten;;2026-10-10;https://www.congstar.de/geraete/google/google-pixel-11-pro/
Netzbetreiber;Google Pixel 11 Pro 512 GB;Google;512;congstar;Allnet Flat S;M;vergleichbar;-14,4;1626,00;1899,64;Kosten über 36 Monate · 36 Raten;;2026-10-10;https://www.congstar.de/geraete/google/google-pixel-11-pro/
Netzbetreiber;Google Pixel 11 Pro 512 GB;Google;512;congstar;Allnet Flat S;M;vergleichbar;-13,9;1626,00;1887,64;Kosten über 24 Monate · 24 Raten;;2026-10-10;https://www.congstar.de/geraete/google/google-pixel-11-pro/
Netzbetreiber;Google Pixel 11 Pro 512 GB;Google;512;o2;O2 Mobile L Plus mit 150 GB+ (24 Mon.);L;vergleichbar;-12,3;1812,76;2067,64;Kosten über 36 Monate · 36 Raten;;2026-10-10;https://www.o2online.de/e-shop/google/google-pixel-11-pro-256gb-canyon-details?ohne-tarif=nein&zielgruppe=privatkunden&ratenzahlung=36&vertragsart=ratenzahlung&tarif=o2-mobile-on-demand-m-plus
Netzbetreiber;Google Pixel 11 Pro 512 GB;Google;512;o2;O2 Mobile L Plus mit 150 GB+ (24 Mon.);L;vergleichbar;-11,6;1812,76;2049,64;Kosten über 24 Monate · 24 Raten;;2026-10-10;https://www.o2online.de/e-shop/google/google-pixel-11-pro-256gb-canyon-details?ohne-tarif=nein&zielgruppe=privatkunden&ratenzahlung=36&vertragsart=ratenzahlung&tarif=o2-mobile-on-demand-m-plus
Netzbetreiber;Google Pixel 11 Pro 512 GB;Google;512;o2;O2 Mobile on Demand M Plus mit 50 GB+ (24 Mon.);M;vergleichbar;-8,8;1732,75;1899,64;Kosten über 36 Monate · 36 Raten;;2026-10-10;https://www.o2online.de/e-shop/google/google-pixel-11-pro-256gb-canyon-details?ohne-tarif=nein&zielgruppe=privatkunden&ratenzahlung=36&vertragsart=ratenzahlung&tarif=o2-mobile-on-demand-m-plus
Netzbetreiber;Google Pixel 11 Pro 512 GB;Google;512;congstar;Allnet Flat XS;XS;vergleichbar;-8,5;1614,00;1763,80;Kosten über 24 Monate · 24 Raten;;2026-10-10;https://www.congstar.de/geraete/google/google-pixel-11-pro/
Netzbetreiber;Google Pixel 11 Pro 512 GB;Google;512;congstar;Allnet Flat XS;XS;vergleichbar;-8,5;1614,00;1763,80;Kosten über 36 Monate · 36 Raten;;2026-10-10;https://www.congstar.de/geraete/google/google-pixel-11-pro/
Netzbetreiber;Google Pixel 11 Pro 512 GB;Google;512;o2;O2 Mobile on Demand M Plus mit 50 GB+ (24 Mon.);M;vergleichbar;-8,2;1732,75;1887,64;Kosten über 24 Monate · 24 Raten;;2026-10-10;https://www.o2online.de/e-shop/google/google-pixel-11-pro-256gb-canyon-details?ohne-tarif=nein&zielgruppe=privatkunden&ratenzahlung=36&vertragsart=ratenzahlung&tarif=o2-mobile-on-demand-m-plus
Netzbetreiber;Google Pixel 11 Pro 512 GB;Google;512;congstar;Allnet Flat M Flex;L;vergleichbar;-5,0;1964,00;2067,64;Kosten über 36 Monate · 36 Raten;;2026-10-10;https://www.congstar.de/geraete/google/google-pixel-11-pro/
Netzbetreiber;Google Pixel 11 Pro 512 GB;Google;512;congstar;Allnet Flat M Flex;L;vergleichbar;-4,2;1964,00;2049,64;Kosten über 24 Monate · 24 Raten;;2026-10-10;https://www.congstar.de/geraete/google/google-pixel-11-pro/
Netzbetreiber;Google Pixel 11 Pro 512 GB;Google;512;congstar;Allnet Flat S Flex;M;vergleichbar;-2,9;1844,00;1899,64;Kosten über 36 Monate · 36 Raten;;2026-10-10;https://www.congstar.de/geraete/google/google-pixel-11-pro/
Netzbetreiber;Google Pixel 11 Pro 512 GB;Google;512;congstar;Allnet Flat XS Flex;XS;vergleichbar;-2,3;1724,00;1763,80;Kosten über 24 Monate · 24 Raten;;2026-10-10;https://www.congstar.de/geraete/google/google-pixel-11-pro/
Netzbetreiber;Google Pixel 11 Pro 512 GB;Google;512;congstar;Allnet Flat XS Flex;XS;vergleichbar;-2,3;1724,00;1763,80;Kosten über 36 Monate · 36 Raten;;2026-10-10;https://www.congstar.de/geraete/google/google-pixel-11-pro/
Netzbetreiber;Google Pixel 11 Pro 512 GB;Google;512;congstar;Allnet Flat S Flex;M;vergleichbar;-2,3;1844,00;1887,64;Kosten über 24 Monate · 24 Raten;;2026-10-10;https://www.congstar.de/geraete/google/google-pixel-11-pro/
Netzbetreiber;Google Pixel 11 Pro 512 GB;Google;512;congstar;Allnet Flat L Flex;L;vergleichbar;0,8;2084,00;2067,64;Kosten über 36 Monate · 36 Raten;;2026-10-10;https://www.congstar.de/geraete/google/google-pixel-11-pro/
Netzbetreiber;Google Pixel 11 Pro 512 GB;Google;512;congstar;Allnet Flat L Flex;L;vergleichbar;1,7;2084,00;2049,64;Kosten über 24 Monate · 24 Raten;;2026-10-10;https://www.congstar.de/geraete/google/google-pixel-11-pro/
Netzbetreiber;Google Pixel 11 Pro 512 GB;Google;512;Telekom;;;kein_buendel;;;;Kosten über die Bündellaufzeit;Telekom nicht erfasst: Seite sperrt automatisches Lesen (HTTP 202, 10.10.2026);;
Netzbetreiber;Google Pixel 11 Pro 512 GB;Google;512;1&1;1&1 All-Net-Flat S;XS;nicht_vergleichbar;;2075,54;1763,80;Kosten über die Bündellaufzeit;1&1 wird nur über 24 Monate verglichen.;2026-10-09;https://mobile.1und1.de/flow2/mobile/ssc-private/tariffContractDuration?tariffChangeUrl=%2F%2Fmobile.1und1.de%2Fgoogle-pixel-11-pro&optionalPrecedingDocuments=%2F%2Fmobile.1und1.de%2Fgoogle-pixel-11-pro&addFlowStates=tradeInAvailable%2CbrandGoogle%2CwatchAvailable%2CaskWatch%2ChwDurationsAvailable&traceId=a956b068-0916-4fca-9e49-1cbca65620ef
Netzbetreiber;Samsung Galaxy A57 256 GB;Samsung;256;congstar;Allnet Flat M;L;vergleichbar;-22,7;972,00;1257,64;Kosten über 36 Monate · 36 Raten;;2026-10-10;https://www.congstar.de/geraete/samsung/samsung-galaxy-a57/
Netzbetreiber;Samsung Galaxy A57 256 GB;Samsung;256;congstar;Allnet Flat M;L;vergleichbar;-21,6;972,00;1239,64;Kosten über 24 Monate · 24 Raten;;2026-10-10;https://www.congstar.de/geraete/samsung/samsung-galaxy-a57/?planId=540&installmentPlanId=500&memorySize=256+GB
Netzbetreiber;Samsung Galaxy A57 256 GB;Samsung;256;congstar;Allnet Flat S;M;vergleichbar;-18,5;888,00;1089,64;Kosten über 36 Monate · 36 Raten;;2026-10-10;https://www.congstar.de/geraete/samsung/samsung-galaxy-a57/
Netzbetreiber;Samsung Galaxy A57 256 GB;Samsung;256;congstar;Allnet Flat S;M;vergleichbar;-17,6;888,00;1077,64;Kosten über 24 Monate · 24 Raten;;2026-10-10;https://www.congstar.de/geraete/samsung/samsung-galaxy-a57/?planId=560&installmentPlanId=500&memorySize=256+GB
Netzbetreiber;Samsung Galaxy A57 256 GB;Samsung;256;congstar;Allnet Flat L;L;vergleichbar;-16,0;1056,00;1257,64;Kosten über 36 Monate · 36 Raten;;2026-10-10;https://www.congstar.de/geraete/samsung/samsung-galaxy-a57/
Netzbetreiber;Samsung Galaxy A57 256 GB;Samsung;256;congstar;Allnet Flat XS;XS;vergleichbar;-15,7;804,00;953,80;Kosten über 24 Monate · 24 Raten;;2026-10-10;https://www.congstar.de/geraete/samsung/samsung-galaxy-a57/?planId=543&installmentPlanId=500&memorySize=256+GB
Netzbetreiber;Samsung Galaxy A57 256 GB;Samsung;256;congstar;Allnet Flat XS;XS;vergleichbar;-15,7;804,00;953,80;Kosten über 36 Monate · 36 Raten;;2026-10-10;https://www.congstar.de/geraete/samsung/samsung-galaxy-a57/
Netzbetreiber;Samsung Galaxy A57 256 GB;Samsung;256;congstar;Allnet Flat L;L;vergleichbar;-14,8;1056,00;1239,64;Kosten über 24 Monate · 24 Raten;;2026-10-10;https://www.congstar.de/geraete/samsung/samsung-galaxy-a57/?planId=545&installmentPlanId=500&memorySize=256+GB
Netzbetreiber;Samsung Galaxy A57 256 GB;Samsung;256;congstar;Allnet Flat M Flex;L;vergleichbar;-11,1;1118,00;1257,64;Kosten über 36 Monate · 36 Raten;;2026-10-10;https://www.congstar.de/geraete/samsung/samsung-galaxy-a57/
Netzbetreiber;Samsung Galaxy A57 256 GB;Samsung;256;o2;O2 Mobile on Demand M Plus mit 50 GB+ (24 Mon.);M;vergleichbar;-10,4;976,75;1089,64;Kosten über 36 Monate · 36 Raten;;2026-10-10;https://www.o2online.de/e-shop/samsung/samsung-galaxy-a57-128gb-awesome-navy-details?ohne-tarif=nein&zielgruppe=privatkunden&ratenzahlung=36&vertragsart=ratenzahlung&tarif=o2-mobile-on-demand-m-plus
Netzbetreiber;Samsung Galaxy A57 256 GB;Samsung;256;congstar;Allnet Flat M Flex;L;vergleichbar;-9,8;1118,00;1239,64;Kosten über 24 Monate · 24 Raten;;2026-10-10;https://www.congstar.de/geraete/samsung/samsung-galaxy-a57/
Netzbetreiber;Samsung Galaxy A57 256 GB;Samsung;256;o2;O2 Mobile on Demand M Plus mit 50 GB+ (24 Mon.);M;vergleichbar;-9,4;976,75;1077,64;Kosten über 24 Monate · 24 Raten;;2026-10-10;https://www.o2online.de/e-shop/samsung/samsung-galaxy-a57-128gb-awesome-navy-details?ohne-tarif=nein&zielgruppe=privatkunden&ratenzahlung=36&vertragsart=ratenzahlung&tarif=o2-mobile-on-demand-m-plus
Netzbetreiber;Samsung Galaxy A57 256 GB;Samsung;256;congstar;Allnet Flat S Flex;M;vergleichbar;-8,4;998,00;1089,64;Kosten über 36 Monate · 36 Raten;;2026-10-10;https://www.congstar.de/geraete/samsung/samsung-galaxy-a57/
Netzbetreiber;Samsung Galaxy A57 256 GB;Samsung;256;congstar;Allnet Flat XS Flex;XS;vergleichbar;-7,9;878,00;953,80;Kosten über 24 Monate · 24 Raten;;2026-10-10;https://www.congstar.de/geraete/samsung/samsung-galaxy-a57/
Netzbetreiber;Samsung Galaxy A57 256 GB;Samsung;256;congstar;Allnet Flat XS Flex;XS;vergleichbar;-7,9;878,00;953,80;Kosten über 36 Monate · 36 Raten;;2026-10-10;https://www.congstar.de/geraete/samsung/samsung-galaxy-a57/
Netzbetreiber;Samsung Galaxy A57 256 GB;Samsung;256;congstar;Allnet Flat S Flex;M;vergleichbar;-7,4;998,00;1077,64;Kosten über 24 Monate · 24 Raten;;2026-10-10;https://www.congstar.de/geraete/samsung/samsung-galaxy-a57/
Netzbetreiber;Samsung Galaxy A57 256 GB;Samsung;256;congstar;Allnet Flat L Flex;L;vergleichbar;-1,6;1238,00;1257,64;Kosten über 36 Monate · 36 Raten;;2026-10-10;https://www.congstar.de/geraete/samsung/samsung-galaxy-a57/
Netzbetreiber;Samsung Galaxy A57 256 GB;Samsung;256;congstar;Allnet Flat L Flex;L;vergleichbar;-0,1;1238,00;1239,64;Kosten über 24 Monate · 24 Raten;;2026-10-10;https://www.congstar.de/geraete/samsung/samsung-galaxy-a57/
Netzbetreiber;Samsung Galaxy A57 256 GB;Samsung;256;Telekom;;;kein_buendel;;;;Kosten über die Bündellaufzeit;Telekom nicht erfasst: Seite sperrt automatisches Lesen (HTTP 202, 10.10.2026);;
Netzbetreiber;Samsung Galaxy A57 256 GB;Samsung;256;1&1;1&1 All-Net-Flat S;XS;nicht_vergleichbar;;1207,54;953,80;Kosten über die Bündellaufzeit;1&1 wird nur über 24 Monate verglichen.;2026-10-09;https://mobile.1und1.de/flow2/mobile/ssc-private/tariffContractDuration?tariffChangeUrl=%2F%2Fmobile.1und1.de%2Fsamsung-galaxy-a57&optionalPrecedingDocuments=%2F%2Fmobile.1und1.de%2Fsamsung-galaxy-a57&addFlowStates=tradeInAvailable%2CbrandSamsung%2CwatchAvailable%2CstrapsAvailable%2CaskWatch%2ChwDurationsAvailable&traceId=26a0cdaf-244d-4e84-af36-40da03fbf3d7
Netzbetreiber;Google Pixel 11 512 GB;Google;512;congstar;Allnet Flat M;L;vergleichbar;-22,0;1444,00;1851,64;Kosten über 36 Monate · 36 Raten;;2026-10-10;https://www.congstar.de/geraete/google/google-pixel-11/
Netzbetreiber;Google Pixel 11 512 GB;Google;512;congstar;Allnet Flat M;L;vergleichbar;-21,2;1444,00;1833,64;Kosten über 24 Monate · 24 Raten;;2026-10-10;https://www.congstar.de/geraete/google/google-pixel-11/
Netzbetreiber;Google Pixel 11 512 GB;Google;512;congstar;Allnet Flat L;L;vergleichbar;-19,4;1492,00;1851,64;Kosten über 36 Monate · 36 Raten;;2026-10-10;https://www.congstar.de/geraete/google/google-pixel-11/
Netzbetreiber;Google Pixel 11 512 GB;Google;512;congstar;Allnet Flat S;M;vergleichbar;-19,2;1360,00;1683,64;Kosten über 36 Monate · 36 Raten;;2026-10-10;https://www.congstar.de/geraete/google/google-pixel-11/
Netzbetreiber;Google Pixel 11 512 GB;Google;512;congstar;Allnet Flat S;M;vergleichbar;-18,6;1360,00;1671,64;Kosten über 24 Monate · 24 Raten;;2026-10-10;https://www.congstar.de/geraete/google/google-pixel-11/
Netzbetreiber;Google Pixel 11 512 GB;Google;512;congstar;Allnet Flat L;L;vergleichbar;-18,6;1492,00;1833,64;Kosten über 24 Monate · 24 Raten;;2026-10-10;https://www.congstar.de/geraete/google/google-pixel-11/
Netzbetreiber;Google Pixel 11 512 GB;Google;512;congstar;Allnet Flat XS;XS;vergleichbar;-17,6;1276,00;1547,80;Kosten über 24 Monate · 24 Raten;;2026-10-10;https://www.congstar.de/geraete/google/google-pixel-11/
Netzbetreiber;Google Pixel 11 512 GB;Google;512;congstar;Allnet Flat XS;XS;vergleichbar;-17,6;1276,00;1547,80;Kosten über 36 Monate · 36 Raten;;2026-10-10;https://www.congstar.de/geraete/google/google-pixel-11/
Netzbetreiber;Google Pixel 11 512 GB;Google;512;congstar;Allnet Flat M Flex;L;vergleichbar;-5,4;1752,00;1851,64;Kosten über 36 Monate · 36 Raten;;2026-10-10;https://www.congstar.de/geraete/google/google-pixel-11/
Netzbetreiber;Google Pixel 11 512 GB;Google;512;congstar;Allnet Flat M Flex;L;vergleichbar;-4,5;1752,00;1833,64;Kosten über 24 Monate · 24 Raten;;2026-10-10;https://www.congstar.de/geraete/google/google-pixel-11/
Netzbetreiber;Google Pixel 11 512 GB;Google;512;congstar;Allnet Flat S Flex;M;vergleichbar;-3,1;1632,00;1683,64;Kosten über 36 Monate · 36 Raten;;2026-10-10;https://www.congstar.de/geraete/google/google-pixel-11/
Netzbetreiber;Google Pixel 11 512 GB;Google;512;congstar;Allnet Flat S Flex;M;vergleichbar;-2,4;1632,00;1671,64;Kosten über 24 Monate · 24 Raten;;2026-10-10;https://www.congstar.de/geraete/google/google-pixel-11/
Netzbetreiber;Google Pixel 11 512 GB;Google;512;congstar;Allnet Flat XS Flex;XS;vergleichbar;-2,3;1512,00;1547,80;Kosten über 24 Monate · 24 Raten;;2026-10-10;https://www.congstar.de/geraete/google/google-pixel-11/
Netzbetreiber;Google Pixel 11 512 GB;Google;512;congstar;Allnet Flat XS Flex;XS;vergleichbar;-2,3;1512,00;1547,80;Kosten über 36 Monate · 36 Raten;;2026-10-10;https://www.congstar.de/geraete/google/google-pixel-11/
Netzbetreiber;Google Pixel 11 512 GB;Google;512;congstar;Allnet Flat L Flex;L;vergleichbar;1,1;1872,00;1851,64;Kosten über 36 Monate · 36 Raten;;2026-10-10;https://www.congstar.de/geraete/google/google-pixel-11/
Netzbetreiber;Google Pixel 11 512 GB;Google;512;congstar;Allnet Flat L Flex;L;vergleichbar;2,1;1872,00;1833,64;Kosten über 24 Monate · 24 Raten;;2026-10-10;https://www.congstar.de/geraete/google/google-pixel-11/
Netzbetreiber;Google Pixel 11 512 GB;Google;512;Telekom;;;kein_buendel;;;;Kosten über die Bündellaufzeit;Telekom nicht erfasst: Seite sperrt automatisches Lesen (HTTP 202, 10.10.2026);;
Netzbetreiber;Google Pixel 11 512 GB;Google;512;1&1;1&1 All-Net-Flat S;XS;nicht_vergleichbar;;1835,54;1547,80;Kosten über die Bündellaufzeit;1&1 wird nur über 24 Monate verglichen.;2026-10-09;https://mobile.1und1.de/flow2/mobile/ssc-private/tariffContractDuration?tariffChangeUrl=%2F%2Fmobile.1und1.de%2Fgoogle-pixel-11&optionalPrecedingDocuments=%2F%2Fmobile.1und1.de%2Fgoogle-pixel-11&addFlowStates=tradeInAvailable%2CbrandGoogle%2CwatchAvailable%2CaskWatch%2ChwDurationsAvailable&traceId=e9daa52f-2bdb-4dcd-a584-ade4ec2b1b12
Netzbetreiber;Google Pixel 11 512 GB;Google;512;o2;;;kein_buendel;;;;Kosten über die Bündellaufzeit;Für dieses Modell ist bei o2 kein Bündel erhoben.;;
Netzbetreiber;Google Pixel 11 Pro XL 256 GB;Google;256;o2;O2 Mobile Unlimited M Plus mit 100 MBit/s (24 Mon.);XL;vergleichbar;-21,8;1884,76;2409,64;Kosten über 24 Monate · 24 Raten;;2026-10-10;https://www.o2online.de/e-shop/google/google-pixel-11-pro-xl-256gb-canyon-details?ohne-tarif=nein&zielgruppe=privatkunden&ratenzahlung=36&vertragsart=ratenzahlung&tarif=o2-mobile-on-demand-m-plus
Netzbetreiber;Google Pixel 11 Pro XL 256 GB;Google;256;congstar;Allnet Flat M;L;vergleichbar;-21,3;1670,00;2121,64;Kosten über 36 Monate · 36 Raten;;2026-10-10;https://www.congstar.de/geraete/google/google-pixel-11-pro-xl/
Netzbetreiber;Google Pixel 11 Pro XL 256 GB;Google;256;congstar;Allnet Flat M;L;vergleichbar;-20,6;1670,00;2103,64;Kosten über 24 Monate · 24 Raten;;2026-10-10;https://www.congstar.de/geraete/google/google-pixel-11-pro-xl/?paymentVariantBenefits=&planId=540&installmentPlanId=500
Netzbetreiber;Google Pixel 11 Pro XL 256 GB;Google;256;congstar;Allnet Flat L;L;vergleichbar;-17,3;1754,00;2121,64;Kosten über 36 Monate · 36 Raten;;2026-10-10;https://www.congstar.de/geraete/google/google-pixel-11-pro-xl/
Netzbetreiber;Google Pixel 11 Pro XL 256 GB;Google;256;congstar;Allnet Flat L;L;vergleichbar;-16,6;1754,00;2103,64;Kosten über 24 Monate · 24 Raten;;2026-10-10;https://www.congstar.de/geraete/google/google-pixel-11-pro-xl/?paymentVariantBenefits=&planId=545&installmentPlanId=500
Netzbetreiber;Google Pixel 11 Pro XL 256 GB;Google;256;congstar;Allnet Flat S;M;vergleichbar;-15,1;1658,00;1953,64;Kosten über 36 Monate · 36 Raten;;2026-10-10;https://www.congstar.de/geraete/google/google-pixel-11-pro-xl/
Netzbetreiber;Google Pixel 11 Pro XL 256 GB;Google;256;congstar;Allnet Flat S;M;vergleichbar;-14,6;1658,00;1941,64;Kosten über 24 Monate · 24 Raten;;2026-10-10;https://www.congstar.de/geraete/google/google-pixel-11-pro-xl/?paymentVariantBenefits=&planId=560&installmentPlanId=500
Netzbetreiber;Google Pixel 11 Pro XL 256 GB;Google;256;congstar;Allnet Flat XS;XS;vergleichbar;-11,4;1610,00;1817,80;Kosten über 24 Monate · 24 Raten;;2026-10-10;https://www.congstar.de/geraete/google/google-pixel-11-pro-xl/?paymentVariantBenefits=&planId=543&installmentPlanId=500
Netzbetreiber;Google Pixel 11 Pro XL 256 GB;Google;256;congstar;Allnet Flat XS;XS;vergleichbar;-11,4;1610,00;1817,80;Kosten über 36 Monate · 36 Raten;;2026-10-10;https://www.congstar.de/geraete/google/google-pixel-11-pro-xl/
Netzbetreiber;Google Pixel 11 Pro XL 256 GB;Google;256;o2;O2 Mobile L Plus mit 150 GB+ (24 Mon.);L;vergleichbar;-11,2;1884,76;2121,64;Kosten über 36 Monate · 36 Raten;;2026-10-10;https://www.o2online.de/e-shop/google/google-pixel-11-pro-xl-256gb-canyon-details?ohne-tarif=nein&zielgruppe=privatkunden&ratenzahlung=36&vertragsart=ratenzahlung&tarif=o2-mobile-on-demand-m-plus
Netzbetreiber;Google Pixel 11 Pro XL 256 GB;Google;256;o2;O2 Mobile L Plus mit 150 GB+ (24 Mon.);L;vergleichbar;-10,4;1884,76;2103,64;Kosten über 24 Monate · 24 Raten;;2026-10-10;https://www.o2online.de/e-shop/google/google-pixel-11-pro-xl-256gb-canyon-details?ohne-tarif=nein&zielgruppe=privatkunden&ratenzahlung=36&vertragsart=ratenzahlung&tarif=o2-mobile-on-demand-m-plus
Netzbetreiber;Google Pixel 11 Pro XL 256 GB;Google;256;o2;O2 Mobile on Demand M Plus mit 50 GB+ (24 Mon.);M;vergleichbar;-7,6;1804,75;1953,64;Kosten über 36 Monate · 36 Raten;;2026-10-10;https://www.o2online.de/e-shop/google/google-pixel-11-pro-xl-256gb-canyon-details?ohne-tarif=nein&zielgruppe=privatkunden&ratenzahlung=36&vertragsart=ratenzahlung&tarif=o2-mobile-on-demand-m-plus
Netzbetreiber;Google Pixel 11 Pro XL 256 GB;Google;256;o2;O2 Mobile on Demand M Plus mit 50 GB+ (24 Mon.);M;vergleichbar;-7,1;1804,75;1941,64;Kosten über 24 Monate · 24 Raten;;2026-10-10;https://www.o2online.de/e-shop/google/google-pixel-11-pro-xl-256gb-canyon-details?ohne-tarif=nein&zielgruppe=privatkunden&ratenzahlung=36&vertragsart=ratenzahlung&tarif=o2-mobile-on-demand-m-plus
Netzbetreiber;Google Pixel 11 Pro XL 256 GB;Google;256;congstar;Allnet Flat M Flex;L;vergleichbar;-6,8;1978,00;2121,64;Kosten über 36 Monate · 36 Raten;;2026-10-10;https://www.congstar.de/geraete/google/google-pixel-11-pro-xl/
Netzbetreiber;Google Pixel 11 Pro XL 256 GB;Google;256;congstar;Allnet Flat M Flex;L;vergleichbar;-6,0;1978,00;2103,64;Kosten über 24 Monate · 24 Raten;;2026-10-10;https://www.congstar.de/geraete/google/google-pixel-11-pro-xl/
Netzbetreiber;Google Pixel 11 Pro XL 256 GB;Google;256;congstar;Allnet Flat S Flex;M;vergleichbar;-4,9;1858,00;1953,64;Kosten über 36 Monate · 36 Raten;;2026-10-10;https://www.congstar.de/geraete/google/google-pixel-11-pro-xl/
Netzbetreiber;Google Pixel 11 Pro XL 256 GB;Google;256;congstar;Allnet Flat XS Flex;XS;vergleichbar;-4,4;1738,00;1817,80;Kosten über 24 Monate · 24 Raten;;2026-10-10;https://www.congstar.de/geraete/google/google-pixel-11-pro-xl/
Netzbetreiber;Google Pixel 11 Pro XL 256 GB;Google;256;congstar;Allnet Flat XS Flex;XS;vergleichbar;-4,4;1738,00;1817,80;Kosten über 36 Monate · 36 Raten;;2026-10-10;https://www.congstar.de/geraete/google/google-pixel-11-pro-xl/
Netzbetreiber;Google Pixel 11 Pro XL 256 GB;Google;256;congstar;Allnet Flat S Flex;M;vergleichbar;-4,3;1858,00;1941,64;Kosten über 24 Monate · 24 Raten;;2026-10-10;https://www.congstar.de/geraete/google/google-pixel-11-pro-xl/
Netzbetreiber;Google Pixel 11 Pro XL 256 GB;Google;256;congstar;Allnet Flat L Flex;L;vergleichbar;-1,1;2098,00;2121,64;Kosten über 36 Monate · 36 Raten;;2026-10-10;https://www.congstar.de/geraete/google/google-pixel-11-pro-xl/
Netzbetreiber;Google Pixel 11 Pro XL 256 GB;Google;256;congstar;Allnet Flat L Flex;L;vergleichbar;-0,3;2098,00;2103,64;Kosten über 24 Monate · 24 Raten;;2026-10-10;https://www.congstar.de/geraete/google/google-pixel-11-pro-xl/
Netzbetreiber;Google Pixel 11 Pro XL 256 GB;Google;256;Telekom;MagentaMobil XS;XS;vergleichbar;9,8;1995,35;1817,80;Kosten über 36 Monate · 36 Raten;;2026-10-10;https://www.telekom.de/shop/geraet/google/google-pixel-11-pro-xl/obsidian-256-gb?sortBy=popularityIndex&currentPage=3&tariffId=MF_17779&itemPerPage=24&excludedCurrentPage=1&forwardTradeInApplied=false&bp=acquisition&categoryId=smartphones
Netzbetreiber;Google Pixel 11 Pro XL 256 GB;Google;256;Telekom;MagentaMobil S;S;vergleichbar;11,9;2235,35;1997,80;Kosten über 36 Monate · 36 Raten;;2026-10-10;https://www.telekom.de/shop/geraet/google/google-pixel-11-pro-xl/obsidian-256-gb?sortBy=popularityIndex&currentPage=3&tariffId=MF_17785&itemPerPage=24&excludedCurrentPage=1&forwardTradeInApplied=false&bp=acquisition&categoryId=smartphones
Netzbetreiber;Google Pixel 11 Pro XL 256 GB;Google;256;Telekom;MagentaMobil L;L;vergleichbar;16,8;2477,75;2121,64;Kosten über 36 Monate · 36 Raten;;2026-10-10;https://www.telekom.de/shop/geraet/google/google-pixel-11-pro-xl/obsidian-256-gb?sortBy=popularityIndex&currentPage=3&tariffId=MF_17797&itemPerPage=24&excludedCurrentPage=1&forwardTradeInApplied=false&bp=acquisition&categoryId=smartphones
Netzbetreiber;Google Pixel 11 Pro XL 256 GB;Google;256;Telekom;MagentaMobil M;M;vergleichbar;21,5;2374,55;1953,64;Kosten über 36 Monate · 36 Raten;;2026-10-10;https://www.telekom.de/shop/geraet/google/google-pixel-11-pro-xl/obsidian-256-gb?sortBy=popularityIndex&currentPage=3&tariffId=MF_17791&itemPerPage=24&excludedCurrentPage=1&forwardTradeInApplied=false&bp=acquisition&categoryId=smartphones
Netzbetreiber;Google Pixel 11 Pro XL 256 GB;Google;256;Telekom;MagentaMobil XL;XL;vergleichbar;23,3;3016,55;2445,64;Kosten über 36 Monate · 36 Raten;;2026-10-10;https://www.telekom.de/shop/geraet/google/google-pixel-11-pro-xl/obsidian-256-gb?sortBy=popularityIndex&currentPage=3&tariffId=MF_17803&itemPerPage=24&excludedCurrentPage=1&forwardTradeInApplied=false&bp=acquisition&categoryId=smartphones
Netzbetreiber;Google Pixel 11 Pro XL 256 GB;Google;256;1&1;1&1 All-Net-Flat S;XS;nicht_vergleichbar;;2315,54;1817,80;Kosten über die Bündellaufzeit;1&1 wird nur über 24 Monate verglichen.;2026-10-09;https://mobile.1und1.de/flow2/mobile/ssc-private/tariffContractDuration?tariffChangeUrl=%2F%2Fmobile.1und1.de%2Fgoogle-pixel-11-pro-xl&optionalPrecedingDocuments=%2F%2Fmobile.1und1.de%2Fgoogle-pixel-11-pro-xl&addFlowStates=tradeInAvailable%2CbrandGoogle%2CwatchAvailable%2CaskWatch%2ChwDurationsAvailable&traceId=5705d5d8-f96d-4a71-8f00-59f60f5c2e7e
Netzbetreiber;Google Pixel 11 Pro Fold 256 GB;Google;256;o2;O2 Mobile Unlimited M Plus mit 100 MBit/s (24 Mon.);XL;vergleichbar;-21,4;2460,76;3129,64;Kosten über 24 Monate · 24 Raten;;2026-10-10;https://www.o2online.de/e-shop/google/google-pixel-11-pro-fold-256gb-olive-details?ohne-tarif=nein&zielgruppe=privatkunden&ratenzahlung=36&vertragsart=ratenzahlung&tarif=o2-mobile-on-demand-m-plus
Netzbetreiber;Google Pixel 11 Pro Fold 256 GB;Google;256;o2;O2 Mobile L Plus mit 150 GB+ (24 Mon.);L;vergleichbar;-13,4;2460,76;2841,64;Kosten über 36 Monate · 36 Raten;;2026-10-10;https://www.o2online.de/e-shop/google/google-pixel-11-pro-fold-256gb-olive-details?ohne-tarif=nein&zielgruppe=privatkunden&ratenzahlung=36&vertragsart=ratenzahlung&tarif=o2-mobile-on-demand-m-plus
Netzbetreiber;Google Pixel 11 Pro Fold 256 GB;Google;256;o2;O2 Mobile L Plus mit 150 GB+ (24 Mon.);L;vergleichbar;-12,9;2460,76;2823,64;Kosten über 24 Monate · 24 Raten;;2026-10-10;https://www.o2online.de/e-shop/google/google-pixel-11-pro-fold-256gb-olive-details?ohne-tarif=nein&zielgruppe=privatkunden&ratenzahlung=36&vertragsart=ratenzahlung&tarif=o2-mobile-on-demand-m-plus
Netzbetreiber;Google Pixel 11 Pro Fold 256 GB;Google;256;o2;O2 Mobile on Demand M Plus mit 50 GB+ (24 Mon.);M;vergleichbar;-11,0;2380,75;2673,64;Kosten über 36 Monate · 36 Raten;;2026-10-10;https://www.o2online.de/e-shop/google/google-pixel-11-pro-fold-256gb-olive-details?ohne-tarif=nein&zielgruppe=privatkunden&ratenzahlung=36&vertragsart=ratenzahlung&tarif=o2-mobile-on-demand-m-plus
Netzbetreiber;Google Pixel 11 Pro Fold 256 GB;Google;256;o2;O2 Mobile on Demand M Plus mit 50 GB+ (24 Mon.);M;vergleichbar;-10,6;2380,75;2661,64;Kosten über 24 Monate · 24 Raten;;2026-10-10;https://www.o2online.de/e-shop/google/google-pixel-11-pro-fold-256gb-olive-details?ohne-tarif=nein&zielgruppe=privatkunden&ratenzahlung=36&vertragsart=ratenzahlung&tarif=o2-mobile-on-demand-m-plus
Netzbetreiber;Google Pixel 11 Pro Fold 256 GB;Google;256;Telekom;MagentaMobil XS;XS;vergleichbar;1,5;2576,95;2537,80;Kosten über 36 Monate · 36 Raten;;2026-10-10;https://www.telekom.de/shop/geraet/google/google-pixel-11-pro-fold/obsidian-256-gb?sortBy=popularityIndex&currentPage=3&tariffId=MF_17779&itemPerPage=24&excludedCurrentPage=1&forwardTradeInApplied=false&bp=acquisition&categoryId=smartphones
Netzbetreiber;Google Pixel 11 Pro Fold 256 GB;Google;256;Telekom;MagentaMobil S;S;vergleichbar;3,6;2816,95;2717,80;Kosten über 36 Monate · 36 Raten;;2026-10-10;https://www.telekom.de/shop/geraet/google/google-pixel-11-pro-fold/obsidian-256-gb?sortBy=popularityIndex&currentPage=3&tariffId=MF_17785&itemPerPage=24&excludedCurrentPage=1&forwardTradeInApplied=false&bp=acquisition&categoryId=smartphones
Netzbetreiber;Google Pixel 11 Pro Fold 256 GB;Google;256;Telekom;MagentaMobil L;L;vergleichbar;8,9;3095,35;2841,64;Kosten über 36 Monate · 36 Raten;;2026-10-10;https://www.telekom.de/shop/geraet/google/google-pixel-11-pro-fold/obsidian-256-gb?sortBy=popularityIndex&currentPage=3&tariffId=MF_17797&itemPerPage=24&excludedCurrentPage=1&forwardTradeInApplied=false&bp=acquisition&categoryId=smartphones
Netzbetreiber;Google Pixel 11 Pro Fold 256 GB;Google;256;Telekom;MagentaMobil M;M;vergleichbar;10,6;2956,15;2673,64;Kosten über 36 Monate · 36 Raten;;2026-10-10;https://www.telekom.de/shop/geraet/google/google-pixel-11-pro-fold/obsidian-256-gb?sortBy=popularityIndex&currentPage=3&tariffId=MF_17791&itemPerPage=24&excludedCurrentPage=1&forwardTradeInApplied=false&bp=acquisition&categoryId=smartphones
Netzbetreiber;Google Pixel 11 Pro Fold 256 GB;Google;256;Telekom;MagentaMobil XL;XL;vergleichbar;13,5;3594,55;3165,64;Kosten über 36 Monate · 36 Raten;;2026-10-10;https://www.telekom.de/shop/geraet/google/google-pixel-11-pro-fold/obsidian-256-gb?sortBy=popularityIndex&currentPage=3&tariffId=MF_17803&itemPerPage=24&excludedCurrentPage=1&forwardTradeInApplied=false&bp=acquisition&categoryId=smartphones
Netzbetreiber;Google Pixel 11 Pro Fold 256 GB;Google;256;1&1;1&1 All-Net-Flat S;XS;nicht_vergleichbar;;3127,54;2537,80;Kosten über die Bündellaufzeit;1&1 wird nur über 24 Monate verglichen.;2026-10-09;https://mobile.1und1.de/flow2/mobile/ssc-private/tariffContractDuration?tariffChangeUrl=%2F%2Fmobile.1und1.de%2Fgoogle-pixel-11-pro-fold&optionalPrecedingDocuments=%2F%2Fmobile.1und1.de%2Fgoogle-pixel-11-pro-fold&addFlowStates=tradeInAvailable%2CbrandGoogle%2CwatchAvailable%2CaskWatch%2ChwDurationsAvailable&traceId=7c855cf1-11af-4f89-9766-fbb44d77242c
Netzbetreiber;Samsung Galaxy S26 Ultra 256 GB;Samsung;256;o2;O2 Mobile Unlimited M Plus mit 100 MBit/s (24 Mon.);XL;vergleichbar;-20,6;1926,76;2427,64;Kosten über 36 Monate · 36 Raten;;2026-10-10;https://www.o2online.de/e-shop/samsung/samsung-galaxy-s26-ultra-256gb-cobalt-violet-details?ohne-tarif=nein&zielgruppe=privatkunden&ratenzahlung=36&vertragsart=ratenzahlung&tarif=o2-mobile-unlimited-m-plus
Netzbetreiber;Samsung Galaxy S26 Ultra 256 GB;Samsung;256;o2;O2 Mobile Unlimited M Plus mit 100 MBit/s (24 Mon.);XL;vergleichbar;-18,9;1938,76;2391,64;Kosten über 24 Monate · 24 Raten;;2026-10-09;https://www.o2online.de/e-shop/samsung/samsung-galaxy-s26-ultra-256gb-cobalt-violet-details?ohne-tarif=nein&zielgruppe=privatkunden&ratenzahlung=36&vertragsart=ratenzahlung&tarif=o2-mobile-unlimited-m-plus
Netzbetreiber;Samsung Galaxy S26 Ultra 256 GB;Samsung;256;o2;O2 Mobile Unlimited S Special Plus mit 15 MBit/s (24 Mon.);XL;vergleichbar;-17,3;1978,75;2391,64;Kosten über 24 Monate · 24 Raten;;2026-10-08;https://www.o2online.de/e-shop/samsung/samsung-galaxy-s26-ultra-256gb-cobalt-violet-details?ohne-tarif=nein&zielgruppe=privatkunden&ratenzahlung=36&vertragsart=ratenzahlung&tarif=o2-mobile-unlimited-m-plus
Netzbetreiber;Samsung Galaxy S26 Ultra 256 GB;Samsung;256;congstar;Allnet Flat L;L;vergleichbar;-16,6;1754,00;2103,64;Kosten über 36 Monate · 36 Raten;;2026-10-10;https://www.congstar.de/geraete/samsung/samsung-galaxy-s26-ultra/
Netzbetreiber;Samsung Galaxy S26 Ultra 256 GB;Samsung;256;congstar;Allnet Flat L;L;vergleichbar;-15,9;1754,00;2085,64;Kosten über 24 Monate · 24 Raten;;2026-10-10;https://www.congstar.de/geraete/samsung/samsung-galaxy-s26-ultra/?paymentVariantBenefits=&planId=545&installmentPlanId=500
Netzbetreiber;Samsung Galaxy S26 Ultra 256 GB;Samsung;256;congstar;Allnet Flat M;L;vergleichbar;-15,5;1778,00;2103,64;Kosten über 36 Monate · 36 Raten;;2026-10-10;https://www.congstar.de/geraete/samsung/samsung-galaxy-s26-ultra/
Netzbetreiber;Samsung Galaxy S26 Ultra 256 GB;Samsung;256;congstar;Allnet Flat M;L;vergleichbar;-14,8;1778,00;2085,64;Kosten über 24 Monate · 24 Raten;;2026-10-10;https://www.congstar.de/geraete/samsung/samsung-galaxy-s26-ultra/?paymentVariantBenefits=&planId=540&installmentPlanId=500
Netzbetreiber;Samsung Galaxy S26 Ultra 256 GB;Samsung;256;congstar;Allnet Flat S;M;vergleichbar;-14,3;1658,00;1935,64;Kosten über 36 Monate · 36 Raten;;2026-10-10;https://www.congstar.de/geraete/samsung/samsung-galaxy-s26-ultra/
Netzbetreiber;Samsung Galaxy S26 Ultra 256 GB;Samsung;256;congstar;Allnet Flat S;M;vergleichbar;-13,8;1658,00;1923,64;Kosten über 24 Monate · 24 Raten;;2026-10-10;https://www.congstar.de/geraete/samsung/samsung-galaxy-s26-ultra/?paymentVariantBenefits=&planId=560&installmentPlanId=500
Netzbetreiber;Samsung Galaxy S26 Ultra 256 GB;Samsung;256;o2;O2 Mobile L Plus mit 150 GB+ (24 Mon.);L;vergleichbar;-7,0;1938,76;2085,64;Kosten über 24 Monate · 24 Raten;;2026-10-09;https://www.o2online.de/e-shop/samsung/samsung-galaxy-s26-ultra-256gb-cobalt-violet-details?ohne-tarif=nein&zielgruppe=privatkunden&ratenzahlung=36&vertragsart=ratenzahlung&tarif=o2-mobile-unlimited-m-plus
Netzbetreiber;Samsung Galaxy S26 Ultra 256 GB;Samsung;256;congstar;Allnet Flat XS;XS;vergleichbar;-6,5;1682,00;1799,80;Kosten über 24 Monate · 24 Raten;;2026-10-10;https://www.congstar.de/geraete/samsung/samsung-galaxy-s26-ultra/?paymentVariantBenefits=&planId=543&installmentPlanId=500
Netzbetreiber;Samsung Galaxy S26 Ultra 256 GB;Samsung;256;congstar;Allnet Flat XS;XS;vergleichbar;-6,5;1682,00;1799,80;Kosten über 36 Monate · 36 Raten;;2026-10-10;https://www.congstar.de/geraete/samsung/samsung-galaxy-s26-ultra/
Netzbetreiber;Samsung Galaxy S26 Ultra 256 GB;Samsung;256;congstar;Allnet Flat M Flex;L;vergleichbar;-4,3;2014,00;2103,64;Kosten über 36 Monate · 36 Raten;;2026-10-10;https://www.congstar.de/geraete/samsung/samsung-galaxy-s26-ultra/
Netzbetreiber;Samsung Galaxy S26 Ultra 256 GB;Samsung;256;o2;O2 Mobile on Demand M Plus mit 50 GB+ (24 Mon.);M;vergleichbar;-3,4;1858,75;1923,64;Kosten über 24 Monate · 24 Raten;;2026-10-09;https://www.o2online.de/e-shop/samsung/samsung-galaxy-s26-ultra-256gb-cobalt-violet-details?ohne-tarif=nein&zielgruppe=privatkunden&ratenzahlung=36&vertragsart=ratenzahlung&tarif=o2-mobile-unlimited-m-plus
Netzbetreiber;Samsung Galaxy S26 Ultra 256 GB;Samsung;256;congstar;Allnet Flat M Flex;L;vergleichbar;-3,4;2014,00;2085,64;Kosten über 24 Monate · 24 Raten;;2026-10-10;https://www.congstar.de/geraete/samsung/samsung-galaxy-s26-ultra/
Netzbetreiber;Samsung Galaxy S26 Ultra 256 GB;Samsung;256;congstar;Allnet Flat S Flex;M;vergleichbar;-2,2;1894,00;1935,64;Kosten über 36 Monate · 36 Raten;;2026-10-10;https://www.congstar.de/geraete/samsung/samsung-galaxy-s26-ultra/
Netzbetreiber;Samsung Galaxy S26 Ultra 256 GB;Samsung;256;congstar;Allnet Flat S Flex;M;vergleichbar;-1,5;1894,00;1923,64;Kosten über 24 Monate · 24 Raten;;2026-10-10;https://www.congstar.de/geraete/samsung/samsung-galaxy-s26-ultra/
Netzbetreiber;Samsung Galaxy S26 Ultra 256 GB;Samsung;256;congstar;Allnet Flat XS Flex;XS;vergleichbar;-1,4;1774,00;1799,80;Kosten über 24 Monate · 24 Raten;;2026-10-10;https://www.congstar.de/geraete/samsung/samsung-galaxy-s26-ultra/
Netzbetreiber;Samsung Galaxy S26 Ultra 256 GB;Samsung;256;congstar;Allnet Flat XS Flex;XS;vergleichbar;-1,4;1774,00;1799,80;Kosten über 36 Monate · 36 Raten;;2026-10-10;https://www.congstar.de/geraete/samsung/samsung-galaxy-s26-ultra/
Netzbetreiber;Samsung Galaxy S26 Ultra 256 GB;Samsung;256;congstar;Allnet Flat L Flex;L;vergleichbar;1,4;2134,00;2103,64;Kosten über 36 Monate · 36 Raten;;2026-10-10;https://www.congstar.de/geraete/samsung/samsung-galaxy-s26-ultra/
Netzbetreiber;Samsung Galaxy S26 Ultra 256 GB;Samsung;256;congstar;Allnet Flat L Flex;L;vergleichbar;2,3;2134,00;2085,64;Kosten über 24 Monate · 24 Raten;;2026-10-10;https://www.congstar.de/geraete/samsung/samsung-galaxy-s26-ultra/
Netzbetreiber;Samsung Galaxy S26 Ultra 256 GB;Samsung;256;Telekom;MagentaMobil XS;XS;vergleichbar;22,6;2206,95;1799,80;Kosten über 36 Monate · 36 Raten;;2026-10-10;https://www.telekom.de/shop/geraet/samsung/samsung-galaxy-s26-ultra/sky-blue-256-gb?sortBy=popularityIndex&currentPage=3&tariffId=MF_17779&itemPerPage=24&excludedCurrentPage=1&forwardTradeInApplied=false&bp=acquisition&categoryId=smartphones
Netzbetreiber;Samsung Galaxy S26 Ultra 256 GB;Samsung;256;Telekom;MagentaMobil S;S;vergleichbar;23,6;2446,95;1979,80;Kosten über 36 Monate · 36 Raten;;2026-10-10;https://www.telekom.de/shop/geraet/samsung/samsung-galaxy-s26-ultra/sky-blue-256-gb?sortBy=popularityIndex&currentPage=3&tariffId=MF_17785&itemPerPage=24&excludedCurrentPage=1&forwardTradeInApplied=false&bp=acquisition&categoryId=smartphones
Netzbetreiber;Samsung Galaxy S26 Ultra 256 GB;Samsung;256;Telekom;MagentaMobil L;L;vergleichbar;29,6;2726,15;2103,64;Kosten über 36 Monate · 36 Raten;;2026-10-10;https://www.telekom.de/shop/geraet/samsung/samsung-galaxy-s26-ultra/sky-blue-256-gb?sortBy=popularityIndex&currentPage=3&tariffId=MF_17797&itemPerPage=24&excludedCurrentPage=1&forwardTradeInApplied=false&bp=acquisition&categoryId=smartphones
Netzbetreiber;Samsung Galaxy S26 Ultra 256 GB;Samsung;256;Telekom;MagentaMobil XL;XL;vergleichbar;32,9;3225,35;2427,64;Kosten über 36 Monate · 36 Raten;;2026-10-10;https://www.telekom.de/shop/geraet/samsung/samsung-galaxy-s26-ultra/sky-blue-256-gb?sortBy=popularityIndex&currentPage=3&tariffId=MF_17803&itemPerPage=24&excludedCurrentPage=1&forwardTradeInApplied=false&bp=acquisition&categoryId=smartphones
Netzbetreiber;Samsung Galaxy S26 Ultra 256 GB;Samsung;256;Telekom;MagentaMobil M;M;vergleichbar;33,6;2586,15;1935,64;Kosten über 36 Monate · 36 Raten;;2026-10-10;https://www.telekom.de/shop/geraet/samsung/samsung-galaxy-s26-ultra/sky-blue-256-gb?sortBy=popularityIndex&currentPage=3&tariffId=MF_17791&itemPerPage=24&excludedCurrentPage=1&forwardTradeInApplied=false&bp=acquisition&categoryId=smartphones
Netzbetreiber;Samsung Galaxy S26 Ultra 256 GB;Samsung;256;1&1;1&1 All-Net-Flat S;XS;nicht_vergleichbar;;1927,54;1799,80;Kosten über die Bündellaufzeit;1&1 wird nur über 24 Monate verglichen.;2026-10-09;https://mobile.1und1.de/flow2/mobile/ssc-private/tariffContractDuration?tariffChangeUrl=%2F%2Fmobile.1und1.de%2Fsamsung-galaxy-s26-ultra&optionalPrecedingDocuments=%2F%2Fmobile.1und1.de%2Fsamsung-galaxy-s26-ultra&addFlowStates=tradeInAvailable%2CbrandSamsung%2CsamsungS26Series%2CwatchAvailable%2CstrapsAvailable%2CaskWatch%2ChwDurationsAvailable&traceId=0c697d5a-f441-4d40-902f-c43a6178872f
Netzbetreiber;Samsung Galaxy S26 Ultra 256 GB;Samsung;256;congstar;Allnet Flat XS;XS;nicht_vergleichbar;;1288,00;1799,80;Kosten über die Bündellaufzeit;congstar führt für dieses Gerät nur ein erneuert Gerät – kein Vergleich gegen ein Neugerät.;2026-10-10;https://www.congstar.de/geraete/samsung/samsung-galaxy-s26-ultra-zustand-wie-neu/
Netzbetreiber;Samsung Galaxy S26 Ultra 256 GB;Samsung;256;congstar;Allnet Flat XS Flex;XS;nicht_vergleichbar;;1308,00;1799,80;Kosten über die Bündellaufzeit;congstar führt für dieses Gerät nur ein erneuert Gerät – kein Vergleich gegen ein Neugerät.;2026-10-10;https://www.congstar.de/geraete/samsung/samsung-galaxy-s26-ultra-zustand-wie-neu/
Netzbetreiber;Samsung Galaxy S26 Ultra 256 GB;Samsung;256;congstar;Allnet Flat XS;XS;nicht_vergleichbar;;1288,00;1799,80;Kosten über die Bündellaufzeit;congstar führt für dieses Gerät nur ein erneuert Gerät – kein Vergleich gegen ein Neugerät.;2026-10-10;https://www.congstar.de/geraete/samsung/samsung-galaxy-s26-ultra-zustand-wie-neu/
Netzbetreiber;Samsung Galaxy S26 Ultra 256 GB;Samsung;256;congstar;Allnet Flat XS Flex;XS;nicht_vergleichbar;;1308,00;1799,80;Kosten über die Bündellaufzeit;congstar führt für dieses Gerät nur ein erneuert Gerät – kein Vergleich gegen ein Neugerät.;2026-10-10;https://www.congstar.de/geraete/samsung/samsung-galaxy-s26-ultra-zustand-wie-neu/
Netzbetreiber;Samsung Galaxy S26 Ultra 256 GB;Samsung;256;congstar;Allnet Flat S;M;nicht_vergleichbar;;1408,00;1923,64;Kosten über die Bündellaufzeit;congstar führt für dieses Gerät nur ein erneuert Gerät – kein Vergleich gegen ein Neugerät.;2026-10-10;https://www.congstar.de/geraete/samsung/samsung-galaxy-s26-ultra-zustand-wie-neu/
Netzbetreiber;Samsung Galaxy S26 Ultra 256 GB;Samsung;256;congstar;Allnet Flat S Flex;M;nicht_vergleichbar;;1428,00;1923,64;Kosten über die Bündellaufzeit;congstar führt für dieses Gerät nur ein erneuert Gerät – kein Vergleich gegen ein Neugerät.;2026-10-10;https://www.congstar.de/geraete/samsung/samsung-galaxy-s26-ultra-zustand-wie-neu/
Netzbetreiber;Samsung Galaxy S26 Ultra 256 GB;Samsung;256;congstar;Allnet Flat S;M;nicht_vergleichbar;;1408,00;1935,64;Kosten über die Bündellaufzeit;congstar führt für dieses Gerät nur ein erneuert Gerät – kein Vergleich gegen ein Neugerät.;2026-10-10;https://www.congstar.de/geraete/samsung/samsung-galaxy-s26-ultra-zustand-wie-neu/
Netzbetreiber;Samsung Galaxy S26 Ultra 256 GB;Samsung;256;congstar;Allnet Flat S Flex;M;nicht_vergleichbar;;1428,00;1935,64;Kosten über die Bündellaufzeit;congstar führt für dieses Gerät nur ein erneuert Gerät – kein Vergleich gegen ein Neugerät.;2026-10-10;https://www.congstar.de/geraete/samsung/samsung-galaxy-s26-ultra-zustand-wie-neu/
Netzbetreiber;Samsung Galaxy S26 Ultra 256 GB;Samsung;256;congstar;Allnet Flat M;L;nicht_vergleichbar;;1528,00;2085,64;Kosten über die Bündellaufzeit;congstar führt für dieses Gerät nur ein erneuert Gerät – kein Vergleich gegen ein Neugerät.;2026-10-10;https://www.congstar.de/geraete/samsung/samsung-galaxy-s26-ultra-zustand-wie-neu/
Netzbetreiber;Samsung Galaxy S26 Ultra 256 GB;Samsung;256;congstar;Allnet Flat M Flex;L;nicht_vergleichbar;;1548,00;2085,64;Kosten über die Bündellaufzeit;congstar führt für dieses Gerät nur ein erneuert Gerät – kein Vergleich gegen ein Neugerät.;2026-10-10;https://www.congstar.de/geraete/samsung/samsung-galaxy-s26-ultra-zustand-wie-neu/
Netzbetreiber;Samsung Galaxy S26 Ultra 256 GB;Samsung;256;congstar;Allnet Flat L;L;nicht_vergleichbar;;1648,00;2085,64;Kosten über die Bündellaufzeit;congstar führt für dieses Gerät nur ein erneuert Gerät – kein Vergleich gegen ein Neugerät.;2026-10-10;https://www.congstar.de/geraete/samsung/samsung-galaxy-s26-ultra-zustand-wie-neu/
Netzbetreiber;Samsung Galaxy S26 Ultra 256 GB;Samsung;256;congstar;Allnet Flat L Flex;L;nicht_vergleichbar;;1668,00;2085,64;Kosten über die Bündellaufzeit;congstar führt für dieses Gerät nur ein erneuert Gerät – kein Vergleich gegen ein Neugerät.;2026-10-10;https://www.congstar.de/geraete/samsung/samsung-galaxy-s26-ultra-zustand-wie-neu/
Netzbetreiber;Samsung Galaxy S26 Ultra 256 GB;Samsung;256;congstar;Allnet Flat M;L;nicht_vergleichbar;;1528,00;2103,64;Kosten über die Bündellaufzeit;congstar führt für dieses Gerät nur ein erneuert Gerät – kein Vergleich gegen ein Neugerät.;2026-10-10;https://www.congstar.de/geraete/samsung/samsung-galaxy-s26-ultra-zustand-wie-neu/
Netzbetreiber;Samsung Galaxy S26 Ultra 256 GB;Samsung;256;congstar;Allnet Flat M Flex;L;nicht_vergleichbar;;1548,00;2103,64;Kosten über die Bündellaufzeit;congstar führt für dieses Gerät nur ein erneuert Gerät – kein Vergleich gegen ein Neugerät.;2026-10-10;https://www.congstar.de/geraete/samsung/samsung-galaxy-s26-ultra-zustand-wie-neu/
Netzbetreiber;Samsung Galaxy S26 Ultra 256 GB;Samsung;256;congstar;Allnet Flat L;L;nicht_vergleichbar;;1648,00;2103,64;Kosten über die Bündellaufzeit;congstar führt für dieses Gerät nur ein erneuert Gerät – kein Vergleich gegen ein Neugerät.;2026-10-10;https://www.congstar.de/geraete/samsung/samsung-galaxy-s26-ultra-zustand-wie-neu/
Netzbetreiber;Samsung Galaxy S26 Ultra 256 GB;Samsung;256;congstar;Allnet Flat L Flex;L;nicht_vergleichbar;;1668,00;2103,64;Kosten über die Bündellaufzeit;congstar führt für dieses Gerät nur ein erneuert Gerät – kein Vergleich gegen ein Neugerät.;2026-10-10;https://www.congstar.de/geraete/samsung/samsung-galaxy-s26-ultra-zustand-wie-neu/
Netzbetreiber;Google Pixel 11 Pro XL 512 GB;Google;512;congstar;Allnet Flat M;L;vergleichbar;-20,4;1788,00;2247,64;Kosten über 36 Monate · 36 Raten;;2026-10-10;https://www.congstar.de/geraete/google/google-pixel-11-pro-xl/
Netzbetreiber;Google Pixel 11 Pro XL 512 GB;Google;512;congstar;Allnet Flat M;L;vergleichbar;-19,8;1788,00;2229,64;Kosten über 24 Monate · 24 Raten;;2026-10-10;https://www.congstar.de/geraete/google/google-pixel-11-pro-xl/
Netzbetreiber;Google Pixel 11 Pro XL 512 GB;Google;512;congstar;Allnet Flat L;L;vergleichbar;-16,7;1872,00;2247,64;Kosten über 36 Monate · 36 Raten;;2026-10-10;https://www.congstar.de/geraete/google/google-pixel-11-pro-xl/
Netzbetreiber;Google Pixel 11 Pro XL 512 GB;Google;512;congstar;Allnet Flat L;L;vergleichbar;-16,0;1872,00;2229,64;Kosten über 24 Monate · 24 Raten;;2026-10-10;https://www.congstar.de/geraete/google/google-pixel-11-pro-xl/
Netzbetreiber;Google Pixel 11 Pro XL 512 GB;Google;512;congstar;Allnet Flat S;M;vergleichbar;-14,6;1776,00;2079,64;Kosten über 36 Monate · 36 Raten;;2026-10-10;https://www.congstar.de/geraete/google/google-pixel-11-pro-xl/
Netzbetreiber;Google Pixel 11 Pro XL 512 GB;Google;512;congstar;Allnet Flat S;M;vergleichbar;-14,1;1776,00;2067,64;Kosten über 24 Monate · 24 Raten;;2026-10-10;https://www.congstar.de/geraete/google/google-pixel-11-pro-xl/
Netzbetreiber;Google Pixel 11 Pro XL 512 GB;Google;512;congstar;Allnet Flat XS;XS;vergleichbar;-11,1;1728,00;1943,80;Kosten über 24 Monate · 24 Raten;;2026-10-10;https://www.congstar.de/geraete/google/google-pixel-11-pro-xl/
Netzbetreiber;Google Pixel 11 Pro XL 512 GB;Google;512;congstar;Allnet Flat XS;XS;vergleichbar;-11,1;1728,00;1943,80;Kosten über 36 Monate · 36 Raten;;2026-10-10;https://www.congstar.de/geraete/google/google-pixel-11-pro-xl/
Netzbetreiber;Google Pixel 11 Pro XL 512 GB;Google;512;congstar;Allnet Flat M Flex;L;vergleichbar;-7,5;2078,00;2247,64;Kosten über 36 Monate · 36 Raten;;2026-10-10;https://www.congstar.de/geraete/google/google-pixel-11-pro-xl/
Netzbetreiber;Google Pixel 11 Pro XL 512 GB;Google;512;congstar;Allnet Flat M Flex;L;vergleichbar;-6,8;2078,00;2229,64;Kosten über 24 Monate · 24 Raten;;2026-10-10;https://www.congstar.de/geraete/google/google-pixel-11-pro-xl/
Netzbetreiber;Google Pixel 11 Pro XL 512 GB;Google;512;congstar;Allnet Flat S Flex;M;vergleichbar;-5,8;1958,00;2079,64;Kosten über 36 Monate · 36 Raten;;2026-10-10;https://www.congstar.de/geraete/google/google-pixel-11-pro-xl/
Netzbetreiber;Google Pixel 11 Pro XL 512 GB;Google;512;congstar;Allnet Flat XS Flex;XS;vergleichbar;-5,4;1838,00;1943,80;Kosten über 24 Monate · 24 Raten;;2026-10-10;https://www.congstar.de/geraete/google/google-pixel-11-pro-xl/
Netzbetreiber;Google Pixel 11 Pro XL 512 GB;Google;512;congstar;Allnet Flat XS Flex;XS;vergleichbar;-5,4;1838,00;1943,80;Kosten über 36 Monate · 36 Raten;;2026-10-10;https://www.congstar.de/geraete/google/google-pixel-11-pro-xl/
Netzbetreiber;Google Pixel 11 Pro XL 512 GB;Google;512;congstar;Allnet Flat S Flex;M;vergleichbar;-5,3;1958,00;2067,64;Kosten über 24 Monate · 24 Raten;;2026-10-10;https://www.congstar.de/geraete/google/google-pixel-11-pro-xl/
Netzbetreiber;Google Pixel 11 Pro XL 512 GB;Google;512;congstar;Allnet Flat L Flex;L;vergleichbar;-2,2;2198,00;2247,64;Kosten über 36 Monate · 36 Raten;;2026-10-10;https://www.congstar.de/geraete/google/google-pixel-11-pro-xl/
Netzbetreiber;Google Pixel 11 Pro XL 512 GB;Google;512;congstar;Allnet Flat L Flex;L;vergleichbar;-1,4;2198,00;2229,64;Kosten über 24 Monate · 24 Raten;;2026-10-10;https://www.congstar.de/geraete/google/google-pixel-11-pro-xl/
Netzbetreiber;Google Pixel 11 Pro XL 512 GB;Google;512;Telekom;;;kein_buendel;;;;Kosten über die Bündellaufzeit;Telekom nicht erfasst: Seite sperrt automatisches Lesen (HTTP 202, 10.10.2026);;
Netzbetreiber;Google Pixel 11 Pro XL 512 GB;Google;512;1&1;1&1 All-Net-Flat S;XS;nicht_vergleichbar;;2453,54;1943,80;Kosten über die Bündellaufzeit;1&1 wird nur über 24 Monate verglichen.;2026-10-09;https://mobile.1und1.de/flow2/mobile/ssc-private/tariffContractDuration?tariffChangeUrl=%2F%2Fmobile.1und1.de%2Fgoogle-pixel-11-pro-xl&optionalPrecedingDocuments=%2F%2Fmobile.1und1.de%2Fgoogle-pixel-11-pro-xl&addFlowStates=tradeInAvailable%2CbrandGoogle%2CwatchAvailable%2CaskWatch%2ChwDurationsAvailable&traceId=4afad031-b066-4319-a1fb-a2228e15cfeb
Netzbetreiber;Google Pixel 11 Pro XL 512 GB;Google;512;o2;;;kein_buendel;;;;Kosten über die Bündellaufzeit;Für dieses Modell ist bei o2 kein Bündel erhoben.;;
Netzbetreiber;Apple iPhone Air 512 GB;Apple;512;congstar;Allnet Flat M;L;vergleichbar;-20,4;1532,00;1923,64;Kosten über 36 Monate · 36 Raten;;2026-10-10;https://www.congstar.de/geraete/apple/apple-iphone-air/
Netzbetreiber;Apple iPhone Air 512 GB;Apple;512;congstar;Allnet Flat M;L;vergleichbar;-19,6;1532,00;1905,64;Kosten über 24 Monate · 24 Raten;;2026-10-10;https://www.congstar.de/geraete/apple/apple-iphone-air/?paymentVariantBenefits=&planId=540&installmentPlanId=500&memorySize=512+GB
Netzbetreiber;Apple iPhone Air 512 GB;Apple;512;congstar;Allnet Flat L;L;vergleichbar;-16,0;1616,00;1923,64;Kosten über 36 Monate · 36 Raten;;2026-10-10;https://www.congstar.de/geraete/apple/apple-iphone-air/
Netzbetreiber;Apple iPhone Air 512 GB;Apple;512;congstar;Allnet Flat S;M;vergleichbar;-15,5;1484,00;1755,64;Kosten über 36 Monate · 36 Raten;;2026-10-10;https://www.congstar.de/geraete/apple/apple-iphone-air/
Netzbetreiber;Apple iPhone Air 512 GB;Apple;512;congstar;Allnet Flat L;L;vergleichbar;-15,2;1616,00;1905,64;Kosten über 24 Monate · 24 Raten;;2026-10-10;https://www.congstar.de/geraete/apple/apple-iphone-air/?paymentVariantBenefits=&planId=545&installmentPlanId=500&memorySize=512+GB
Netzbetreiber;Apple iPhone Air 512 GB;Apple;512;congstar;Allnet Flat S;M;vergleichbar;-14,9;1484,00;1743,64;Kosten über 24 Monate · 24 Raten;;2026-10-10;https://www.congstar.de/geraete/apple/apple-iphone-air/?paymentVariantBenefits=&planId=560&installmentPlanId=500&memorySize=512+GB
Netzbetreiber;Apple iPhone Air 512 GB;Apple;512;congstar;Allnet Flat XS;XS;vergleichbar;-13,6;1400,00;1619,80;Kosten über 24 Monate · 24 Raten;;2026-10-10;https://www.congstar.de/geraete/apple/apple-iphone-air/?paymentVariantBenefits=&planId=543&installmentPlanId=500&memorySize=512+GB
Netzbetreiber;Apple iPhone Air 512 GB;Apple;512;congstar;Allnet Flat XS;XS;vergleichbar;-13,6;1400,00;1619,80;Kosten über 36 Monate · 36 Raten;;2026-10-10;https://www.congstar.de/geraete/apple/apple-iphone-air/
Netzbetreiber;Apple iPhone Air 512 GB;Apple;512;congstar;Allnet Flat M Flex;L;vergleichbar;-10,9;1714,00;1923,64;Kosten über 36 Monate · 36 Raten;;2026-10-10;https://www.congstar.de/geraete/apple/apple-iphone-air/
Netzbetreiber;Apple iPhone Air 512 GB;Apple;512;congstar;Allnet Flat M Flex;L;vergleichbar;-10,1;1714,00;1905,64;Kosten über 24 Monate · 24 Raten;;2026-10-10;https://www.congstar.de/geraete/apple/apple-iphone-air/
Netzbetreiber;Apple iPhone Air 512 GB;Apple;512;congstar;Allnet Flat S Flex;M;vergleichbar;-9,2;1594,00;1755,64;Kosten über 36 Monate · 36 Raten;;2026-10-10;https://www.congstar.de/geraete/apple/apple-iphone-air/
Netzbetreiber;Apple iPhone Air 512 GB;Apple;512;congstar;Allnet Flat XS Flex;XS;vergleichbar;-9,0;1474,00;1619,80;Kosten über 24 Monate · 24 Raten;;2026-10-10;https://www.congstar.de/geraete/apple/apple-iphone-air/
Netzbetreiber;Apple iPhone Air 512 GB;Apple;512;congstar;Allnet Flat XS Flex;XS;vergleichbar;-9,0;1474,00;1619,80;Kosten über 36 Monate · 36 Raten;;2026-10-10;https://www.congstar.de/geraete/apple/apple-iphone-air/
Netzbetreiber;Apple iPhone Air 512 GB;Apple;512;congstar;Allnet Flat S Flex;M;vergleichbar;-8,6;1594,00;1743,64;Kosten über 24 Monate · 24 Raten;;2026-10-10;https://www.congstar.de/geraete/apple/apple-iphone-air/
Netzbetreiber;Apple iPhone Air 512 GB;Apple;512;congstar;Allnet Flat L Flex;L;vergleichbar;-4,7;1834,00;1923,64;Kosten über 36 Monate · 36 Raten;;2026-10-10;https://www.congstar.de/geraete/apple/apple-iphone-air/
Netzbetreiber;Apple iPhone Air 512 GB;Apple;512;congstar;Allnet Flat L Flex;L;vergleichbar;-3,8;1834,00;1905,64;Kosten über 24 Monate · 24 Raten;;2026-10-10;https://www.congstar.de/geraete/apple/apple-iphone-air/
Netzbetreiber;Apple iPhone Air 512 GB;Apple;512;Telekom;;;kein_buendel;;;;Kosten über die Bündellaufzeit;Telekom nicht erfasst: Seite sperrt automatisches Lesen (HTTP 202, 10.10.2026);;
Netzbetreiber;Apple iPhone Air 512 GB;Apple;512;1&1;1&1 All-Net-Flat S;XS;nicht_vergleichbar;;2019,54;1619,80;Kosten über die Bündellaufzeit;1&1 wird nur über 24 Monate verglichen.;2026-10-10;https://mobile.1und1.de/iphone-air
Netzbetreiber;Apple iPhone Air 512 GB;Apple;512;o2;;;kein_buendel;;;;Kosten über die Bündellaufzeit;Für dieses Modell ist bei o2 kein Bündel erhoben.;;
Netzbetreiber;Apple iPhone 17 Pro Max 512 GB;Apple;512;o2;O2 Mobile Unlimited M Plus mit 100 MBit/s (24 Mon.);XL;vergleichbar;-19,8;2234,76;2787,64;Kosten über 36 Monate · 36 Raten;;2026-10-10;https://www.o2online.de/e-shop/apple/apple-iphone-17-pro-max-256gb-cosmic-orange-details?ohne-tarif=nein&zielgruppe=privatkunden&ratenzahlung=36&vertragsart=ratenzahlung&tarif=o2-mobile-unlimited-m-plus
Netzbetreiber;Apple iPhone 17 Pro Max 512 GB;Apple;512;o2;O2 Mobile Unlimited M Plus mit 100 MBit/s (24 Mon.);XL;vergleichbar;-18,8;2234,76;2751,64;Kosten über 24 Monate · 24 Raten;;2026-10-09;https://www.o2online.de/e-shop/apple/apple-iphone-17-pro-max-256gb-cosmic-orange-details?ohne-tarif=nein&zielgruppe=privatkunden&ratenzahlung=36&vertragsart=ratenzahlung&tarif=o2-mobile-unlimited-m-plus
Netzbetreiber;Apple iPhone 17 Pro Max 512 GB;Apple;512;o2;O2 Mobile Unlimited S Special Plus mit 15 MBit/s (24 Mon.);XL;vergleichbar;-18,4;2274,75;2787,64;Kosten über 36 Monate · 36 Raten;;2026-10-08;https://www.o2online.de/e-shop/apple/apple-iphone-17-pro-max-256gb-cosmic-orange-details?ohne-tarif=nein&zielgruppe=privatkunden&ratenzahlung=36&vertragsart=ratenzahlung&tarif=o2-mobile-unlimited-m-plus
Netzbetreiber;Apple iPhone 17 Pro Max 512 GB;Apple;512;o2;O2 Mobile Unlimited S Special Plus mit 15 MBit/s (24 Mon.);XL;vergleichbar;-17,3;2274,75;2751,64;Kosten über 24 Monate · 24 Raten;;2026-10-08;https://www.o2online.de/e-shop/apple/apple-iphone-17-pro-max-256gb-cosmic-orange-details?ohne-tarif=nein&zielgruppe=privatkunden&ratenzahlung=36&vertragsart=ratenzahlung&tarif=o2-mobile-unlimited-m-plus
Netzbetreiber;Apple iPhone 17 Pro Max 512 GB;Apple;512;congstar;Allnet Flat M;L;vergleichbar;-17,0;2044,00;2463,64;Kosten über 36 Monate · 36 Raten;;2026-10-10;https://www.congstar.de/geraete/apple/apple-iphone-17-pro-max/
Netzbetreiber;Apple iPhone 17 Pro Max 512 GB;Apple;512;congstar;Allnet Flat M;L;vergleichbar;-16,4;2044,00;2445,64;Kosten über 24 Monate · 24 Raten;;2026-10-10;https://www.congstar.de/geraete/apple/apple-iphone-17-pro-max/?paymentVariantBenefits=&planId=540&installmentPlanId=500&memorySize=512+GB
Netzbetreiber;Apple iPhone 17 Pro Max 512 GB;Apple;512;congstar;Allnet Flat L;L;vergleichbar;-13,6;2128,00;2463,64;Kosten über 36 Monate · 36 Raten;;2026-10-10;https://www.congstar.de/geraete/apple/apple-iphone-17-pro-max/
Netzbetreiber;Apple iPhone 17 Pro Max 512 GB;Apple;512;congstar;Allnet Flat S;M;vergleichbar;-13,1;1996,00;2295,64;Kosten über 36 Monate · 36 Raten;;2026-10-10;https://www.congstar.de/geraete/apple/apple-iphone-17-pro-max/
Netzbetreiber;Apple iPhone 17 Pro Max 512 GB;Apple;512;congstar;Allnet Flat L;L;vergleichbar;-13,0;2128,00;2445,64;Kosten über 24 Monate · 24 Raten;;2026-10-10;https://www.congstar.de/geraete/apple/apple-iphone-17-pro-max/?paymentVariantBenefits=&planId=545&installmentPlanId=500&memorySize=512+GB
Netzbetreiber;Apple iPhone 17 Pro Max 512 GB;Apple;512;congstar;Allnet Flat S;M;vergleichbar;-12,6;1996,00;2283,64;Kosten über 24 Monate · 24 Raten;;2026-10-10;https://www.congstar.de/geraete/apple/apple-iphone-17-pro-max/?paymentVariantBenefits=&planId=560&installmentPlanId=500&memorySize=512+GB
Netzbetreiber;Apple iPhone 17 Pro Max 512 GB;Apple;512;congstar;Allnet Flat XS;XS;vergleichbar;-11,5;1912,00;2159,80;Kosten über 24 Monate · 24 Raten;;2026-10-10;https://www.congstar.de/geraete/apple/apple-iphone-17-pro-max/?paymentVariantBenefits=&planId=543&installmentPlanId=500&memorySize=512+GB
Netzbetreiber;Apple iPhone 17 Pro Max 512 GB;Apple;512;congstar;Allnet Flat XS;XS;vergleichbar;-11,5;1912,00;2159,80;Kosten über 36 Monate · 36 Raten;;2026-10-10;https://www.congstar.de/geraete/apple/apple-iphone-17-pro-max/
Netzbetreiber;Apple iPhone 17 Pro Max 512 GB;Apple;512;o2;O2 Mobile L Plus mit 150 GB+ (24 Mon.);L;vergleichbar;-9,3;2234,76;2463,64;Kosten über 36 Monate · 36 Raten;;2026-10-09;https://www.o2online.de/e-shop/apple/apple-iphone-17-pro-max-256gb-cosmic-orange-details?ohne-tarif=nein&zielgruppe=privatkunden&ratenzahlung=36&vertragsart=ratenzahlung&tarif=o2-mobile-unlimited-m-plus
Netzbetreiber;Apple iPhone 17 Pro Max 512 GB;Apple;512;o2;O2 Mobile L Plus mit 150 GB+ (24 Mon.);L;vergleichbar;-8,6;2234,76;2445,64;Kosten über 24 Monate · 24 Raten;;2026-10-09;https://www.o2online.de/e-shop/apple/apple-iphone-17-pro-max-256gb-cosmic-orange-details?ohne-tarif=nein&zielgruppe=privatkunden&ratenzahlung=36&vertragsart=ratenzahlung&tarif=o2-mobile-unlimited-m-plus
Netzbetreiber;Apple iPhone 17 Pro Max 512 GB;Apple;512;congstar;Allnet Flat M Flex;L;vergleichbar;-7,5;2280,00;2463,64;Kosten über 36 Monate · 36 Raten;;2026-10-10;https://www.congstar.de/geraete/apple/apple-iphone-17-pro-max/
Netzbetreiber;Apple iPhone 17 Pro Max 512 GB;Apple;512;congstar;Allnet Flat M Flex;L;vergleichbar;-6,8;2280,00;2445,64;Kosten über 24 Monate · 24 Raten;;2026-10-10;https://www.congstar.de/geraete/apple/apple-iphone-17-pro-max/
Netzbetreiber;Apple iPhone 17 Pro Max 512 GB;Apple;512;o2;O2 Mobile on Demand M Plus mit 50 GB+ (24 Mon.);M;vergleichbar;-6,1;2154,75;2295,64;Kosten über 36 Monate · 36 Raten;;2026-10-09;https://www.o2online.de/e-shop/apple/apple-iphone-17-pro-max-256gb-cosmic-orange-details?ohne-tarif=nein&zielgruppe=privatkunden&ratenzahlung=36&vertragsart=ratenzahlung&tarif=o2-mobile-unlimited-m-plus
Netzbetreiber;Apple iPhone 17 Pro Max 512 GB;Apple;512;congstar;Allnet Flat S Flex;M;vergleichbar;-5,9;2160,00;2295,64;Kosten über 36 Monate · 36 Raten;;2026-10-10;https://www.congstar.de/geraete/apple/apple-iphone-17-pro-max/
Netzbetreiber;Apple iPhone 17 Pro Max 512 GB;Apple;512;o2;O2 Mobile on Demand M Plus mit 50 GB+ (24 Mon.);M;vergleichbar;-5,6;2154,75;2283,64;Kosten über 24 Monate · 24 Raten;;2026-10-09;https://www.o2online.de/e-shop/apple/apple-iphone-17-pro-max-256gb-cosmic-orange-details?ohne-tarif=nein&zielgruppe=privatkunden&ratenzahlung=36&vertragsart=ratenzahlung&tarif=o2-mobile-unlimited-m-plus
Netzbetreiber;Apple iPhone 17 Pro Max 512 GB;Apple;512;congstar;Allnet Flat XS Flex;XS;vergleichbar;-5,5;2040,00;2159,80;Kosten über 24 Monate · 24 Raten;;2026-10-10;https://www.congstar.de/geraete/apple/apple-iphone-17-pro-max/
Netzbetreiber;Apple iPhone 17 Pro Max 512 GB;Apple;512;congstar;Allnet Flat XS Flex;XS;vergleichbar;-5,5;2040,00;2159,80;Kosten über 36 Monate · 36 Raten;;2026-10-10;https://www.congstar.de/geraete/apple/apple-iphone-17-pro-max/
Netzbetreiber;Apple iPhone 17 Pro Max 512 GB;Apple;512;congstar;Allnet Flat S Flex;M;vergleichbar;-5,4;2160,00;2283,64;Kosten über 24 Monate · 24 Raten;;2026-10-10;https://www.congstar.de/geraete/apple/apple-iphone-17-pro-max/
Netzbetreiber;Apple iPhone 17 Pro Max 512 GB;Apple;512;congstar;Allnet Flat L Flex;L;vergleichbar;-2,6;2400,00;2463,64;Kosten über 36 Monate · 36 Raten;;2026-10-10;https://www.congstar.de/geraete/apple/apple-iphone-17-pro-max/
Netzbetreiber;Apple iPhone 17 Pro Max 512 GB;Apple;512;congstar;Allnet Flat L Flex;L;vergleichbar;-1,9;2400,00;2445,64;Kosten über 24 Monate · 24 Raten;;2026-10-10;https://www.congstar.de/geraete/apple/apple-iphone-17-pro-max/
Netzbetreiber;Apple iPhone 17 Pro Max 512 GB;Apple;512;Telekom;;;kein_buendel;;;;Kosten über die Bündellaufzeit;Telekom nicht erfasst: Seite sperrt automatisches Lesen (HTTP 202, 10.10.2026);;
Netzbetreiber;Apple iPhone 17 Pro Max 512 GB;Apple;512;1&1;1&1 All-Net-Flat S;XS;nicht_vergleichbar;;2693,54;2159,80;Kosten über die Bündellaufzeit;1&1 wird nur über 24 Monate verglichen.;2026-10-09;https://mobile.1und1.de/flow2/mobile/ssc-private/tariffContractDuration?tariffChangeUrl=%2F%2Fmobile.1und1.de%2Fiphone-17-pro-max&optionalPrecedingDocuments=%2F%2Fmobile.1und1.de%2Fiphone-17-pro-max&addFlowStates=tradeInAvailable%2CbrandApple%2CwatchAvailable%2CaskWatch%2ChwDurationsAvailable&traceId=308c1851-44b7-49b4-88bf-cbd065aca0fa
Netzbetreiber;Xiaomi 17 512 GB;Xiaomi;512;o2;O2 Mobile on Demand M Plus mit 50 GB+ (24 Mon.);M;vergleichbar;-19,5;1354,75;1683,64;Kosten über 36 Monate · 36 Raten;;2026-10-10;https://www.o2online.de/e-shop/xiaomi/xiaomi-17-512gb-schwarz-details?ohne-tarif=nein&zielgruppe=privatkunden&ratenzahlung=36&vertragsart=ratenzahlung&tarif=o2-mobile-on-demand-m-plus
Netzbetreiber;Xiaomi 17 512 GB;Xiaomi;512;o2;O2 Mobile on Demand M Plus mit 50 GB+ (24 Mon.);M;vergleichbar;-19,0;1354,75;1671,64;Kosten über 24 Monate · 24 Raten;;2026-10-10;https://www.o2online.de/e-shop/xiaomi/xiaomi-17-512gb-schwarz-details?ohne-tarif=nein&zielgruppe=privatkunden&ratenzahlung=36&vertragsart=ratenzahlung&tarif=o2-mobile-on-demand-m-plus
Netzbetreiber;Xiaomi 17 512 GB;Xiaomi;512;Telekom;MagentaMobil XS;XS;vergleichbar;9,6;1696,55;1547,80;Kosten über 36 Monate · 36 Raten;;2026-10-10;https://www.telekom.de/shop/geraet/xiaomi/xiaomi-17/black-512-gb?sortBy=popularityIndex&currentPage=3&tariffId=MF_17779&itemPerPage=24&excludedCurrentPage=1&forwardTradeInApplied=false&bp=acquisition&categoryId=smartphones
Netzbetreiber;Xiaomi 17 512 GB;Xiaomi;512;Telekom;MagentaMobil S;S;vergleichbar;12,1;1936,55;1727,80;Kosten über 36 Monate · 36 Raten;;2026-10-10;https://www.telekom.de/shop/geraet/xiaomi/xiaomi-17/black-512-gb?sortBy=popularityIndex&currentPage=3&tariffId=MF_17785&itemPerPage=24&excludedCurrentPage=1&forwardTradeInApplied=false&bp=acquisition&categoryId=smartphones
Netzbetreiber;Xiaomi 17 512 GB;Xiaomi;512;Telekom;MagentaMobil L;L;vergleichbar;19,8;2217,75;1851,64;Kosten über 36 Monate · 36 Raten;;2026-10-10;https://www.telekom.de/shop/geraet/xiaomi/xiaomi-17/black-512-gb?sortBy=popularityIndex&currentPage=3&tariffId=MF_17797&itemPerPage=24&excludedCurrentPage=1&forwardTradeInApplied=false&bp=acquisition&categoryId=smartphones
Netzbetreiber;Xiaomi 17 512 GB;Xiaomi;512;Telekom;MagentaMobil M;M;vergleichbar;23,2;2074,95;1683,64;Kosten über 36 Monate · 36 Raten;;2026-10-10;https://www.telekom.de/shop/geraet/xiaomi/xiaomi-17/black-512-gb?sortBy=popularityIndex&currentPage=3&tariffId=MF_17791&itemPerPage=24&excludedCurrentPage=1&forwardTradeInApplied=false&bp=acquisition&categoryId=smartphones
Netzbetreiber;Xiaomi 17 512 GB;Xiaomi;512;Telekom;MagentaMobil XL;XL;vergleichbar;24,9;2716,95;2175,64;Kosten über 36 Monate · 36 Raten;;2026-10-10;https://www.telekom.de/shop/geraet/xiaomi/xiaomi-17/black-512-gb?sortBy=popularityIndex&currentPage=3&tariffId=MF_17803&itemPerPage=24&excludedCurrentPage=1&forwardTradeInApplied=false&bp=acquisition&categoryId=smartphones
Netzbetreiber;Xiaomi 17 512 GB;Xiaomi;512;1&1;1&1 All-Net-Flat S;XS;nicht_vergleichbar;;1687,54;1547,80;Kosten über die Bündellaufzeit;1&1 wird nur über 24 Monate verglichen.;2026-10-09;https://mobile.1und1.de/flow2/mobile/ssc-private/tariffContractDuration?tariffChangeUrl=%2F%2Fmobile.1und1.de%2Fxiaomi-17&optionalPrecedingDocuments=%2F%2Fmobile.1und1.de%2Fxiaomi-17&addFlowStates=tradeInAvailable%2CaskWatch%2ChwDurationsAvailable&traceId=1d168b0a-2351-4d9e-90b2-94bb5f4e9545
Netzbetreiber;Samsung Galaxy Z Flip8 256 GB;Samsung;256;congstar;Allnet Flat M;L;vergleichbar;-18,8;1606,00;1977,64;Kosten über 36 Monate · 36 Raten;;2026-10-10;https://www.congstar.de/geraete/samsung/samsung-galaxy-z-flip8/
Netzbetreiber;Samsung Galaxy Z Flip8 256 GB;Samsung;256;congstar;Allnet Flat M;L;vergleichbar;-18,0;1606,00;1959,64;Kosten über 24 Monate · 24 Raten;;2026-10-10;https://www.congstar.de/geraete/samsung/samsung-galaxy-z-flip8/?paymentVariantBenefits=&planId=540&installmentPlanId=500
Netzbetreiber;Samsung Galaxy Z Flip8 256 GB;Samsung;256;congstar;Allnet Flat L;L;vergleichbar;-14,5;1690,00;1977,64;Kosten über 36 Monate · 36 Raten;;2026-10-10;https://www.congstar.de/geraete/samsung/samsung-galaxy-z-flip8/
Netzbetreiber;Samsung Galaxy Z Flip8 256 GB;Samsung;256;congstar;Allnet Flat S;M;vergleichbar;-13,9;1558,00;1809,64;Kosten über 36 Monate · 36 Raten;;2026-10-10;https://www.congstar.de/geraete/samsung/samsung-galaxy-z-flip8/
Netzbetreiber;Samsung Galaxy Z Flip8 256 GB;Samsung;256;congstar;Allnet Flat L;L;vergleichbar;-13,8;1690,00;1959,64;Kosten über 24 Monate · 24 Raten;;2026-10-10;https://www.congstar.de/geraete/samsung/samsung-galaxy-z-flip8/?paymentVariantBenefits=&planId=545&installmentPlanId=500
Netzbetreiber;Samsung Galaxy Z Flip8 256 GB;Samsung;256;congstar;Allnet Flat S;M;vergleichbar;-13,3;1558,00;1797,64;Kosten über 24 Monate · 24 Raten;;2026-10-10;https://www.congstar.de/geraete/samsung/samsung-galaxy-z-flip8/?paymentVariantBenefits=&planId=560&installmentPlanId=500
Netzbetreiber;Samsung Galaxy Z Flip8 256 GB;Samsung;256;o2;O2 Mobile on Demand M Plus mit 50 GB+ (24 Mon.);M;vergleichbar;-12,9;1576,75;1809,64;Kosten über 36 Monate · 36 Raten;;2026-10-10;https://www.o2online.de/e-shop/samsung/samsung-galaxy-z-flip8-256gb-pink-details?ohne-tarif=nein&zielgruppe=privatkunden&ratenzahlung=36&vertragsart=ratenzahlung&tarif=o2-mobile-on-demand-m-plus
Netzbetreiber;Samsung Galaxy Z Flip8 256 GB;Samsung;256;o2;O2 Mobile on Demand M Plus mit 50 GB+ (24 Mon.);M;vergleichbar;-8,3;1648,75;1797,64;Kosten über 24 Monate · 24 Raten;;2026-10-10;https://www.o2online.de/e-shop/samsung/samsung-galaxy-z-flip8-256gb-pink-details?ohne-tarif=nein&zielgruppe=privatkunden&ratenzahlung=36&vertragsart=ratenzahlung&tarif=o2-mobile-on-demand-m-plus
Netzbetreiber;Samsung Galaxy Z Flip8 256 GB;Samsung;256;congstar;Allnet Flat XS;XS;vergleichbar;-7,6;1546,00;1673,80;Kosten über 24 Monate · 24 Raten;;2026-10-10;https://www.congstar.de/geraete/samsung/samsung-galaxy-z-flip8/?paymentVariantBenefits=&planId=543&installmentPlanId=500
Netzbetreiber;Samsung Galaxy Z Flip8 256 GB;Samsung;256;congstar;Allnet Flat XS;XS;vergleichbar;-7,6;1546,00;1673,80;Kosten über 36 Monate · 36 Raten;;2026-10-10;https://www.congstar.de/geraete/samsung/samsung-galaxy-z-flip8/
Netzbetreiber;Samsung Galaxy Z Flip8 256 GB;Samsung;256;congstar;Allnet Flat M Flex;L;vergleichbar;-2,3;1932,00;1977,64;Kosten über 36 Monate · 36 Raten;;2026-10-10;https://www.congstar.de/geraete/samsung/samsung-galaxy-z-flip8/
Netzbetreiber;Samsung Galaxy Z Flip8 256 GB;Samsung;256;congstar;Allnet Flat M Flex;L;vergleichbar;-1,4;1932,00;1959,64;Kosten über 24 Monate · 24 Raten;;2026-10-10;https://www.congstar.de/geraete/samsung/samsung-galaxy-z-flip8/
Netzbetreiber;Samsung Galaxy Z Flip8 256 GB;Samsung;256;congstar;Allnet Flat S Flex;M;vergleichbar;0,1;1812,00;1809,64;Kosten über 36 Monate · 36 Raten;;2026-10-10;https://www.congstar.de/geraete/samsung/samsung-galaxy-z-flip8/
Netzbetreiber;Samsung Galaxy Z Flip8 256 GB;Samsung;256;congstar;Allnet Flat S Flex;M;vergleichbar;0,8;1812,00;1797,64;Kosten über 24 Monate · 24 Raten;;2026-10-10;https://www.congstar.de/geraete/samsung/samsung-galaxy-z-flip8/
Netzbetreiber;Samsung Galaxy Z Flip8 256 GB;Samsung;256;congstar;Allnet Flat XS Flex;XS;vergleichbar;1,1;1692,00;1673,80;Kosten über 24 Monate · 24 Raten;;2026-10-10;https://www.congstar.de/geraete/samsung/samsung-galaxy-z-flip8/
Netzbetreiber;Samsung Galaxy Z Flip8 256 GB;Samsung;256;congstar;Allnet Flat XS Flex;XS;vergleichbar;1,1;1692,00;1673,80;Kosten über 36 Monate · 36 Raten;;2026-10-10;https://www.congstar.de/geraete/samsung/samsung-galaxy-z-flip8/
Netzbetreiber;Samsung Galaxy Z Flip8 256 GB;Samsung;256;congstar;Allnet Flat L Flex;L;vergleichbar;3,8;2052,00;1977,64;Kosten über 36 Monate · 36 Raten;;2026-10-10;https://www.congstar.de/geraete/samsung/samsung-galaxy-z-flip8/
Netzbetreiber;Samsung Galaxy Z Flip8 256 GB;Samsung;256;congstar;Allnet Flat L Flex;L;vergleichbar;4,7;2052,00;1959,64;Kosten über 24 Monate · 24 Raten;;2026-10-10;https://www.congstar.de/geraete/samsung/samsung-galaxy-z-flip8/
Netzbetreiber;Samsung Galaxy Z Flip8 256 GB;Samsung;256;Telekom;MagentaMobil XS;XS;vergleichbar;19,2;1995,35;1673,80;Kosten über 36 Monate · 36 Raten;;2026-10-10;https://www.telekom.de/shop/geraet/samsung/samsung-galaxy-z-flip8/pink-256-gb?sortBy=popularityIndex&currentPage=3&tariffId=MF_17779&itemPerPage=24&excludedCurrentPage=1&forwardTradeInApplied=false&bp=acquisition&categoryId=smartphones
Netzbetreiber;Samsung Galaxy Z Flip8 256 GB;Samsung;256;Telekom;MagentaMobil S;S;vergleichbar;20,6;2235,35;1853,80;Kosten über 36 Monate · 36 Raten;;2026-10-10;https://www.telekom.de/shop/geraet/samsung/samsung-galaxy-z-flip8/pink-256-gb?sortBy=popularityIndex&currentPage=3&tariffId=MF_17785&itemPerPage=24&excludedCurrentPage=1&forwardTradeInApplied=false&bp=acquisition&categoryId=smartphones
Netzbetreiber;Samsung Galaxy Z Flip8 256 GB;Samsung;256;Telekom;MagentaMobil L;L;vergleichbar;27,3;2517,35;1977,64;Kosten über 36 Monate · 36 Raten;;2026-10-10;https://www.telekom.de/shop/geraet/samsung/samsung-galaxy-z-flip8/pink-256-gb?sortBy=popularityIndex&currentPage=3&tariffId=MF_17797&itemPerPage=24&excludedCurrentPage=1&forwardTradeInApplied=false&bp=acquisition&categoryId=smartphones
Netzbetreiber;Samsung Galaxy Z Flip8 256 GB;Samsung;256;Telekom;MagentaMobil XL;XL;vergleichbar;31,1;3016,55;2301,64;Kosten über 36 Monate · 36 Raten;;2026-10-10;https://www.telekom.de/shop/geraet/samsung/samsung-galaxy-z-flip8/pink-256-gb?sortBy=popularityIndex&currentPage=3&tariffId=MF_17803&itemPerPage=24&excludedCurrentPage=1&forwardTradeInApplied=false&bp=acquisition&categoryId=smartphones
Netzbetreiber;Samsung Galaxy Z Flip8 256 GB;Samsung;256;Telekom;MagentaMobil M;M;vergleichbar;31,2;2374,55;1809,64;Kosten über 36 Monate · 36 Raten;;2026-10-10;https://www.telekom.de/shop/geraet/samsung/samsung-galaxy-z-flip8/pink-256-gb?sortBy=popularityIndex&currentPage=3&tariffId=MF_17791&itemPerPage=24&excludedCurrentPage=1&forwardTradeInApplied=false&bp=acquisition&categoryId=smartphones
Netzbetreiber;Samsung Galaxy Z Flip8 256 GB;Samsung;256;1&1;1&1 All-Net-Flat S;XS;nicht_vergleichbar;;1927,54;1673,80;Kosten über die Bündellaufzeit;1&1 wird nur über 24 Monate verglichen.;2026-10-09;https://mobile.1und1.de/flow2/mobile/ssc-private/tariffContractDuration?tariffChangeUrl=%2F%2Fmobile.1und1.de%2Fsamsung-galaxy-z-flip8&optionalPrecedingDocuments=%2F%2Fmobile.1und1.de%2Fsamsung-galaxy-z-flip8&addFlowStates=tradeInAvailable%2CbrandSamsung%2CgalaxyZflip%2CwatchAvailable%2CstrapsAvailable%2CaskWatch%2ChwDurationsAvailable&traceId=8fc7cda2-df5e-4d94-add2-b53c06fc8ba4
Netzbetreiber;Apple iPhone 18 Pro 256 GB;Apple;256;o2;O2 Mobile Unlimited M mit 100 MBit/s (24 Mon.);XL;vergleichbar;-18,0;2166,76;2643,63;Kosten über 36 Monate · 36 Raten;;2026-10-10;https://www.o2online.de/e-shop/apple/apple-iphone-18-pro-256gb-burgunder-details?ohne-tarif=nein&zielgruppe=privatkunden&ratenzahlung=36&vertragsart=ratenzahlung&tarif=o2-mobile-unlimited-m
Netzbetreiber;Apple iPhone 18 Pro 256 GB;Apple;256;o2;O2 Mobile Unlimited M mit 100 MBit/s (24 Mon.);XL;vergleichbar;-16,9;2166,76;2607,63;Kosten über 24 Monate · 24 Raten;;2026-10-10;https://www.o2online.de/e-shop/apple/apple-iphone-18-pro-256gb-burgunder-details?ohne-tarif=nein&zielgruppe=privatkunden&ratenzahlung=36&vertragsart=ratenzahlung&tarif=o2-mobile-unlimited-m
Netzbetreiber;Apple iPhone 18 Pro 256 GB;Apple;256;congstar;Allnet Flat M;L;vergleichbar;-13,7;2002,00;2319,63;Kosten über 36 Monate · 36 Raten;;2026-10-10;https://www.congstar.de/geraete/apple/apple-iphone-18-pro/
Netzbetreiber;Apple iPhone 18 Pro 256 GB;Apple;256;congstar;Allnet Flat M;L;vergleichbar;-13,0;2002,00;2301,63;Kosten über 24 Monate · 24 Raten;;2026-10-10;https://www.congstar.de/geraete/apple/apple-iphone-18-pro/?paymentVariantBenefits=&planId=540&installmentPlanId=500
Netzbetreiber;Apple iPhone 18 Pro 256 GB;Apple;256;congstar;Allnet Flat M Flex;L;vergleichbar;-12,8;2022,00;2319,63;Kosten über 36 Monate · 36 Raten;;2026-10-10;https://www.congstar.de/geraete/apple/apple-iphone-18-pro/
Netzbetreiber;Apple iPhone 18 Pro 256 GB;Apple;256;congstar;Allnet Flat XS;XS;vergleichbar;-12,6;1762,00;2015,79;Kosten über 24 Monate · 24 Raten;;2026-10-10;https://www.congstar.de/geraete/apple/apple-iphone-18-pro/?paymentVariantBenefits=&planId=543&installmentPlanId=500
Netzbetreiber;Apple iPhone 18 Pro 256 GB;Apple;256;congstar;Allnet Flat XS;XS;vergleichbar;-12,6;1762,00;2015,79;Kosten über 36 Monate · 36 Raten;;2026-10-10;https://www.congstar.de/geraete/apple/apple-iphone-18-pro/
Netzbetreiber;Apple iPhone 18 Pro 256 GB;Apple;256;congstar;Allnet Flat S;M;vergleichbar;-12,5;1882,00;2151,63;Kosten über 36 Monate · 36 Raten;;2026-10-10;https://www.congstar.de/geraete/apple/apple-iphone-18-pro/
Netzbetreiber;Apple iPhone 18 Pro 256 GB;Apple;256;congstar;Allnet Flat M Flex;L;vergleichbar;-12,1;2022,00;2301,63;Kosten über 24 Monate · 24 Raten;;2026-10-10;https://www.congstar.de/geraete/apple/apple-iphone-18-pro/
Netzbetreiber;Apple iPhone 18 Pro 256 GB;Apple;256;congstar;Allnet Flat S;M;vergleichbar;-12,0;1882,00;2139,63;Kosten über 24 Monate · 24 Raten;;2026-10-10;https://www.congstar.de/geraete/apple/apple-iphone-18-pro/?paymentVariantBenefits=&planId=560&installmentPlanId=500
Netzbetreiber;Apple iPhone 18 Pro 256 GB;Apple;256;congstar;Allnet Flat XS Flex;XS;vergleichbar;-11,6;1782,00;2015,79;Kosten über 24 Monate · 24 Raten;;2026-10-10;https://www.congstar.de/geraete/apple/apple-iphone-18-pro/
Netzbetreiber;Apple iPhone 18 Pro 256 GB;Apple;256;congstar;Allnet Flat XS Flex;XS;vergleichbar;-11,6;1782,00;2015,79;Kosten über 36 Monate · 36 Raten;;2026-10-10;https://www.congstar.de/geraete/apple/apple-iphone-18-pro/
Netzbetreiber;Apple iPhone 18 Pro 256 GB;Apple;256;congstar;Allnet Flat S Flex;M;vergleichbar;-11,6;1902,00;2151,63;Kosten über 36 Monate · 36 Raten;;2026-10-10;https://www.congstar.de/geraete/apple/apple-iphone-18-pro/
Netzbetreiber;Apple iPhone 18 Pro 256 GB;Apple;256;congstar;Allnet Flat S Flex;M;vergleichbar;-11,1;1902,00;2139,63;Kosten über 24 Monate · 24 Raten;;2026-10-10;https://www.congstar.de/geraete/apple/apple-iphone-18-pro/
Netzbetreiber;Apple iPhone 18 Pro 256 GB;Apple;256;o2;O2 Mobile Unlimited L mit 300 MBit/s (24 Mon.);XL;vergleichbar;-9,0;2406,76;2643,63;Kosten über 36 Monate · 36 Raten;;2026-10-10;https://www.o2online.de/e-shop/apple/apple-iphone-18-pro-256gb-burgunder-details?ohne-tarif=nein&zielgruppe=privatkunden&ratenzahlung=36&vertragsart=ratenzahlung&tarif=o2-mobile-unlimited-m
Netzbetreiber;Apple iPhone 18 Pro 256 GB;Apple;256;congstar;Allnet Flat L;L;vergleichbar;-8,5;2122,00;2319,63;Kosten über 36 Monate · 36 Raten;;2026-10-10;https://www.congstar.de/geraete/apple/apple-iphone-18-pro/
Netzbetreiber;Apple iPhone 18 Pro 256 GB;Apple;256;congstar;Allnet Flat L;L;vergleichbar;-7,8;2122,00;2301,63;Kosten über 24 Monate · 24 Raten;;2026-10-10;https://www.congstar.de/geraete/apple/apple-iphone-18-pro/?paymentVariantBenefits=&planId=545&installmentPlanId=500
Netzbetreiber;Apple iPhone 18 Pro 256 GB;Apple;256;o2;O2 Mobile Unlimited L mit 300 MBit/s (24 Mon.);XL;vergleichbar;-7,7;2406,76;2607,63;Kosten über 24 Monate · 24 Raten;;2026-10-10;https://www.o2online.de/e-shop/apple/apple-iphone-18-pro-256gb-burgunder-details?ohne-tarif=nein&zielgruppe=privatkunden&ratenzahlung=36&vertragsart=ratenzahlung&tarif=o2-mobile-unlimited-m
Netzbetreiber;Apple iPhone 18 Pro 256 GB;Apple;256;congstar;Allnet Flat L Flex;L;vergleichbar;-7,7;2142,00;2319,63;Kosten über 36 Monate · 36 Raten;;2026-10-10;https://www.congstar.de/geraete/apple/apple-iphone-18-pro/
Netzbetreiber;Apple iPhone 18 Pro 256 GB;Apple;256;congstar;Allnet Flat L Flex;L;vergleichbar;-6,9;2142,00;2301,63;Kosten über 24 Monate · 24 Raten;;2026-10-10;https://www.congstar.de/geraete/apple/apple-iphone-18-pro/
Netzbetreiber;Apple iPhone 18 Pro 256 GB;Apple;256;o2;O2 Mobile L mit 150 GB+ (24 Mon.);L;vergleichbar;-6,6;2166,76;2319,63;Kosten über 36 Monate · 36 Raten;;2026-10-10;https://www.o2online.de/e-shop/apple/apple-iphone-18-pro-256gb-burgunder-details?ohne-tarif=nein&zielgruppe=privatkunden&ratenzahlung=36&vertragsart=ratenzahlung&tarif=o2-mobile-unlimited-m
Netzbetreiber;Apple iPhone 18 Pro 256 GB;Apple;256;o2;O2 Mobile L mit 150 GB+ (24 Mon.);L;vergleichbar;-5,9;2166,76;2301,63;Kosten über 24 Monate · 24 Raten;;2026-10-10;https://www.o2online.de/e-shop/apple/apple-iphone-18-pro-256gb-burgunder-details?ohne-tarif=nein&zielgruppe=privatkunden&ratenzahlung=36&vertragsart=ratenzahlung&tarif=o2-mobile-unlimited-m
Netzbetreiber;Apple iPhone 18 Pro 256 GB;Apple;256;o2;O2 Mobile on Demand M mit 50 GB+ (24 Mon.);M;vergleichbar;-3,0;2086,75;2151,63;Kosten über 36 Monate · 36 Raten;;2026-10-10;https://www.o2online.de/e-shop/apple/apple-iphone-18-pro-256gb-burgunder-details?ohne-tarif=nein&zielgruppe=privatkunden&ratenzahlung=36&vertragsart=ratenzahlung&tarif=o2-mobile-unlimited-m
Netzbetreiber;Apple iPhone 18 Pro 256 GB;Apple;256;o2;O2 Mobile on Demand M mit 50 GB+ (24 Mon.);M;vergleichbar;-2,5;2086,75;2139,63;Kosten über 24 Monate · 24 Raten;;2026-10-10;https://www.o2online.de/e-shop/apple/apple-iphone-18-pro-256gb-burgunder-details?ohne-tarif=nein&zielgruppe=privatkunden&ratenzahlung=36&vertragsart=ratenzahlung&tarif=o2-mobile-unlimited-m
Netzbetreiber;Apple iPhone 18 Pro 256 GB;Apple;256;Telekom;MagentaMobil XS;XS;vergleichbar;8,4;2185,35;2015,79;Kosten über 36 Monate · 36 Raten;;2026-10-10;https://www.telekom.de/shop/geraet/apple/apple-iphone-18-pro/polar-256-gb?sortBy=popularityIndex&currentPage=3&tariffId=MF_17779&itemPerPage=24&excludedCurrentPage=1&forwardTradeInApplied=false&bp=acquisition&categoryId=smartphones
Netzbetreiber;Apple iPhone 18 Pro 256 GB;Apple;256;Telekom;MagentaMobil S;S;vergleichbar;10,5;2425,35;2195,79;Kosten über 36 Monate · 36 Raten;;2026-10-10;https://www.telekom.de/shop/geraet/apple/apple-iphone-18-pro/polar-256-gb?sortBy=popularityIndex&currentPage=3&tariffId=MF_17785&itemPerPage=24&excludedCurrentPage=1&forwardTradeInApplied=false&bp=acquisition&categoryId=smartphones
Netzbetreiber;Apple iPhone 18 Pro 256 GB;Apple;256;Telekom;MagentaMobil L;L;vergleichbar;14,6;2657,75;2319,63;Kosten über 36 Monate · 36 Raten;;2026-10-10;https://www.telekom.de/shop/geraet/apple/apple-iphone-18-pro/polar-256-gb?sortBy=popularityIndex&currentPage=3&tariffId=MF_17797&itemPerPage=24&excludedCurrentPage=1&forwardTradeInApplied=false&bp=acquisition&categoryId=smartphones
Netzbetreiber;Apple iPhone 18 Pro 256 GB;Apple;256;Telekom;MagentaMobil M;M;vergleichbar;17,0;2517,75;2151,63;Kosten über 36 Monate · 36 Raten;;2026-10-10;https://www.telekom.de/shop/geraet/apple/apple-iphone-18-pro/polar-256-gb?sortBy=popularityIndex&currentPage=3&tariffId=MF_17791&itemPerPage=24&excludedCurrentPage=1&forwardTradeInApplied=false&bp=acquisition&categoryId=smartphones
Netzbetreiber;Apple iPhone 18 Pro 256 GB;Apple;256;Telekom;MagentaMobil XL;XL;vergleichbar;21,3;3207,35;2643,63;Kosten über 36 Monate · 36 Raten;;2026-10-10;https://www.telekom.de/shop/geraet/apple/apple-iphone-18-pro/polar-256-gb?sortBy=popularityIndex&currentPage=3&tariffId=MF_17803&itemPerPage=24&excludedCurrentPage=1&forwardTradeInApplied=false&bp=acquisition&categoryId=smartphones
Netzbetreiber;Apple iPhone 18 Pro 256 GB;Apple;256;1&1;1&1 All-Net-Flat S;XS;nicht_vergleichbar;;2259,54;2015,79;Kosten über die Bündellaufzeit;1&1 wird nur über 24 Monate verglichen.;2026-10-09;https://mobile.1und1.de/flow2/mobile/ssc-private/tariffContractDuration?tariffChangeUrl=%2F%2Fmobile.1und1.de%2Fiphone-18-pro&optionalPrecedingDocuments=%2F%2Fmobile.1und1.de%2Fiphone-18-pro&addFlowStates=tradeInAvailable%2CbrandApple%2CwatchAvailable%2CaskWatch%2ChwDurationsAvailable&traceId=277b15f8-b7f0-4f8f-bc70-324abf4fdf7f
Netzbetreiber;Samsung Galaxy S26 Ultra 512 GB;Samsung;512;o2;O2 Mobile Unlimited M Plus mit 100 MBit/s (24 Mon.);XL;vergleichbar;-17,8;2142,76;2607,64;Kosten über 36 Monate · 36 Raten;;2026-10-10;https://www.o2online.de/e-shop/samsung/samsung-galaxy-s26-ultra-256gb-cobalt-violet-details?ohne-tarif=nein&zielgruppe=privatkunden&ratenzahlung=36&vertragsart=ratenzahlung&tarif=o2-mobile-unlimited-m-plus
Netzbetreiber;Samsung Galaxy S26 Ultra 512 GB;Samsung;512;congstar;Allnet Flat L;L;vergleichbar;-16,6;1904,00;2283,64;Kosten über 36 Monate · 36 Raten;;2026-10-10;https://www.congstar.de/geraete/samsung/samsung-galaxy-s26-ultra/
Netzbetreiber;Samsung Galaxy S26 Ultra 512 GB;Samsung;512;o2;O2 Mobile Unlimited M Plus mit 100 MBit/s (24 Mon.);XL;vergleichbar;-16,2;2154,76;2571,64;Kosten über 24 Monate · 24 Raten;;2026-10-09;https://www.o2online.de/e-shop/samsung/samsung-galaxy-s26-ultra-256gb-cobalt-violet-details?ohne-tarif=nein&zielgruppe=privatkunden&ratenzahlung=36&vertragsart=ratenzahlung&tarif=o2-mobile-unlimited-m-plus
Netzbetreiber;Samsung Galaxy S26 Ultra 512 GB;Samsung;512;congstar;Allnet Flat L;L;vergleichbar;-16,0;1904,00;2265,64;Kosten über 24 Monate · 24 Raten;;2026-10-10;https://www.congstar.de/geraete/samsung/samsung-galaxy-s26-ultra/?paymentVariantBenefits=&planId=545&installmentPlanId=500&memorySize=512+GB
Netzbetreiber;Samsung Galaxy S26 Ultra 512 GB;Samsung;512;congstar;Allnet Flat M;L;vergleichbar;-15,6;1928,00;2283,64;Kosten über 36 Monate · 36 Raten;;2026-10-10;https://www.congstar.de/geraete/samsung/samsung-galaxy-s26-ultra/
Netzbetreiber;Samsung Galaxy S26 Ultra 512 GB;Samsung;512;congstar;Allnet Flat M;L;vergleichbar;-14,9;1928,00;2265,64;Kosten über 24 Monate · 24 Raten;;2026-10-10;https://www.congstar.de/geraete/samsung/samsung-galaxy-s26-ultra/?paymentVariantBenefits=&planId=540&installmentPlanId=500&memorySize=512+GB
Netzbetreiber;Samsung Galaxy S26 Ultra 512 GB;Samsung;512;o2;O2 Mobile Unlimited S Special Plus mit 15 MBit/s (24 Mon.);XL;vergleichbar;-14,7;2194,75;2571,64;Kosten über 24 Monate · 24 Raten;;2026-10-08;https://www.o2online.de/e-shop/samsung/samsung-galaxy-s26-ultra-256gb-cobalt-violet-details?ohne-tarif=nein&zielgruppe=privatkunden&ratenzahlung=36&vertragsart=ratenzahlung&tarif=o2-mobile-unlimited-m-plus
Netzbetreiber;Samsung Galaxy S26 Ultra 512 GB;Samsung;512;congstar;Allnet Flat S;M;vergleichbar;-14,5;1808,00;2115,64;Kosten über 36 Monate · 36 Raten;;2026-10-10;https://www.congstar.de/geraete/samsung/samsung-galaxy-s26-ultra/
Netzbetreiber;Samsung Galaxy S26 Ultra 512 GB;Samsung;512;congstar;Allnet Flat S;M;vergleichbar;-14,1;1808,00;2103,64;Kosten über 24 Monate · 24 Raten;;2026-10-10;https://www.congstar.de/geraete/samsung/samsung-galaxy-s26-ultra/?paymentVariantBenefits=&planId=560&installmentPlanId=500&memorySize=512+GB
Netzbetreiber;Samsung Galaxy S26 Ultra 512 GB;Samsung;512;congstar;Allnet Flat XS;XS;vergleichbar;-7,5;1832,00;1979,80;Kosten über 24 Monate · 24 Raten;;2026-10-10;https://www.congstar.de/geraete/samsung/samsung-galaxy-s26-ultra/?paymentVariantBenefits=&planId=543&installmentPlanId=500&memorySize=512+GB
Netzbetreiber;Samsung Galaxy S26 Ultra 512 GB;Samsung;512;congstar;Allnet Flat XS;XS;vergleichbar;-7,5;1832,00;1979,80;Kosten über 36 Monate · 36 Raten;;2026-10-10;https://www.congstar.de/geraete/samsung/samsung-galaxy-s26-ultra/
Netzbetreiber;Samsung Galaxy S26 Ultra 512 GB;Samsung;512;congstar;Allnet Flat M Flex;L;vergleichbar;-5,2;2164,00;2283,64;Kosten über 36 Monate · 36 Raten;;2026-10-10;https://www.congstar.de/geraete/samsung/samsung-galaxy-s26-ultra/
Netzbetreiber;Samsung Galaxy S26 Ultra 512 GB;Samsung;512;o2;O2 Mobile L Plus mit 150 GB+ (24 Mon.);L;vergleichbar;-4,9;2154,76;2265,64;Kosten über 24 Monate · 24 Raten;;2026-10-09;https://www.o2online.de/e-shop/samsung/samsung-galaxy-s26-ultra-256gb-cobalt-violet-details?ohne-tarif=nein&zielgruppe=privatkunden&ratenzahlung=36&vertragsart=ratenzahlung&tarif=o2-mobile-unlimited-m-plus
Netzbetreiber;Samsung Galaxy S26 Ultra 512 GB;Samsung;512;congstar;Allnet Flat M Flex;L;vergleichbar;-4,5;2164,00;2265,64;Kosten über 24 Monate · 24 Raten;;2026-10-10;https://www.congstar.de/geraete/samsung/samsung-galaxy-s26-ultra/
Netzbetreiber;Samsung Galaxy S26 Ultra 512 GB;Samsung;512;congstar;Allnet Flat S Flex;M;vergleichbar;-3,4;2044,00;2115,64;Kosten über 36 Monate · 36 Raten;;2026-10-10;https://www.congstar.de/geraete/samsung/samsung-galaxy-s26-ultra/
Netzbetreiber;Samsung Galaxy S26 Ultra 512 GB;Samsung;512;congstar;Allnet Flat XS Flex;XS;vergleichbar;-2,8;1924,00;1979,80;Kosten über 24 Monate · 24 Raten;;2026-10-10;https://www.congstar.de/geraete/samsung/samsung-galaxy-s26-ultra/
Netzbetreiber;Samsung Galaxy S26 Ultra 512 GB;Samsung;512;congstar;Allnet Flat XS Flex;XS;vergleichbar;-2,8;1924,00;1979,80;Kosten über 36 Monate · 36 Raten;;2026-10-10;https://www.congstar.de/geraete/samsung/samsung-galaxy-s26-ultra/
Netzbetreiber;Samsung Galaxy S26 Ultra 512 GB;Samsung;512;congstar;Allnet Flat S Flex;M;vergleichbar;-2,8;2044,00;2103,64;Kosten über 24 Monate · 24 Raten;;2026-10-10;https://www.congstar.de/geraete/samsung/samsung-galaxy-s26-ultra/
Netzbetreiber;Samsung Galaxy S26 Ultra 512 GB;Samsung;512;o2;O2 Mobile on Demand M Plus mit 50 GB+ (24 Mon.);M;vergleichbar;-1,4;2074,75;2103,64;Kosten über 24 Monate · 24 Raten;;2026-10-09;https://www.o2online.de/e-shop/samsung/samsung-galaxy-s26-ultra-256gb-cobalt-violet-details?ohne-tarif=nein&zielgruppe=privatkunden&ratenzahlung=36&vertragsart=ratenzahlung&tarif=o2-mobile-unlimited-m-plus
Netzbetreiber;Samsung Galaxy S26 Ultra 512 GB;Samsung;512;congstar;Allnet Flat L Flex;L;vergleichbar;0,0;2284,00;2283,64;Kosten über 36 Monate · 36 Raten;;2026-10-10;https://www.congstar.de/geraete/samsung/samsung-galaxy-s26-ultra/
Netzbetreiber;Samsung Galaxy S26 Ultra 512 GB;Samsung;512;congstar;Allnet Flat L Flex;L;vergleichbar;0,8;2284,00;2265,64;Kosten über 24 Monate · 24 Raten;;2026-10-10;https://www.congstar.de/geraete/samsung/samsung-galaxy-s26-ultra/
Netzbetreiber;Samsung Galaxy S26 Ultra 512 GB;Samsung;512;Telekom;;;kein_buendel;;;;Kosten über die Bündellaufzeit;Telekom nicht erfasst: Seite sperrt automatisches Lesen (HTTP 202, 10.10.2026);;
Netzbetreiber;Samsung Galaxy S26 Ultra 512 GB;Samsung;512;1&1;1&1 All-Net-Flat S;XS;nicht_vergleichbar;;2213,54;1979,80;Kosten über die Bündellaufzeit;1&1 wird nur über 24 Monate verglichen.;2026-10-09;https://mobile.1und1.de/flow2/mobile/ssc-private/tariffContractDuration?tariffChangeUrl=%2F%2Fmobile.1und1.de%2Fsamsung-galaxy-s26-ultra&optionalPrecedingDocuments=%2F%2Fmobile.1und1.de%2Fsamsung-galaxy-s26-ultra&addFlowStates=tradeInAvailable%2CbrandSamsung%2CsamsungS26Series%2CwatchAvailable%2CstrapsAvailable%2CaskWatch%2ChwDurationsAvailable&traceId=66f8ee31-6636-4742-a690-63f102c4bfdc
Netzbetreiber;Samsung Galaxy S26 Ultra 512 GB;Samsung;512;congstar;Allnet Flat XS;XS;nicht_vergleichbar;;1472,00;1979,80;Kosten über die Bündellaufzeit;congstar führt für dieses Gerät nur ein erneuert Gerät – kein Vergleich gegen ein Neugerät.;2026-10-10;https://www.congstar.de/geraete/samsung/samsung-galaxy-s26-ultra-zustand-wie-neu/
Netzbetreiber;Samsung Galaxy S26 Ultra 512 GB;Samsung;512;congstar;Allnet Flat XS Flex;XS;nicht_vergleichbar;;1492,00;1979,80;Kosten über die Bündellaufzeit;congstar führt für dieses Gerät nur ein erneuert Gerät – kein Vergleich gegen ein Neugerät.;2026-10-10;https://www.congstar.de/geraete/samsung/samsung-galaxy-s26-ultra-zustand-wie-neu/
Netzbetreiber;Samsung Galaxy S26 Ultra 512 GB;Samsung;512;congstar;Allnet Flat XS;XS;nicht_vergleichbar;;1472,00;1979,80;Kosten über die Bündellaufzeit;congstar führt für dieses Gerät nur ein erneuert Gerät – kein Vergleich gegen ein Neugerät.;2026-10-10;https://www.congstar.de/geraete/samsung/samsung-galaxy-s26-ultra-zustand-wie-neu/
Netzbetreiber;Samsung Galaxy S26 Ultra 512 GB;Samsung;512;congstar;Allnet Flat XS Flex;XS;nicht_vergleichbar;;1492,00;1979,80;Kosten über die Bündellaufzeit;congstar führt für dieses Gerät nur ein erneuert Gerät – kein Vergleich gegen ein Neugerät.;2026-10-10;https://www.congstar.de/geraete/samsung/samsung-galaxy-s26-ultra-zustand-wie-neu/
Netzbetreiber;Samsung Galaxy S26 Ultra 512 GB;Samsung;512;congstar;Allnet Flat S;M;nicht_vergleichbar;;1592,00;2103,64;Kosten über die Bündellaufzeit;congstar führt für dieses Gerät nur ein erneuert Gerät – kein Vergleich gegen ein Neugerät.;2026-10-10;https://www.congstar.de/geraete/samsung/samsung-galaxy-s26-ultra-zustand-wie-neu/
Netzbetreiber;Samsung Galaxy S26 Ultra 512 GB;Samsung;512;congstar;Allnet Flat S Flex;M;nicht_vergleichbar;;1612,00;2103,64;Kosten über die Bündellaufzeit;congstar führt für dieses Gerät nur ein erneuert Gerät – kein Vergleich gegen ein Neugerät.;2026-10-10;https://www.congstar.de/geraete/samsung/samsung-galaxy-s26-ultra-zustand-wie-neu/
Netzbetreiber;Samsung Galaxy S26 Ultra 512 GB;Samsung;512;congstar;Allnet Flat S;M;nicht_vergleichbar;;1592,00;2115,64;Kosten über die Bündellaufzeit;congstar führt für dieses Gerät nur ein erneuert Gerät – kein Vergleich gegen ein Neugerät.;2026-10-10;https://www.congstar.de/geraete/samsung/samsung-galaxy-s26-ultra-zustand-wie-neu/
Netzbetreiber;Samsung Galaxy S26 Ultra 512 GB;Samsung;512;congstar;Allnet Flat S Flex;M;nicht_vergleichbar;;1612,00;2115,64;Kosten über die Bündellaufzeit;congstar führt für dieses Gerät nur ein erneuert Gerät – kein Vergleich gegen ein Neugerät.;2026-10-10;https://www.congstar.de/geraete/samsung/samsung-galaxy-s26-ultra-zustand-wie-neu/
Netzbetreiber;Samsung Galaxy S26 Ultra 512 GB;Samsung;512;congstar;Allnet Flat M;L;nicht_vergleichbar;;1712,00;2265,64;Kosten über die Bündellaufzeit;congstar führt für dieses Gerät nur ein erneuert Gerät – kein Vergleich gegen ein Neugerät.;2026-10-10;https://www.congstar.de/geraete/samsung/samsung-galaxy-s26-ultra-zustand-wie-neu/
Netzbetreiber;Samsung Galaxy S26 Ultra 512 GB;Samsung;512;congstar;Allnet Flat M Flex;L;nicht_vergleichbar;;1732,00;2265,64;Kosten über die Bündellaufzeit;congstar führt für dieses Gerät nur ein erneuert Gerät – kein Vergleich gegen ein Neugerät.;2026-10-10;https://www.congstar.de/geraete/samsung/samsung-galaxy-s26-ultra-zustand-wie-neu/
Netzbetreiber;Samsung Galaxy S26 Ultra 512 GB;Samsung;512;congstar;Allnet Flat L;L;nicht_vergleichbar;;1832,00;2265,64;Kosten über die Bündellaufzeit;congstar führt für dieses Gerät nur ein erneuert Gerät – kein Vergleich gegen ein Neugerät.;2026-10-10;https://www.congstar.de/geraete/samsung/samsung-galaxy-s26-ultra-zustand-wie-neu/
Netzbetreiber;Samsung Galaxy S26 Ultra 512 GB;Samsung;512;congstar;Allnet Flat L Flex;L;nicht_vergleichbar;;1852,00;2265,64;Kosten über die Bündellaufzeit;congstar führt für dieses Gerät nur ein erneuert Gerät – kein Vergleich gegen ein Neugerät.;2026-10-10;https://www.congstar.de/geraete/samsung/samsung-galaxy-s26-ultra-zustand-wie-neu/
Netzbetreiber;Samsung Galaxy S26 Ultra 512 GB;Samsung;512;congstar;Allnet Flat M;L;nicht_vergleichbar;;1712,00;2283,64;Kosten über die Bündellaufzeit;congstar führt für dieses Gerät nur ein erneuert Gerät – kein Vergleich gegen ein Neugerät.;2026-10-10;https://www.congstar.de/geraete/samsung/samsung-galaxy-s26-ultra-zustand-wie-neu/
Netzbetreiber;Samsung Galaxy S26 Ultra 512 GB;Samsung;512;congstar;Allnet Flat M Flex;L;nicht_vergleichbar;;1732,00;2283,64;Kosten über die Bündellaufzeit;congstar führt für dieses Gerät nur ein erneuert Gerät – kein Vergleich gegen ein Neugerät.;2026-10-10;https://www.congstar.de/geraete/samsung/samsung-galaxy-s26-ultra-zustand-wie-neu/
Netzbetreiber;Samsung Galaxy S26 Ultra 512 GB;Samsung;512;congstar;Allnet Flat L;L;nicht_vergleichbar;;1832,00;2283,64;Kosten über die Bündellaufzeit;congstar führt für dieses Gerät nur ein erneuert Gerät – kein Vergleich gegen ein Neugerät.;2026-10-10;https://www.congstar.de/geraete/samsung/samsung-galaxy-s26-ultra-zustand-wie-neu/
Netzbetreiber;Samsung Galaxy S26 Ultra 512 GB;Samsung;512;congstar;Allnet Flat L Flex;L;nicht_vergleichbar;;1852,00;2283,64;Kosten über die Bündellaufzeit;congstar führt für dieses Gerät nur ein erneuert Gerät – kein Vergleich gegen ein Neugerät.;2026-10-10;https://www.congstar.de/geraete/samsung/samsung-galaxy-s26-ultra-zustand-wie-neu/
Netzbetreiber;Apple iPhone 17 Pro 512 GB;Apple;512;congstar;Allnet Flat M;L;vergleichbar;-17,7;1910,00;2319,63;Kosten über 36 Monate · 36 Raten;;2026-10-10;https://www.congstar.de/geraete/apple/apple-iphone-17-pro/
Netzbetreiber;Apple iPhone 17 Pro 512 GB;Apple;512;congstar;Allnet Flat M;L;vergleichbar;-17,0;1910,00;2301,63;Kosten über 24 Monate · 24 Raten;;2026-10-10;https://www.congstar.de/geraete/apple/apple-iphone-17-pro/?paymentVariantBenefits=&planId=540&installmentPlanId=500
Netzbetreiber;Apple iPhone 17 Pro 512 GB;Apple;512;congstar;Allnet Flat S;M;vergleichbar;-15,1;1826,00;2151,63;Kosten über 36 Monate · 36 Raten;;2026-10-10;https://www.congstar.de/geraete/apple/apple-iphone-17-pro/
Netzbetreiber;Apple iPhone 17 Pro 512 GB;Apple;512;congstar;Allnet Flat S;M;vergleichbar;-14,7;1826,00;2139,63;Kosten über 24 Monate · 24 Raten;;2026-10-10;https://www.congstar.de/geraete/apple/apple-iphone-17-pro/?paymentVariantBenefits=&planId=560&installmentPlanId=500
Netzbetreiber;Apple iPhone 17 Pro 512 GB;Apple;512;congstar;Allnet Flat L;L;vergleichbar;-14,0;1994,00;2319,63;Kosten über 36 Monate · 36 Raten;;2026-10-10;https://www.congstar.de/geraete/apple/apple-iphone-17-pro/
Netzbetreiber;Apple iPhone 17 Pro 512 GB;Apple;512;congstar;Allnet Flat L;L;vergleichbar;-13,4;1994,00;2301,63;Kosten über 24 Monate · 24 Raten;;2026-10-10;https://www.congstar.de/geraete/apple/apple-iphone-17-pro/?paymentVariantBenefits=&planId=545&installmentPlanId=500
Netzbetreiber;Apple iPhone 17 Pro 512 GB;Apple;512;congstar;Allnet Flat XS;XS;vergleichbar;-11,8;1778,00;2015,79;Kosten über 24 Monate · 24 Raten;;2026-10-10;https://www.congstar.de/geraete/apple/apple-iphone-17-pro/?paymentVariantBenefits=&planId=543&installmentPlanId=500
Netzbetreiber;Apple iPhone 17 Pro 512 GB;Apple;512;congstar;Allnet Flat XS;XS;vergleichbar;-11,8;1778,00;2015,79;Kosten über 36 Monate · 36 Raten;;2026-10-10;https://www.congstar.de/geraete/apple/apple-iphone-17-pro/
Netzbetreiber;Apple iPhone 17 Pro 512 GB;Apple;512;congstar;Allnet Flat M Flex;L;vergleichbar;-6,7;2164,00;2319,63;Kosten über 36 Monate · 36 Raten;;2026-10-10;https://www.congstar.de/geraete/apple/apple-iphone-17-pro/
Netzbetreiber;Apple iPhone 17 Pro 512 GB;Apple;512;congstar;Allnet Flat M Flex;L;vergleichbar;-6,0;2164,00;2301,63;Kosten über 24 Monate · 24 Raten;;2026-10-10;https://www.congstar.de/geraete/apple/apple-iphone-17-pro/
Netzbetreiber;Apple iPhone 17 Pro 512 GB;Apple;512;congstar;Allnet Flat S Flex;M;vergleichbar;-5,0;2044,00;2151,63;Kosten über 36 Monate · 36 Raten;;2026-10-10;https://www.congstar.de/geraete/apple/apple-iphone-17-pro/
Netzbetreiber;Apple iPhone 17 Pro 512 GB;Apple;512;congstar;Allnet Flat XS Flex;XS;vergleichbar;-4,6;1924,00;2015,79;Kosten über 24 Monate · 24 Raten;;2026-10-10;https://www.congstar.de/geraete/apple/apple-iphone-17-pro/
Netzbetreiber;Apple iPhone 17 Pro 512 GB;Apple;512;congstar;Allnet Flat XS Flex;XS;vergleichbar;-4,6;1924,00;2015,79;Kosten über 36 Monate · 36 Raten;;2026-10-10;https://www.congstar.de/geraete/apple/apple-iphone-17-pro/
Netzbetreiber;Apple iPhone 17 Pro 512 GB;Apple;512;congstar;Allnet Flat S Flex;M;vergleichbar;-4,5;2044,00;2139,63;Kosten über 24 Monate · 24 Raten;;2026-10-10;https://www.congstar.de/geraete/apple/apple-iphone-17-pro/
Netzbetreiber;Apple iPhone 17 Pro 512 GB;Apple;512;congstar;Allnet Flat L Flex;L;vergleichbar;-1,5;2284,00;2319,63;Kosten über 36 Monate · 36 Raten;;2026-10-10;https://www.congstar.de/geraete/apple/apple-iphone-17-pro/
Netzbetreiber;Apple iPhone 17 Pro 512 GB;Apple;512;congstar;Allnet Flat L Flex;L;vergleichbar;-0,8;2284,00;2301,63;Kosten über 24 Monate · 24 Raten;;2026-10-10;https://www.congstar.de/geraete/apple/apple-iphone-17-pro/
Netzbetreiber;Apple iPhone 17 Pro 512 GB;Apple;512;Telekom;MagentaMobil M;M;vergleichbar;18,4;2546,55;2151,63;Kosten über 36 Monate · 36 Raten;;2026-10-10;https://www.telekom.de/shop/geraet/apple/apple-iphone-17-pro/tiefblau-512-gb?tariffId=MF_17791&categoryId=smartphones&forwardTradeInApplied=false&tariffCategoryId=smartphone-tarife&installmentValue=80.8&instalmentId=12&changedAttr%255B%255D=changedAttr.storage%253D512_GB
Netzbetreiber;Apple iPhone 17 Pro 512 GB;Apple;512;Telekom;MagentaMobil M;M;vergleichbar;19,0;2546,55;2139,63;Kosten über 24 Monate · 24 Raten;;2026-10-10;https://www.telekom.de/shop/geraet/apple/apple-iphone-17-pro/tiefblau-512-gb?tariffId=MF_17791&categoryId=smartphones&forwardTradeInApplied=false&tariffCategoryId=smartphone-tarife&installmentValue=46.2&instalmentId=24&changedAttr%5B%5D=changedAttr.storage%3D512_GB
Netzbetreiber;Apple iPhone 17 Pro 512 GB;Apple;512;Telekom;MagentaMobil M;M;vergleichbar;19,1;2547,75;2139,63;Kosten über 24 Monate · 12 Raten;;2026-10-10;https://www.telekom.de/shop/geraet/apple/apple-iphone-17-pro/tiefblau-512-gb?tariffId=MF_17791&categoryId=smartphones&forwardTradeInApplied=false&tariffCategoryId=smartphone-tarife&installmentValue=92.5&instalmentId=12&changedAttr%5B%5D=changedAttr.storage%3D512_GB
Netzbetreiber;Apple iPhone 17 Pro 512 GB;Apple;512;1&1;1&1 All-Net-Flat S;XS;nicht_vergleichbar;;2361,54;2015,79;Kosten über die Bündellaufzeit;1&1 wird nur über 24 Monate verglichen.;2026-10-09;https://mobile.1und1.de/flow2/mobile/ssc-private/tariffContractDuration?tariffChangeUrl=%2F%2Fmobile.1und1.de%2Fiphone-17-pro&optionalPrecedingDocuments=%2F%2Fmobile.1und1.de%2Fiphone-17-pro&addFlowStates=tradeInAvailable%2CbrandApple%2CwatchAvailable%2CaskWatch%2ChwDurationsAvailable&traceId=e980fb3a-7c9e-4f91-bab4-785988f52bdd
Netzbetreiber;Apple iPhone 17 Pro 512 GB;Apple;512;o2;;;nicht_vergleichbar;;;;Kosten über die Bündellaufzeit;Kein Abstand zur Vodafone-Referenz: der Anbieter nennt diesen Preis nicht direkt, er ist aus seinen Angaben berechnet.;;
Netzbetreiber;Apple iPhone 17 512 GB;Apple;512;congstar;Allnet Flat M;L;vergleichbar;-17,4;1826,00;2211,64;Kosten über 36 Monate · 36 Raten;;2026-10-10;https://www.congstar.de/geraete/apple/apple-iphone-17/
Netzbetreiber;Apple iPhone 17 512 GB;Apple;512;congstar;Allnet Flat M;L;vergleichbar;-16,8;1826,00;2193,64;Kosten über 24 Monate · 24 Raten;;2026-10-10;https://www.congstar.de/geraete/apple/apple-iphone-17/?paymentVariantBenefits=&planId=540&installmentPlanId=500&memorySize=512+GB
Netzbetreiber;Apple iPhone 17 512 GB;Apple;512;congstar;Allnet Flat S;M;vergleichbar;-14,8;1742,00;2043,64;Kosten über 36 Monate · 36 Raten;;2026-10-10;https://www.congstar.de/geraete/apple/apple-iphone-17/
Netzbetreiber;Apple iPhone 17 512 GB;Apple;512;congstar;Allnet Flat S;M;vergleichbar;-14,3;1742,00;2031,64;Kosten über 24 Monate · 24 Raten;;2026-10-10;https://www.congstar.de/geraete/apple/apple-iphone-17/?paymentVariantBenefits=&planId=560&installmentPlanId=500&memorySize=512+GB
Netzbetreiber;Apple iPhone 17 512 GB;Apple;512;congstar;Allnet Flat L;L;vergleichbar;-13,6;1910,00;2211,64;Kosten über 36 Monate · 36 Raten;;2026-10-10;https://www.congstar.de/geraete/apple/apple-iphone-17/
Netzbetreiber;Apple iPhone 17 512 GB;Apple;512;congstar;Allnet Flat XS;XS;vergleichbar;-13,1;1658,00;1907,80;Kosten über 24 Monate · 24 Raten;;2026-10-10;https://www.congstar.de/geraete/apple/apple-iphone-17/?paymentVariantBenefits=&planId=543&installmentPlanId=500&memorySize=512+GB
Netzbetreiber;Apple iPhone 17 512 GB;Apple;512;congstar;Allnet Flat XS;XS;vergleichbar;-13,1;1658,00;1907,80;Kosten über 36 Monate · 36 Raten;;2026-10-10;https://www.congstar.de/geraete/apple/apple-iphone-17/
Netzbetreiber;Apple iPhone 17 512 GB;Apple;512;congstar;Allnet Flat L;L;vergleichbar;-12,9;1910,00;2193,64;Kosten über 24 Monate · 24 Raten;;2026-10-10;https://www.congstar.de/geraete/apple/apple-iphone-17/?paymentVariantBenefits=&planId=545&installmentPlanId=500&memorySize=512+GB
Netzbetreiber;Apple iPhone 17 512 GB;Apple;512;congstar;Allnet Flat M Flex;L;vergleichbar;-11,6;1954,00;2211,64;Kosten über 36 Monate · 36 Raten;;2026-10-10;https://www.congstar.de/geraete/apple/apple-iphone-17/
Netzbetreiber;Apple iPhone 17 512 GB;Apple;512;congstar;Allnet Flat M Flex;L;vergleichbar;-10,9;1954,00;2193,64;Kosten über 24 Monate · 24 Raten;;2026-10-10;https://www.congstar.de/geraete/apple/apple-iphone-17/
Netzbetreiber;Apple iPhone 17 512 GB;Apple;512;congstar;Allnet Flat S Flex;M;vergleichbar;-10,3;1834,00;2043,64;Kosten über 36 Monate · 36 Raten;;2026-10-10;https://www.congstar.de/geraete/apple/apple-iphone-17/
Netzbetreiber;Apple iPhone 17 512 GB;Apple;512;congstar;Allnet Flat XS Flex;XS;vergleichbar;-10,2;1714,00;1907,80;Kosten über 24 Monate · 24 Raten;;2026-10-10;https://www.congstar.de/geraete/apple/apple-iphone-17/
Netzbetreiber;Apple iPhone 17 512 GB;Apple;512;congstar;Allnet Flat XS Flex;XS;vergleichbar;-10,2;1714,00;1907,80;Kosten über 36 Monate · 36 Raten;;2026-10-10;https://www.congstar.de/geraete/apple/apple-iphone-17/
Netzbetreiber;Apple iPhone 17 512 GB;Apple;512;congstar;Allnet Flat S Flex;M;vergleichbar;-9,7;1834,00;2031,64;Kosten über 24 Monate · 24 Raten;;2026-10-10;https://www.congstar.de/geraete/apple/apple-iphone-17/
Netzbetreiber;Apple iPhone 17 512 GB;Apple;512;congstar;Allnet Flat L Flex;L;vergleichbar;-6,2;2074,00;2211,64;Kosten über 36 Monate · 36 Raten;;2026-10-10;https://www.congstar.de/geraete/apple/apple-iphone-17/
Netzbetreiber;Apple iPhone 17 512 GB;Apple;512;congstar;Allnet Flat L Flex;L;vergleichbar;-5,5;2074,00;2193,64;Kosten über 24 Monate · 24 Raten;;2026-10-10;https://www.congstar.de/geraete/apple/apple-iphone-17/
Netzbetreiber;Apple iPhone 17 512 GB;Apple;512;Telekom;MagentaMobil M;M;vergleichbar;19,7;2446,55;2043,64;Kosten über 36 Monate · 36 Raten;;2026-10-09;https://www.telekom.de/shop/geraet/apple/apple-iphone-17/lavendel-512-gb?tariffId=MF_17791&categoryId=smartphones&tariffCategoryId=smartphone-tarife&installmentValue=71.6&instalmentId=12&changedAttr%255B%255D=changedAttr.storage%253D512_GB
Netzbetreiber;Apple iPhone 17 512 GB;Apple;512;Telekom;MagentaMobil M;M;vergleichbar;20,4;2446,55;2031,64;Kosten über 24 Monate · 24 Raten;;2026-10-09;https://www.telekom.de/shop/geraet/apple/apple-iphone-17/lavendel-512-gb?tariffId=MF_17791&categoryId=smartphones&tariffCategoryId=smartphone-tarife&installmentValue=46.2&instalmentId=24&changedAttr%5B%5D=changedAttr.storage%3D512_GB
Netzbetreiber;Apple iPhone 17 512 GB;Apple;512;Telekom;MagentaMobil M;M;vergleichbar;20,5;2447,75;2031,64;Kosten über 24 Monate · 12 Raten;;2026-10-09;https://www.telekom.de/shop/geraet/apple/apple-iphone-17/lavendel-512-gb?tariffId=MF_17791&categoryId=smartphones&tariffCategoryId=smartphone-tarife&installmentValue=92.5&instalmentId=12&changedAttr%5B%5D=changedAttr.storage%3D512_GB
Netzbetreiber;Apple iPhone 17 512 GB;Apple;512;1&1;1&1 All-Net-Flat S;XS;nicht_vergleichbar;;2259,54;1907,80;Kosten über die Bündellaufzeit;1&1 wird nur über 24 Monate verglichen.;2026-10-09;https://mobile.1und1.de/flow2/mobile/ssc-private/tariffContractDuration?tariffChangeUrl=%2F%2Fmobile.1und1.de%2Fiphone-17&optionalPrecedingDocuments=%2F%2Fmobile.1und1.de%2Fiphone-17&addFlowStates=tradeInAvailable%2CbrandApple%2CwatchAvailable%2CaskWatch%2ChwDurationsAvailable&traceId=7b7325c2-9c13-4f2a-ad96-2b242eaa70b6
Netzbetreiber;Apple iPhone 17 512 GB;Apple;512;o2;;;kein_buendel;;;;Kosten über die Bündellaufzeit;Für dieses Modell ist bei o2 kein Bündel erhoben.;;
Netzbetreiber;Samsung Galaxy S26 FE 128 GB;Samsung;128;congstar;Allnet Flat M;L;vergleichbar;-16,9;1300,00;1563,64;Kosten über 36 Monate · 36 Raten;;2026-10-10;https://www.congstar.de/geraete/samsung/samsung-galaxy-s26-fe/
Netzbetreiber;Samsung Galaxy S26 FE 128 GB;Samsung;128;congstar;Allnet Flat M;L;vergleichbar;-15,9;1300,00;1545,64;Kosten über 24 Monate · 24 Raten;;2026-10-10;https://www.congstar.de/geraete/samsung/samsung-galaxy-s26-fe/?planId=540&installmentPlanId=500
Netzbetreiber;Samsung Galaxy S26 FE 128 GB;Samsung;128;o2;O2 Mobile on Demand M Plus mit 50 GB+ (24 Mon.);M;vergleichbar;-13,2;1210,75;1395,64;Kosten über 36 Monate · 36 Raten;;2026-10-10;https://www.o2online.de/e-shop/samsung/samsung-galaxy-s26-fe-128gb-pistachio-details?ohne-tarif=nein&zielgruppe=privatkunden&ratenzahlung=36&vertragsart=ratenzahlung&tarif=o2-mobile-on-demand-m-plus
Netzbetreiber;Samsung Galaxy S26 FE 128 GB;Samsung;128;congstar;Allnet Flat S;M;vergleichbar;-12,9;1216,00;1395,64;Kosten über 36 Monate · 36 Raten;;2026-10-10;https://www.congstar.de/geraete/samsung/samsung-galaxy-s26-fe/
Netzbetreiber;Samsung Galaxy S26 FE 128 GB;Samsung;128;o2;O2 Mobile on Demand M Plus mit 50 GB+ (24 Mon.);M;vergleichbar;-12,5;1210,75;1383,64;Kosten über 24 Monate · 24 Raten;;2026-10-10;https://www.o2online.de/e-shop/samsung/samsung-galaxy-s26-fe-128gb-pistachio-details?ohne-tarif=nein&zielgruppe=privatkunden&ratenzahlung=36&vertragsart=ratenzahlung&tarif=o2-mobile-on-demand-m-plus
Netzbetreiber;Samsung Galaxy S26 FE 128 GB;Samsung;128;congstar;Allnet Flat S;M;vergleichbar;-12,1;1216,00;1383,64;Kosten über 24 Monate · 24 Raten;;2026-10-10;https://www.congstar.de/geraete/samsung/samsung-galaxy-s26-fe/?planId=560&installmentPlanId=500
Netzbetreiber;Samsung Galaxy S26 FE 128 GB;Samsung;128;congstar;Allnet Flat L;L;vergleichbar;-11,5;1384,00;1563,64;Kosten über 36 Monate · 36 Raten;;2026-10-10;https://www.congstar.de/geraete/samsung/samsung-galaxy-s26-fe/
Netzbetreiber;Samsung Galaxy S26 FE 128 GB;Samsung;128;congstar;Allnet Flat L;L;vergleichbar;-10,5;1384,00;1545,64;Kosten über 24 Monate · 24 Raten;;2026-10-10;https://www.congstar.de/geraete/samsung/samsung-galaxy-s26-fe/?planId=545&installmentPlanId=500
Netzbetreiber;Samsung Galaxy S26 FE 128 GB;Samsung;128;congstar;Allnet Flat XS;XS;vergleichbar;-10,1;1132,00;1259,80;Kosten über 24 Monate · 24 Raten;;2026-10-10;https://www.congstar.de/geraete/samsung/samsung-galaxy-s26-fe/?planId=543&installmentPlanId=500
Netzbetreiber;Samsung Galaxy S26 FE 128 GB;Samsung;128;congstar;Allnet Flat XS;XS;vergleichbar;-10,1;1132,00;1259,80;Kosten über 36 Monate · 36 Raten;;2026-10-10;https://www.congstar.de/geraete/samsung/samsung-galaxy-s26-fe/
Netzbetreiber;Samsung Galaxy S26 FE 128 GB;Samsung;128;congstar;Allnet Flat M Flex;L;vergleichbar;-8,7;1428,00;1563,64;Kosten über 36 Monate · 36 Raten;;2026-10-10;https://www.congstar.de/geraete/samsung/samsung-galaxy-s26-fe/
Netzbetreiber;Samsung Galaxy S26 FE 128 GB;Samsung;128;congstar;Allnet Flat M Flex;L;vergleichbar;-7,6;1428,00;1545,64;Kosten über 24 Monate · 24 Raten;;2026-10-10;https://www.congstar.de/geraete/samsung/samsung-galaxy-s26-fe/
Netzbetreiber;Samsung Galaxy S26 FE 128 GB;Samsung;128;congstar;Allnet Flat S Flex;M;vergleichbar;-6,3;1308,00;1395,64;Kosten über 36 Monate · 36 Raten;;2026-10-10;https://www.congstar.de/geraete/samsung/samsung-galaxy-s26-fe/
Netzbetreiber;Samsung Galaxy S26 FE 128 GB;Samsung;128;congstar;Allnet Flat XS Flex;XS;vergleichbar;-5,7;1188,00;1259,80;Kosten über 24 Monate · 24 Raten;;2026-10-10;https://www.congstar.de/geraete/samsung/samsung-galaxy-s26-fe/
Netzbetreiber;Samsung Galaxy S26 FE 128 GB;Samsung;128;congstar;Allnet Flat XS Flex;XS;vergleichbar;-5,7;1188,00;1259,80;Kosten über 36 Monate · 36 Raten;;2026-10-10;https://www.congstar.de/geraete/samsung/samsung-galaxy-s26-fe/
Netzbetreiber;Samsung Galaxy S26 FE 128 GB;Samsung;128;congstar;Allnet Flat S Flex;M;vergleichbar;-5,5;1308,00;1383,64;Kosten über 24 Monate · 24 Raten;;2026-10-10;https://www.congstar.de/geraete/samsung/samsung-galaxy-s26-fe/
Netzbetreiber;Samsung Galaxy S26 FE 128 GB;Samsung;128;congstar;Allnet Flat L Flex;L;vergleichbar;-1,0;1548,00;1563,64;Kosten über 36 Monate · 36 Raten;;2026-10-10;https://www.congstar.de/geraete/samsung/samsung-galaxy-s26-fe/
Netzbetreiber;Samsung Galaxy S26 FE 128 GB;Samsung;128;congstar;Allnet Flat L Flex;L;vergleichbar;0,2;1548,00;1545,64;Kosten über 24 Monate · 24 Raten;;2026-10-10;https://www.congstar.de/geraete/samsung/samsung-galaxy-s26-fe/
Netzbetreiber;Samsung Galaxy S26 FE 128 GB;Samsung;128;Telekom;MagentaMobil XS;XS;vergleichbar;19,5;1504,95;1259,80;Kosten über 36 Monate · 36 Raten;;2026-10-10;https://www.telekom.de/shop/geraet/samsung/samsung-galaxy-s26-fe/enterprise-edition-graphite-128-gb?sortBy=popularityIndex&currentPage=3&tariffId=MF_17779&itemPerPage=24&excludedCurrentPage=1&forwardTradeInApplied=false&bp=acquisition&categoryId=smartphones
Netzbetreiber;Samsung Galaxy S26 FE 128 GB;Samsung;128;Telekom;MagentaMobil S;S;vergleichbar;23,2;1744,95;1415,80;Kosten über 36 Monate · 36 Raten;;2026-10-10;https://www.telekom.de/shop/geraet/samsung/samsung-galaxy-s26-fe/enterprise-edition-graphite-128-gb?sortBy=popularityIndex&currentPage=3&tariffId=MF_17785&itemPerPage=24&excludedCurrentPage=1&forwardTradeInApplied=false&bp=acquisition&categoryId=smartphones
Netzbetreiber;Samsung Galaxy S26 FE 128 GB;Samsung;128;Telekom;MagentaMobil L;L;vergleichbar;29,6;2026,95;1563,64;Kosten über 36 Monate · 36 Raten;;2026-10-10;https://www.telekom.de/shop/geraet/samsung/samsung-galaxy-s26-fe/enterprise-edition-graphite-128-gb?sortBy=popularityIndex&currentPage=3&tariffId=MF_17797&itemPerPage=24&excludedCurrentPage=1&forwardTradeInApplied=false&bp=acquisition&categoryId=smartphones
Netzbetreiber;Samsung Galaxy S26 FE 128 GB;Samsung;128;Telekom;MagentaMobil XL;XL;vergleichbar;33,8;2526,15;1887,64;Kosten über 36 Monate · 36 Raten;;2026-10-10;https://www.telekom.de/shop/geraet/samsung/samsung-galaxy-s26-fe/enterprise-edition-graphite-128-gb?sortBy=popularityIndex&currentPage=3&tariffId=MF_17803&itemPerPage=24&excludedCurrentPage=1&forwardTradeInApplied=false&bp=acquisition&categoryId=smartphones
Netzbetreiber;Samsung Galaxy S26 FE 128 GB;Samsung;128;Telekom;MagentaMobil M;M;vergleichbar;35,3;1887,75;1395,64;Kosten über 36 Monate · 36 Raten;;2026-10-10;https://www.telekom.de/shop/geraet/samsung/samsung-galaxy-s26-fe/enterprise-edition-graphite-128-gb?sortBy=popularityIndex&currentPage=3&tariffId=MF_17791&itemPerPage=24&excludedCurrentPage=1&forwardTradeInApplied=false&bp=acquisition&categoryId=smartphones
Netzbetreiber;Samsung Galaxy S26 FE 128 GB;Samsung;128;1&1;1&1 All-Net-Flat S;XS;nicht_vergleichbar;;1207,54;1259,80;Kosten über die Bündellaufzeit;1&1 wird nur über 24 Monate verglichen.;2026-10-09;https://mobile.1und1.de/flow2/mobile/ssc-private/tariffContractDuration?tariffChangeUrl=%2F%2Fmobile.1und1.de%2Fsamsung-galaxy-s26-fe&optionalPrecedingDocuments=%2F%2Fmobile.1und1.de%2Fsamsung-galaxy-s26-fe&addFlowStates=tradeInAvailable%2CbrandSamsung%2CsamsungS26fe%2CwatchAvailable%2CstrapsAvailable%2CaskWatch%2ChwDurationsAvailable&traceId=7a8dc0f5-7f44-4b65-b7a3-908f4163c519
Netzbetreiber;Apple iPhone 18 Pro Max 256 GB;Apple;256;o2;O2 Mobile Unlimited M mit 100 MBit/s (24 Mon.);XL;vergleichbar;-16,5;2328,76;2787,64;Kosten über 36 Monate · 36 Raten;;2026-10-10;https://www.o2online.de/e-shop/apple/apple-iphone-18-pro-max-256gb-polar-details?ohne-tarif=nein&zielgruppe=privatkunden&ratenzahlung=36&vertragsart=ratenzahlung&tarif=o2-mobile-unlimited-m
Netzbetreiber;Apple iPhone 18 Pro Max 256 GB;Apple;256;o2;O2 Mobile Unlimited M mit 100 MBit/s (24 Mon.);XL;vergleichbar;-15,4;2328,76;2751,64;Kosten über 24 Monate · 24 Raten;;2026-10-10;https://www.o2online.de/e-shop/apple/apple-iphone-18-pro-max-256gb-polar-details?ohne-tarif=nein&zielgruppe=privatkunden&ratenzahlung=36&vertragsart=ratenzahlung&tarif=o2-mobile-unlimited-m
Netzbetreiber;Apple iPhone 18 Pro Max 256 GB;Apple;256;congstar;Allnet Flat M;L;vergleichbar;-10,4;2208,00;2463,64;Kosten über 36 Monate · 36 Raten;;2026-10-10;https://www.congstar.de/geraete/apple/apple-iphone-18-pro-max/
Netzbetreiber;Apple iPhone 18 Pro Max 256 GB;Apple;256;congstar;Allnet Flat M;L;vergleichbar;-9,7;2208,00;2445,64;Kosten über 24 Monate · 24 Raten;;2026-10-10;https://www.congstar.de/geraete/apple/apple-iphone-18-pro-max/?paymentVariantBenefits=&planId=540&installmentPlanId=500
Netzbetreiber;Apple iPhone 18 Pro Max 256 GB;Apple;256;congstar;Allnet Flat M Flex;L;vergleichbar;-9,6;2228,00;2463,64;Kosten über 36 Monate · 36 Raten;;2026-10-10;https://www.congstar.de/geraete/apple/apple-iphone-18-pro-max/
Netzbetreiber;Apple iPhone 18 Pro Max 256 GB;Apple;256;congstar;Allnet Flat S;M;vergleichbar;-9,0;2088,00;2295,64;Kosten über 36 Monate · 36 Raten;;2026-10-10;https://www.congstar.de/geraete/apple/apple-iphone-18-pro-max/
Netzbetreiber;Apple iPhone 18 Pro Max 256 GB;Apple;256;congstar;Allnet Flat XS;XS;vergleichbar;-8,9;1968,00;2159,80;Kosten über 24 Monate · 24 Raten;;2026-10-10;https://www.congstar.de/geraete/apple/apple-iphone-18-pro-max/?paymentVariantBenefits=&planId=543&installmentPlanId=500
Netzbetreiber;Apple iPhone 18 Pro Max 256 GB;Apple;256;congstar;Allnet Flat XS;XS;vergleichbar;-8,9;1968,00;2159,80;Kosten über 36 Monate · 36 Raten;;2026-10-10;https://www.congstar.de/geraete/apple/apple-iphone-18-pro-max/
Netzbetreiber;Apple iPhone 18 Pro Max 256 GB;Apple;256;congstar;Allnet Flat M Flex;L;vergleichbar;-8,9;2228,00;2445,64;Kosten über 24 Monate · 24 Raten;;2026-10-10;https://www.congstar.de/geraete/apple/apple-iphone-18-pro-max/
Netzbetreiber;Apple iPhone 18 Pro Max 256 GB;Apple;256;congstar;Allnet Flat S;M;vergleichbar;-8,6;2088,00;2283,64;Kosten über 24 Monate · 24 Raten;;2026-10-10;https://www.congstar.de/geraete/apple/apple-iphone-18-pro-max/?paymentVariantBenefits=&planId=560&installmentPlanId=500
Netzbetreiber;Apple iPhone 18 Pro Max 256 GB;Apple;256;congstar;Allnet Flat S Flex;M;vergleichbar;-8,2;2108,00;2295,64;Kosten über 36 Monate · 36 Raten;;2026-10-10;https://www.congstar.de/geraete/apple/apple-iphone-18-pro-max/
Netzbetreiber;Apple iPhone 18 Pro Max 256 GB;Apple;256;congstar;Allnet Flat XS Flex;XS;vergleichbar;-8,0;1988,00;2159,80;Kosten über 24 Monate · 24 Raten;;2026-10-10;https://www.congstar.de/geraete/apple/apple-iphone-18-pro-max/
Netzbetreiber;Apple iPhone 18 Pro Max 256 GB;Apple;256;congstar;Allnet Flat XS Flex;XS;vergleichbar;-8,0;1988,00;2159,80;Kosten über 36 Monate · 36 Raten;;2026-10-10;https://www.congstar.de/geraete/apple/apple-iphone-18-pro-max/
Netzbetreiber;Apple iPhone 18 Pro Max 256 GB;Apple;256;o2;O2 Mobile Unlimited L mit 300 MBit/s (24 Mon.);XL;vergleichbar;-7,9;2568,76;2787,64;Kosten über 36 Monate · 36 Raten;;2026-10-10;https://www.o2online.de/e-shop/apple/apple-iphone-18-pro-max-256gb-polar-details?ohne-tarif=nein&zielgruppe=privatkunden&ratenzahlung=36&vertragsart=ratenzahlung&tarif=o2-mobile-unlimited-m
Netzbetreiber;Apple iPhone 18 Pro Max 256 GB;Apple;256;congstar;Allnet Flat S Flex;M;vergleichbar;-7,7;2108,00;2283,64;Kosten über 24 Monate · 24 Raten;;2026-10-10;https://www.congstar.de/geraete/apple/apple-iphone-18-pro-max/
Netzbetreiber;Apple iPhone 18 Pro Max 256 GB;Apple;256;o2;O2 Mobile Unlimited L mit 300 MBit/s (24 Mon.);XL;vergleichbar;-6,6;2568,76;2751,64;Kosten über 24 Monate · 24 Raten;;2026-10-10;https://www.o2online.de/e-shop/apple/apple-iphone-18-pro-max-256gb-polar-details?ohne-tarif=nein&zielgruppe=privatkunden&ratenzahlung=36&vertragsart=ratenzahlung&tarif=o2-mobile-unlimited-m
Netzbetreiber;Apple iPhone 18 Pro Max 256 GB;Apple;256;o2;O2 Mobile L mit 150 GB+ (24 Mon.);L;vergleichbar;-5,5;2328,76;2463,64;Kosten über 36 Monate · 36 Raten;;2026-10-10;https://www.o2online.de/e-shop/apple/apple-iphone-18-pro-max-256gb-polar-details?ohne-tarif=nein&zielgruppe=privatkunden&ratenzahlung=36&vertragsart=ratenzahlung&tarif=o2-mobile-unlimited-m
Netzbetreiber;Apple iPhone 18 Pro Max 256 GB;Apple;256;congstar;Allnet Flat L;L;vergleichbar;-5,5;2328,00;2463,64;Kosten über 36 Monate · 36 Raten;;2026-10-10;https://www.congstar.de/geraete/apple/apple-iphone-18-pro-max/
Netzbetreiber;Apple iPhone 18 Pro Max 256 GB;Apple;256;o2;O2 Mobile L mit 150 GB+ (24 Mon.);L;vergleichbar;-4,8;2328,76;2445,64;Kosten über 24 Monate · 24 Raten;;2026-10-10;https://www.o2online.de/e-shop/apple/apple-iphone-18-pro-max-256gb-polar-details?ohne-tarif=nein&zielgruppe=privatkunden&ratenzahlung=36&vertragsart=ratenzahlung&tarif=o2-mobile-unlimited-m
Netzbetreiber;Apple iPhone 18 Pro Max 256 GB;Apple;256;congstar;Allnet Flat L;L;vergleichbar;-4,8;2328,00;2445,64;Kosten über 24 Monate · 24 Raten;;2026-10-10;https://www.congstar.de/geraete/apple/apple-iphone-18-pro-max/?paymentVariantBenefits=&planId=545&installmentPlanId=500
Netzbetreiber;Apple iPhone 18 Pro Max 256 GB;Apple;256;congstar;Allnet Flat L Flex;L;vergleichbar;-4,7;2348,00;2463,64;Kosten über 36 Monate · 36 Raten;;2026-10-10;https://www.congstar.de/geraete/apple/apple-iphone-18-pro-max/
Netzbetreiber;Apple iPhone 18 Pro Max 256 GB;Apple;256;congstar;Allnet Flat L Flex;L;vergleichbar;-4,0;2348,00;2445,64;Kosten über 24 Monate · 24 Raten;;2026-10-10;https://www.congstar.de/geraete/apple/apple-iphone-18-pro-max/
Netzbetreiber;Apple iPhone 18 Pro Max 256 GB;Apple;256;o2;O2 Mobile on Demand M mit 50 GB+ (24 Mon.);M;vergleichbar;-2,0;2248,75;2295,64;Kosten über 36 Monate · 36 Raten;;2026-10-10;https://www.o2online.de/e-shop/apple/apple-iphone-18-pro-max-256gb-polar-details?ohne-tarif=nein&zielgruppe=privatkunden&ratenzahlung=36&vertragsart=ratenzahlung&tarif=o2-mobile-unlimited-m
Netzbetreiber;Apple iPhone 18 Pro Max 256 GB;Apple;256;o2;O2 Mobile on Demand M mit 50 GB+ (24 Mon.);M;vergleichbar;-1,5;2248,75;2283,64;Kosten über 24 Monate · 24 Raten;;2026-10-10;https://www.o2online.de/e-shop/apple/apple-iphone-18-pro-max-256gb-polar-details?ohne-tarif=nein&zielgruppe=privatkunden&ratenzahlung=36&vertragsart=ratenzahlung&tarif=o2-mobile-unlimited-m
Netzbetreiber;Apple iPhone 18 Pro Max 256 GB;Apple;256;Telekom;MagentaMobil XS;XS;vergleichbar;7,6;2324,95;2159,80;Kosten über 36 Monate · 36 Raten;;2026-10-10;https://www.telekom.de/shop/geraet/apple/apple-iphone-18-pro-max/burgunder-256-gb?sortBy=popularityIndex&currentPage=3&tariffId=MF_17779&itemPerPage=24&excludedCurrentPage=1&forwardTradeInApplied=false&bp=acquisition&categoryId=smartphones
Netzbetreiber;Apple iPhone 18 Pro Max 256 GB;Apple;256;Telekom;MagentaMobil S;S;vergleichbar;9,6;2564,95;2339,80;Kosten über 36 Monate · 36 Raten;;2026-10-10;https://www.telekom.de/shop/geraet/apple/apple-iphone-18-pro-max/burgunder-256-gb?sortBy=popularityIndex&currentPage=3&tariffId=MF_17785&itemPerPage=24&excludedCurrentPage=1&forwardTradeInApplied=false&bp=acquisition&categoryId=smartphones
Netzbetreiber;Apple iPhone 18 Pro Max 256 GB;Apple;256;Telekom;MagentaMobil L;L;vergleichbar;15,6;2847,75;2463,64;Kosten über 36 Monate · 36 Raten;;2026-10-10;https://www.telekom.de/shop/geraet/apple/apple-iphone-18-pro-max/burgunder-256-gb?sortBy=popularityIndex&currentPage=3&tariffId=MF_17797&itemPerPage=24&excludedCurrentPage=1&forwardTradeInApplied=false&bp=acquisition&categoryId=smartphones
Netzbetreiber;Apple iPhone 18 Pro Max 256 GB;Apple;256;Telekom;MagentaMobil M;M;vergleichbar;18,0;2707,75;2295,64;Kosten über 36 Monate · 36 Raten;;2026-10-10;https://www.telekom.de/shop/geraet/apple/apple-iphone-18-pro-max/burgunder-256-gb?sortBy=popularityIndex&currentPage=3&tariffId=MF_17791&itemPerPage=24&excludedCurrentPage=1&forwardTradeInApplied=false&bp=acquisition&categoryId=smartphones
Netzbetreiber;Apple iPhone 18 Pro Max 256 GB;Apple;256;Telekom;MagentaMobil XL;XL;vergleichbar;20,1;3346,95;2787,64;Kosten über 36 Monate · 36 Raten;;2026-10-10;https://www.telekom.de/shop/geraet/apple/apple-iphone-18-pro-max/burgunder-256-gb?sortBy=popularityIndex&currentPage=3&tariffId=MF_17803&itemPerPage=24&excludedCurrentPage=1&forwardTradeInApplied=false&bp=acquisition&categoryId=smartphones
Netzbetreiber;Apple iPhone 18 Pro Max 256 GB;Apple;256;1&1;1&1 All-Net-Flat S;XS;nicht_vergleichbar;;2499,54;2159,80;Kosten über die Bündellaufzeit;1&1 wird nur über 24 Monate verglichen.;2026-10-09;https://mobile.1und1.de/flow2/mobile/ssc-private/tariffContractDuration?tariffChangeUrl=%2F%2Fmobile.1und1.de%2Fiphone-18-pro-max&optionalPrecedingDocuments=%2F%2Fmobile.1und1.de%2Fiphone-18-pro-max&addFlowStates=tradeInAvailable%2CbrandApple%2CwatchAvailable%2CaskWatch%2ChwDurationsAvailable&traceId=647d3fc6-36b9-4b10-a414-c5cc80188270
Netzbetreiber;Samsung Galaxy Z Flip8 512 GB;Samsung;512;congstar;Allnet Flat M;L;vergleichbar;-16,1;1826,00;2175,64;Kosten über 36 Monate · 36 Raten;;2026-10-10;https://www.congstar.de/geraete/samsung/samsung-galaxy-z-flip8/
Netzbetreiber;Samsung Galaxy Z Flip8 512 GB;Samsung;512;congstar;Allnet Flat M;L;vergleichbar;-15,4;1826,00;2157,64;Kosten über 24 Monate · 24 Raten;;2026-10-10;https://www.congstar.de/geraete/samsung/samsung-galaxy-z-flip8/?paymentVariantBenefits=&planId=540&installmentPlanId=500&memorySize=512+GB
Netzbetreiber;Samsung Galaxy Z Flip8 512 GB;Samsung;512;congstar;Allnet Flat L;L;vergleichbar;-12,2;1910,00;2175,64;Kosten über 36 Monate · 36 Raten;;2026-10-10;https://www.congstar.de/geraete/samsung/samsung-galaxy-z-flip8/
Netzbetreiber;Samsung Galaxy Z Flip8 512 GB;Samsung;512;congstar;Allnet Flat L;L;vergleichbar;-11,5;1910,00;2157,64;Kosten über 24 Monate · 24 Raten;;2026-10-10;https://www.congstar.de/geraete/samsung/samsung-galaxy-z-flip8/?paymentVariantBenefits=&planId=545&installmentPlanId=500&memorySize=512+GB
Netzbetreiber;Samsung Galaxy Z Flip8 512 GB;Samsung;512;congstar;Allnet Flat S;M;vergleichbar;-11,4;1778,00;2007,64;Kosten über 36 Monate · 36 Raten;;2026-10-10;https://www.congstar.de/geraete/samsung/samsung-galaxy-z-flip8/
Netzbetreiber;Samsung Galaxy Z Flip8 512 GB;Samsung;512;congstar;Allnet Flat S;M;vergleichbar;-10,9;1778,00;1995,64;Kosten über 24 Monate · 24 Raten;;2026-10-10;https://www.congstar.de/geraete/samsung/samsung-galaxy-z-flip8/?paymentVariantBenefits=&planId=560&installmentPlanId=500&memorySize=512+GB
Netzbetreiber;Samsung Galaxy Z Flip8 512 GB;Samsung;512;o2;O2 Mobile on Demand M Plus mit 50 GB+ (24 Mon.);M;vergleichbar;-10,7;1792,75;2007,64;Kosten über 36 Monate · 36 Raten;;2026-10-10;https://www.o2online.de/e-shop/samsung/samsung-galaxy-z-flip8-256gb-pink-details?ohne-tarif=nein&zielgruppe=privatkunden&ratenzahlung=36&vertragsart=ratenzahlung&tarif=o2-mobile-on-demand-m-plus
Netzbetreiber;Samsung Galaxy Z Flip8 512 GB;Samsung;512;o2;O2 Mobile on Demand M Plus mit 50 GB+ (24 Mon.);M;vergleichbar;-6,6;1864,75;1995,64;Kosten über 24 Monate · 24 Raten;;2026-10-10;https://www.o2online.de/e-shop/samsung/samsung-galaxy-z-flip8-256gb-pink-details?ohne-tarif=nein&zielgruppe=privatkunden&ratenzahlung=36&vertragsart=ratenzahlung&tarif=o2-mobile-on-demand-m-plus
Netzbetreiber;Samsung Galaxy Z Flip8 512 GB;Samsung;512;congstar;Allnet Flat XS;XS;vergleichbar;-5,7;1766,00;1871,80;Kosten über 24 Monate · 24 Raten;;2026-10-10;https://www.congstar.de/geraete/samsung/samsung-galaxy-z-flip8/?paymentVariantBenefits=&planId=543&installmentPlanId=500&memorySize=512+GB
Netzbetreiber;Samsung Galaxy Z Flip8 512 GB;Samsung;512;congstar;Allnet Flat XS;XS;vergleichbar;-5,7;1766,00;1871,80;Kosten über 36 Monate · 36 Raten;;2026-10-10;https://www.congstar.de/geraete/samsung/samsung-galaxy-z-flip8/
Netzbetreiber;Samsung Galaxy Z Flip8 512 GB;Samsung;512;congstar;Allnet Flat M Flex;L;vergleichbar;-1,9;2134,00;2175,64;Kosten über 36 Monate · 36 Raten;;2026-10-10;https://www.congstar.de/geraete/samsung/samsung-galaxy-z-flip8/
Netzbetreiber;Samsung Galaxy Z Flip8 512 GB;Samsung;512;congstar;Allnet Flat M Flex;L;vergleichbar;-1,1;2134,00;2157,64;Kosten über 24 Monate · 24 Raten;;2026-10-10;https://www.congstar.de/geraete/samsung/samsung-galaxy-z-flip8/
Netzbetreiber;Samsung Galaxy Z Flip8 512 GB;Samsung;512;congstar;Allnet Flat S Flex;M;vergleichbar;0,3;2014,00;2007,64;Kosten über 36 Monate · 36 Raten;;2026-10-10;https://www.congstar.de/geraete/samsung/samsung-galaxy-z-flip8/
Netzbetreiber;Samsung Galaxy Z Flip8 512 GB;Samsung;512;congstar;Allnet Flat S Flex;M;vergleichbar;0,9;2014,00;1995,64;Kosten über 24 Monate · 24 Raten;;2026-10-10;https://www.congstar.de/geraete/samsung/samsung-galaxy-z-flip8/
Netzbetreiber;Samsung Galaxy Z Flip8 512 GB;Samsung;512;congstar;Allnet Flat XS Flex;XS;vergleichbar;1,2;1894,00;1871,80;Kosten über 24 Monate · 24 Raten;;2026-10-10;https://www.congstar.de/geraete/samsung/samsung-galaxy-z-flip8/
Netzbetreiber;Samsung Galaxy Z Flip8 512 GB;Samsung;512;congstar;Allnet Flat XS Flex;XS;vergleichbar;1,2;1894,00;1871,80;Kosten über 36 Monate · 36 Raten;;2026-10-10;https://www.congstar.de/geraete/samsung/samsung-galaxy-z-flip8/
Netzbetreiber;Samsung Galaxy Z Flip8 512 GB;Samsung;512;congstar;Allnet Flat L Flex;L;vergleichbar;3,6;2254,00;2175,64;Kosten über 36 Monate · 36 Raten;;2026-10-10;https://www.congstar.de/geraete/samsung/samsung-galaxy-z-flip8/
Netzbetreiber;Samsung Galaxy Z Flip8 512 GB;Samsung;512;congstar;Allnet Flat L Flex;L;vergleichbar;4,5;2254,00;2157,64;Kosten über 24 Monate · 24 Raten;;2026-10-10;https://www.congstar.de/geraete/samsung/samsung-galaxy-z-flip8/
Netzbetreiber;Samsung Galaxy Z Flip8 512 GB;Samsung;512;Telekom;;;kein_buendel;;;;Kosten über die Bündellaufzeit;Telekom nicht erfasst: Seite sperrt automatisches Lesen (HTTP 202, 10.10.2026);;
Netzbetreiber;Samsung Galaxy Z Flip8 512 GB;Samsung;512;1&1;1&1 All-Net-Flat S;XS;nicht_vergleichbar;;2213,54;1871,80;Kosten über die Bündellaufzeit;1&1 wird nur über 24 Monate verglichen.;2026-10-09;https://mobile.1und1.de/flow2/mobile/ssc-private/tariffContractDuration?tariffChangeUrl=%2F%2Fmobile.1und1.de%2Fsamsung-galaxy-z-flip8&optionalPrecedingDocuments=%2F%2Fmobile.1und1.de%2Fsamsung-galaxy-z-flip8&addFlowStates=tradeInAvailable%2CbrandSamsung%2CgalaxyZflip%2CwatchAvailable%2CstrapsAvailable%2CaskWatch%2ChwDurationsAvailable&traceId=dc9f037e-a3a4-4997-8919-3028d0a39bf8
Netzbetreiber;Apple iPhone 18 Pro 512 GB;Apple;512;o2;O2 Mobile Unlimited M mit 100 MBit/s (24 Mon.);XL;vergleichbar;-15,8;2436,76;2895,64;Kosten über 36 Monate · 36 Raten;;2026-10-10;https://www.o2online.de/e-shop/apple/apple-iphone-18-pro-256gb-burgunder-details?ohne-tarif=nein&zielgruppe=privatkunden&ratenzahlung=36&vertragsart=ratenzahlung&tarif=o2-mobile-unlimited-m
Netzbetreiber;Apple iPhone 18 Pro 512 GB;Apple;512;o2;O2 Mobile Unlimited M mit 100 MBit/s (24 Mon.);XL;vergleichbar;-14,8;2436,76;2859,64;Kosten über 24 Monate · 24 Raten;;2026-10-10;https://www.o2online.de/e-shop/apple/apple-iphone-18-pro-256gb-burgunder-details?ohne-tarif=nein&zielgruppe=privatkunden&ratenzahlung=36&vertragsart=ratenzahlung&tarif=o2-mobile-unlimited-m
Netzbetreiber;Apple iPhone 18 Pro 512 GB;Apple;512;congstar;Allnet Flat M;L;vergleichbar;-10,4;2304,00;2571,64;Kosten über 36 Monate · 36 Raten;;2026-10-10;https://www.congstar.de/geraete/apple/apple-iphone-18-pro/
Netzbetreiber;Apple iPhone 18 Pro 512 GB;Apple;512;congstar;Allnet Flat M;L;vergleichbar;-9,8;2304,00;2553,64;Kosten über 24 Monate · 24 Raten;;2026-10-10;https://www.congstar.de/geraete/apple/apple-iphone-18-pro/?paymentVariantBenefits=&planId=540&installmentPlanId=500&memorySize=512+GB
Netzbetreiber;Apple iPhone 18 Pro 512 GB;Apple;512;congstar;Allnet Flat M Flex;L;vergleichbar;-9,6;2324,00;2571,64;Kosten über 36 Monate · 36 Raten;;2026-10-10;https://www.congstar.de/geraete/apple/apple-iphone-18-pro/
Netzbetreiber;Apple iPhone 18 Pro 512 GB;Apple;512;congstar;Allnet Flat S;M;vergleichbar;-9,1;2184,00;2403,64;Kosten über 36 Monate · 36 Raten;;2026-10-10;https://www.congstar.de/geraete/apple/apple-iphone-18-pro/
Netzbetreiber;Apple iPhone 18 Pro 512 GB;Apple;512;congstar;Allnet Flat XS;XS;vergleichbar;-9,0;2064,00;2267,80;Kosten über 24 Monate · 24 Raten;;2026-10-10;https://www.congstar.de/geraete/apple/apple-iphone-18-pro/?paymentVariantBenefits=&planId=543&installmentPlanId=500&memorySize=512+GB
Netzbetreiber;Apple iPhone 18 Pro 512 GB;Apple;512;congstar;Allnet Flat XS;XS;vergleichbar;-9,0;2064,00;2267,80;Kosten über 36 Monate · 36 Raten;;2026-10-10;https://www.congstar.de/geraete/apple/apple-iphone-18-pro/
Netzbetreiber;Apple iPhone 18 Pro 512 GB;Apple;512;congstar;Allnet Flat M Flex;L;vergleichbar;-9,0;2324,00;2553,64;Kosten über 24 Monate · 24 Raten;;2026-10-10;https://www.congstar.de/geraete/apple/apple-iphone-18-pro/
Netzbetreiber;Apple iPhone 18 Pro 512 GB;Apple;512;congstar;Allnet Flat S;M;vergleichbar;-8,7;2184,00;2391,64;Kosten über 24 Monate · 24 Raten;;2026-10-10;https://www.congstar.de/geraete/apple/apple-iphone-18-pro/?paymentVariantBenefits=&planId=560&installmentPlanId=500&memorySize=512+GB
Netzbetreiber;Apple iPhone 18 Pro 512 GB;Apple;512;congstar;Allnet Flat S Flex;M;vergleichbar;-8,3;2204,00;2403,64;Kosten über 36 Monate · 36 Raten;;2026-10-10;https://www.congstar.de/geraete/apple/apple-iphone-18-pro/
Netzbetreiber;Apple iPhone 18 Pro 512 GB;Apple;512;congstar;Allnet Flat XS Flex;XS;vergleichbar;-8,1;2084,00;2267,80;Kosten über 24 Monate · 24 Raten;;2026-10-10;https://www.congstar.de/geraete/apple/apple-iphone-18-pro/
Netzbetreiber;Apple iPhone 18 Pro 512 GB;Apple;512;congstar;Allnet Flat XS Flex;XS;vergleichbar;-8,1;2084,00;2267,80;Kosten über 36 Monate · 36 Raten;;2026-10-10;https://www.congstar.de/geraete/apple/apple-iphone-18-pro/
Netzbetreiber;Apple iPhone 18 Pro 512 GB;Apple;512;congstar;Allnet Flat S Flex;M;vergleichbar;-7,8;2204,00;2391,64;Kosten über 24 Monate · 24 Raten;;2026-10-10;https://www.congstar.de/geraete/apple/apple-iphone-18-pro/
Netzbetreiber;Apple iPhone 18 Pro 512 GB;Apple;512;o2;O2 Mobile Unlimited L mit 300 MBit/s (24 Mon.);XL;vergleichbar;-7,6;2676,76;2895,64;Kosten über 36 Monate · 36 Raten;;2026-10-10;https://www.o2online.de/e-shop/apple/apple-iphone-18-pro-256gb-burgunder-details?ohne-tarif=nein&zielgruppe=privatkunden&ratenzahlung=36&vertragsart=ratenzahlung&tarif=o2-mobile-unlimited-m
Netzbetreiber;Apple iPhone 18 Pro 512 GB;Apple;512;o2;O2 Mobile Unlimited L mit 300 MBit/s (24 Mon.);XL;vergleichbar;-6,4;2676,76;2859,64;Kosten über 24 Monate · 24 Raten;;2026-10-10;https://www.o2online.de/e-shop/apple/apple-iphone-18-pro-256gb-burgunder-details?ohne-tarif=nein&zielgruppe=privatkunden&ratenzahlung=36&vertragsart=ratenzahlung&tarif=o2-mobile-unlimited-m
Netzbetreiber;Apple iPhone 18 Pro 512 GB;Apple;512;congstar;Allnet Flat L;L;vergleichbar;-5,7;2424,00;2571,64;Kosten über 36 Monate · 36 Raten;;2026-10-10;https://www.congstar.de/geraete/apple/apple-iphone-18-pro/
Netzbetreiber;Apple iPhone 18 Pro 512 GB;Apple;512;o2;O2 Mobile L mit 150 GB+ (24 Mon.);L;vergleichbar;-5,2;2436,76;2571,64;Kosten über 36 Monate · 36 Raten;;2026-10-10;https://www.o2online.de/e-shop/apple/apple-iphone-18-pro-256gb-burgunder-details?ohne-tarif=nein&zielgruppe=privatkunden&ratenzahlung=36&vertragsart=ratenzahlung&tarif=o2-mobile-unlimited-m
Netzbetreiber;Apple iPhone 18 Pro 512 GB;Apple;512;congstar;Allnet Flat L;L;vergleichbar;-5,1;2424,00;2553,64;Kosten über 24 Monate · 24 Raten;;2026-10-10;https://www.congstar.de/geraete/apple/apple-iphone-18-pro/?paymentVariantBenefits=&planId=545&installmentPlanId=500&memorySize=512+GB
Netzbetreiber;Apple iPhone 18 Pro 512 GB;Apple;512;congstar;Allnet Flat L Flex;L;vergleichbar;-5,0;2444,00;2571,64;Kosten über 36 Monate · 36 Raten;;2026-10-10;https://www.congstar.de/geraete/apple/apple-iphone-18-pro/
Netzbetreiber;Apple iPhone 18 Pro 512 GB;Apple;512;o2;O2 Mobile L mit 150 GB+ (24 Mon.);L;vergleichbar;-4,6;2436,76;2553,64;Kosten über 24 Monate · 24 Raten;;2026-10-10;https://www.o2online.de/e-shop/apple/apple-iphone-18-pro-256gb-burgunder-details?ohne-tarif=nein&zielgruppe=privatkunden&ratenzahlung=36&vertragsart=ratenzahlung&tarif=o2-mobile-unlimited-m
Netzbetreiber;Apple iPhone 18 Pro 512 GB;Apple;512;congstar;Allnet Flat L Flex;L;vergleichbar;-4,3;2444,00;2553,64;Kosten über 24 Monate · 24 Raten;;2026-10-10;https://www.congstar.de/geraete/apple/apple-iphone-18-pro/
Netzbetreiber;Apple iPhone 18 Pro 512 GB;Apple;512;o2;O2 Mobile on Demand M mit 50 GB+ (24 Mon.);M;vergleichbar;-2,0;2356,75;2403,64;Kosten über 36 Monate · 36 Raten;;2026-10-10;https://www.o2online.de/e-shop/apple/apple-iphone-18-pro-256gb-burgunder-details?ohne-tarif=nein&zielgruppe=privatkunden&ratenzahlung=36&vertragsart=ratenzahlung&tarif=o2-mobile-unlimited-m
Netzbetreiber;Apple iPhone 18 Pro 512 GB;Apple;512;o2;O2 Mobile on Demand M mit 50 GB+ (24 Mon.);M;vergleichbar;-1,5;2356,75;2391,64;Kosten über 24 Monate · 24 Raten;;2026-10-10;https://www.o2online.de/e-shop/apple/apple-iphone-18-pro-256gb-burgunder-details?ohne-tarif=nein&zielgruppe=privatkunden&ratenzahlung=36&vertragsart=ratenzahlung&tarif=o2-mobile-unlimited-m
Netzbetreiber;Apple iPhone 18 Pro 512 GB;Apple;512;Telekom;;;kein_buendel;;;;Kosten über die Bündellaufzeit;Telekom nicht erfasst: Seite sperrt automatisches Lesen (HTTP 202, 10.10.2026);;
Netzbetreiber;Apple iPhone 18 Pro 512 GB;Apple;512;1&1;1&1 All-Net-Flat S;XS;nicht_vergleichbar;;2601,54;2267,80;Kosten über die Bündellaufzeit;1&1 wird nur über 24 Monate verglichen.;2026-10-09;https://mobile.1und1.de/flow2/mobile/ssc-private/tariffContractDuration?tariffChangeUrl=%2F%2Fmobile.1und1.de%2Fiphone-18-pro&optionalPrecedingDocuments=%2F%2Fmobile.1und1.de%2Fiphone-18-pro&addFlowStates=tradeInAvailable%2CbrandApple%2CwatchAvailable%2CaskWatch%2ChwDurationsAvailable&traceId=cc081f31-1dc5-4939-afd7-805a4ecf0fa3
Netzbetreiber;Samsung Galaxy S26 FE 256 GB;Samsung;256;congstar;Allnet Flat M;L;vergleichbar;-15,3;1400,00;1653,64;Kosten über 36 Monate · 36 Raten;;2026-10-10;https://www.congstar.de/geraete/samsung/samsung-galaxy-s26-fe/
Netzbetreiber;Samsung Galaxy S26 FE 256 GB;Samsung;256;congstar;Allnet Flat M;L;vergleichbar;-14,4;1400,00;1635,64;Kosten über 24 Monate · 24 Raten;;2026-10-10;https://www.congstar.de/geraete/samsung/samsung-galaxy-s26-fe/?planId=540&installmentPlanId=500&memorySize=256+GB
Netzbetreiber;Samsung Galaxy S26 FE 256 GB;Samsung;256;congstar;Allnet Flat S;M;vergleichbar;-11,4;1316,00;1485,64;Kosten über 36 Monate · 36 Raten;;2026-10-10;https://www.congstar.de/geraete/samsung/samsung-galaxy-s26-fe/
Netzbetreiber;Samsung Galaxy S26 FE 256 GB;Samsung;256;o2;O2 Mobile on Demand M Plus mit 50 GB+ (24 Mon.);M;vergleichbar;-11,2;1318,75;1485,64;Kosten über 36 Monate · 36 Raten;;2026-10-10;https://www.o2online.de/e-shop/samsung/samsung-galaxy-s26-fe-128gb-pistachio-details?ohne-tarif=nein&zielgruppe=privatkunden&ratenzahlung=36&vertragsart=ratenzahlung&tarif=o2-mobile-on-demand-m-plus
Netzbetreiber;Samsung Galaxy S26 FE 256 GB;Samsung;256;congstar;Allnet Flat S;M;vergleichbar;-10,7;1316,00;1473,64;Kosten über 24 Monate · 24 Raten;;2026-10-10;https://www.congstar.de/geraete/samsung/samsung-galaxy-s26-fe/?planId=560&installmentPlanId=500&memorySize=256+GB
Netzbetreiber;Samsung Galaxy S26 FE 256 GB;Samsung;256;o2;O2 Mobile on Demand M Plus mit 50 GB+ (24 Mon.);M;vergleichbar;-10,5;1318,75;1473,64;Kosten über 24 Monate · 24 Raten;;2026-10-10;https://www.o2online.de/e-shop/samsung/samsung-galaxy-s26-fe-128gb-pistachio-details?ohne-tarif=nein&zielgruppe=privatkunden&ratenzahlung=36&vertragsart=ratenzahlung&tarif=o2-mobile-on-demand-m-plus
Netzbetreiber;Samsung Galaxy S26 FE 256 GB;Samsung;256;congstar;Allnet Flat L;L;vergleichbar;-10,3;1484,00;1653,64;Kosten über 36 Monate · 36 Raten;;2026-10-10;https://www.congstar.de/geraete/samsung/samsung-galaxy-s26-fe/
Netzbetreiber;Samsung Galaxy S26 FE 256 GB;Samsung;256;congstar;Allnet Flat L;L;vergleichbar;-9,3;1484,00;1635,64;Kosten über 24 Monate · 24 Raten;;2026-10-10;https://www.congstar.de/geraete/samsung/samsung-galaxy-s26-fe/?planId=545&installmentPlanId=500&memorySize=256+GB
Netzbetreiber;Samsung Galaxy S26 FE 256 GB;Samsung;256;congstar;Allnet Flat XS;XS;vergleichbar;-8,7;1232,00;1349,80;Kosten über 24 Monate · 24 Raten;;2026-10-10;https://www.congstar.de/geraete/samsung/samsung-galaxy-s26-fe/?planId=543&installmentPlanId=500&memorySize=256+GB
Netzbetreiber;Samsung Galaxy S26 FE 256 GB;Samsung;256;congstar;Allnet Flat XS;XS;vergleichbar;-8,7;1232,00;1349,80;Kosten über 36 Monate · 36 Raten;;2026-10-10;https://www.congstar.de/geraete/samsung/samsung-galaxy-s26-fe/
Netzbetreiber;Samsung Galaxy S26 FE 256 GB;Samsung;256;congstar;Allnet Flat M Flex;L;vergleichbar;-7,6;1528,00;1653,64;Kosten über 36 Monate · 36 Raten;;2026-10-10;https://www.congstar.de/geraete/samsung/samsung-galaxy-s26-fe/
Netzbetreiber;Samsung Galaxy S26 FE 256 GB;Samsung;256;congstar;Allnet Flat M Flex;L;vergleichbar;-6,6;1528,00;1635,64;Kosten über 24 Monate · 24 Raten;;2026-10-10;https://www.congstar.de/geraete/samsung/samsung-galaxy-s26-fe/
Netzbetreiber;Samsung Galaxy S26 FE 256 GB;Samsung;256;congstar;Allnet Flat S Flex;M;vergleichbar;-5,2;1408,00;1485,64;Kosten über 36 Monate · 36 Raten;;2026-10-10;https://www.congstar.de/geraete/samsung/samsung-galaxy-s26-fe/
Netzbetreiber;Samsung Galaxy S26 FE 256 GB;Samsung;256;congstar;Allnet Flat XS Flex;XS;vergleichbar;-4,6;1288,00;1349,80;Kosten über 24 Monate · 24 Raten;;2026-10-10;https://www.congstar.de/geraete/samsung/samsung-galaxy-s26-fe/
Netzbetreiber;Samsung Galaxy S26 FE 256 GB;Samsung;256;congstar;Allnet Flat XS Flex;XS;vergleichbar;-4,6;1288,00;1349,80;Kosten über 36 Monate · 36 Raten;;2026-10-10;https://www.congstar.de/geraete/samsung/samsung-galaxy-s26-fe/
Netzbetreiber;Samsung Galaxy S26 FE 256 GB;Samsung;256;congstar;Allnet Flat S Flex;M;vergleichbar;-4,5;1408,00;1473,64;Kosten über 24 Monate · 24 Raten;;2026-10-10;https://www.congstar.de/geraete/samsung/samsung-galaxy-s26-fe/
Netzbetreiber;Samsung Galaxy S26 FE 256 GB;Samsung;256;congstar;Allnet Flat L Flex;L;vergleichbar;-0,3;1648,00;1653,64;Kosten über 36 Monate · 36 Raten;;2026-10-10;https://www.congstar.de/geraete/samsung/samsung-galaxy-s26-fe/
Netzbetreiber;Samsung Galaxy S26 FE 256 GB;Samsung;256;congstar;Allnet Flat L Flex;L;vergleichbar;0,8;1648,00;1635,64;Kosten über 24 Monate · 24 Raten;;2026-10-10;https://www.congstar.de/geraete/samsung/samsung-galaxy-s26-fe/
Netzbetreiber;Samsung Galaxy S26 FE 256 GB;Samsung;256;Telekom;;;kein_buendel;;;;Kosten über die Bündellaufzeit;Telekom nicht erfasst: Seite sperrt automatisches Lesen (HTTP 202, 10.10.2026);;
Netzbetreiber;Samsung Galaxy S26 FE 256 GB;Samsung;256;1&1;1&1 All-Net-Flat S;XS;nicht_vergleichbar;;1355,54;1349,80;Kosten über die Bündellaufzeit;1&1 wird nur über 24 Monate verglichen.;2026-10-09;https://mobile.1und1.de/flow2/mobile/ssc-private/tariffContractDuration?tariffChangeUrl=%2F%2Fmobile.1und1.de%2Fsamsung-galaxy-s26-fe&optionalPrecedingDocuments=%2F%2Fmobile.1und1.de%2Fsamsung-galaxy-s26-fe&addFlowStates=tradeInAvailable%2CbrandSamsung%2CsamsungS26fe%2CwatchAvailable%2CstrapsAvailable%2CaskWatch%2ChwDurationsAvailable&traceId=84f83f75-8f67-4bc3-9247-2699188b3718
Netzbetreiber;Samsung Galaxy S25 FE 128 GB;Samsung;128;o2;O2 Mobile on Demand M Plus mit 50 GB+ (24 Mon.);M;vergleichbar;-14,7;1174,75;1377,64;Kosten über 36 Monate · 36 Raten;;2026-10-10;https://www.o2online.de/e-shop/samsung/samsung-galaxy-s25-fe-128gb-navy-details?ohne-tarif=nein&zielgruppe=privatkunden&ratenzahlung=36&vertragsart=ratenzahlung&tarif=o2-mobile-on-demand-m-plus
Netzbetreiber;Samsung Galaxy S25 FE 128 GB;Samsung;128;o2;O2 Mobile on Demand M Plus mit 50 GB+ (24 Mon.);M;vergleichbar;-14,0;1174,75;1365,64;Kosten über 24 Monate · 24 Raten;;2026-10-10;https://www.o2online.de/e-shop/samsung/samsung-galaxy-s25-fe-128gb-navy-details?ohne-tarif=nein&zielgruppe=privatkunden&ratenzahlung=36&vertragsart=ratenzahlung&tarif=o2-mobile-on-demand-m-plus
Netzbetreiber;Samsung Galaxy S25 FE 128 GB;Samsung;128;Telekom;MagentaMobil S;S;vergleichbar;22,8;1716,15;1397,80;Kosten über 36 Monate · 36 Raten;;2026-10-10;https://www.telekom.de/shop/geraet/samsung/samsung-galaxy-s25-fe/jetblack-128-gb?sortBy=popularityIndex&currentPage=3&tariffId=MF_17785&itemPerPage=24&excludedCurrentPage=1&forwardTradeInApplied=false&bp=acquisition&categoryId=smartphones
Netzbetreiber;Samsung Galaxy S25 FE 128 GB;Samsung;128;Telekom;MagentaMobil L;L;vergleichbar;29,0;1994,55;1545,64;Kosten über 36 Monate · 36 Raten;;2026-10-10;https://www.telekom.de/shop/geraet/samsung/samsung-galaxy-s25-fe/jetblack-128-gb?sortBy=popularityIndex&currentPage=3&tariffId=MF_17797&itemPerPage=24&excludedCurrentPage=1&forwardTradeInApplied=false&bp=acquisition&categoryId=smartphones
Netzbetreiber;Samsung Galaxy S25 FE 128 GB;Samsung;128;Telekom;MagentaMobil XL;XL;vergleichbar;33,6;2497,35;1869,64;Kosten über 36 Monate · 36 Raten;;2026-10-10;https://www.telekom.de/shop/geraet/samsung/samsung-galaxy-s25-fe/jetblack-128-gb?sortBy=popularityIndex&currentPage=3&tariffId=MF_17803&itemPerPage=24&excludedCurrentPage=1&forwardTradeInApplied=false&bp=acquisition&categoryId=smartphones
Netzbetreiber;Samsung Galaxy S25 FE 128 GB;Samsung;128;Telekom;MagentaMobil M;M;vergleichbar;34,7;1855,35;1377,64;Kosten über 36 Monate · 36 Raten;;2026-10-10;https://www.telekom.de/shop/geraet/samsung/samsung-galaxy-s25-fe/jetblack-128-gb?sortBy=popularityIndex&currentPage=3&tariffId=MF_17791&itemPerPage=24&excludedCurrentPage=1&forwardTradeInApplied=false&bp=acquisition&categoryId=smartphones
Netzbetreiber;Samsung Galaxy S25 FE 128 GB;Samsung;128;1&1;;;kein_buendel;;;;Kosten über die Bündellaufzeit;Bei 1&1 nicht im Angebot (Übersicht vom 10.10.2026 ganz gelesen);;
Netzbetreiber;Samsung Galaxy S25 FE 128 GB;Samsung;128;congstar;;;nicht_vergleichbar;;;;Kosten über die Bündellaufzeit;Kein Abstand zur Vodafone-Referenz: die eingerechnete Aktion ist abgelaufen.;;
Netzbetreiber;Apple iPhone 18 Pro Max 512 GB;Apple;512;o2;O2 Mobile Unlimited M mit 100 MBit/s (24 Mon.);XL;vergleichbar;-14,5;2598,76;3039,64;Kosten über 36 Monate · 36 Raten;;2026-10-10;https://www.o2online.de/e-shop/apple/apple-iphone-18-pro-max-256gb-polar-details?ohne-tarif=nein&zielgruppe=privatkunden&ratenzahlung=36&vertragsart=ratenzahlung&tarif=o2-mobile-unlimited-m
Netzbetreiber;Apple iPhone 18 Pro Max 512 GB;Apple;512;o2;O2 Mobile Unlimited M mit 100 MBit/s (24 Mon.);XL;vergleichbar;-13,5;2598,76;3003,64;Kosten über 24 Monate · 24 Raten;;2026-10-10;https://www.o2online.de/e-shop/apple/apple-iphone-18-pro-max-256gb-polar-details?ohne-tarif=nein&zielgruppe=privatkunden&ratenzahlung=36&vertragsart=ratenzahlung&tarif=o2-mobile-unlimited-m
Netzbetreiber;Apple iPhone 18 Pro Max 512 GB;Apple;512;congstar;Allnet Flat M;L;vergleichbar;-9,3;2464,00;2715,64;Kosten über 36 Monate · 36 Raten;;2026-10-10;https://www.congstar.de/geraete/apple/apple-iphone-18-pro-max/
Netzbetreiber;Apple iPhone 18 Pro Max 512 GB;Apple;512;congstar;Allnet Flat M;L;vergleichbar;-8,7;2464,00;2697,64;Kosten über 24 Monate · 24 Raten;;2026-10-10;https://www.congstar.de/geraete/apple/apple-iphone-18-pro-max/?paymentVariantBenefits=&planId=540&installmentPlanId=500&memorySize=512+GB
Netzbetreiber;Apple iPhone 18 Pro Max 512 GB;Apple;512;congstar;Allnet Flat M Flex;L;vergleichbar;-8,5;2484,00;2715,64;Kosten über 36 Monate · 36 Raten;;2026-10-10;https://www.congstar.de/geraete/apple/apple-iphone-18-pro-max/
Netzbetreiber;Apple iPhone 18 Pro Max 512 GB;Apple;512;congstar;Allnet Flat S;M;vergleichbar;-8,0;2344,00;2547,64;Kosten über 36 Monate · 36 Raten;;2026-10-10;https://www.congstar.de/geraete/apple/apple-iphone-18-pro-max/
Netzbetreiber;Apple iPhone 18 Pro Max 512 GB;Apple;512;congstar;Allnet Flat M Flex;L;vergleichbar;-7,9;2484,00;2697,64;Kosten über 24 Monate · 24 Raten;;2026-10-10;https://www.congstar.de/geraete/apple/apple-iphone-18-pro-max/
Netzbetreiber;Apple iPhone 18 Pro Max 512 GB;Apple;512;congstar;Allnet Flat XS;XS;vergleichbar;-7,8;2224,00;2411,80;Kosten über 24 Monate · 24 Raten;;2026-10-10;https://www.congstar.de/geraete/apple/apple-iphone-18-pro-max/?paymentVariantBenefits=&planId=543&installmentPlanId=500&memorySize=512+GB
Netzbetreiber;Apple iPhone 18 Pro Max 512 GB;Apple;512;congstar;Allnet Flat XS;XS;vergleichbar;-7,8;2224,00;2411,80;Kosten über 36 Monate · 36 Raten;;2026-10-10;https://www.congstar.de/geraete/apple/apple-iphone-18-pro-max/
Netzbetreiber;Apple iPhone 18 Pro Max 512 GB;Apple;512;congstar;Allnet Flat S;M;vergleichbar;-7,6;2344,00;2535,64;Kosten über 24 Monate · 24 Raten;;2026-10-10;https://www.congstar.de/geraete/apple/apple-iphone-18-pro-max/?paymentVariantBenefits=&planId=560&installmentPlanId=500&memorySize=512+GB
Netzbetreiber;Apple iPhone 18 Pro Max 512 GB;Apple;512;congstar;Allnet Flat S Flex;M;vergleichbar;-7,2;2364,00;2547,64;Kosten über 36 Monate · 36 Raten;;2026-10-10;https://www.congstar.de/geraete/apple/apple-iphone-18-pro-max/
Netzbetreiber;Apple iPhone 18 Pro Max 512 GB;Apple;512;congstar;Allnet Flat XS Flex;XS;vergleichbar;-7,0;2244,00;2411,80;Kosten über 24 Monate · 24 Raten;;2026-10-10;https://www.congstar.de/geraete/apple/apple-iphone-18-pro-max/
Netzbetreiber;Apple iPhone 18 Pro Max 512 GB;Apple;512;congstar;Allnet Flat XS Flex;XS;vergleichbar;-7,0;2244,00;2411,80;Kosten über 36 Monate · 36 Raten;;2026-10-10;https://www.congstar.de/geraete/apple/apple-iphone-18-pro-max/
Netzbetreiber;Apple iPhone 18 Pro Max 512 GB;Apple;512;congstar;Allnet Flat S Flex;M;vergleichbar;-6,8;2364,00;2535,64;Kosten über 24 Monate · 24 Raten;;2026-10-10;https://www.congstar.de/geraete/apple/apple-iphone-18-pro-max/
Netzbetreiber;Apple iPhone 18 Pro Max 512 GB;Apple;512;o2;O2 Mobile Unlimited L mit 300 MBit/s (24 Mon.);XL;vergleichbar;-6,6;2838,76;3039,64;Kosten über 36 Monate · 36 Raten;;2026-10-10;https://www.o2online.de/e-shop/apple/apple-iphone-18-pro-max-256gb-polar-details?ohne-tarif=nein&zielgruppe=privatkunden&ratenzahlung=36&vertragsart=ratenzahlung&tarif=o2-mobile-unlimited-m
Netzbetreiber;Apple iPhone 18 Pro Max 512 GB;Apple;512;o2;O2 Mobile Unlimited L mit 300 MBit/s (24 Mon.);XL;vergleichbar;-5,5;2838,76;3003,64;Kosten über 24 Monate · 24 Raten;;2026-10-10;https://www.o2online.de/e-shop/apple/apple-iphone-18-pro-max-256gb-polar-details?ohne-tarif=nein&zielgruppe=privatkunden&ratenzahlung=36&vertragsart=ratenzahlung&tarif=o2-mobile-unlimited-m
Netzbetreiber;Apple iPhone 18 Pro Max 512 GB;Apple;512;congstar;Allnet Flat L;L;vergleichbar;-4,8;2584,00;2715,64;Kosten über 36 Monate · 36 Raten;;2026-10-10;https://www.congstar.de/geraete/apple/apple-iphone-18-pro-max/
Netzbetreiber;Apple iPhone 18 Pro Max 512 GB;Apple;512;o2;O2 Mobile L mit 150 GB+ (24 Mon.);L;vergleichbar;-4,3;2598,76;2715,64;Kosten über 36 Monate · 36 Raten;;2026-10-10;https://www.o2online.de/e-shop/apple/apple-iphone-18-pro-max-256gb-polar-details?ohne-tarif=nein&zielgruppe=privatkunden&ratenzahlung=36&vertragsart=ratenzahlung&tarif=o2-mobile-unlimited-m
Netzbetreiber;Apple iPhone 18 Pro Max 512 GB;Apple;512;congstar;Allnet Flat L;L;vergleichbar;-4,2;2584,00;2697,64;Kosten über 24 Monate · 24 Raten;;2026-10-10;https://www.congstar.de/geraete/apple/apple-iphone-18-pro-max/?paymentVariantBenefits=&planId=545&installmentPlanId=500&memorySize=512+GB
Netzbetreiber;Apple iPhone 18 Pro Max 512 GB;Apple;512;congstar;Allnet Flat L Flex;L;vergleichbar;-4,1;2604,00;2715,64;Kosten über 36 Monate · 36 Raten;;2026-10-10;https://www.congstar.de/geraete/apple/apple-iphone-18-pro-max/
Netzbetreiber;Apple iPhone 18 Pro Max 512 GB;Apple;512;o2;O2 Mobile L mit 150 GB+ (24 Mon.);L;vergleichbar;-3,7;2598,76;2697,64;Kosten über 24 Monate · 24 Raten;;2026-10-10;https://www.o2online.de/e-shop/apple/apple-iphone-18-pro-max-256gb-polar-details?ohne-tarif=nein&zielgruppe=privatkunden&ratenzahlung=36&vertragsart=ratenzahlung&tarif=o2-mobile-unlimited-m
Netzbetreiber;Apple iPhone 18 Pro Max 512 GB;Apple;512;congstar;Allnet Flat L Flex;L;vergleichbar;-3,5;2604,00;2697,64;Kosten über 24 Monate · 24 Raten;;2026-10-10;https://www.congstar.de/geraete/apple/apple-iphone-18-pro-max/
Netzbetreiber;Apple iPhone 18 Pro Max 512 GB;Apple;512;o2;O2 Mobile on Demand M mit 50 GB+ (24 Mon.);M;vergleichbar;-1,1;2518,75;2547,64;Kosten über 36 Monate · 36 Raten;;2026-10-10;https://www.o2online.de/e-shop/apple/apple-iphone-18-pro-max-256gb-polar-details?ohne-tarif=nein&zielgruppe=privatkunden&ratenzahlung=36&vertragsart=ratenzahlung&tarif=o2-mobile-unlimited-m
Netzbetreiber;Apple iPhone 18 Pro Max 512 GB;Apple;512;o2;O2 Mobile on Demand M mit 50 GB+ (24 Mon.);M;vergleichbar;-0,7;2518,75;2535,64;Kosten über 24 Monate · 24 Raten;;2026-10-10;https://www.o2online.de/e-shop/apple/apple-iphone-18-pro-max-256gb-polar-details?ohne-tarif=nein&zielgruppe=privatkunden&ratenzahlung=36&vertragsart=ratenzahlung&tarif=o2-mobile-unlimited-m
Netzbetreiber;Apple iPhone 18 Pro Max 512 GB;Apple;512;Telekom;;;kein_buendel;;;;Kosten über die Bündellaufzeit;Telekom nicht erfasst: Seite sperrt automatisches Lesen (HTTP 202, 10.10.2026);;
Netzbetreiber;Apple iPhone 18 Pro Max 512 GB;Apple;512;1&1;1&1 All-Net-Flat S;XS;nicht_vergleichbar;;2841,54;2411,80;Kosten über die Bündellaufzeit;1&1 wird nur über 24 Monate verglichen.;2026-10-09;https://mobile.1und1.de/flow2/mobile/ssc-private/tariffContractDuration?tariffChangeUrl=%2F%2Fmobile.1und1.de%2Fiphone-18-pro-max&optionalPrecedingDocuments=%2F%2Fmobile.1und1.de%2Fiphone-18-pro-max&addFlowStates=tradeInAvailable%2CbrandApple%2CwatchAvailable%2CaskWatch%2ChwDurationsAvailable&traceId=6b63ce8f-bf5a-4035-93f4-43ace5f41f3d
Netzbetreiber;Samsung Galaxy S25 128 GB;Samsung;128;o2;O2 Mobile on Demand M Plus mit 50 GB+ (24 Mon.);M;vergleichbar;-12,6;1282,75;1467,63;Kosten über 36 Monate · 36 Raten;;2026-10-10;https://www.o2online.de/e-shop/samsung/samsung-galaxy-s25-128gb-navy-details?ohne-tarif=nein&zielgruppe=privatkunden&ratenzahlung=36&vertragsart=ratenzahlung&tarif=o2-mobile-on-demand-m-plus
Netzbetreiber;Samsung Galaxy S25 128 GB;Samsung;128;o2;O2 Mobile on Demand M Plus mit 50 GB+ (24 Mon.);M;vergleichbar;-11,9;1282,75;1455,63;Kosten über 24 Monate · 24 Raten;;2026-10-10;https://www.o2online.de/e-shop/samsung/samsung-galaxy-s25-128gb-navy-details?ohne-tarif=nein&zielgruppe=privatkunden&ratenzahlung=36&vertragsart=ratenzahlung&tarif=o2-mobile-on-demand-m-plus
Netzbetreiber;Samsung Galaxy S25 128 GB;Samsung;128;Telekom;MagentaMobil XS;XS;vergleichbar;20,6;1605,75;1331,79;Kosten über 36 Monate · 36 Raten;;2026-10-10;https://www.telekom.de/shop/geraet/samsung/samsung-galaxy-s25/silver-shadow-128-gb?sortBy=popularityIndex&currentPage=3&tariffId=MF_17779&itemPerPage=24&excludedCurrentPage=1&forwardTradeInApplied=false&bp=acquisition&categoryId=smartphones
Netzbetreiber;Samsung Galaxy S25 128 GB;Samsung;128;Telekom;MagentaMobil S;S;vergleichbar;22,1;1845,75;1511,79;Kosten über 36 Monate · 36 Raten;;2026-10-10;https://www.telekom.de/shop/geraet/samsung/samsung-galaxy-s25/silver-shadow-128-gb?sortBy=popularityIndex&currentPage=3&tariffId=MF_17785&itemPerPage=24&excludedCurrentPage=1&forwardTradeInApplied=false&bp=acquisition&categoryId=smartphones
Netzbetreiber;Samsung Galaxy S25 128 GB;Samsung;128;Telekom;MagentaMobil L;L;vergleichbar;30,1;2127,75;1635,63;Kosten über 36 Monate · 36 Raten;;2026-10-10;https://www.telekom.de/shop/geraet/samsung/samsung-galaxy-s25/silver-shadow-128-gb?sortBy=popularityIndex&currentPage=3&tariffId=MF_17797&itemPerPage=24&excludedCurrentPage=1&forwardTradeInApplied=false&bp=acquisition&categoryId=smartphones
Netzbetreiber;Samsung Galaxy S25 128 GB;Samsung;128;Telekom;MagentaMobil XL;XL;vergleichbar;34,1;2626,95;1959,63;Kosten über 36 Monate · 36 Raten;;2026-10-10;https://www.telekom.de/shop/geraet/samsung/samsung-galaxy-s25/silver-shadow-128-gb?sortBy=popularityIndex&currentPage=3&tariffId=MF_17803&itemPerPage=24&excludedCurrentPage=1&forwardTradeInApplied=false&bp=acquisition&categoryId=smartphones
Netzbetreiber;Samsung Galaxy S25 128 GB;Samsung;128;Telekom;MagentaMobil M;M;vergleichbar;35,2;1984,95;1467,63;Kosten über 36 Monate · 36 Raten;;2026-10-10;https://www.telekom.de/shop/geraet/samsung/samsung-galaxy-s25/silver-shadow-128-gb?sortBy=popularityIndex&currentPage=3&tariffId=MF_17791&itemPerPage=24&excludedCurrentPage=1&forwardTradeInApplied=false&bp=acquisition&categoryId=smartphones
Netzbetreiber;Samsung Galaxy S25 128 GB;Samsung;128;1&1;;;nicht_vergleichbar;;;;Kosten über die Bündellaufzeit;Kein Abstand zur Vodafone-Referenz: dieser Preis ist veraltet. Regel 16: Frische.;;
Netzbetreiber;Samsung Galaxy S25 128 GB;Samsung;128;o2;O2 Mobile on Demand M Plus mit 50 GB+ (24 Mon.);M;nicht_vergleichbar;;976,75;1455,63;Kosten über die Bündellaufzeit;o2 führt für dieses Gerät nur ein erneuert Gerät – kein Vergleich gegen ein Neugerät.;2026-10-10;https://www.o2online.de/e-shop/samsung/samsung-galaxy-s25-128gb-grau-erneuert-details?ohne-tarif=nein&zielgruppe=privatkunden&ratenzahlung=36&vertragsart=ratenzahlung&tarif=o2-mobile-on-demand-m-plus
Netzbetreiber;Samsung Galaxy S25 128 GB;Samsung;128;o2;O2 Mobile on Demand M Plus mit 50 GB+ (24 Mon.);M;nicht_vergleichbar;;976,75;1467,63;Kosten über die Bündellaufzeit;o2 führt für dieses Gerät nur ein erneuert Gerät – kein Vergleich gegen ein Neugerät.;2026-10-10;https://www.o2online.de/e-shop/samsung/samsung-galaxy-s25-128gb-grau-erneuert-details?ohne-tarif=nein&zielgruppe=privatkunden&ratenzahlung=36&vertragsart=ratenzahlung&tarif=o2-mobile-on-demand-m-plus
Netzbetreiber;Samsung Galaxy S25 128 GB;Samsung;128;congstar;;;nicht_vergleichbar;;;;Kosten über die Bündellaufzeit;Kein Abstand zur Vodafone-Referenz: dieser Preis verletzt eine Prüfregel. Regel 5: Preis je Speicher.;;
Netzbetreiber;Samsung Galaxy S26 Ultra 1024 GB;Samsung;1024;congstar;Allnet Flat L;L;vergleichbar;-11,0;2274,00;2553,64;Kosten über 36 Monate · 36 Raten;;2026-10-10;https://www.congstar.de/geraete/samsung/samsung-galaxy-s26-ultra/
Netzbetreiber;Samsung Galaxy S26 Ultra 1024 GB;Samsung;1024;congstar;Allnet Flat L;L;vergleichbar;-10,3;2274,00;2535,64;Kosten über 24 Monate · 24 Raten;;2026-10-10;https://www.congstar.de/geraete/samsung/samsung-galaxy-s26-ultra/?paymentVariantBenefits=&planId=545&installmentPlanId=500&memorySize=1+TB
Netzbetreiber;Samsung Galaxy S26 Ultra 1024 GB;Samsung;1024;congstar;Allnet Flat M;L;vergleichbar;-10,0;2298,00;2553,64;Kosten über 36 Monate · 36 Raten;;2026-10-10;https://www.congstar.de/geraete/samsung/samsung-galaxy-s26-ultra/
Netzbetreiber;Samsung Galaxy S26 Ultra 1024 GB;Samsung;1024;congstar;Allnet Flat M;L;vergleichbar;-9,4;2298,00;2535,64;Kosten über 24 Monate · 24 Raten;;2026-10-10;https://www.congstar.de/geraete/samsung/samsung-galaxy-s26-ultra/?paymentVariantBenefits=&planId=540&installmentPlanId=500&memorySize=1+TB
Netzbetreiber;Samsung Galaxy S26 Ultra 1024 GB;Samsung;1024;congstar;Allnet Flat S;M;vergleichbar;-8,7;2178,00;2385,64;Kosten über 36 Monate · 36 Raten;;2026-10-10;https://www.congstar.de/geraete/samsung/samsung-galaxy-s26-ultra/
Netzbetreiber;Samsung Galaxy S26 Ultra 1024 GB;Samsung;1024;congstar;Allnet Flat S;M;vergleichbar;-8,2;2178,00;2373,64;Kosten über 24 Monate · 24 Raten;;2026-10-10;https://www.congstar.de/geraete/samsung/samsung-galaxy-s26-ultra/?paymentVariantBenefits=&planId=560&installmentPlanId=500&memorySize=1+TB
Netzbetreiber;Samsung Galaxy S26 Ultra 1024 GB;Samsung;1024;congstar;Allnet Flat XS;XS;vergleichbar;-2,1;2202,00;2249,80;Kosten über 24 Monate · 24 Raten;;2026-10-10;https://www.congstar.de/geraete/samsung/samsung-galaxy-s26-ultra/?paymentVariantBenefits=&planId=543&installmentPlanId=500&memorySize=1+TB
Netzbetreiber;Samsung Galaxy S26 Ultra 1024 GB;Samsung;1024;congstar;Allnet Flat XS;XS;vergleichbar;-2,1;2202,00;2249,80;Kosten über 36 Monate · 36 Raten;;2026-10-10;https://www.congstar.de/geraete/samsung/samsung-galaxy-s26-ultra/
Netzbetreiber;Samsung Galaxy S26 Ultra 1024 GB;Samsung;1024;congstar;Allnet Flat M Flex;L;vergleichbar;-0,8;2534,00;2553,64;Kosten über 36 Monate · 36 Raten;;2026-10-10;https://www.congstar.de/geraete/samsung/samsung-galaxy-s26-ultra/
Netzbetreiber;Samsung Galaxy S26 Ultra 1024 GB;Samsung;1024;congstar;Allnet Flat M Flex;L;vergleichbar;-0,1;2534,00;2535,64;Kosten über 24 Monate · 24 Raten;;2026-10-10;https://www.congstar.de/geraete/samsung/samsung-galaxy-s26-ultra/
Netzbetreiber;Samsung Galaxy S26 Ultra 1024 GB;Samsung;1024;congstar;Allnet Flat S Flex;M;vergleichbar;1,2;2414,00;2385,64;Kosten über 36 Monate · 36 Raten;;2026-10-10;https://www.congstar.de/geraete/samsung/samsung-galaxy-s26-ultra/
Netzbetreiber;Samsung Galaxy S26 Ultra 1024 GB;Samsung;1024;congstar;Allnet Flat S Flex;M;vergleichbar;1,7;2414,00;2373,64;Kosten über 24 Monate · 24 Raten;;2026-10-10;https://www.congstar.de/geraete/samsung/samsung-galaxy-s26-ultra/
Netzbetreiber;Samsung Galaxy S26 Ultra 1024 GB;Samsung;1024;congstar;Allnet Flat XS Flex;XS;vergleichbar;2,0;2294,00;2249,80;Kosten über 24 Monate · 24 Raten;;2026-10-10;https://www.congstar.de/geraete/samsung/samsung-galaxy-s26-ultra/
Netzbetreiber;Samsung Galaxy S26 Ultra 1024 GB;Samsung;1024;congstar;Allnet Flat XS Flex;XS;vergleichbar;2,0;2294,00;2249,80;Kosten über 36 Monate · 36 Raten;;2026-10-10;https://www.congstar.de/geraete/samsung/samsung-galaxy-s26-ultra/
Netzbetreiber;Samsung Galaxy S26 Ultra 1024 GB;Samsung;1024;congstar;Allnet Flat L Flex;L;vergleichbar;3,9;2654,00;2553,64;Kosten über 36 Monate · 36 Raten;;2026-10-10;https://www.congstar.de/geraete/samsung/samsung-galaxy-s26-ultra/
Netzbetreiber;Samsung Galaxy S26 Ultra 1024 GB;Samsung;1024;congstar;Allnet Flat L Flex;L;vergleichbar;4,7;2654,00;2535,64;Kosten über 24 Monate · 24 Raten;;2026-10-10;https://www.congstar.de/geraete/samsung/samsung-galaxy-s26-ultra/
Netzbetreiber;Samsung Galaxy S26 Ultra 1024 GB;Samsung;1024;Telekom;;;kein_buendel;;;;Kosten über die Bündellaufzeit;Telekom nicht erfasst: Seite sperrt automatisches Lesen (HTTP 202, 10.10.2026);;
Netzbetreiber;Samsung Galaxy S26 Ultra 1024 GB;Samsung;1024;1&1;1&1 All-Net-Flat S;XS;nicht_vergleichbar;;2601,54;2249,80;Kosten über die Bündellaufzeit;1&1 wird nur über 24 Monate verglichen.;2026-10-09;https://mobile.1und1.de/flow2/mobile/ssc-private/tariffContractDuration?tariffChangeUrl=%2F%2Fmobile.1und1.de%2Fsamsung-galaxy-s26-ultra&optionalPrecedingDocuments=%2F%2Fmobile.1und1.de%2Fsamsung-galaxy-s26-ultra&addFlowStates=tradeInAvailable%2CbrandSamsung%2CsamsungS26Series%2CwatchAvailable%2CstrapsAvailable%2CaskWatch%2ChwDurationsAvailable&traceId=ad72c185-218d-4417-8d09-8a9d1b6d274c
Netzbetreiber;Samsung Galaxy S26 Ultra 1024 GB;Samsung;1024;o2;;;kein_buendel;;;;Kosten über die Bündellaufzeit;Für dieses Modell ist bei o2 kein Bündel erhoben.;;
Netzbetreiber;Apple iPhone 18 Pro 1024 GB;Apple;1024;o2;O2 Mobile Unlimited M mit 100 MBit/s (24 Mon.);XL;vergleichbar;-10,7;2988,76;3345,64;Kosten über 36 Monate · 36 Raten;;2026-10-10;https://www.o2online.de/e-shop/apple/apple-iphone-18-pro-256gb-burgunder-details?ohne-tarif=nein&zielgruppe=privatkunden&ratenzahlung=36&vertragsart=ratenzahlung&tarif=o2-mobile-unlimited-m
Netzbetreiber;Apple iPhone 18 Pro 1024 GB;Apple;1024;o2;O2 Mobile Unlimited M mit 100 MBit/s (24 Mon.);XL;vergleichbar;-9,7;2988,76;3309,64;Kosten über 24 Monate · 24 Raten;;2026-10-10;https://www.o2online.de/e-shop/apple/apple-iphone-18-pro-256gb-burgunder-details?ohne-tarif=nein&zielgruppe=privatkunden&ratenzahlung=36&vertragsart=ratenzahlung&tarif=o2-mobile-unlimited-m
Netzbetreiber;Apple iPhone 18 Pro 1024 GB;Apple;1024;congstar;Allnet Flat M;L;vergleichbar;-7,3;2802,00;3021,64;Kosten über 36 Monate · 36 Raten;;2026-10-10;https://www.congstar.de/geraete/apple/apple-iphone-18-pro/
Netzbetreiber;Apple iPhone 18 Pro 1024 GB;Apple;1024;congstar;Allnet Flat M;L;vergleichbar;-6,7;2802,00;3003,64;Kosten über 24 Monate · 24 Raten;;2026-10-10;https://www.congstar.de/geraete/apple/apple-iphone-18-pro/?paymentVariantBenefits=&planId=540&installmentPlanId=500&memorySize=1+TB
Netzbetreiber;Apple iPhone 18 Pro 1024 GB;Apple;1024;congstar;Allnet Flat M Flex;L;vergleichbar;-6,6;2822,00;3021,64;Kosten über 36 Monate · 36 Raten;;2026-10-10;https://www.congstar.de/geraete/apple/apple-iphone-18-pro/
Netzbetreiber;Apple iPhone 18 Pro 1024 GB;Apple;1024;congstar;Allnet Flat S;M;vergleichbar;-6,0;2682,00;2853,64;Kosten über 36 Monate · 36 Raten;;2026-10-10;https://www.congstar.de/geraete/apple/apple-iphone-18-pro/
Netzbetreiber;Apple iPhone 18 Pro 1024 GB;Apple;1024;congstar;Allnet Flat M Flex;L;vergleichbar;-6,0;2822,00;3003,64;Kosten über 24 Monate · 24 Raten;;2026-10-10;https://www.congstar.de/geraete/apple/apple-iphone-18-pro/
Netzbetreiber;Apple iPhone 18 Pro 1024 GB;Apple;1024;congstar;Allnet Flat XS;XS;vergleichbar;-5,7;2562,00;2717,80;Kosten über 24 Monate · 24 Raten;;2026-10-10;https://www.congstar.de/geraete/apple/apple-iphone-18-pro/?paymentVariantBenefits=&planId=543&installmentPlanId=500&memorySize=1+TB
Netzbetreiber;Apple iPhone 18 Pro 1024 GB;Apple;1024;congstar;Allnet Flat XS;XS;vergleichbar;-5,7;2562,00;2717,80;Kosten über 36 Monate · 36 Raten;;2026-10-10;https://www.congstar.de/geraete/apple/apple-iphone-18-pro/
Netzbetreiber;Apple iPhone 18 Pro 1024 GB;Apple;1024;congstar;Allnet Flat S;M;vergleichbar;-5,6;2682,00;2841,64;Kosten über 24 Monate · 24 Raten;;2026-10-10;https://www.congstar.de/geraete/apple/apple-iphone-18-pro/?paymentVariantBenefits=&planId=560&installmentPlanId=500&memorySize=1+TB
Netzbetreiber;Apple iPhone 18 Pro 1024 GB;Apple;1024;congstar;Allnet Flat S Flex;M;vergleichbar;-5,3;2702,00;2853,64;Kosten über 36 Monate · 36 Raten;;2026-10-10;https://www.congstar.de/geraete/apple/apple-iphone-18-pro/
Netzbetreiber;Apple iPhone 18 Pro 1024 GB;Apple;1024;congstar;Allnet Flat XS Flex;XS;vergleichbar;-5,0;2582,00;2717,80;Kosten über 24 Monate · 24 Raten;;2026-10-10;https://www.congstar.de/geraete/apple/apple-iphone-18-pro/
Netzbetreiber;Apple iPhone 18 Pro 1024 GB;Apple;1024;congstar;Allnet Flat XS Flex;XS;vergleichbar;-5,0;2582,00;2717,80;Kosten über 36 Monate · 36 Raten;;2026-10-10;https://www.congstar.de/geraete/apple/apple-iphone-18-pro/
Netzbetreiber;Apple iPhone 18 Pro 1024 GB;Apple;1024;congstar;Allnet Flat S Flex;M;vergleichbar;-4,9;2702,00;2841,64;Kosten über 24 Monate · 24 Raten;;2026-10-10;https://www.congstar.de/geraete/apple/apple-iphone-18-pro/
Netzbetreiber;Apple iPhone 18 Pro 1024 GB;Apple;1024;o2;O2 Mobile Unlimited L mit 300 MBit/s (24 Mon.);XL;vergleichbar;-3,5;3228,76;3345,64;Kosten über 36 Monate · 36 Raten;;2026-10-10;https://www.o2online.de/e-shop/apple/apple-iphone-18-pro-256gb-burgunder-details?ohne-tarif=nein&zielgruppe=privatkunden&ratenzahlung=36&vertragsart=ratenzahlung&tarif=o2-mobile-unlimited-m
Netzbetreiber;Apple iPhone 18 Pro 1024 GB;Apple;1024;congstar;Allnet Flat L;L;vergleichbar;-3,3;2922,00;3021,64;Kosten über 36 Monate · 36 Raten;;2026-10-10;https://www.congstar.de/geraete/apple/apple-iphone-18-pro/
Netzbetreiber;Apple iPhone 18 Pro 1024 GB;Apple;1024;congstar;Allnet Flat L;L;vergleichbar;-2,7;2922,00;3003,64;Kosten über 24 Monate · 24 Raten;;2026-10-10;https://www.congstar.de/geraete/apple/apple-iphone-18-pro/?paymentVariantBenefits=&planId=545&installmentPlanId=500&memorySize=1+TB
Netzbetreiber;Apple iPhone 18 Pro 1024 GB;Apple;1024;congstar;Allnet Flat L Flex;L;vergleichbar;-2,6;2942,00;3021,64;Kosten über 36 Monate · 36 Raten;;2026-10-10;https://www.congstar.de/geraete/apple/apple-iphone-18-pro/
Netzbetreiber;Apple iPhone 18 Pro 1024 GB;Apple;1024;o2;O2 Mobile Unlimited L mit 300 MBit/s (24 Mon.);XL;vergleichbar;-2,4;3228,76;3309,64;Kosten über 24 Monate · 24 Raten;;2026-10-10;https://www.o2online.de/e-shop/apple/apple-iphone-18-pro-256gb-burgunder-details?ohne-tarif=nein&zielgruppe=privatkunden&ratenzahlung=36&vertragsart=ratenzahlung&tarif=o2-mobile-unlimited-m
Netzbetreiber;Apple iPhone 18 Pro 1024 GB;Apple;1024;congstar;Allnet Flat L Flex;L;vergleichbar;-2,1;2942,00;3003,64;Kosten über 24 Monate · 24 Raten;;2026-10-10;https://www.congstar.de/geraete/apple/apple-iphone-18-pro/
Netzbetreiber;Apple iPhone 18 Pro 1024 GB;Apple;1024;o2;O2 Mobile L mit 150 GB+ (24 Mon.);L;vergleichbar;-1,1;2988,76;3021,64;Kosten über 36 Monate · 36 Raten;;2026-10-10;https://www.o2online.de/e-shop/apple/apple-iphone-18-pro-256gb-burgunder-details?ohne-tarif=nein&zielgruppe=privatkunden&ratenzahlung=36&vertragsart=ratenzahlung&tarif=o2-mobile-unlimited-m
Netzbetreiber;Apple iPhone 18 Pro 1024 GB;Apple;1024;o2;O2 Mobile L mit 150 GB+ (24 Mon.);L;vergleichbar;-0,5;2988,76;3003,64;Kosten über 24 Monate · 24 Raten;;2026-10-10;https://www.o2online.de/e-shop/apple/apple-iphone-18-pro-256gb-burgunder-details?ohne-tarif=nein&zielgruppe=privatkunden&ratenzahlung=36&vertragsart=ratenzahlung&tarif=o2-mobile-unlimited-m
Netzbetreiber;Apple iPhone 18 Pro 1024 GB;Apple;1024;o2;O2 Mobile on Demand M mit 50 GB+ (24 Mon.);M;vergleichbar;1,9;2908,75;2853,64;Kosten über 36 Monate · 36 Raten;;2026-10-10;https://www.o2online.de/e-shop/apple/apple-iphone-18-pro-256gb-burgunder-details?ohne-tarif=nein&zielgruppe=privatkunden&ratenzahlung=36&vertragsart=ratenzahlung&tarif=o2-mobile-unlimited-m
Netzbetreiber;Apple iPhone 18 Pro 1024 GB;Apple;1024;o2;O2 Mobile on Demand M mit 50 GB+ (24 Mon.);M;vergleichbar;2,4;2908,75;2841,64;Kosten über 24 Monate · 24 Raten;;2026-10-10;https://www.o2online.de/e-shop/apple/apple-iphone-18-pro-256gb-burgunder-details?ohne-tarif=nein&zielgruppe=privatkunden&ratenzahlung=36&vertragsart=ratenzahlung&tarif=o2-mobile-unlimited-m
Netzbetreiber;Apple iPhone 18 Pro 1024 GB;Apple;1024;Telekom;;;kein_buendel;;;;Kosten über die Bündellaufzeit;Telekom nicht erfasst: Seite sperrt automatisches Lesen (HTTP 202, 10.10.2026);;
Netzbetreiber;Apple iPhone 18 Pro 1024 GB;Apple;1024;1&1;1&1 All-Net-Flat S;XS;nicht_vergleichbar;;3275,54;2717,80;Kosten über die Bündellaufzeit;1&1 wird nur über 24 Monate verglichen.;2026-10-09;https://mobile.1und1.de/flow2/mobile/ssc-private/tariffContractDuration?tariffChangeUrl=%2F%2Fmobile.1und1.de%2Fiphone-18-pro&optionalPrecedingDocuments=%2F%2Fmobile.1und1.de%2Fiphone-18-pro&addFlowStates=tradeInAvailable%2CbrandApple%2CwatchAvailable%2CaskWatch%2ChwDurationsAvailable&traceId=82bbbd81-9b39-4adf-950b-85dbd6be9211
Netzbetreiber;Samsung Galaxy Z Fold8 Ultra 512 GB;Samsung;512;congstar;Allnet Flat M;L;vergleichbar;-10,3;2598,00;2895,64;Kosten über 36 Monate · 36 Raten;;2026-10-10;https://www.congstar.de/geraete/samsung/samsung-galaxy-z-fold8-ultra/
Netzbetreiber;Samsung Galaxy Z Fold8 Ultra 512 GB;Samsung;512;congstar;Allnet Flat M;L;vergleichbar;-9,7;2598,00;2877,64;Kosten über 24 Monate · 24 Raten;;2026-10-10;https://www.congstar.de/geraete/samsung/samsung-galaxy-z-fold8-ultra/?paymentVariantBenefits=&planId=540&installmentPlanId=500&memorySize=512+GB
Netzbetreiber;Samsung Galaxy Z Fold8 Ultra 512 GB;Samsung;512;congstar;Allnet Flat L;L;vergleichbar;-7,4;2682,00;2895,64;Kosten über 36 Monate · 36 Raten;;2026-10-10;https://www.congstar.de/geraete/samsung/samsung-galaxy-z-fold8-ultra/
Netzbetreiber;Samsung Galaxy Z Fold8 Ultra 512 GB;Samsung;512;congstar;Allnet Flat L;L;vergleichbar;-6,8;2682,00;2877,64;Kosten über 24 Monate · 24 Raten;;2026-10-10;https://www.congstar.de/geraete/samsung/samsung-galaxy-z-fold8-ultra/?paymentVariantBenefits=&planId=545&installmentPlanId=500&memorySize=512+GB
Netzbetreiber;Samsung Galaxy Z Fold8 Ultra 512 GB;Samsung;512;congstar;Allnet Flat S;M;vergleichbar;-6,5;2550,00;2727,64;Kosten über 36 Monate · 36 Raten;;2026-10-10;https://www.congstar.de/geraete/samsung/samsung-galaxy-z-fold8-ultra/
Netzbetreiber;Samsung Galaxy Z Fold8 Ultra 512 GB;Samsung;512;congstar;Allnet Flat S;M;vergleichbar;-6,1;2550,00;2715,64;Kosten über 24 Monate · 24 Raten;;2026-10-10;https://www.congstar.de/geraete/samsung/samsung-galaxy-z-fold8-ultra/?paymentVariantBenefits=&planId=560&installmentPlanId=500&memorySize=512+GB
Netzbetreiber;Samsung Galaxy Z Fold8 Ultra 512 GB;Samsung;512;congstar;Allnet Flat XS;XS;vergleichbar;-3,5;2502,00;2591,80;Kosten über 24 Monate · 24 Raten;;2026-10-10;https://www.congstar.de/geraete/samsung/samsung-galaxy-z-fold8-ultra/?paymentVariantBenefits=&planId=543&installmentPlanId=500&memorySize=512+GB
Netzbetreiber;Samsung Galaxy Z Fold8 Ultra 512 GB;Samsung;512;congstar;Allnet Flat XS;XS;vergleichbar;-3,5;2502,00;2591,80;Kosten über 36 Monate · 36 Raten;;2026-10-10;https://www.congstar.de/geraete/samsung/samsung-galaxy-z-fold8-ultra/
Netzbetreiber;Samsung Galaxy Z Fold8 Ultra 512 GB;Samsung;512;congstar;Allnet Flat M Flex;L;vergleichbar;1,0;2924,00;2895,64;Kosten über 36 Monate · 36 Raten;;2026-10-10;https://www.congstar.de/geraete/samsung/samsung-galaxy-z-fold8-ultra/
Netzbetreiber;Samsung Galaxy Z Fold8 Ultra 512 GB;Samsung;512;congstar;Allnet Flat M Flex;L;vergleichbar;1,6;2924,00;2877,64;Kosten über 24 Monate · 24 Raten;;2026-10-10;https://www.congstar.de/geraete/samsung/samsung-galaxy-z-fold8-ultra/
Netzbetreiber;Samsung Galaxy Z Fold8 Ultra 512 GB;Samsung;512;congstar;Allnet Flat S Flex;M;vergleichbar;2,8;2804,00;2727,64;Kosten über 36 Monate · 36 Raten;;2026-10-10;https://www.congstar.de/geraete/samsung/samsung-galaxy-z-fold8-ultra/
Netzbetreiber;Samsung Galaxy Z Fold8 Ultra 512 GB;Samsung;512;o2;O2 Mobile on Demand M Plus mit 50 GB+ (24 Mon.);M;vergleichbar;3,1;2812,75;2727,64;Kosten über 36 Monate · 36 Raten;;2026-10-10;https://www.o2online.de/e-shop/samsung/samsung-galaxy-z-fold8-ultra-256gb-violet-shadow-details?ohne-tarif=nein&zielgruppe=privatkunden&ratenzahlung=36&vertragsart=ratenzahlung&tarif=o2-mobile-on-demand-m-plus
Netzbetreiber;Samsung Galaxy Z Fold8 Ultra 512 GB;Samsung;512;congstar;Allnet Flat S Flex;M;vergleichbar;3,3;2804,00;2715,64;Kosten über 24 Monate · 24 Raten;;2026-10-10;https://www.congstar.de/geraete/samsung/samsung-galaxy-z-fold8-ultra/
Netzbetreiber;Samsung Galaxy Z Fold8 Ultra 512 GB;Samsung;512;o2;O2 Mobile on Demand M Plus mit 50 GB+ (24 Mon.);M;vergleichbar;3,6;2812,75;2715,64;Kosten über 24 Monate · 24 Raten;;2026-10-10;https://www.o2online.de/e-shop/samsung/samsung-galaxy-z-fold8-ultra-256gb-violet-shadow-details?ohne-tarif=nein&zielgruppe=privatkunden&ratenzahlung=36&vertragsart=ratenzahlung&tarif=o2-mobile-on-demand-m-plus
Netzbetreiber;Samsung Galaxy Z Fold8 Ultra 512 GB;Samsung;512;congstar;Allnet Flat XS Flex;XS;vergleichbar;3,6;2684,00;2591,80;Kosten über 24 Monate · 24 Raten;;2026-10-10;https://www.congstar.de/geraete/samsung/samsung-galaxy-z-fold8-ultra/
Netzbetreiber;Samsung Galaxy Z Fold8 Ultra 512 GB;Samsung;512;congstar;Allnet Flat XS Flex;XS;vergleichbar;3,6;2684,00;2591,80;Kosten über 36 Monate · 36 Raten;;2026-10-10;https://www.congstar.de/geraete/samsung/samsung-galaxy-z-fold8-ultra/
Netzbetreiber;Samsung Galaxy Z Fold8 Ultra 512 GB;Samsung;512;congstar;Allnet Flat L Flex;L;vergleichbar;5,1;3044,00;2895,64;Kosten über 36 Monate · 36 Raten;;2026-10-10;https://www.congstar.de/geraete/samsung/samsung-galaxy-z-fold8-ultra/
Netzbetreiber;Samsung Galaxy Z Fold8 Ultra 512 GB;Samsung;512;congstar;Allnet Flat L Flex;L;vergleichbar;5,8;3044,00;2877,64;Kosten über 24 Monate · 24 Raten;;2026-10-10;https://www.congstar.de/geraete/samsung/samsung-galaxy-z-fold8-ultra/
Netzbetreiber;Samsung Galaxy Z Fold8 Ultra 512 GB;Samsung;512;Telekom;;;kein_buendel;;;;Kosten über die Bündellaufzeit;Telekom nicht erfasst: Seite sperrt automatisches Lesen (HTTP 202, 10.10.2026);;
Netzbetreiber;Samsung Galaxy Z Fold8 Ultra 512 GB;Samsung;512;1&1;1&1 All-Net-Flat S;XS;nicht_vergleichbar;;3413,54;2591,80;Kosten über die Bündellaufzeit;1&1 wird nur über 24 Monate verglichen.;2026-10-09;https://mobile.1und1.de/flow2/mobile/ssc-private/tariffContractDuration?tariffChangeUrl=%2F%2Fmobile.1und1.de%2Fsamsung-galaxy-z-fold8-ultra&optionalPrecedingDocuments=%2F%2Fmobile.1und1.de%2Fsamsung-galaxy-z-fold8-ultra&addFlowStates=tradeInAvailable%2CbrandSamsung%2CgalaxyZfold%2CwatchAvailable%2CstrapsAvailable%2CaskWatch%2ChwDurationsAvailable&traceId=5a6420a7-8198-488a-b238-7cf6f5ffd60d
Netzbetreiber;Apple iPhone 18 Pro Max 1024 GB;Apple;1024;o2;O2 Mobile Unlimited M mit 100 MBit/s (24 Mon.);XL;vergleichbar;-10,0;3156,76;3507,63;Kosten über 36 Monate · 36 Raten;;2026-10-10;https://www.o2online.de/e-shop/apple/apple-iphone-18-pro-max-256gb-polar-details?ohne-tarif=nein&zielgruppe=privatkunden&ratenzahlung=36&vertragsart=ratenzahlung&tarif=o2-mobile-unlimited-m
Netzbetreiber;Apple iPhone 18 Pro Max 1024 GB;Apple;1024;o2;O2 Mobile Unlimited M mit 100 MBit/s (24 Mon.);XL;vergleichbar;-9,1;3156,76;3471,63;Kosten über 24 Monate · 24 Raten;;2026-10-10;https://www.o2online.de/e-shop/apple/apple-iphone-18-pro-max-256gb-polar-details?ohne-tarif=nein&zielgruppe=privatkunden&ratenzahlung=36&vertragsart=ratenzahlung&tarif=o2-mobile-unlimited-m
Netzbetreiber;Apple iPhone 18 Pro Max 1024 GB;Apple;1024;congstar;Allnet Flat M;L;vergleichbar;-7,0;2962,00;3183,63;Kosten über 36 Monate · 36 Raten;;2026-10-10;https://www.congstar.de/geraete/apple/apple-iphone-18-pro-max/
Netzbetreiber;Apple iPhone 18 Pro Max 1024 GB;Apple;1024;congstar;Allnet Flat M;L;vergleichbar;-6,4;2962,00;3165,63;Kosten über 24 Monate · 24 Raten;;2026-10-10;https://www.congstar.de/geraete/apple/apple-iphone-18-pro-max/?paymentVariantBenefits=&planId=540&installmentPlanId=500&memorySize=1+TB
Netzbetreiber;Apple iPhone 18 Pro Max 1024 GB;Apple;1024;congstar;Allnet Flat M Flex;L;vergleichbar;-6,3;2982,00;3183,63;Kosten über 36 Monate · 36 Raten;;2026-10-10;https://www.congstar.de/geraete/apple/apple-iphone-18-pro-max/
Netzbetreiber;Apple iPhone 18 Pro Max 1024 GB;Apple;1024;congstar;Allnet Flat S;M;vergleichbar;-5,8;2842,00;3015,63;Kosten über 36 Monate · 36 Raten;;2026-10-10;https://www.congstar.de/geraete/apple/apple-iphone-18-pro-max/
Netzbetreiber;Apple iPhone 18 Pro Max 1024 GB;Apple;1024;congstar;Allnet Flat M Flex;L;vergleichbar;-5,8;2982,00;3165,63;Kosten über 24 Monate · 24 Raten;;2026-10-10;https://www.congstar.de/geraete/apple/apple-iphone-18-pro-max/
Netzbetreiber;Apple iPhone 18 Pro Max 1024 GB;Apple;1024;congstar;Allnet Flat XS;XS;vergleichbar;-5,5;2722,00;2879,79;Kosten über 24 Monate · 24 Raten;;2026-10-10;https://www.congstar.de/geraete/apple/apple-iphone-18-pro-max/?paymentVariantBenefits=&planId=543&installmentPlanId=500&memorySize=1+TB
Netzbetreiber;Apple iPhone 18 Pro Max 1024 GB;Apple;1024;congstar;Allnet Flat XS;XS;vergleichbar;-5,5;2722,00;2879,79;Kosten über 36 Monate · 36 Raten;;2026-10-10;https://www.congstar.de/geraete/apple/apple-iphone-18-pro-max/
Netzbetreiber;Apple iPhone 18 Pro Max 1024 GB;Apple;1024;congstar;Allnet Flat S;M;vergleichbar;-5,4;2842,00;3003,63;Kosten über 24 Monate · 24 Raten;;2026-10-10;https://www.congstar.de/geraete/apple/apple-iphone-18-pro-max/?paymentVariantBenefits=&planId=560&installmentPlanId=500&memorySize=1+TB
Netzbetreiber;Apple iPhone 18 Pro Max 1024 GB;Apple;1024;congstar;Allnet Flat S Flex;M;vergleichbar;-5,1;2862,00;3015,63;Kosten über 36 Monate · 36 Raten;;2026-10-10;https://www.congstar.de/geraete/apple/apple-iphone-18-pro-max/
Netzbetreiber;Apple iPhone 18 Pro Max 1024 GB;Apple;1024;congstar;Allnet Flat XS Flex;XS;vergleichbar;-4,8;2742,00;2879,79;Kosten über 24 Monate · 24 Raten;;2026-10-10;https://www.congstar.de/geraete/apple/apple-iphone-18-pro-max/
Netzbetreiber;Apple iPhone 18 Pro Max 1024 GB;Apple;1024;congstar;Allnet Flat XS Flex;XS;vergleichbar;-4,8;2742,00;2879,79;Kosten über 36 Monate · 36 Raten;;2026-10-10;https://www.congstar.de/geraete/apple/apple-iphone-18-pro-max/
Netzbetreiber;Apple iPhone 18 Pro Max 1024 GB;Apple;1024;congstar;Allnet Flat S Flex;M;vergleichbar;-4,7;2862,00;3003,63;Kosten über 24 Monate · 24 Raten;;2026-10-10;https://www.congstar.de/geraete/apple/apple-iphone-18-pro-max/
Netzbetreiber;Apple iPhone 18 Pro Max 1024 GB;Apple;1024;o2;O2 Mobile Unlimited L mit 300 MBit/s (24 Mon.);XL;vergleichbar;-3,2;3396,76;3507,63;Kosten über 36 Monate · 36 Raten;;2026-10-10;https://www.o2online.de/e-shop/apple/apple-iphone-18-pro-max-256gb-polar-details?ohne-tarif=nein&zielgruppe=privatkunden&ratenzahlung=36&vertragsart=ratenzahlung&tarif=o2-mobile-unlimited-m
Netzbetreiber;Apple iPhone 18 Pro Max 1024 GB;Apple;1024;congstar;Allnet Flat L;L;vergleichbar;-3,2;3082,00;3183,63;Kosten über 36 Monate · 36 Raten;;2026-10-10;https://www.congstar.de/geraete/apple/apple-iphone-18-pro-max/
Netzbetreiber;Apple iPhone 18 Pro Max 1024 GB;Apple;1024;congstar;Allnet Flat L;L;vergleichbar;-2,6;3082,00;3165,63;Kosten über 24 Monate · 24 Raten;;2026-10-10;https://www.congstar.de/geraete/apple/apple-iphone-18-pro-max/?paymentVariantBenefits=&planId=545&installmentPlanId=500&memorySize=1+TB
Netzbetreiber;Apple iPhone 18 Pro Max 1024 GB;Apple;1024;congstar;Allnet Flat L Flex;L;vergleichbar;-2,6;3102,00;3183,63;Kosten über 36 Monate · 36 Raten;;2026-10-10;https://www.congstar.de/geraete/apple/apple-iphone-18-pro-max/
Netzbetreiber;Apple iPhone 18 Pro Max 1024 GB;Apple;1024;o2;O2 Mobile Unlimited L mit 300 MBit/s (24 Mon.);XL;vergleichbar;-2,2;3396,76;3471,63;Kosten über 24 Monate · 24 Raten;;2026-10-10;https://www.o2online.de/e-shop/apple/apple-iphone-18-pro-max-256gb-polar-details?ohne-tarif=nein&zielgruppe=privatkunden&ratenzahlung=36&vertragsart=ratenzahlung&tarif=o2-mobile-unlimited-m
Netzbetreiber;Apple iPhone 18 Pro Max 1024 GB;Apple;1024;congstar;Allnet Flat L Flex;L;vergleichbar;-2,0;3102,00;3165,63;Kosten über 24 Monate · 24 Raten;;2026-10-10;https://www.congstar.de/geraete/apple/apple-iphone-18-pro-max/
Netzbetreiber;Apple iPhone 18 Pro Max 1024 GB;Apple;1024;o2;O2 Mobile L mit 150 GB+ (24 Mon.);L;vergleichbar;-0,8;3156,76;3183,63;Kosten über 36 Monate · 36 Raten;;2026-10-10;https://www.o2online.de/e-shop/apple/apple-iphone-18-pro-max-256gb-polar-details?ohne-tarif=nein&zielgruppe=privatkunden&ratenzahlung=36&vertragsart=ratenzahlung&tarif=o2-mobile-unlimited-m
Netzbetreiber;Apple iPhone 18 Pro Max 1024 GB;Apple;1024;o2;O2 Mobile L mit 150 GB+ (24 Mon.);L;vergleichbar;-0,3;3156,76;3165,63;Kosten über 24 Monate · 24 Raten;;2026-10-10;https://www.o2online.de/e-shop/apple/apple-iphone-18-pro-max-256gb-polar-details?ohne-tarif=nein&zielgruppe=privatkunden&ratenzahlung=36&vertragsart=ratenzahlung&tarif=o2-mobile-unlimited-m
Netzbetreiber;Apple iPhone 18 Pro Max 1024 GB;Apple;1024;o2;O2 Mobile on Demand M mit 50 GB+ (24 Mon.);M;vergleichbar;2,0;3076,75;3015,63;Kosten über 36 Monate · 36 Raten;;2026-10-10;https://www.o2online.de/e-shop/apple/apple-iphone-18-pro-max-256gb-polar-details?ohne-tarif=nein&zielgruppe=privatkunden&ratenzahlung=36&vertragsart=ratenzahlung&tarif=o2-mobile-unlimited-m
Netzbetreiber;Apple iPhone 18 Pro Max 1024 GB;Apple;1024;o2;O2 Mobile on Demand M mit 50 GB+ (24 Mon.);M;vergleichbar;2,4;3076,75;3003,63;Kosten über 24 Monate · 24 Raten;;2026-10-10;https://www.o2online.de/e-shop/apple/apple-iphone-18-pro-max-256gb-polar-details?ohne-tarif=nein&zielgruppe=privatkunden&ratenzahlung=36&vertragsart=ratenzahlung&tarif=o2-mobile-unlimited-m
Netzbetreiber;Apple iPhone 18 Pro Max 1024 GB;Apple;1024;Telekom;;;kein_buendel;;;;Kosten über die Bündellaufzeit;Telekom nicht erfasst: Seite sperrt automatisches Lesen (HTTP 202, 10.10.2026);;
Netzbetreiber;Apple iPhone 18 Pro Max 1024 GB;Apple;1024;1&1;1&1 All-Net-Flat S;XS;nicht_vergleichbar;;3515,54;2879,79;Kosten über die Bündellaufzeit;1&1 wird nur über 24 Monate verglichen.;2026-10-09;https://mobile.1und1.de/flow2/mobile/ssc-private/tariffContractDuration?tariffChangeUrl=%2F%2Fmobile.1und1.de%2Fiphone-18-pro-max&optionalPrecedingDocuments=%2F%2Fmobile.1und1.de%2Fiphone-18-pro-max&addFlowStates=tradeInAvailable%2CbrandApple%2CwatchAvailable%2CaskWatch%2ChwDurationsAvailable&traceId=227a47dd-ba17-48ac-9da6-914d971e4a34
Netzbetreiber;Samsung Galaxy Z Fold8 Ultra 256 GB;Samsung;256;congstar;Allnet Flat M;L;vergleichbar;-9,5;2442,00;2697,64;Kosten über 36 Monate · 36 Raten;;2026-10-10;https://www.congstar.de/geraete/samsung/samsung-galaxy-z-fold8-ultra/
Netzbetreiber;Samsung Galaxy Z Fold8 Ultra 256 GB;Samsung;256;congstar;Allnet Flat M;L;vergleichbar;-8,9;2442,00;2679,64;Kosten über 24 Monate · 24 Raten;;2026-10-10;https://www.congstar.de/geraete/samsung/samsung-galaxy-z-fold8-ultra/?paymentVariantBenefits=&planId=540&installmentPlanId=500
Netzbetreiber;Samsung Galaxy Z Fold8 Ultra 256 GB;Samsung;256;congstar;Allnet Flat L;L;vergleichbar;-6,4;2526,00;2697,64;Kosten über 36 Monate · 36 Raten;;2026-10-10;https://www.congstar.de/geraete/samsung/samsung-galaxy-z-fold8-ultra/
Netzbetreiber;Samsung Galaxy Z Fold8 Ultra 256 GB;Samsung;256;congstar;Allnet Flat L;L;vergleichbar;-5,7;2526,00;2679,64;Kosten über 24 Monate · 24 Raten;;2026-10-10;https://www.congstar.de/geraete/samsung/samsung-galaxy-z-fold8-ultra/?paymentVariantBenefits=&planId=545&installmentPlanId=500
Netzbetreiber;Samsung Galaxy Z Fold8 Ultra 256 GB;Samsung;256;congstar;Allnet Flat S;M;vergleichbar;-5,4;2394,00;2529,64;Kosten über 36 Monate · 36 Raten;;2026-10-10;https://www.congstar.de/geraete/samsung/samsung-galaxy-z-fold8-ultra/
Netzbetreiber;Samsung Galaxy Z Fold8 Ultra 256 GB;Samsung;256;congstar;Allnet Flat S;M;vergleichbar;-4,9;2394,00;2517,64;Kosten über 24 Monate · 24 Raten;;2026-10-10;https://www.congstar.de/geraete/samsung/samsung-galaxy-z-fold8-ultra/?paymentVariantBenefits=&planId=560&installmentPlanId=500
Netzbetreiber;Samsung Galaxy Z Fold8 Ultra 256 GB;Samsung;256;congstar;Allnet Flat XS;XS;vergleichbar;-2,0;2346,00;2393,80;Kosten über 24 Monate · 24 Raten;;2026-10-10;https://www.congstar.de/geraete/samsung/samsung-galaxy-z-fold8-ultra/?paymentVariantBenefits=&planId=543&installmentPlanId=500
Netzbetreiber;Samsung Galaxy Z Fold8 Ultra 256 GB;Samsung;256;congstar;Allnet Flat XS;XS;vergleichbar;-2,0;2346,00;2393,80;Kosten über 36 Monate · 36 Raten;;2026-10-10;https://www.congstar.de/geraete/samsung/samsung-galaxy-z-fold8-ultra/
Netzbetreiber;Samsung Galaxy Z Fold8 Ultra 256 GB;Samsung;256;congstar;Allnet Flat M Flex;L;vergleichbar;1,9;2750,00;2697,64;Kosten über 36 Monate · 36 Raten;;2026-10-10;https://www.congstar.de/geraete/samsung/samsung-galaxy-z-fold8-ultra/
Netzbetreiber;Samsung Galaxy Z Fold8 Ultra 256 GB;Samsung;256;congstar;Allnet Flat M Flex;L;vergleichbar;2,6;2750,00;2679,64;Kosten über 24 Monate · 24 Raten;;2026-10-10;https://www.congstar.de/geraete/samsung/samsung-galaxy-z-fold8-ultra/
Netzbetreiber;Samsung Galaxy Z Fold8 Ultra 256 GB;Samsung;256;o2;O2 Mobile on Demand M Plus mit 50 GB+ (24 Mon.);M;vergleichbar;2,7;2596,75;2529,64;Kosten über 36 Monate · 36 Raten;;2026-10-10;https://www.o2online.de/e-shop/samsung/samsung-galaxy-z-fold8-ultra-256gb-violet-shadow-details?ohne-tarif=nein&zielgruppe=privatkunden&ratenzahlung=36&vertragsart=ratenzahlung&tarif=o2-mobile-on-demand-m-plus
Netzbetreiber;Samsung Galaxy Z Fold8 Ultra 256 GB;Samsung;256;o2;O2 Mobile on Demand M Plus mit 50 GB+ (24 Mon.);M;vergleichbar;3,1;2596,75;2517,64;Kosten über 24 Monate · 24 Raten;;2026-10-10;https://www.o2online.de/e-shop/samsung/samsung-galaxy-z-fold8-ultra-256gb-violet-shadow-details?ohne-tarif=nein&zielgruppe=privatkunden&ratenzahlung=36&vertragsart=ratenzahlung&tarif=o2-mobile-on-demand-m-plus
Netzbetreiber;Samsung Galaxy Z Fold8 Ultra 256 GB;Samsung;256;congstar;Allnet Flat S Flex;M;vergleichbar;4,0;2630,00;2529,64;Kosten über 36 Monate · 36 Raten;;2026-10-10;https://www.congstar.de/geraete/samsung/samsung-galaxy-z-fold8-ultra/
Netzbetreiber;Samsung Galaxy Z Fold8 Ultra 256 GB;Samsung;256;congstar;Allnet Flat S Flex;M;vergleichbar;4,5;2630,00;2517,64;Kosten über 24 Monate · 24 Raten;;2026-10-10;https://www.congstar.de/geraete/samsung/samsung-galaxy-z-fold8-ultra/
Netzbetreiber;Samsung Galaxy Z Fold8 Ultra 256 GB;Samsung;256;congstar;Allnet Flat XS Flex;XS;vergleichbar;4,9;2510,00;2393,80;Kosten über 24 Monate · 24 Raten;;2026-10-10;https://www.congstar.de/geraete/samsung/samsung-galaxy-z-fold8-ultra/
Netzbetreiber;Samsung Galaxy Z Fold8 Ultra 256 GB;Samsung;256;congstar;Allnet Flat XS Flex;XS;vergleichbar;4,9;2510,00;2393,80;Kosten über 36 Monate · 36 Raten;;2026-10-10;https://www.congstar.de/geraete/samsung/samsung-galaxy-z-fold8-ultra/
Netzbetreiber;Samsung Galaxy Z Fold8 Ultra 256 GB;Samsung;256;congstar;Allnet Flat L Flex;L;vergleichbar;6,4;2870,00;2697,64;Kosten über 36 Monate · 36 Raten;;2026-10-10;https://www.congstar.de/geraete/samsung/samsung-galaxy-z-fold8-ultra/
Netzbetreiber;Samsung Galaxy Z Fold8 Ultra 256 GB;Samsung;256;congstar;Allnet Flat L Flex;L;vergleichbar;7,1;2870,00;2679,64;Kosten über 24 Monate · 24 Raten;;2026-10-10;https://www.congstar.de/geraete/samsung/samsung-galaxy-z-fold8-ultra/
Netzbetreiber;Samsung Galaxy Z Fold8 Ultra 256 GB;Samsung;256;Telekom;MagentaMobil XS;XS;vergleichbar;17,7;2817,35;2393,80;Kosten über 36 Monate · 36 Raten;;2026-10-10;https://www.telekom.de/shop/geraet/samsung/samsung-galaxy-z-fold8-ultra/violet-shadow-256-gb?sortBy=popularityIndex&currentPage=3&tariffId=MF_17779&itemPerPage=24&excludedCurrentPage=1&forwardTradeInApplied=false&bp=acquisition&categoryId=smartphones
Netzbetreiber;Samsung Galaxy Z Fold8 Ultra 256 GB;Samsung;256;Telekom;MagentaMobil S;S;vergleichbar;18,8;3057,35;2573,80;Kosten über 36 Monate · 36 Raten;;2026-10-10;https://www.telekom.de/shop/geraet/samsung/samsung-galaxy-z-fold8-ultra/violet-shadow-256-gb?sortBy=popularityIndex&currentPage=3&tariffId=MF_17785&itemPerPage=24&excludedCurrentPage=1&forwardTradeInApplied=false&bp=acquisition&categoryId=smartphones
Netzbetreiber;Samsung Galaxy Z Fold8 Ultra 256 GB;Samsung;256;Telekom;MagentaMobil L;L;vergleichbar;23,7;3336,55;2697,64;Kosten über 36 Monate · 36 Raten;;2026-10-10;https://www.telekom.de/shop/geraet/samsung/samsung-galaxy-z-fold8-ultra/violet-shadow-256-gb?sortBy=popularityIndex&currentPage=3&tariffId=MF_17797&itemPerPage=24&excludedCurrentPage=1&forwardTradeInApplied=false&bp=acquisition&categoryId=smartphones
Netzbetreiber;Samsung Galaxy Z Fold8 Ultra 256 GB;Samsung;256;Telekom;MagentaMobil M;M;vergleichbar;26,4;3197,35;2529,64;Kosten über 36 Monate · 36 Raten;;2026-10-10;https://www.telekom.de/shop/geraet/samsung/samsung-galaxy-z-fold8-ultra/violet-shadow-256-gb?sortBy=popularityIndex&currentPage=3&tariffId=MF_17791&itemPerPage=24&excludedCurrentPage=1&forwardTradeInApplied=false&bp=acquisition&categoryId=smartphones
Netzbetreiber;Samsung Galaxy Z Fold8 Ultra 256 GB;Samsung;256;Telekom;MagentaMobil XL;XL;vergleichbar;26,9;3835,75;3021,64;Kosten über 36 Monate · 36 Raten;;2026-10-10;https://www.telekom.de/shop/geraet/samsung/samsung-galaxy-z-fold8-ultra/violet-shadow-256-gb?sortBy=popularityIndex&currentPage=3&tariffId=MF_17803&itemPerPage=24&excludedCurrentPage=1&forwardTradeInApplied=false&bp=acquisition&categoryId=smartphones
Netzbetreiber;Samsung Galaxy Z Fold8 Ultra 256 GB;Samsung;256;1&1;1&1 All-Net-Flat S;XS;nicht_vergleichbar;;3127,54;2393,80;Kosten über die Bündellaufzeit;1&1 wird nur über 24 Monate verglichen.;2026-10-09;https://mobile.1und1.de/flow2/mobile/ssc-private/tariffContractDuration?tariffChangeUrl=%2F%2Fmobile.1und1.de%2Fsamsung-galaxy-z-fold8-ultra&optionalPrecedingDocuments=%2F%2Fmobile.1und1.de%2Fsamsung-galaxy-z-fold8-ultra&addFlowStates=tradeInAvailable%2CbrandSamsung%2CgalaxyZfold%2CwatchAvailable%2CstrapsAvailable%2CaskWatch%2ChwDurationsAvailable&traceId=1cfc5f6d-2582-4484-9218-a4d50f8ceced
Netzbetreiber;Samsung Galaxy Z Fold8 512 GB;Samsung;512;congstar;Allnet Flat M;L;vergleichbar;-9,1;2452,00;2697,64;Kosten über 36 Monate · 36 Raten;;2026-10-10;https://www.congstar.de/geraete/samsung/samsung-galaxy-z-fold8/
Netzbetreiber;Samsung Galaxy Z Fold8 512 GB;Samsung;512;congstar;Allnet Flat M;L;vergleichbar;-8,5;2452,00;2679,64;Kosten über 24 Monate · 24 Raten;;2026-10-10;https://www.congstar.de/geraete/samsung/samsung-galaxy-z-fold8/?paymentVariantBenefits=&planId=540&installmentPlanId=500&memorySize=512+GB
Netzbetreiber;Samsung Galaxy Z Fold8 512 GB;Samsung;512;congstar;Allnet Flat L;L;vergleichbar;-6,0;2536,00;2697,64;Kosten über 36 Monate · 36 Raten;;2026-10-10;https://www.congstar.de/geraete/samsung/samsung-galaxy-z-fold8/
Netzbetreiber;Samsung Galaxy Z Fold8 512 GB;Samsung;512;congstar;Allnet Flat L;L;vergleichbar;-5,4;2536,00;2679,64;Kosten über 24 Monate · 24 Raten;;2026-10-10;https://www.congstar.de/geraete/samsung/samsung-galaxy-z-fold8/?paymentVariantBenefits=&planId=545&installmentPlanId=500&memorySize=512+GB
Netzbetreiber;Samsung Galaxy Z Fold8 512 GB;Samsung;512;congstar;Allnet Flat S;M;vergleichbar;-5,0;2404,00;2529,64;Kosten über 36 Monate · 36 Raten;;2026-10-10;https://www.congstar.de/geraete/samsung/samsung-galaxy-z-fold8/
Netzbetreiber;Samsung Galaxy Z Fold8 512 GB;Samsung;512;congstar;Allnet Flat S;M;vergleichbar;-4,5;2404,00;2517,64;Kosten über 24 Monate · 24 Raten;;2026-10-10;https://www.congstar.de/geraete/samsung/samsung-galaxy-z-fold8/?paymentVariantBenefits=&planId=560&installmentPlanId=500&memorySize=512+GB
Netzbetreiber;Samsung Galaxy Z Fold8 512 GB;Samsung;512;congstar;Allnet Flat XS;XS;vergleichbar;-3,1;2320,00;2393,80;Kosten über 24 Monate · 24 Raten;;2026-10-10;https://www.congstar.de/geraete/samsung/samsung-galaxy-z-fold8/?paymentVariantBenefits=&planId=543&installmentPlanId=500&memorySize=512+GB
Netzbetreiber;Samsung Galaxy Z Fold8 512 GB;Samsung;512;congstar;Allnet Flat XS;XS;vergleichbar;-3,1;2320,00;2393,80;Kosten über 36 Monate · 36 Raten;;2026-10-10;https://www.congstar.de/geraete/samsung/samsung-galaxy-z-fold8/
Netzbetreiber;Samsung Galaxy Z Fold8 512 GB;Samsung;512;congstar;Allnet Flat M Flex;L;vergleichbar;2,3;2760,00;2697,64;Kosten über 36 Monate · 36 Raten;;2026-10-10;https://www.congstar.de/geraete/samsung/samsung-galaxy-z-fold8/
Netzbetreiber;Samsung Galaxy Z Fold8 512 GB;Samsung;512;o2;O2 Mobile on Demand M Plus mit 50 GB+ (24 Mon.);M;vergleichbar;2,7;2596,75;2529,64;Kosten über 36 Monate · 36 Raten;;2026-10-10;https://www.o2online.de/e-shop/samsung/samsung-galaxy-z-fold8-256gb-lavender-details?ohne-tarif=nein&zielgruppe=privatkunden&ratenzahlung=36&vertragsart=ratenzahlung&tarif=o2-mobile-on-demand-m-plus
Netzbetreiber;Samsung Galaxy Z Fold8 512 GB;Samsung;512;congstar;Allnet Flat M Flex;L;vergleichbar;3,0;2760,00;2679,64;Kosten über 24 Monate · 24 Raten;;2026-10-10;https://www.congstar.de/geraete/samsung/samsung-galaxy-z-fold8/
Netzbetreiber;Samsung Galaxy Z Fold8 512 GB;Samsung;512;o2;O2 Mobile on Demand M Plus mit 50 GB+ (24 Mon.);M;vergleichbar;3,1;2596,75;2517,64;Kosten über 24 Monate · 24 Raten;;2026-10-10;https://www.o2online.de/e-shop/samsung/samsung-galaxy-z-fold8-256gb-lavender-details?ohne-tarif=nein&zielgruppe=privatkunden&ratenzahlung=36&vertragsart=ratenzahlung&tarif=o2-mobile-on-demand-m-plus
Netzbetreiber;Samsung Galaxy Z Fold8 512 GB;Samsung;512;congstar;Allnet Flat S Flex;M;vergleichbar;4,4;2640,00;2529,64;Kosten über 36 Monate · 36 Raten;;2026-10-10;https://www.congstar.de/geraete/samsung/samsung-galaxy-z-fold8/
Netzbetreiber;Samsung Galaxy Z Fold8 512 GB;Samsung;512;congstar;Allnet Flat S Flex;M;vergleichbar;4,9;2640,00;2517,64;Kosten über 24 Monate · 24 Raten;;2026-10-10;https://www.congstar.de/geraete/samsung/samsung-galaxy-z-fold8/
Netzbetreiber;Samsung Galaxy Z Fold8 512 GB;Samsung;512;congstar;Allnet Flat XS Flex;XS;vergleichbar;5,3;2520,00;2393,80;Kosten über 24 Monate · 24 Raten;;2026-10-10;https://www.congstar.de/geraete/samsung/samsung-galaxy-z-fold8/
Netzbetreiber;Samsung Galaxy Z Fold8 512 GB;Samsung;512;congstar;Allnet Flat XS Flex;XS;vergleichbar;5,3;2520,00;2393,80;Kosten über 36 Monate · 36 Raten;;2026-10-10;https://www.congstar.de/geraete/samsung/samsung-galaxy-z-fold8/
Netzbetreiber;Samsung Galaxy Z Fold8 512 GB;Samsung;512;congstar;Allnet Flat L Flex;L;vergleichbar;6,8;2880,00;2697,64;Kosten über 36 Monate · 36 Raten;;2026-10-10;https://www.congstar.de/geraete/samsung/samsung-galaxy-z-fold8/
Netzbetreiber;Samsung Galaxy Z Fold8 512 GB;Samsung;512;congstar;Allnet Flat L Flex;L;vergleichbar;7,5;2880,00;2679,64;Kosten über 24 Monate · 24 Raten;;2026-10-10;https://www.congstar.de/geraete/samsung/samsung-galaxy-z-fold8/
Netzbetreiber;Samsung Galaxy Z Fold8 512 GB;Samsung;512;Telekom;;;kein_buendel;;;;Kosten über die Bündellaufzeit;Telekom nicht erfasst: Seite sperrt automatisches Lesen (HTTP 202, 10.10.2026);;
Netzbetreiber;Samsung Galaxy Z Fold8 512 GB;Samsung;512;1&1;1&1 All-Net-Flat S;XS;nicht_vergleichbar;;3173,54;2393,80;Kosten über die Bündellaufzeit;1&1 wird nur über 24 Monate verglichen.;2026-10-09;https://mobile.1und1.de/flow2/mobile/ssc-private/tariffContractDuration?tariffChangeUrl=%2F%2Fmobile.1und1.de%2Fsamsung-galaxy-z-fold8&optionalPrecedingDocuments=%2F%2Fmobile.1und1.de%2Fsamsung-galaxy-z-fold8&addFlowStates=tradeInAvailable%2CbrandSamsung%2CgalaxyZfold%2CwatchAvailable%2CstrapsAvailable%2CaskWatch%2ChwDurationsAvailable&traceId=8fb50647-a7d6-48ab-a508-88c910ba499a
Netzbetreiber;Samsung Galaxy Z Fold8 256 GB;Samsung;256;congstar;Allnet Flat M;L;vergleichbar;-8,6;2284,00;2499,63;Kosten über 36 Monate · 36 Raten;;2026-10-10;https://www.congstar.de/geraete/samsung/samsung-galaxy-z-fold8/
Netzbetreiber;Samsung Galaxy Z Fold8 256 GB;Samsung;256;congstar;Allnet Flat M;L;vergleichbar;-8,0;2284,00;2481,63;Kosten über 24 Monate · 24 Raten;;2026-10-10;https://www.congstar.de/geraete/samsung/samsung-galaxy-z-fold8/?paymentVariantBenefits=&planId=540&installmentPlanId=500
Netzbetreiber;Samsung Galaxy Z Fold8 256 GB;Samsung;256;congstar;Allnet Flat L;L;vergleichbar;-5,3;2368,00;2499,63;Kosten über 36 Monate · 36 Raten;;2026-10-10;https://www.congstar.de/geraete/samsung/samsung-galaxy-z-fold8/
Netzbetreiber;Samsung Galaxy Z Fold8 256 GB;Samsung;256;congstar;Allnet Flat L;L;vergleichbar;-4,6;2368,00;2481,63;Kosten über 24 Monate · 24 Raten;;2026-10-10;https://www.congstar.de/geraete/samsung/samsung-galaxy-z-fold8/?paymentVariantBenefits=&planId=545&installmentPlanId=500
Netzbetreiber;Samsung Galaxy Z Fold8 256 GB;Samsung;256;congstar;Allnet Flat S;M;vergleichbar;-4,1;2236,00;2331,63;Kosten über 36 Monate · 36 Raten;;2026-10-10;https://www.congstar.de/geraete/samsung/samsung-galaxy-z-fold8/
Netzbetreiber;Samsung Galaxy Z Fold8 256 GB;Samsung;256;congstar;Allnet Flat S;M;vergleichbar;-3,6;2236,00;2319,63;Kosten über 24 Monate · 24 Raten;;2026-10-10;https://www.congstar.de/geraete/samsung/samsung-galaxy-z-fold8/?paymentVariantBenefits=&planId=560&installmentPlanId=500
Netzbetreiber;Samsung Galaxy Z Fold8 256 GB;Samsung;256;congstar;Allnet Flat XS;XS;vergleichbar;-2,0;2152,00;2195,79;Kosten über 24 Monate · 24 Raten;;2026-10-10;https://www.congstar.de/geraete/samsung/samsung-galaxy-z-fold8/?paymentVariantBenefits=&planId=543&installmentPlanId=500
Netzbetreiber;Samsung Galaxy Z Fold8 256 GB;Samsung;256;congstar;Allnet Flat XS;XS;vergleichbar;-2,0;2152,00;2195,79;Kosten über 36 Monate · 36 Raten;;2026-10-10;https://www.congstar.de/geraete/samsung/samsung-galaxy-z-fold8/
Netzbetreiber;Samsung Galaxy Z Fold8 256 GB;Samsung;256;o2;O2 Mobile on Demand M Plus mit 50 GB+ (24 Mon.);M;vergleichbar;3,7;2416,75;2331,63;Kosten über 36 Monate · 36 Raten;;2026-10-10;https://www.o2online.de/e-shop/samsung/samsung-galaxy-z-fold8-256gb-lavender-details?ohne-tarif=nein&zielgruppe=privatkunden&ratenzahlung=36&vertragsart=ratenzahlung&tarif=o2-mobile-on-demand-m-plus
Netzbetreiber;Samsung Galaxy Z Fold8 256 GB;Samsung;256;o2;O2 Mobile on Demand M Plus mit 50 GB+ (24 Mon.);M;vergleichbar;4,2;2416,75;2319,63;Kosten über 24 Monate · 24 Raten;;2026-10-10;https://www.o2online.de/e-shop/samsung/samsung-galaxy-z-fold8-256gb-lavender-details?ohne-tarif=nein&zielgruppe=privatkunden&ratenzahlung=36&vertragsart=ratenzahlung&tarif=o2-mobile-on-demand-m-plus
Netzbetreiber;Samsung Galaxy Z Fold8 256 GB;Samsung;256;congstar;Allnet Flat M Flex;L;vergleichbar;4,4;2610,00;2499,63;Kosten über 36 Monate · 36 Raten;;2026-10-10;https://www.congstar.de/geraete/samsung/samsung-galaxy-z-fold8/
Netzbetreiber;Samsung Galaxy Z Fold8 256 GB;Samsung;256;congstar;Allnet Flat M Flex;L;vergleichbar;5,2;2610,00;2481,63;Kosten über 24 Monate · 24 Raten;;2026-10-10;https://www.congstar.de/geraete/samsung/samsung-galaxy-z-fold8/
Netzbetreiber;Samsung Galaxy Z Fold8 256 GB;Samsung;256;congstar;Allnet Flat S Flex;M;vergleichbar;6,8;2490,00;2331,63;Kosten über 36 Monate · 36 Raten;;2026-10-10;https://www.congstar.de/geraete/samsung/samsung-galaxy-z-fold8/
Netzbetreiber;Samsung Galaxy Z Fold8 256 GB;Samsung;256;congstar;Allnet Flat S Flex;M;vergleichbar;7,3;2490,00;2319,63;Kosten über 24 Monate · 24 Raten;;2026-10-10;https://www.congstar.de/geraete/samsung/samsung-galaxy-z-fold8/
Netzbetreiber;Samsung Galaxy Z Fold8 256 GB;Samsung;256;congstar;Allnet Flat XS Flex;XS;vergleichbar;7,9;2370,00;2195,79;Kosten über 24 Monate · 24 Raten;;2026-10-10;https://www.congstar.de/geraete/samsung/samsung-galaxy-z-fold8/
Netzbetreiber;Samsung Galaxy Z Fold8 256 GB;Samsung;256;congstar;Allnet Flat XS Flex;XS;vergleichbar;7,9;2370,00;2195,79;Kosten über 36 Monate · 36 Raten;;2026-10-10;https://www.congstar.de/geraete/samsung/samsung-galaxy-z-fold8/
Netzbetreiber;Samsung Galaxy Z Fold8 256 GB;Samsung;256;congstar;Allnet Flat L Flex;L;vergleichbar;9,2;2730,00;2499,63;Kosten über 36 Monate · 36 Raten;;2026-10-10;https://www.congstar.de/geraete/samsung/samsung-galaxy-z-fold8/
Netzbetreiber;Samsung Galaxy Z Fold8 256 GB;Samsung;256;congstar;Allnet Flat L Flex;L;vergleichbar;10,0;2730,00;2481,63;Kosten über 24 Monate · 24 Raten;;2026-10-10;https://www.congstar.de/geraete/samsung/samsung-galaxy-z-fold8/
Netzbetreiber;Samsung Galaxy Z Fold8 256 GB;Samsung;256;Telekom;MagentaMobil XS;XS;vergleichbar;20,0;2634,55;2195,79;Kosten über 36 Monate · 36 Raten;;2026-10-10;https://www.telekom.de/shop/geraet/samsung/samsung-galaxy-z-fold8/cream-256-gb?sortBy=popularityIndex&currentPage=3&tariffId=MF_17779&itemPerPage=24&excludedCurrentPage=1&forwardTradeInApplied=false&bp=acquisition&categoryId=smartphones
Netzbetreiber;Samsung Galaxy Z Fold8 256 GB;Samsung;256;Telekom;MagentaMobil S;S;vergleichbar;21,0;2874,55;2375,79;Kosten über 36 Monate · 36 Raten;;2026-10-10;https://www.telekom.de/shop/geraet/samsung/samsung-galaxy-z-fold8/cream-256-gb?sortBy=popularityIndex&currentPage=3&tariffId=MF_17785&itemPerPage=24&excludedCurrentPage=1&forwardTradeInApplied=false&bp=acquisition&categoryId=smartphones
Netzbetreiber;Samsung Galaxy Z Fold8 256 GB;Samsung;256;Telekom;MagentaMobil L;L;vergleichbar;26,3;3156,55;2499,63;Kosten über 36 Monate · 36 Raten;;2026-10-10;https://www.telekom.de/shop/geraet/samsung/samsung-galaxy-z-fold8/cream-256-gb?sortBy=popularityIndex&currentPage=3&tariffId=MF_17797&itemPerPage=24&excludedCurrentPage=1&forwardTradeInApplied=false&bp=acquisition&categoryId=smartphones
Netzbetreiber;Samsung Galaxy Z Fold8 256 GB;Samsung;256;Telekom;MagentaMobil M;M;vergleichbar;29,4;3017,35;2331,63;Kosten über 36 Monate · 36 Raten;;2026-10-10;https://www.telekom.de/shop/geraet/samsung/samsung-galaxy-z-fold8/cream-256-gb?sortBy=popularityIndex&currentPage=3&tariffId=MF_17791&itemPerPage=24&excludedCurrentPage=1&forwardTradeInApplied=false&bp=acquisition&categoryId=smartphones
Netzbetreiber;Samsung Galaxy Z Fold8 256 GB;Samsung;256;Telekom;MagentaMobil XL;XL;vergleichbar;29,5;3655,75;2823,63;Kosten über 36 Monate · 36 Raten;;2026-10-10;https://www.telekom.de/shop/geraet/samsung/samsung-galaxy-z-fold8/cream-256-gb?sortBy=popularityIndex&currentPage=3&tariffId=MF_17803&itemPerPage=24&excludedCurrentPage=1&forwardTradeInApplied=false&bp=acquisition&categoryId=smartphones
Netzbetreiber;Samsung Galaxy Z Fold8 256 GB;Samsung;256;1&1;1&1 All-Net-Flat S;XS;nicht_vergleichbar;;2887,54;2195,79;Kosten über die Bündellaufzeit;1&1 wird nur über 24 Monate verglichen.;2026-10-09;https://mobile.1und1.de/flow2/mobile/ssc-private/tariffContractDuration?tariffChangeUrl=%2F%2Fmobile.1und1.de%2Fsamsung-galaxy-z-fold8&optionalPrecedingDocuments=%2F%2Fmobile.1und1.de%2Fsamsung-galaxy-z-fold8&addFlowStates=tradeInAvailable%2CbrandSamsung%2CgalaxyZfold%2CwatchAvailable%2CstrapsAvailable%2CaskWatch%2ChwDurationsAvailable&traceId=43bfa550-c5ae-4b17-ae18-16d9a836cffa
Netzbetreiber;Apple iPhone 18 Pro Max 2048 GB;Apple;2048;o2;O2 Mobile Unlimited M mit 100 MBit/s (24 Mon.);XL;vergleichbar;-6,4;3972,76;4245,64;Kosten über 36 Monate · 36 Raten;;2026-10-10;https://www.o2online.de/e-shop/apple/apple-iphone-18-pro-max-256gb-polar-details?ohne-tarif=nein&zielgruppe=privatkunden&ratenzahlung=36&vertragsart=ratenzahlung&tarif=o2-mobile-unlimited-m
Netzbetreiber;Apple iPhone 18 Pro Max 2048 GB;Apple;2048;o2;O2 Mobile Unlimited M mit 100 MBit/s (24 Mon.);XL;vergleichbar;-5,6;3972,76;4209,64;Kosten über 24 Monate · 24 Raten;;2026-10-10;https://www.o2online.de/e-shop/apple/apple-iphone-18-pro-max-256gb-polar-details?ohne-tarif=nein&zielgruppe=privatkunden&ratenzahlung=36&vertragsart=ratenzahlung&tarif=o2-mobile-unlimited-m
Netzbetreiber;Apple iPhone 18 Pro Max 2048 GB;Apple;2048;o2;O2 Mobile Unlimited L mit 300 MBit/s (24 Mon.);XL;vergleichbar;-0,8;4212,76;4245,64;Kosten über 36 Monate · 36 Raten;;2026-10-10;https://www.o2online.de/e-shop/apple/apple-iphone-18-pro-max-256gb-polar-details?ohne-tarif=nein&zielgruppe=privatkunden&ratenzahlung=36&vertragsart=ratenzahlung&tarif=o2-mobile-unlimited-m
Netzbetreiber;Apple iPhone 18 Pro Max 2048 GB;Apple;2048;o2;O2 Mobile Unlimited L mit 300 MBit/s (24 Mon.);XL;vergleichbar;0,1;4212,76;4209,64;Kosten über 24 Monate · 24 Raten;;2026-10-10;https://www.o2online.de/e-shop/apple/apple-iphone-18-pro-max-256gb-polar-details?ohne-tarif=nein&zielgruppe=privatkunden&ratenzahlung=36&vertragsart=ratenzahlung&tarif=o2-mobile-unlimited-m
Netzbetreiber;Apple iPhone 18 Pro Max 2048 GB;Apple;2048;o2;O2 Mobile L mit 150 GB+ (24 Mon.);L;vergleichbar;1,3;3972,76;3921,64;Kosten über 36 Monate · 36 Raten;;2026-10-10;https://www.o2online.de/e-shop/apple/apple-iphone-18-pro-max-256gb-polar-details?ohne-tarif=nein&zielgruppe=privatkunden&ratenzahlung=36&vertragsart=ratenzahlung&tarif=o2-mobile-unlimited-m
Netzbetreiber;Apple iPhone 18 Pro Max 2048 GB;Apple;2048;o2;O2 Mobile L mit 150 GB+ (24 Mon.);L;vergleichbar;1,8;3972,76;3903,64;Kosten über 24 Monate · 24 Raten;;2026-10-10;https://www.o2online.de/e-shop/apple/apple-iphone-18-pro-max-256gb-polar-details?ohne-tarif=nein&zielgruppe=privatkunden&ratenzahlung=36&vertragsart=ratenzahlung&tarif=o2-mobile-unlimited-m
Netzbetreiber;Apple iPhone 18 Pro Max 2048 GB;Apple;2048;o2;O2 Mobile on Demand M mit 50 GB+ (24 Mon.);M;vergleichbar;3,7;3892,75;3753,64;Kosten über 36 Monate · 36 Raten;;2026-10-10;https://www.o2online.de/e-shop/apple/apple-iphone-18-pro-max-256gb-polar-details?ohne-tarif=nein&zielgruppe=privatkunden&ratenzahlung=36&vertragsart=ratenzahlung&tarif=o2-mobile-unlimited-m
Netzbetreiber;Apple iPhone 18 Pro Max 2048 GB;Apple;2048;o2;O2 Mobile on Demand M mit 50 GB+ (24 Mon.);M;vergleichbar;4,0;3892,75;3741,64;Kosten über 24 Monate · 24 Raten;;2026-10-10;https://www.o2online.de/e-shop/apple/apple-iphone-18-pro-max-256gb-polar-details?ohne-tarif=nein&zielgruppe=privatkunden&ratenzahlung=36&vertragsart=ratenzahlung&tarif=o2-mobile-unlimited-m
Netzbetreiber;Apple iPhone 18 Pro Max 2048 GB;Apple;2048;Telekom;;;kein_buendel;;;;Kosten über die Bündellaufzeit;Telekom nicht erfasst: Seite sperrt automatisches Lesen (HTTP 202, 10.10.2026);;
Netzbetreiber;Apple iPhone 18 Pro Max 2048 GB;Apple;2048;1&1;1&1 All-Net-Flat S;XS;nicht_vergleichbar;;4521,54;3617,80;Kosten über die Bündellaufzeit;1&1 wird nur über 24 Monate verglichen.;2026-10-09;https://mobile.1und1.de/flow2/mobile/ssc-private/tariffContractDuration?tariffChangeUrl=%2F%2Fmobile.1und1.de%2Fiphone-18-pro-max&optionalPrecedingDocuments=%2F%2Fmobile.1und1.de%2Fiphone-18-pro-max&addFlowStates=tradeInAvailable%2CbrandApple%2CwatchAvailable%2CaskWatch%2ChwDurationsAvailable&traceId=4eb9df67-26aa-41bb-b657-fa958a58b866
Netzbetreiber;Apple iPhone 18 Pro 2048 GB;Apple;2048;o2;O2 Mobile Unlimited M mit 100 MBit/s (24 Mon.);XL;vergleichbar;-5,6;3804,76;4029,64;Kosten über 36 Monate · 36 Raten;;2026-10-10;https://www.o2online.de/e-shop/apple/apple-iphone-18-pro-256gb-burgunder-details?ohne-tarif=nein&zielgruppe=privatkunden&ratenzahlung=36&vertragsart=ratenzahlung&tarif=o2-mobile-unlimited-m
Netzbetreiber;Apple iPhone 18 Pro 2048 GB;Apple;2048;o2;O2 Mobile Unlimited M mit 100 MBit/s (24 Mon.);XL;vergleichbar;-4,7;3804,76;3993,64;Kosten über 24 Monate · 24 Raten;;2026-10-10;https://www.o2online.de/e-shop/apple/apple-iphone-18-pro-256gb-burgunder-details?ohne-tarif=nein&zielgruppe=privatkunden&ratenzahlung=36&vertragsart=ratenzahlung&tarif=o2-mobile-unlimited-m
Netzbetreiber;Apple iPhone 18 Pro 2048 GB;Apple;2048;o2;O2 Mobile Unlimited L mit 300 MBit/s (24 Mon.);XL;vergleichbar;0,4;4044,76;4029,64;Kosten über 36 Monate · 36 Raten;;2026-10-10;https://www.o2online.de/e-shop/apple/apple-iphone-18-pro-256gb-burgunder-details?ohne-tarif=nein&zielgruppe=privatkunden&ratenzahlung=36&vertragsart=ratenzahlung&tarif=o2-mobile-unlimited-m
Netzbetreiber;Apple iPhone 18 Pro 2048 GB;Apple;2048;o2;O2 Mobile Unlimited L mit 300 MBit/s (24 Mon.);XL;vergleichbar;1,3;4044,76;3993,64;Kosten über 24 Monate · 24 Raten;;2026-10-10;https://www.o2online.de/e-shop/apple/apple-iphone-18-pro-256gb-burgunder-details?ohne-tarif=nein&zielgruppe=privatkunden&ratenzahlung=36&vertragsart=ratenzahlung&tarif=o2-mobile-unlimited-m
Netzbetreiber;Apple iPhone 18 Pro 2048 GB;Apple;2048;o2;O2 Mobile L mit 150 GB+ (24 Mon.);L;vergleichbar;2,7;3804,76;3705,64;Kosten über 36 Monate · 36 Raten;;2026-10-10;https://www.o2online.de/e-shop/apple/apple-iphone-18-pro-256gb-burgunder-details?ohne-tarif=nein&zielgruppe=privatkunden&ratenzahlung=36&vertragsart=ratenzahlung&tarif=o2-mobile-unlimited-m
Netzbetreiber;Apple iPhone 18 Pro 2048 GB;Apple;2048;o2;O2 Mobile L mit 150 GB+ (24 Mon.);L;vergleichbar;3,2;3804,76;3687,64;Kosten über 24 Monate · 24 Raten;;2026-10-10;https://www.o2online.de/e-shop/apple/apple-iphone-18-pro-256gb-burgunder-details?ohne-tarif=nein&zielgruppe=privatkunden&ratenzahlung=36&vertragsart=ratenzahlung&tarif=o2-mobile-unlimited-m
Netzbetreiber;Apple iPhone 18 Pro 2048 GB;Apple;2048;o2;O2 Mobile on Demand M mit 50 GB+ (24 Mon.);M;vergleichbar;5,3;3724,75;3537,64;Kosten über 36 Monate · 36 Raten;;2026-10-10;https://www.o2online.de/e-shop/apple/apple-iphone-18-pro-256gb-burgunder-details?ohne-tarif=nein&zielgruppe=privatkunden&ratenzahlung=36&vertragsart=ratenzahlung&tarif=o2-mobile-unlimited-m
Netzbetreiber;Apple iPhone 18 Pro 2048 GB;Apple;2048;o2;O2 Mobile on Demand M mit 50 GB+ (24 Mon.);M;vergleichbar;5,6;3724,75;3525,64;Kosten über 24 Monate · 24 Raten;;2026-10-10;https://www.o2online.de/e-shop/apple/apple-iphone-18-pro-256gb-burgunder-details?ohne-tarif=nein&zielgruppe=privatkunden&ratenzahlung=36&vertragsart=ratenzahlung&tarif=o2-mobile-unlimited-m
Netzbetreiber;Apple iPhone 18 Pro 2048 GB;Apple;2048;Telekom;;;kein_buendel;;;;Kosten über die Bündellaufzeit;Telekom nicht erfasst: Seite sperrt automatisches Lesen (HTTP 202, 10.10.2026);;
Netzbetreiber;Apple iPhone 18 Pro 2048 GB;Apple;2048;1&1;1&1 All-Net-Flat S;XS;nicht_vergleichbar;;4281,54;3401,80;Kosten über die Bündellaufzeit;1&1 wird nur über 24 Monate verglichen.;2026-10-09;https://mobile.1und1.de/flow2/mobile/ssc-private/tariffContractDuration?tariffChangeUrl=%2F%2Fmobile.1und1.de%2Fiphone-18-pro&optionalPrecedingDocuments=%2F%2Fmobile.1und1.de%2Fiphone-18-pro&addFlowStates=tradeInAvailable%2CbrandApple%2CwatchAvailable%2CaskWatch%2ChwDurationsAvailable&traceId=1e42d4d1-35ed-4f33-8d4d-4332677c7973
Netzbetreiber;Samsung Galaxy Z Flip 7 256 GB;Samsung;256;Telekom;MagentaMobil XS;XS;vergleichbar;13,3;1854,95;1637,80;Kosten über 36 Monate · 36 Raten;;2026-10-10;https://www.telekom.de/shop/geraet/samsung/samsung-galaxy-z-flip7/jetblack-256-gb?sortBy=popularityIndex&currentPage=3&tariffId=MF_17779&itemPerPage=24&excludedCurrentPage=1&forwardTradeInApplied=false&bp=acquisition&categoryId=smartphones
Netzbetreiber;Samsung Galaxy Z Flip 7 256 GB;Samsung;256;Telekom;MagentaMobil S;S;vergleichbar;15,2;2094,95;1817,80;Kosten über 36 Monate · 36 Raten;;2026-10-10;https://www.telekom.de/shop/geraet/samsung/samsung-galaxy-z-flip7/jetblack-256-gb?sortBy=popularityIndex&currentPage=3&tariffId=MF_17785&itemPerPage=24&excludedCurrentPage=1&forwardTradeInApplied=false&bp=acquisition&categoryId=smartphones
Netzbetreiber;Samsung Galaxy Z Flip 7 256 GB;Samsung;256;Telekom;MagentaMobil L;L;vergleichbar;22,4;2376,15;1941,64;Kosten über 36 Monate · 36 Raten;;2026-10-10;https://www.telekom.de/shop/geraet/samsung/samsung-galaxy-z-flip7/jetblack-256-gb?sortBy=popularityIndex&currentPage=3&tariffId=MF_17797&itemPerPage=24&excludedCurrentPage=1&forwardTradeInApplied=false&bp=acquisition&categoryId=smartphones
Netzbetreiber;Samsung Galaxy Z Flip 7 256 GB;Samsung;256;Telekom;MagentaMobil M;M;vergleichbar;26,2;2237,75;1773,64;Kosten über 36 Monate · 36 Raten;;2026-10-10;https://www.telekom.de/shop/geraet/samsung/samsung-galaxy-z-flip7/jetblack-256-gb?sortBy=popularityIndex&currentPage=3&tariffId=MF_17791&itemPerPage=24&excludedCurrentPage=1&forwardTradeInApplied=false&bp=acquisition&categoryId=smartphones
Netzbetreiber;Samsung Galaxy Z Flip 7 256 GB;Samsung;256;Telekom;MagentaMobil XL;XL;vergleichbar;26,9;2875,35;2265,64;Kosten über 36 Monate · 36 Raten;;2026-10-10;https://www.telekom.de/shop/geraet/samsung/samsung-galaxy-z-flip7/jetblack-256-gb?sortBy=popularityIndex&currentPage=3&tariffId=MF_17803&itemPerPage=24&excludedCurrentPage=1&forwardTradeInApplied=false&bp=acquisition&categoryId=smartphones
Netzbetreiber;Samsung Galaxy Z Flip 7 256 GB;Samsung;256;1&1;;;kein_buendel;;;;Kosten über die Bündellaufzeit;Bei 1&1 nicht im Angebot (Übersicht vom 10.10.2026 ganz gelesen);;
Netzbetreiber;Samsung Galaxy Z Flip 7 256 GB;Samsung;256;o2;;;kein_buendel;;;;Kosten über die Bündellaufzeit;Für dieses Modell ist bei o2 kein Bündel erhoben.;;
Netzbetreiber;Apple iPhone 17 Pro 1024 GB;Apple;1024;Telekom;MagentaMobil M;M;vergleichbar;15,9;2786,95;2403,64;Kosten über 36 Monate · 36 Raten;;2026-10-10;https://www.telekom.de/shop/geraet/apple/apple-iphone-17-pro/tiefblau-1-tb?tariffId=MF_17791&categoryId=smartphones&forwardTradeInApplied=false&tariffCategoryId=smartphone-tarife&installmentValue=92.5&instalmentId=12&changedAttr%255B%255D=changedAttr.storage%253D1_TB
Netzbetreiber;Apple iPhone 17 Pro 1024 GB;Apple;1024;Telekom;MagentaMobil M;M;vergleichbar;16,5;2786,95;2391,64;Kosten über 24 Monate · 12 Raten;;2026-10-10;https://www.telekom.de/shop/geraet/apple/apple-iphone-17-pro/tiefblau-1-tb?tariffId=MF_17791&categoryId=smartphones&forwardTradeInApplied=false&tariffCategoryId=smartphone-tarife&installmentValue=104.1&instalmentId=12&changedAttr%5B%5D=changedAttr.storage%3D1_TB
Netzbetreiber;Apple iPhone 17 Pro 1024 GB;Apple;1024;Telekom;MagentaMobil M;M;vergleichbar;16,5;2785,75;2391,64;Kosten über 24 Monate · 24 Raten;;2026-10-10;https://www.telekom.de/shop/geraet/apple/apple-iphone-17-pro/tiefblau-1-tb?tariffId=MF_17791&categoryId=smartphones&forwardTradeInApplied=false&tariffCategoryId=smartphone-tarife&installmentValue=52&instalmentId=24&changedAttr%5B%5D=changedAttr.storage%3D1_TB
Netzbetreiber;Apple iPhone 17 Pro 1024 GB;Apple;1024;1&1;;;nicht_vergleichbar;;;;Kosten über die Bündellaufzeit;Kein Abstand zur Vodafone-Referenz: dieser Preis ist veraltet. Regel 16: Frische.;;
Netzbetreiber;Apple iPhone 17 Pro 1024 GB;Apple;1024;o2;;;kein_buendel;;;;Kosten über die Bündellaufzeit;Für dieses Modell ist bei o2 kein Bündel erhoben.;;
Netzbetreiber;Samsung Galaxy Z Fold 7 256 GB;Samsung;256;Telekom;MagentaMobil XS;XS;vergleichbar;18,1;2656,15;2249,80;Kosten über 36 Monate · 36 Raten;;2026-10-10;https://www.telekom.de/shop/geraet/samsung/samsung-galaxy-z-fold7/silver-shadow-256-gb?sortBy=popularityIndex&currentPage=3&tariffId=MF_17779&itemPerPage=24&excludedCurrentPage=1&forwardTradeInApplied=false&bp=acquisition&categoryId=smartphones
Netzbetreiber;Samsung Galaxy Z Fold 7 256 GB;Samsung;256;Telekom;MagentaMobil S;S;vergleichbar;19,2;2896,15;2429,80;Kosten über 36 Monate · 36 Raten;;2026-10-10;https://www.telekom.de/shop/geraet/samsung/samsung-galaxy-z-fold7/silver-shadow-256-gb?sortBy=popularityIndex&currentPage=3&tariffId=MF_17785&itemPerPage=24&excludedCurrentPage=1&forwardTradeInApplied=false&bp=acquisition&categoryId=smartphones
Netzbetreiber;Samsung Galaxy Z Fold 7 256 GB;Samsung;256;Telekom;MagentaMobil L;L;vergleichbar;24,3;3174,55;2553,64;Kosten über 36 Monate · 36 Raten;;2026-10-10;https://www.telekom.de/shop/geraet/samsung/samsung-galaxy-z-fold7/silver-shadow-256-gb?sortBy=popularityIndex&currentPage=3&tariffId=MF_17797&itemPerPage=24&excludedCurrentPage=1&forwardTradeInApplied=false&bp=acquisition&categoryId=smartphones
Netzbetreiber;Samsung Galaxy Z Fold 7 256 GB;Samsung;256;Telekom;MagentaMobil M;M;vergleichbar;27,2;3035,35;2385,64;Kosten über 36 Monate · 36 Raten;;2026-10-10;https://www.telekom.de/shop/geraet/samsung/samsung-galaxy-z-fold7/silver-shadow-256-gb?sortBy=popularityIndex&currentPage=3&tariffId=MF_17791&itemPerPage=24&excludedCurrentPage=1&forwardTradeInApplied=false&bp=acquisition&categoryId=smartphones
Netzbetreiber;Samsung Galaxy Z Fold 7 256 GB;Samsung;256;Telekom;MagentaMobil XL;XL;vergleichbar;27,8;3677,35;2877,64;Kosten über 36 Monate · 36 Raten;;2026-10-10;https://www.telekom.de/shop/geraet/samsung/samsung-galaxy-z-fold7/silver-shadow-256-gb?sortBy=popularityIndex&currentPage=3&tariffId=MF_17803&itemPerPage=24&excludedCurrentPage=1&forwardTradeInApplied=false&bp=acquisition&categoryId=smartphones
Netzbetreiber;Samsung Galaxy Z Fold 7 256 GB;Samsung;256;1&1;;;kein_buendel;;;;Kosten über die Bündellaufzeit;Bei 1&1 nicht im Angebot (Übersicht vom 10.10.2026 ganz gelesen);;
Netzbetreiber;Samsung Galaxy Z Fold 7 256 GB;Samsung;256;o2;;;kein_buendel;;;;Kosten über die Bündellaufzeit;Für dieses Modell ist bei o2 kein Bündel erhoben.;;
Netzbetreiber;Xiaomi Redmi Note 15 256 GB;Xiaomi;256;Telekom;MagentaMobil XS;XS;vergleichbar;21,3;1026,15;845,80;Kosten über 36 Monate · 36 Raten;;2026-10-10;https://www.telekom.de/shop/geraet/xiaomi/xiaomi-redmi-note-15-5g/black-256-gb?sortBy=popularityIndex&currentPage=3&tariffId=MF_17779&itemPerPage=24&excludedCurrentPage=1&forwardTradeInApplied=false&bp=acquisition&categoryId=smartphones
Netzbetreiber;Xiaomi Redmi Note 15 256 GB;Xiaomi;256;Telekom;MagentaMobil S;S;vergleichbar;26,4;1266,15;1001,80;Kosten über 36 Monate · 36 Raten;;2026-10-10;https://www.telekom.de/shop/geraet/xiaomi/xiaomi-redmi-note-15-5g/black-256-gb?sortBy=popularityIndex&currentPage=3&tariffId=MF_17785&itemPerPage=24&excludedCurrentPage=1&forwardTradeInApplied=false&bp=acquisition&categoryId=smartphones
Netzbetreiber;Xiaomi Redmi Note 15 256 GB;Xiaomi;256;Telekom;MagentaMobil L;L;vergleichbar;36,7;1546,95;1131,64;Kosten über 24 Monate · 12 Raten;;2026-10-10;https://www.telekom.de/shop/geraet/xiaomi/xiaomi-redmi-note-15-5g/black-256-gb?sortBy=popularityIndex&currentPage=3&tariffId=MF_17797&itemPerPage=24&excludedCurrentPage=1&forwardTradeInApplied=false&bp=acquisition&categoryId=smartphones
Netzbetreiber;Xiaomi Redmi Note 15 256 GB;Xiaomi;256;Telekom;MagentaMobil M;M;vergleichbar;45,2;1407,75;969,64;Kosten über 24 Monate · 24 Raten;;2026-10-10;https://www.telekom.de/shop/geraet/xiaomi/xiaomi-redmi-note-15-5g/black-256-gb?sortBy=popularityIndex&currentPage=3&tariffId=MF_17791&itemPerPage=24&excludedCurrentPage=1&forwardTradeInApplied=false&bp=acquisition&categoryId=smartphones
Netzbetreiber;Xiaomi Redmi Note 15 256 GB;Xiaomi;256;1&1;;;kein_buendel;;;;Kosten über die Bündellaufzeit;Bei 1&1 nicht im Angebot (Übersicht vom 10.10.2026 ganz gelesen);;
Netzbetreiber;Xiaomi Redmi Note 15 256 GB;Xiaomi;256;o2;;;nicht_vergleichbar;;;;Kosten über die Bündellaufzeit;Kein Abstand zur Vodafone-Referenz: der Anbieter nennt diesen Preis nicht direkt, er ist aus seinen Angaben berechnet.;;
Netzbetreiber;Samsung Galaxy A57 128 GB;Samsung;128;Telekom;MagentaMobil XS;;kein_buendel;;1227,75;;Kosten über die Bündellaufzeit;Keine Vodafone-Kosten über 24 Monate für dieses Gerät erhoben – kein Bündel und kein eigener Barpreis.;;
Netzbetreiber;Samsung Galaxy A57 128 GB;Samsung;128;1&1;1&1 All-Net-Flat S;;kein_buendel;;1115,54;;Kosten über die Bündellaufzeit;Keine Vodafone-Kosten über 24 Monate für dieses Gerät erhoben – kein Bündel und kein eigener Barpreis.;;
Netzbetreiber;Samsung Galaxy A57 128 GB;Samsung;128;o2;O2 Mobile on Demand M Plus mit 50 GB+ (24 Mon.);;kein_buendel;;904,75;;Kosten über die Bündellaufzeit;Keine Vodafone-Kosten über 24 Monate für dieses Gerät erhoben – kein Bündel und kein eigener Barpreis.;;
Netzbetreiber;Samsung Galaxy A57 128 GB;Samsung;128;congstar;Allnet Flat XS;;kein_buendel;;744,00;;Kosten über die Bündellaufzeit;Keine Vodafone-Kosten über 24 Monate für dieses Gerät erhoben – kein Bündel und kein eigener Barpreis.;;
Netzbetreiber;Xiaomi Redmi Note 17 Pro Max 256 GB;Xiaomi;256;Telekom;MagentaMobil XS;;kein_buendel;;1285,35;;Kosten über die Bündellaufzeit;Keine Vodafone-Kosten über 24 Monate für dieses Gerät erhoben – kein Bündel und kein eigener Barpreis.;;
Netzbetreiber;Xiaomi Redmi Note 17 Pro Max 256 GB;Xiaomi;256;1&1;1&1 All-Net-Flat S;;kein_buendel;;1115,54;;Kosten über die Bündellaufzeit;Keine Vodafone-Kosten über 24 Monate für dieses Gerät erhoben – kein Bündel und kein eigener Barpreis.;;
Netzbetreiber;Xiaomi Redmi Note 17 Pro Max 256 GB;Xiaomi;256;o2;O2 Mobile on Demand M Plus mit 50 GB+ (24 Mon.);;kein_buendel;;994,75;;Kosten über die Bündellaufzeit;Keine Vodafone-Kosten über 24 Monate für dieses Gerät erhoben – kein Bündel und kein eigener Barpreis.;;
Netzbetreiber;Xiaomi Redmi Note 17 Pro Max 256 GB;Xiaomi;256;congstar;Allnet Flat XS;;kein_buendel;;826,00;;Kosten über die Bündellaufzeit;Keine Vodafone-Kosten über 24 Monate für dieses Gerät erhoben – kein Bündel und kein eigener Barpreis.;;
Netzbetreiber;Samsung Galaxy A27 128 GB;Samsung;128;Telekom;MagentaMobil XS;;kein_buendel;;1076,55;;Kosten über die Bündellaufzeit;Keine Vodafone-Kosten über 24 Monate für dieses Gerät erhoben – kein Bündel und kein eigener Barpreis.;;
Netzbetreiber;Samsung Galaxy A27 128 GB;Samsung;128;1&1;1&1 All-Net-Flat S;;kein_buendel;;967,54;;Kosten über die Bündellaufzeit;Keine Vodafone-Kosten über 24 Monate für dieses Gerät erhoben – kein Bündel und kein eigener Barpreis.;;
Netzbetreiber;Samsung Galaxy A27 128 GB;Samsung;128;o2;O2 Mobile on Demand M mit 50 GB+ (24 Mon.);;kein_buendel;;862,75;;Kosten über die Bündellaufzeit;Keine Vodafone-Kosten über 24 Monate für dieses Gerät erhoben – kein Bündel und kein eigener Barpreis.;;
Netzbetreiber;Nothing Phone (3) 256 GB;Nothing;256;Telekom;MagentaMobil XS;;kein_buendel;;1555,35;;Kosten über die Bündellaufzeit;Keine Vodafone-Kosten über 24 Monate für dieses Gerät erhoben – kein Bündel und kein eigener Barpreis.;;
Netzbetreiber;Nothing Phone (3) 256 GB;Nothing;256;1&1;1&1 All-Net-Flat S;;kein_buendel;;1355,54;;Kosten über die Bündellaufzeit;Keine Vodafone-Kosten über 24 Monate für dieses Gerät erhoben – kein Bündel und kein eigener Barpreis.;;
Netzbetreiber;Nothing Phone (3) 256 GB;Nothing;256;o2;O2 Mobile on Demand M Plus mit 50 GB+ (24 Mon.);;kein_buendel;;994,75;;Kosten über die Bündellaufzeit;Keine Vodafone-Kosten über 24 Monate für dieses Gerät erhoben – kein Bündel und kein eigener Barpreis.;;
Netzbetreiber;Nothing Phone (4a) Pro 256 GB;Nothing;256;Telekom;MagentaMobil XS;;kein_buendel;;1324,95;;Kosten über die Bündellaufzeit;Keine Vodafone-Kosten über 24 Monate für dieses Gerät erhoben – kein Bündel und kein eigener Barpreis.;;
Netzbetreiber;Nothing Phone (4a) Pro 256 GB;Nothing;256;1&1;;;kein_buendel;;;;Kosten über die Bündellaufzeit;1&1 nicht erfasst: Lesen gestört (10.10.2026);;
Netzbetreiber;Nothing Phone (4a) Pro 256 GB;Nothing;256;o2;O2 Mobile on Demand M Plus mit 50 GB+ (24 Mon.);;kein_buendel;;994,75;;Kosten über die Bündellaufzeit;Keine Vodafone-Kosten über 24 Monate für dieses Gerät erhoben – kein Bündel und kein eigener Barpreis.;;
Netzbetreiber;Nothing Phone (4a) Pro 256 GB;Nothing;256;congstar;Allnet Flat XS;;kein_buendel;;784,00;;Kosten über die Bündellaufzeit;Keine Vodafone-Kosten über 24 Monate für dieses Gerät erhoben – kein Bündel und kein eigener Barpreis.;;
Netzbetreiber;Apple iPhone 15 128 GB;Apple;128;Telekom;MagentaMobil S;;kein_buendel;;1676,55;;Kosten über die Bündellaufzeit;Keine Vodafone-Kosten über 24 Monate für dieses Gerät erhoben – kein Bündel und kein eigener Barpreis.;;
Netzbetreiber;Apple iPhone 15 128 GB;Apple;128;1&1;1&1 All-Net-Flat S;;kein_buendel;;1447,54;;Kosten über die Bündellaufzeit;Keine Vodafone-Kosten über 24 Monate für dieses Gerät erhoben – kein Bündel und kein eigener Barpreis.;;
Netzbetreiber;Apple iPhone 15 128 GB;Apple;128;o2;O2 Mobile on Demand M Plus mit 50 GB+ (24 Mon.);;kein_buendel;;1012,75;;Kosten über die Bündellaufzeit;Keine Vodafone-Kosten über 24 Monate für dieses Gerät erhoben – kein Bündel und kein eigener Barpreis.;;
Netzbetreiber;Apple iPhone 16 Plus 128 GB;Apple;128;Telekom;MagentaMobil XS;;kein_buendel;;1674,95;;Kosten über die Bündellaufzeit;Keine Vodafone-Kosten über 24 Monate für dieses Gerät erhoben – kein Bündel und kein eigener Barpreis.;;
Netzbetreiber;Apple iPhone 16 Plus 128 GB;Apple;128;1&1;1&1 All-Net-Flat S;;kein_buendel;;1779,54;;Kosten über die Bündellaufzeit;Keine Vodafone-Kosten über 24 Monate für dieses Gerät erhoben – kein Bündel und kein eigener Barpreis.;;
Netzbetreiber;Apple iPhone 16 Plus 128 GB;Apple;128;o2;O2 Mobile on Demand M Plus mit 50 GB+ (24 Mon.);;kein_buendel;;1390,75;;Kosten über die Bündellaufzeit;Keine Vodafone-Kosten über 24 Monate für dieses Gerät erhoben – kein Bündel und kein eigener Barpreis.;;
Netzbetreiber;Fairphone 6 Plus 256 GB;Fairphone;256;Telekom;MagentaMobil XS;;kein_buendel;;1407,75;;Kosten über die Bündellaufzeit;Keine Vodafone-Kosten über 24 Monate für dieses Gerät erhoben – kein Bündel und kein eigener Barpreis.;;
Netzbetreiber;Fairphone 6 Plus 256 GB;Fairphone;256;1&1;;;kein_buendel;;;;Kosten über die Bündellaufzeit;Bei 1&1 nicht im Angebot (Übersicht vom 10.10.2026 ganz gelesen);;
Netzbetreiber;Fairphone 6 Plus 256 GB;Fairphone;256;o2;;;kein_buendel;;;;Kosten über die Bündellaufzeit;Keine Vodafone-Kosten über 24 Monate für dieses Gerät erhoben – kein Bündel und kein eigener Barpreis.;;
Netzbetreiber;Fairphone 6 Plus 256 GB;Fairphone;256;congstar;Allnet Flat XS;;kein_buendel;;952,00;;Kosten über die Bündellaufzeit;Keine Vodafone-Kosten über 24 Monate für dieses Gerät erhoben – kein Bündel und kein eigener Barpreis.;;
Netzbetreiber;Samsung Galaxy A37 256 GB;Samsung;256;Telekom;;;kein_buendel;;;;Kosten über die Bündellaufzeit;Telekom nicht erfasst: Seite sperrt automatisches Lesen (HTTP 202, 10.10.2026);;
Netzbetreiber;Samsung Galaxy A37 256 GB;Samsung;256;1&1;;;kein_buendel;;;;Kosten über die Bündellaufzeit;Bei 1&1 nicht im Angebot (Übersicht vom 10.10.2026 ganz gelesen);;
Netzbetreiber;Samsung Galaxy A37 256 GB;Samsung;256;o2;O2 Mobile on Demand M Plus mit 50 GB+ (24 Mon.);;kein_buendel;;904,75;;Kosten über die Bündellaufzeit;Keine Vodafone-Kosten über 24 Monate für dieses Gerät erhoben – kein Bündel und kein eigener Barpreis.;;
Netzbetreiber;Samsung Galaxy A37 256 GB;Samsung;256;congstar;Allnet Flat XS;;kein_buendel;;784,00;;Kosten über die Bündellaufzeit;Keine Vodafone-Kosten über 24 Monate für dieses Gerät erhoben – kein Bündel und kein eigener Barpreis.;;
Netzbetreiber;Samsung Galaxy A56 128 GB;Samsung;128;Telekom;MagentaMobil XS;;kein_buendel;;1177,35;;Kosten über die Bündellaufzeit;Keine Vodafone-Kosten über 24 Monate für dieses Gerät erhoben – kein Bündel und kein eigener Barpreis.;;
Netzbetreiber;Samsung Galaxy A56 128 GB;Samsung;128;1&1;;;kein_buendel;;;;Kosten über die Bündellaufzeit;Bei 1&1 nicht im Angebot (Übersicht vom 10.10.2026 ganz gelesen);;
Netzbetreiber;Samsung Galaxy A56 128 GB;Samsung;128;o2;O2 Mobile on Demand M Plus mit 50 GB+ (24 Mon.);;kein_buendel;;796,75;;Kosten über die Bündellaufzeit;Keine Vodafone-Kosten über 24 Monate für dieses Gerät erhoben – kein Bündel und kein eigener Barpreis.;;
Netzbetreiber;Samsung Galaxy S25 256 GB;Samsung;256;Telekom;;;kein_buendel;;;;Kosten über die Bündellaufzeit;Telekom nicht erfasst: Seite sperrt automatisches Lesen (HTTP 202, 10.10.2026);;
Netzbetreiber;Samsung Galaxy S25 256 GB;Samsung;256;1&1;;;kein_buendel;;;;Kosten über die Bündellaufzeit;Kein Abstand zur Vodafone-Referenz: dieser Preis ist veraltet. Regel 16: Frische.;;
Netzbetreiber;Samsung Galaxy S25 256 GB;Samsung;256;o2;O2 Mobile on Demand M Plus mit 50 GB+ (24 Mon.);;kein_buendel;;1354,75;;Kosten über die Bündellaufzeit;Keine Vodafone-Kosten über 24 Monate für dieses Gerät erhoben – kein Bündel und kein eigener Barpreis.;;
Netzbetreiber;Samsung Galaxy S25 256 GB;Samsung;256;congstar;;;kein_buendel;;;;Kosten über die Bündellaufzeit;Kein Abstand zur Vodafone-Referenz: dieser Preis verletzt eine Prüfregel. Regel 5: Preis je Speicher.;;
Netzbetreiber;Samsung Galaxy S25 Ultra 256 GB;Samsung;256;Telekom;MagentaMobil XS;;kein_buendel;;1804,55;;Kosten über die Bündellaufzeit;Keine Vodafone-Kosten über 24 Monate für dieses Gerät erhoben – kein Bündel und kein eigener Barpreis.;;
Netzbetreiber;Samsung Galaxy S25 Ultra 256 GB;Samsung;256;1&1;;;kein_buendel;;;;Kosten über die Bündellaufzeit;Bei 1&1 nicht im Angebot (Übersicht vom 10.10.2026 ganz gelesen);;
Netzbetreiber;Samsung Galaxy S25 Ultra 256 GB;Samsung;256;o2;O2 Mobile on Demand M Plus mit 50 GB+ (24 Mon.);;kein_buendel;;1288,75;;Kosten über die Bündellaufzeit;Keine Vodafone-Kosten über 24 Monate für dieses Gerät erhoben – kein Bündel und kein eigener Barpreis.;;
Netzbetreiber;Motorola edge 70 fusion 256 GB;Motorola;256;Telekom;MagentaMobil XL;;kein_buendel;;2137,35;;Kosten über die Bündellaufzeit;Keine Vodafone-Kosten über 24 Monate für dieses Gerät erhoben – kein Bündel und kein eigener Barpreis.;;
Netzbetreiber;Motorola edge 70 fusion 256 GB;Motorola;256;1&1;;;kein_buendel;;;;Kosten über die Bündellaufzeit;Bei 1&1 nicht im Angebot (Übersicht vom 10.10.2026 ganz gelesen);;
Netzbetreiber;Motorola edge 70 fusion 256 GB;Motorola;256;o2;;;kein_buendel;;;;Kosten über die Bündellaufzeit;Keine Vodafone-Kosten über 24 Monate für dieses Gerät erhoben – kein Bündel und kein eigener Barpreis.;;
Netzbetreiber;Motorola edge 70 fusion 256 GB;Motorola;256;congstar;Allnet Flat XS;;kein_buendel;;700,00;;Kosten über die Bündellaufzeit;Keine Vodafone-Kosten über 24 Monate für dieses Gerät erhoben – kein Bündel und kein eigener Barpreis.;;
Netzbetreiber;Motorola moto g77 256 GB;Motorola;256;Telekom;MagentaMobil XS;;kein_buendel;;1076,55;;Kosten über die Bündellaufzeit;Keine Vodafone-Kosten über 24 Monate für dieses Gerät erhoben – kein Bündel und kein eigener Barpreis.;;
Netzbetreiber;Motorola moto g77 256 GB;Motorola;256;1&1;1&1 All-Net-Flat S;;kein_buendel;;875,54;;Kosten über die Bündellaufzeit;Keine Vodafone-Kosten über 24 Monate für dieses Gerät erhoben – kein Bündel und kein eigener Barpreis.;;
Netzbetreiber;Motorola moto g77 256 GB;Motorola;256;o2;;;kein_buendel;;;;Kosten über die Bündellaufzeit;Keine Vodafone-Kosten über 24 Monate für dieses Gerät erhoben – kein Bündel und kein eigener Barpreis.;;
Netzbetreiber;Motorola signature 512 GB;Motorola;512;Telekom;MagentaMobil XS;;kein_buendel;;1594,95;;Kosten über die Bündellaufzeit;Keine Vodafone-Kosten über 24 Monate für dieses Gerät erhoben – kein Bündel und kein eigener Barpreis.;;
Netzbetreiber;Motorola signature 512 GB;Motorola;512;1&1;;;kein_buendel;;;;Kosten über die Bündellaufzeit;Bei 1&1 nicht im Angebot (Übersicht vom 10.10.2026 ganz gelesen);;
Netzbetreiber;Motorola signature 512 GB;Motorola;512;o2;;;kein_buendel;;;;Kosten über die Bündellaufzeit;Keine Vodafone-Kosten über 24 Monate für dieses Gerät erhoben – kein Bündel und kein eigener Barpreis.;;
Netzbetreiber;Motorola signature 512 GB;Motorola;512;congstar;Allnet Flat XS;;kein_buendel;;1108,00;;Kosten über die Bündellaufzeit;Keine Vodafone-Kosten über 24 Monate für dieses Gerät erhoben – kein Bündel und kein eigener Barpreis.;;
Netzbetreiber;Google Pixel 10 Pro 128 GB;Google;128;Telekom;MagentaMobil XS;;kein_buendel;;1656,15;;Kosten über die Bündellaufzeit;Keine Vodafone-Kosten über 24 Monate für dieses Gerät erhoben – kein Bündel und kein eigener Barpreis.;;
Netzbetreiber;Google Pixel 10 Pro 128 GB;Google;128;1&1;;;kein_buendel;;;;Kosten über die Bündellaufzeit;Bei 1&1 nicht im Angebot (Übersicht vom 10.10.2026 ganz gelesen);;
Netzbetreiber;Google Pixel 10 Pro 128 GB;Google;128;o2;O2 Mobile on Demand M Plus mit 50 GB+ (24 Mon.);;kein_buendel;;1324,75;;Kosten über die Bündellaufzeit;Keine Vodafone-Kosten über 24 Monate für dieses Gerät erhoben – kein Bündel und kein eigener Barpreis.;;
Netzbetreiber;Xiaomi Redmi Note 15 Pro 256 GB;Xiaomi;256;Telekom;MagentaMobil XS;;kein_buendel;;1054,95;;Kosten über die Bündellaufzeit;Keine Vodafone-Kosten über 24 Monate für dieses Gerät erhoben – kein Bündel und kein eigener Barpreis.;;
Netzbetreiber;Xiaomi Redmi Note 15 Pro 256 GB;Xiaomi;256;1&1;;;kein_buendel;;;;Kosten über die Bündellaufzeit;Bei 1&1 nicht im Angebot (Übersicht vom 10.10.2026 ganz gelesen);;
Netzbetreiber;Xiaomi Redmi Note 15 Pro 256 GB;Xiaomi;256;o2;O2 Mobile on Demand M Plus mit 50 GB+ (24 Mon.);;kein_buendel;;760,75;;Kosten über die Bündellaufzeit;Keine Vodafone-Kosten über 24 Monate für dieses Gerät erhoben – kein Bündel und kein eigener Barpreis.;;
Netzbetreiber;Xiaomi Redmi Note 15 Pro Plus 256 GB;Xiaomi;256;Telekom;MagentaMobil XS;;kein_buendel;;1155,75;;Kosten über die Bündellaufzeit;Keine Vodafone-Kosten über 24 Monate für dieses Gerät erhoben – kein Bündel und kein eigener Barpreis.;;
Netzbetreiber;Xiaomi Redmi Note 15 Pro Plus 256 GB;Xiaomi;256;1&1;;;kein_buendel;;;;Kosten über die Bündellaufzeit;Bei 1&1 nicht im Angebot (Übersicht vom 10.10.2026 ganz gelesen);;
Netzbetreiber;Xiaomi Redmi Note 15 Pro Plus 256 GB;Xiaomi;256;o2;;;kein_buendel;;;;Kosten über die Bündellaufzeit;Keine Vodafone-Kosten über 24 Monate für dieses Gerät erhoben – kein Bündel und kein eigener Barpreis.;;
Netzbetreiber;Xiaomi Redmi Note 15 Pro Plus 256 GB;Xiaomi;256;congstar;Allnet Flat XS;;kein_buendel;;692,00;;Kosten über die Bündellaufzeit;Keine Vodafone-Kosten über 24 Monate für dieses Gerät erhoben – kein Bündel und kein eigener Barpreis.;;
Netzbetreiber;Apple iPhone 14 128 GB;Apple;128;Telekom;MagentaMobil XS;;kein_buendel;;1274,55;;Kosten über die Bündellaufzeit;Keine Vodafone-Kosten über 24 Monate für dieses Gerät erhoben – kein Bündel und kein eigener Barpreis.;;
Netzbetreiber;Apple iPhone 14 128 GB;Apple;128;1&1;;;kein_buendel;;;;Kosten über die Bündellaufzeit;Bei 1&1 nicht im Angebot (Übersicht vom 10.10.2026 ganz gelesen);;
Netzbetreiber;Apple iPhone 14 128 GB;Apple;128;o2;O2 Mobile on Demand M Plus mit 50 GB+ (24 Mon.);;kein_buendel;;844,75;;Kosten über die Bündellaufzeit;Keine Vodafone-Kosten über 24 Monate für dieses Gerät erhoben – kein Bündel und kein eigener Barpreis.;;
Netzbetreiber;Apple iPhone Air 1024 GB;Apple;1024;Telekom;;;kein_buendel;;;;Kosten über die Bündellaufzeit;Telekom nicht erfasst: Seite sperrt automatisches Lesen (HTTP 202, 10.10.2026);;
Netzbetreiber;Apple iPhone Air 1024 GB;Apple;1024;1&1;1&1 All-Net-Flat S;XS;nicht_vergleichbar;;2361,54;1835,80;Kosten über die Bündellaufzeit;1&1 wird nur über 24 Monate verglichen.;2026-10-09;https://mobile.1und1.de/flow2/mobile/ssc-private/tariffContractDuration?tariffChangeUrl=%2F%2Fmobile.1und1.de%2Fiphone-air&optionalPrecedingDocuments=%2F%2Fmobile.1und1.de%2Fiphone-air&addFlowStates=tradeInAvailable%2CbrandApple%2CwatchAvailable%2CaskWatch%2ChwDurationsAvailable&traceId=6ddd0046-c754-422e-a950-9030bc813d9c
Netzbetreiber;Apple iPhone Air 1024 GB;Apple;1024;o2;;;kein_buendel;;;;Kosten über die Bündellaufzeit;Für dieses Modell ist bei o2 kein Bündel erhoben.;;
Netzbetreiber;Apple AirPods 5;Apple;;Telekom;;;kein_buendel;;;;Kosten über die Bündellaufzeit;Telekom nicht erfasst: Seite sperrt automatisches Lesen (HTTP 202, 10.10.2026);;
Netzbetreiber;Apple AirPods 5;Apple;;1&1;;;kein_buendel;;;;Kosten über die Bündellaufzeit;Bei 1&1 nicht im Angebot (Übersicht vom 10.10.2026 ganz gelesen);;
Netzbetreiber;Apple AirPods 5;Apple;;o2;O2 Mobile on Demand M mit 50 GB+ (24 Mon.);;kein_buendel;;676,75;;Kosten über die Bündellaufzeit;Keine Vodafone-Kosten über 24 Monate für dieses Gerät erhoben – kein Bündel und kein eigener Barpreis.;;
Netzbetreiber;Samsung Galaxy A26 128 GB;Samsung;128;Telekom;MagentaMobil XS;;kein_buendel;;1047,75;;Kosten über die Bündellaufzeit;Keine Vodafone-Kosten über 24 Monate für dieses Gerät erhoben – kein Bündel und kein eigener Barpreis.;;
Netzbetreiber;Samsung Galaxy A26 128 GB;Samsung;128;1&1;;;kein_buendel;;;;Kosten über die Bündellaufzeit;Bei 1&1 nicht im Angebot (Übersicht vom 10.10.2026 ganz gelesen);;
Netzbetreiber;Samsung Galaxy A26 128 GB;Samsung;128;o2;;;kein_buendel;;;;Kosten über die Bündellaufzeit;Keine Vodafone-Kosten über 24 Monate für dieses Gerät erhoben – kein Bündel und kein eigener Barpreis.;;
Netzbetreiber;Samsung Galaxy S23 128 GB;Samsung;128;Telekom;;;kein_buendel;;;;Kosten über die Bündellaufzeit;Telekom nicht erfasst: Seite sperrt automatisches Lesen (HTTP 202, 10.10.2026);;
Netzbetreiber;Samsung Galaxy S23 128 GB;Samsung;128;1&1;;;kein_buendel;;;;Kosten über die Bündellaufzeit;Bei 1&1 nicht im Angebot (Übersicht vom 10.10.2026 ganz gelesen);;
Netzbetreiber;Samsung Galaxy S23 128 GB;Samsung;128;o2;O2 Mobile on Demand M Plus mit 50 GB+ (24 Mon.);;kein_buendel;;1120,75;;Kosten über die Bündellaufzeit;Keine Vodafone-Kosten über 24 Monate für dieses Gerät erhoben – kein Bündel und kein eigener Barpreis.;;
Netzbetreiber;Samsung Galaxy S24 128 GB;Samsung;128;Telekom;;;kein_buendel;;;;Kosten über die Bündellaufzeit;Telekom nicht erfasst: Seite sperrt automatisches Lesen (HTTP 202, 10.10.2026);;
Netzbetreiber;Samsung Galaxy S24 128 GB;Samsung;128;1&1;;;kein_buendel;;;;Kosten über die Bündellaufzeit;Bei 1&1 nicht im Angebot (Übersicht vom 10.10.2026 ganz gelesen);;
Netzbetreiber;Samsung Galaxy S24 128 GB;Samsung;128;o2;O2 Mobile on Demand M Plus mit 50 GB+ (24 Mon.);;kein_buendel;;1192,75;;Kosten über die Bündellaufzeit;Keine Vodafone-Kosten über 24 Monate für dieses Gerät erhoben – kein Bündel und kein eigener Barpreis.;;
Netzbetreiber;Samsung Galaxy S24 Ultra 256 GB;Samsung;256;Telekom;;;kein_buendel;;;;Kosten über die Bündellaufzeit;Telekom nicht erfasst: Seite sperrt automatisches Lesen (HTTP 202, 10.10.2026);;
Netzbetreiber;Samsung Galaxy S24 Ultra 256 GB;Samsung;256;1&1;;;kein_buendel;;;;Kosten über die Bündellaufzeit;Bei 1&1 nicht im Angebot (Übersicht vom 10.10.2026 ganz gelesen);;
Netzbetreiber;Samsung Galaxy S24 Ultra 256 GB;Samsung;256;o2;O2 Mobile on Demand M Plus mit 50 GB+ (24 Mon.);;kein_buendel;;1480,75;;Kosten über die Bündellaufzeit;Keine Vodafone-Kosten über 24 Monate für dieses Gerät erhoben – kein Bündel und kein eigener Barpreis.;;
Netzbetreiber;Samsung Galaxy S25 Edge 256 GB;Samsung;256;Telekom;;;kein_buendel;;;;Kosten über die Bündellaufzeit;Telekom nicht erfasst: Seite sperrt automatisches Lesen (HTTP 202, 10.10.2026);;
Netzbetreiber;Samsung Galaxy S25 Edge 256 GB;Samsung;256;1&1;1&1 All-Net-Flat S;;kein_buendel;;1207,54;;Kosten über die Bündellaufzeit;Keine Vodafone-Kosten über 24 Monate für dieses Gerät erhoben – kein Bündel und kein eigener Barpreis.;;
Netzbetreiber;Samsung Galaxy S25 Edge 256 GB;Samsung;256;o2;;;kein_buendel;;;;Kosten über die Bündellaufzeit;Keine Vodafone-Kosten über 24 Monate für dieses Gerät erhoben – kein Bündel und kein eigener Barpreis.;;
Netzbetreiber;Samsung Galaxy XCover7 Pro EE 128 GB;Samsung;128;Telekom;;;kein_buendel;;;;Kosten über die Bündellaufzeit;Telekom nicht erfasst: Seite sperrt automatisches Lesen (HTTP 202, 10.10.2026);;
Netzbetreiber;Samsung Galaxy XCover7 Pro EE 128 GB;Samsung;128;1&1;;;kein_buendel;;;;Kosten über die Bündellaufzeit;Bei 1&1 nicht im Angebot (Übersicht vom 10.10.2026 ganz gelesen);;
Netzbetreiber;Samsung Galaxy XCover7 Pro EE 128 GB;Samsung;128;o2;O2 Mobile on Demand M Plus mit 50 GB+ (24 Mon.);;kein_buendel;;940,75;;Kosten über die Bündellaufzeit;Keine Vodafone-Kosten über 24 Monate für dieses Gerät erhoben – kein Bündel und kein eigener Barpreis.;;
Netzbetreiber;Samsung Galaxy Xcover 7 EE;Samsung;;Telekom;;;kein_buendel;;;;Kosten über die Bündellaufzeit;Telekom nicht erfasst: Seite sperrt automatisches Lesen (HTTP 202, 10.10.2026);;
Netzbetreiber;Samsung Galaxy Xcover 7 EE;Samsung;;1&1;;;kein_buendel;;;;Kosten über die Bündellaufzeit;Bei 1&1 nicht im Angebot (Übersicht vom 10.10.2026 ganz gelesen);;
Netzbetreiber;Samsung Galaxy Xcover 7 EE;Samsung;;o2;O2 Mobile on Demand M mit 50 GB+ (24 Mon.);;kein_buendel;;844,75;;Kosten über die Bündellaufzeit;Keine Vodafone-Kosten über 24 Monate für dieses Gerät erhoben – kein Bündel und kein eigener Barpreis.;;
Netzbetreiber;Samsung Galaxy Xcover 7 EE 128 GB;Samsung;128;Telekom;;;kein_buendel;;;;Kosten über die Bündellaufzeit;Telekom nicht erfasst: Seite sperrt automatisches Lesen (HTTP 202, 10.10.2026);;
Netzbetreiber;Samsung Galaxy Xcover 7 EE 128 GB;Samsung;128;1&1;;;kein_buendel;;;;Kosten über die Bündellaufzeit;Bei 1&1 nicht im Angebot (Übersicht vom 10.10.2026 ganz gelesen);;
Netzbetreiber;Samsung Galaxy Xcover 7 EE 128 GB;Samsung;128;o2;;;kein_buendel;;;;Kosten über die Bündellaufzeit;Keine Vodafone-Kosten über 24 Monate für dieses Gerät erhoben – kein Bündel und kein eigener Barpreis.;;
Netzbetreiber;Samsung Galaxy Xcover 7 EE 128 GB;Samsung;128;congstar;Allnet Flat XS;;kein_buendel;;556,00;;Kosten über die Bündellaufzeit;Keine Vodafone-Kosten über 24 Monate für dieses Gerät erhoben – kein Bündel und kein eigener Barpreis.;;
Netzbetreiber;Samsung Galaxy Z Fold8 Ultra 1024 GB;Samsung;1024;Telekom;;;kein_buendel;;;;Kosten über die Bündellaufzeit;Telekom nicht erfasst: Seite sperrt automatisches Lesen (HTTP 202, 10.10.2026);;
Netzbetreiber;Samsung Galaxy Z Fold8 Ultra 1024 GB;Samsung;1024;1&1;1&1 All-Net-Flat S;;kein_buendel;;3939,54;;Kosten über die Bündellaufzeit;Keine Vodafone-Kosten über 24 Monate für dieses Gerät erhoben – kein Bündel und kein eigener Barpreis.;;
Netzbetreiber;Samsung Galaxy Z Fold8 Ultra 1024 GB;Samsung;1024;o2;;;kein_buendel;;;;Kosten über die Bündellaufzeit;Keine Vodafone-Kosten über 24 Monate für dieses Gerät erhoben – kein Bündel und kein eigener Barpreis.;;
Netzbetreiber;HONOR 600 256 GB;HONOR;256;Telekom;;;kein_buendel;;;;Kosten über die Bündellaufzeit;Telekom nicht erfasst: Seite sperrt automatisches Lesen (HTTP 202, 10.10.2026);;
Netzbetreiber;HONOR 600 256 GB;HONOR;256;1&1;1&1 All-Net-Flat S;;kein_buendel;;1115,54;;Kosten über die Bündellaufzeit;Keine Vodafone-Kosten über 24 Monate für dieses Gerät erhoben – kein Bündel und kein eigener Barpreis.;;
Netzbetreiber;HONOR 600 256 GB;HONOR;256;o2;;;kein_buendel;;;;Kosten über die Bündellaufzeit;Keine Vodafone-Kosten über 24 Monate für dieses Gerät erhoben – kein Bündel und kein eigener Barpreis.;;
Netzbetreiber;HONOR Magic V6 512 GB;HONOR;512;Telekom;;;kein_buendel;;;;Kosten über die Bündellaufzeit;Telekom nicht erfasst: Seite sperrt automatisches Lesen (HTTP 202, 10.10.2026);;
Netzbetreiber;HONOR Magic V6 512 GB;HONOR;512;1&1;1&1 All-Net-Flat S;;kein_buendel;;2795,54;;Kosten über die Bündellaufzeit;Keine Vodafone-Kosten über 24 Monate für dieses Gerät erhoben – kein Bündel und kein eigener Barpreis.;;
Netzbetreiber;HONOR Magic V6 512 GB;HONOR;512;o2;;;kein_buendel;;;;Kosten über die Bündellaufzeit;Keine Vodafone-Kosten über 24 Monate für dieses Gerät erhoben – kein Bündel und kein eigener Barpreis.;;
Netzbetreiber;HONOR Magic8 Lite 256 GB;HONOR;256;Telekom;;;kein_buendel;;;;Kosten über die Bündellaufzeit;Telekom nicht erfasst: Seite sperrt automatisches Lesen (HTTP 202, 10.10.2026);;
Netzbetreiber;HONOR Magic8 Lite 256 GB;HONOR;256;1&1;1&1 All-Net-Flat S;;kein_buendel;;967,54;;Kosten über die Bündellaufzeit;Keine Vodafone-Kosten über 24 Monate für dieses Gerät erhoben – kein Bündel und kein eigener Barpreis.;;
Netzbetreiber;HONOR Magic8 Lite 256 GB;HONOR;256;o2;;;kein_buendel;;;;Kosten über die Bündellaufzeit;Keine Vodafone-Kosten über 24 Monate für dieses Gerät erhoben – kein Bündel und kein eigener Barpreis.;;
Netzbetreiber;Motorola edge 60 neo 256 GB;Motorola;256;Telekom;MagentaMobil XS;;kein_buendel;;1105,35;;Kosten über die Bündellaufzeit;Keine Vodafone-Kosten über 24 Monate für dieses Gerät erhoben – kein Bündel und kein eigener Barpreis.;;
Netzbetreiber;Motorola edge 60 neo 256 GB;Motorola;256;1&1;;;kein_buendel;;;;Kosten über die Bündellaufzeit;Bei 1&1 nicht im Angebot (Übersicht vom 10.10.2026 ganz gelesen);;
Netzbetreiber;Motorola edge 60 neo 256 GB;Motorola;256;o2;;;kein_buendel;;;;Kosten über die Bündellaufzeit;Keine Vodafone-Kosten über 24 Monate für dieses Gerät erhoben – kein Bündel und kein eigener Barpreis.;;
Netzbetreiber;Motorola edge 70 512 GB;Motorola;512;Telekom;MagentaMobil XS;;kein_buendel;;1364,55;;Kosten über die Bündellaufzeit;Keine Vodafone-Kosten über 24 Monate für dieses Gerät erhoben – kein Bündel und kein eigener Barpreis.;;
Netzbetreiber;Motorola edge 70 512 GB;Motorola;512;1&1;;;kein_buendel;;;;Kosten über die Bündellaufzeit;Bei 1&1 nicht im Angebot (Übersicht vom 10.10.2026 ganz gelesen);;
Netzbetreiber;Motorola edge 70 512 GB;Motorola;512;o2;;;kein_buendel;;;;Kosten über die Bündellaufzeit;Keine Vodafone-Kosten über 24 Monate für dieses Gerät erhoben – kein Bündel und kein eigener Barpreis.;;
Netzbetreiber;Motorola moto g37 128 GB;Motorola;128;Telekom;MagentaMobil XS;;kein_buendel;;1047,75;;Kosten über die Bündellaufzeit;Keine Vodafone-Kosten über 24 Monate für dieses Gerät erhoben – kein Bündel und kein eigener Barpreis.;;
Netzbetreiber;Motorola moto g37 128 GB;Motorola;128;1&1;;;kein_buendel;;;;Kosten über die Bündellaufzeit;Bei 1&1 nicht im Angebot (Übersicht vom 10.10.2026 ganz gelesen);;
Netzbetreiber;Motorola moto g37 128 GB;Motorola;128;o2;;;kein_buendel;;;;Kosten über die Bündellaufzeit;Keine Vodafone-Kosten über 24 Monate für dieses Gerät erhoben – kein Bündel und kein eigener Barpreis.;;
Netzbetreiber;Motorola razr 70 256 GB;Motorola;256;Telekom;;;kein_buendel;;;;Kosten über die Bündellaufzeit;Telekom nicht erfasst: Seite sperrt automatisches Lesen (HTTP 202, 10.10.2026);;
Netzbetreiber;Motorola razr 70 256 GB;Motorola;256;1&1;1&1 All-Net-Flat S;;kein_buendel;;1595,54;;Kosten über die Bündellaufzeit;Keine Vodafone-Kosten über 24 Monate für dieses Gerät erhoben – kein Bündel und kein eigener Barpreis.;;
Netzbetreiber;Motorola razr 70 256 GB;Motorola;256;o2;;;kein_buendel;;;;Kosten über die Bündellaufzeit;Keine Vodafone-Kosten über 24 Monate für dieses Gerät erhoben – kein Bündel und kein eigener Barpreis.;;
Netzbetreiber;Nothing Phone (4a) 128 GB;Nothing;128;Telekom;;;kein_buendel;;;;Kosten über die Bündellaufzeit;Telekom nicht erfasst: Seite sperrt automatisches Lesen (HTTP 202, 10.10.2026);;
Netzbetreiber;Nothing Phone (4a) 128 GB;Nothing;128;1&1;;;kein_buendel;;;;Kosten über die Bündellaufzeit;Bei 1&1 nicht im Angebot (Übersicht vom 10.10.2026 ganz gelesen);;
Netzbetreiber;Nothing Phone (4a) 128 GB;Nothing;128;o2;O2 Mobile on Demand M Plus mit 50 GB+ (24 Mon.);;kein_buendel;;778,75;;Kosten über die Bündellaufzeit;Keine Vodafone-Kosten über 24 Monate für dieses Gerät erhoben – kein Bündel und kein eigener Barpreis.;;
Netzbetreiber;Nothing Phone (4a) Pro 128 GB;Nothing;128;Telekom;;;kein_buendel;;;;Kosten über die Bündellaufzeit;Telekom nicht erfasst: Seite sperrt automatisches Lesen (HTTP 202, 10.10.2026);;
Netzbetreiber;Nothing Phone (4a) Pro 128 GB;Nothing;128;1&1;1&1 All-Net-Flat S;;kein_buendel;;1115,54;;Kosten über die Bündellaufzeit;Keine Vodafone-Kosten über 24 Monate für dieses Gerät erhoben – kein Bündel und kein eigener Barpreis.;;
Netzbetreiber;Nothing Phone (4a) Pro 128 GB;Nothing;128;o2;;;kein_buendel;;;;Kosten über die Bündellaufzeit;Keine Vodafone-Kosten über 24 Monate für dieses Gerät erhoben – kein Bündel und kein eigener Barpreis.;;
Netzbetreiber;Google Pixel 10 256 GB;Google;256;Telekom;MagentaMobil XS;;kein_buendel;;1587,75;;Kosten über die Bündellaufzeit;Keine Vodafone-Kosten über 24 Monate für dieses Gerät erhoben – kein Bündel und kein eigener Barpreis.;;
Netzbetreiber;Google Pixel 10 256 GB;Google;256;1&1;;;kein_buendel;;;;Kosten über die Bündellaufzeit;Bei 1&1 nicht im Angebot (Übersicht vom 10.10.2026 ganz gelesen);;
Netzbetreiber;Google Pixel 10 256 GB;Google;256;o2;;;kein_buendel;;;;Kosten über die Bündellaufzeit;Keine Vodafone-Kosten über 24 Monate für dieses Gerät erhoben – kein Bündel und kein eigener Barpreis.;;
Netzbetreiber;Google Pixel 10 Pro 256 GB;Google;256;Telekom;;;kein_buendel;;;;Kosten über die Bündellaufzeit;Telekom nicht erfasst: Seite sperrt automatisches Lesen (HTTP 202, 10.10.2026);;
Netzbetreiber;Google Pixel 10 Pro 256 GB;Google;256;1&1;;;kein_buendel;;;;Kosten über die Bündellaufzeit;Bei 1&1 nicht im Angebot (Übersicht vom 10.10.2026 ganz gelesen);;
Netzbetreiber;Google Pixel 10 Pro 256 GB;Google;256;o2;O2 Mobile on Demand M Plus mit 50 GB+ (24 Mon.);;kein_buendel;;1432,75;;Kosten über die Bündellaufzeit;Keine Vodafone-Kosten über 24 Monate für dieses Gerät erhoben – kein Bündel und kein eigener Barpreis.;;
Netzbetreiber;Google Pixel 10 Pro Fold 256 GB;Google;256;Telekom;MagentaMobil XS;;kein_buendel;;2454,55;;Kosten über die Bündellaufzeit;Keine Vodafone-Kosten über 24 Monate für dieses Gerät erhoben – kein Bündel und kein eigener Barpreis.;;
Netzbetreiber;Google Pixel 10 Pro Fold 256 GB;Google;256;1&1;;;kein_buendel;;;;Kosten über die Bündellaufzeit;Bei 1&1 nicht im Angebot (Übersicht vom 10.10.2026 ganz gelesen);;
Netzbetreiber;Google Pixel 10 Pro Fold 256 GB;Google;256;o2;;;kein_buendel;;;;Kosten über die Bündellaufzeit;Kein Abstand zur Vodafone-Referenz: dieser Preis ist veraltet. Regel 16: Frische.;;
Netzbetreiber;Google Pixel 10 Pro XL 256 GB;Google;256;Telekom;MagentaMobil XS;;kein_buendel;;1847,75;;Kosten über die Bündellaufzeit;Keine Vodafone-Kosten über 24 Monate für dieses Gerät erhoben – kein Bündel und kein eigener Barpreis.;;
Netzbetreiber;Google Pixel 10 Pro XL 256 GB;Google;256;1&1;;;kein_buendel;;;;Kosten über die Bündellaufzeit;Bei 1&1 nicht im Angebot (Übersicht vom 10.10.2026 ganz gelesen);;
Netzbetreiber;Google Pixel 10 Pro XL 256 GB;Google;256;o2;;;kein_buendel;;;;Kosten über die Bündellaufzeit;Kein Abstand zur Vodafone-Referenz: dieser Preis ist veraltet. Regel 16: Frische.;;
Netzbetreiber;Google Pixel 11 Pro Fold 512 GB;Google;512;Telekom;;;kein_buendel;;;;Kosten über die Bündellaufzeit;Telekom nicht erfasst: Seite sperrt automatisches Lesen (HTTP 202, 10.10.2026);;
Netzbetreiber;Google Pixel 11 Pro Fold 512 GB;Google;512;1&1;1&1 All-Net-Flat S;;kein_buendel;;3275,54;;Kosten über die Bündellaufzeit;Keine Vodafone-Kosten über 24 Monate für dieses Gerät erhoben – kein Bündel und kein eigener Barpreis.;;
Netzbetreiber;Google Pixel 11 Pro Fold 512 GB;Google;512;o2;;;kein_buendel;;;;Kosten über die Bündellaufzeit;Keine Vodafone-Kosten über 24 Monate für dieses Gerät erhoben – kein Bündel und kein eigener Barpreis.;;
Netzbetreiber;Xiaomi Redmi 17C 128 GB;Xiaomi;128;Telekom;;;kein_buendel;;;;Kosten über die Bündellaufzeit;Telekom nicht erfasst: Seite sperrt automatisches Lesen (HTTP 202, 10.10.2026);;
Netzbetreiber;Xiaomi Redmi 17C 128 GB;Xiaomi;128;1&1;1&1 All-Net-Flat S;;kein_buendel;;727,54;;Kosten über die Bündellaufzeit;Keine Vodafone-Kosten über 24 Monate für dieses Gerät erhoben – kein Bündel und kein eigener Barpreis.;;
Netzbetreiber;Xiaomi Redmi 17C 128 GB;Xiaomi;128;o2;;;kein_buendel;;;;Kosten über die Bündellaufzeit;Keine Vodafone-Kosten über 24 Monate für dieses Gerät erhoben – kein Bündel und kein eigener Barpreis.;;
Netzbetreiber;Telekom T Phone 3 128 GB;Telekom;128;Telekom;MagentaMobil XS;;kein_buendel;;906,15;;Kosten über die Bündellaufzeit;Keine Vodafone-Kosten über 24 Monate für dieses Gerät erhoben – kein Bündel und kein eigener Barpreis.;;
Netzbetreiber;Telekom T Phone 3 128 GB;Telekom;128;1&1;;;kein_buendel;;;;Kosten über die Bündellaufzeit;Bei 1&1 nicht im Angebot (Übersicht vom 10.10.2026 ganz gelesen);;
Netzbetreiber;Telekom T Phone 3 128 GB;Telekom;128;o2;;;kein_buendel;;;;Kosten über die Bündellaufzeit;Keine Vodafone-Kosten über 24 Monate für dieses Gerät erhoben – kein Bündel und kein eigener Barpreis.;;
Netzbetreiber;Telekom T Phone 3 Pro 256 GB;Telekom;256;Telekom;MagentaMobil M;;kein_buendel;;1366,95;;Kosten über die Bündellaufzeit;Keine Vodafone-Kosten über 24 Monate für dieses Gerät erhoben – kein Bündel und kein eigener Barpreis.;;
Netzbetreiber;Telekom T Phone 3 Pro 256 GB;Telekom;256;1&1;;;kein_buendel;;;;Kosten über die Bündellaufzeit;Bei 1&1 nicht im Angebot (Übersicht vom 10.10.2026 ganz gelesen);;
Netzbetreiber;Telekom T Phone 3 Pro 256 GB;Telekom;256;o2;;;kein_buendel;;;;Kosten über die Bündellaufzeit;Keine Vodafone-Kosten über 24 Monate für dieses Gerät erhoben – kein Bündel und kein eigener Barpreis.;;
Netzbetreiber;Xiaomi 15T 256 GB;Xiaomi;256;Telekom;MagentaMobil XS;;kein_buendel;;1216,95;;Kosten über die Bündellaufzeit;Keine Vodafone-Kosten über 24 Monate für dieses Gerät erhoben – kein Bündel und kein eigener Barpreis.;;
Netzbetreiber;Xiaomi 15T 256 GB;Xiaomi;256;1&1;;;kein_buendel;;;;Kosten über die Bündellaufzeit;Bei 1&1 nicht im Angebot (Übersicht vom 10.10.2026 ganz gelesen);;
Netzbetreiber;Xiaomi 15T 256 GB;Xiaomi;256;o2;;;kein_buendel;;;;Kosten über die Bündellaufzeit;Keine Vodafone-Kosten über 24 Monate für dieses Gerät erhoben – kein Bündel und kein eigener Barpreis.;;
Netzbetreiber;Apple iPhone 14 Pro 128 GB;Apple;128;Telekom;;;kein_buendel;;;;Kosten über die Bündellaufzeit;Telekom nicht erfasst: Seite sperrt automatisches Lesen (HTTP 202, 10.10.2026);;
Netzbetreiber;Apple iPhone 14 Pro 128 GB;Apple;128;1&1;;;kein_buendel;;;;Kosten über die Bündellaufzeit;Bei 1&1 nicht im Angebot (Übersicht vom 10.10.2026 ganz gelesen);;
Netzbetreiber;Apple iPhone 14 Pro 128 GB;Apple;128;o2;O2 Mobile on Demand M Plus mit 50 GB+ (24 Mon.);;kein_buendel;;1624,75;;Kosten über die Bündellaufzeit;Keine Vodafone-Kosten über 24 Monate für dieses Gerät erhoben – kein Bündel und kein eigener Barpreis.;;
Netzbetreiber;Apple iPhone 14 Pro Max 512 GB;Apple;512;Telekom;;;kein_buendel;;;;Kosten über die Bündellaufzeit;Telekom nicht erfasst: Seite sperrt automatisches Lesen (HTTP 202, 10.10.2026);;
Netzbetreiber;Apple iPhone 14 Pro Max 512 GB;Apple;512;1&1;;;kein_buendel;;;;Kosten über die Bündellaufzeit;Bei 1&1 nicht im Angebot (Übersicht vom 10.10.2026 ganz gelesen);;
Netzbetreiber;Apple iPhone 14 Pro Max 512 GB;Apple;512;o2;O2 Mobile on Demand M Plus mit 50 GB+ (24 Mon.);;kein_buendel;;2164,75;;Kosten über die Bündellaufzeit;Keine Vodafone-Kosten über 24 Monate für dieses Gerät erhoben – kein Bündel und kein eigener Barpreis.;;
Netzbetreiber;Apple iPhone 15 Plus 128 GB;Apple;128;Telekom;;;kein_buendel;;;;Kosten über die Bündellaufzeit;Telekom nicht erfasst: Seite sperrt automatisches Lesen (HTTP 202, 10.10.2026);;
Netzbetreiber;Apple iPhone 15 Plus 128 GB;Apple;128;1&1;;;kein_buendel;;;;Kosten über die Bündellaufzeit;Bei 1&1 nicht im Angebot (Übersicht vom 10.10.2026 ganz gelesen);;
Netzbetreiber;Apple iPhone 15 Plus 128 GB;Apple;128;o2;O2 Mobile on Demand M Plus mit 50 GB+ (24 Mon.);;kein_buendel;;1336,75;;Kosten über die Bündellaufzeit;Keine Vodafone-Kosten über 24 Monate für dieses Gerät erhoben – kein Bündel und kein eigener Barpreis.;;
Netzbetreiber;Apple iPhone 15 Pro 128 GB;Apple;128;Telekom;;;kein_buendel;;;;Kosten über die Bündellaufzeit;Telekom nicht erfasst: Seite sperrt automatisches Lesen (HTTP 202, 10.10.2026);;
Netzbetreiber;Apple iPhone 15 Pro 128 GB;Apple;128;1&1;;;kein_buendel;;;;Kosten über die Bündellaufzeit;Bei 1&1 nicht im Angebot (Übersicht vom 10.10.2026 ganz gelesen);;
Netzbetreiber;Apple iPhone 15 Pro 128 GB;Apple;128;o2;O2 Mobile on Demand M Plus mit 50 GB+ (24 Mon.);;kein_buendel;;1084,75;;Kosten über die Bündellaufzeit;Keine Vodafone-Kosten über 24 Monate für dieses Gerät erhoben – kein Bündel und kein eigener Barpreis.;;
Netzbetreiber;Apple iPhone 15 Pro Max 256 GB;Apple;256;Telekom;;;kein_buendel;;;;Kosten über die Bündellaufzeit;Telekom nicht erfasst: Seite sperrt automatisches Lesen (HTTP 202, 10.10.2026);;
Netzbetreiber;Apple iPhone 15 Pro Max 256 GB;Apple;256;1&1;;;kein_buendel;;;;Kosten über die Bündellaufzeit;Bei 1&1 nicht im Angebot (Übersicht vom 10.10.2026 ganz gelesen);;
Netzbetreiber;Apple iPhone 15 Pro Max 256 GB;Apple;256;o2;O2 Mobile on Demand M Plus mit 50 GB+ (24 Mon.);;kein_buendel;;1876,75;;Kosten über die Bündellaufzeit;Keine Vodafone-Kosten über 24 Monate für dieses Gerät erhoben – kein Bündel und kein eigener Barpreis.;;
Netzbetreiber;Apple iPhone 16 Plus 256 GB;Apple;256;Telekom;;;kein_buendel;;;;Kosten über die Bündellaufzeit;Telekom nicht erfasst: Seite sperrt automatisches Lesen (HTTP 202, 10.10.2026);;
Netzbetreiber;Apple iPhone 16 Plus 256 GB;Apple;256;1&1;1&1 All-Net-Flat S;;kein_buendel;;1973,54;;Kosten über die Bündellaufzeit;Keine Vodafone-Kosten über 24 Monate für dieses Gerät erhoben – kein Bündel und kein eigener Barpreis.;;
Netzbetreiber;Apple iPhone 16 Plus 256 GB;Apple;256;o2;;;kein_buendel;;;;Kosten über die Bündellaufzeit;Keine Vodafone-Kosten über 24 Monate für dieses Gerät erhoben – kein Bündel und kein eigener Barpreis.;;
Netzbetreiber;Apple iPhone 16 Pro 128 GB;Apple;128;Telekom;;;kein_buendel;;;;Kosten über die Bündellaufzeit;Telekom nicht erfasst: Seite sperrt automatisches Lesen (HTTP 202, 10.10.2026);;
Netzbetreiber;Apple iPhone 16 Pro 128 GB;Apple;128;1&1;;;kein_buendel;;;;Kosten über die Bündellaufzeit;Bei 1&1 nicht im Angebot (Übersicht vom 10.10.2026 ganz gelesen);;
Netzbetreiber;Apple iPhone 16 Pro 128 GB;Apple;128;o2;O2 Mobile on Demand M Plus mit 50 GB+ (24 Mon.);;kein_buendel;;1660,75;;Kosten über die Bündellaufzeit;Keine Vodafone-Kosten über 24 Monate für dieses Gerät erhoben – kein Bündel und kein eigener Barpreis.;;
Netzbetreiber;Apple iPhone 16 Pro Max 256 GB;Apple;256;Telekom;;;kein_buendel;;;;Kosten über die Bündellaufzeit;Telekom nicht erfasst: Seite sperrt automatisches Lesen (HTTP 202, 10.10.2026);;
Netzbetreiber;Apple iPhone 16 Pro Max 256 GB;Apple;256;1&1;;;kein_buendel;;;;Kosten über die Bündellaufzeit;Bei 1&1 nicht im Angebot (Übersicht vom 10.10.2026 ganz gelesen);;
Netzbetreiber;Apple iPhone 16 Pro Max 256 GB;Apple;256;o2;O2 Mobile on Demand M Plus mit 50 GB+ (24 Mon.);;kein_buendel;;1912,75;;Kosten über die Bündellaufzeit;Keine Vodafone-Kosten über 24 Monate für dieses Gerät erhoben – kein Bündel und kein eigener Barpreis.;;
Netzbetreiber;Apple iPhone 16 Pro Max 512 GB;Apple;512;Telekom;;;kein_buendel;;;;Kosten über die Bündellaufzeit;Telekom nicht erfasst: Seite sperrt automatisches Lesen (HTTP 202, 10.10.2026);;
Netzbetreiber;Apple iPhone 16 Pro Max 512 GB;Apple;512;1&1;;;kein_buendel;;;;Kosten über die Bündellaufzeit;Bei 1&1 nicht im Angebot (Übersicht vom 10.10.2026 ganz gelesen);;
Netzbetreiber;Apple iPhone 16 Pro Max 512 GB;Apple;512;o2;O2 Mobile on Demand M Plus mit 50 GB+ (24 Mon.);;kein_buendel;;2164,75;;Kosten über die Bündellaufzeit;Keine Vodafone-Kosten über 24 Monate für dieses Gerät erhoben – kein Bündel und kein eigener Barpreis.;;
Netzbetreiber;Apple iPhone 17 Pro Max 1024 GB;Apple;1024;Telekom;;;kein_buendel;;;;Kosten über die Bündellaufzeit;Telekom nicht erfasst: Seite sperrt automatisches Lesen (HTTP 202, 10.10.2026);;
Netzbetreiber;Apple iPhone 17 Pro Max 1024 GB;Apple;1024;1&1;1&1 All-Net-Flat S;;kein_buendel;;3035,54;;Kosten über die Bündellaufzeit;Keine Vodafone-Kosten über 24 Monate für dieses Gerät erhoben – kein Bündel und kein eigener Barpreis.;;
Netzbetreiber;Apple iPhone 17 Pro Max 1024 GB;Apple;1024;o2;;;kein_buendel;;;;Kosten über die Bündellaufzeit;Keine Vodafone-Kosten über 24 Monate für dieses Gerät erhoben – kein Bündel und kein eigener Barpreis.;;
Netzbetreiber;Apple iPhone 17 Pro Max 2048 GB;Apple;2048;Telekom;;;kein_buendel;;;;Kosten über die Bündellaufzeit;Telekom nicht erfasst: Seite sperrt automatisches Lesen (HTTP 202, 10.10.2026);;
Netzbetreiber;Apple iPhone 17 Pro Max 2048 GB;Apple;2048;1&1;1&1 All-Net-Flat S;;kein_buendel;;3653,54;;Kosten über die Bündellaufzeit;Keine Vodafone-Kosten über 24 Monate für dieses Gerät erhoben – kein Bündel und kein eigener Barpreis.;;
Netzbetreiber;Apple iPhone 17 Pro Max 2048 GB;Apple;2048;o2;;;kein_buendel;;;;Kosten über die Bündellaufzeit;Keine Vodafone-Kosten über 24 Monate für dieses Gerät erhoben – kein Bündel und kein eigener Barpreis.;;
Netzbetreiber;Samsung Galaxy S24 Ultra 512 GB;Samsung;512;Telekom;;;kein_buendel;;;;Kosten über die Bündellaufzeit;Telekom nicht erfasst: Seite sperrt automatisches Lesen (HTTP 202, 10.10.2026);;
Netzbetreiber;Samsung Galaxy S24 Ultra 512 GB;Samsung;512;1&1;;;kein_buendel;;;;Kosten über die Bündellaufzeit;Bei 1&1 nicht im Angebot (Übersicht vom 10.10.2026 ganz gelesen);;
Netzbetreiber;Samsung Galaxy S24 Ultra 512 GB;Samsung;512;o2;;;kein_buendel;;;;Kosten über die Bündellaufzeit;Kein Abstand zur Vodafone-Referenz: dieser Preis ist veraltet. Regel 16: Frische.;;
Netzbetreiber;Apple iPhone 15 256 GB;Apple;256;Telekom;;;kein_buendel;;;;Kosten über die Bündellaufzeit;Telekom nicht erfasst: Seite sperrt automatisches Lesen (HTTP 202, 10.10.2026);;
Netzbetreiber;Apple iPhone 15 256 GB;Apple;256;1&1;;;kein_buendel;;;;Kosten über die Bündellaufzeit;Kein Abstand zur Vodafone-Referenz: dieser Preis ist veraltet. Regel 16: Frische.;;
Netzbetreiber;Apple iPhone 15 256 GB;Apple;256;o2;;;kein_buendel;;;;Kosten über die Bündellaufzeit;Keine Vodafone-Kosten über 24 Monate für dieses Gerät erhoben – kein Bündel und kein eigener Barpreis.;;
Händler Barpreis;Galaxy A37;Samsung;128;ElectronicPartner;;;;-25,2;299,00;399,90;Gerätepreis ohne Vertrag;;2026-10-07;https://www.ep.de/p/1518879/galaxy-a37-5g-a376b-128gb
Händler Barpreis;Galaxy A37;Samsung;128;Medimax;;;;-25,2;299,00;399,90;Gerätepreis ohne Vertrag;;2026-10-07;https://www.medimax.de/p/1518879/galaxy-a37-5g-a376b-128gb
Händler Barpreis;Galaxy S26;Samsung;256;Medimax;;;;-22,3;699,00;899,90;Gerätepreis ohne Vertrag;;2026-09-29;https://www.medimax.de/p/1514139/galaxy-s26-s942b-256gb
Händler Barpreis;Galaxy A17;Samsung;128;Medimax;;;;-18,1;179,99;219,90;Gerätepreis ohne Vertrag;;2026-09-19;https://www.medimax.de/p/1495907/galaxy-a17-5g-a176b-128gb
Händler Barpreis;iPhone 17;Apple;512;Saturn;;;;-12,7;1179,00;1349,90;Gerätepreis ohne Vertrag;;2026-10-10;https://www.saturn.de/de/product/_apple-iphone-17-5g-512-gb-schwarz-dual-sim-3013580.html
Händler Barpreis;iPhone Air;Apple;256;Saturn;;;;-11,5;929,00;1049,90;Gerätepreis ohne Vertrag;;2026-10-10;https://www.saturn.de/de/product/_apple-iphone-air-5g-256-gb-himmelblau-dual-sim-3013609.html
Händler Barpreis;iPhone 16e;Apple;128;freenet;;;;-10,1;629,00;699,90;Gerätepreis ohne Vertrag;;2026-10-10;https://www.freenet.de/handys-smartphones/apple/iphone-16e-ohne-vertrag/p/P-M-3925066?ds=P-4038730
Händler Barpreis;iPhone 17 Pro;Apple;512;Saturn;;;;-2,1;1419,00;1449,90;Gerätepreis ohne Vertrag;;2026-10-10;https://www.saturn.de/de/product/_apple-iphone-17-pro-5g-512-gb-silber-dual-sim-3013588.html
Händler Barpreis;iPhone 17 Pro Max;Apple;512;Saturn;;;;-1,9;1569,00;1599,90;Gerätepreis ohne Vertrag;;2026-10-09;https://www.saturn.de/de/product/_apple-iphone-17-pro-max-5g-512-gb-silber-dual-sim-3013597.html
Händler Barpreis;iPhone 17 Pro;Apple;256;Saturn;;;;-1,7;1179,00;1199,90;Gerätepreis ohne Vertrag;;2026-10-10;https://www.saturn.de/de/product/_apple-iphone-17-pro-5g-256-gb-cosmic-orange-dual-sim-3013586.html
Händler Barpreis;iPhone Air;Apple;1024;Saturn;;;;-1,6;1299,00;1319,90;Gerätepreis ohne Vertrag;;2026-10-10;https://www.saturn.de/de/product/_apple-iphone-air-5g-1-tb-himmelblau-dual-sim-3013617.html
Händler Barpreis;iPhone 17 Pro Max;Apple;256;Saturn;;;;-1,5;1329,00;1349,90;Gerätepreis ohne Vertrag;;2026-10-10;https://www.saturn.de/de/product/_apple-iphone-17-pro-max-5g-256-gb-silber-dual-sim-3013594.html
Händler Barpreis;iPhone 17e;Apple;256;Saturn;;;;-1,2;839,99;849,90;Gerätepreis ohne Vertrag;;2026-10-10;https://www.saturn.de/de/product/_apple-iphone-17e-256-gb-hellrosa-dual-sim-3040153.html
Händler Barpreis;iPhone 17;Apple;256;Saturn;;;;-1,0;1089,00;1099,90;Gerätepreis ohne Vertrag;;2026-10-10;https://www.saturn.de/de/product/_apple-iphone-17-5g-256-gb-salbei-dual-sim-3013579.html
Händler Barpreis;iPhone 17e;Apple;512;Saturn;;;;-1,0;1089,00;1099,90;Gerätepreis ohne Vertrag;;2026-10-10;https://www.saturn.de/de/product/_apple-iphone-17e-512-gb-schwarz-dual-sim-3040155.html
Händler Barpreis;Pixel 10;Google;128;freenet;;;;-0,1;899,00;899,90;Gerätepreis ohne Vertrag;;2026-10-10;https://www.freenet.de/handys-smartphones/google/google-pixel-10-ohne-vertrag/p/P-M-4206117?ds=P-4292922
Händler Barpreis;iPhone 17;Apple;512;freenet;;;;-0,1;1349,00;1349,90;Gerätepreis ohne Vertrag;;2026-10-10;https://www.freenet.de/handys-smartphones/apple/iphone-17-ohne-vertrag/p/P-M-4234655?ds=P-4356776
Händler Barpreis;iPhone 17e;Apple;256;freenet;;;;-0,1;849,00;849,90;Gerätepreis ohne Vertrag;;2026-10-10;https://www.freenet.de/handys-smartphones/apple/iphone-17e-ohne-vertrag/p/P-M-4506544?ds=P-4630240
Händler Barpreis;iPhone 17;Apple;256;freenet;;;;-0,1;1099,00;1099,90;Gerätepreis ohne Vertrag;;2026-10-10;https://www.freenet.de/handys-smartphones/apple/iphone-17-ohne-vertrag/p/P-M-4234655?ds=P-4356761
Händler Barpreis;iPhone 17e;Apple;512;freenet;;;;-0,1;1099,00;1099,90;Gerätepreis ohne Vertrag;;2026-10-10;https://www.freenet.de/handys-smartphones/apple/iphone-17e-ohne-vertrag/p/P-M-4506544?ds=P-4630249
Händler Barpreis;Xiaomi 17T Pro;Xiaomi;512;freenet;;;;0,0;999,90;999,90;Gerätepreis ohne Vertrag;;2026-10-10;https://www.freenet.de/handys-smartphones/xiaomi/xiaomi-17t-pro-ohne-vertrag/p/P-M-4548846?ds=P-4673028
Händler Barpreis;Xiaomi 17T;Xiaomi;256;freenet;;;;0,0;749,90;749,90;Gerätepreis ohne Vertrag;;2026-10-10;https://www.freenet.de/handys-smartphones/xiaomi/xiaomi-17t-ohne-vertrag/p/P-M-4548843?ds=P-4673019
Händler Barpreis;Galaxy S26 Plus;Samsung;512;freenet;;;;6,8;1549,00;1449,90;Gerätepreis ohne Vertrag;;2026-10-10;https://www.freenet.de/handys-smartphones/samsung/samsung-galaxy-s26-ohne-vertrag/p/P-M-4466900?ds=P-4587314
Händler Barpreis;Galaxy S26 Plus;Samsung;256;freenet;;;;7,9;1349,00;1249,90;Gerätepreis ohne Vertrag;;2026-10-10;https://www.freenet.de/handys-smartphones/samsung/samsung-galaxy-s26-ohne-vertrag/p/P-M-4466900?ds=P-4587284
Händler Barpreis;Galaxy S26 Ultra;Samsung;512;freenet;;;;8,6;1749,00;1609,90;Gerätepreis ohne Vertrag;;2026-10-10;https://www.freenet.de/handys-smartphones/samsung/samsung-galaxy-s26-ultra-ohne-vertrag/p/P-M-4475373?ds=P-4587338
Händler Barpreis;Fairphone 6;Fairphone;256;freenet;;;;8,9;599,00;549,90;Gerätepreis ohne Vertrag;;2026-10-10;https://www.freenet.de/handys-smartphones/fairphone/das-fairphone-gen-6-ohne-vertrag/p/P-M-4084368?ds=P-4204710
Händler Barpreis;Watch SE 3;Apple;;freenet;;;;9,1;349,00;319,90;Gerätepreis ohne Vertrag;;2026-10-10;https://www.freenet.de/handys-smartphones/apple/apple-watch-se-3-44mm-gps--cellular-ohne-vertrag/p/P-M-4538352?ds=P-4357022
Händler Barpreis;Galaxy S26 Ultra;Samsung;256;freenet;;;;9,9;1549,00;1409,90;Gerätepreis ohne Vertrag;;2026-10-10;https://www.freenet.de/handys-smartphones/samsung/samsung-galaxy-s26-ultra-ohne-vertrag/p/P-M-4475373?ds=P-4587326
Händler Barpreis;Pixel 10a;Google;256;freenet;;;;15,2;749,00;649,90;Gerätepreis ohne Vertrag;;2026-10-10;https://www.freenet.de/handys-smartphones/google/google-pixel-10a-ohne-vertrag/p/P-M-4466927?ds=P-4546078
Händler Barpreis;iPhone 17 Pro Max;Apple;512;freenet;;;;15,6;1849,00;1599,90;Gerätepreis ohne Vertrag;;2026-10-10;https://www.freenet.de/handys-smartphones/apple/iphone-17-pro-max-ohne-vertrag/p/P-M-4234679?ds=P-4356854
Händler Barpreis;iPhone 17 Pro;Apple;512;freenet;;;;17,2;1699,00;1449,90;Gerätepreis ohne Vertrag;;2026-10-10;https://www.freenet.de/handys-smartphones/apple/iphone-17-pro-ohne-vertrag/p/P-M-4234664?ds=P-4356827
Händler Barpreis;Galaxy A37;Samsung;128;freenet;;;;17,3;469,00;399,90;Gerätepreis ohne Vertrag;;2026-10-10;https://www.freenet.de/handys-smartphones/samsung/samsung-galaxy-a37-5g-ohne-vertrag/p/P-M-4511848?ds=P-4635130
Händler Barpreis;Pixel 10a;Google;128;freenet;;;;18,0;649,00;549,90;Gerätepreis ohne Vertrag;;2026-10-10;https://www.freenet.de/handys-smartphones/google/google-pixel-10a-ohne-vertrag/p/P-M-4466927?ds=P-4546066
Händler Barpreis;Galaxy S26;Samsung;512;freenet;;;;18,1;1299,00;1099,90;Gerätepreis ohne Vertrag;;2026-10-10;https://www.freenet.de/handys-smartphones/samsung/samsung-galaxy-s26-ohne-vertrag/p/P-M-4466891?ds=P-4587272
Händler Barpreis;iPhone 17 Pro Max;Apple;256;freenet;;;;18,5;1599,00;1349,90;Gerätepreis ohne Vertrag;;2026-10-10;https://www.freenet.de/handys-smartphones/apple/iphone-17-pro-max-ohne-vertrag/p/P-M-4234679?ds=P-4356845
Händler Barpreis;Galaxy A57;Samsung;256;freenet;;;;19,8;659,00;549,90;Gerätepreis ohne Vertrag;;2026-10-10;https://www.freenet.de/handys-smartphones/samsung/samsung-galaxy-a57-5g-ohne-vertrag/p/P-M-4511851?ds=P-4635169
Händler Barpreis;iPhone 17 Pro;Apple;256;freenet;;;;20,8;1449,00;1199,90;Gerätepreis ohne Vertrag;;2026-10-10;https://www.freenet.de/handys-smartphones/apple/iphone-17-pro-ohne-vertrag/p/P-M-4234664?ds=P-4356818
Händler Barpreis;Galaxy S26;Samsung;256;freenet;;;;22,1;1099,00;899,90;Gerätepreis ohne Vertrag;;2026-10-10;https://www.freenet.de/handys-smartphones/samsung/samsung-galaxy-s26-ohne-vertrag/p/P-M-4466891?ds=P-4587260
Händler Barpreis;iPhone Air;Apple;256;freenet;;;;23,7;1299,00;1049,90;Gerätepreis ohne Vertrag;;2026-10-10;https://www.freenet.de/handys-smartphones/apple/iphone-air-ohne-vertrag/p/P-M-4234658?ds=P-4356788
Händler Barpreis;iPhone 17 Pro;Apple;1024;freenet;;;;29,4;2199,00;1699,90;Gerätepreis ohne Vertrag;;2026-10-10;https://www.freenet.de/handys-smartphones/apple/iphone-17-pro-ohne-vertrag/p/P-M-4234664?ds=P-4356836
Händler Barpreis;Galaxy A17;Samsung;128;freenet;;;;36,0;299,00;219,90;Gerätepreis ohne Vertrag;;2026-10-10;https://www.freenet.de/handys-smartphones/samsung/samsung-galaxy-a17-5g-ohne-vertrag/p/P-M-4230290?ds=P-4294647
Händler Barpreis;iPhone Air;Apple;512;freenet;;;;44,8;1549,00;1069,90;Gerätepreis ohne Vertrag;;2026-10-10;https://www.freenet.de/handys-smartphones/apple/iphone-air-ohne-vertrag/p/P-M-4234658?ds=P-4356800
Händler Barpreis;iPhone Air;Apple;1024;freenet;;;;55,2;2049,00;1319,90;Gerätepreis ohne Vertrag;;2026-10-10;https://www.freenet.de/handys-smartphones/apple/iphone-air-ohne-vertrag/p/P-M-4234658?ds=P-4356812
